
BBE ( SOL ) BBO
1	(  -2.6        2          2        )	21.160000 0.000000 -0.000000 
2	(  -3.6        3          3        )	43.560000 42.000000 -42.000000 
3	(  -1.6        3          2        )	22.160000 -3.000000 3.000000 
4	(  -1.6        2          3        )	13.960000 70.000000 -70.000000 
5	(  -2.6        1         -0        )	13.960000 -8.200000 8.200000 
6	(  -2.6       -2         -6        )	16.360000 1280.000000 -1280.000000 
7	(  -2.6        3          1        )	35.360000 -28.000000 28.000000 
8	(  -1.6        1          2        )	7.760000 9.800000 -9.800000 
9	(  -1.6        2          2        )	12.960000 5.000000 -5.000000 
10	(  -1.6        4          4        )	31.360000 225.800000 -225.800000 
11	(  -2.6        2          1        )	22.160000 -15.000000 15.000000 
12	(   1.4        2          2        )	0.360000 20.000000 -20.000000 
13	(  -0.6        2          2        )	6.760000 10.000000 -10.000000 
14	(  -3.6        2          2        )	31.360000 -5.000000 5.000000 
15	(  -2.6        2          3        )	22.160000 65.000000 -65.000000 
16	(  -2.6        3          2        )	32.360000 -13.000000 13.000000 
17	(  -2.6        1          3        )	16.960000 72.800000 -72.800000 
18	(   0.4        2          1        )	3.560000 0.000000 -0.000000 
19	(   6.4        2         -2        )	35.360000 45.000000 -45.000000 
20	(   3.4        2          0        )	5.960000 14.000000 -14.000000 
21	(   2.4        3          1        )	4.360000 22.000000 -22.000000 
22	(  -0.6        3          1        )	16.960000 -8.000000 8.000000 
23	(   5.4        1          2        )	20.360000 23.800000 -23.800000 
24	(   3.4        3         -1        )	16.160000 32.000000 -32.000000 
25	(  -1.6        1         -1        )	10.760000 -5.200000 5.200000 
26	(  -1.6        2          0        )	16.960000 -11.000000 11.000000 
27	(  -1.6        2          4        )	16.960000 245.000000 -245.000000 
28	(  -1.6        3          3        )	21.160000 62.000000 -62.000000 
29	(  -1.6        1.03       2        )	7.857800 9.702560 -9.702560 
30	(   2.4        1         -1        )	5.960000 2.800000 -2.800000 
31	(   8.4       -2         -7        )	133.160000 2440.000000 -2440.000000 
32	(   0.4        2         -1        )	11.560000 0.000000 -0.000000 
33	(   1.4        2          1        )	1.360000 5.000000 -5.000000 
34	(  -3.6        3          2        )	44.560000 -23.000000 23.000000 
35	(   1.4        2          0        )	4.360000 4.000000 -4.000000 
36	(   2.4        1          1        )	1.960000 2.800000 -2.800000 
37	(   8.4       -2          1        )	117.160000 40.000000 -40.000000 
38	(  -3.6        3         -0        )	52.560000 -39.000000 39.000000 
39	(   1.4        3          0        )	11.560000 11.000000 -11.000000 
40	(  -7.6        1          3        )	77.960000 62.800000 -62.800000 

BBE ( SOL ) BBO
41	(  -5.6        0         -1        )	32.360000 -7.600000 7.600000 
42	(  10.4        4          0        )	56.960000 173.800000 -173.800000 
43	(  -9.6        0          2        )	96.160000 3.400000 -3.400000 
44	(  13.4       -0          2        )	183.560000 26.400000 -26.400000 
45	(   0.4        3          1        )	10.760000 2.000000 -2.000000 
46	(   1.4        1          1        )	0.160000 0.800000 -0.800000 
47	(   0.4        6          1        )	56.360000 12.800000 -12.800000 
48	(  -0.6        3         -1        )	28.960000 -8.000000 8.000000 
49	(  -2.6        3         -0        )	40.360000 -29.000000 29.000000 
50	(   0.4        1          1        )	0.360000 -1.200000 1.200000 
51	(   0.4       -2          1        )	14.760000 0.000000 -0.000000 
52	(  -0.6        3          2        )	13.960000 7.000000 -7.000000 
53	(   3.4       -1         -1        )	19.360000 4.800000 -4.800000 
54	(  -1.6        1          1        )	6.760000 -5.200000 5.200000 
55	(  -1.6       -1          1        )	4.360000 -5.200000 5.200000 
56	(   0.4        2          0        )	6.560000 -1.000000 1.000000 
57	(  -0.6        0          1        )	1.360000 -2.600000 2.600000 
58	(   1.4        4          1        )	15.760000 21.800000 -21.800000 
59	(   5.4        0          1        )	30.160000 3.400000 -3.400000 
60	(   0.4        5         -3        )	85.160000 88.400000 -88.400000 
61	(  -4.6        0          1        )	22.160000 -6.600000 6.600000 
62	(  -0.6        3          0        )	21.960000 -9.000000 9.000000 
63	(   5.4        0          0        )	29.160000 2.400000 -2.400000 
64	(  -4.6        4          0        )	89.960000 -81.200000 81.200000 
65	(  -1.6       -0          1.03     )	3.620900 -3.474491 3.474491 
66	(   3.4       -1         -1.33     )	19.468900 6.929007 -6.929007 
67	(  -1.6        1          1.17     )	6.788900 -4.326113 4.326113 
68	(   1.4        1          1.13     )	0.176900 1.430474 -1.430474 
69	(   2.4        2          0.88     )	1.414400 9.599695 -9.599695 
70	(   0.4        2          1.5      )	2.810000 4.062500 -4.062500 
71	(   0.4        3         -0.18     )	16.872400 1.001050 -1.001050 
72	(   0.4        1          0.18     )	1.032400 -2.198950 2.198950 
73	(  -1.6        2          1.11     )	13.752100 -9.481930 9.481930 
74	(   0.4        1.96       1.03     )	3.298500 0.062149 -0.062149 
75	(   0.4        1.96       1.12     )	3.139200 0.510159 -0.510159 
76	(   0.4        0.96       1.26     )	0.403600 0.289114 -0.289114 
77	(   0.4        2          0.98     )	3.600400 -0.077632 0.077632 
78	(   1.4        1          1.19     )	0.196100 1.805339 -1.805339 
79	(  -0.6        0.96       1.18     )	2.482000 -2.214182 2.214182 
80	(   0.4        0.96       0.56     )	0.473600 -2.133015 2.133015 

BBE ( SOL ) BBO
81	(   1.4        0.96       1.53     )	0.518500 5.170053 -5.170053 
82	(  -0.6        3          0.81     )	17.756100 -8.569533 8.569533 
83	(   0.4        2.96       0.94     )	10.634000 1.685389 -1.685389 
84	(   0.4        1.84       1.12     )	2.592000 0.327759 -0.327759 
85	(   0.55       1.54       1.02     )	1.250500 -0.063188 0.063188 
86	(  -1.6       -0.63       1.64     )	6.093800 1.998908 -1.998908 
87	(  -0.1        1.31       1.18     )	2.005000 -1.332832 1.332832 
88	(   0.37       1.46       1.12     )	1.303700 -0.267789 0.267789 
89	(   0.9        1.84       0.95     )	1.675700 1.761546 -1.761546 
90	(   0.15       1.74       0.83     )	3.356200 -1.921277 1.921277 
91	(  -0.1        1.66       0.91     )	3.660100 -2.689810 2.689810 
92	(   0.9        2.34       1.09     )	3.636100 4.239622 -4.239622 
93	(   0.39       2.01       1.03     )	3.584800 0.091148 -0.091148 
94	(   0.35       1.76       1.12     )	2.397700 0.007679 -0.007679 
95	(   0.2        1.16       1.39     )	0.974500 1.202130 -1.202130 
96	(   0.34       0.96       1.23     )	0.457300 -0.057790 0.057790 
97	(   0.46       1.02       1.15     )	0.330500 -0.312410 0.312410 
98	(  -1.55      -0.43       1.55     )	5.174800 0.935411 -0.935411 
99	(  -0.13       1.21       1.23     )	1.796000 -1.031467 1.031467 
100	(   0.85       1.64       1.08     )	0.937700 1.496649 -1.496649 
101	(   0.26       1.26       1.19     )	1.004900 -0.321885 0.321885 
102	(   0.22       1.61       0.92     )	2.408200 -1.493345 1.493345 
103	(   0.9        1.95       0.96     )	2.082600 2.171597 -2.171597 
104	(  -0.1        2.05       1.04     )	5.642600 -2.350391 2.350391 
105	(   0.15       2.14       1.21     )	4.825000 -0.019471 0.019471 
106	(   0.29       2          1.11     )	3.716200 -0.031930 0.031930 
107	(   0.46       1.81       1.01     )	2.462500 0.007610 -0.007610 
108	(   0.66       1.57       0.88     )	1.304200 -0.113471 0.113471 
109	(   0.28       2          1.13     )	3.715300 0.030474 -0.030474 
110	(   0.61       1.61       1.08     )	1.280900 0.551670 -0.551670 
111	(   0.57       1.76       0.91     )	2.138600 0.021382 -0.021382 
112	(   0.26       1.62       0.98     )	2.259200 -1.135288 1.135288 
113	(   0.6        2.09       1        )	3.408200 1.220860 -1.220860 
114	(   0.2        1.91       1        )	3.752200 -1.070380 1.070380 
115	(   0.46       1.82       1.01     )	2.505700 0.024308 -0.024308 
116	(   0.79       1.96       0.68     )	3.007300 1.038678 -1.038678 
117	(   0.49       1.84       0.97     )	2.579400 0.034237 -0.034237 
118	(   0.46       1.87       0.98     )	2.780200 -0.009058 0.009058 
119	(   0.35       1.84       1.11     )	2.753000 0.053030 -0.053030 
120	(   0.43       1.86       1.01     )	2.767400 -0.041768 0.041768 

BBE ( SOL ) BBO
121	(   0.47       1.61       1.02     )	1.647700 -0.229281 0.229281 
122	(   0.66       1.8        0.94     )	2.039200 0.579149 -0.579149 
123	(   0.39       1.8        0.92     )	2.762500 -0.630007 0.630007 
124	(   0.32       1.78       0.91     )	2.888500 -0.980362 0.980362 
125	(   0.41       2.2        1.08     )	4.458500 0.754889 -0.754889 
126	(   0.4        2          1.0001   )	3.559800 0.000400 -0.000400 
127	(   0.45       1.81       1.0134   )	2.484172 -0.021068 0.021068 
128	(   0.49       2.11       0.8867   )	4.120863 0.289697 -0.289697 
129	(   0.39       1.85       1.0617   )	2.753017 -0.004630 0.004630 
130	(   0.45       1.9        1.0071   )	2.899770 0.103204 -0.103204 
131	(   0.44       1.9        0.9748   )	2.987595 -0.068653 0.068653 
132	(   0.5        2.05       0.9984   )	3.508363 0.594865 -0.594865 
133	(   0.4        2.01       1.05     )	3.513700 0.231546 -0.231546 
134	(   0.36       2.1        1.0254   )	4.182365 0.053137 -0.053137 
135	(   0.4        2          0.9994   )	3.561200 -0.002398 0.002398 
136	(   0.4        2          1.0004   )	3.559200 0.001601 -0.001601 
137	(   0.4        2          1.0002   )	3.559600 0.000800 -0.000800 
138	(   0.33       2.09       1.0312   )	4.218657 -0.097764 0.097764 
139	(   0.43       1.88       1.0153   )	2.850206 0.012411 -0.012411 
140	(   0.44       1.9        1.0367   )	2.876887 0.183481 -0.183481 
141	(   0.47       1.96       0.95     )	3.240200 0.090058 -0.090058 
142	(   0.33       1.95       1.0501   )	3.434220 -0.199206 0.199206 
143	(   0.3        1.93       0.9791   )	3.561111 -0.663545 0.663545 
144	(   0.47       2.05       0.9501   )	3.706180 0.260024 -0.260024 
145	(   0.4        2.01       0.9995   )	3.613210 0.014041 -0.014041 
146	(   0.397      1.9996     1.0039   )	3.559745 0.000056 -0.000056 
147	(   0.388      1.9984     1.0153   )	3.559874 0.000137 -0.000137 
148	(   0.4001     2.0001     0.9999   )	3.560400 0.000260 -0.000260 
149	(   0.4192     2.0408     0.9557   )	3.807029 -0.000658 0.000658 
150	(   0.3899     1.9986     1.0129   )	3.559520 -0.000076 0.000076 
151	(   0.4148     1.95       0.9614   )	3.334169 -0.153611 0.153611 
152	(   0.45       2.025      0.9869   )	3.558277 0.243902 -0.243902 
153	(   0.4283     1.9698     1.05     )	3.222254 0.305658 -0.305658 
154	(   0.347      2.0339     0.9708   )	3.975813 -0.329331 0.329331 
155	(   0.447      1.9653     1.037    )	3.166976 0.329913 -0.329913 
156	(   0.394      2.0121     1.0027   )	3.637136 -0.000029 0.000029 
157	(   0.376      2.0484     1.0108   )	3.873536 -0.002421 0.002421 
158	(   0.4003     2.0047     0.9978   )	3.587947 0.000263 -0.000263 
159	(   0.4162     1.9856     0.9854   )	3.463416 -0.000020 0.000020 
160	(   0.4862     1.9056     0.9354   )	2.955984 0.017322 -0.017322 

BBE ( SOL ) BBO
161	(   0.4462     2.0156     0.9154   )	3.673456 -0.038876 0.038876 
162	(   0.53       1.86       0.89     )	2.709800 -0.008990 0.008990 
163	(   0.41       2          0.99     )	3.548200 0.010596 -0.010596 
164	(   0.46       1.9        1.02     )	2.848000 0.203032 -0.203032 
165	(   0.31       1.97       1.1      )	3.512500 -0.022821 0.022821 
166	(   0.5162     1.9656     0.9354   )	3.162072 0.276160 -0.276160 
167	(   0.49       2.07       1.1      )	3.437300 1.053701 -1.053701 
168	(   0.3162     2.0056     1.0354   )	3.795360 -0.262609 0.262609 
169	(   0.4828     1.9061     0.9335   )	2.971734 -0.003706 0.003706 
170	(   0.4541     1.9128     0.9698   )	3.017055 0.000126 -0.000126 
171	(   0.3563     2.0999     1.0177   )	4.211298 0.000135 -0.000135 
172	(   0.4098     1.9989     0.9882   )	3.546753 0.000826 -0.000826 
173	(   0.4002     1.9994     1        )	3.556241 0.000040 -0.000040 
174	(   0.3859     1.95       1.0431   )	3.268876 0.037154 -0.037154 
175	(   0.45       1.9632     0.9736   )	3.269082 0.082878 -0.082878 
176	(   0.4662     1.9868     0.9814   )	3.323054 0.234116 -0.234116 
177	(   0.4482     2.0295     1.05     )	3.459930 0.509784 -0.509784 
178	(   0.3662     1.9844     0.9894   )	3.608596 -0.233492 0.233492 
179	(   0.3992     2.0006     0.9993   )	3.567084 -0.005839 0.005839 
180	(   0.3886     1.9985     1.0145   )	3.560034 -0.000057 0.000057 
181	(   0.4158     1.96       0.9961   )	3.313657 -0.002372 0.002372 
182	(   0.4066     1.9991     0.9921   )	3.550105 0.000309 -0.000309 
183	(   0.4018     1.9993     0.998    )	3.554608 -0.000101 0.000101 
184	(   0.402      1.98       0.9976   )	3.455194 -0.031565 0.031565 
185	(   0.42       2.0017     1.002    )	3.501175 0.110881 -0.110881 
186	(   0.4018     2.0026     0.98     )	3.608271 -0.064450 0.064450 
187	(   0.4354     1.9721     1.0054   )	3.295956 0.150524 -0.150524 
188	(   0.397      1.9991     0.9654   )	3.635260 -0.147810 0.147810 
189	(   0.3898     2.0044     1.0109   )	3.593975 0.000186 -0.000186 
190	(   0.4145     1.9873     0.9869   )	3.474500 0.000131 -0.000131 
191	(   0.4137     1.99       0.9867   )	3.491333 -0.000155 0.000155 
192	(   0.409      2.0008     0.99     )	3.555544 0.006905 -0.006905 
193	(   0.3994     1.99       0.9986   )	3.512882 -0.024524 0.024524 
194	(   0.4171     1.9876     0.9754   )	3.491019 -0.029952 0.029952 
195	(   0.4153     1.9836     0.9954   )	3.436104 0.031095 -0.031095 
196	(   0.39       2.0019     0.9911   )	3.619938 -0.082162 0.082162 
197	(   0.3967     2.0003     1.004    )	3.564147 0.000072 -0.000072 
198	(   0.397578   2.004457   1.001234 )	3.588516 -0.000069 0.000069 
199	(   0.415721   1.986363   0.985608 )	3.468427 -0.000332 0.000332 
200	(   0.4066     1.999067   0.992067 )	3.550000 0.000127 -0.000127 

BBE ( SOL ) BBO
201	(   0.4018     1.999317   0.998017 )	3.554662 -0.000006 0.000006 
202	(   0.405      1.996334   0.999489 )	3.526044 0.017024 -0.017024 
203	(   0.396436   1.995      1.001    )	3.543443 -0.021733 0.021733 
204	(   0.400817   2.000418   1.005    )	3.549580 0.024906 -0.024906 
205	(   0.3968     1.998308   1.002473 )	3.556515 -0.008756 0.008756 
206	(   0.4068     2.000326   0.993561 )	3.552901 0.009022 -0.009022 
207	(   0.399957   2.002232   0.999159 )	3.573441 -0.000002 0.000002 
208	(   0.399828   2.008928   0.996636 )	3.613938 0.000062 -0.000062 
209	(   0.399388   2.004312   0.99904  )	3.586353 0.000002 -0.000002 
210	(   0.41       1.990286   0.991354 )	3.495169 -0.000030 0.000030 
211	(   0.397763   2.005046   1.000782 )	3.591905 -0.000015 0.000015 
212	(   0.400791   2.000749   0.998708 )	3.563953 -0.000002 0.000002 
213	(   0.403191   2.002949   0.994808 )	3.575575 0.000108 -0.000108 
214	(   0.388391   1.997949   1.015008 )	3.556851 0.000168 -0.000168 
215	(   0.402      2.0004     0.9973   )	3.561092 -0.000113 0.000113 
216	(   0.4011     1.9977     0.9995   )	3.545535 -0.000186 0.000186 
217	(   0.3998     2.0027     0.9992   )	3.576301 0.000125 -0.000125 
218	(   0.3998     1.99       1.0005   )	3.507846 -0.014951 0.014951 
219	(   0.41       2.0003     1.0097   )	3.510342 0.089860 -0.089860 
220	(   0.4097     1.9994     0.99     )	3.546034 0.008113 -0.008113 
221	(   0.390791   1.997449   0.995408 )	3.585437 -0.068272 0.068272 
222	(   0.410791   2.004049   1.002008 )	3.542558 0.068671 -0.068671 
223	(   0.3968     2.0024     1.003    )	3.576752 -0.000134 0.000134 
224	(   0.403164   2.002997   0.994832 )	3.575862 0.000144 -0.000144 
225	(   0.399657   2.00329    0.999111 )	3.580014 -0.000002 0.000002 
226	(   0.399444   2.001845   0.999958 )	3.571467 0.000001 -0.000001 
227	(   0.4002     1.999497   0.999952 )	3.556841 0.000003 -0.000003 
228	(   0.400018   2.001548   0.999357 )	3.569285 -0.000002 0.000002 
229	(   0.402958   1.995      0.99776  )	3.529085 -0.002189 0.002189 
230	(   0.405      2.001682   1.002848 )	3.547063 0.039167 -0.039167 
231	(   0.401747   2.003273   0.995    )	3.581500 -0.005852 0.005852 
232	(   0.395901   1.996845   1.002134 )	3.552472 -0.016924 0.016924 
233	(   0.402987   2.006845   0.997782 )	3.590569 0.017145 -0.017145 
234	(   0.399531   2.000528   1.000374 )	3.563499 -0.000004 0.000004 
235	(   0.397776   2.00738    0.999832 )	3.605978 -0.000028 0.000028 
236	(   0.400669   1.997122   1.000316 )	3.542284 0.000000 -0.000000 
237	(   0.402669   1.988522   1.001264 )	3.489608 -0.000024 0.000024 
238	(   0.397744   2.007345   0.999832 )	3.605898 -0.000245 0.000245 
239	(   0.412169   1.981422   0.99232  )	3.440878 -0.000009 0.000009 
240	(   0.394744   1.993445   1.009076 )	3.524827 0.000188 -0.000188 

BBE ( SOL ) BBO
241	(   0.399269   1.998522   1.001475 )	3.551713 -0.000102 0.000102 
242	(   0.400369   2.000222   0.9994   )	3.561174 -0.000197 0.000197 
243	(   0.402569   1.987522   0.995316 )	3.496549 -0.025790 0.025790 
244	(   0.410669   1.991122   1.004154 )	3.471938 0.055514 -0.055514 
245	(   0.409444   1.995945   0.99505  )	3.518776 0.020932 -0.020932 
246	(   0.390669   1.988622   1.003469 )	3.523980 -0.050436 0.050436 
247	(   0.389444   2.007745   1.004866 )	3.624664 -0.021085 0.021085 
248	(   0.396169   2.009122   1.001294 )	3.617335 0.000520 -0.000520 
249	(   0.402676   1.988488   1.001264 )	3.489411 -0.000043 0.000043 
250	(   0.402167   1.994521   0.999492 )	3.525674 0.000003 -0.000003 
251	(   0.400457   1.999202   0.999748 )	3.554894 -0.000001 0.000001 
252	(   0.403457   1.991302   0.999118 )	3.505681 -0.000245 0.000245 
253	(   0.389469   2.008522   1.009695 )	3.618988 -0.000003 0.000003 
254	(   0.404757   1.985002   1.000158 )	3.467092 0.000226 -0.000226 
255	(   0.401269   1.995722   1.000085 )	3.533574 -0.000174 0.000174 
256	(   0.399869   2.000322   0.99999  )	3.562114 -0.000180 0.000180 
257	(   0.400869   1.987122   1.00417  )	3.482393 0.000547 -0.000547 
258	(   0.401169   1.989422   0.995316 )	3.510794 -0.029689 0.029689 
259	(   0.410669   1.997522   1.000412 )	3.512331 0.050926 -0.050926 
260	(   0.394857   1.990702   0.994748 )	3.538646 -0.061209 0.061209 
261	(   0.406057   2.007702   1.004748 )	3.571183 0.061947 -0.061947 
262	(   0.400469   1.997422   1.000411 )	3.544290 -0.000137 0.000137 
263	(   0.403496   1.991273   0.999118 )	3.505407 -0.000098 0.000098 
264	(   0.399331   2.000163   1.00077  )	3.561449 -0.000001 0.000001 
265	(   0.402145   1.992677   1.000259 )	3.514685 0.000003 -0.000003 
266	(   0.40142    1.997386   0.999273 )	3.543337 0.000001 -0.000001 
267	(   0.402464   1.995998   0.998524 )	3.534305 -0.000007 0.000007 
268	(   0.402669   1.988488   1.001264 )	3.489434 -0.000078 0.000078 
269	(   0.40372    1.998178   0.996144 )	3.546368 0.000324 -0.000324 
270	(   0.39142    2.004282   1.008885 )	3.592140 -0.000172 0.000172 
271	(   0.405769   1.995362   0.994571 )	3.528389 -0.000214 0.000214 
272	(   0.400969   1.997137   0.999978 )	3.542078 0.000168 -0.000168 
273	(   0.400569   1.998686   0.999806 )	3.551739 -0.000035 0.000035 
274	(   0.406169   1.992122   1.000261 )	3.499035 0.019115 -0.019115 
275	(   0.40682    1.992437   0.994273 )	3.510513 -0.000896 0.000896 
276	(   0.410669   1.999895   1.000102 )	3.525225 0.053581 -0.053581 
277	(   0.401069   1.99717    1.005316 )	3.531313 0.022242 -0.022242 
278	(   0.39602    2.002335   1.004273 )	3.576376 0.001003 -0.001003 
279	(   0.396469   2.000724   1.000204 )	3.574674 -0.015690 0.015690 
280	(   0.403673   1.998178   0.996144 )	3.546518 0.000089 -0.000089 

BBE ( SOL ) BBO
281	(   0.403482   1.994643   0.997799 )	3.525492 0.000001 -0.000001 
282	(   0.411882   1.987206   0.990248 )	3.475571 -0.000042 0.000042 
283	(   0.399382   2.002896   0.999643 )	3.577774 0.000113 -0.000113 
284	(   0.402869   2.004059   0.994773 )	3.582468 0.000148 -0.000148 
285	(   0.401369   1.997124   0.99947  )	3.541748 0.000113 -0.000113 
286	(   0.401369   1.997321   0.999322 )	3.543065 -0.000162 0.000162 
287	(   0.410669   1.996021   1.000844 )	3.503718 0.050196 -0.050196 
288	(   0.397869   1.993205   1.005316 )	3.521022 -0.000017 0.000017 
289	(   0.400882   1.989643   0.999036 )	3.505464 -0.016005 0.016005 
290	(   0.399369   1.992122   0.996213 )	3.528697 -0.030777 0.030777 
291	(   0.406082   1.999643   0.996562 )	3.545609 0.016149 -0.016149 
292	(   0.399869   1.998315   1.001055 )	3.549557 0.000878 -0.000878 
293	(   0.411921   1.987206   0.990248 )	3.475448 0.000151 -0.000151 
294	(   0.402794   1.99904    0.996878 )	3.552330 -0.000006 0.000006 
295	(   0.402955   1.996574   0.997677 )	3.537417 -0.000002 0.000002 
296	(   0.401347   1.997124   0.99947  )	3.541818 0.000003 -0.000003 
297	(   0.401402   1.997321   0.999322 )	3.542959 0.000002 -0.000002 
298	(   0.405669   1.996458   1.000988 )	3.521570 0.026560 -0.026560 
299	(   0.40345    1.993525   0.995799 )	3.523796 -0.009881 0.009881 
300	(   0.403514   1.995761   0.999799 )	3.527191 0.009932 -0.009932 
301	(   0.399738   1.995122   0.999447 )	3.536619 -0.011310 0.011310 
302	(   0.398406   1.996421   1.002316 )	3.541897 -0.004372 0.004372 
303	(   0.400586   1.997958   1.00052  )	3.546480 0.001741 -0.001741 
304	(   0.402333   1.995922   0.998733 )	3.533911 0.000050 -0.000050 
305	(   0.400383   1.997106   1.000676 )	3.542397 -0.000010 0.000010 
306	(   0.403408   1.993643   0.998253 )	3.519649 -0.000171 0.000171 
307	(   0.403556   1.995643   0.997345 )	3.531340 0.000177 -0.000177 
308	(   0.402669   1.99624    1.000156 )	3.531652 0.007919 -0.007919 
309	(   0.400417   1.996798   1.001316 )	3.539417 0.002235 -0.002235 
310	(   0.402574   1.998122   1.00076  )	3.540504 0.012891 -0.012891 
311	(   0.400632   1.997124   1.000303 )	3.542439 -0.000233 0.000233 
312	(   0.411921   1.987206   0.990248 )	3.475449 0.000151 -0.000151 
313	(   0.400525   1.997206   1.000464 )	3.542886 0.000011 -0.000011 
314	(   0.403456   1.993874   0.997596 )	3.522000 -0.002175 0.002175 
315	(   0.401347   1.997124   0.99947  )	3.541817 0.000004 -0.000004 
316	(   0.401402   1.997321   0.999322 )	3.542956 0.000003 -0.000003 
317	(   0.400245   1.996834   1.000816 )	3.541150 -0.000571 0.000571 
318	(   0.404482   1.994286   0.997583 )	3.520896 0.003545 -0.003545 
319	(   0.402482   1.995      0.998015 )	3.530091 -0.003545 0.003545 
320	(   0.401669   1.996934   1.00042  )	3.537912 0.005104 -0.005104 

BBE ( SOL ) BBO
321	(   0.400434   1.996622   0.999978 )	3.541115 -0.003322 0.003322 
322	(   0.400669   1.997138   1.000318 )	3.542365 0.000032 -0.000032 
323	(   0.403593   1.994656   0.997826 )	3.525153 0.000683 -0.000683 
324	(   0.401177   1.997415   1.000545 )	3.541723 0.003924 -0.003924 
325	(   0.40098    1.997429   0.999804 )	3.543902 -0.000004 0.000004 
326	(   0.401255   1.9972     0.999553 )	3.542339 0.000001 -0.000001 
327	(   0.400255   1.99715    1.000516 )	3.543351 -0.001218 0.001218 
328	(   0.403878   1.994443   0.997815 )	3.523165 0.001713 -0.001713 
329	(   0.403086   1.994843   0.997783 )	3.527819 -0.001712 0.001712 
330	(   0.401103   1.996922   1.000487 )	3.539520 0.002532 -0.002532 
331	(   0.401024   1.997322   1.000406 )	3.542011 0.002449 -0.002449 
332	(   0.400665   1.997122   1.000311 )	3.542304 -0.000037 0.000037 
333	(   0.400648   1.997122   1.00046  )	3.542063 0.000473 -0.000473 
334	(   0.40333    1.994585   0.997801 )	3.525670 -0.000842 0.000842 
335	(   0.401553   1.997395   0.999106 )	3.543288 0.000015 -0.000015 
336	(   0.400676   1.997178   1.000284 )	3.542619 -0.000007 0.000007 
337	(   0.40059    1.997022   1.000258 )	3.542134 -0.000786 0.000786 
338	(   0.403317   1.994543   0.99784  )	3.525415 -0.000815 0.000815 
339	(   0.403647   1.994743   0.997758 )	3.525568 0.000817 -0.000817 
340	(   0.400869   1.997062   1.000352 )	3.541261 0.001046 -0.001046 
341	(   0.400554   1.997086   1.000416 )	3.542268 -0.000231 0.000231 
342	(   0.40067    1.997125   1.000316 )	3.542298 0.000007 -0.000007 
343	(   0.403491   1.994627   0.997806 )	3.525369 0.000046 -0.000046 
344	(   0.400707   1.997051   1.000284 )	3.541860 -0.000050 0.000050 
345	(   0.40096    1.997177   0.999934 )	3.542404 0.000012 -0.000012 
346	(   0.400527   1.997124   1.000491 )	3.542399 -0.000005 0.000005 
347	(   0.400568   1.997069   1.000465 )	3.542035 0.000008 -0.000008 
348	(   0.400649   1.997151   1.000329 )	3.542473 -0.000003 0.000003 
349	(   0.40056    1.99714    1.000441 )	3.542473 -0.000012 0.000012 
350	(   0.400642   1.997129   1.000347 )	3.542342 0.000002 -0.000002 
351	(   0.400698   1.997072   1.00032  )	3.541923 0.000083 -0.000083 
352	(   0.400677   1.997127   1.000366 )	3.542187 0.000249 -0.000249 
353	(   0.40343    1.99468    0.997749 )	3.525950 -0.000396 0.000396 
354	(   0.403534   1.994606   0.997849 )	3.525034 0.000398 -0.000398 
355	(   0.400569   1.997108   1.000322 )	3.542519 -0.000499 0.000499 
356	(   0.40067    1.997123   1.000315 )	3.542288 -0.000001 0.000001 
357	(   0.40349    1.994609   0.997817 )	3.525254 0.000057 -0.000057 
358	(   0.400626   1.997118   1.000346 )	3.542338 -0.000098 0.000098 
359	(   0.400672   1.997098   1.000323 )	3.542136 0.000004 -0.000004 
360	(   0.400655   1.997138   1.000327 )	3.542389 -0.000001 0.000001 

BBE ( SOL ) BBO
361	(   0.400696   1.997102   1.000311 )	3.542103 0.000086 -0.000086 
362	(   0.403532   1.994654   0.99779  )	3.525409 0.000234 -0.000234 
363	(   0.403432   1.994632   0.997808 )	3.525575 -0.000232 0.000232 
364	(   0.400719   1.997133   1.000317 )	3.542178 0.000271 -0.000271 
365	(   0.400671   1.997118   1.000336 )	3.542216 0.000087 -0.000087 
366	(   0.400667   1.997123   1.000316 )	3.542296 -0.000008 0.000008 
367	(   0.400663   1.997102   1.000325 )	3.542184 -0.000028 0.000028 
368	(   0.40346    1.994613   0.997816 )	3.525375 -0.000091 0.000091 
369	(   0.400686   1.997126   1.000292 )	3.542299 -0.000003 0.000003 
370	(   0.400653   1.997128   1.000333 )	3.542331 0.000001 -0.000001 
371	(   0.40348    1.994653   0.997796 )	3.525556 -0.000006 0.000006 
372	(   0.403484   1.994633   0.997802 )	3.525427 0.000008 -0.000008 
373	(   0.400689   1.997115   1.000326 )	3.542164 0.000128 -0.000128 
374	(   0.400681   1.997116   1.000306 )	3.542238 0.000009 -0.000009 
375	(   0.400685   1.997132   1.000315 )	3.542287 0.000093 -0.000093 
376	(   0.400644   1.99712    1.000327 )	3.542330 -0.000083 0.000083 
377	(   0.403481   1.994643   0.9978   )	3.525492 -0.000001 0.000001 
378	(   0.400665   1.997115   1.000315 )	3.542262 -0.000033 0.000033 
379	(   0.400673   1.997111   1.000315 )	3.542213 0.000002 -0.000002 
380	(   0.400659   1.997131   1.000324 )	3.542345 -0.000000 0.000000 
381	(   0.400672   1.997117   1.000317 )	3.542249 0.000009 -0.000009 
382	(   0.400679   1.997124   1.000317 )	3.542258 0.000058 -0.000058 
383	(   0.400672   1.997122   1.000311 )	3.542283 -0.000006 0.000006 
384	(   0.403491   1.994639   0.997804 )	3.525433 0.000061 -0.000061 
385	(   0.403473   1.994647   0.997794 )	3.525550 -0.000059 0.000059 
386	(   0.400664   1.997122   1.00032  )	3.542293 -0.000008 0.000008 
387	(   0.400669   1.997122   1.000316 )	3.542284 0.000001 -0.000001 
388	(   0.40348    1.994641   0.997804 )	3.525478 0.000005 -0.000005 
389	(   0.400662   1.997127   1.000323 )	3.542321 0.000001 -0.000001 
390	(   0.400668   1.997124   1.000317 )	3.542296 -0.000000 0.000000 
391	(   0.400662   1.997129   1.000322 )	3.542333 -0.000001 0.000001 
392	(   0.400667   1.997124   1.000318 )	3.542296 0.000001 -0.000001 
393	(   0.403482   1.994641   0.997799 )	3.525480 -0.000000 0.000000 
394	(   0.403484   1.994635   0.997799 )	3.525445 -0.000003 0.000003 
395	(   0.403484   1.994633   0.9978   )	3.525433 -0.000003 0.000003 
396	(   0.403481   1.994636   0.997802 )	3.525453 -0.000002 0.000002 
397	(   0.403483   1.994648   0.997796 )	3.525522 0.000002 -0.000002 
398	(   0.403481   1.994639   0.997801 )	3.525470 -0.000001 0.000001 
399	(   0.403483   1.99464    0.997799 )	3.525470 0.000001 -0.000001 
400	(   0.403482   1.994637   0.9978   )	3.525455 -0.000001 0.000001 

BBE ( SOL ) BBO
401	(   0.403483   1.994634   0.997801 )	3.525437 -0.000002 0.000002 
402	(   0.403481   1.994639   0.997801 )	3.525467 -0.000002 0.000002 
403	(   0.403483   1.994639   0.9978   )	3.525469 0.000000 -0.000000 
404	(   0.403484   1.994639   0.997799 )	3.525466 0.000000 -0.000000 
405	(   0.403485   1.994639   0.997797 )	3.525463 0.000001 -0.000001 
406	(   0.403483   1.994643   0.997798 )	3.525488 0.000001 -0.000001 
407	(   0.403483   1.994638   0.9978   )	3.525463 -0.000000 0.000000 
408	(   0.403483   1.994637   0.9978   )	3.525452 0.000000 -0.000000 
409	(   0.403484   1.994634   0.9978   )	3.525438 0.000000 -0.000000 
410	(   0.403484   1.994635   0.997799 )	3.525442 -0.000000 0.000000 
411	(   0.403484   1.994633   0.997801 )	3.525430 -0.000001 0.000001 
412	(   0.403484   1.994637   0.997799 )	3.525457 -0.000000 0.000000 
413	(   0.403485   1.994633   0.997799 )	3.525428 0.000000 -0.000000 
414	(   0.403486   1.99463    0.997799 )	3.525411 0.000001 -0.000001 
415	(   0.403485   1.994631   0.9978   )	3.525416 0.000000 -0.000000 
416	(   0.403486   1.994627   0.9978   )	3.525395 0.000000 -0.000000 
417	(   0.403486   1.994628   0.9978   )	3.525399 0.000001 -0.000001 
418	(   0.403485   1.994633   0.997799 )	3.525431 -0.000000 0.000000 
419	(   0.403485   1.99463    0.997801 )	3.525410 0.000002 -0.000002 
420	(   0.403489   1.994617   0.997801 )	3.525334 0.000000 -0.000000 
421	(   0.403496   1.994587   0.997804 )	3.525149 0.000001 -0.000001 
422	(   0.403519   1.994498   0.997813 )	3.524595 0.000002 -0.000002 
423	(   0.403502   1.994592   0.997794 )	3.525175 -0.000001 0.000001 
424	(   0.403533   1.994498   0.997793 )	3.524588 -0.000002 0.000002 
425	(   0.403488   1.994618   0.997801 )	3.525335 0.000000 -0.000000 
426	(   0.403493   1.994567   0.9978   )	3.525061 -0.000059 0.000059 
427	(   0.403539   1.994623   0.997787 )	3.525231 0.000204 -0.000204 
428	(   0.403522   1.994619   0.997821 )	3.525195 0.000251 -0.000251 
429	(   0.403546   1.994601   0.997816 )	3.525033 0.000319 -0.000319 
430	(   0.403446   1.994574   0.997792 )	3.525265 -0.000318 0.000318 
431	(   0.403485   1.994618   0.997802 )	3.525344 -0.000014 0.000014 
432	(   0.403492   1.994567   0.997817 )	3.525032 -0.000000 0.000000 
433	(   0.40348    1.994507   0.997856 )	3.524683 -0.000003 0.000003 
434	(   0.403508   1.994498   0.997826 )	3.524604 0.000001 -0.000001 
435	(   0.403542   1.994228   0.997891 )	3.522967 -0.000001 0.000001 
436	(   0.403646   1.993419   0.998089 )	3.518061 -0.000004 0.000004 
437	(   0.403597   1.994228   0.997823 )	3.522930 -0.000001 0.000001 
438	(   0.403761   1.994228   0.997617 )	3.522818 -0.000001 0.000001 
439	(   0.40348    1.994507   0.997856 )	3.524682 -0.000002 0.000002 
440	(   0.404254   1.994228   0.997    )	3.522481 0.000003 -0.000003 

BBE ( SOL ) BBO
441	(   0.403885   1.994151   0.997494 )	3.522272 0.000004 -0.000004 
442	(   0.403745   1.994512   0.997522 )	3.524528 0.000000 -0.000000 
443	(   0.404504   1.994346   0.996638 )	3.523018 0.000006 -0.000006 
444	(   0.404254   1.994228   0.997    )	3.522480 0.000004 -0.000004 
445	(   0.403588   1.99484    0.997586 )	3.526597 -0.000000 0.000000 
446	(   0.404491   1.994746   0.996489 )	3.525426 -0.000004 0.000004 
447	(   0.403662   1.994514   0.997625 )	3.524596 -0.000001 0.000001 
448	(   0.403532   1.994592   0.997757 )	3.525149 0.000001 -0.000001 
449	(   0.402989   1.994054   0.998522 )	3.522571 -0.000523 0.000523 
450	(   0.405761   1.993801   0.997009 )	3.515463 0.006849 -0.006849 
451	(   0.405745   1.994681   0.99821  )	3.517672 0.012964 -0.012964 
452	(   0.405282   1.994012   0.996896 )	3.518303 0.004360 -0.004360 
453	(   0.401761   1.994655   0.998225 )	3.530185 -0.006853 0.006853 
454	(   0.403684   1.994537   0.997516 )	3.524865 -0.000286 0.000286 
455	(   0.404504   1.994346   0.996639 )	3.523017 0.000007 -0.000007 
456	(   0.40403    1.994377   0.997219 )	3.523526 -0.000002 0.000002 
457	(   0.402994   1.994382   0.998515 )	3.524265 0.000001 -0.000001 
458	(   0.403662   1.994514   0.997625 )	3.524596 -0.000001 0.000001 
459	(   0.403532   1.994592   0.997757 )	3.525149 0.000002 -0.000002 
460	(   0.404745   1.994442   0.997364 )	3.521300 0.004238 -0.004238 
461	(   0.40408    1.994523   0.998022 )	3.522521 0.003672 -0.003672 
462	(   0.403443   1.994312   0.9976   )	3.524300 -0.001518 0.001518 
463	(   0.402932   1.994136   0.997117 )	3.525977 -0.006259 0.006259 
464	(   0.40459    1.99432    0.998117 )	3.519660 0.006260 -0.006260 
465	(   0.40374    1.994518   0.997517 )	3.524587 -0.000037 0.000037 
466	(   0.404254   1.994228   0.997    )	3.522482 0.000001 -0.000001 
467	(   0.405732   1.994228   0.995148 )	3.521481 0.000037 -0.000037 
468	(   0.403803   1.994535   0.99744  )	3.524628 0.000002 -0.000002 
469	(   0.404504   1.99431    0.996639 )	3.522834 -0.000051 0.000051 
470	(   0.403924   1.994412   0.997652 )	3.523183 0.001245 -0.001245 
471	(   0.404745   1.994535   0.997628 )	3.521258 0.005435 -0.005435 
472	(   0.403484   1.994533   0.998022 )	3.524472 0.000722 -0.000722 
473	(   0.403519   1.994185   0.9965   )	3.525598 -0.005706 0.005706 
474	(   0.404989   1.99427    0.9975   )	3.519368 0.005711 -0.005711 
475	(   0.403616   1.9946     0.99731  )	3.525820 -0.001343 0.001343 
476	(   0.404504   1.994346   0.996639 )	3.523017 0.000007 -0.000007 
477	(   0.405731   1.994228   0.995148 )	3.521482 0.000035 -0.000035 
478	(   0.403923   1.994416   0.997338 )	3.523835 -0.000002 0.000002 
479	(   0.404254   1.994228   0.996953 )	3.522575 -0.000184 0.000184 
480	(   0.403662   1.994514   0.997625 )	3.524595 0.000000 -0.000000 

BBE ( SOL ) BBO
481	(   0.403616   1.994484   0.997722 )	3.524395 0.000110 -0.000110 
482	(   0.404754   1.994221   0.996878 )	3.521103 0.001996 -0.001996 
483	(   0.404219   1.994462   0.99746  )	3.522885 0.002033 -0.002033 
484	(   0.403754   1.994234   0.997122 )	3.523862 -0.001994 0.001994 
485	(   0.403245   1.994475   0.997389 )	3.526194 -0.003078 0.003078 
486	(   0.403874   1.994541   0.997324 )	3.524661 -0.000098 0.000098 
487	(   0.403748   1.994502   0.99751  )	3.524492 -0.000050 0.000050 
488	(   0.403778   1.994445   0.997509 )	3.524103 -0.000000 0.000000 
489	(   0.403922   1.994358   0.997362 )	3.523488 -0.000000 0.000000 
490	(   0.404356   1.994099   0.996924 )	3.521644 0.000001 -0.000001 
491	(   0.404356   1.994099   0.996924 )	3.521642 0.000003 -0.000003 
492	(   0.405657   1.993322   0.995608 )	3.516115 0.000015 -0.000015 
493	(   0.404114   1.994146   0.997208 )	3.522089 -0.000001 0.000001 
494	(   0.403267   1.994537   0.998111 )	3.525002 0.000001 -0.000001 
495	(   0.403967   1.994363   0.997304 )	3.523487 -0.000002 0.000002 
496	(   0.403738   1.994476   0.997545 )	3.524319 -0.000002 0.000002 
497	(   0.404922   1.994345   0.997402 )	3.520159 0.005110 -0.005110 
498	(   0.403762   1.994299   0.997862 )	3.522694 0.001094 -0.001094 
499	(   0.404013   1.994458   0.997666 )	3.523111 0.001820 -0.001820 
500	(   0.405356   1.994106   0.997115 )	3.518121 0.005747 -0.005747 
501	(   0.403356   1.994092   0.996733 )	3.525169 -0.005745 0.005745 
502	(   0.403927   1.994364   0.997308 )	3.523608 -0.000183 0.000183 
503	(   0.405656   1.993322   0.995608 )	3.516116 0.000012 -0.000012 
504	(   0.403698   1.994434   0.997613 )	3.524093 0.000002 -0.000002 
505	(   0.404219   1.994086   0.996956 )	3.521944 -0.000571 0.000571 
506	(   0.403968   1.994363   0.997304 )	3.523485 0.000000 -0.000000 
507	(   0.40412    1.994288   0.997143 )	3.522931 0.000000 -0.000000 
508	(   0.404578   1.994062   0.99666  )	3.521267 0.000003 -0.000003 
509	(   0.403867   1.994151   0.997517 )	3.522285 0.000003 -0.000003 
510	(   0.404565   1.994208   0.996616 )	3.522157 -0.000000 0.000000 
511	(   0.405657   1.993322   0.995608 )	3.516115 0.000013 -0.000013 
512	(   0.4059     1.993971   0.995035 )	3.519842 0.000014 -0.000014 
513	(   0.404459   1.994231   0.99674  )	3.522362 -0.000000 0.000000 
514	(   0.404648   1.994253   0.996494 )	3.522370 -0.000001 0.000001 
515	(   0.404795   1.994122   0.996362 )	3.521483 -0.000001 0.000001 
516	(   0.404174   1.994303   0.997068 )	3.522986 -0.000003 0.000003 
517	(   0.405485   1.993861   0.9956   )	3.519465 0.000000 -0.000000 
518	(   0.405495   1.993862   0.9956   )	3.519435 0.000051 -0.000051 
519	(   0.407585   1.99308    0.993314 )	3.513328 0.000187 -0.000187 
520	(   0.406695   1.992615   0.994535 )	3.511304 -0.000198 0.000198 

BBE ( SOL ) BBO
521	(   0.401685   1.992571   1.000886 )	3.514359 0.000061 -0.000061 
522	(   0.405585   1.993912   0.995494 )	3.519622 0.000162 -0.000162 
523	(   0.404485   1.994194   0.996731 )	3.522108 0.000034 -0.000034 
524	(   0.408785   1.992861   0.995571 )	3.503885 0.014675 -0.014675 
525	(   0.405385   1.993854   1.0006   )	3.509789 0.019378 -0.019378 
526	(   0.414295   1.993122   0.995007 )	3.488926 0.040274 -0.040274 
527	(   0.395485   1.993533   0.995561 )	3.549707 -0.050426 0.050426 
528	(   0.395295   1.995122   0.997717 )	3.554261 -0.040329 0.040329 
529	(   0.403485   1.994525   0.992754 )	3.534955 -0.020068 0.020068 
530	(   0.407555   1.99308    0.993314 )	3.513423 0.000038 -0.000038 
531	(   0.405284   1.993977   0.995807 )	3.520286 0.000004 -0.000004 
532	(   0.404673   1.993976   0.996575 )	3.520691 -0.000001 0.000001 
533	(   0.402273   1.994319   0.9995   )	3.524273 0.000239 -0.000239 
534	(   0.398273   1.992909   1.004913 )	3.518998 -0.000114 0.000114 
535	(   0.400985   1.992128   1.001949 )	3.512192 0.000144 -0.000144 
536	(   0.415485   1.993522   0.993757 )	3.489732 0.041939 -0.041939 
537	(   0.408685   1.993721   1.0006   )	3.498630 0.035580 -0.035580 
538	(   0.401985   1.992861   0.995463 )	3.525691 -0.019557 0.019557 
539	(   0.405073   1.994454   1.001575 )	3.511939 0.022707 -0.022707 
540	(   0.404273   1.993498   0.991575 )	3.529484 -0.022408 0.022408 
541	(   0.405485   1.99409    0.994656 )	3.522536 -0.003351 0.003351 
542	(   0.402237   1.994319   0.9995   )	3.524388 0.000060 -0.000060 
543	(   0.405323   1.992886   0.996202 )	3.513737 -0.000002 0.000002 
544	(   0.404813   1.994622   0.996135 )	3.524470 -0.000001 0.000001 
545	(   0.405553   1.993913   0.995494 )	3.519727 0.000004 -0.000004 
546	(   0.404478   1.994194   0.996731 )	3.522129 -0.000001 0.000001 
547	(   0.408503   1.994127   0.9976   )	3.507271 0.023369 -0.023369 
548	(   0.408553   1.994361   0.993795 )	3.515921 0.008974 -0.008974 
549	(   0.410485   1.99347    0.995226 )	3.502333 0.022762 -0.022762 
550	(   0.409673   1.993772   0.997424 )	3.502078 0.027912 -0.027912 
551	(   0.399673   1.994179   0.995726 )	3.539359 -0.027913 0.027913 
552	(   0.405336   1.993859   0.995607 )	3.519913 -0.000717 0.000717 
553	(   0.403931   1.993996   0.997499 )	3.521311 0.000002 -0.000002 
554	(   0.404479   1.993525   0.997003 )	3.518123 0.000003 -0.000003 
555	(   0.407108   1.993844   0.9966   )	3.512227 0.012001 -0.012001 
556	(   0.405621   1.993661   0.995459 )	3.518280 -0.000203 0.000203 
557	(   0.407485   1.993897   0.994804 )	3.514892 0.006872 -0.006872 
558	(   0.402726   1.993776   0.996429 )	3.526139 -0.010588 0.010588 
559	(   0.40662    1.994176   0.996721 )	3.515248 0.010590 -0.010590 
560	(   0.405412   1.993905   0.995632 )	3.519860 -0.000165 0.000165 

BBE ( SOL ) BBO
561	(   0.403948   1.993961   0.997491 )	3.521094 0.000002 -0.000002 
562	(   0.404738   1.993947   0.99654  )	3.520407 0.000139 -0.000139 
563	(   0.405553   1.993913   0.995494 )	3.519726 0.000006 -0.000006 
564	(   0.404478   1.994194   0.996731 )	3.522129 -0.000002 0.000002 
565	(   0.405678   1.993761   0.995682 )	3.518171 0.001123 -0.001123 
566	(   0.406485   1.993877   0.995502 )	3.516567 0.004616 -0.004616 
567	(   0.405649   1.993881   0.9961   )	3.518047 0.002823 -0.002823 
568	(   0.405673   1.993901   0.996184 )	3.517905 0.003308 -0.003308 
569	(   0.403673   1.994051   0.996966 )	3.523479 -0.003308 0.003308 
570	(   0.405449   1.993874   0.995585 )	3.519672 -0.000216 0.000216 
571	(   0.404637   1.994012   0.996627 )	3.520888 0.000084 -0.000084 
572	(   0.405375   1.993763   0.995507 )	3.519492 -0.001073 0.001073 
573	(   0.405      1.994225   0.996062 )	3.521964 -0.000001 0.000001 
574	(   0.404755   1.994038   0.996447 )	3.521009 -0.000001 0.000001 
575	(   0.405571   1.993911   0.995602 )	3.519448 0.000513 -0.000513 
576	(   0.405435   1.993862   0.9958   )	3.519226 0.000543 -0.000543 
577	(   0.404851   1.993992   0.996775 )	3.519809 0.001704 -0.001704 
578	(   0.404985   1.99387    0.99558  )	3.521138 -0.002553 0.002553 
579	(   0.404495   1.99396    0.996375 )	3.521573 -0.001705 0.001705 
580	(   0.405578   1.993854   0.995544 )	3.519244 0.000230 -0.000230 
581	(   0.404694   1.993977   0.996547 )	3.520686 -0.000007 0.000007 
582	(   0.405412   1.993865   0.995708 )	3.519497 0.000070 -0.000070 
583	(   0.405329   1.993921   0.995773 )	3.519926 -0.000000 0.000000 
584	(   0.405497   1.993915   0.995564 )	3.519776 0.000004 -0.000004 
585	(   0.405685   1.993861   0.995641 )	3.518748 0.001156 -0.001156 
586	(   0.405567   1.993862   0.9955   )	3.519407 0.000011 -0.000011 
587	(   0.405485   1.993881   0.995601 )	3.519567 0.000035 -0.000035 
588	(   0.404727   1.993964   0.996675 )	3.520261 0.000647 -0.000647 
589	(   0.404619   1.993987   0.996475 )	3.521120 -0.000648 0.000648 
590	(   0.40538    1.99385    0.995675 )	3.519590 -0.000243 0.000243 
591	(   0.404722   1.993974   0.996478 )	3.520719 -0.000146 0.000146 
592	(   0.405536   1.99385    0.9955   )	3.519447 -0.000162 0.000162 
593	(   0.405414   1.993882   0.99568  )	3.519636 -0.000002 0.000002 
594	(   0.405373   1.993865   0.995739 )	3.519566 -0.000004 0.000004 
595	(   0.405585   1.993863   0.995606 )	3.519143 0.000526 -0.000526 
596	(   0.405498   1.993851   0.995613 )	3.519346 0.000100 -0.000100 
597	(   0.405502   1.993859   0.99555  )	3.519500 -0.000119 0.000119 
598	(   0.404712   1.993966   0.996597 )	3.520472 0.000263 -0.000263 
599	(   0.404635   1.993986   0.996553 )	3.520909 -0.000264 0.000264 
600	(   0.40543    1.993868   0.995637 )	3.519601 -0.000117 0.000117 

BBE ( SOL ) BBO
601	(   0.40467    1.993969   0.996547 )	3.520724 -0.000140 0.000140 
602	(   0.405494   1.993859   0.995637 )	3.519347 0.000189 -0.000189 
603	(   0.405282   1.993877   0.995846 )	3.519703 -0.000014 0.000014 
604	(   0.405495   1.993866   0.995587 )	3.519481 0.000005 -0.000005 
605	(   0.405353   1.993874   0.99576  )	3.519629 -0.000008 0.000008 
606	(   0.40546    1.993868   0.99563  )	3.519518 0.000001 -0.000001 
607	(   0.405383   1.993886   0.995719 )	3.519679 0.000004 -0.000004 
608	(   0.405566   1.993858   0.9955   )	3.519391 0.000000 -0.000000 
609	(   0.405807   1.993847   0.9952   )	3.519169 0.000000 -0.000000 
610	(   0.40653    1.993816   0.994301 )	3.518505 0.000007 -0.000007 
611	(   0.405371   1.993913   0.995723 )	3.519851 -0.000000 0.000000 
612	(   0.405707   1.9939     0.995303 )	3.519556 -0.000009 0.000009 
613	(   0.405865   1.993846   0.995128 )	3.519117 0.000006 -0.000006 
614	(   0.405496   1.99386    0.995586 )	3.519453 -0.000002 0.000002 
615	(   0.406307   1.993838   0.995179 )	3.517574 0.002388 -0.002388 
616	(   0.405919   1.993877   0.9954   )	3.518570 0.001395 -0.001395 
617	(   0.405744   1.993797   0.995326 )	3.518856 0.000106 -0.000106 
618	(   0.405108   1.993852   0.99583  )	3.520158 -0.000984 0.000984 
619	(   0.405812   1.993883   0.99543  )	3.518879 0.000988 -0.000988 
620	(   0.40567    1.993871   0.995151 )	3.519827 -0.000838 0.000838 
621	(   0.405452   1.99388    0.995634 )	3.519599 0.000000 -0.000000 
622	(   0.405678   1.993877   0.99539  )	3.519355 0.000156 -0.000156 
623	(   0.405786   1.993831   0.995233 )	3.519084 0.000001 -0.000001 
624	(   0.405536   1.993868   0.995534 )	3.519470 0.000000 -0.000000 
625	(   0.405726   1.993782   0.99533  )	3.518829 0.000002 -0.000002 
626	(   0.405706   1.993767   0.99536  )	3.518751 0.000000 -0.000000 
627	(   0.405465   1.993574   0.995743 )	3.517755 -0.000001 0.000001 
628	(   0.404742   1.992995   0.996891 )	3.514769 0.000010 -0.000010 
629	(   0.405465   1.993574   0.995743 )	3.517754 0.000001 -0.000001 
630	(   0.404742   1.992995   0.996892 )	3.514766 0.000016 -0.000016 
631	(   0.404784   1.994096   0.996387 )	3.521336 0.000003 -0.000003 
632	(   0.407199   1.994731   0.993072 )	3.523579 0.000000 -0.000000 
633	(   0.40585    1.99378    0.995173 )	3.518737 0.000001 -0.000001 
634	(   0.405614   1.993846   0.995443 )	3.519288 -0.000002 0.000002 
635	(   0.410706   1.993871   0.996175 )	3.501807 0.028265 -0.028265 
636	(   0.40693    1.994156   0.99336  )	3.520881 -0.001143 0.001143 
637	(   0.408098   1.993267   0.994035 )	3.511222 0.005871 -0.005871 
638	(   0.407553   1.993092   0.993743 )	3.512629 0.001730 -0.001730 
639	(   0.403377   1.994056   0.997743 )	3.522896 -0.001688 0.001688 
640	(   0.40442    1.993902   0.995703 )	3.522855 -0.004825 0.004825 

BBE ( SOL ) BBO
641	(   0.405265   1.993546   0.996005 )	3.517726 -0.000003 0.000003 
642	(   0.407045   1.993526   0.993766 )	3.516443 -0.000001 0.000001 
643	(   0.411062   1.992805   0.988984 )	3.509568 0.000162 -0.000162 
644	(   0.408165   1.992685   0.992694 )	3.510686 0.000000 -0.000000 
645	(   0.411045   1.992805   0.988984 )	3.509622 0.000077 -0.000077 
646	(   0.411565   1.990162   0.989478 )	3.493336 0.000242 -0.000242 
647	(   0.405345   1.994742   0.995406 )	3.524856 -0.000037 0.000037 
648	(   0.406265   1.993083   0.994885 )	3.514390 -0.000198 0.000198 
649	(   0.407565   1.993008   0.993336 )	3.512974 0.000057 -0.000057 
650	(   0.406065   1.993645   0.994959 )	3.517783 0.000009 -0.000009 
651	(   0.406565   1.993283   0.997694 )	3.508872 0.012729 -0.012729 
652	(   0.414765   1.993685   0.990243 )	3.499884 0.024906 -0.024906 
653	(   0.418165   1.992239   0.994847 )	3.472500 0.057417 -0.057417 
654	(   0.402545   1.99262    0.998766 )	3.516085 -0.004061 0.004061 
655	(   0.411545   1.994432   0.988766 )	3.516896 0.004389 -0.004389 
656	(   0.407965   1.992674   0.992647 )	3.511356 -0.001196 0.001196 
657	(   0.411525   1.990162   0.989478 )	3.493462 0.000043 -0.000043 
658	(   0.407908   1.99322    0.992798 )	3.514056 -0.000001 0.000001 
659	(   0.410508   1.992301   0.989894 )	3.506887 0.000108 -0.000108 
660	(   0.406508   1.991743   0.995174 )	3.506118 -0.000022 0.000022 
661	(   0.405665   1.992788   0.995826 )	3.512892 0.000053 -0.000053 
662	(   0.412765   1.991685   0.989737 )	3.496888 0.009702 -0.009702 
663	(   0.400865   1.991759   0.997694 )	3.519109 -0.018052 0.018052 
664	(   0.417908   1.993911   0.993571 )	3.484464 0.053909 -0.053909 
665	(   0.397908   1.992529   0.992025 )	3.543823 -0.053848 0.053848 
666	(   0.398165   1.99267    0.988961 )	3.549878 -0.064256 0.064256 
667	(   0.408265   1.992705   0.992711 )	3.510437 0.000596 -0.000596 
668	(   0.410497   1.9923     0.989894 )	3.506920 0.000053 -0.000053 
669	(   0.40799    1.993      0.992786 )	3.512686 0.000003 -0.000003 
670	(   0.408262   1.992622   0.992597 )	3.510247 0.000001 -0.000001 
671	(   0.408553   1.992433   0.992306 )	3.508931 0.000002 -0.000002 
672	(   0.407898   1.992237   0.993219 )	3.508167 0.000001 -0.000001 
673	(   0.407097   1.990893   0.994794 )	3.500623 0.000029 -0.000029 
674	(   0.406721   1.99324    0.994294 )	3.514935 -0.000002 0.000002 
675	(   0.40714    1.993518   0.993649 )	3.516331 -0.000001 0.000001 
676	(   0.407553   1.993008   0.993336 )	3.513012 -0.000003 0.000003 
677	(   0.406062   1.993645   0.994959 )	3.517793 -0.000006 0.000006 
678	(   0.40981    1.990685   0.994404 )	3.491742 0.011621 -0.011621 
679	(   0.407521   1.992353   0.998219 )	3.499995 0.018060 -0.018060 
680	(   0.408612   1.99206    0.987694 )	3.516059 -0.018213 0.018213 

BBE ( SOL ) BBO
681	(   0.408275   1.992121   0.988219 )	3.516387 -0.017763 0.017763 
682	(   0.403165   1.992035   0.992755 )	3.523068 -0.025659 0.025659 
683	(   0.408194   1.992718   0.992726 )	3.510699 0.000323 -0.000323 
684	(   0.405757   1.994418   0.995028 )	3.522623 -0.000001 0.000001 
685	(   0.407409   1.99265    0.993668 )	3.510952 0.000002 -0.000002 
686	(   0.408076   1.991685   0.992656 )	3.505877 -0.002217 0.002217 
687	(   0.406165   1.992711   0.994614 )	3.513326 -0.002364 0.002364 
688	(   0.409898   1.991969   0.991848 )	3.503191 0.004139 -0.004139 
689	(   0.405898   1.992505   0.99459  )	3.513156 -0.004119 0.004119 
690	(   0.406249   1.992747   0.990694 )	3.521086 -0.017226 0.017226 
691	(   0.408205   1.992694   0.992695 )	3.510603 0.000217 -0.000217 
692	(   0.406517   1.993182   0.994576 )	3.514721 -0.000001 0.000001 
693	(   0.407008   1.992884   0.994078 )	3.512613 -0.000002 0.000002 
694	(   0.406062   1.993645   0.994959 )	3.517795 -0.000006 0.000006 
695	(   0.408241   1.992076   0.992219 )	3.508248 -0.002470 0.002470 
696	(   0.408042   1.992185   0.992336 )	3.509207 -0.002824 0.002824 
697	(   0.409165   1.992692   0.992315 )	3.508310 0.003500 -0.003500 
698	(   0.408549   1.992482   0.993694 )	3.506423 0.005498 -0.005498 
699	(   0.407555   1.992398   0.994219 )	3.508088 0.002483 -0.002483 
700	(   0.40815    1.992752   0.992702 )	3.511061 0.000065 -0.000065 
701	(   0.408054   1.992154   0.993106 )	3.507471 0.000195 -0.000195 
702	(   0.407699   1.992958   0.99317  )	3.512623 -0.000009 0.000009 
703	(   0.407553   1.993008   0.993336 )	3.513012 -0.000002 0.000002 
704	(   0.406062   1.993645   0.994959 )	3.517794 -0.000004 0.000004 
705	(   0.408464   1.992485   0.992429 )	3.509233 0.000126 -0.000126 
706	(   0.408665   1.992723   0.993083 )	3.508518 0.004068 -0.004068 
707	(   0.40786    1.992506   0.993194 )	3.509728 0.000152 -0.000152 
708	(   0.408398   1.99227    0.993653 )	3.505885 0.004242 -0.004242 
709	(   0.407398   1.992204   0.992785 )	3.510450 -0.004238 0.004238 
710	(   0.408168   1.992693   0.992675 )	3.510758 -0.000047 0.000047 
711	(   0.408542   1.992158   0.992439 )	3.507280 0.000017 -0.000017 
712	(   0.408171   1.992594   0.992724 )	3.510137 -0.000006 0.000006 
713	(   0.408309   1.99181    0.992876 )	3.505346 0.000000 -0.000000 
714	(   0.408509   1.991105   0.992914 )	3.500995 -0.000000 0.000000 
715	(   0.40911    1.98899    0.99303  )	3.487958 -0.000006 0.000006 
716	(   0.407097   1.991341   0.994518 )	3.503483 -0.000333 0.000333 
717	(   0.408553   1.992617   0.992229 )	3.510036 0.000001 -0.000001 
718	(   0.408757   1.991496   0.992437 )	3.503183 0.000000 -0.000000 
719	(   0.408831   1.991011   0.993414 )	3.498495 0.003404 -0.003404 
720	(   0.408257   1.991305   0.993311 )	3.502032 0.000629 -0.000629 

BBE ( SOL ) BBO
721	(   0.409009   1.991253   0.992766 )	3.500472 0.002142 -0.002142 
722	(   0.40819    1.992297   0.992719 )	3.508551 -0.000407 0.000407 
723	(   0.407606   1.992177   0.993719 )	3.507784 0.000412 -0.000412 
724	(   0.408503   1.991103   0.992907 )	3.501015 -0.000062 0.000062 
725	(   0.408457   1.991103   0.993007 )	3.500963 0.000098 -0.000098 
726	(   0.407984   1.99241    0.993039 )	3.509146 0.000002 -0.000002 
727	(   0.408547   1.991838   0.992578 )	3.505335 0.000062 -0.000062 
728	(   0.408514   1.991286   0.992824 )	3.502094 -0.000031 0.000031 
729	(   0.408536   1.991654   0.99266  )	3.504254 0.000031 -0.000031 
730	(   0.40852    1.991378   0.992783 )	3.502634 -0.000016 0.000016 
731	(   0.40853    1.991562   0.992701 )	3.503714 0.000016 -0.000016 
732	(   0.408522   1.991424   0.992763 )	3.502904 -0.000008 0.000008 
733	(   0.408656   1.99111    0.992714 )	3.500955 -0.000048 0.000048 
734	(   0.408517   1.991205   0.992929 )	3.501456 0.000260 -0.000260 
735	(   0.408309   1.991114   0.992769 )	3.501967 -0.001548 0.001548 
736	(   0.4077     1.992179   0.993019 )	3.508898 -0.001863 0.001863 
737	(   0.408097   1.992295   0.993419 )	3.507436 0.001865 -0.001865 
738	(   0.408507   1.991079   0.992942 )	3.500810 0.000054 -0.000054 
739	(   0.407893   1.992228   0.993244 )	3.508087 0.000060 -0.000060 
740	(   0.408656   1.991079   0.992765 )	3.500691 0.000102 -0.000102 
741	(   0.408673   1.991305   0.992626 )	3.502087 0.000010 -0.000010 
742	(   0.408749   1.991269   0.992547 )	3.501813 0.000023 -0.000023 
743	(   0.408635   1.991324   0.992665 )	3.502224 0.000004 -0.000004 
744	(   0.408544   1.991055   0.992899 )	3.500657 0.000031 -0.000031 
745	(   0.408609   1.991121   0.992935 )	3.500718 0.000602 -0.000602 
746	(   0.408495   1.991095   0.993014 )	3.500789 0.000304 -0.000304 
747	(   0.407946   1.992235   0.993319 )	3.507805 0.000626 -0.000626 
748	(   0.407851   1.992239   0.993119 )	3.508529 -0.000624 0.000624 
749	(   0.408503   1.991112   0.992915 )	3.501048 -0.000014 0.000014 
750	(   0.408505   1.991118   0.992919 )	3.501064 0.000019 -0.000019 
751	(   0.407852   1.992228   0.993215 )	3.508277 -0.000261 0.000261 
752	(   0.408468   1.991168   0.992933 )	3.501414 -0.000028 0.000028 
753	(   0.408525   1.991083   0.992908 )	3.500847 0.000016 -0.000016 
754	(   0.40852    1.991083   0.992905 )	3.500862 -0.000017 0.000017 
755	(   0.408516   1.991091   0.992909 )	3.500913 -0.000008 0.000008 
756	(   0.408494   1.991122   0.992918 )	3.501124 -0.000031 0.000031 
757	(   0.408517   1.991093   0.99291  )	3.500916 0.000005 -0.000005 
758	(   0.408559   1.991106   0.992891 )	3.500887 0.000158 -0.000158 
759	(   0.408507   1.991085   0.992906 )	3.500913 -0.000072 0.000072 
760	(   0.408533   1.991102   0.992964 )	3.500803 0.000307 -0.000307 

BBE ( SOL ) BBO
761	(   0.407918   1.992238   0.993169 )	3.508209 -0.000094 0.000094 
762	(   0.407878   1.992236   0.993269 )	3.508125 0.000096 -0.000096 
763	(   0.408509   1.991107   0.992915 )	3.501005 0.000002 -0.000002 
764	(   0.408513   1.991093   0.992915 )	3.500921 0.000001 -0.000001 
765	(   0.408525   1.991058   0.992916 )	3.500698 0.000006 -0.000006 
766	(   0.408496   1.991079   0.992941 )	3.500844 -0.000000 0.000000 
767	(   0.408458   1.990999   0.993022 )	3.500392 -0.000001 0.000001 
768	(   0.408344   1.99076    0.993266 )	3.499036 -0.000002 0.000002 
769	(   0.408465   1.990999   0.993014 )	3.500387 0.000000 -0.000000 
770	(   0.408486   1.990999   0.992989 )	3.500372 0.000005 -0.000005 
771	(   0.408471   1.991058   0.992983 )	3.500738 0.000000 -0.000000 
772	(   0.408529   1.990999   0.992933 )	3.500347 -0.000001 0.000001 
773	(   0.40872    1.990999   0.99269  )	3.500228 -0.000004 0.000004 
774	(   0.40846    1.990999   0.993021 )	3.500390 0.000000 -0.000000 
775	(   0.408553   1.990999   0.992902 )	3.500331 0.000001 -0.000001 
776	(   0.408486   1.990999   0.992989 )	3.500371 0.000006 -0.000006 
777	(   0.408817   1.990999   0.992568 )	3.500164 0.000001 -0.000001 
778	(   0.408486   1.990999   0.992989 )	3.500370 0.000007 -0.000007 
779	(   0.409609   1.990999   0.991564 )	3.499664 0.000012 -0.000012 
780	(   0.408722   1.990931   0.992716 )	3.499818 -0.000001 0.000001 
781	(   0.409493   1.990728   0.991822 )	3.498114 0.000001 -0.000001 
782	(   0.411793   1.990117   0.98914  )	3.493060 -0.000010 0.000010 
783	(   0.408465   1.990999   0.992989 )	3.500437 -0.000097 0.000097 
784	(   0.413693   1.990089   0.986701 )	3.491809 -0.000038 0.000038 
785	(   0.413665   1.990087   0.986702 )	3.491888 -0.000175 0.000175 
786	(   0.408465   1.990959   0.99307  )	3.500068 0.000154 -0.000154 
787	(   0.408465   1.991049   0.992973 )	3.500725 -0.000079 0.000079 
788	(   0.411365   1.991084   0.998014 )	3.481698 0.034267 -0.034267 
789	(   0.410165   1.991499   0.991922 )	3.499770 0.004986 -0.004986 
790	(   0.418465   1.990888   0.99173  )	3.470829 0.044437 -0.044437 
791	(   0.414693   1.991228   0.990849 )	3.486218 0.022842 -0.022842 
792	(   0.404293   1.990228   0.992795 )	3.510059 -0.022809 0.022809 
793	(   0.402165   1.991012   0.991471 )	3.523517 -0.037282 0.037282 
794	(   0.411806   1.990117   0.98914  )	3.493019 0.000054 -0.000054 
795	(   0.41027    1.990687   0.99085  )	3.497394 0.000004 -0.000004 
796	(   0.409452   1.990686   0.991891 )	3.497891 -0.000002 0.000002 
797	(   0.408434   1.990959   0.99307  )	3.500166 0.000001 -0.000001 
798	(   0.408481   1.991049   0.992973 )	3.500674 0.000000 -0.000000 
799	(   0.410177   1.991199   0.993357 )	3.495318 0.010170 -0.010170 
800	(   0.413465   1.990926   0.993257 )	3.483727 0.025653 -0.025653 

BBE ( SOL ) BBO
801	(   0.407648   1.990976   0.995014 )	3.498866 0.003764 -0.003764 
802	(   0.413646   1.990928   0.992466 )	3.484742 0.023457 -0.023457 
803	(   0.40534    1.990528   0.991178 )	3.511518 -0.023444 0.023444 
804	(   0.404554   1.990946   0.991411 )	3.515708 -0.025763 0.025763 
805	(   0.40902    1.991013   0.992304 )	3.500121 0.000001 -0.000001 
806	(   0.409344   1.990796   0.990883 )	3.500813 -0.004288 0.004288 
807	(   0.408467   1.990973   0.993022 )	3.500230 -0.000001 0.000001 
808	(   0.408469   1.991037   0.992993 )	3.500611 -0.000000 0.000000 
809	(   0.410465   1.99095    0.992949 )	3.493938 0.009594 -0.009594 
810	(   0.409443   1.991099   0.992999 )	3.497838 0.004960 -0.004960 
811	(   0.408582   1.990998   0.994014 )	3.498015 0.004502 -0.004502 
812	(   0.407493   1.990745   0.991473 )	3.505230 -0.011258 0.011258 
813	(   0.411493   1.99071    0.992171 )	3.491006 0.011261 -0.011261 
814	(   0.405692   1.990965   0.99308  )	3.508865 -0.013561 0.013561 
815	(   0.411806   1.990117   0.98914  )	3.493019 0.000055 -0.000055 
816	(   0.408864   1.99109    0.99247  )	3.500678 0.000001 -0.000001 
817	(   0.410552   1.990686   0.99085  )	3.496496 0.001401 -0.001401 
818	(   0.408448   1.990975   0.993045 )	3.500252 -0.000001 0.000001 
819	(   0.408473   1.99103    0.992991 )	3.500568 0.000001 -0.000001 
820	(   0.40984    1.990694   0.991322 )	3.497845 -0.000281 0.000281 
821	(   0.409146   1.990761   0.992322 )	3.498384 0.000285 -0.000285 
822	(   0.408829   1.991049   0.993133 )	3.499255 0.002355 -0.002355 
823	(   0.408238   1.990991   0.993514 )	3.500068 0.000821 -0.000821 
824	(   0.407465   1.991019   0.992932 )	3.503821 -0.005252 0.005252 
825	(   0.408474   1.990998   0.993009 )	3.500366 0.000023 -0.000023 
826	(   0.40872    1.990973   0.992709 )	3.500055 0.000030 -0.000030 
827	(   0.409476   1.990721   0.991783 )	3.498212 -0.000246 0.000246 
828	(   0.408448   1.990975   0.993045 )	3.500251 0.000000 -0.000000 
829	(   0.408432   1.990938   0.993082 )	3.500040 0.000000 -0.000000 
830	(   0.408383   1.990826   0.99319  )	3.499406 0.000001 -0.000001 
831	(   0.40902    1.990931   0.992336 )	3.499635 -0.000009 0.000009 
832	(   0.410247   1.990688   0.99085  )	3.497472 -0.000112 0.000112 
833	(   0.408437   1.990942   0.993073 )	3.500062 0.000000 -0.000000 
834	(   0.408932   1.990895   0.993231 )	3.497942 0.002997 -0.002997 
835	(   0.407932   1.990894   0.993514 )	3.500533 -0.000856 0.000856 
836	(   0.408569   1.990971   0.993582 )	3.498782 0.002697 -0.002697 
837	(   0.409993   1.990731   0.99198  )	3.496237 0.003103 -0.003103 
838	(   0.408993   1.990724   0.991665 )	3.499991 -0.003101 0.003101 
839	(   0.408343   1.990958   0.992601 )	3.501385 -0.002290 0.002290 
840	(   0.409512   1.990723   0.991805 )	3.498064 0.000019 -0.000019 

BBE ( SOL ) BBO
841	(   0.408613   1.990931   0.992844 )	3.499908 -0.000041 0.000041 
842	(   0.408413   1.990904   0.99312  )	3.499849 0.000000 -0.000000 
843	(   0.408387   1.990856   0.993172 )	3.499580 0.000000 -0.000000 
844	(   0.408309   1.990713   0.993331 )	3.498773 0.000001 -0.000001 
845	(   0.409688   1.990792   0.991579 )	3.498315 0.000122 -0.000122 
846	(   0.408498   1.99076    0.992806 )	3.499467 -0.001040 0.001040 
847	(   0.408384   1.990856   0.993176 )	3.499584 0.000001 -0.000001 
848	(   0.408424   1.99092    0.993099 )	3.499942 0.000000 -0.000000 
849	(   0.408386   1.990906   0.993234 )	3.499719 0.000317 -0.000317 
850	(   0.409166   1.990678   0.991907 )	3.498721 -0.001372 0.001372 
851	(   0.40982    1.990778   0.991737 )	3.497508 0.001374 -0.001374 
852	(   0.408887   1.990856   0.993191 )	3.497959 0.002557 -0.002557 
853	(   0.408406   1.990862   0.992672 )	3.500549 -0.001852 0.001852 
854	(   0.408345   1.990839   0.993298 )	3.499377 0.000258 -0.000258 
855	(   0.409509   1.990721   0.991801 )	3.498075 -0.000016 0.000016 
856	(   0.408387   1.990856   0.993185 )	3.499557 0.000050 -0.000050 
857	(   0.408384   1.990849   0.993179 )	3.499541 0.000000 -0.000000 
858	(   0.40836    1.990805   0.993228 )	3.499291 0.000000 -0.000000 
859	(   0.408288   1.990672   0.993374 )	3.498542 0.000000 -0.000000 
860	(   0.408072   1.990274   0.993812 )	3.496298 -0.000000 0.000000 
861	(   0.407424   1.989079   0.995126 )	3.489574 0.000017 -0.000017 
862	(   0.405811   1.990671   0.993812 )	3.505507 -0.010576 0.010576 
863	(   0.408208   1.990732   0.99345  )	3.498952 -0.000001 0.000001 
864	(   0.408093   1.990311   0.99377  )	3.496508 -0.000000 0.000000 
865	(   0.408707   1.990074   0.993601 )	3.493678 0.001997 -0.001997 
866	(   0.410072   1.990339   0.993658 )	3.490616 0.009424 -0.009424 
867	(   0.408273   1.990259   0.995812 )	3.491604 0.008849 -0.008849 
868	(   0.408551   1.990928   0.990024 )	3.505723 -0.011347 0.011347 
869	(   0.410435   1.990528   0.99362  )	3.490516 0.011385 -0.011385 
870	(   0.408002   1.990288   0.993809 )	3.496600 -0.000336 0.000336 
871	(   0.408002   1.990188   0.993614 )	3.496472 -0.001264 0.001264 
872	(   0.40954    1.990718   0.991767 )	3.498026 0.000004 -0.000004 
873	(   0.407942   1.990033   0.994076 )	3.494942 0.000001 -0.000001 
874	(   0.408255   1.990612   0.99344  )	3.498204 -0.000002 0.000002 
875	(   0.407552   1.989311   0.994868 )	3.490879 0.000012 -0.000012 
876	(   0.408141   1.990663   0.993564 )	3.498581 0.000001 -0.000001 
877	(   0.409162   1.990033   0.991354 )	3.496513 -0.004599 0.004599 
878	(   0.410072   1.990174   0.993239 )	3.490600 0.007512 -0.007512 
879	(   0.407456   1.990074   0.995147 )	3.494557 0.001872 -0.001872 
880	(   0.409942   1.990056   0.994454 )	3.487985 0.011446 -0.011446 

BBE ( SOL ) BBO
881	(   0.405942   1.99001    0.993698 )	3.501908 -0.011441 0.011441 
882	(   0.406998   1.990173   0.991812 )	3.503169 -0.013320 0.013320 
883	(   0.408069   1.990278   0.993824 )	3.496304 0.000039 -0.000039 
884	(   0.407959   1.990126   0.993603 )	3.496309 -0.001621 0.001621 
885	(   0.409249   1.990328   0.992193 )	3.496082 -0.000414 0.000414 
886	(   0.408942   1.990025   0.993461 )	3.492962 0.002534 -0.002534 
887	(   0.409072   1.990317   0.993858 )	3.493264 0.005212 -0.005212 
888	(   0.408512   1.990174   0.993586 )	3.494840 0.001133 -0.001133 
889	(   0.408115   1.990253   0.994812 )	3.494063 0.004112 -0.004112 
890	(   0.406942   1.990041   0.994691 )	3.496925 -0.002527 0.002527 
891	(   0.407945   1.990301   0.99364  )	3.497184 -0.001261 0.001261 
892	(   0.408126   1.990202   0.993861 )	3.495658 0.000343 -0.000343 
893	(   0.407646   1.990078   0.99368  )	3.496902 -0.002951 0.002951 
894	(   0.40836    1.990805   0.993228 )	3.499290 0.000001 -0.000001 
895	(   0.408047   1.990226   0.993864 )	3.496029 0.000000 -0.000000 
896	(   0.40797    1.990083   0.99402  )	3.495222 0.000001 -0.000001 
897	(   0.40817    1.990165   0.993734 )	3.495583 -0.000000 0.000000 
898	(   0.408539   1.98998    0.993344 )	3.494243 0.000001 -0.000001 
899	(   0.409646   1.989428   0.992174 )	3.490228 0.000012 -0.000012 
900	(   0.408036   1.990534   0.99375  )	3.497877 -0.000003 0.000003 
901	(   0.40904    1.990297   0.992578 )	3.495818 0.000001 -0.000001 
902	(   0.4081     1.990132   0.993837 )	3.495430 0.000003 -0.000003 
903	(   0.408095   1.990266   0.993787 )	3.496238 0.000001 -0.000001 
904	(   0.410539   1.989859   0.991068 )	3.491839 0.000830 -0.000830 
905	(   0.408248   1.989665   0.993423 )	3.493378 -0.001646 0.001646 
906	(   0.408045   1.990132   0.998734 )	3.485872 0.019102 -0.019102 
907	(   0.406539   1.990101   0.99562  )	3.496665 -0.000770 0.000770 
908	(   0.40617    1.990147   0.993411 )	3.502468 -0.011218 0.011218 
909	(   0.408133   1.990616   0.993481 )	3.498534 -0.000443 0.000443 
910	(   0.408164   1.990531   0.99359  )	3.497780 0.000000 -0.000000 
911	(   0.408563   1.989758   0.993406 )	3.492897 0.000001 -0.000001 
912	(   0.408635   1.989091   0.993592 )	3.488859 0.000003 -0.000003 
913	(   0.40978    1.989968   0.991775 )	3.493384 -0.000002 0.000002 
914	(   0.406476   1.990952   0.995545 )	3.501400 -0.000002 0.000002 
915	(   0.40917    1.990041   0.992914 )	3.493415 0.001544 -0.001544 
916	(   0.407798   1.989665   0.99313  )	3.495385 -0.005026 0.005026 
917	(   0.409563   1.989633   0.993516 )	3.488873 0.005188 -0.005188 
918	(   0.408477   1.989957   0.995734 )	3.489558 0.009058 -0.009058 
919	(   0.407563   1.989883   0.993296 )	3.496923 -0.005187 0.005187 
920	(   0.407933   1.990587   0.994507 )	3.496968 0.002547 -0.002547 

BBE ( SOL ) BBO
921	(   0.408538   1.98998    0.993344 )	3.494244 -0.000001 0.000001 
922	(   0.408359   1.990444   0.993379 )	3.497133 0.000000 -0.000000 
923	(   0.408359   1.989919   0.993596 )	3.493990 -0.000002 0.000002 
924	(   0.408099   1.990132   0.993837 )	3.495431 0.000001 -0.000001 
925	(   0.408095   1.990266   0.993787 )	3.496238 0.000001 -0.000001 
926	(   0.408273   1.989965   0.993973 )	3.493749 0.001125 -0.001125 
927	(   0.4082     1.989866   0.994406 )	3.492610 0.002304 -0.002304 
928	(   0.408925   1.98965    0.992406 )	3.493186 -0.002291 0.002291 
929	(   0.40867    1.990212   0.993858 )	3.493997 0.003044 -0.003044 
930	(   0.408256   1.990124   0.992734 )	3.497094 -0.003559 0.003559 
931	(   0.408161   1.990166   0.99374  )	3.495607 -0.000016 0.000016 
932	(   0.408082   1.990307   0.993786 )	3.496492 -0.000001 0.000001 
933	(   0.408354   1.989875   0.993364 )	3.494243 -0.001006 0.001006 
934	(   0.408099   1.990132   0.993837 )	3.495432 -0.000000 0.000000 
935	(   0.408102   1.990042   0.99387  )	3.494894 -0.000000 0.000000 
936	(   0.408111   1.989773   0.99397  )	3.493280 -0.000000 0.000000 
937	(   0.408138   1.988966   0.99427  )	3.488441 0.000000 -0.000000 
938	(   0.408217   1.986546   0.99517  )	3.473950 0.000011 -0.000011 
939	(   0.408635   1.989091   0.993592 )	3.488861 0.000003 -0.000003 
940	(   0.407741   1.991602   0.993681 )	3.504461 0.000000 -0.000000 
941	(   0.408537   1.990292   0.993217 )	3.496111 0.000001 -0.000001 
942	(   0.408232   1.989043   0.994119 )	3.488840 -0.000000 0.000000 
943	(   0.408101   1.987966   0.99436  )	3.483228 -0.001449 0.001449 
944	(   0.408638   1.988916   0.995283 )	3.484589 0.006386 -0.006386 
945	(   0.407886   1.989047   0.99627  )	3.485678 0.006773 -0.006773 
946	(   0.40841    1.988758   0.992411 )	3.490209 -0.006278 0.006278 
947	(   0.408716   1.990758   0.994401 )	3.495586 0.006294 -0.006294 
948	(   0.408001   1.989532   0.992478 )	3.495359 -0.006784 0.006784 
949	(   0.408217   1.986546   0.99517  )	3.473948 0.000010 -0.000010 
950	(   0.407921   1.988877   0.994572 )	3.488066 -0.000027 0.000027 
951	(   0.408591   1.990522   0.993053 )	3.497448 0.000001 -0.000001 
952	(   0.408151   1.988357   0.994505 )	3.484796 0.000001 -0.000001 
953	(   0.408165   1.989713   0.993927 )	3.492884 -0.000000 0.000000 
954	(   0.40819    1.98653    0.99521  )	3.473874 0.000009 -0.000009 
955	(   0.408304   1.987986   0.994465 )	3.482482 0.000001 -0.000001 
956	(   0.408764   1.986873   0.994345 )	3.475543 -0.000003 0.000003 
957	(   0.408963   1.98653    0.994236 )	3.473366 -0.000001 0.000001 
958	(   0.408218   1.986546   0.99517  )	3.473950 0.000013 -0.000013 
959	(   0.411441   1.979222   0.994134 )	3.428337 -0.000069 0.000069 
960	(   0.407541   1.987133   0.995774 )	3.477907 -0.000002 0.000002 

BBE ( SOL ) BBO
961	(   0.409714   1.987562   0.992861 )	3.479035 0.000000 -0.000000 
962	(   0.411441   1.97923    0.994134 )	3.428377 -0.000056 0.000056 
963	(   0.411967   1.990662   0.988736 )	3.496135 0.000185 -0.000185 
964	(   0.410807   1.981562   0.993958 )	3.442634 -0.000071 0.000071 
965	(   0.405062   1.98293    1.000544 )	3.454751 -0.000049 0.000049 
966	(   0.409224   1.987362   0.993573 )	3.478137 0.000039 -0.000039 
967	(   0.408429   1.989162   0.993839 )	3.489386 0.000072 -0.000072 
968	(   0.40965    1.977562   0.993239 )	3.427241 -0.015079 0.015079 
969	(   0.411676   1.987962   0.997861 )	3.464978 0.030090 -0.030090 
970	(   0.411714   1.986462   0.98798  )	3.476799 -0.010867 0.010867 
971	(   0.407403   1.97653    0.992076 )	3.431310 -0.032326 0.032326 
972	(   0.410523   1.99653    0.996396 )	3.515687 0.032586 -0.032586 
973	(   0.409339   1.992462   0.991735 )	3.507734 0.001726 -0.001726 
974	(   0.411967   1.990658   0.988736 )	3.496114 0.000179 -0.000179 
975	(   0.409425   1.989336   0.992488 )	3.489826 -0.000002 0.000002 
976	(   0.409587   1.982931   0.994939 )	3.451540 0.000001 -0.000001 
977	(   0.411459   1.972131   0.997048 )	3.386485 -0.000007 0.000007 
978	(   0.410002   1.975931   0.997285 )	3.409883 -0.000039 0.000039 
979	(   0.411646   1.996062   0.986817 )	3.528950 0.000056 -0.000056 
980	(   0.410732   1.977562   0.994188 )	3.421982 -0.006041 0.006041 
981	(   0.410339   1.981431   0.999939 )	3.431658 0.021117 -0.021117 
982	(   0.407714   1.983562   0.994921 )	3.460709 -0.008287 0.008287 
983	(   0.409205   1.983662   0.987861 )	3.470535 -0.028285 0.028285 
984	(   0.408835   1.984431   0.989939 )	3.471518 -0.020825 0.020825 
985	(   0.410905   1.996962   0.992634 )	3.524252 0.020398 -0.020398 
986	(   0.411459   1.972134   0.997048 )	3.386500 -0.000002 0.000002 
987	(   0.408988   1.982149   0.996009 )	3.447309 0.000001 -0.000001 
988	(   0.407191   1.979849   0.999219 )	3.434889 0.000181 -0.000181 
989	(   0.408153   1.987862   0.994718 )	3.481816 0.000050 -0.000050 
990	(   0.407983   1.987449   0.995108 )	3.479454 0.000074 -0.000074 
991	(   0.406988   1.980149   0.999392 )	3.436721 0.000357 -0.000357 
992	(   0.407714   1.981062   0.996116 )	3.445543 -0.007612 0.007612 
993	(   0.410819   1.977562   0.992136 )	3.425749 -0.013654 0.013654 
994	(   0.410988   1.984149   0.992626 )	3.457954 -0.000184 0.000184 
995	(   0.410812   1.989162   0.997861 )	3.473867 0.027773 -0.027773 
996	(   0.409736   1.987762   0.992691 )	3.480333 -0.000231 0.000231 
997	(   0.407191   1.979803   0.999219 )	3.434654 0.000107 -0.000107 
998	(   0.407916   1.994219   0.992372 )	3.520056 -0.000001 0.000001 
999	(   0.40804    1.982063   0.997224 )	3.447457 -0.000000 0.000000 
1000	(   0.405196   1.981805   1.000869 )	3.447932 0.000107 -0.000107 

BBE ( SOL ) BBO
1001	(   0.407812   1.98408    0.996684 )	3.459573 -0.000002 0.000002 
1002	(   0.409487   1.981289   0.995739 )	3.441871 -0.000002 0.000002 
1003	(   0.409029   1.983351   0.995451 )	3.454437 -0.000051 0.000051 
1004	(   0.408431   1.98762    0.994452 )	3.480222 -0.000013 0.000013 
1005	(   0.408444   1.985397   0.992224 )	3.473174 -0.012292 0.012292 
1006	(   0.408772   1.977063   0.99426  )	3.425439 -0.016190 0.016190 
1007	(   0.41004    1.982946   0.998824 )	3.442530 0.017655 -0.017655 
1008	(   0.409922   1.982083   0.991009 )	3.453919 -0.015116 0.015116 
1009	(   0.408054   1.982215   1.001009 )	3.440749 0.015415 -0.015415 
1010	(   0.407047   1.98264    1.004437 )	3.439375 0.024961 -0.024961 
1011	(   0.407731   1.981718   0.997749 )	3.445631 0.000004 -0.000004 
1012	(   0.407344   1.985158   0.996831 )	3.466288 0.000013 -0.000013 
1013	(   0.407223   1.980063   0.996464 )	3.441294 -0.010265 0.010265 
1014	(   0.40904    1.980976   0.995787 )	3.441581 -0.002522 0.002522 
1015	(   0.409988   1.980469   0.996464 )	3.434677 0.004000 -0.004000 
1016	(   0.408394   1.980724   0.999224 )	3.435565 0.007535 -0.007535 
1017	(   0.407988   1.983829   0.995554 )	3.459963 -0.004007 0.004007 
1018	(   0.408036   1.982111   0.997227 )	3.447710 0.000070 -0.000070 
1019	(   0.407771   1.98142    0.997791 )	3.443900 -0.000117 0.000117 
1020	(   0.408917   1.982046   0.996133 )	3.446761 -0.000027 0.000027 
1021	(   0.40903    1.983351   0.995451 )	3.454436 -0.000050 0.000050 
1022	(   0.408431   1.98762    0.994452 )	3.480222 -0.000014 0.000014 
1023	(   0.409191   1.981149   0.996026 )	3.441521 -0.000554 0.000554 
1024	(   0.4076     1.981063   0.997902 )	3.442393 -0.001093 0.001093 
1025	(   0.408294   1.981063   0.996407 )	3.443153 -0.003607 0.003607 
1026	(   0.40854    1.981812   0.998152 )	3.442773 0.005744 -0.005744 
1027	(   0.408786   1.983149   0.995992 )	3.453101 0.000555 -0.000555 
1028	(   0.408039   1.98209    0.997213 )	3.447621 -0.000006 0.000006 
1029	(   0.407858   1.981619   0.997791 )	3.444642 0.000632 -0.000632 
1030	(   0.409006   1.982627   0.99611  )	3.449498 0.001264 -0.001264 
1031	(   0.408257   1.983473   0.996376 )	3.455670 -0.000012 0.000012 
1032	(   0.40918    1.981835   0.995898 )	3.445318 -0.000004 0.000004 
1033	(   0.408206   1.981563   0.997295 )	3.444238 0.000288 -0.000288 
1034	(   0.40784    1.981645   0.997191 )	3.446013 -0.001794 0.001794 
1035	(   0.408805   1.982649   0.995882 )	3.450695 -0.000593 0.000593 
1036	(   0.409171   1.981649   0.996136 )	3.443924 0.000594 -0.000594 
1037	(   0.408018   1.982089   0.997724 )	3.446674 0.001918 -0.001918 
1038	(   0.408052   1.982474   0.99711  )	3.449747 0.000267 -0.000267 
1039	(   0.40804    1.982063   0.997225 )	3.447456 0.000002 -0.000002 
1040	(   0.40918    1.982143   0.995924 )	3.446841 0.000597 -0.000597 

BBE ( SOL ) BBO
1041	(   0.407836   1.981806   0.997585 )	3.446075 0.000010 -0.000010 
1042	(   0.407988   1.982019   0.997306 )	3.447234 -0.000002 0.000002 
1043	(   0.408039   1.982263   0.997115 )	3.448698 -0.000113 0.000113 
1044	(   0.408036   1.981955   0.997024 )	3.447311 -0.000993 0.000993 
1045	(   0.408888   1.982078   0.996054 )	3.447168 -0.000429 0.000429 
1046	(   0.40814    1.982061   0.997215 )	3.447148 0.000455 -0.000455 
1047	(   0.409088   1.982221   0.995964 )	3.447449 0.000431 -0.000431 
1048	(   0.408011   1.981925   0.997447 )	3.446401 0.000520 -0.000520 
1049	(   0.408926   1.982046   0.996133 )	3.446733 0.000017 -0.000017 
1050	(   0.408013   1.98199    0.997306 )	3.447007 0.000070 -0.000070 
1051	(   0.408315   1.982379   0.996754 )	3.449135 0.000000 -0.000000 
1052	(   0.407877   1.981884   0.9975   )	3.446507 0.000001 -0.000001 
1053	(   0.407388   1.981344   0.998329 )	3.443657 0.000012 -0.000012 
1054	(   0.407991   1.982038   0.997296 )	3.447339 0.000002 -0.000002 
1055	(   0.407827   1.981986   0.997522 )	3.447148 0.000004 -0.000004 
1056	(   0.408167   1.982198   0.997013 )	3.448165 0.000002 -0.000002 
1057	(   0.408033   1.982064   0.997233 )	3.447467 -0.000001 0.000001 
1058	(   0.40814    1.982046   0.997222 )	3.447056 0.000456 -0.000456 
1059	(   0.408031   1.981863   0.997177 )	3.446555 -0.000556 0.000556 
1060	(   0.408039   1.982016   0.997424 )	3.446826 0.000712 -0.000712 
1061	(   0.407897   1.981877   0.9977   )	3.446015 0.000884 -0.000884 
1062	(   0.407857   1.98189    0.9973   )	3.446998 -0.000882 0.000882 
1063	(   0.40804    1.982067   0.997223 )	3.447483 -0.000003 0.000003 
1064	(   0.407896   1.981981   0.997452 )	3.447042 0.000061 -0.000061 
1065	(   0.408087   1.981863   0.997253 )	3.446229 0.000022 -0.000022 
1066	(   0.408122   1.982153   0.997086 )	3.447932 0.000001 -0.000001 
1067	(   0.408055   1.982086   0.997196 )	3.447583 -0.000001 0.000001 
1068	(   0.407889   1.981784   0.997519 )	3.445920 -0.000026 0.000026 
1069	(   0.407865   1.981984   0.997481 )	3.447093 0.000028 -0.000028 
1070	(   0.40799    1.981982   0.997249 )	3.447149 -0.000278 0.000278 
1071	(   0.40809    1.981965   0.997305 )	3.446640 0.000408 -0.000408 
1072	(   0.408029   1.982123   0.997324 )	3.447599 0.000436 -0.000436 
1073	(   0.408062   1.982052   0.997152 )	3.447469 -0.000196 0.000196 
1074	(   0.407896   1.981881   0.997514 )	3.446410 0.000144 -0.000144 
1075	(   0.408029   1.982082   0.997234 )	3.447566 0.000013 -0.000013 
1076	(   0.407964   1.981989   0.997349 )	3.447073 -0.000002 0.000002 
1077	(   0.408082   1.982112   0.997152 )	3.447717 -0.000000 0.000000 
1078	(   0.408041   1.982013   0.997225 )	3.447197 -0.000073 0.000073 
1079	(   0.407897   1.981891   0.997492 )	3.446498 0.000079 -0.000079 
1080	(   0.407857   1.981876   0.997508 )	3.446516 -0.000077 0.000077 

BBE ( SOL ) BBO
1081	(   0.408028   1.982063   0.997274 )	3.447393 0.000136 -0.000136 
1082	(   0.40802    1.98206    0.997193 )	3.447566 -0.000226 0.000226 
1083	(   0.408041   1.982064   0.997224 )	3.447459 0.000001 -0.000001 
1084	(   0.407864   1.981876   0.997514 )	3.446484 -0.000022 0.000022 
1085	(   0.408034   1.98206    0.997234 )	3.447444 -0.000000 0.000000 
1086	(   0.408013   1.982051   0.997263 )	3.447406 -0.000000 0.000000 
1087	(   0.40795    1.982025   0.997352 )	3.447291 -0.000000 0.000000 
1088	(   0.407763   1.981944   0.997617 )	3.446946 0.000001 -0.000001 
1089	(   0.407837   1.981931   0.997531 )	3.446819 -0.000000 0.000000 
1090	(   0.407496   1.981652   0.998068 )	3.445405 0.000002 -0.000002 
1091	(   0.407797   1.981112   0.997913 )	3.442003 -0.000000 0.000000 
1092	(   0.407678   1.978655   0.99906  )	3.427576 0.000016 -0.000016 
1093	(   0.407388   1.981345   0.998329 )	3.443660 0.000014 -0.000014 
1094	(   0.406996   1.979906   0.999391 )	3.435458 -0.000001 0.000001 
1095	(   0.404593   1.976288   1.003825 )	3.415911 0.000207 -0.000207 
1096	(   0.407678   1.978655   0.99906  )	3.427577 0.000014 -0.000014 
1097	(   0.408841   1.979529   0.997264 )	3.431907 0.000001 -0.000001 
1098	(   0.414376   1.978398   0.990883 )	3.421353 0.000297 -0.000297 
1099	(   0.407587   1.982286   0.997696 )	3.449097 -0.000000 0.000000 
1100	(   0.409067   1.984799   0.99482  )	3.462992 -0.000001 0.000001 
1101	(   0.40771    1.981327   0.997934 )	3.443334 0.000002 -0.000002 
1102	(   0.407937   1.98187    0.997431 )	3.446387 0.000000 -0.000000 
1103	(   0.409797   1.983199   0.994744 )	3.452639 0.000703 -0.000703 
1104	(   0.409746   1.977029   1.002913 )	3.405280 0.023001 -0.023001 
1105	(   0.410841   1.97957    0.998838 )	3.422748 0.016164 -0.016164 
1106	(   0.407673   1.976112   0.994131 )	3.424290 -0.023625 0.023625 
1107	(   0.406841   1.979488   0.99569  )	3.441079 -0.016132 0.016132 
1108	(   0.407423   1.982806   0.998817 )	3.450068 0.004492 -0.004492 
1109	(   0.407941   1.980751   0.997882 )	3.439765 0.000002 -0.000002 
1110	(   0.407887   1.980403   0.998089 )	3.437749 -0.000002 0.000002 
1111	(   0.407763   1.981251   0.997898 )	3.442850 -0.000003 0.000003 
1112	(   0.407904   1.981831   0.997488 )	3.446180 0.000001 -0.000001 
1113	(   0.407793   1.979112   0.99795  )	3.431724 -0.003103 0.003103 
1114	(   0.407324   1.981153   0.999913 )	3.439772 0.005710 -0.005710 
1115	(   0.409425   1.977529   0.995584 )	3.423168 -0.007015 0.007015 
1116	(   0.408797   1.981121   0.998859 )	3.437044 0.008705 -0.008705 
1117	(   0.408257   1.981529   0.998944 )	3.440660 0.007045 -0.007045 
1118	(   0.407818   1.981129   0.99776  )	3.442324 -0.000477 0.000477 
1119	(   0.406991   1.980726   0.999067 )	3.440299 0.000001 -0.000001 
1120	(   0.409034   1.981278   0.996309 )	3.442117 0.000001 -0.000001 

BBE ( SOL ) BBO
1121	(   0.407764   1.981251   0.997898 )	3.442848 -0.000000 0.000000 
1122	(   0.407564   1.980163   0.998913 )	3.435921 0.001301 -0.001301 
1123	(   0.407316   1.982112   0.998414 )	3.447646 0.001239 -0.001239 
1124	(   0.409273   1.979347   0.996264 )	3.431586 -0.002130 0.002130 
1125	(   0.408409   1.979711   0.998264 )	3.432231 0.002143 -0.002143 
1126	(   0.408297   1.981606   0.998847 )	3.441119 0.006979 -0.006979 
1127	(   0.408118   1.980423   0.996399 )	3.440450 -0.005540 0.005540 
1128	(   0.407678   1.978655   0.99906  )	3.427576 0.000015 -0.000015 
1129	(   0.407617   1.980878   0.998231 )	3.440746 -0.000000 0.000000 
1130	(   0.407078   1.980175   0.999184 )	3.436978 0.000009 -0.000009 
1131	(   0.408438   1.98128    0.997051 )	3.442542 0.000002 -0.000002 
1132	(   0.408912   1.978637   0.997542 )	3.426585 0.000011 -0.000011 
1133	(   0.407515   1.980291   0.998597 )	3.437349 0.000005 -0.000005 
1134	(   0.407832   1.981475   0.997723 )	3.444124 -0.000001 0.000001 
1135	(   0.407608   1.979878   0.998792 )	3.434566 0.000571 -0.000571 
1136	(   0.408117   1.980861   0.998235 )	3.439078 0.002450 -0.002450 
1137	(   0.409341   1.978987   0.997929 )	3.426265 0.004223 -0.004223 
1138	(   0.408341   1.980071   0.996599 )	3.437554 -0.004218 0.004218 
1139	(   0.407615   1.980317   0.997231 )	3.439852 -0.004891 0.004891 
1140	(   0.407608   1.980894   0.998235 )	3.440848 -0.000002 0.000002 
1141	(   0.407078   1.980175   0.999184 )	3.436980 0.000010 -0.000010 
1142	(   0.40777    1.980883   0.99804  )	3.440665 -0.000000 0.000000 
1143	(   0.408228   1.980897   0.997467 )	3.440424 0.000000 -0.000000 
1144	(   0.409601   1.98094    0.995748 )	3.439709 0.000024 -0.000024 
1145	(   0.4094     1.979132   0.996732 )	3.429167 -0.000003 0.000003 
1146	(   0.409658   1.98044    0.995876 )	3.436722 -0.000002 0.000002 
1147	(   0.407947   1.98066    0.997912 )	3.439220 0.000001 -0.000001 
1148	(   0.407835   1.980999   0.997913 )	3.441306 0.000002 -0.000002 
1149	(   0.408589   1.980397   0.997887 )	3.435908 0.002637 -0.002637 
1150	(   0.407228   1.980781   0.998694 )	3.440566 -0.000231 0.000231 
1151	(   0.407841   1.979389   0.996147 )	3.436527 -0.009569 0.009569 
1152	(   0.409841   1.97967    0.998381 )	3.427291 0.009586 -0.009586 
1153	(   0.407707   1.980698   0.995467 )	3.444982 -0.010802 0.010802 
1154	(   0.40824    1.980905   0.997471 )	3.440420 0.000088 -0.000088 
1155	(   0.409601   1.98094    0.995748 )	3.439708 0.000026 -0.000026 
1156	(   0.408698   1.979268   0.997874 )	3.429824 0.001297 -0.001297 
1157	(   0.408947   1.981191   0.996453 )	3.441662 0.000000 -0.000000 
1158	(   0.406796   1.980581   0.999372 )	3.439568 0.000025 -0.000025 
1159	(   0.408409   1.981039   0.997183 )	3.441136 -0.000003 0.000003 
1160	(   0.407878   1.980754   0.998467 )	3.438831 0.002021 -0.002021 

BBE ( SOL ) BBO
1161	(   0.408341   1.979497   0.997358 )	3.433129 -0.002137 0.002137 
1162	(   0.409341   1.979562   0.99717  )	3.430686 0.002139 -0.002139 
1163	(   0.408728   1.980779   0.997745 )	3.437700 0.003374 -0.003374 
1164	(   0.408392   1.981097   0.998411 )	3.439073 0.004887 -0.004887 
1165	(   0.408227   1.980899   0.997438 )	3.440492 -0.000116 0.000116 
1166	(   0.408976   1.979252   0.997158 )	3.430276 -0.000207 0.000207 
1167	(   0.407836   1.980953   0.997875 )	3.441141 -0.000218 0.000218 
1168	(   0.406796   1.980581   0.999372 )	3.439568 0.000026 -0.000026 
1169	(   0.408409   1.981039   0.997183 )	3.441136 -0.000004 0.000004 
1170	(   0.408219   1.980797   0.997338 )	3.440193 -0.000715 0.000715 
1171	(   0.408833   1.979629   0.997013 )	3.432936 -0.000872 0.000872 
1172	(   0.408849   1.979429   0.997515 )	3.430879 0.000874 -0.000874 
1173	(   0.408428   1.980893   0.997464 )	3.439779 0.000968 -0.000968 
1174	(   0.408227   1.980871   0.997967 )	3.439312 0.001940 -0.001940 
1175	(   0.408226   1.980901   0.997467 )	3.440450 -0.000003 0.000003 
1176	(   0.408841   1.979527   0.997274 )	3.431879 0.000033 -0.000033 
1177	(   0.4083     1.980822   0.997471 )	3.439807 0.000250 -0.000250 
1178	(   0.408135   1.980847   0.997542 )	3.440313 -0.000240 0.000240 
1179	(   0.408795   1.979536   0.997064 )	3.432478 -0.001011 0.001011 
1180	(   0.408888   1.979523   0.997464 )	3.431336 0.001013 -0.001013 
1181	(   0.408328   1.980865   0.997621 )	3.439643 0.001053 -0.001053 
1182	(   0.408195   1.980931   0.997667 )	3.440310 0.000686 -0.000686 
1183	(   0.408308   1.980918   0.997286 )	3.440636 -0.000291 0.000291 
1184	(   0.408237   1.980899   0.997453 )	3.440430 -0.000005 0.000005 
1185	(   0.408829   1.979524   0.997341 )	3.431764 0.000238 -0.000238 
1186	(   0.407776   1.980864   0.998041 )	3.440546 0.000006 -0.000006 
1187	(   0.408114   1.980892   0.99761  )	3.440474 -0.000001 0.000001 
1188	(   0.408891   1.979536   0.997219 )	3.431870 0.000079 -0.000079 
1189	(   0.408791   1.979523   0.997309 )	3.431945 -0.000077 0.000077 
1190	(   0.408278   1.980904   0.997484 )	3.440268 0.000325 -0.000325 
1191	(   0.408215   1.980903   0.997567 )	3.440296 0.000342 -0.000342 
1192	(   0.408214   1.980917   0.997432 )	3.440638 -0.000173 0.000173 
1193	(   0.408228   1.980897   0.997466 )	3.440425 -0.000005 0.000005 
1194	(   0.408841   1.979529   0.997264 )	3.431907 0.000001 -0.000001 
1195	(   0.40823    1.980916   0.997566 )	3.440318 0.000436 -0.000436 
1196	(   0.408151   1.980897   0.997563 )	3.440474 0.000002 -0.000002 
1197	(   0.408208   1.980897   0.99749  )	3.440437 -0.000003 0.000003 
1198	(   0.40814    1.980889   0.997578 )	3.440440 0.000000 -0.000000 
1199	(   0.408205   1.980898   0.997494 )	3.440448 -0.000002 0.000002 
1200	(   0.408156   1.980895   0.997557 )	3.440460 0.000001 -0.000001 

BBE ( SOL ) BBO
1201	(   0.408129   1.980894   0.997591 )	3.440472 0.000003 -0.000003 
1202	(   0.408248   1.98089    0.997459 )	3.440342 0.000057 -0.000057 
1203	(   0.408214   1.980887   0.997463 )	3.440424 -0.000100 0.000100 
1204	(   0.408836   1.979531   0.997314 )	3.431834 0.000178 -0.000178 
1205	(   0.408846   1.979528   0.997214 )	3.431981 -0.000176 0.000176 
1206	(   0.408229   1.980896   0.997517 )	3.440315 0.000203 -0.000203 
1207	(   0.408228   1.980897   0.997466 )	3.440426 0.000000 -0.000000 
1208	(   0.408234   1.98089    0.997473 )	3.440358 0.000044 -0.000044 
1209	(   0.408203   1.980895   0.997499 )	3.440426 0.000003 -0.000003 
1210	(   0.408204   1.980897   0.997496 )	3.440442 -0.000001 0.000001 
1211	(   0.408233   1.980902   0.997468 )	3.440432 0.000036 -0.000036 
1212	(   0.408238   1.980895   0.997465 )	3.440385 0.000038 -0.000038 
1213	(   0.408847   1.979529   0.997244 )	3.431925 -0.000048 0.000048 
1214	(   0.408835   1.97953    0.997284 )	3.431890 0.000050 -0.000050 
1215	(   0.408228   1.980897   0.997487 )	3.440381 0.000082 -0.000082 
1216	(   0.408228   1.980897   0.997467 )	3.440425 -0.000001 0.000001 
1217	(   0.408234   1.980896   0.997458 )	3.440417 -0.000006 0.000006 
1218	(   0.408846   1.979527   0.997245 )	3.431919 -0.000054 0.000054 
1219	(   0.408251   1.980897   0.997438 )	3.440408 -0.000000 0.000000 
1220	(   0.408275   1.980897   0.997408 )	3.440391 0.000000 -0.000000 
1221	(   0.408259   1.980897   0.997428 )	3.440402 0.000002 -0.000002 
1222	(   0.408236   1.980897   0.997457 )	3.440419 -0.000001 0.000001 
1223	(   0.408251   1.980897   0.997438 )	3.440408 0.000001 -0.000001 
1224	(   0.408345   1.980897   0.997321 )	3.440339 0.000002 -0.000002 
1225	(   0.408846   1.979527   0.997271 )	3.431867 0.000049 -0.000049 
1226	(   0.408236   1.980894   0.99742  )	3.440473 -0.000151 0.000151 
1227	(   0.408275   1.980897   0.997409 )	3.440389 0.000000 -0.000000 
1228	(   0.408298   1.980896   0.99738  )	3.440370 -0.000000 0.000000 
1229	(   0.408368   1.980895   0.997293 )	3.440315 -0.000000 0.000000 
1230	(   0.408579   1.980892   0.997033 )	3.440148 -0.000000 0.000000 
1231	(   0.40921    1.980883   0.996254 )	3.439650 0.000004 -0.000004 
1232	(   0.408846   1.979523   0.997261 )	3.431868 -0.000001 0.000001 
1233	(   0.408859   1.979504   0.99725  )	3.431750 -0.000007 0.000007 
1234	(   0.408504   1.981054   0.99706  )	3.441157 0.000001 -0.000001 
1235	(   0.408837   1.979482   0.997273 )	3.431659 -0.000060 0.000060 
1236	(   0.408555   1.980893   0.997062 )	3.440167 -0.000000 0.000000 
1237	(   0.40848    1.980856   0.997233 )	3.439883 0.000247 -0.000247 
1238	(   0.408874   1.979573   0.997358 )	3.431842 0.000607 -0.000607 
1239	(   0.408817   1.979473   0.997163 )	3.431894 -0.000609 0.000609 
1240	(   0.408679   1.980849   0.997108 )	3.439467 0.000719 -0.000719 

BBE ( SOL ) BBO
1241	(   0.408616   1.980936   0.997233 )	3.439860 0.001049 -0.001049 
1242	(   0.40861    1.980889   0.99683  )	3.440436 -0.000657 0.000657 
1243	(   0.408791   1.979513   0.997321 )	3.431865 -0.000044 0.000044 
1244	(   0.408579   1.980861   0.997153 )	3.439752 0.000423 -0.000423 
1245	(   0.408703   1.98089    0.996879 )	3.440050 -0.000000 0.000000 
1246	(   0.408906   1.980887   0.996629 )	3.439890 0.000001 -0.000001 
1247	(   0.409077   1.980885   0.996417 )	3.439755 0.000002 -0.000002 
1248	(   0.408838   1.979523   0.99727  )	3.431870 -0.000001 0.000001 
1249	(   0.408576   1.980872   0.996945 )	3.440226 -0.000392 0.000392 
1250	(   0.408856   1.980888   0.99669  )	3.439929 0.000001 -0.000001 
1251	(   0.40849    1.980894   0.997142 )	3.440218 -0.000000 0.000000 
1252	(   0.408946   1.979511   0.997073 )	3.431861 -0.000272 0.000272 
1253	(   0.408746   1.979535   0.997448 )	3.431875 0.000270 -0.000270 
1254	(   0.408803   1.980892   0.996883 )	3.439740 0.000509 -0.000509 
1255	(   0.408714   1.98087    0.996813 )	3.440043 -0.000240 0.000240 
1256	(   0.408705   1.980884   0.997079 )	3.439617 0.000791 -0.000791 
1257	(   0.408702   1.980891   0.99688  )	3.440058 -0.000002 0.000002 
1258	(   0.408856   1.979525   0.997247 )	3.431871 -0.000000 0.000000 
1259	(   0.408888   1.97953    0.997206 )	3.431879 0.000003 -0.000003 
1260	(   0.408834   1.979514   0.997279 )	3.431819 0.000000 -0.000000 
1261	(   0.408799   1.979485   0.997336 )	3.431671 0.000004 -0.000004 
1262	(   0.40881    1.979429   0.997344 )	3.431339 0.000001 -0.000001 
1263	(   0.408702   1.979148   0.997593 )	3.429752 0.000008 -0.000008 
1264	(   0.408698   1.979688   0.997376 )	3.432948 -0.000004 0.000004 
1265	(   0.408953   1.979269   0.997231 )	3.430291 0.000000 -0.000000 
1266	(   0.408702   1.979148   0.997594 )	3.429752 0.000007 -0.000007 
1267	(   0.409383   1.978788   0.996893 )	3.427151 -0.000004 0.000004 
1268	(   0.407847   1.978987   0.998713 )	3.429419 -0.000001 0.000001 
1269	(   0.404529   1.978142   1.003159 )	3.426850 0.000168 -0.000168 
1270	(   0.408837   1.978698   0.997607 )	3.427002 -0.000002 0.000002 
1271	(   0.409929   1.98012    0.99567  )	3.434639 0.000003 -0.000003 
1272	(   0.409059   1.977982   0.997625 )	3.422616 0.000001 -0.000001 
1273	(   0.408792   1.980163   0.997066 )	3.435686 0.000001 -0.000001 
1274	(   0.409377   1.974119   0.998807 )	3.399648 0.000016 -0.000016 
1275	(   0.409383   1.978788   0.996893 )	3.427149 -0.000005 0.000005 
1276	(   0.409708   1.97798    0.996822 )	3.422148 0.000002 -0.000002 
1277	(   0.409203   1.978115   0.997392 )	3.423299 -0.000001 0.000001 
1278	(   0.409059   1.977982   0.997625 )	3.422618 0.000002 -0.000002 
1279	(   0.410953   1.979904   0.992756 )	3.436068 -0.006764 0.006764 
1280	(   0.410479   1.978269   0.997943 )	3.419005 0.008708 -0.008708 

BBE ( SOL ) BBO
1281	(   0.411059   1.977996   0.998745 )	3.414221 0.014305 -0.014305 
1282	(   0.410037   1.979825   1.002231 )	3.419924 0.026218 -0.026218 
1283	(   0.407059   1.977968   0.996505 )	3.431022 -0.014287 0.014287 
1284	(   0.408907   1.979267   0.997219 )	3.430448 -0.000277 0.000277 
1285	(   0.409377   1.974119   0.998807 )	3.399649 0.000016 -0.000016 
1286	(   0.408789   1.978276   0.997839 )	3.424543 0.000001 -0.000001 
1287	(   0.409443   1.977416   0.997384 )	3.419003 0.000015 -0.000015 
1288	(   0.409934   1.979769   0.995608 )	3.432955 -0.000786 0.000786 
1289	(   0.408059   1.978058   0.998097 )	3.425221 -0.002911 0.002911 
1290	(   0.410059   1.977905   0.997153 )	3.420014 0.002916 -0.002916 
1291	(   0.409953   1.978954   0.998094 )	3.423848 0.007834 -0.007834 
1292	(   0.409003   1.97965    0.999231 )	3.428155 0.008821 -0.008821 
1293	(   0.408933   1.979264   0.997219 )	3.430349 -0.000155 0.000155 
1294	(   0.409384   1.978788   0.996893 )	3.427149 -0.000002 0.000002 
1295	(   0.408805   1.978178   0.997387 )	3.424882 -0.001873 0.001873 
1296	(   0.409793   1.97908    0.996266 )	3.428586 0.000001 -0.000001 
1297	(   0.408703   1.98089    0.996879 )	3.440051 -0.000001 0.000001 
1298	(   0.40897    1.978709   0.997439 )	3.426969 0.000002 -0.000002 
1299	(   0.408872   1.979069   0.997016 )	3.429947 -0.001574 0.001574 
1300	(   0.409107   1.979302   0.996231 )	3.431942 -0.003150 0.003150 
1301	(   0.408559   1.978004   0.997398 )	3.424743 -0.003321 0.003321 
1302	(   0.409559   1.97796    0.997852 )	3.420490 0.003324 -0.003324 
1303	(   0.408453   1.979313   0.99696  )	3.432619 -0.003462 0.003462 
1304	(   0.408931   1.979263   0.997485 )	3.429831 0.000888 -0.000888 
1305	(   0.409384   1.978788   0.996894 )	3.427149 -0.000001 0.000001 
1306	(   0.408917   1.977982   0.997619 )	3.423073 -0.000719 0.000719 
1307	(   0.409041   1.979168   0.997173 )	3.429612 0.000037 -0.000037 
1308	(   0.408379   1.980083   0.997611 )	3.435508 0.000000 -0.000000 
1309	(   0.409132   1.979112   0.997073 )	3.429237 -0.000000 0.000000 
1310	(   0.40967    1.978641   0.996599 )	3.426077 0.000000 -0.000000 
1311	(   0.411282   1.977227   0.995177 )	3.416609 0.000005 -0.000005 
1312	(   0.408275   1.979597   0.997938 )	3.432707 0.000001 -0.000001 
1313	(   0.411025   1.977876   0.995228 )	3.420618 0.000002 -0.000002 
1314	(   0.40967    1.978501   0.996656 )	3.425252 -0.000000 0.000000 
1315	(   0.410088   1.977995   0.996345 )	3.421970 0.000002 -0.000002 
1316	(   0.40967    1.978082   0.996827 )	3.422780 -0.000002 0.000002 
1317	(   0.410109   1.976706   0.996846 )	3.414349 -0.000000 0.000000 
1318	(   0.413259   1.972878   0.994509 )	3.389614 -0.000018 0.000018 
1319	(   0.41008    1.975267   0.99747  )	3.405894 -0.000000 0.000000 
1320	(   0.409377   1.974119   0.998825 )	3.399613 0.000088 -0.000088 

BBE ( SOL ) BBO
1321	(   0.409993   1.97095    0.99937  )	3.380551 0.000153 -0.000153 
1322	(   0.408677   1.972855   1.000125 )	3.392853 -0.000187 0.000187 
1323	(   0.409577   1.978295   0.99687  )	3.424068 0.000058 -0.000058 
1324	(   0.410236   1.975008   0.99737  )	3.404284 -0.000052 0.000052 
1325	(   0.409811   1.977733   0.99677  )	3.420665 -0.000100 0.000100 
1326	(   0.408928   1.970267   0.99847  )	3.382166 -0.009738 0.009738 
1327	(   0.41208    1.972358   0.99687  )	3.386041 0.002691 -0.002691 
1328	(   0.410253   1.975516   1.00747  )	3.387158 0.041550 -0.041550 
1329	(   0.407059   1.975711   0.990225 )	3.431849 -0.042543 0.042543 
1330	(   0.411059   1.980253   1.005025 )	3.413436 0.043239 -0.043239 
1331	(   0.40967    1.979168   0.99617  )	3.429606 -0.000841 0.000841 
1332	(   0.409993   1.97095    0.999342 )	3.380606 0.000041 -0.000041 
1333	(   0.40856    1.974127   0.999802 )	3.400306 -0.000000 0.000000 
1334	(   0.404      1.970707   1.006802 )	3.383681 0.000497 -0.000497 
1335	(   0.408715   1.978391   0.997925 )	3.425193 0.000165 -0.000165 
1336	(   0.409295   1.977273   0.997602 )	3.418307 -0.000079 0.000079 
1337	(   0.409496   1.972232   0.999402 )	3.388539 -0.000077 0.000077 
1338	(   0.409626   1.976934   0.997302 )	3.416130 -0.000193 0.000193 
1339	(   0.41056    1.974505   0.996402 )	3.402606 -0.003116 0.003116 
1340	(   0.408403   1.969127   0.995302 )	3.384191 -0.026689 0.026689 
1341	(   0.407804   1.976531   0.989802 )	3.434535 -0.039210 0.039210 
1342	(   0.407876   1.980731   0.987625 )	3.460129 -0.040494 0.040494 
1343	(   0.410242   1.975233   1.007625 )	3.385459 0.041671 -0.041671 
1344	(   0.407328   1.976141   1.005502 )	3.403311 0.020189 -0.020189 
1345	(   0.404      1.970707   1.006798 )	3.383688 0.000481 -0.000481 
1346	(   0.40908    1.977988   0.997596 )	3.422638 -0.000001 0.000001 
1347	(   0.409743   1.973267   0.998698 )	3.394389 -0.000004 0.000004 
1348	(   0.409496   1.972232   0.999423 )	3.388498 0.000007 -0.000007 
1349	(   0.409626   1.976934   0.997348 )	3.416040 -0.000011 0.000011 
1350	(   0.40956    1.974388   1.000019 )	3.398079 0.006187 -0.006187 
1351	(   0.408723   1.972127   0.996045 )	3.396965 -0.017362 0.017362 
1352	(   0.408614   1.972642   1.004802 )	3.382895 0.018008 -0.018008 
1353	(   0.409568   1.978368   0.992625 )	3.432820 -0.016582 0.016582 
1354	(   0.40855    1.977596   1.002625 )	3.412471 0.016885 -0.016885 
1355	(   0.407931   1.975095   1.001274 )	3.404327 0.004377 -0.004377 
1356	(   0.408809   1.97968    0.997243 )	3.432816 0.000002 -0.000002 
1357	(   0.409377   1.972127   0.999726 )	3.387748 0.000467 -0.000467 
1358	(   0.409496   1.972232   0.999423 )	3.388497 0.000009 -0.000009 
1359	(   0.409626   1.976934   0.997348 )	3.416039 -0.000009 0.000009 
1360	(   0.408319   1.973127   1.001063 )	3.393530 0.002258 -0.002258 

BBE ( SOL ) BBO
1361	(   0.40906    1.973313   0.99875  )	3.396657 -0.003065 0.003065 
1362	(   0.408933   1.974398   1.001802 )	3.396620 0.010284 -0.010284 
1363	(   0.409213   1.976982   0.996891 )	3.418474 -0.003771 0.003771 
1364	(   0.408905   1.978982   0.998359 )	3.426761 0.003779 -0.003779 
1365	(   0.40856    1.974168   0.999748 )	3.400620 -0.000151 0.000151 
1366	(   0.408348   1.974352   0.9998   )	3.402117 -0.000683 0.000683 
1367	(   0.409044   1.977916   0.997669 )	3.422243 -0.000002 0.000002 
1368	(   0.410107   1.972751   0.998454 )	3.391109 -0.000029 0.000029 
1369	(   0.409321   1.976674   0.997832 )	3.414726 -0.000006 0.000006 
1370	(   0.408618   1.973627   0.999571 )	3.398035 -0.001446 0.001446 
1371	(   0.40836    1.974016   0.999504 )	3.400952 -0.002348 0.002348 
1372	(   0.408514   1.973977   1.000802 )	3.397746 0.003536 -0.003536 
1373	(   0.409259   1.977871   0.998103 )	3.420487 0.002704 -0.002704 
1374	(   0.408859   1.978092   0.997147 )	3.424746 -0.002699 0.002699 
1375	(   0.408548   1.97429    0.999808 )	3.401162 0.000227 -0.000227 
1376	(   0.408523   1.974207   0.99963  )	3.401168 -0.000739 0.000739 
1377	(   0.40906    1.977945   0.997635 )	3.422407 -0.000015 0.000015 
1378	(   0.40865    1.973143   0.999976 )	3.394691 -0.000452 0.000452 
1379	(   0.408573   1.974003   0.99985  )	3.399544 0.000057 -0.000057 
1380	(   0.408452   1.975344   0.999475 )	3.407468 0.000126 -0.000126 
1381	(   0.408508   1.974721   0.999638 )	3.403811 0.000047 -0.000047 
1382	(   0.408535   1.9744     0.999778 )	3.401820 0.000220 -0.000220 
1383	(   0.408554   1.974226   0.999756 )	3.400920 -0.000058 0.000058 
1384	(   0.408541   1.974342   0.999771 )	3.401520 0.000127 -0.000127 
1385	(   0.40855    1.974255   0.99976  )	3.401070 -0.000012 0.000012 
1386	(   0.408506   1.974732   0.999616 )	3.403915 -0.000033 0.000033 
1387	(   0.408523   1.97455    0.999675 )	3.402822 -0.000011 0.000011 
1388	(   0.408581   1.973899   0.999853 )	3.398988 -0.000062 0.000062 
1389	(   0.408526   1.974516   0.999692 )	3.402605 0.000020 -0.000020 
1390	(   0.408563   1.974105   0.999799 )	3.400194 -0.000035 0.000035 
1391	(   0.408535   1.974413   0.999719 )	3.402002 0.000006 -0.000006 
1392	(   0.408508   1.974013   1.000302 )	3.398919 0.001561 -0.001561 
1393	(   0.408508   1.974327   0.999949 )	3.401200 0.000653 -0.000653 
1394	(   0.40866    1.97419    1.000154 )	3.399630 0.002000 -0.002000 
1395	(   0.409159   1.978106   0.997355 )	3.423465 -0.000378 0.000378 
1396	(   0.408959   1.977857   0.997895 )	3.421768 0.000382 -0.000382 
1397	(   0.40857    1.974063   0.999487 )	3.400569 -0.001316 0.001316 
1398	(   0.408508   1.974003   0.999819 )	3.399810 -0.000388 0.000388 
1399	(   0.409038   1.977907   0.997675 )	3.422206 -0.000026 0.000026 
1400	(   0.408528   1.974472   0.999704 )	3.402350 0.000008 -0.000008 

BBE ( SOL ) BBO
1401	(   0.408534   1.974417   0.999718 )	3.402030 0.000003 -0.000003 
1402	(   0.408564   1.974088   0.999818 )	3.400070 0.000017 -0.000017 
1403	(   0.408533   1.974434   0.99971  )	3.402134 -0.000004 0.000004 
1404	(   0.408573   1.974027   0.999717 )	3.399922 -0.000437 0.000437 
1405	(   0.40851    1.974087   0.999864 )	3.400142 -0.000063 0.000063 
1406	(   0.408582   1.974095   1.000002 )	3.399691 0.000855 -0.000855 
1407	(   0.409088   1.977985   0.997825 )	3.422149 0.000942 -0.000942 
1408	(   0.40903    1.977979   0.997425 )	3.423083 -0.000939 0.000939 
1409	(   0.408565   1.974133   0.999789 )	3.400350 -0.000020 0.000020 
1410	(   0.408557   1.974027   0.999846 )	3.399724 -0.000004 0.000004 
1411	(   0.409075   1.977937   0.99763  )	3.422329 0.000024 -0.000024 
1412	(   0.408567   1.973946   0.999867 )	3.399240 0.000004 -0.000004 
1413	(   0.408585   1.973702   0.999945 )	3.397793 0.000008 -0.000008 
1414	(   0.408551   1.9743     0.999745 )	3.401326 0.000008 -0.000008 
1415	(   0.408555   1.974095   0.999821 )	3.400124 -0.000001 0.000001 
1416	(   0.40854    1.974      0.999877 )	3.399580 -0.000002 0.000002 
1417	(   0.408539   1.974042   0.999862 )	3.399825 -0.000000 0.000000 
1418	(   0.40849    1.973882   0.999986 )	3.398926 0.000001 -0.000001 
1419	(   0.408344   1.973405   1.000358 )	3.396232 0.000005 -0.000005 
1420	(   0.40849    1.973882   0.999986 )	3.398926 0.000001 -0.000001 
1421	(   0.40832    1.973143   1.000492 )	3.394723 -0.000001 0.000001 
1422	(   0.407662   1.970447   1.002382 )	3.379449 0.000037 -0.000037 
1423	(   0.40849    1.973882   0.999986 )	3.398924 -0.000000 0.000000 
1424	(   0.408344   1.973403   1.000358 )	3.396224 0.000002 -0.000002 
1425	(   0.408022   1.975012   1.000103 )	3.405905 -0.000002 0.000002 
1426	(   0.40823    1.975659   0.999588 )	3.409547 -0.000000 0.000000 
1427	(   0.40698    1.972767   1.002297 )	3.393502 0.000087 -0.000087 
1428	(   0.409305   1.974642   0.998677 )	3.402787 -0.000009 0.000009 
1429	(   0.40899    1.974822   0.998969 )	3.404117 -0.000096 0.000096 
1430	(   0.40847    1.971684   0.998492 )	3.390742 -0.009606 0.009606 
1431	(   0.408703   1.974235   1.001986 )	3.396158 0.009635 -0.009635 
1432	(   0.40826    1.975882   1.000024 )	3.409736 0.002250 -0.002250 
1433	(   0.40817    1.974602   1.002492 )	3.398709 0.009651 -0.009651 
1434	(   0.40848    1.973668   1.000007 )	3.397827 -0.000310 0.000310 
1435	(   0.408413   1.973425   1.000265 )	3.396301 0.000001 -0.000001 
1436	(   0.408269   1.973813   1.000284 )	3.398686 -0.000001 0.000001 
1437	(   0.408391   1.972882   1.000263 )	3.393619 -0.000990 0.000990 
1438	(   0.40869    1.973227   0.999414 )	3.396086 -0.002364 0.002364 
1439	(   0.408241   1.973524   0.999492 )	3.398850 -0.003773 0.003773 
1440	(   0.408399   1.972762   1.001492 )	3.390599 0.003783 -0.003783 

BBE ( SOL ) BBO
1441	(   0.408377   1.973887   0.998986 )	3.401254 -0.004543 0.004543 
1442	(   0.408487   1.973909   1.000008 )	3.399027 0.000117 -0.000117 
1443	(   0.407662   1.970447   1.002382 )	3.379450 0.000037 -0.000037 
1444	(   0.408344   1.973403   1.000358 )	3.396222 0.000001 -0.000001 
1445	(   0.40842    1.973343   1.000289 )	3.395817 -0.000000 0.000000 
1446	(   0.408722   1.973942   0.99968  )	3.399101 0.000006 -0.000006 
1447	(   0.408232   1.973346   1.000518 )	3.395976 0.000001 -0.000001 
1448	(   0.408384   1.971888   1.000918 )	3.387327 -0.000001 0.000001 
1449	(   0.408275   1.967523   1.002805 )	3.361935 0.000036 -0.000036 
1450	(   0.408729   1.97039    1.001099 )	3.378309 -0.000001 0.000001 
1451	(   0.408722   1.973942   0.99968  )	3.399099 0.000008 -0.000008 
1452	(   0.409765   1.965896   1.001642 )	3.351328 -0.000011 0.000011 
1453	(   0.409542   1.969578   1.000436 )	3.372947 -0.000000 0.000000 
1454	(   0.409765   1.96589    1.001642 )	3.351298 -0.000020 0.000020 
1455	(   0.412908   1.958278   1.000877 )	3.304784 -0.000136 0.000136 
1456	(   0.406881   1.974078   1.001859 )	3.401315 -0.000051 0.000051 
1457	(   0.408891   1.97569    0.998757 )	3.409256 -0.000025 0.000025 
1458	(   0.409096   1.970478   1.000612 )	3.378553 -0.000020 0.000020 
1459	(   0.408678   1.973178   1.000049 )	3.394639 0.000036 -0.000036 
1460	(   0.411542   1.967578   1.000946 )	3.355624 0.008562 -0.008562 
1461	(   0.410348   1.96479    0.999099 )	3.348848 -0.009142 0.009142 
1462	(   0.409949   1.967078   0.998436 )	3.362917 -0.010035 0.010035 
1463	(   0.409032   1.959578   1.000837 )	3.323376 -0.016953 0.016953 
1464	(   0.40711    1.97599    1.003099 )	3.407900 0.009142 -0.009142 
1465	(   0.409498   1.969778   1.000441 )	3.374087 0.000128 -0.000128 
1466	(   0.412908   1.958283   1.000877 )	3.304809 -0.000128 0.000128 
1467	(   0.409663   1.969503   1.000319 )	3.372417 0.000001 -0.000001 
1468	(   0.410026   1.969278   0.999968 )	3.370828 0.000004 -0.000004 
1469	(   0.410122   1.971627   0.9989   )	3.384495 0.000004 -0.000004 
1470	(   0.411725   1.961875   1.00089  )	3.326456 0.000002 -0.000002 
1471	(   0.409096   1.970493   1.000612 )	3.378629 0.000004 -0.000004 
1472	(   0.408678   1.973155   1.000049 )	3.394522 -0.000001 0.000001 
1473	(   0.408778   1.965861   1.002436 )	3.352694 -0.001673 0.001673 
1474	(   0.41031    1.964503   1.000762 )	3.344311 -0.003139 0.003139 
1475	(   0.410907   1.964578   0.999471 )	3.345324 -0.005282 0.005282 
1476	(   0.407542   1.967746   0.999127 )	3.372458 -0.017931 0.017931 
1477	(   0.409016   1.974503   0.999876 )	3.400646 0.003137 -0.003137 
1478	(   0.409562   1.969713   1.000423 )	3.373593 0.000263 -0.000263 
1479	(   0.409943   1.970086   0.999741 )	3.375614 -0.000004 0.000004 
1480	(   0.409076   1.970106   1.000792 )	3.376383 0.000004 -0.000004 

BBE ( SOL ) BBO
1481	(   0.410164   1.967578   1.001109 )	3.359600 0.002503 -0.002503 
1482	(   0.410663   1.968124   0.999527 )	3.363864 -0.000517 0.000517 
1483	(   0.408542   1.969052   1.000969 )	3.372375 -0.003589 0.003589 
1484	(   0.409236   1.967851   0.999436 )	3.367107 -0.008275 0.008275 
1485	(   0.408663   1.970882   1.001111 )	3.380983 0.000517 -0.000517 
1486	(   0.409547   1.969627   1.000432 )	3.373187 0.000087 -0.000087 
1487	(   0.408606   1.970732   1.001111 )	3.380402 -0.000005 0.000005 
1488	(   0.40867    1.970542   1.001111 )	3.379240 0.000003 -0.000003 
1489	(   0.409096   1.970493   1.000612 )	3.378629 0.000004 -0.000004 
1490	(   0.408678   1.973155   1.00005  )	3.394521 0.000001 -0.000001 
1491	(   0.410042   1.969317   1.000462 )	3.370017 0.002122 -0.002122 
1492	(   0.409401   1.968578   1.000648 )	3.367922 -0.001453 0.001453 
1493	(   0.410118   1.969182   0.999819 )	3.370345 -0.000300 0.000300 
1494	(   0.409569   1.969987   1.000936 )	3.373962 0.002797 -0.002797 
1495	(   0.409208   1.969824   1.000819 )	3.374491 0.000303 -0.000303 
1496	(   0.409632   1.97023    1.0002   )	3.376424 0.000544 -0.000544 
1497	(   0.412908   1.958283   1.000877 )	3.304810 -0.000127 0.000127 
1498	(   0.409738   1.969232   1.000341 )	3.370774 0.000016 -0.000016 
1499	(   0.409272   1.970162   1.000676 )	3.376281 0.000583 -0.000583 
1500	(   0.409688   1.971226   0.999597 )	3.382463 0.000015 -0.000015 
1501	(   0.408969   1.970599   1.000724 )	3.379347 -0.000000 0.000000 
1502	(   0.409862   1.969316   1.000119 )	3.371239 -0.000131 0.000131 
1503	(   0.409437   1.969707   1.000636 )	3.373538 0.000497 -0.000497 
1504	(   0.409588   1.970078   1.000409 )	3.375387 0.000922 -0.000922 
1505	(   0.409742   1.969502   1.000549 )	3.371718 0.001304 -0.001304 
1506	(   0.409464   1.96969    1.000519 )	3.373596 0.000132 -0.000132 
1507	(   0.409541   1.969572   1.000433 )	3.372929 -0.000027 0.000027 
1508	(   0.409537   1.96949    1.000473 )	3.372451 -0.000022 0.000022 
1509	(   0.409633   1.969311   1.000383 )	3.371415 -0.000201 0.000201 
1510	(   0.40884    1.969701   1.001245 )	3.374194 0.000012 -0.000012 
1511	(   0.409667   1.96999    1.000117 )	3.375259 -0.000003 0.000003 
1512	(   0.409442   1.969703   1.000494 )	3.373780 -0.000055 0.000055 
1513	(   0.409538   1.969748   1.000336 )	3.374016 -0.000149 0.000149 
1514	(   0.409589   1.969575   1.000219 )	3.373207 -0.000643 0.000643 
1515	(   0.409737   1.969431   1.000419 )	3.371628 0.000644 -0.000644 
1516	(   0.409442   1.969394   1.000363 )	3.372472 -0.001079 0.001079 
1517	(   0.409544   1.969577   1.000437 )	3.372933 0.000013 -0.000013 
1518	(   0.409645   1.969409   1.000348 )	3.371945 -0.000124 0.000124 
1519	(   0.409493   1.969588   1.000486 )	3.373058 -0.000025 0.000025 
1520	(   0.409704   1.969804   1.000144 )	3.374149 -0.000014 0.000014 

BBE ( SOL ) BBO
1521	(   0.409584   1.969634   1.000364 )	3.373237 0.000006 -0.000006 
1522	(   0.409664   1.969747   1.000218 )	3.373845 -0.000007 0.000007 
1523	(   0.409604   1.969662   1.000328 )	3.373389 0.000003 -0.000003 
1524	(   0.409592   1.969497   1.00045  )	3.372354 0.000169 -0.000169 
1525	(   0.409492   1.969486   1.000481 )	3.372550 -0.000216 0.000216 
1526	(   0.409555   1.969645   1.000486 )	3.373150 0.000373 -0.000373 
1527	(   0.409651   1.969425   1.000269 )	3.372159 -0.000383 0.000383 
1528	(   0.409675   1.969581   1.000369 )	3.372675 0.000385 -0.000385 
1529	(   0.409554   1.969598   1.000419 )	3.373045 0.000024 -0.000024 
1530	(   0.409545   1.96949    1.000473 )	3.372425 0.000018 -0.000018 
1531	(   0.409586   1.969311   1.000383 )	3.371562 -0.000430 0.000430 
1532	(   0.409622   1.969528   1.000358 )	3.372599 -0.000004 0.000004 
1533	(   0.409613   1.969555   1.00036  )	3.372758 -0.000001 0.000001 
1534	(   0.409608   1.969429   1.000416 )	3.372026 -0.000003 0.000003 
1535	(   0.409607   1.969487   1.000394 )	3.372367 -0.000002 0.000002 
1536	(   0.409605   1.969604   1.00035  )	3.373048 0.000001 -0.000001 
1537	(   0.409606   1.969516   1.000383 )	3.372537 -0.000001 0.000001 
1538	(   0.409595   1.96951    1.000399 )	3.372510 0.000001 -0.000001 
1539	(   0.409594   1.969545   1.000387 )	3.372712 0.000002 -0.000002 
1540	(   0.409603   1.969523   1.000384 )	3.372581 -0.000000 0.000000 
1541	(   0.409611   1.969559   1.00036  )	3.372787 -0.000001 0.000001 
1542	(   0.409599   1.969522   1.00039  )	3.372579 0.000001 -0.000001 
1543	(   0.409787   1.969359   1.000227 )	3.371482 -0.000000 0.000000 
1544	(   0.410337   1.968866   0.999755 )	3.368187 -0.000000 0.000000 
1545	(   0.411988   1.967386   0.998339 )	3.358316 0.000004 -0.000004 
1546	(   0.409726   1.969805   1.000121 )	3.374133 -0.000000 0.000000 
1547	(   0.410512   1.968724   0.99975  )	3.366938 0.000604 -0.000604 
1548	(   0.410276   1.96892    0.999807 )	3.368553 -0.000001 0.000001 
1549	(   0.409726   1.969414   1.000279 )	3.371849 -0.000000 0.000000 
1550	(   0.410092   1.969084   0.999964 )	3.369650 -0.000001 0.000001 
1551	(   0.411988   1.967386   0.998339 )	3.358314 0.000003 -0.000003 
1552	(   0.410169   1.969118   0.999859 )	3.369785 0.000001 -0.000001 
1553	(   0.410045   1.969797   0.999734 )	3.373850 -0.000000 0.000000 
1554	(   0.410387   1.968877   0.999689 )	3.368215 -0.000001 0.000001 
1555	(   0.409891   1.969573   1.000013 )	3.372652 -0.000000 0.000000 
1556	(   0.411988   1.967386   0.998339 )	3.358314 0.000002 -0.000002 
1557	(   0.410537   1.96891    0.999492 )	3.368297 -0.000005 0.000005 
1558	(   0.409571   1.967827   1.001106 )	3.362710 0.000000 -0.000000 
1559	(   0.407122   1.964677   1.005357 )	3.346271 0.000194 -0.000194 
1560	(   0.410537   1.96891    0.999492 )	3.368296 -0.000004 0.000004 

BBE ( SOL ) BBO
1561	(   0.410145   1.968267   1.00023  )	3.364838 -0.000004 0.000004 
1562	(   0.410314   1.970713   0.999035 )	3.379001 -0.000000 0.000000 
1563	(   0.409906   1.967795   1.000712 )	3.362266 0.000001 -0.000001 
1564	(   0.409895   1.969129   1.000188 )	3.370056 0.000001 -0.000001 
1565	(   0.410911   1.967699   0.99953  )	3.360939 0.000012 -0.000012 
1566	(   0.410752   1.966919   1.000035 )	3.356519 -0.000004 0.000004 
1567	(   0.411088   1.968641   0.998929 )	3.366311 0.000001 -0.000001 
1568	(   0.410064   1.965827   1.002345 )	3.348695 0.004158 -0.004158 
1569	(   0.409503   1.968306   1.006106 )	3.355694 0.020658 -0.020658 
1570	(   0.407571   1.967346   1.001223 )	3.366290 -0.010046 0.010046 
1571	(   0.410153   1.967955   1.005712 )	3.352657 0.021656 -0.021656 
1572	(   0.409659   1.967635   0.995712 )	3.371922 -0.021354 0.021354 
1573	(   0.40915    1.969702   0.999891 )	3.375854 -0.003897 0.003897 
1574	(   0.41077    1.966324   1.000254 )	3.353038 -0.000001 0.000001 
1575	(   0.414367   1.961815   0.997698 )	3.324115 -0.000029 0.000029 
1576	(   0.409511   1.96804    1.001093 )	3.363998 -0.000001 0.000001 
1577	(   0.409622   1.965805   1.001855 )	3.350904 0.000000 -0.000000 
1578	(   0.414367   1.961815   0.997654 )	3.324200 -0.000204 0.000204 
1579	(   0.406178   1.964248   1.006655 )	3.344565 0.000208 -0.000208 
1580	(   0.415792   1.975488   0.990254 )	3.403336 0.000023 -0.000023 
1581	(   0.415469   1.975563   0.990655 )	3.403936 0.000121 -0.000121 
1582	(   0.4099     1.965639   1.001555 )	3.349780 -0.000121 0.000121 
1583	(   0.409815   1.968429   1.000555 )	3.366056 -0.000049 0.000049 
1584	(   0.414622   1.962838   0.997455 )	3.328936 0.001907 -0.001907 
1585	(   0.40612    1.960805   0.999455 )	3.341238 -0.034627 0.034627 
1586	(   0.410682   1.963857   1.011855 )	3.318659 0.042842 -0.042842 
1587	(   0.405854   1.961324   0.999454 )	3.344679 -0.035094 0.035094 
1588	(   0.415686   1.971324   1.001054 )	3.361432 0.035312 -0.035312 
1589	(   0.407625   1.970993   1.006455 )	3.374452 0.017242 -0.017242 
1590	(   0.406178   1.964248   1.006658 )	3.344559 0.000220 -0.000220 
1591	(   0.408539   1.966505   1.002884 )	3.355822 0.000002 -0.000002 
1592	(   0.408807   1.965596   1.002923 )	3.350330 0.000003 -0.000003 
1593	(   0.4099     1.965639   1.001584 )	3.349724 -0.000005 0.000005 
1594	(   0.409815   1.968429   1.000566 )	3.366035 -0.000005 0.000005 
1595	(   0.411622   1.965669   0.999565 )	3.348418 0.000329 -0.000329 
1596	(   0.409493   1.967805   1.000406 )	3.364196 -0.003221 0.003221 
1597	(   0.41277    1.96774    1.000766 )	3.352969 0.014082 -0.014082 
1598	(   0.40877    1.964908   0.999742 )	3.353109 -0.014058 0.014058 
1599	(   0.408662   1.965163   0.996855 )	3.360314 -0.025662 0.025662 
1600	(   0.409631   1.963877   1.00398  )	3.337081 0.005515 -0.005515 

BBE ( SOL ) BBO
1601	(   0.40843    1.966589   1.002982 )	3.356396 0.000002 -0.000002 
1602	(   0.410497   1.967434   1.000139 )	3.359711 0.000002 -0.000002 
1603	(   0.409056   1.96533    1.003855 )	3.346422 0.004552 -0.004552 
1604	(   0.409557   1.964805   1.00083  )	3.348043 -0.006042 0.006042 
1605	(   0.40977    1.965813   1.001413 )	3.351336 -0.001044 0.001044 
1606	(   0.41177    1.966835   0.999095 )	3.354746 0.001061 -0.001061 
1607	(   0.408622   1.966091   1.000994 )	3.357120 -0.007863 0.007863 
1608	(   0.409638   1.965817   1.001854 )	3.350916 0.000093 -0.000093 
1609	(   0.411582   1.965639   1.000427 )	3.346724 0.003537 -0.003537 
1610	(   0.409379   1.965454   1.002291 )	3.349051 0.000011 -0.000011 
1611	(   0.4099     1.965639   1.001584 )	3.349727 -0.000004 0.000004 
1612	(   0.409815   1.968429   1.000566 )	3.366036 -0.000004 0.000004 
1613	(   0.409945   1.965828   1.002855 )	3.348088 0.005639 -0.005639 
1614	(   0.41073    1.965824   1.000114 )	3.350912 -0.001565 0.001565 
1615	(   0.410122   1.965762   1.001212 )	3.350372 -0.000220 0.000220 
1616	(   0.409641   1.966305   1.001783 )	3.353502 0.000611 -0.000611 
1617	(   0.41081    1.966824   1.000394 )	3.355164 0.001563 -0.001563 
1618	(   0.409613   1.9658     1.001852 )	3.350911 -0.000061 0.000061 
1619	(   0.409452   1.965796   1.002855 )	3.349465 0.003188 -0.003188 
1620	(   0.410285   1.965967   1.000972 )	3.351361 -0.000057 0.000057 
1621	(   0.410857   1.965833   1.000347 )	3.350115 0.000002 -0.000002 
1622	(   0.409822   1.965698   1.001913 )	3.349634 0.001037 -0.001037 
1623	(   0.40952    1.965605   1.001759 )	3.350398 -0.001203 0.001203 
1624	(   0.409587   1.965784   1.002355 )	3.349942 0.001812 -0.001812 
1625	(   0.410673   1.966124   1.000447 )	3.351958 -0.000024 0.000024 
1626	(   0.410867   1.966524   1.000061 )	3.354118 0.000021 -0.000021 
1627	(   0.409585   1.965925   1.001834 )	3.351668 -0.000069 0.000069 
1628	(   0.409687   1.965728   1.00178  )	3.350461 -0.000110 0.000110 
1629	(   0.410684   1.966321   1.000061 )	3.353665 -0.001196 0.001196 
1630	(   0.410235   1.965934   1.001058 )	3.351188 -0.000011 0.000011 
1631	(   0.409593   1.965574   1.001983 )	3.349584 0.000003 -0.000003 
1632	(   0.409722   1.965786   1.001979 )	3.350259 0.000953 -0.000953 
1633	(   0.409638   1.965905   1.001864 )	3.351340 0.000276 -0.000276 
1634	(   0.409683   1.965799   1.001655 )	3.351074 -0.000517 0.000517 
1635	(   0.41087    1.966235   1.000182 )	3.352417 0.000053 -0.000053 
1636	(   0.41067    1.966413   1.000326 )	3.353659 -0.000056 0.000056 
1637	(   0.40962    1.965804   1.001856 )	3.350904 -0.000007 0.000007 
1638	(   0.409712   1.965734   1.001797 )	3.350381 0.000090 -0.000090 
1639	(   0.410736   1.966235   1.000326 )	3.352554 -0.000020 0.000020 
1640	(   0.40951    1.965706   1.002031 )	3.350419 0.000004 -0.000004 

BBE ( SOL ) BBO
1641	(   0.409802   1.965656   1.001696 )	3.349898 -0.000003 0.000003 
1642	(   0.409636   1.965855   1.001812 )	3.351193 -0.000021 0.000021 
1643	(   0.409672   1.965801   1.001906 )	3.350632 0.000444 -0.000444 
1644	(   0.409598   1.965833   1.001955 )	3.350927 0.000333 -0.000333 
1645	(   0.410749   1.966328   1.000354 )	3.352929 0.000307 -0.000307 
1646	(   0.41079    1.966319   1.000154 )	3.353147 -0.000310 0.000310 
1647	(   0.409621   1.965804   1.001854 )	3.350903 -0.000007 0.000007 
1648	(   0.409631   1.9658     1.001852 )	3.350855 0.000027 -0.000027 
1649	(   0.410768   1.966324   1.00025  )	3.353051 -0.000027 0.000027 
1650	(   0.409549   1.965739   1.001971 )	3.350580 0.000005 -0.000005 
1651	(   0.409499   1.965697   1.00205  )	3.350365 0.000014 -0.000014 
1652	(   0.409591   1.965777   1.001903 )	3.350769 -0.000002 0.000002 
1653	(   0.4096     1.965786   1.001888 )	3.350814 -0.000003 0.000003 
1654	(   0.409561   1.965751   1.00195  )	3.350639 0.000003 -0.000003 
1655	(   0.409673   1.965849   1.001775 )	3.351122 -0.000003 0.000003 
1656	(   0.409551   1.965742   1.001967 )	3.350595 0.000002 -0.000002 
1657	(   0.409614   1.965798   1.001866 )	3.350873 -0.000003 0.000003 
1658	(   0.409575   1.965763   1.001929 )	3.350697 0.000001 -0.000001 
1659	(   0.409433   1.965637   1.002151 )	3.350078 0.000005 -0.000005 
1660	(   0.409598   1.965725   1.001916 )	3.350458 0.000005 -0.000005 
1661	(   0.409654   1.965803   1.001817 )	3.350872 -0.000000 0.000000 
1662	(   0.409749   1.9658     1.001703 )	3.350775 -0.000001 0.000001 
1663	(   0.409606   1.965697   1.001917 )	3.350288 0.000000 -0.000000 
1664	(   0.4097     1.965498   1.001882 )	3.349060 -0.000004 0.000004 
1665	(   0.409574   1.965512   1.00203  )	3.349238 0.000000 -0.000000 
1666	(   0.409479   1.964957   1.002368 )	3.346091 0.000002 -0.000002 
1667	(   0.409293   1.96566    1.002311 )	3.350322 -0.000000 0.000000 
1668	(   0.409415   1.965589   1.002191 )	3.349812 0.000000 -0.000000 
1669	(   0.409771   1.965538   1.001782 )	3.349237 0.000001 -0.000001 
1670	(   0.409412   1.96563    1.002178 )	3.350051 -0.000000 0.000000 
1671	(   0.409478   1.964957   1.002368 )	3.346091 0.000001 -0.000001 
1672	(   0.40919    1.963293   1.003382 )	3.336664 0.000018 -0.000018 
1673	(   0.409478   1.964957   1.002368 )	3.346090 0.000001 -0.000001 
1674	(   0.40919    1.963292   1.003382 )	3.336658 0.000016 -0.000016 
1675	(   0.408984   1.963292   1.003626 )	3.336830 0.000002 -0.000002 
1676	(   0.407599   1.967157   1.003757 )	3.360358 0.000000 -0.000000 
1677	(   0.409328   1.965457   1.002349 )	3.349112 -0.000000 0.000000 
1678	(   0.409189   1.965337   1.002565 )	3.348524 0.000001 -0.000001 
1679	(   0.40859    1.965292   1.003306 )	3.348736 0.000006 -0.000006 
1680	(   0.407948   1.965571   1.003966 )	3.350871 0.000001 -0.000001 

BBE ( SOL ) BBO
1681	(   0.40948    1.961875   1.003593 )	3.328232 -0.000001 0.000001 
1682	(   0.409936   1.951129   1.007293 )	3.266100 0.000016 -0.000016 
1683	(   0.40859    1.965292   1.003349 )	3.348653 0.000180 -0.000180 
1684	(   0.408685   1.963283   1.003993 )	3.337010 0.000021 -0.000021 
1685	(   0.409396   1.972087   0.999649 )	3.387636 0.000186 -0.000186 
1686	(   0.409466   1.965409   1.002249 )	3.348633 0.000191 -0.000191 
1687	(   0.409425   1.965575   1.002149 )	3.349790 -0.000144 0.000144 
1688	(   0.411328   1.963802   1.004549 )	3.330339 0.015942 -0.015942 
1689	(   0.408801   1.960457   0.999349 )	3.331362 -0.022618 0.022618 
1690	(   0.408733   1.964347   1.012349 )	3.326233 0.036213 -0.036213 
1691	(   0.410938   1.956875   0.993693 )	3.317638 -0.040423 0.040423 
1692	(   0.408022   1.966875   1.013493 )	3.338957 0.041569 -0.041569 
1693	(   0.409284   1.965564   1.002249 )	3.349981 -0.000445 0.000445 
1694	(   0.409936   1.951129   1.007325 )	3.266039 0.000147 -0.000147 
1695	(   0.409454   1.961875   1.003625 )	3.328251 0.000003 -0.000003 
1696	(   0.40863    1.961757   1.004658 )	3.328239 0.000001 -0.000001 
1697	(   0.409466   1.965409   1.002202 )	3.348724 0.000002 -0.000002 
1698	(   0.409425   1.965575   1.002184 )	3.349723 -0.000003 0.000003 
1699	(   0.409824   1.963457   1.00029  )	3.341464 -0.009077 0.009077 
1700	(   0.408892   1.964201   1.007349 )	3.334549 0.016154 -0.016154 
1701	(   0.408328   1.964954   0.999381 )	3.355413 -0.017573 0.017573 
1702	(   0.409885   1.96016    0.998593 )	3.327961 -0.020860 0.020860 
1703	(   0.409075   1.96359    1.008593 )	3.328534 0.021157 -0.021157 
1704	(   0.409297   1.965658   1.002518 )	3.349896 0.000853 -0.000853 
1705	(   0.408649   1.961757   1.004635 )	3.328224 0.000000 -0.000000 
1706	(   0.406156   1.961403   1.007761 )	3.328224 0.000087 -0.000087 
1707	(   0.407754   1.962281   1.005497 )	3.331987 -0.000000 0.000000 
1708	(   0.409827   1.959889   1.003966 )	3.316478 -0.000001 0.000001 
1709	(   0.410868   1.953931   1.005085 )	3.281350 -0.000006 0.000006 
1710	(   0.409363   1.959838   1.004541 )	3.316563 -0.000000 0.000000 
1711	(   0.410868   1.953931   1.005066 )	3.281386 -0.000083 0.000083 
1712	(   0.407971   1.959685   1.006241 )	3.316869 -0.000073 0.000073 
1713	(   0.409778   1.960437   1.003766 )	3.319760 -0.000168 0.000168 
1714	(   0.410449   1.951155   1.006641 )	3.265879 -0.000140 0.000140 
1715	(   0.407849   1.957127   1.007441 )	3.302163 0.000150 -0.000150 
1716	(   0.408958   1.963375   1.003641 )	3.337299 0.000070 -0.000070 
1717	(   0.412617   1.954838   1.001841 )	3.286646 -0.003228 0.003228 
1718	(   0.40512    1.955719   1.014541 )	3.290171 0.014083 -0.014083 
1719	(   0.413781   1.961356   1.014541 )	3.291445 0.065007 -0.065007 
1720	(   0.407417   1.954889   1.001266 )	3.304064 -0.030528 0.030528 

BBE ( SOL ) BBO
1721	(   0.412237   1.964889   1.006666 )	3.328917 0.030729 -0.030729 
1722	(   0.40939    1.959974   1.004241 )	3.317734 -0.000867 0.000867 
1723	(   0.407971   1.959685   1.006266 )	3.316822 0.000029 -0.000029 
1724	(   0.408379   1.961876   1.00491  )	3.329134 -0.000003 0.000003 
1725	(   0.409373   1.958121   1.005207 )	3.306663 -0.000003 0.000003 
1726	(   0.407849   1.957127   1.007433 )	3.302178 0.000117 -0.000117 
1727	(   0.408958   1.963375   1.00362  )	3.337339 -0.000015 0.000015 
1728	(   0.410839   1.957838   1.003676 )	3.303629 0.000423 -0.000423 
1729	(   0.407363   1.958332   1.004975 )	3.314392 -0.010325 0.010325 
1730	(   0.409642   1.959698   1.009541 )	3.305469 0.021551 -0.021551 
1731	(   0.410955   1.959576   1.008966 )	3.301884 0.025346 -0.025346 
1732	(   0.408699   1.960202   0.998966 )	3.331134 -0.025049 0.025049 
1733	(   0.409396   1.959897   1.004489 )	3.316855 0.000044 -0.000044 
1734	(   0.408021   1.961381   1.005531 )	3.326574 -0.000008 0.000008 
1735	(   0.407388   1.961705   1.006161 )	3.328963 0.000006 -0.000006 
1736	(   0.410363   1.959808   1.003694 )	3.314931 0.001363 -0.001363 
1737	(   0.409391   1.958838   1.004814 )	3.310945 -0.000361 0.000361 
1738	(   0.409924   1.958889   1.005054 )	3.309091 0.003273 -0.003273 
1739	(   0.409791   1.959986   1.006541 )	3.312159 0.010443 -0.010443 
1740	(   0.40973    1.960889   1.002878 )	3.323877 -0.003261 0.003261 
1741	(   0.409344   1.960001   1.004485 )	3.317545 -0.000058 0.000058 
1742	(   0.410044   1.96022    1.003585 )	3.318197 0.000039 -0.000039 
1743	(   0.409902   1.96025    1.003708 )	3.318549 -0.000101 0.000101 
1744	(   0.407351   1.962695   1.005816 )	3.334712 0.000002 -0.000002 
1745	(   0.409208   1.96059    1.004429 )	3.321030 0.000002 -0.000002 
1746	(   0.409596   1.959338   1.00503  )	3.312403 0.002307 -0.002307 
1747	(   0.409291   1.960049   1.005541 )	3.315934 0.004050 -0.004050 
1748	(   0.410327   1.959895   1.003548 )	3.315763 0.000739 -0.000739 
1749	(   0.409863   1.96006    1.004498 )	3.316207 0.002603 -0.002603 
1750	(   0.409327   1.959882   1.004384 )	3.317195 -0.000740 0.000740 
1751	(   0.409357   1.959838   1.004527 )	3.316613 -0.000088 0.000088 
1752	(   0.409914   1.959903   1.003784 )	3.316630 -0.000296 0.000296 
1753	(   0.409387   1.959851   1.004241 )	3.317131 -0.001077 0.001077 
1754	(   0.410911   1.95883    1.003093 )	3.309488 0.000013 -0.000013 
1755	(   0.408744   1.960743   1.004921 )	3.322297 -0.000005 0.000005 
1756	(   0.409563   1.959817   1.004977 )	3.315006 0.002704 -0.002704 
1757	(   0.409379   1.959638   1.004436 )	3.315712 -0.000671 0.000671 
1758	(   0.409543   1.959894   1.004041 )	3.317242 -0.001063 0.001063 
1759	(   0.409821   1.959852   1.004466 )	3.315361 0.001934 -0.001934 
1760	(   0.409834   1.959925   1.003466 )	3.317596 -0.001934 0.001934 

BBE ( SOL ) BBO
1761	(   0.409357   1.959866   1.004557 )	3.316695 0.000081 -0.000081 
1762	(   0.409384   1.959782   1.004557 )	3.316189 0.000076 -0.000076 
1763	(   0.409722   1.959971   1.00403  )	3.317097 -0.000119 0.000119 
1764	(   0.408888   1.959991   1.005039 )	3.317851 -0.000032 0.000032 
1765	(   0.409177   1.960048   1.004675 )	3.317937 -0.000017 0.000017 
1766	(   0.409755   1.960163   1.003948 )	3.318110 0.000019 -0.000019 
1767	(   0.409322   1.960077   1.004494 )	3.317980 -0.000009 0.000009 
1768	(   0.409412   1.959738   1.004629 )	3.315743 0.000431 -0.000431 
1769	(   0.409263   1.959797   1.004579 )	3.316599 -0.000396 0.000396 
1770	(   0.409784   1.959873   1.004166 )	3.316155 0.000573 -0.000573 
1771	(   0.409362   1.959793   1.004341 )	3.316725 -0.000887 0.000887 
1772	(   0.409871   1.959904   1.003766 )	3.316802 -0.000576 0.000576 
1773	(   0.409361   1.959845   1.004537 )	3.316613 -0.000015 0.000015 
1774	(   0.409914   1.959903   1.004128 )	3.315975 0.001097 -0.001097 
1775	(   0.409412   1.959861   1.004476 )	3.316654 0.000011 -0.000011 
1776	(   0.40937    1.960006   1.00447  )	3.317519 0.000016 -0.000016 
1777	(   0.409363   1.959885   1.00452  )	3.316839 -0.000007 0.000007 
1778	(   0.409287   1.960005   1.00456  )	3.317600 -0.000022 0.000022 
1779	(   0.409381   1.959897   1.004497 )	3.316891 0.000003 -0.000003 
1780	(   0.409416   1.95967    1.004545 )	3.315548 0.000006 -0.000006 
1781	(   0.409464   1.959466   1.004571 )	3.314333 0.000013 -0.000013 
1782	(   0.40941    1.959718   1.004535 )	3.315829 0.000013 -0.000013 
1783	(   0.409375   1.959843   1.004524 )	3.316587 -0.000002 0.000002 
1784	(   0.409375   1.959817   1.004641 )	3.316234 0.000429 -0.000429 
1785	(   0.409341   1.959888   1.004592 )	3.316785 0.000179 -0.000179 
1786	(   0.409413   1.959861   1.004537 )	3.316533 0.000261 -0.000261 
1787	(   0.409877   1.959846   1.004034 )	3.315980 0.000447 -0.000447 
1788	(   0.409777   1.959931   1.003898 )	3.316977 -0.000449 0.000449 
1789	(   0.409363   1.959837   1.00454  )	3.316564 -0.000009 0.000009 
1790	(   0.409364   1.95982    1.004529 )	3.316493 -0.000072 0.000072 
1791	(   0.409865   1.959897   1.004015 )	3.316309 0.000394 -0.000394 
1792	(   0.409382   1.959834   1.004521 )	3.316521 0.000007 -0.000007 
1793	(   0.409378   1.959847   1.004521 )	3.316600 0.000004 -0.000004 
1794	(   0.409368   1.959872   1.004521 )	3.316760 -0.000003 0.000003 
1795	(   0.40937    1.959866   1.004521 )	3.316720 -0.000002 0.000002 
1796	(   0.409359   1.959801   1.00456  )	3.316355 -0.000005 0.000005 
1797	(   0.409375   1.959873   1.004513 )	3.316757 0.000001 -0.000001 
1798	(   0.409383   1.959818   1.004585 )	3.316320 0.000245 -0.000245 
1799	(   0.409343   1.959824   1.00456  )	3.316519 -0.000040 0.000040 
1800	(   0.409835   1.959909   1.003963 )	3.316558 0.000060 -0.000060 

BBE ( SOL ) BBO
1801	(   0.409819   1.959869   1.003969 )	3.316399 -0.000062 0.000062 
1802	(   0.409366   1.959822   1.004491 )	3.316572 -0.000214 0.000214 
1803	(   0.40936    1.959845   1.004541 )	3.316608 -0.000003 0.000003 
1804	(   0.409378   1.95982    1.004533 )	3.316445 0.000007 -0.000007 
1805	(   0.409829   1.959887   1.003966 )	3.316463 0.000008 -0.000008 
1806	(   0.409372   1.959837   1.004531 )	3.316551 0.000001 -0.000001 
1807	(   0.409372   1.959822   1.004537 )	3.316466 0.000002 -0.000002 
1808	(   0.409365   1.959855   1.004533 )	3.316660 0.000003 -0.000003 
1809	(   0.409372   1.959846   1.004526 )	3.316605 -0.000001 0.000001 
1810	(   0.409363   1.959807   1.004553 )	3.316389 -0.000001 0.000001 
1811	(   0.409357   1.959775   1.004573 )	3.316205 -0.000002 0.000002 
1812	(   0.409359   1.959808   1.004557 )	3.316397 0.000001 -0.000001 
1813	(   0.409352   1.959799   1.004569 )	3.316348 -0.000001 0.000001 
1814	(   0.409342   1.95978    1.004588 )	3.316246 -0.000002 0.000002 
1815	(   0.409359   1.959821   1.004552 )	3.316470 -0.000002 0.000002 
1816	(   0.409359   1.959811   1.004556 )	3.316415 -0.000000 0.000000 
1817	(   0.409353   1.959824   1.004558 )	3.316495 0.000000 -0.000000 
1818	(   0.409356   1.95982    1.004557 )	3.316468 -0.000000 0.000000 
1819	(   0.409319   1.959682   1.004654 )	3.315703 -0.000004 0.000004 
1820	(   0.409348   1.959733   1.0046   )	3.315971 -0.000000 0.000000 
1821	(   0.409315   1.959498   1.004733 )	3.314641 0.000000 -0.000000 
1822	(   0.409216   1.958792   1.00513  )	3.310653 0.000003 -0.000003 
1823	(   0.409316   1.959744   1.004634 )	3.316061 0.000000 -0.000000 
1824	(   0.409464   1.959466   1.004652 )	3.314179 0.000340 -0.000340 
1825	(   0.409298   1.959496   1.004754 )	3.314648 0.000001 -0.000001 
1826	(   0.409341   1.959739   1.004606 )	3.316013 -0.000000 0.000000 
1827	(   0.409245   1.959492   1.004819 )	3.314667 0.000001 -0.000001 
1828	(   0.409247   1.95935    1.004581 )	3.314404 -0.001186 0.001186 
1829	(   0.409331   1.95944    1.005    )	3.313792 0.001068 -0.001068 
1830	(   0.409354   1.959569   1.004659 )	3.315023 -0.000000 0.000000 
1831	(   0.409342   1.959509   1.005233 )	3.313662 0.002181 -0.002181 
1832	(   0.409339   1.959598   1.004665 )	3.315197 0.000002 -0.000002 
1833	(   0.409422   1.959396   1.004601 )	3.314055 -0.000181 0.000181 
1834	(   0.409515   1.959484   1.004673 )	3.314068 0.000704 -0.000704 
1835	(   0.409174   1.959596   1.004907 )	3.315241 0.000182 -0.000182 
1836	(   0.409313   1.959497   1.004729 )	3.314651 -0.000028 0.000028 
1837	(   0.409313   1.959559   1.004697 )	3.315023 -0.000056 0.000056 
1838	(   0.409229   1.95944    1.004885 )	3.314328 0.000107 -0.000107 
1839	(   0.409337   1.959461   1.004721 )	3.314411 0.000000 -0.000000 
1840	(   0.409335   1.959321   1.004779 )	3.313610 0.000000 -0.000000 

BBE ( SOL ) BBO
1841	(   0.409328   1.958904   1.004952 )	3.311207 0.000001 -0.000001 
1842	(   0.409309   1.95765    1.005471 )	3.304007 0.000007 -0.000007 
1843	(   0.409216   1.958792   1.00513  )	3.310659 0.000003 -0.000003 
1844	(   0.409366   1.959321   1.004741 )	3.313584 -0.000001 0.000001 
1845	(   0.409305   1.959284   1.00483  )	3.313418 0.000001 -0.000001 
1846	(   0.409341   1.959498   1.004701 )	3.314622 -0.000002 0.000002 
1847	(   0.409428   1.958827   1.005045 )	3.310336 0.000740 -0.000740 
1848	(   0.409236   1.959121   1.005778 )	3.311008 0.003261 -0.003261 
1849	(   0.409228   1.95898    1.004859 )	3.312079 -0.000737 0.000737 
1850	(   0.409435   1.959175   1.005033 )	3.312080 0.001280 -0.001280 
1851	(   0.409363   1.959466   1.005779 )	3.312342 0.004431 -0.004431 
1852	(   0.409299   1.959455   1.003602 )	3.316640 -0.004724 0.004724 
1853	(   0.409309   1.95765    1.005471 )	3.304007 0.000007 -0.000007 
1854	(   0.409399   1.958902   1.004914 )	3.311055 0.000186 -0.000186 
1855	(   0.409435   1.959494   1.004592 )	3.314522 0.000001 -0.000001 
1856	(   0.409341   1.959498   1.004701 )	3.314622 0.000000 -0.000000 
1857	(   0.409385   1.959292   1.004752 )	3.313359 0.000087 -0.000087 
1858	(   0.409319   1.959221   1.004587 )	3.313525 -0.001016 0.001016 
1859	(   0.409332   1.959285   1.005279 )	3.312480 0.001959 -0.001959 
1860	(   0.409374   1.958875   1.005452 )	3.309969 0.002209 -0.002209 
1861	(   0.409282   1.958932   1.004452 )	3.312447 -0.002203 0.002203 
1862	(   0.409331   1.959325   1.004778 )	3.313641 -0.000016 0.000016 
1863	(   0.409331   1.959263   1.00483  )	3.313229 0.000097 -0.000097 
1864	(   0.409399   1.958892   1.004662 )	3.311485 -0.000853 0.000853 
1865	(   0.40936    1.959356   1.004735 )	3.313787 0.000000 -0.000000 
1866	(   0.409328   1.959304   1.004979 )	3.313164 0.000751 -0.000751 
1867	(   0.409355   1.959299   1.004819 )	3.313360 0.000222 -0.000222 
1868	(   0.409328   1.959271   1.004686 )	3.313559 -0.000491 0.000491 
1869	(   0.409334   1.958864   1.005152 )	3.310611 0.000779 -0.000779 
1870	(   0.409322   1.958943   1.004752 )	3.311804 -0.000776 0.000776 
1871	(   0.409327   1.959337   1.00476  )	3.313749 -0.000093 0.000093 
1872	(   0.409328   1.958904   1.004954 )	3.311204 0.000009 -0.000009 
1873	(   0.409347   1.95933    1.004777 )	3.313620 0.000063 -0.000063 
1874	(   0.409383   1.959475   1.00466  )	3.314453 -0.000000 0.000000 
1875	(   0.409324   1.959332   1.004788 )	3.313677 0.000001 -0.000001 
1876	(   0.409318   1.958904   1.004973 )	3.311199 0.000039 -0.000039 
1877	(   0.409338   1.958904   1.004931 )	3.311216 -0.000036 0.000036 
1878	(   0.409336   1.959301   1.004815 )	3.313438 0.000118 -0.000118 
1879	(   0.409345   1.95932    1.004743 )	3.313642 -0.000100 0.000100 
1880	(   0.409331   1.959314   1.004679 )	3.313774 -0.000436 0.000436 

BBE ( SOL ) BBO
1881	(   0.409334   1.959326   1.004774 )	3.313644 -0.000017 0.000017 
1882	(   0.409337   1.958904   1.00495  )	3.311184 0.000034 -0.000034 
1883	(   0.409327   1.959321   1.004815 )	3.313566 0.000107 -0.000107 
1884	(   0.4093     1.959319   1.004822 )	3.313625 0.000002 -0.000002 
1885	(   0.40935    1.959321   1.004761 )	3.313595 -0.000000 0.000000 
1886	(   0.409395   1.959319   1.004708 )	3.313550 -0.000003 0.000003 
1887	(   0.409336   1.958904   1.004941 )	3.311204 -0.000007 0.000007 
1888	(   0.409338   1.959312   1.00477  )	3.313568 -0.000035 0.000035 
1889	(   0.409392   1.959381   1.004687 )	3.313909 -0.000001 0.000001 
1890	(   0.409326   1.959308   1.004794 )	3.313541 0.000000 -0.000000 
1891	(   0.409256   1.959271   1.004894 )	3.313380 0.000003 -0.000003 
1892	(   0.409307   1.959271   1.004832 )	3.313345 -0.000000 0.000000 
1893	(   0.409248   1.959161   1.004946 )	3.312757 -0.000002 0.000002 
1894	(   0.409349   1.958851   1.004947 )	3.310885 -0.000001 0.000001 
1895	(   0.409413   1.958691   1.004933 )	3.309918 -0.000008 0.000008 
1896	(   0.409225   1.958905   1.005074 )	3.311301 -0.000000 0.000000 
1897	(   0.409413   1.958691   1.004933 )	3.309918 -0.000008 0.000008 
1898	(   0.408852   1.959068   1.005454 )	3.312548 0.000002 -0.000002 
1899	(   0.409262   1.958706   1.005108 )	3.310123 -0.000001 0.000001 
1900	(   0.409001   1.958271   1.005591 )	3.307837 0.000000 -0.000000 
1901	(   0.408216   1.956967   1.00704  )	3.300991 0.000027 -0.000027 
1902	(   0.409      1.958271   1.005591 )	3.307837 -0.000002 0.000002 
1903	(   0.410182   1.958591   1.004057 )	3.308706 -0.000001 0.000001 
1904	(   0.408216   1.956967   1.006991 )	3.301084 -0.000173 0.000173 
1905	(   0.413725   1.959551   0.999457 )	3.311360 0.000192 -0.000192 
1906	(   0.409733   1.960024   1.004057 )	3.317276 0.000128 -0.000128 
1907	(   0.411046   1.955818   1.004091 )	3.292105 -0.000147 0.000147 
1908	(   0.409029   1.958323   1.005491 )	3.308201 -0.000188 0.000188 
1909	(   0.409252   1.959062   1.004991 )	3.312163 0.000044 -0.000044 
1910	(   0.411001   1.958646   1.005191 )	3.304282 0.008648 -0.008648 
1911	(   0.409422   1.956271   1.010691 )	3.286864 0.019733 -0.019733 
1912	(   0.410605   1.959117   0.994057 )	3.329231 -0.036997 0.036997 
1913	(   0.409759   1.958065   1.014057 )	3.288403 0.038207 -0.038207 
1914	(   0.408903   1.959273   1.015591 )	3.294183 0.042417 -0.042417 
1915	(   0.408556   1.95959    1.002091 )	3.322511 -0.014202 0.014202 
1916	(   0.413725   1.959551   0.999455 )	3.311363 0.000184 -0.000184 
1917	(   0.407372   1.959268   1.007132 )	3.314945 -0.000002 0.000002 
1918	(   0.410849   1.959013   1.003091 )	3.310599 -0.000002 0.000002 
1919	(   0.409029   1.958323   1.005537 )	3.308114 -0.000001 0.000001 
1920	(   0.409252   1.959062   1.00498  )	3.312184 -0.000001 0.000001 

BBE ( SOL ) BBO
1921	(   0.409113   1.958479   1.005375 )	3.308943 -0.000003 0.000003 
1922	(   0.407666   1.95847    1.007097 )	3.310104 0.000003 -0.000003 
1923	(   0.408468   1.958238   1.006237 )	3.308093 0.000001 -0.000001 
1924	(   0.406785   1.957983   1.008337 )	3.308043 0.000043 -0.000043 
1925	(   0.409831   1.958026   1.004691 )	3.305756 -0.000036 0.000036 
1926	(   0.407156   1.959201   1.007437 )	3.314700 0.000093 -0.000093 
1927	(   0.409697   1.957271   1.006691 )	3.298588 0.006243 -0.006243 
1928	(   0.407001   1.957941   1.007191 )	3.309341 -0.003672 0.003672 
1929	(   0.409218   1.958422   1.015591 )	3.288964 0.042577 -0.042577 
1930	(   0.408443   1.958543   1.016237 )	3.290751 0.041732 -0.041732 
1931	(   0.408493   1.957933   0.996237 )	3.325624 -0.040516 0.040516 
1932	(   0.409485   1.959386   1.002291 )	3.318224 -0.009228 0.009228 
1933	(   0.408492   1.958247   1.006205 )	3.308126 0.000001 -0.000001 
1934	(   0.40887    1.9592     1.00538  )	3.313298 -0.000002 0.000002 
1935	(   0.409029   1.958323   1.005537 )	3.308115 -0.000000 0.000000 
1936	(   0.40934    1.958771   1.004866 )	3.310672 -0.000505 0.000505 
1937	(   0.410001   1.958116   1.006588 )	3.302066 0.008648 -0.008648 
1938	(   0.408861   1.958367   1.010591 )	3.299249 0.019967 -0.019967 
1939	(   0.408063   1.958324   1.011237 )	3.300283 0.018709 -0.018709 
1940	(   0.408873   1.958152   1.001237 )	3.315953 -0.018404 0.018404 
1941	(   0.408989   1.958267   1.005538 )	3.307953 -0.000280 0.000280 
1942	(   0.408216   1.956967   1.00704  )	3.300991 0.000028 -0.000028 
1943	(   0.408536   1.958254   1.006134 )	3.308158 -0.000060 0.000060 
1944	(   0.408964   1.958026   1.005705 )	3.306506 -0.000103 0.000103 
1945	(   0.408863   1.957728   1.005969 )	3.304828 0.000003 -0.000003 
1946	(   0.409196   1.958886   1.005116 )	3.311214 -0.000002 0.000002 
1947	(   0.40934    1.958071   1.005307 )	3.306327 0.000165 -0.000165 
1948	(   0.409501   1.958409   1.005441 )	3.307263 0.002029 -0.002029 
1949	(   0.409059   1.958259   1.007591 )	3.303786 0.008424 -0.008424 
1950	(   0.408667   1.958038   1.00584  )	3.307229 -0.000970 0.000970 
1951	(   0.408268   1.958438   1.006634 )	3.308958 0.000973 -0.000973 
1952	(   0.408834   1.958365   1.005708 )	3.308601 -0.000180 0.000180 
1953	(   0.408853   1.958118   1.00619  )	3.306389 0.001478 -0.001478 
1954	(   0.408413   1.95822    1.006261 )	3.308124 -0.000193 0.000193 
1955	(   0.409702   1.958761   1.004564 )	3.310077 0.000007 -0.000007 
1956	(   0.408776   1.958369   1.005819 )	3.308588 -0.000000 0.000000 
1957	(   0.409201   1.958179   1.006067 )	3.305848 0.002756 -0.002756 
1958	(   0.408371   1.958138   1.006115 )	3.308124 -0.001122 0.001122 
1959	(   0.409187   1.95832    1.004591 )	3.309413 -0.003083 0.003083 
1960	(   0.409096   1.958371   1.006527 )	3.306258 0.004436 -0.004436 

BBE ( SOL ) BBO
1961	(   0.408564   1.958338   1.006359 )	3.308063 0.001124 -0.001124 
1962	(   0.408996   1.95827    1.005587 )	3.307857 -0.000040 0.000040 
1963	(   0.409009   1.958264   1.005574 )	3.307810 -0.000037 0.000037 
1964	(   0.408459   1.958218   1.006269 )	3.307960 0.000060 -0.000060 
1965	(   0.409403   1.958404   1.005061 )	3.308267 0.000003 -0.000003 
1966	(   0.408701   1.958279   1.005943 )	3.308137 -0.000000 0.000000 
1967	(   0.408972   1.958321   1.005839 )	3.307706 0.000947 -0.000947 
1968	(   0.409101   1.958294   1.00542  )	3.307969 -0.000178 0.000178 
1969	(   0.409051   1.958253   1.006091 )	3.306641 0.002251 -0.002251 
1970	(   0.40843    1.958288   1.005926 )	3.309054 -0.001370 0.001370 
1971	(   0.408505   1.958188   1.006549 )	3.307134 0.001373 -0.001373 
1972	(   0.408999   1.95827    1.005586 )	3.307849 -0.000030 0.000030 
1973	(   0.409009   1.958294   1.005561 )	3.307982 -0.000044 0.000044 
1974	(   0.408453   1.958219   1.006248 )	3.308022 -0.000058 0.000058 
1975	(   0.409044   1.958214   1.005562 )	3.307471 -0.000000 0.000000 
1976	(   0.409178   1.958136   1.005433 )	3.306913 -0.000000 0.000000 
1977	(   0.40958    1.957903   1.005047 )	3.305238 0.000001 -0.000001 
1978	(   0.410786   1.957205   1.003889 )	3.300220 0.000012 -0.000012 
1979	(   0.409629   1.957903   1.005097 )	3.304991 0.000442 -0.000442 
1980	(   0.409218   1.958134   1.005386 )	3.306868 -0.000001 0.000001 
1981	(   0.40912    1.95809    1.00552  )	3.306699 -0.000000 0.000000 
1982	(   0.409166   1.957974   1.005512 )	3.305991 0.000002 -0.000002 
1983	(   0.408946   1.957954   1.005781 )	3.306060 -0.000000 0.000000 
1984	(   0.410786   1.957205   1.003889 )	3.300220 0.000012 -0.000012 
1985	(   0.408423   1.957545   1.006564 )	3.304142 0.000007 -0.000007 
1986	(   0.411      1.956967   1.003725 )	3.298683 0.000000 -0.000000 
1987	(   0.410786   1.957205   1.003889 )	3.300222 0.000013 -0.000013 
1988	(   0.41526    1.954158   0.999759 )	3.279083 0.000066 -0.000066 
1989	(   0.410814   1.957335   1.003801 )	3.300953 0.000001 -0.000001 
1990	(   0.410256   1.958439   1.004029 )	3.307768 0.000002 -0.000002 
1991	(   0.411053   1.957394   1.003492 )	3.301098 0.000001 -0.000001 
1992	(   0.410416   1.960639   1.002962 )	3.320335 0.000001 -0.000001 
1993	(   0.410333   1.957127   1.004456 )	3.300153 -0.000004 0.000004 
1994	(   0.409366   1.957942   1.005285 )	3.305642 -0.000004 0.000004 
1995	(   0.410796   1.954967   1.006047 )	3.284912 0.005226 -0.005226 
1996	(   0.413      1.956676   1.003257 )	3.291942 0.007298 -0.007298 
1997	(   0.412436   1.955791   0.998801 )	3.297773 -0.014733 0.014733 
1998	(   0.409192   1.958879   1.008801 )	3.304177 0.015020 -0.015020 
1999	(   0.410682   1.95607    0.998725 )	3.304732 -0.023051 0.023051 
2000	(   0.410923   1.957008   1.003771 )	3.299038 -0.000119 0.000119 

BBE ( SOL ) BBO
2001	(   0.409845   1.95851    1.004491 )	3.308514 0.000000 -0.000000 
2002	(   0.410067   1.955837   1.005283 )	3.292957 -0.000002 0.000002 
2003	(   0.410432   1.955967   1.005264 )	3.292513 0.001891 -0.001891 
2004	(   0.411928   1.955967   1.002496 )	3.293162 -0.002092 0.002092 
2005	(   0.4118     1.956706   1.005801 )	3.290954 0.011867 -0.011867 
2006	(   0.410075   1.956723   1.001725 )	3.304140 -0.012924 0.012924 
2007	(   0.409828   1.957964   1.001801 )	3.310972 -0.011820 0.011820 
2008	(   0.410928   1.957073   1.003845 )	3.299207 0.000309 -0.000309 
2009	(   0.410256   1.958439   1.004029 )	3.307769 0.000002 -0.000002 
2010	(   0.41526    1.954158   0.999759 )	3.279084 0.000066 -0.000066 
2011	(   0.410884   1.95735    1.003711 )	3.300983 0.000001 -0.000001 
2012	(   0.411613   1.955967   1.003437 )	3.292343 0.000184 -0.000184 
2013	(   0.410333   1.957127   1.004456 )	3.300155 -0.000004 0.000004 
2014	(   0.409366   1.957942   1.005285 )	3.305641 -0.000003 0.000003 
2015	(   0.4115     1.956799   1.003856 )	3.296050 0.002675 -0.002675 
2016	(   0.410769   1.956467   1.004692 )	3.295057 0.001998 -0.001998 
2017	(   0.411084   1.957412   1.004725 )	3.298744 0.005171 -0.005171 
2018	(   0.411314   1.957375   1.003551 )	3.300083 0.001470 -0.001470 
2019	(   0.410314   1.957295   1.004051 )	3.301823 -0.001466 0.001466 
2020	(   0.411003   1.956982   1.003679 )	3.298838 -0.000150 0.000150 
2021	(   0.411002   1.95735    1.003679 )	3.300681 0.000438 -0.000438 
2022	(   0.410786   1.957373   1.003492 )	3.301821 -0.001322 0.001322 
2023	(   0.410222   1.957858   1.004301 )	3.304448 0.000002 -0.000002 
2024	(   0.410719   1.957477   1.003859 )	3.301849 0.000001 -0.000001 
2025	(   0.410908   1.957167   1.003548 )	3.300304 -0.000838 0.000838 
2026	(   0.4112     1.957074   1.003835 )	3.298393 0.001582 -0.001582 
2027	(   0.410934   1.957008   1.004225 )	3.298136 0.001773 -0.001773 
2028	(   0.410614   1.957476   1.003705 )	3.302461 -0.001126 0.001126 
2029	(   0.411014   1.957194   1.003897 )	3.299446 0.001129 -0.001129 
2030	(   0.411099   1.956803   1.003568 )	3.297856 -0.000422 0.000422 
2031	(   0.410789   1.957181   1.003888 )	3.300097 -0.000016 0.000016 
2032	(   0.41104    1.956991   1.003689 )	3.298749 0.000088 -0.000088 
2033	(   0.410746   1.957041   1.004    )	3.299314 0.000001 -0.000001 
2034	(   0.410592   1.956864   1.004253 )	3.298423 0.000003 -0.000003 
2035	(   0.409983   1.957262   1.004823 )	3.301211 0.000009 -0.000009 
2036	(   0.411057   1.956817   1.003717 )	3.297773 -0.000001 0.000001 
2037	(   0.411229   1.956367   1.00369  )	3.295044 -0.000004 0.000004 
2038	(   0.411397   1.956141   1.00358  )	3.293606 -0.000001 0.000001 
2039	(   0.412588   1.953663   1.003143 )	3.278400 -0.000015 0.000015 
2040	(   0.410639   1.958733   1.003454 )	3.309152 0.000001 -0.000001 

BBE ( SOL ) BBO
2041	(   0.411441   1.955664   1.003718 )	3.290826 0.000002 -0.000002 
2042	(   0.411019   1.955967   1.003779 )	3.293525 -0.001298 0.001298 
2043	(   0.412      1.956943   1.002931 )	3.296986 0.001584 -0.001584 
2044	(   0.410908   1.955975   1.00258  )	3.296194 -0.006665 0.006665 
2045	(   0.411886   1.956307   1.00458  )	3.291020 0.006676 -0.006676 
2046	(   0.410204   1.956898   1.002725 )	3.302707 -0.007994 0.007994 
2047	(   0.410824   1.95712    1.003875 )	3.299706 0.000003 -0.000003 
2048	(   0.412588   1.953663   1.003143 )	3.278401 -0.000014 0.000014 
2049	(   0.411224   1.956974   1.003455 )	3.298540 0.000000 -0.000000 
2050	(   0.412588   1.953663   1.003143 )	3.278402 -0.000015 0.000015 
2051	(   0.411896   1.956994   1.002644 )	3.298112 0.000005 -0.000005 
2052	(   0.411205   1.956894   1.003509 )	3.298095 -0.000002 0.000002 
2053	(   0.411864   1.955864   1.003132 )	3.291632 -0.000004 0.000004 
2054	(   0.41166    1.956506   1.003121 )	3.295491 0.000003 -0.000003 
2055	(   0.409755   1.957694   1.00492  )	3.303895 -0.000005 0.000005 
2056	(   0.411096   1.956557   1.002455 )	3.298762 -0.005323 0.005323 
2057	(   0.410224   1.956684   1.004066 )	3.299018 -0.002823 0.002823 
2058	(   0.410224   1.957469   1.002758 )	3.305440 -0.006848 0.006848 
2059	(   0.410683   1.95612    1.00258  )	3.297612 -0.007518 0.007518 
2060	(   0.412111   1.956162   1.00458  )	3.289604 0.007529 -0.007529 
2061	(   0.411245   1.956976   1.003466 )	3.298464 0.000149 -0.000149 
2062	(   0.411896   1.956994   1.002645 )	3.298112 0.000005 -0.000005 
2063	(   0.410981   1.957363   1.003591 )	3.300980 0.000001 -0.000001 
2064	(   0.411622   1.956215   1.003282 )	3.293846 0.000001 -0.000001 
2065	(   0.41166    1.956506   1.003121 )	3.295492 0.000001 -0.000001 
2066	(   0.409755   1.957694   1.004921 )	3.303894 -0.000004 0.000004 
2067	(   0.411724   1.956973   1.003452 )	3.296995 0.002400 -0.002400 
2068	(   0.411227   1.956929   1.003955 )	3.297357 0.001964 -0.001964 
2069	(   0.411221   1.956774   1.003345 )	3.297761 -0.000785 0.000785 
2070	(   0.410897   1.956116   1.003376 )	3.295417 -0.003277 0.003277 
2071	(   0.411897   1.956166   1.003784 )	3.291796 0.003277 -0.003277 
2072	(   0.411219   1.95699    1.003459 )	3.298628 0.000018 -0.000018 
2073	(   0.411244   1.956774   1.003511 )	3.297371 0.000002 -0.000002 
2074	(   0.411622   1.956111   1.003282 )	3.293328 -0.000166 0.000166 
2075	(   0.410905   1.956931   1.003854 )	3.298553 0.000001 -0.000001 
2076	(   0.411471   1.956612   1.003304 )	3.296257 0.000001 -0.000001 
2077	(   0.411386   1.956041   1.00363  )	3.293047 -0.000015 0.000015 
2078	(   0.411409   1.956241   1.00353  )	3.294166 0.000014 -0.000014 
2079	(   0.411295   1.956874   1.003327 )	3.298065 -0.000337 0.000337 
2080	(   0.411059   1.956881   1.003655 )	3.298203 -0.000138 0.000138 

BBE ( SOL ) BBO
2081	(   0.411024   1.956985   1.003311 )	3.299488 -0.001532 0.001532 
2082	(   0.411227   1.956976   1.003456 )	3.298538 0.000020 -0.000020 
2083	(   0.411408   1.956041   1.00357  )	3.293094 -0.000149 0.000149 
2084	(   0.411265   1.956874   1.003617 )	3.297606 0.000690 -0.000690 
2085	(   0.411406   1.956885   1.003273 )	3.297880 0.000002 -0.000002 
2086	(   0.411145   1.956834   1.003606 )	3.297800 -0.000000 0.000000 
2087	(   0.410906   1.956414   1.004057 )	3.295580 0.000001 -0.000001 
2088	(   0.411022   1.956853   1.003744 )	3.298009 0.000001 -0.000001 
2089	(   0.411202   1.956235   1.003452 )	3.294921 -0.001308 0.001308 
2090	(   0.410849   1.957709   1.003611 )	3.303078 -0.000000 0.000000 
2091	(   0.41126    1.956533   1.003588 )	3.295973 -0.000000 0.000000 
2092	(   0.411606   1.95563    1.003533 )	3.290497 -0.000001 0.000001 
2093	(   0.411606   1.95563    1.003533 )	3.290498 -0.000003 0.000003 
2094	(   0.412645   1.952921   1.00337  )	3.274096 -0.000016 0.000016 
2095	(   0.411145   1.957159   1.003476 )	3.299672 -0.000000 0.000000 
2096	(   0.411865   1.956546   1.002859 )	3.295556 0.000001 -0.000001 
2097	(   0.411419   1.956593   1.003374 )	3.296192 0.000000 -0.000000 
2098	(   0.41226    1.95623    1.003228 )	3.292059 0.002887 -0.002887 
2099	(   0.411588   1.956209   1.004088 )	3.292389 0.003085 -0.003085 
2100	(   0.410908   1.955701   1.003033 )	3.293959 -0.005274 0.005274 
2101	(   0.412304   1.955559   1.004033 )	3.287036 0.005275 -0.005275 
2102	(   0.412127   1.957033   1.00377  )	3.295445 0.005728 -0.005728 
2103	(   0.410044   1.957059   1.003551 )	3.302434 -0.005176 0.005176 
2104	(   0.412646   1.952921   1.00337  )	3.274095 -0.000014 0.000014 
2105	(   0.411613   1.95563    1.003549 )	3.290448 0.000093 -0.000093 
2106	(   0.411559   1.956533   1.003231 )	3.295729 0.000000 -0.000000 
2107	(   0.412455   1.956532   1.002161 )	3.295000 0.000012 -0.000012 
2108	(   0.41128    1.956498   1.003579 )	3.295757 0.000002 -0.000002 
2109	(   0.412287   1.955572   1.002606 )	3.289872 -0.000552 0.000552 
2110	(   0.411681   1.956272   1.003189 )	3.294131 0.000000 -0.000000 
2111	(   0.411949   1.955991   1.002981 )	3.292297 0.000000 -0.000000 
2112	(   0.412645   1.952921   1.00337  )	3.274096 -0.000016 0.000016 
2113	(   0.412753   1.955149   1.002356 )	3.286800 0.000000 -0.000000 
2114	(   0.415165   1.952621   1.000481 )	3.270342 -0.000001 0.000001 
2115	(   0.415153   1.952621   1.000481 )	3.270379 -0.000059 0.000059 
2116	(   0.422365   1.945037   0.994856 )	3.221374 -0.000178 0.000178 
2117	(   0.412453   1.95162    1.004148 )	3.266739 0.000105 -0.000105 
2118	(   0.415265   1.956488   0.998809 )	3.292518 0.000077 -0.000077 
2119	(   0.412653   1.955076   1.002453 )	3.286560 -0.000209 0.000209 
2120	(   0.411853   1.956169   1.003037 )	3.293373 0.000049 -0.000049 

BBE ( SOL ) BBO
2121	(   0.418665   1.950621   1.002281 )	3.246238 0.020805 -0.020805 
2122	(   0.421353   1.953149   0.998626 )	3.257514 0.023239 -0.023239 
2123	(   0.422753   1.956558   1.0034   )	3.261068 0.054768 -0.054768 
2124	(   0.414753   1.953996   1.007356 )	3.265397 0.028069 -0.028069 
2125	(   0.411665   1.954621   0.998681 )	3.294535 -0.020820 0.020820 
2126	(   0.412253   1.955267   1.002193 )	3.289243 -0.002877 0.002877 
2127	(   0.422401   1.945037   0.994856 )	3.221265 -0.000005 0.000005 
2128	(   0.41168    1.951324   1.003309 )	3.269236 -0.007482 0.007482 
2129	(   0.415227   1.956895   0.99867  )	3.294936 0.000001 -0.000001 
2130	(   0.412696   1.955076   1.002453 )	3.286427 -0.000002 0.000002 
2131	(   0.411843   1.956169   1.003037 )	3.293404 0.000001 -0.000001 
2132	(   0.420165   1.952959   0.999153 )	3.259204 0.019308 -0.019308 
2133	(   0.416696   1.956149   1.002937 )	3.278529 0.022988 -0.022988 
2134	(   0.417753   1.95432    1.002633 )	3.266747 0.023875 -0.023875 
2135	(   0.411606   1.955039   1.004356 )	3.285984 0.002372 -0.002372 
2136	(   0.410165   1.952283   1.001809 )	3.281529 -0.019276 0.019276 
2137	(   0.411378   1.955363   1.002256 )	3.292303 -0.006690 0.006690 
2138	(   0.415165   1.952621   1.000481 )	3.270343 -0.000001 0.000001 
2139	(   0.410822   1.955929   1.004351 )	3.292857 0.000001 -0.000001 
2140	(   0.412696   1.955075   1.002453 )	3.286425 -0.000002 0.000002 
2141	(   0.411843   1.956168   1.003037 )	3.293402 0.000000 -0.000000 
2142	(   0.413348   1.954649   1.001715 )	3.283692 -0.000518 0.000518 
2143	(   0.413343   1.952408   1.001481 )	3.272986 -0.005101 0.005101 
2144	(   0.416987   1.952833   0.999481 )	3.267706 0.005114 -0.005114 
2145	(   0.414706   1.954974   1.003356 )	3.278002 0.013169 -0.013169 
2146	(   0.414753   1.955526   1.001643 )	3.283875 0.007388 -0.007388 
2147	(   0.411513   1.955282   1.003034 )	3.289999 -0.003032 0.003032 
2148	(   0.415231   1.95262    1.000511 )	3.270078 0.000435 -0.000435 
2149	(   0.411569   1.955029   1.00333  )	3.288003 -0.001974 0.001974 
2150	(   0.412682   1.955267   1.002393 )	3.287537 -0.000001 0.000001 
2151	(   0.411931   1.956021   1.00299  )	3.292482 -0.000001 0.000001 
2152	(   0.415163   1.952559   1.000981 )	3.269090 0.001894 -0.001894 
2153	(   0.415167   1.952682   0.999981 )	3.271594 -0.001893 0.001893 
2154	(   0.413431   1.954949   1.002374 )	3.283677 0.003020 -0.003020 
2155	(   0.412783   1.95516    1.002856 )	3.285812 0.002179 -0.002179 
2156	(   0.411753   1.955014   1.00239  )	3.289146 -0.004901 0.004901 
2157	(   0.412821   1.955169   1.002166 )	3.287054 -0.000402 0.000402 
2158	(   0.415162   1.952621   1.00049  )	3.270333 0.000023 -0.000023 
2159	(   0.412594   1.954951   1.00231  )	3.286393 -0.001269 0.001269 
2160	(   0.411998   1.955622   1.003069 )	3.290130 -0.000001 0.000001 

BBE ( SOL ) BBO
2161	(   0.412173   1.955485   1.002915 )	3.289204 -0.000002 0.000002 
2162	(   0.415665   1.952583   1.000417 )	3.268739 0.002086 -0.002086 
2163	(   0.414665   1.952659   1.000545 )	3.271946 -0.002088 0.002088 
2164	(   0.413253   1.955127   1.002343 )	3.285174 0.002324 -0.002324 
2165	(   0.412715   1.955085   1.002556 )	3.286216 0.000522 -0.000522 
2166	(   0.412622   1.955049   1.002224 )	3.286956 -0.001322 0.001322 
2167	(   0.412627   1.955205   1.002417 )	3.287353 -0.000271 0.000271 
2168	(   0.412708   1.95508    1.002437 )	3.286441 -0.000002 0.000002 
2169	(   0.415165   1.952621   1.000481 )	3.270340 0.000003 -0.000003 
2170	(   0.412724   1.955252   1.002348 )	3.287415 -0.000001 0.000001 
2171	(   0.412739   1.955339   1.002296 )	3.287909 0.000000 -0.000000 
2172	(   0.412611   1.95519    1.002456 )	3.287252 -0.000213 0.000213 
2173	(   0.412611   1.955099   1.002388 )	3.286925 -0.000632 0.000632 
2174	(   0.415363   1.952671   1.000481 )	3.269979 0.001038 -0.001038 
2175	(   0.414966   1.952571   1.000481 )	3.270705 -0.001040 0.001040 
2176	(   0.412949   1.95513    1.002456 )	3.285911 0.001320 -0.001320 
2177	(   0.412758   1.955151   1.002353 )	3.286800 0.000014 -0.000014 
2178	(   0.41516    1.95262    1.000486 )	3.270342 -0.000004 0.000004 
2179	(   0.412754   1.955149   1.002353 )	3.286805 -0.000005 0.000005 
2180	(   0.412743   1.955369   1.002279 )	3.288077 0.000001 -0.000001 
2181	(   0.412707   1.955149   1.002409 )	3.286838 -0.000001 0.000001 
2182	(   0.415219   1.952641   1.000477 )	3.270280 0.000280 -0.000280 
2183	(   0.41511    1.952601   1.000485 )	3.270404 -0.000282 0.000282 
2184	(   0.412838   1.955129   1.002351 )	3.286445 0.000362 -0.000362 
2185	(   0.412771   1.95515    1.002406 )	3.286655 0.000293 -0.000293 
2186	(   0.412653   1.955131   1.002368 )	3.286998 -0.000461 0.000461 
2187	(   0.412753   1.955149   1.002355 )	3.286801 0.000002 -0.000002 
2188	(   0.415164   1.952615   1.000484 )	3.270311 -0.000002 0.000002 
2189	(   0.412746   1.955129   1.00236  )	3.286715 -0.000044 0.000044 
2190	(   0.412742   1.955173   1.002359 )	3.286949 -0.000001 0.000001 
2191	(   0.412707   1.9551     1.002429 )	3.286557 -0.000002 0.000002 
2192	(   0.412757   1.955159   1.002355 )	3.286838 0.000035 -0.000035 
2193	(   0.412725   1.95515    1.002376 )	3.286853 -0.000051 0.000051 
2194	(   0.415187   1.952631   1.000469 )	3.270346 0.000074 -0.000074 
2195	(   0.415142   1.952611   1.000493 )	3.270338 -0.000076 0.000076 
2196	(   0.412803   1.955148   1.002367 )	3.286622 0.000285 -0.000285 
2197	(   0.412752   1.955149   1.002356 )	3.286801 -0.000003 0.000003 
2198	(   0.415167   1.952611   1.000481 )	3.270286 -0.000009 0.000009 
2199	(   0.412725   1.955158   1.002353 )	3.286940 -0.000131 0.000131 
2200	(   0.412714   1.955164   1.002394 )	3.286923 -0.000004 0.000004 

BBE ( SOL ) BBO
2201	(   0.412744   1.955153   1.002365 )	3.286832 0.000001 -0.000001 
2202	(   0.412728   1.955128   1.002394 )	3.286698 0.000000 -0.000000 
2203	(   0.412721   1.955105   1.002412 )	3.286573 0.000001 -0.000001 
2204	(   0.412653   1.955064   1.00251  )	3.286391 0.000001 -0.000001 
2205	(   0.415159   1.952621   1.000488 )	3.270349 0.000001 -0.000001 
2206	(   0.412711   1.955128   1.002394 )	3.286750 -0.000081 0.000081 
2207	(   0.412701   1.955122   1.002428 )	3.286687 0.000000 -0.000000 
2208	(   0.412692   1.955131   1.002436 )	3.286744 -0.000000 0.000000 
2209	(   0.412622   1.955105   1.002529 )	3.286654 -0.000000 0.000000 
2210	(   0.412386   1.955055   1.002832 )	3.286556 -0.000000 0.000000 
2211	(   0.411676   1.954904   1.003741 )	3.286264 0.000007 -0.000007 
2212	(   0.415166   1.952621   1.000479 )	3.270338 0.000001 -0.000001 
2213	(   0.415171   1.95262    1.000475 )	3.270328 0.000006 -0.000006 
2214	(   0.415168   1.95262    1.000477 )	3.270334 0.000000 -0.000000 
2215	(   0.415175   1.952618   1.000469 )	3.270320 -0.000001 0.000001 
2216	(   0.415195   1.952614   1.000446 )	3.270280 -0.000005 0.000005 
2217	(   0.415167   1.95262    1.000478 )	3.270336 0.000000 -0.000000 
2218	(   0.415163   1.952621   1.000483 )	3.270341 0.000001 -0.000001 
2219	(   0.415174   1.952619   1.00047  )	3.270322 -0.000001 0.000001 
2220	(   0.415172   1.952619   1.000472 )	3.270326 -0.000001 0.000001 
2221	(   0.415668   1.952568   1.000511 )	3.268474 0.002459 -0.002459 
2222	(   0.415461   1.952593   1.000269 )	3.269694 0.000532 -0.000532 
2223	(   0.414841   1.95252    1.000637 )	3.270536 -0.001094 0.001094 
2224	(   0.41526    1.952688   1.000677 )	3.270011 0.001352 -0.001352 
2225	(   0.414889   1.952644   1.000669 )	3.270947 -0.000534 0.000534 
2226	(   0.415177   1.952624   1.000468 )	3.270347 0.000011 -0.000011 
2227	(   0.415175   1.952521   1.000513 )	3.269753 0.000016 -0.000016 
2228	(   0.415162   1.952571   1.000504 )	3.270057 -0.000003 0.000003 
2229	(   0.415172   1.952619   1.000472 )	3.270326 -0.000001 0.000001 
2230	(   0.415103   1.952605   1.000577 )	3.270268 0.000061 -0.000061 
2231	(   0.415231   1.95267    1.000518 )	3.270311 0.000548 -0.000548 
2232	(   0.415368   1.9526     1.000497 )	3.269581 0.001013 -0.001013 
2233	(   0.415375   1.952597   1.000427 )	3.269680 0.000757 -0.000757 
2234	(   0.414975   1.95264    1.000512 )	3.270961 -0.000759 0.000759 
2235	(   0.415166   1.95262    1.000475 )	3.270342 -0.000016 0.000016 
2236	(   0.415163   1.95261    1.000488 )	3.270282 0.000001 -0.000001 
2237	(   0.415146   1.952581   1.000519 )	3.270127 0.000002 -0.000002 
2238	(   0.415061   1.952583   1.000621 )	3.270205 -0.000000 0.000000 
2239	(   0.414754   1.9525     1.001022 )	3.269973 -0.000002 0.000002 
2240	(   0.415255   1.95252    1.000413 )	3.269690 0.000001 -0.000001 

BBE ( SOL ) BBO
2241	(   0.415533   1.952249   1.000189 )	3.267915 0.000001 -0.000001 
2242	(   0.414755   1.9525     1.001022 )	3.269972 0.000001 -0.000001 
2243	(   0.416366   1.951437   0.999517 )	3.262593 0.000002 -0.000002 
2244	(   0.415191   1.952628   1.000446 )	3.270363 -0.000003 0.000003 
2245	(   0.415863   1.951437   1.000125 )	3.262981 0.000014 -0.000014 
2246	(   0.417879   1.95016    0.998219 )	3.254079 0.000020 -0.000020 
2247	(   0.413759   1.953831   1.001679 )	3.278417 -0.000002 0.000002 
2248	(   0.414648   1.952417   1.001621 )	3.268749 0.001758 -0.001758 
2249	(   0.415797   1.952286   0.999189 )	3.269194 -0.002664 0.002664 
2250	(   0.415269   1.952212   1.001189 )	3.266638 0.002679 -0.002679 
2251	(   0.4149     1.952083   1.000224 )	3.268966 -0.003175 0.003175 
2252	(   0.414061   1.952727   1.000303 )	3.274603 -0.005854 0.005854 
2253	(   0.415105   1.952599   1.000551 )	3.270284 -0.000043 0.000043 
2254	(   0.416366   1.951437   0.999517 )	3.262592 0.000004 -0.000004 
2255	(   0.414543   1.952441   1.001299 )	3.269800 0.000000 -0.000000 
2256	(   0.412991   1.952016   1.003333 )	3.268594 0.000039 -0.000039 
2257	(   0.415631   1.952347   1.000031 )	3.268399 0.000001 -0.000001 
2258	(   0.416352   1.951667   0.99944  )	3.263928 0.000001 -0.000001 
2259	(   0.418809   1.94992    0.997193 )	3.251989 0.000020 -0.000020 
2260	(   0.412991   1.952016   1.003333 )	3.268596 0.000040 -0.000040 
2261	(   0.41857    1.950193   0.997365 )	3.253750 0.000000 -0.000000 
2262	(   0.425224   1.945771   0.99114  )	3.223383 0.000162 -0.000162 
2263	(   0.409964   1.950953   1.007325 )	3.265080 0.000001 -0.000001 
2264	(   0.41357    1.952965   1.002253 )	3.273589 -0.000001 0.000001 
2265	(   0.416948   1.950858   0.999047 )	3.258823 -0.000017 0.000017 
2266	(   0.415613   1.952179   1.000119 )	3.267453 -0.000008 0.000008 
2267	(   0.420291   1.948193   0.997737 )	3.237851 0.006467 -0.006467 
2268	(   0.416374   1.950039   1.002365 )	3.250214 0.009194 -0.009194 
2269	(   0.412674   1.949667   0.997999 )	3.268019 -0.026648 0.026648 
2270	(   0.42003    1.953667   1.000881 )	3.259843 0.026736 -0.026736 
2271	(   0.41357    1.949435   0.995023 )	3.269783 -0.034500 0.034500 
2272	(   0.418531   1.950634   0.996702 )	3.257326 -0.002096 0.002096 
2273	(   0.417096   1.950882   0.998864 )	3.258837 0.000003 -0.000003 
2274	(   0.41538    1.950751   1.000978 )	3.259432 -0.000002 0.000002 
2275	(   0.418625   1.949193   0.997314 )	3.248711 -0.001571 0.001571 
2276	(   0.41843    1.950165   0.999365 )	3.250232 0.007243 -0.007243 
2277	(   0.42057    1.950219   0.997506 )	3.247488 0.010209 -0.010209 
2278	(   0.4159     1.951562   1.00144  )	3.260989 0.005668 -0.005668 
2279	(   0.416804   1.951772   0.99744  )	3.266876 -0.005617 0.005617 
2280	(   0.418545   1.950301   0.997349 )	3.254393 -0.000007 0.000007 

BBE ( SOL ) BBO
2281	(   0.418809   1.94992    0.997193 )	3.251991 0.000020 -0.000020 
2282	(   0.418952   1.949511   0.997322 )	3.249272 0.000549 -0.000549 
2283	(   0.416826   1.952641   0.998471 )	3.269167 0.000002 -0.000002 
2284	(   0.416948   1.950858   0.999047 )	3.258822 -0.000018 0.000018 
2285	(   0.415613   1.952179   1.000119 )	3.267455 -0.000007 0.000007 
2286	(   0.419496   1.949735   0.998365 )	3.246735 0.007673 -0.007673 
2287	(   0.419368   1.950051   0.996365 )	3.252505 -0.000362 0.000362 
2288	(   0.417873   1.949693   0.997094 )	3.253917 -0.005238 0.005238 
2289	(   0.415899   1.951167   0.999484 )	3.262748 -0.002813 0.002813 
2290	(   0.416805   1.952167   0.999396 )	3.265108 0.002818 -0.002818 
2291	(   0.418224   1.950634   0.997292 )	3.257139 -0.001233 0.001233 
2292	(   0.416231   1.951665   0.99944  )	3.264288 -0.000586 0.000586 
2293	(   0.418533   1.950009   0.997028 )	3.253594 -0.001817 0.001817 
2294	(   0.417169   1.950304   0.999005 )	3.255472 -0.000026 0.000026 
2295	(   0.416567   1.951154   0.999389 )	3.260812 -0.000005 0.000005 
2296	(   0.41906    1.950207   0.997865 )	3.251366 0.004359 -0.004359 
2297	(   0.418595   1.950393   0.997306 )	3.254779 0.000213 -0.000213 
2298	(   0.41907    1.95016    0.996881 )	3.252978 0.000430 -0.000430 
2299	(   0.415852   1.951553   0.999226 )	3.265304 -0.003443 0.003443 
2300	(   0.416852   1.951781   0.999654 )	3.262552 0.003446 -0.003446 
2301	(   0.41856    1.950191   0.997365 )	3.253771 -0.000050 0.000050 
2302	(   0.418593   1.95036    0.997062 )	3.255086 -0.000819 0.000819 
2303	(   0.416852   1.951437   0.999778 )	3.260604 0.003382 -0.003382 
2304	(   0.417332   1.950997   0.998526 )	3.259332 -0.000024 0.000024 
2305	(   0.41844    1.950189   0.997526 )	3.253823 0.000008 -0.000008 
2306	(   0.418593   1.95025    0.997565 )	3.253584 0.000998 -0.000998 
2307	(   0.41837    1.950148   0.99744  )	3.253996 -0.000738 0.000738 
2308	(   0.418443   1.950293   0.997265 )	3.254828 -0.000847 0.000847 
2309	(   0.416152   1.951651   0.999547 )	3.264260 -0.000560 0.000560 
2310	(   0.416552   1.951683   0.999333 )	3.263595 0.000562 -0.000562 
2311	(   0.41867    1.950109   0.997422 )	3.252918 0.000571 -0.000571 
2312	(   0.416351   1.951666   0.999444 )	3.263917 0.000011 -0.000011 
2313	(   0.41856    1.950151   0.997427 )	3.253455 0.000127 -0.000127 
2314	(   0.418228   1.950536   0.997634 )	3.255989 -0.000019 0.000019 
2315	(   0.418664   1.950074   0.997303 )	3.252989 0.000010 -0.000010 
2316	(   0.41847    1.950179   0.997458 )	3.253809 -0.000133 0.000133 
2317	(   0.418593   1.950243   0.99742  )	3.253822 0.000411 -0.000411 
2318	(   0.41867    1.950158   0.997451 )	3.253104 0.000765 -0.000765 
2319	(   0.416322   1.951617   0.999393 )	3.263862 -0.000413 0.000413 
2320	(   0.416383   1.951717   0.999487 )	3.263994 0.000416 -0.000416 

BBE ( SOL ) BBO
2321	(   0.418641   1.950178   0.997256 )	3.253667 -0.000117 0.000117 
2322	(   0.416368   1.951668   0.999399 )	3.263960 -0.000083 0.000083 
2323	(   0.418539   1.950168   0.997382 )	3.253689 -0.000127 0.000127 
2324	(   0.418373   1.950382   0.997524 )	3.254989 -0.000009 0.000009 
2325	(   0.418591   1.950151   0.997358 )	3.253489 0.000005 -0.000005 
2326	(   0.418583   1.950173   0.997386 )	3.253571 0.000112 -0.000112 
2327	(   0.41862    1.950198   0.997363 )	3.253624 0.000239 -0.000239 
2328	(   0.418568   1.950201   0.997415 )	3.253702 0.000200 -0.000200 
2329	(   0.416381   1.951678   0.99939  )	3.263989 -0.000042 0.000042 
2330	(   0.416323   1.951656   0.99949  )	3.263866 0.000045 -0.000045 
2331	(   0.418568   1.950196   0.997361 )	3.253779 -0.000022 0.000022 
2332	(   0.41856    1.95018    0.997378 )	3.253690 -0.000019 0.000019 
2333	(   0.416359   1.951662   0.999418 )	3.263922 -0.000061 0.000061 
2334	(   0.41858    1.950153   0.997373 )	3.253507 0.000013 -0.000013 
2335	(   0.418601   1.950151   0.997353 )	3.253473 0.000031 -0.000031 
2336	(   0.41857    1.950173   0.997371 )	3.253636 -0.000006 0.000006 
2337	(   0.418574   1.950191   0.997357 )	3.253743 -0.000013 0.000013 
2338	(   0.418579   1.950163   0.997369 )	3.253566 0.000006 -0.000006 
2339	(   0.41859    1.950165   0.997357 )	3.253567 0.000014 -0.000014 
2340	(   0.418575   1.950171   0.997368 )	3.253619 -0.000001 0.000001 
2341	(   0.418579   1.95018    0.997359 )	3.253672 -0.000004 0.000004 
2342	(   0.418579   1.950167   0.997366 )	3.253592 0.000004 -0.000004 
2343	(   0.418558   1.950203   0.997374 )	3.253818 -0.000004 0.000004 
2344	(   0.418583   1.950164   0.997362 )	3.253571 0.000003 -0.000003 
2345	(   0.418573   1.950185   0.997364 )	3.253701 -0.000003 0.000003 
2346	(   0.418577   1.950171   0.997366 )	3.253619 0.000002 -0.000002 
2347	(   0.41859    1.950104   0.997376 )	3.253226 -0.000005 0.000005 
2348	(   0.418554   1.950153   0.9974   )	3.253533 -0.000001 0.000001 
2349	(   0.418507   1.950034   0.997506 )	3.252882 -0.000003 0.000003 
2350	(   0.418513   1.950097   0.997473 )	3.253240 -0.000002 0.000002 
2351	(   0.418622   1.950255   0.997276 )	3.254069 -0.000001 0.000001 
2352	(   0.418511   1.950089   0.997479 )	3.253198 -0.000000 0.000000 
2353	(   0.418456   1.950006   0.997581 )	3.252762 0.000000 -0.000000 
2354	(   0.418289   1.949757   0.997885 )	3.251455 0.000002 -0.000002 
2355	(   0.418381   1.950226   0.99758  )	3.254080 0.000000 -0.000000 
2356	(   0.418581   1.950042   0.997414 )	3.252871 0.000000 -0.000000 
2357	(   0.418461   1.949898   0.997618 )	3.252138 0.000000 -0.000000 
2358	(   0.418407   1.949751   0.997744 )	3.251332 0.000000 -0.000000 
2359	(   0.418244   1.949309   0.998123 )	3.248917 0.000003 -0.000003 
2360	(   0.418382   1.949515   0.997869 )	3.249996 -0.000007 0.000007 

BBE ( SOL ) BBO
2361	(   0.418431   1.950149   0.997552 )	3.253600 0.000000 -0.000000 
2362	(   0.418302   1.949729   0.99788  )	3.251284 0.000001 -0.000001 
2363	(   0.418511   1.949963   0.997531 )	3.252474 0.000000 -0.000000 
2364	(   0.418244   1.949309   0.998123 )	3.248916 0.000003 -0.000003 
2365	(   0.417986   1.949662   0.998289 )	3.251141 0.000001 -0.000001 
2366	(   0.418244   1.949309   0.998123 )	3.248915 0.000003 -0.000003 
2367	(   0.417038   1.949461   0.999516 )	3.250716 0.000015 -0.000015 
2368	(   0.418019   1.949865   0.998166 )	3.252283 0.000000 -0.000000 
2369	(   0.418845   1.948942   0.997547 )	3.246349 0.000001 -0.000001 
2370	(   0.421422   1.946783   0.995321 )	3.232006 0.000012 -0.000012 
2371	(   0.417632   1.948843   0.99905  )	3.246714 -0.000001 0.000001 
2372	(   0.417631   1.948931   0.999016 )	3.247218 0.000003 -0.000003 
2373	(   0.418081   1.949713   0.998154 )	3.251361 0.000002 -0.000002 
2374	(   0.418403   1.949901   0.997687 )	3.252197 -0.000001 0.000001 
2375	(   0.420905   1.947939   1.002744 )	3.225227 0.029037 -0.029037 
2376	(   0.413711   1.950923   1.002744 )	3.262065 -0.000641 0.000641 
2377	(   0.423845   1.949374   0.995965 )	3.236227 0.018440 -0.018440 
2378	(   0.423407   1.95168    0.999614 )	3.242049 0.034645 -0.034645 
2379	(   0.413845   1.94851    0.999129 )	3.256521 -0.018392 0.018392 
2380	(   0.418379   1.949738   0.997625 )	3.251580 -0.000628 0.000628 
2381	(   0.416957   1.950505   0.999184 )	3.256781 -0.000003 0.000003 
2382	(   0.417142   1.950863   0.998816 )	3.258693 0.000002 -0.000002 
2383	(   0.418426   1.948751   0.997894 )	3.246024 -0.000943 0.000943 
2384	(   0.418513   1.949286   0.999547 )	3.245270 0.006934 -0.006934 
2385	(   0.420407   1.949741   0.997233 )	3.246135 0.007558 -0.007558 
2386	(   0.419177   1.948598   0.995547 )	3.247435 -0.006886 0.006886 
2387	(   0.417895   1.949674   0.995744 )	3.256330 -0.010506 0.010506 
2388	(   0.418303   1.949915   0.997779 )	3.252398 -0.000093 0.000093 
2389	(   0.421422   1.946783   0.995321 )	3.232004 0.000012 -0.000012 
2390	(   0.418393   1.949247   0.997968 )	3.248444 0.000000 -0.000000 
2391	(   0.418351   1.947734   0.99864  )	3.239790 0.000006 -0.000006 
2392	(   0.419088   1.949589   0.996986 )	3.249885 -0.000002 0.000002 
2393	(   0.420041   1.949448   0.995889 )	3.248359 -0.000001 0.000001 
2394	(   0.418822   1.9494     0.997387 )	3.248996 0.000001 -0.000001 
2395	(   0.41822    1.949749   0.997971 )	3.251461 0.000000 -0.000000 
2396	(   0.418669   1.948247   0.999311 )	3.240087 0.005043 -0.005043 
2397	(   0.419845   1.948434   0.997242 )	3.241351 0.002757 -0.002757 
2398	(   0.419393   1.949691   0.998469 )	3.246634 0.007519 -0.007519 
2399	(   0.418882   1.94871    0.995968 )	3.248089 -0.006457 0.006457 
2400	(   0.417845   1.94945    0.997852 )	3.251353 -0.002759 0.002759 

BBE ( SOL ) BBO
2401	(   0.418349   1.949286   0.998073 )	3.248573 0.000270 -0.000270 
2402	(   0.418351   1.947733   0.99864  )	3.239789 0.000005 -0.000005 
2403	(   0.418823   1.949074   0.997519 )	3.247124 0.000001 -0.000001 
2404	(   0.419393   1.949218   0.996771 )	3.247519 0.000001 -0.000001 
2405	(   0.418219   1.949266   0.998171 )	3.248687 0.000002 -0.000002 
2406	(   0.418401   1.94974    0.997756 )	3.251275 -0.000000 0.000000 
2407	(   0.418399   1.948747   0.997941 )	3.245995 -0.000893 0.000893 
2408	(   0.418893   1.949265   0.997104 )	3.248647 -0.001001 0.001001 
2409	(   0.41887    1.948991   0.998547 )	3.244613 0.004178 -0.004178 
2410	(   0.418825   1.949239   0.998968 )	3.245179 0.006043 -0.006043 
2411	(   0.41882    1.948893   0.996547 )	3.248087 -0.004165 0.004165 
2412	(   0.418383   1.949319   0.997971 )	3.248830 0.000081 -0.000081 
2413	(   0.418351   1.947733   0.99864  )	3.239789 0.000005 -0.000005 
2414	(   0.418701   1.949102   0.998136 )	3.246465 0.001909 -0.001909 
2415	(   0.418366   1.949275   0.997668 )	3.249238 -0.001276 0.001276 
2416	(   0.41858    1.94941    0.997674 )	3.249240 -0.000000 0.000000 
2417	(   0.418593   1.949372   0.997488 )	3.249366 -0.000743 0.000743 
2418	(   0.418645   1.948855   0.997618 )	3.246395 -0.000823 0.000823 
2419	(   0.419045   1.949029   0.997477 )	3.246303 0.000824 -0.000824 
2420	(   0.418501   1.94938    0.998468 )	3.247824 0.002728 -0.002728 
2421	(   0.418226   1.949447   0.99786  )	3.250153 -0.000903 0.000903 
2422	(   0.418412   1.949216   0.99798  )	3.248211 0.000091 -0.000091 
2423	(   0.418396   1.949425   0.997918 )	3.249417 0.000105 -0.000105 
2424	(   0.418854   1.949009   0.99757  )	3.246611 0.000241 -0.000241 
2425	(   0.418509   1.94918    0.997855 )	3.247974 -0.000001 0.000001 
2426	(   0.418433   1.949608   0.997772 )	3.250493 0.000000 -0.000000 
2427	(   0.418293   1.949229   0.9981   )	3.248412 0.000019 -0.000019 
2428	(   0.418945   1.948858   0.997448 )	3.245814 -0.000050 0.000050 
2429	(   0.418745   1.949026   0.997646 )	3.246885 0.000051 -0.000051 
2430	(   0.418332   1.949215   0.997768 )	3.248854 -0.001138 0.001138 
2431	(   0.418366   1.949347   0.997938 )	3.249081 -0.000087 0.000087 
2432	(   0.418422   1.949147   0.997999 )	3.247803 0.000099 -0.000099 
2433	(   0.41894    1.948927   0.997494 )	3.246086 0.000219 -0.000219 
2434	(   0.418404   1.949169   0.998054 )	3.247861 0.000266 -0.000266 
2435	(   0.418428   1.949663   0.997755 )	3.250811 0.000001 -0.000001 
2436	(   0.418489   1.949301   0.99783  )	3.248683 -0.000000 0.000000 
2437	(   0.418443   1.949274   0.997947 )	3.248466 0.000202 -0.000202 
2438	(   0.418891   1.948914   0.997447 )	3.246259 -0.000220 0.000220 
2439	(   0.418799   1.94897    0.997647 )	3.246440 0.000221 -0.000221 
2440	(   0.418427   1.949197   0.998033 )	3.247969 0.000339 -0.000339 

BBE ( SOL ) BBO
2441	(   0.418398   1.949218   0.997868 )	3.248476 -0.000419 0.000419 
2442	(   0.418364   1.949282   0.997982 )	3.248681 -0.000025 0.000025 
2443	(   0.4184     1.949233   0.997958 )	3.248376 -0.000029 0.000029 
2444	(   0.418799   1.948945   0.997451 )	3.246688 -0.000599 0.000599 
2445	(   0.418683   1.949176   0.997645 )	3.247819 -0.000003 0.000003 
2446	(   0.418574   1.949209   0.997765 )	3.248093 -0.000002 0.000002 
2447	(   0.418394   1.949227   0.997942 )	3.248390 -0.000128 0.000128 
2448	(   0.418413   1.949252   0.997946 )	3.248452 0.000019 -0.000019 
2449	(   0.418853   1.948933   0.997497 )	3.246375 -0.000176 0.000176 
2450	(   0.418837   1.948951   0.997597 )	3.246323 0.000177 -0.000177 
2451	(   0.418404   1.949237   0.998018 )	3.248267 0.000238 -0.000238 
2452	(   0.418393   1.94925    0.997972 )	3.248454 0.000017 -0.000017 
2453	(   0.418844   1.948941   0.997549 )	3.246343 -0.000002 0.000002 
2454	(   0.418404   1.949227   0.997962 )	3.248324 -0.000007 0.000007 
2455	(   0.41838    1.94923    0.997988 )	3.248363 -0.000012 0.000012 
2456	(   0.418392   1.949219   0.997974 )	3.248301 -0.000029 0.000029 
2457	(   0.418392   1.949242   0.997972 )	3.248416 0.000005 -0.000005 
2458	(   0.418413   1.949247   0.997947 )	3.248426 0.000012 -0.000012 
2459	(   0.418388   1.949234   0.997978 )	3.248379 -0.000006 0.000006 
2460	(   0.418379   1.949255   0.997983 )	3.248501 0.000006 -0.000006 
2461	(   0.418397   1.949234   0.997967 )	3.248369 -0.000003 0.000003 
2462	(   0.4184     1.949248   0.997961 )	3.248440 0.000008 -0.000008 
2463	(   0.418391   1.949238   0.997973 )	3.248394 -0.000003 0.000003 
2464	(   0.418395   1.949237   0.997967 )	3.248389 -0.000009 0.000009 
2465	(   0.418393   1.949241   0.997971 )	3.248409 0.000002 -0.000002 
2466	(   0.418398   1.949243   0.997964 )	3.248420 0.000002 -0.000002 
2467	(   0.418393   1.949239   0.997971 )	3.248401 -0.000002 0.000002 
2468	(   0.418389   1.94925    0.997973 )	3.248467 0.000004 -0.000004 
2469	(   0.418395   1.949238   0.997969 )	3.248393 -0.000002 0.000002 
2470	(   0.418394   1.949242   0.997968 )	3.248417 -0.000004 0.000004 
2471	(   0.418393   1.949241   0.99797  )	3.248411 0.000000 -0.000000 
2472	(   0.418395   1.949245   0.997967 )	3.248431 0.000001 -0.000001 
2473	(   0.418394   1.949243   0.997968 )	3.248424 0.000000 -0.000000 
2474	(   0.418392   1.949249   0.997969 )	3.248459 0.000002 -0.000002 
2475	(   0.418394   1.949241   0.997969 )	3.248410 -0.000001 0.000001 
2476	(   0.418394   1.949224   0.997976 )	3.248311 0.000001 -0.000001 
2477	(   0.418413   1.949216   0.997956 )	3.248254 0.000001 -0.000001 
2478	(   0.418837   1.948933   0.997553 )	3.246316 -0.000027 0.000027 
2479	(   0.418374   1.949271   0.997981 )	3.248599 -0.000000 0.000000 
2480	(   0.418403   1.94923    0.997963 )	3.248340 0.000000 -0.000000 

BBE ( SOL ) BBO
2481	(   0.418433   1.949197   0.99794  )	3.248128 0.000001 -0.000001 
2482	(   0.418428   1.949147   0.997967 )	3.247846 0.000000 -0.000000 
2483	(   0.418502   1.948899   0.997979 )	3.246363 -0.000001 0.000001 
2484	(   0.418417   1.949152   0.997978 )	3.247880 0.000000 -0.000000 
2485	(   0.418849   1.948902   0.997559 )	3.246117 -0.000001 0.000001 
2486	(   0.41886    1.948782   0.997594 )	3.245422 -0.000006 0.000006 
2487	(   0.418913   1.948784   0.99753  )	3.245388 0.000001 -0.000001 
2488	(   0.419107   1.948429   0.997443 )	3.243202 0.000008 -0.000008 
2489	(   0.419103   1.948492   0.997421 )	3.243565 0.000001 -0.000001 
2490	(   0.418502   1.948899   0.997979 )	3.246364 -0.000001 0.000001 
2491	(   0.419673   1.947615   0.997092 )	3.238098 -0.000002 0.000002 
2492	(   0.41847    1.948749   0.99808  )	3.245527 -0.000000 0.000000 
2493	(   0.418594   1.947554   0.998419 )	3.238575 -0.000002 0.000002 
2494	(   0.419673   1.947615   0.997093 )	3.238097 -0.000001 0.000001 
2495	(   0.418595   1.947554   0.998419 )	3.238575 -0.000001 0.000001 
2496	(   0.421383   1.944984   0.996109 )	3.221722 -0.000016 0.000016 
2497	(   0.416563   1.947554   1.000857 )	3.240171 0.000001 -0.000001 
2498	(   0.41806    1.950518   0.997849 )	3.256004 -0.000000 0.000000 
2499	(   0.418473   1.948802   0.998054 )	3.245830 -0.000003 0.000003 
2500	(   0.418421   1.949123   0.997986 )	3.247712 0.000001 -0.000001 
2501	(   0.418031   1.946774   1.00008  )	3.233287 0.002655 -0.002655 
2502	(   0.41938    1.942615   0.998042 )	3.212462 -0.005794 0.005794 
2503	(   0.418438   1.943749   0.997262 )	3.222413 -0.011547 0.011547 
2504	(   0.41947    1.94784    0.998815 )	3.236565 0.006238 -0.006238 
2505	(   0.419966   1.952615   0.996144 )	3.263848 0.005836 -0.005836 
2506	(   0.418442   1.949107   0.997861 )	3.247806 -0.000421 0.000421 
2507	(   0.421383   1.944984   0.996109 )	3.221723 -0.000017 0.000017 
2508	(   0.417637   1.948739   0.999087 )	3.246114 -0.000002 0.000002 
2509	(   0.418699   1.950132   0.997234 )	3.253300 -0.000003 0.000003 
2510	(   0.418473   1.948802   0.998054 )	3.245829 -0.000002 0.000002 
2511	(   0.418421   1.949123   0.997986 )	3.247712 0.000001 -0.000001 
2512	(   0.418642   1.946749   0.997909 )	3.235408 -0.003112 0.003112 
2513	(   0.419363   1.947334   0.998093 )	3.235751 0.002027 -0.002027 
2514	(   0.419983   1.947896   0.996093 )	3.240447 -0.002016 0.002016 
2515	(   0.41897    1.949319   0.998434 )	3.246152 0.004738 -0.004738 
2516	(   0.418609   1.949284   0.99708  )	3.249660 -0.002431 0.002431 
2517	(   0.418444   1.948697   0.998198 )	3.245122 0.000264 -0.000264 
2518	(   0.418594   1.947554   0.998419 )	3.238575 -0.000001 0.000001 
2519	(   0.418546   1.948637   0.998034 )	3.244826 0.000001 -0.000001 
2520	(   0.419571   1.949098   0.99615  )	3.247559 -0.001794 0.001794 

BBE ( SOL ) BBO
2521	(   0.418473   1.948802   0.998054 )	3.245829 -0.000000 0.000000 
2522	(   0.41867    1.948905   0.998209 )	3.245443 0.001729 -0.001729 
2523	(   0.418504   1.949304   0.99758  )	3.249128 -0.000916 0.000916 
2524	(   0.418527   1.947749   0.997827 )	3.240872 -0.002360 0.002360 
2525	(   0.419482   1.946615   0.996926 )	3.234041 -0.003208 0.003208 
2526	(   0.419864   1.948615   0.997259 )	3.242156 0.003210 -0.003210 
2527	(   0.41846    1.948719   0.998109 )	3.245352 0.000022 -0.000022 
2528	(   0.418594   1.947554   0.998419 )	3.238578 -0.000001 0.000001 
2529	(   0.419674   1.947614   0.997092 )	3.238095 -0.000000 0.000000 
2530	(   0.419675   1.947613   0.997091 )	3.238087 0.000000 -0.000000 
2531	(   0.41968    1.94761    0.997087 )	3.238064 0.000003 -0.000003 
2532	(   0.419684   1.94768    0.99707  )	3.238429 0.000069 -0.000069 
2533	(   0.419659   1.947007   0.997214 )	3.234900 -0.000580 0.000580 
2534	(   0.419668   1.947618   0.997097 )	3.238122 -0.000004 0.000004 
2535	(   0.419677   1.947612   0.997089 )	3.238078 0.000002 -0.000002 
2536	(   0.419601   1.947113   0.997249 )	3.235535 -0.000545 0.000545 
2537	(   0.419749   1.947113   0.996976 )	3.235604 -0.000922 0.000922 
2538	(   0.419573   1.947203   0.997211 )	3.236136 -0.000682 0.000682 
2539	(   0.419773   1.948026   0.996974 )	3.240059 0.000681 -0.000681 
2540	(   0.419768   1.947665   0.997291 )	3.237681 0.001323 -0.001323 
2541	(   0.419637   1.947985   0.997001 )	3.240216 0.000070 -0.000070 
2542	(   0.419639   1.947881   0.997187 )	3.239345 0.000645 -0.000645 
2543	(   0.419677   1.94761    0.997101 )	3.238048 0.000042 -0.000042 
2544	(   0.419671   1.947616   0.997094 )	3.238108 -0.000002 0.000002 
2545	(   0.419676   1.947613   0.997091 )	3.238086 0.000001 -0.000001 
2546	(   0.419676   1.947612   0.99709  )	3.238082 0.000001 -0.000001 
2547	(   0.419679   1.947611   0.997088 )	3.238070 0.000003 -0.000003 
2548	(   0.419637   1.947748   0.997086 )	3.238880 0.000019 -0.000019 
2549	(   0.419659   1.94761    0.997106 )	3.238091 -0.000020 0.000020 
2550	(   0.419675   1.947614   0.997091 )	3.238090 0.000000 -0.000000 
2551	(   0.419675   1.947613   0.997091 )	3.238089 0.000000 -0.000000 
2552	(   0.419725   1.947681   0.997071 )	3.238308 0.000272 -0.000272 
2553	(   0.419664   1.947813   0.997151 )	3.238998 0.000512 -0.000512 
2554	(   0.419694   1.94751    0.997191 )	3.237327 0.000318 -0.000318 
2555	(   0.419687   1.947595   0.99699  )	3.238151 -0.000372 0.000372 
2556	(   0.419665   1.94763    0.99719  )	3.238013 0.000375 -0.000375 
2557	(   0.419675   1.947612   0.997089 )	3.238083 -0.000011 0.000011 
2558	(   0.419653   1.947595   0.997126 )	3.237995 0.000006 -0.000006 
2559	(   0.419647   1.947628   0.997119 )	3.238194 0.000002 -0.000002 
2560	(   0.419676   1.947613   0.99709  )	3.238083 0.000001 -0.000001 

BBE ( SOL ) BBO
2561	(   0.419674   1.947614   0.997092 )	3.238092 -0.000000 0.000000 
2562	(   0.41966    1.947651   0.997041 )	3.238419 -0.000211 0.000211 
2563	(   0.419659   1.947513   0.997105 )	3.237616 -0.000188 0.000188 
2564	(   0.419663   1.947512   0.997095 )	3.237619 -0.000208 0.000208 
2565	(   0.419692   1.947518   0.997041 )	3.237663 -0.000275 0.000275 
2566	(   0.41969    1.947712   0.997085 )	3.238545 0.000210 -0.000210 
2567	(   0.419675   1.947617   0.997093 )	3.238105 0.000015 -0.000015 
2568	(   0.41969    1.947603   0.997078 )	3.238014 0.000003 -0.000003 
2569	(   0.419687   1.947571   0.997094 )	3.237835 0.000001 -0.000001 
2570	(   0.41972    1.947446   0.997105 )	3.237096 -0.000001 0.000001 
2571	(   0.419819   1.947073   0.997138 )	3.234878 -0.000006 0.000006 
2572	(   0.419656   1.947184   0.997291 )	3.235643 -0.000002 0.000002 
2573	(   0.41976    1.947548   0.997015 )	3.237649 -0.000000 0.000000 
2574	(   0.420015   1.947353   0.996787 )	3.236336 -0.000002 0.000002 
2575	(   0.419739   1.947007   0.997263 )	3.234562 0.000000 -0.000000 
2576	(   0.419819   1.947072   0.997138 )	3.234877 -0.000007 0.000007 
2577	(   0.419795   1.94569    0.99774  )	3.226967 0.000006 -0.000006 
2578	(   0.419718   1.947403   0.997126 )	3.236850 0.000001 -0.000001 
2579	(   0.419709   1.947274   0.997191 )	3.236113 0.000008 -0.000008 
2580	(   0.419584   1.947325   0.997319 )	3.236503 0.000001 -0.000001 
2581	(   0.419121   1.948279   0.997487 )	3.242332 0.000002 -0.000002 
2582	(   0.419795   1.94569    0.997739 )	3.226967 0.000006 -0.000006 
2583	(   0.419569   1.947087   0.997436 )	3.235150 0.000000 -0.000000 
2584	(   0.420409   1.947374   0.996301 )	3.236163 -0.000001 0.000001 
2585	(   0.419795   1.94569    0.997739 )	3.226967 0.000006 -0.000006 
2586	(   0.422418   1.948475   0.993415 )	3.240991 0.000072 -0.000072 
2587	(   0.418908   1.949042   0.99743  )	3.246876 0.000003 -0.000003 
2588	(   0.418936   1.950842   0.996654 )	3.257212 0.000001 -0.000001 
2589	(   0.419703   1.946815   0.997385 )	3.233489 -0.000002 0.000002 
2590	(   0.419682   1.947413   0.997164 )	3.236936 -0.000002 0.000002 
2591	(   0.418739   1.94423    0.998384 )	3.221748 -0.004861 0.004861 
2592	(   0.420232   1.942007   0.997041 )	3.208760 -0.006690 0.006690 
2593	(   0.42042    1.942374   0.996117 )	3.211747 -0.008853 0.008853 
2594	(   0.420227   1.947657   0.999263 )	3.232494 0.011360 -0.011360 
2595	(   0.420398   1.952374   0.996485 )	3.260675 0.008872 -0.008872 
2596	(   0.420148   1.950165   0.994191 )	3.254839 -0.005001 0.005001 
2597	(   0.422418   1.948475   0.993415 )	3.240989 0.000074 -0.000074 
2598	(   0.418747   1.945045   0.999261 )	3.224093 0.000001 -0.000001 
2599	(   0.415771   1.939159   1.005255 )	3.192888 0.000400 -0.000400 
2600	(   0.420445   1.942007   0.998469 )	3.205415 0.000001 -0.000001 

BBE ( SOL ) BBO
2601	(   0.419795   1.945707   0.997739 )	3.227051 0.000034 -0.000034 
2602	(   0.425539   1.932907   0.996093 )	3.149779 -0.000126 0.000126 
2603	(   0.422469   1.942007   0.996035 )	3.203859 0.000002 -0.000002 
2604	(   0.415777   1.941707   1.004124 )	3.207525 -0.000049 0.000049 
2605	(   0.419703   1.946807   0.997385 )	3.233449 -0.000015 0.000015 
2606	(   0.419682   1.947407   0.997164 )	3.236906 -0.000012 0.000012 
2607	(   0.422445   1.935407   0.998942 )	3.166021 0.000617 -0.000617 
2608	(   0.421739   1.941807   0.997488 )	3.202346 0.001946 -0.001946 
2609	(   0.420295   1.951507   0.992263 )	3.264760 -0.009650 0.009650 
2610	(   0.418746   1.937007   0.994347 )	3.193725 -0.032539 0.032539 
2611	(   0.418445   1.948607   0.997996 )	3.245057 -0.000679 0.000679 
2612	(   0.419697   1.947207   0.997344 )	3.235527 0.000447 -0.000447 
2613	(   0.425539   1.932893   0.996093 )	3.149710 -0.000149 0.000149 
2614	(   0.422328   1.935407   0.998927 )	3.166403 0.000002 -0.000002 
2615	(   0.419129   1.947468   0.99781  )	3.237671 0.000002 -0.000002 
2616	(   0.420055   1.946148   0.999263 )	3.225551 0.008068 -0.008068 
2617	(   0.419574   1.942007   0.997023 )	3.210797 -0.009901 0.009901 
2618	(   0.418739   1.94763    0.997937 )	3.239425 -0.001098 0.001098 
2619	(   0.420246   1.93827    0.996469 )	3.191386 -0.014982 0.014982 
2620	(   0.420644   1.945744   1.000469 )	3.219475 0.015049 -0.015049 
2621	(   0.420143   1.946964   0.996467 )	3.234627 -0.001289 0.001289 
2622	(   0.418745   1.945052   0.999261 )	3.224135 0.000001 -0.000001 
2623	(   0.420644   1.941052   0.998484 )	3.200075 -0.000550 0.000550 
2624	(   0.419703   1.946815   0.997385 )	3.233488 -0.000001 0.000001 
2625	(   0.419682   1.947413   0.997164 )	3.236935 -0.000001 0.000001 
2626	(   0.419566   1.945007   0.9971   )	3.225500 -0.004743 0.004743 
2627	(   0.420239   1.946387   0.997038 )	3.230392 0.000489 -0.000489 
2628	(   0.420418   1.940703   0.999469 )	3.197188 0.001730 -0.001730 
2629	(   0.420472   1.943311   0.997469 )	3.213655 -0.001715 0.001715 
2630	(   0.419818   1.946571   0.998263 )	3.230263 0.003639 -0.003639 
2631	(   0.419731   1.947044   0.997254 )	3.234786 -0.000013 0.000013 
2632	(   0.41958    1.946587   0.997628 )	3.232274 0.000001 -0.000001 
2633	(   0.420556   1.942839   0.99942  )	3.207386 0.005680 -0.005680 
2634	(   0.419703   1.946815   0.997386 )	3.233488 -0.000000 0.000000 
2635	(   0.419717   1.946416   0.997533 )	3.231189 -0.000000 0.000000 
2636	(   0.419759   1.945219   0.997975 )	3.224300 0.000002 -0.000002 
2637	(   0.41971    1.946272   0.997601 )	3.230370 -0.000000 0.000000 
2638	(   0.419688   1.94584    0.997805 )	3.227911 -0.000000 0.000000 
2639	(   0.419623   1.944544   0.998417 )	3.220543 0.000005 -0.000005 
2640	(   0.419795   1.944028   0.99842  )	3.217461 0.000001 -0.000001 

BBE ( SOL ) BBO
2641	(   0.419678   1.943894   0.998615 )	3.216787 -0.000001 0.000001 
2642	(   0.419662   1.945611   0.997931 )	3.226620 0.000001 -0.000001 
2643	(   0.41972    1.946658   0.99743  )	3.232576 -0.000002 0.000002 
2644	(   0.419264   1.94084    0.998185 )	3.203795 -0.008669 0.008669 
2645	(   0.420188   1.941973   0.998602 )	3.205780 -0.000754 0.000754 
2646	(   0.419764   1.944247   0.995805 )	3.223592 -0.010162 0.010162 
2647	(   0.420261   1.940611   0.996469 )	3.202870 -0.011098 0.011098 
2648	(   0.42063    1.943403   1.000469 )	3.207963 0.011150 -0.011150 
2649	(   0.419685   1.945965   0.99781  )	3.228530 0.000208 -0.000208 
2650	(   0.419709   1.946096   0.997675 )	3.229361 0.000001 -0.000001 
2651	(   0.420348   1.940738   0.999104 )	3.198260 -0.000003 0.000003 
2652	(   0.419788   1.947808   0.996876 )	3.239119 0.000006 -0.000006 
2653	(   0.419664   1.94536    0.998032 )	3.225180 0.000002 -0.000002 
2654	(   0.419583   1.946906   0.996805 )	3.235409 -0.002730 0.002730 
2655	(   0.420282   1.940007   0.998796 )	3.195441 -0.002736 0.002736 
2656	(   0.419888   1.945239   0.99712  )	3.225626 -0.002744 0.002744 
2657	(   0.420608   1.944007   0.998142 )	3.215406 0.002745 -0.002745 
2658	(   0.41959    1.94384    0.997529 )	3.218843 -0.004830 0.004830 
2659	(   0.419535   1.946697   0.998574 )	3.231162 0.003726 -0.003726 
2660	(   0.419623   1.944544   0.998417 )	3.220543 0.000004 -0.000004 
2661	(   0.419822   1.946179   0.997504 )	3.229751 -0.000000 0.000000 
2662	(   0.420442   1.942128   0.998444 )	3.206071 0.000078 -0.000078 
2663	(   0.419777   1.945379   0.997888 )	3.225203 0.000000 -0.000000 
2664	(   0.419814   1.944661   0.998139 )	3.221065 0.000002 -0.000002 
2665	(   0.420043   1.943996   0.998136 )	3.217085 0.000001 -0.000001 
2666	(   0.420446   1.941961   0.998487 )	3.205151 0.000001 -0.000001 
2667	(   0.420449   1.941823   0.998541 )	3.204361 0.000004 -0.000004 
2668	(   0.41961    1.945868   0.997887 )	3.228132 -0.000002 0.000002 
2669	(   0.420383   1.943686   0.997856 )	3.215048 0.000007 -0.000007 
2670	(   0.419815   1.945327   0.997864 )	3.224876 0.000001 -0.000001 
2671	(   0.419736   1.946036   0.997667 )	3.228997 0.000000 -0.000000 
2672	(   0.419977   1.945211   0.997858 )	3.223819 0.000563 -0.000563 
2673	(   0.419769   1.943747   0.998888 )	3.215269 0.001280 -0.001280 
2674	(   0.420246   1.941495   0.999447 )	3.201653 0.002115 -0.002115 
2675	(   0.420646   1.942427   0.997527 )	3.208654 -0.002100 0.002100 
2676	(   0.419755   1.943379   0.997068 )	3.216936 -0.006623 0.006623 
2677	(   0.419597   1.946446   0.997722 )	3.231347 0.000222 -0.000222 
2678	(   0.420043   1.943996   0.998136 )	3.217085 0.000002 -0.000002 
2679	(   0.419776   1.945347   0.997902 )	3.225020 0.000001 -0.000001 
2680	(   0.420247   1.940563   0.999313 )	3.197314 0.000062 -0.000062 

BBE ( SOL ) BBO
2681	(   0.419645   1.945324   0.998069 )	3.224989 0.000001 -0.000001 
2682	(   0.419778   1.945965   0.997645 )	3.228559 -0.000001 0.000001 
2683	(   0.419846   1.945208   0.998388 )	3.223199 0.002041 -0.002041 
2684	(   0.419791   1.944379   0.997752 )	3.220472 -0.002103 0.002103 
2685	(   0.419877   1.945698   0.997568 )	3.227081 -0.000269 0.000269 
2686	(   0.420469   1.940961   0.998181 )	3.200732 -0.002742 0.002742 
2687	(   0.420423   1.942961   0.998794 )	3.209574 0.002747 -0.002747 
2688	(   0.419775   1.945388   0.997887 )	3.225254 0.000004 -0.000004 
2689	(   0.419877   1.945308   0.997797 )	3.224719 0.000002 -0.000002 
2690	(   0.420445   1.94181    0.998511 )	3.204364 -0.000157 0.000157 
2691	(   0.419645   1.945325   0.998069 )	3.224991 0.000002 -0.000002 
2692	(   0.419778   1.945966   0.997645 )	3.228560 -0.000000 0.000000 
2693	(   0.419789   1.944879   0.997912 )	3.222649 -0.000664 0.000664 
2694	(   0.419727   1.945306   0.998042 )	3.224700 0.000256 -0.000256 
2695	(   0.419813   1.945526   0.998088 )	3.225440 0.001210 -0.001210 
2696	(   0.420469   1.941461   0.99836  )	3.202858 -0.001214 0.001214 
2697	(   0.420423   1.942461   0.998615 )	3.207446 0.001217 -0.001217 
2698	(   0.419782   1.945387   0.997857 )	3.225286 -0.000085 0.000085 
2699	(   0.419781   1.945451   0.997857 )	3.225604 0.000015 -0.000015 
2700	(   0.420448   1.941847   0.998522 )	3.204516 -0.000037 0.000037 
2701	(   0.419759   1.94542    0.997892 )	3.225453 -0.000001 0.000001 
2702	(   0.419742   1.945882   0.997723 )	3.228111 0.000000 -0.000000 
2703	(   0.419774   1.945179   0.997965 )	3.224077 -0.000035 0.000035 
2704	(   0.420462   1.941761   0.998533 )	3.204031 -0.000068 0.000068 
2705	(   0.42043    1.942161   0.998442 )	3.206272 0.000071 -0.000071 
2706	(   0.419797   1.945406   0.997926 )	3.225203 0.000292 -0.000292 
2707	(   0.419787   1.945209   0.997788 )	3.224520 -0.000628 0.000628 
2708	(   0.419777   1.945391   0.997884 )	3.225267 0.000005 -0.000005 
2709	(   0.420451   1.941889   0.998511 )	3.204733 0.000002 -0.000002 
2710	(   0.419765   1.945179   0.997975 )	3.224083 -0.000034 0.000034 
2711	(   0.419795   1.945449   0.997837 )	3.225586 -0.000001 0.000001 
2712	(   0.419751   1.945889   0.997709 )	3.228144 0.000000 -0.000000 
2713	(   0.420456   1.941973   0.998464 )	3.205224 -0.000025 0.000025 
2714	(   0.420436   1.941949   0.998511 )	3.205079 0.000028 -0.000028 
2715	(   0.419778   1.945279   0.997918 )	3.224648 -0.000038 0.000038 
2716	(   0.419767   1.945405   0.997916 )	3.225309 0.000106 -0.000106 
2717	(   0.41977    1.945312   0.997838 )	3.224989 -0.000343 0.000343 
2718	(   0.419777   1.945393   0.997885 )	3.225272 0.000014 -0.000014 
2719	(   0.420453   1.941889   0.998511 )	3.204726 0.000012 -0.000012 
2720	(   0.41977    1.945311   0.997916 )	3.224834 -0.000031 0.000031 

BBE ( SOL ) BBO
2721	(   0.419819   1.945282   0.997877 )	3.224613 0.000002 -0.000002 
2722	(   0.419774   1.945386   0.997888 )	3.225243 -0.000000 0.000000 
2723	(   0.419782   1.945368   0.997892 )	3.225125 0.000025 -0.000025 
2724	(   0.420447   1.941911   0.998499 )	3.204881 -0.000030 0.000030 
2725	(   0.420445   1.942011   0.998476 )	3.205422 0.000033 -0.000033 
2726	(   0.419776   1.945371   0.997908 )	3.225127 0.000059 -0.000059 
2727	(   0.419776   1.945329   0.997883 )	3.224966 -0.000103 0.000103 
2728	(   0.419778   1.945388   0.997868 )	3.225282 -0.000058 0.000058 
2729	(   0.419777   1.945347   0.997908 )	3.225007 0.000029 -0.000029 
2730	(   0.420453   1.941889   0.998492 )	3.204763 -0.000066 0.000066 
2731	(   0.419776   1.945353   0.997898 )	3.225057 -0.000004 0.000004 
2732	(   0.419776   1.945362   0.997895 )	3.225106 -0.000002 0.000002 
2733	(   0.419775   1.94538    0.99789  )	3.225205 0.000002 -0.000002 
2734	(   0.419776   1.945366   0.997894 )	3.225131 -0.000001 0.000001 
2735	(   0.419776   1.945375   0.997891 )	3.225180 0.000001 -0.000001 
2736	(   0.419776   1.945369   0.997893 )	3.225143 -0.000000 0.000000 
2737	(   0.419775   1.945409   0.997877 )	3.225373 -0.000001 0.000001 
2738	(   0.419776   1.945363   0.997896 )	3.225108 0.000000 -0.000000 
2739	(   0.419776   1.945345   0.997904 )	3.225004 0.000002 -0.000002 
2740	(   0.419778   1.9453     0.997918 )	3.224751 -0.000001 0.000001 
2741	(   0.420447   1.941911   0.99847  )	3.204937 -0.000147 0.000147 
2742	(   0.419778   1.945354   0.997896 )	3.225060 0.000000 -0.000000 
2743	(   0.41978    1.945339   0.9979   )	3.224968 0.000001 -0.000001 
2744	(   0.419785   1.94533    0.997898 )	3.224915 0.000000 -0.000000 
2745	(   0.419806   1.945257   0.997903 )	3.224479 -0.000001 0.000001 
2746	(   0.420456   1.941958   0.998476 )	3.205127 -0.000001 0.000001 
2747	(   0.420486   1.941949   0.998443 )	3.205053 -0.000008 0.000008 
2748	(   0.419783   1.945289   0.997917 )	3.224681 -0.000000 0.000000 
2749	(   0.419778   1.945166   0.997974 )	3.223979 -0.000001 0.000001 
2750	(   0.42046    1.94192    0.998488 )	3.204904 0.000000 -0.000000 
2751	(   0.420471   1.941804   0.998522 )	3.204236 0.000003 -0.000003 
2752	(   0.42043    1.941696   0.998615 )	3.203653 -0.000002 0.000002 
2753	(   0.420423   1.941715   0.998615 )	3.203764 -0.000002 0.000002 
2754	(   0.420463   1.941885   0.998498 )	3.204707 -0.000000 0.000000 
2755	(   0.420471   1.941825   0.998513 )	3.204353 -0.000001 0.000001 
2756	(   0.420498   1.941642   0.998556 )	3.203291 -0.000002 0.000002 
2757	(   0.420471   1.941783   0.99853  )	3.204115 -0.000001 0.000001 
2758	(   0.420471   1.941782   0.99853  )	3.204114 -0.000002 0.000002 
2759	(   0.420497   1.941475   0.998624 )	3.202340 -0.000005 0.000005 
2760	(   0.420435   1.941892   0.998529 )	3.204768 0.000000 -0.000000 

BBE ( SOL ) BBO
2761	(   0.420602   1.940008   0.9991   )	3.193900 -0.000001 0.000001 
2762	(   0.420471   1.941782   0.998529 )	3.204114 -0.000004 0.000004 
2763	(   0.420995   1.934683   1.000812 )	3.163364 0.000032 -0.000032 
2764	(   0.420323   1.945311   0.997258 )	3.224395 0.000002 -0.000002 
2765	(   0.420597   1.943964   0.997483 )	3.216473 0.000000 -0.000000 
2766	(   0.420308   1.939834   0.999527 )	3.193138 0.000020 -0.000020 
2767	(   0.420524   1.942931   0.997994 )	3.210629 -0.000002 0.000002 
2768	(   0.420438   1.939885   0.999033 )	3.193925 -0.001252 0.001252 
2769	(   0.420663   1.942129   0.99896  )	3.204429 0.003194 -0.003194 
2770	(   0.420684   1.939161   0.9981   )	3.191366 -0.004975 0.004975 
2771	(   0.42052    1.940855   1.0001   )	3.196436 0.004986 -0.004986 
2772	(   0.42057    1.940681   0.997498 )	3.200334 -0.005431 0.005431 
2773	(   0.42046    1.941981   0.998483 )	3.205216 0.000085 -0.000085 
2774	(   0.420995   1.934683   1.000812 )	3.163365 0.000031 -0.000031 
2775	(   0.420438   1.941346   0.998748 )	3.201653 -0.000000 0.000000 
2776	(   0.420365   1.939729   0.999498 )	3.192502 0.000006 -0.000006 
2777	(   0.420147   1.941274   0.999126 )	3.201472 -0.000000 0.000000 
2778	(   0.419273   1.941058   1.00026  )	3.200934 0.000011 -0.000011 
2779	(   0.41936    1.942389   0.99961  )	3.208450 -0.000002 0.000002 
2780	(   0.42042    1.943774   0.997773 )	3.215523 -0.000001 0.000001 
2781	(   0.420264   1.941111   0.999053 )	3.200451 0.000001 -0.000001 
2782	(   0.420392   1.941697   0.99866  )	3.203690 0.000001 -0.000001 
2783	(   0.420183   1.939274   1.000657 )	3.188640 0.003034 -0.003034 
2784	(   0.420647   1.940434   0.997838 )	3.198242 -0.004116 0.004116 
2785	(   0.420212   1.942008   0.997625 )	3.207722 -0.004470 0.004470 
2786	(   0.420993   1.938008   1.000575 )	3.180114 0.004493 -0.004493 
2787	(   0.419649   1.939598   0.997126 )	3.198501 -0.013060 0.013060 
2788	(   0.419937   1.943488   1.000245 )	3.210916 0.007084 -0.007084 
2789	(   0.420149   1.940879   0.999285 )	3.199222 -0.000002 0.000002 
2790	(   0.420572   1.939147   0.999488 )	3.189028 -0.000001 0.000001 
2791	(   0.420481   1.936564   1.000652 )	3.174438 0.000012 -0.000012 
2792	(   0.42077    1.941113   0.998447 )	3.200065 0.000000 -0.000000 
2793	(   0.420481   1.936564   1.000652 )	3.174438 0.000013 -0.000013 
2794	(   0.422638   1.94063    0.99641  )	3.195854 0.000029 -0.000029 
2795	(   0.41977    1.938819   1.000576 )	3.187809 -0.000001 0.000001 
2796	(   0.417364   1.937835   1.003876 )	3.184110 0.000246 -0.000246 
2797	(   0.422638   1.94063    0.996447 )	3.195784 0.000176 -0.000176 
2798	(   0.418814   1.948676   0.997676 )	3.244878 -0.000071 0.000071 
2799	(   0.420295   1.944977   0.997447 )	3.222471 0.000071 -0.000071 
2800	(   0.420441   1.940604   0.999047 )	3.197428 -0.000008 0.000008 

BBE ( SOL ) BBO
2801	(   0.420457   1.941565   0.998647 )	3.202867 0.000042 -0.000042 
2802	(   0.419561   1.936113   1.000547 )	3.175216 -0.005510 0.005510 
2803	(   0.417971   1.933819   1.009076 )	3.152944 0.017840 -0.017840 
2804	(   0.42277    1.937147   0.989547 )	3.191286 -0.031930 0.031930 
2805	(   0.422204   1.940002   1.008447 )	3.171508 0.045433 -0.045433 
2806	(   0.421569   1.943819   0.992076 )	3.223059 -0.016882 0.016882 
2807	(   0.421209   1.947426   0.997947 )	3.230851 0.010444 -0.010444 
2808	(   0.417364   1.937835   1.00384  )	3.184178 0.000100 -0.000100 
2809	(   0.418755   1.9416     1.000653 )	3.204437 -0.000003 0.000003 
2810	(   0.420958   1.939088   0.999053 )	3.188387 0.000004 -0.000004 
2811	(   0.420441   1.940604   0.999049 )	3.197424 -0.000000 0.000000 
2812	(   0.42043    1.939963   0.999325 )	3.193783 0.000003 -0.000003 
2813	(   0.419454   1.939077   1.000849 )	3.189529 0.000010 -0.000010 
2814	(   0.419069   1.939103   1.001276 )	3.190022 -0.000067 0.000067 
2815	(   0.420362   1.943734   0.997849 )	3.215363 -0.000043 0.000043 
2816	(   0.420467   1.940648   0.999049 )	3.197562 0.000196 -0.000196 
2817	(   0.420446   1.941172   0.998849 )	3.200583 0.000153 -0.000153 
2818	(   0.420631   1.935604   1.002449 )	3.165924 0.006384 -0.006384 
2819	(   0.422441   1.941236   0.999949 )	3.192762 0.014163 -0.014163 
2820	(   0.41777    1.935251   0.999276 )	3.178797 -0.020492 0.020492 
2821	(   0.42177    1.942387   1.001876 )	3.196836 0.020577 -0.020577 
2822	(   0.420706   1.938956   0.989049 )	3.207409 -0.040718 0.040718 
2823	(   0.419447   1.942158   1.001049 )	3.204338 0.005795 -0.005795 
2824	(   0.419454   1.939077   1.000855 )	3.189517 0.000034 -0.000034 
2825	(   0.417825   1.940041   1.002387 )	3.196335 -0.000000 0.000000 
2826	(   0.41199    1.943707   1.007787 )	3.222102 0.000001 -0.000001 
2827	(   0.418802   1.939947   1.001276 )	3.194984 0.000033 -0.000033 
2828	(   0.416171   1.946251   1.001887 )	3.232967 0.000152 -0.000152 
2829	(   0.41921    1.939898   1.000787 )	3.194420 -0.000065 0.000065 
2830	(   0.419913   1.940931   0.999587 )	3.199623 0.000164 -0.000164 
2831	(   0.417915   1.935041   1.004287 )	3.167973 0.000008 -0.000008 
2832	(   0.419825   1.940263   1.002387 )	3.191342 0.009889 -0.009889 
2833	(   0.419899   1.938604   1.010576 )	3.167700 0.040937 -0.040937 
2834	(   0.417817   1.940973   1.012387 )	3.182275 0.042367 -0.042367 
2835	(   0.419641   1.939034   0.990576 )	3.208126 -0.039737 0.039737 
2836	(   0.417776   1.941554   1.001587 )	3.205436 -0.000999 0.000999 
2837	(   0.41199    1.943707   1.00782  )	3.222040 0.000136 -0.000136 
2838	(   0.419684   1.938825   1.000676 )	3.187912 0.000001 -0.000001 
2839	(   0.417365   1.939065   1.003321 )	3.191187 -0.000004 0.000004 
2840	(   0.41921    1.939898   1.000796 )	3.194403 -0.000029 0.000029 

BBE ( SOL ) BBO
2841	(   0.419913   1.940931   0.999543 )	3.199706 -0.000012 0.000012 
2842	(   0.417706   1.938041   1.000486 )	3.190427 -0.011444 0.011444 
2843	(   0.418825   1.940105   1.000402 )	3.197333 -0.003106 0.003106 
2844	(   0.418236   1.939183   1.007387 )	3.181522 0.020861 -0.020861 
2845	(   0.419362   1.936819   0.997935 )	3.184178 -0.015733 0.015733 
2846	(   0.420178   1.940819   1.003217 )	3.191445 0.015826 -0.015826 
2847	(   0.417592   1.941118   1.003952 )	3.199410 0.006955 -0.006955 
2848	(   0.419266   1.93768    1.001635 )	3.181759 0.000002 -0.000002 
2849	(   0.418825   1.938078   1.002881 )	3.182722 0.003567 -0.003567 
2850	(   0.41921    1.939898   1.000796 )	3.194403 -0.000029 0.000029 
2851	(   0.419913   1.940931   0.999543 )	3.199707 -0.000013 0.000013 
2852	(   0.418041   1.939041   1.002094 )	3.191309 -0.001772 0.001772 
2853	(   0.417325   1.93949    1.004013 )	3.192102 0.003293 -0.003293 
2854	(   0.41927    1.938818   0.99942  )	3.191494 -0.007006 0.007006 
2855	(   0.42027    1.93882    1.001732 )	3.184127 0.007021 -0.007021 
2856	(   0.418186   1.940207   1.004387 )	3.192306 0.010070 -0.010070 
2857	(   0.417825   1.940081   1.002341 )	3.196617 -0.000118 0.000118 
2858	(   0.419689   1.938819   1.000713 )	3.187798 0.000162 -0.000162 
2859	(   0.417826   1.940023   1.002187 )	3.196622 -0.000830 0.000830 
2860	(   0.41888    1.938474   1.001768 )	3.186583 -0.000013 0.000013 
2861	(   0.418786   1.940818   1.000932 )	3.199968 -0.000007 0.000007 
2862	(   0.417824   1.939541   1.002678 )	3.193333 0.000359 -0.000359 
2863	(   0.418025   1.940039   1.00239  )	3.195715 0.000963 -0.000963 
2864	(   0.419808   1.938565   1.001576 )	3.184570 0.003778 -0.003778 
2865	(   0.419732   1.939073   0.999576 )	3.191050 -0.003768 0.003768 
2866	(   0.417824   1.940186   1.003387 )	3.195178 0.004268 -0.004268 
2867	(   0.417778   1.940045   1.002373 )	3.196522 -0.000272 0.000272 
2868	(   0.419808   1.938778   1.000609 )	3.187430 0.000243 -0.000243 
2869	(   0.417809   1.940179   1.002194 )	3.197427 -0.000628 0.000628 
2870	(   0.417565   1.939413   1.002993 )	3.192903 0.000189 -0.000189 
2871	(   0.417618   1.939571   1.002838 )	3.193807 0.000073 -0.000073 
2872	(   0.417925   1.940174   1.002559 )	3.196363 0.001385 -0.001385 
2873	(   0.417862   1.939841   1.00281  )	3.194446 0.001557 -0.001557 
2874	(   0.417897   1.939926   1.001887 )	3.196489 -0.001853 0.001853 
2875	(   0.41987    1.938753   1.001018 )	3.186352 0.002138 -0.002138 
2876	(   0.41967    1.938885   1.000135 )	3.189266 -0.002137 0.002137 
2877	(   0.417823   1.940043   1.002386 )	3.196353 -0.000011 0.000011 
2878	(   0.417919   1.940161   1.002238 )	3.196918 0.000041 -0.000041 
2879	(   0.419808   1.938821   1.000581 )	3.187696 0.000203 -0.000203 
2880	(   0.418093   1.940592   1.001836 )	3.199266 -0.000049 0.000049 

BBE ( SOL ) BBO
2881	(   0.417737   1.939826   1.002588 )	3.195171 0.000041 -0.000041 
2882	(   0.417875   1.94001    1.002504 )	3.195812 0.000660 -0.000660 
2883	(   0.417838   1.940141   1.002401 )	3.196760 0.000283 -0.000283 
2884	(   0.417797   1.940049   1.002587 )	3.196085 0.000685 -0.000685 
2885	(   0.419791   1.938877   1.000776 )	3.187655 0.000997 -0.000997 
2886	(   0.419749   1.93876    1.000376 )	3.187962 -0.000998 0.000998 
2887	(   0.417817   1.939946   1.002149 )	3.196341 -0.001151 0.001151 
2888	(   0.417827   1.940023   1.002371 )	3.196275 -0.000087 0.000087 
2889	(   0.419788   1.938776   1.000497 )	3.187695 -0.000304 0.000304 
2890	(   0.417671   1.939779   1.002669 )	3.194988 -0.000020 0.000020 
2891	(   0.417547   1.939588   1.002885 )	3.194023 -0.000050 0.000050 
2892	(   0.417809   1.940082   1.002374 )	3.196613 -0.000062 0.000062 
2893	(   0.417755   1.93989    1.002534 )	3.195531 0.000015 -0.000015 
2894	(   0.417931   1.940203   1.002203 )	3.197159 0.000024 -0.000024 
2895	(   0.417736   1.939885   1.002553 )	3.195530 -0.000010 0.000010 
2896	(   0.417834   1.940089   1.00235  )	3.196614 -0.000029 0.000029 
2897	(   0.417775   1.93994    1.002488 )	3.195802 0.000004 -0.000004 
2898	(   0.417734   1.939868   1.002566 )	3.195426 0.000007 -0.000007 
2899	(   0.41769    1.939781   1.002656 )	3.194963 0.000017 -0.000017 
2900	(   0.41782    1.940014   1.002408 )	3.196179 0.000017 -0.000017 
2901	(   0.417757   1.939917   1.002517 )	3.195692 -0.000003 0.000003 
2902	(   0.417816   1.939991   1.002406 )	3.196080 -0.000045 0.000045 
2903	(   0.417808   1.940067   1.002487 )	3.196329 0.000367 -0.000367 
2904	(   0.419785   1.93878    1.000676 )	3.187385 0.000407 -0.000407 
2905	(   0.419755   1.938858   1.000476 )	3.188232 -0.000408 0.000408 
2906	(   0.417845   1.940029   1.002483 )	3.196037 0.000460 -0.000460 
2907	(   0.417829   1.940049   1.002308 )	3.196512 -0.000284 0.000284 
2908	(   0.419771   1.938819   1.000574 )	3.187813 -0.000007 0.000007 
2909	(   0.417818   1.940014   1.002402 )	3.196197 -0.000019 0.000019 
2910	(   0.417748   1.939889   1.002542 )	3.195534 0.000012 -0.000012 
2911	(   0.417804   1.940004   1.002425 )	3.196148 -0.000005 0.000005 
2912	(   0.417767   1.939928   1.002503 )	3.195739 0.000006 -0.000006 
2913	(   0.417795   1.939985   1.002445 )	3.196046 -0.000003 0.000003 
2914	(   0.417821   1.940061   1.002419 )	3.196387 0.000141 -0.000141 
2915	(   0.417835   1.940054   1.002368 )	3.196407 -0.000007 0.000007 
2916	(   0.41976    1.938833   1.000593 )	3.187877 0.000042 -0.000042 
2917	(   0.41978    1.938805   1.00056  )	3.187740 -0.000043 0.000043 
2918	(   0.417831   1.940033   1.002437 )	3.196186 0.000219 -0.000219 
2919	(   0.417828   1.940019   1.002357 )	3.196278 -0.000143 0.000143 
2920	(   0.417828   1.94003    1.002399 )	3.196250 0.000045 -0.000045 

BBE ( SOL ) BBO
2921	(   0.41978    1.938805   1.000584 )	3.187695 0.000054 -0.000054 
2922	(   0.417781   1.939966   1.00247  )	3.195946 0.000002 -0.000002 
2923	(   0.417754   1.939922   1.00252  )	3.195716 0.000006 -0.000006 
2924	(   0.417796   1.93999    1.002443 )	3.196070 0.000005 -0.000005 
2925	(   0.417798   1.939994   1.002438 )	3.196090 0.000002 -0.000002 
2926	(   0.417808   1.940015   1.002419 )	3.196202 0.000005 -0.000005 
2927	(   0.417798   1.939993   1.002438 )	3.196085 -0.000001 0.000001 
2928	(   0.417804   1.940006   1.002425 )	3.196154 -0.000002 0.000002 
2929	(   0.4178     1.939997   1.002435 )	3.196106 0.000001 -0.000001 
2930	(   0.417834   1.940054   1.002371 )	3.196405 -0.000001 0.000001 
2931	(   0.417794   1.939988   1.002445 )	3.196061 0.000001 -0.000001 
2932	(   0.417812   1.940017   1.002412 )	3.196215 -0.000001 0.000001 
2933	(   0.417803   1.940002   1.002429 )	3.196133 0.000001 -0.000001 
2934	(   0.417826   1.940031   1.002389 )	3.196280 -0.000005 0.000005 
2935	(   0.41783    1.940042   1.002383 )	3.196334 0.000007 -0.000007 
2936	(   0.419765   1.938812   1.000574 )	3.187796 -0.000045 0.000045 
2937	(   0.419775   1.938825   1.000579 )	3.187821 0.000044 -0.000044 
2938	(   0.417824   1.940039   1.002367 )	3.196370 -0.000088 0.000088 
2939	(   0.417825   1.940041   1.002388 )	3.196336 0.000001 -0.000001 
2940	(   0.417826   1.940042   1.002386 )	3.196344 0.000001 -0.000001 
2941	(   0.419765   1.938823   1.000578 )	3.187841 -0.000011 0.000011 
2942	(   0.417815   1.940024   1.002405 )	3.196246 -0.000001 0.000001 
2943	(   0.417825   1.940036   1.002389 )	3.196306 0.000001 -0.000001 
2944	(   0.417823   1.94004    1.002388 )	3.196335 -0.000007 0.000007 
2945	(   0.419771   1.938814   1.000586 )	3.187764 0.000035 -0.000035 
2946	(   0.419769   1.938824   1.000566 )	3.187854 -0.000036 0.000036 
2947	(   0.417825   1.94004    1.002377 )	3.196350 -0.000043 0.000043 
2948	(   0.417825   1.940041   1.002387 )	3.196337 0.000000 -0.000000 
2949	(   0.419771   1.938818   1.000577 )	3.187801 0.000003 -0.000003 
2950	(   0.417823   1.94004    1.002388 )	3.196333 -0.000005 0.000005 
2951	(   0.417825   1.940038   1.002388 )	3.196317 0.000000 -0.000000 
2952	(   0.417825   1.940036   1.002388 )	3.196308 -0.000000 0.000000 
2953	(   0.417825   1.940043   1.002386 )	3.196348 -0.000001 0.000001 
2954	(   0.417825   1.940038   1.002388 )	3.196317 0.000000 -0.000000 
2955	(   0.417825   1.940035   1.002389 )	3.196302 -0.000000 0.000000 
2956	(   0.417826   1.940032   1.00239  )	3.196285 -0.000000 0.000000 
2957	(   0.417826   1.94003    1.00239  )	3.196271 0.000000 -0.000000 
2958	(   0.417827   1.940024   1.002392 )	3.196238 0.000000 -0.000000 
2959	(   0.417827   1.940024   1.002392 )	3.196237 -0.000001 0.000001 
2960	(   0.417826   1.940034   1.002389 )	3.196297 0.000000 -0.000000 

BBE ( SOL ) BBO
2961	(   0.417827   1.940024   1.002392 )	3.196239 0.000000 -0.000000 
2962	(   0.417827   1.940019   1.002393 )	3.196211 0.000000 -0.000000 
2963	(   0.417828   1.940012   1.002395 )	3.196168 -0.000000 0.000000 
2964	(   0.417828   1.940008   1.002396 )	3.196145 0.000001 -0.000001 
2965	(   0.417826   1.940026   1.002391 )	3.196250 -0.000000 0.000000 
2966	(   0.417828   1.940014   1.002395 )	3.196180 0.000000 -0.000000 
2967	(   0.417828   1.940009   1.002396 )	3.196152 0.000000 -0.000000 
2968	(   0.417829   1.940002   1.002398 )	3.196109 0.000000 -0.000000 
2969	(   0.41783    1.939994   1.0024   )	3.196067 -0.000000 0.000000 
2970	(   0.417832   1.939979   1.002404 )	3.195981 -0.000000 0.000000 
2971	(   0.417831   1.939981   1.002403 )	3.195992 -0.000001 0.000001 
2972	(   0.417829   1.940006   1.002397 )	3.196133 0.000000 -0.000000 
2973	(   0.417832   1.939979   1.002404 )	3.195981 0.000000 -0.000000 
2974	(   0.417833   1.939968   1.002407 )	3.195915 -0.000000 0.000000 
2975	(   0.417835   1.939949   1.002412 )	3.195805 -0.000001 0.000001 
2976	(   0.417835   1.939949   1.002412 )	3.195809 -0.000000 0.000000 
2977	(   0.417838   1.939923   1.002419 )	3.195658 -0.000001 0.000001 
2978	(   0.417835   1.939952   1.002411 )	3.195822 -0.000001 0.000001 
2979	(   0.417832   1.939972   1.002406 )	3.195941 -0.000000 0.000000 
2980	(   0.417841   1.939894   1.002427 )	3.195491 -0.000001 0.000001 
2981	(   0.417835   1.939949   1.002412 )	3.195805 -0.000000 0.000000 
2982	(   0.417836   1.939947   1.002412 )	3.195794 0.000000 -0.000000 
2983	(   0.417839   1.939942   1.002411 )	3.195761 0.000002 -0.000002 
2984	(   0.417839   1.939923   1.002419 )	3.195657 0.000002 -0.000002 
2985	(   0.41978    1.938805   1.00057  )	3.187722 -0.000003 0.000003 
2986	(   0.417838   1.939929   1.002417 )	3.195691 0.000000 -0.000000 
2987	(   0.41784    1.93991    1.002422 )	3.195579 0.000000 -0.000000 
2988	(   0.417847   1.939852   1.002437 )	3.195243 0.000001 -0.000001 
2989	(   0.419792   1.938781   1.000565 )	3.187574 -0.000001 0.000001 
2990	(   0.41986    1.938666   1.000531 )	3.186871 -0.000000 0.000000 
2991	(   0.420062   1.938324   1.00043  )	3.184763 0.000000 -0.000000 
2992	(   0.420669   1.937296   1.000127 )	3.178442 -0.000001 0.000001 
2993	(   0.422491   1.934212   0.999218 )	3.159515 -0.000021 0.000021 
2994	(   0.419784   1.938104   1.00085  )	3.183741 0.000000 -0.000000 
2995	(   0.418949   1.937444   1.002109 )	3.180679 0.000016 -0.000016 
2996	(   0.422491   1.934212   0.999218 )	3.159513 -0.000018 0.000018 
2997	(   0.419817   1.934683   1.002195 )	3.164353 0.000000 -0.000000 
2998	(   0.419916   1.92442    1.00623  )	3.106605 0.000183 -0.000183 
2999	(   0.419859   1.937043   1.001191 )	3.177667 -0.000001 0.000001 
3000	(   0.419916   1.924383   1.00623  )	3.106426 0.000124 -0.000124 

BBE ( SOL ) BBO
3001	(   0.419985   1.944143   0.998179 )	3.217906 0.000135 -0.000135 
3002	(   0.420607   1.928883   1.003609 )	3.131029 0.000027 -0.000027 
3003	(   0.421769   1.933843   1.00022  )	3.158021 -0.000041 0.000041 
3004	(   0.419916   1.935383   1.001786 )	3.168244 -0.000039 0.000039 
3005	(   0.419874   1.937883   1.000845 )	3.182392 0.000049 -0.000049 
3006	(   0.418817   1.930983   1.006271 )	3.141738 0.005779 -0.005779 
3007	(   0.420102   1.924683   1.001698 )	3.115665 -0.016861 0.016861 
3008	(   0.419852   1.927043   1.003354 )	3.124827 -0.007546 0.007546 
3009	(   0.420588   1.935883   1.007195 )	3.158581 0.025894 -0.025894 
3010	(   0.419866   1.947043   0.999028 )	3.231003 0.007686 -0.007686 
3011	(   0.419855   1.935083   1.001227 )	3.168003 -0.003062 0.003062 
3012	(   0.419985   1.944124   0.998179 )	3.217812 0.000104 -0.000104 
3013	(   0.418966   1.946989   0.998203 )	3.235049 -0.000001 0.000001 
3014	(   0.420309   1.934928   1.001516 )	3.165330 -0.000001 0.000001 
3015	(   0.421784   1.935663   0.999479 )	3.168271 0.000036 -0.000036 
3016	(   0.421199   1.935961   1.000043 )	3.170448 -0.000001 0.000001 
3017	(   0.419824   1.936846   1.001312 )	3.176581 -0.000001 0.000001 
3018	(   0.419916   1.935407   1.001786 )	3.168361 0.000000 -0.000000 
3019	(   0.420817   1.933185   1.003054 )	3.152401 0.005768 -0.005768 
3020	(   0.41948    1.93192    1.007195 )	3.142591 0.014203 -0.014203 
3021	(   0.420896   1.930152   1.006516 )	3.130958 0.015256 -0.015256 
3022	(   0.419624   1.929683   0.999106 )	3.146252 -0.021403 0.021403 
3023	(   0.419722   1.939704   0.996516 )	3.199950 -0.014960 0.014960 
3024	(   0.419782   1.934827   1.002138 )	3.165271 -0.000161 0.000161 
3025	(   0.421783   1.935663   0.999479 )	3.168272 0.000035 -0.000035 
3026	(   0.419426   1.933695   1.003053 )	3.159106 0.000000 -0.000000 
3027	(   0.416777   1.929996   1.007664 )	3.140529 0.000232 -0.000232 
3028	(   0.419795   1.929863   1.004158 )	3.137236 0.000002 -0.000002 
3029	(   0.419936   1.935407   1.001762 )	3.168347 -0.000003 0.000003 
3030	(   0.419655   1.931086   1.003839 )	3.144212 0.000031 -0.000031 
3031	(   0.419752   1.93635    1.001597 )	3.173834 -0.000006 0.000006 
3032	(   0.419663   1.928695   1.00398  )	3.132276 -0.003234 0.003234 
3033	(   0.418426   1.932527   1.003159 )	3.156228 -0.006200 0.006200 
3034	(   0.420514   1.931191   1.006516 )	3.137170 0.015138 -0.015138 
3035	(   0.419405   1.934597   1.008053 )	3.154291 0.021699 -0.021699 
3036	(   0.420104   1.938665   0.996516 )	3.193674 -0.014833 0.014833 
3037	(   0.419507   1.933929   1.002942 )	3.160212 0.000316 -0.000316 
3038	(   0.416777   1.929996   1.007664 )	3.140528 0.000234 -0.000234 
3039	(   0.418602   1.930514   1.005236 )	3.142016 -0.000206 0.000206 
3040	(   0.421196   1.93396    1.00086  )	3.159130 -0.000000 0.000000 

BBE ( SOL ) BBO
3041	(   0.420377   1.932818   1.002286 )	3.153369 -0.000011 0.000011 
3042	(   0.420031   1.93476    1.001911 )	3.164610 -0.000002 0.000002 
3043	(   0.419428   1.931695   1.003031 )	3.149369 -0.003321 0.003321 
3044	(   0.419926   1.933684   1.004865 )	3.154169 0.009687 -0.009687 
3045	(   0.418973   1.933665   1.005053 )	3.156613 0.005903 -0.005903 
3046	(   0.420398   1.935022   0.999516 )	3.169257 -0.007436 0.007436 
3047	(   0.420219   1.934834   1.003516 )	3.161411 0.007482 -0.007482 
3048	(   0.419447   1.934695   1.001155 )	3.167472 -0.005914 0.005914 
3049	(   0.419483   1.933605   1.002997 )	3.158596 -0.000099 0.000099 
3050	(   0.420325   1.936543   1.000143 )	3.175763 -0.002803 0.002803 
3051	(   0.419655   1.931086   1.003839 )	3.144210 0.000033 -0.000033 
3052	(   0.419752   1.93635    1.001597 )	3.173833 -0.000006 0.000006 
3053	(   0.419422   1.932695   1.002666 )	3.154950 -0.003201 0.003201 
3054	(   0.419626   1.933538   1.003408 )	3.157072 0.002127 -0.002127 
3055	(   0.419343   1.933315   1.004053 )	3.155640 0.003034 -0.003034 
3056	(   0.420312   1.934068   1.002516 )	3.159246 0.002642 -0.002642 
3057	(   0.420305   1.935788   1.000516 )	3.171423 -0.002631 0.002631 
3058	(   0.419396   1.933858   1.003034 )	3.160030 0.000045 -0.000045 
3059	(   0.419429   1.93383    1.003068 )	3.159728 0.000295 -0.000295 
3060	(   0.420309   1.934888   1.001469 )	3.165221 -0.000256 0.000256 
3061	(   0.419615   1.932344   1.003377 )	3.151327 0.000016 -0.000016 
3062	(   0.419772   1.935721   1.001828 )	3.170256 -0.000004 0.000004 
3063	(   0.419358   1.933298   1.003553 )	3.156437 0.001057 -0.001057 
3064	(   0.419461   1.933195   1.002774 )	3.157075 -0.001771 0.001771 
3065	(   0.419326   1.933704   1.002723 )	3.160066 -0.001789 0.001789 
3066	(   0.420249   1.934428   1.001829 )	3.162480 0.000159 -0.000159 
3067	(   0.420368   1.935428   1.001203 )	3.168181 -0.000160 0.000160 
3068	(   0.419424   1.933864   1.003085 )	3.159879 0.000398 -0.000398 
3069	(   0.419409   1.933785   1.003027 )	3.159646 -0.000036 0.000036 
3070	(   0.420249   1.934942   1.001545 )	3.165523 -0.000145 0.000145 
3071	(   0.419829   1.933363   1.002724 )	3.156872 0.000043 -0.000043 
3072	(   0.419514   1.93368    1.002951 )	3.158953 -0.000017 0.000017 
3073	(   0.419724   1.933468   1.002799 )	3.157566 0.000023 -0.000023 
3074	(   0.419567   1.933627   1.002913 )	3.158606 -0.000007 0.000007 
3075	(   0.419476   1.933765   1.003023 )	3.159353 0.000232 -0.000232 
3076	(   0.419449   1.93351    1.003253 )	3.157755 0.000619 -0.000619 
3077	(   0.419435   1.933499   1.002853 )	3.158492 -0.001078 0.001078 
3078	(   0.420325   1.934728   1.001586 )	3.164169 0.000036 -0.000036 
3079	(   0.420292   1.935128   1.001446 )	3.166491 -0.000038 0.000038 
3080	(   0.419424   1.933709   1.003064 )	3.159156 0.000060 -0.000060 

BBE ( SOL ) BBO
3081	(   0.419437   1.933583   1.003076 )	3.158484 -0.000037 0.000037 
3082	(   0.420318   1.93487    1.001534 )	3.164985 0.000021 -0.000021 
3083	(   0.419595   1.933549   1.002918 )	3.158130 0.000021 -0.000021 
3084	(   0.419549   1.933608   1.002945 )	3.158509 0.000007 -0.000007 
3085	(   0.419422   1.933595   1.003028 )	3.158675 -0.000281 0.000281 
3086	(   0.419446   1.93367    1.003073 )	3.158886 0.000137 -0.000137 
3087	(   0.419431   1.933715   1.002953 )	3.159374 -0.000347 0.000347 
3088	(   0.420298   1.93494    1.001616 )	3.165235 0.000371 -0.000371 
3089	(   0.420319   1.934916   1.001416 )	3.165425 -0.000373 0.000373 
3090	(   0.419411   1.933748   1.003046 )	3.159422 -0.000009 0.000009 
3091	(   0.419419   1.933665   1.003073 )	3.158940 0.000002 -0.000002 
3092	(   0.420319   1.934887   1.001545 )	3.165044 0.000097 -0.000097 
3093	(   0.419428   1.93362    1.003089 )	3.158666 0.000032 -0.000032 
3094	(   0.419423   1.933661   1.003073 )	3.158911 0.000015 -0.000015 
3095	(   0.419414   1.933744   1.003042 )	3.159401 -0.000019 0.000019 
3096	(   0.419421   1.933682   1.003065 )	3.159034 0.000007 -0.000007 
3097	(   0.419433   1.933613   1.003081 )	3.158632 0.000015 -0.000015 
3098	(   0.419417   1.933714   1.003055 )	3.159224 -0.000003 0.000003 
3099	(   0.41942    1.933701   1.003056 )	3.159147 -0.000007 0.000007 
3100	(   0.419421   1.933687   1.003063 )	3.159062 0.000003 -0.000003 
3101	(   0.419427   1.93365    1.003071 )	3.158848 0.000007 -0.000007 
3102	(   0.419419   1.933698   1.003059 )	3.159130 -0.000000 0.000000 
3103	(   0.419425   1.933645   1.003055 )	3.158859 -0.000075 0.000075 
3104	(   0.419425   1.933697   1.003103 )	3.159027 0.000200 -0.000200 
3105	(   0.419436   1.933693   1.003059 )	3.159055 0.000069 -0.000069 
3106	(   0.4203     1.934884   1.001566 )	3.165047 0.000087 -0.000087 
3107	(   0.420317   1.934972   1.001466 )	3.165613 -0.000088 0.000088 
3108	(   0.419426   1.933695   1.003052 )	3.159111 -0.000004 0.000004 
3109	(   0.41942    1.933661   1.003073 )	3.158920 0.000001 -0.000001 
3110	(   0.419403   1.93356    1.003134 )	3.158364 0.000002 -0.000002 
3111	(   0.419423   1.93373    1.003042 )	3.159303 0.000000 -0.000000 
3112	(   0.419436   1.933627   1.003067 )	3.158715 -0.000001 0.000001 
3113	(   0.419486   1.933525   1.00305  )	3.158098 -0.000006 0.000006 
3114	(   0.419408   1.933536   1.003137 )	3.158222 0.000000 -0.000000 
3115	(   0.419324   1.933261   1.003347 )	3.156745 0.000003 -0.000003 
3116	(   0.419471   1.93346    1.003095 )	3.157741 0.000000 -0.000000 
3117	(   0.419658   1.933231   1.002967 )	3.156296 -0.000000 0.000000 
3118	(   0.42022    1.932546   1.002583 )	3.151964 -0.000001 0.000001 
3119	(   0.421905   1.930491   1.001431 )	3.138986 -0.000007 0.000007 
3120	(   0.421189   1.931521   1.001858 )	3.145379 -0.000001 0.000001 

BBE ( SOL ) BBO
3121	(   0.42022    1.932546   1.002583 )	3.151963 0.000001 -0.000001 
3122	(   0.424095   1.928446   0.999683 )	3.125676 -0.000008 0.000008 
3123	(   0.419387   1.932038   1.003763 )	3.149809 -0.000002 0.000002 
3124	(   0.419488   1.935311   1.00233  )	3.168176 -0.000001 0.000001 
3125	(   0.41784    1.932964   1.005217 )	3.156317 0.000067 -0.000067 
3126	(   0.420357   1.933711   1.001949 )	3.158422 -0.000010 0.000010 
3127	(   0.420658   1.933517   1.002626 )	3.155302 0.003827 -0.003827 
3128	(   0.419727   1.928231   1.003839 )	3.130087 -0.004253 0.004253 
3129	(   0.422189   1.927192   0.998321 )	3.127839 -0.016475 0.016475 
3130	(   0.419716   1.934123   1.007967 )	3.151195 0.022053 -0.022053 
3131	(   0.420189   1.93585    1.005395 )	3.162978 0.016605 -0.016605 
3132	(   0.419647   1.933269   1.002912 )	3.156617 -0.000212 0.000212 
3133	(   0.424095   1.928446   0.999683 )	3.125675 -0.000007 0.000007 
3134	(   0.419801   1.933389   1.002735 )	3.157066 -0.000000 0.000000 
3135	(   0.421896   1.929231   1.001954 )	3.131903 0.000003 -0.000003 
3136	(   0.419861   1.933025   1.002811 )	3.154965 -0.000002 0.000002 
3137	(   0.419535   1.933527   1.002993 )	3.158068 0.000000 -0.000000 
3138	(   0.419793   1.931231   1.003282 )	3.145535 -0.001332 0.001332 
3139	(   0.419158   1.932652   1.002728 )	3.155424 -0.004271 0.004271 
3140	(   0.419581   1.933464   1.004967 )	3.153949 0.008110 -0.008110 
3141	(   0.421546   1.932281   1.003858 )	3.144291 0.010997 -0.010997 
3142	(   0.420831   1.930761   0.999858 )	3.146471 -0.010949 0.010949 
3143	(   0.419724   1.933266   1.002588 )	3.156974 -0.001161 0.001161 
3144	(   0.419414   1.933563   1.003121 )	3.158373 0.000002 -0.000002 
3145	(   0.420965   1.930781   1.003812 )	3.138818 0.005620 -0.005620 
3146	(   0.419752   1.933193   1.002872 )	3.156002 0.000001 -0.000001 
3147	(   0.419589   1.933443   1.002963 )	3.157549 0.000001 -0.000001 
3148	(   0.419683   1.932231   1.003087 )	3.151111 -0.001018 0.001018 
3149	(   0.421091   1.932521   1.002236 )	3.149851 0.002688 -0.002688 
3150	(   0.421286   1.930521   1.00148  )	3.140910 -0.002689 0.002689 
3151	(   0.419667   1.933357   1.003967 )	3.155024 0.004290 -0.004290 
3152	(   0.419458   1.933112   1.003028 )	3.156206 -0.000894 0.000894 
3153	(   0.419684   1.933253   1.002927 )	3.156398 -0.000001 0.000001 
3154	(   0.42022    1.932546   1.002582 )	3.151964 -0.000001 0.000001 
3155	(   0.419663   1.933056   1.003031 )	3.155303 -0.000000 0.000000 
3156	(   0.419678   1.932529   1.003225 )	3.152323 -0.000002 0.000002 
3157	(   0.421189   1.931507   1.001867 )	3.145292 0.000016 -0.000016 
3158	(   0.419785   1.931309   1.003589 )	3.145367 -0.000001 0.000001 
3159	(   0.420152   1.926068   1.005263 )	3.115663 0.000025 -0.000025 
3160	(   0.419585   1.933088   1.00311  )	3.155550 -0.000001 0.000001 

BBE ( SOL ) BBO
3161	(   0.419739   1.933291   1.002847 )	3.156564 -0.000001 0.000001 
3162	(   0.419944   1.932992   1.002727 )	3.154705 0.000001 -0.000001 
3163	(   0.419589   1.933343   1.003002 )	3.156983 -0.000001 0.000001 
3164	(   0.419737   1.931056   1.003888 )	3.143724 0.000570 -0.000570 
3165	(   0.419985   1.931343   1.004546 )	3.143153 0.004875 -0.004875 
3166	(   0.419585   1.931275   1.002632 )	3.147582 -0.004866 0.004866 
3167	(   0.419463   1.931985   1.002259 )	3.152111 -0.005796 0.005796 
3168	(   0.419766   1.932579   1.001031 )	3.156384 -0.008337 0.008337 
3169	(   0.419692   1.93354    1.003701 )	3.156334 0.003631 -0.003631 
3170	(   0.419602   1.933107   1.003082 )	3.155643 -0.000002 0.000002 
3171	(   0.419699   1.931442   1.003636 )	3.146188 -0.000001 0.000001 
3172	(   0.419885   1.930954   1.003831 )	3.142884 0.000875 -0.000875 
3173	(   0.419685   1.931664   1.003347 )	3.147850 -0.000876 0.000876 
3174	(   0.419599   1.932056   1.002921 )	3.150817 -0.002370 0.002370 
3175	(   0.419763   1.932436   1.002831 )	3.152343 -0.001340 0.001340 
3176	(   0.419672   1.932886   1.004031 )	3.152585 0.003811 -0.003811 
3177	(   0.419654   1.933737   1.002499 )	3.159650 -0.001084 0.001084 
3178	(   0.419678   1.932529   1.003225 )	3.152325 -0.000000 0.000000 
3179	(   0.419722   1.930949   1.003807 )	3.143398 0.000001 -0.000001 
3180	(   0.419856   1.926209   1.005553 )	3.116706 0.000039 -0.000039 
3181	(   0.419659   1.93295    1.003078 )	3.154711 -0.000001 0.000001 
3182	(   0.419713   1.930371   1.004049 )	3.140158 0.000002 -0.000002 
3183	(   0.419957   1.932523   1.002899 )	3.152056 -0.000002 0.000002 
3184	(   0.419592   1.933225   1.003045 )	3.156318 -0.000003 0.000003 
3185	(   0.419677   1.930529   1.00322  )	3.142575 -0.003266 0.003266 
3186	(   0.419478   1.932534   1.004119 )	3.151293 0.002676 -0.002676 
3187	(   0.41957    1.928949   1.003792 )	3.134139 -0.004019 0.004019 
3188	(   0.419767   1.932521   1.005225 )	3.148302 0.008512 -0.008512 
3189	(   0.419875   1.932949   1.003822 )	3.152670 0.004026 -0.004026 
3190	(   0.419679   1.93266    1.003195 )	3.153015 0.000098 -0.000098 
3191	(   0.419584   1.931277   1.003837 )	3.145359 -0.000000 0.000000 
3192	(   0.419303   1.92752    1.005673 )	3.124520 0.000041 -0.000041 
3193	(   0.419568   1.927961   1.00518  )	3.126772 0.000002 -0.000002 
3194	(   0.419769   1.929612   1.004287 )	3.135851 -0.000002 0.000002 
3195	(   0.419482   1.931185   1.003994 )	3.144929 0.000003 -0.000003 
3196	(   0.419722   1.932838   1.003049 )	3.154028 -0.000003 0.000003 
3197	(   0.419584   1.929277   1.003834 )	3.135616 -0.003251 0.003251 
3198	(   0.419718   1.931275   1.005837 )	3.141238 0.008748 -0.008748 
3199	(   0.419384   1.931274   1.005179 )	3.143462 0.004490 -0.004490 
3200	(   0.41974    1.931869   1.001807 )	3.151549 -0.006492 0.006492 

BBE ( SOL ) BBO
3201	(   0.419705   1.930029   1.005807 )	3.135264 0.006543 -0.006543 
3202	(   0.419643   1.931857   1.002559 )	3.150384 -0.003941 0.003941 
3203	(   0.419387   1.93133    1.004046 )	3.145827 -0.000001 0.000001 
3204	(   0.419719   1.930644   1.003933 )	3.141686 0.000001 -0.000001 
3205	(   0.419709   1.929729   1.004311 )	3.136557 0.000004 -0.000004 
3206	(   0.41971    1.92945    1.004421 )	3.134993 -0.000001 0.000001 
3207	(   0.419682   1.925868   1.005885 )	3.114964 0.000018 -0.000018 
3208	(   0.419588   1.931957   1.00356  )	3.149182 -0.000000 0.000000 
3209	(   0.419878   1.931642   1.003346 )	3.147162 -0.000001 0.000001 
3210	(   0.41957    1.930786   1.00405  )	3.142612 0.000001 -0.000001 
3211	(   0.41964    1.932488   1.003286 )	3.152125 -0.000001 0.000001 
3212	(   0.419484   1.929852   1.002233 )	3.141687 -0.009256 0.009256 
3213	(   0.419615   1.926277   1.003457 )	3.121626 -0.009484 0.009484 
3214	(   0.419612   1.932082   0.998837 )	3.158512 -0.018646 0.018646 
3215	(   0.419662   1.92445    1.0001   )	3.118810 -0.025716 0.025716 
3216	(   0.419758   1.93445    1.008742 )	3.151227 0.025963 -0.025963 
3217	(   0.419588   1.931374   1.004011 )	3.145499 0.000878 -0.000878 
3218	(   0.419682   1.925868   1.005881 )	3.114971 0.000003 -0.000003 
3219	(   0.419679   1.93212    1.003387 )	3.150021 -0.000002 0.000002 
3220	(   0.419634   1.931368   1.002972 )	3.147257 -0.003111 0.003111 
3221	(   0.419582   1.929277   1.00343  )	3.136370 -0.004896 0.004896 
3222	(   0.419699   1.928985   1.006421 )	3.129069 0.007324 -0.007324 
3223	(   0.419721   1.929915   1.002421 )	3.140930 -0.007277 0.007277 
3224	(   0.419562   1.931722   1.001837 )	3.151313 -0.007452 0.007452 
3225	(   0.419571   1.931552   1.004169 )	3.146125 0.001728 -0.001728 
3226	(   0.419612   1.930366   1.004169 )	3.140217 -0.000000 0.000000 
3227	(   0.419696   1.927633   1.005165 )	3.124822 0.000010 -0.000010 
3228	(   0.419553   1.930463   1.004199 )	3.140814 0.000000 -0.000000 
3229	(   0.419613   1.926561   1.005685 )	3.118903 0.000002 -0.000002 
3230	(   0.419578   1.929447   1.004577 )	3.135086 0.000005 -0.000005 
3231	(   0.419585   1.93133    1.003814 )	3.145657 -0.000001 0.000001 
3232	(   0.419662   1.931109   1.003572 )	3.144796 -0.000976 0.000976 
3233	(   0.419678   1.92745    1.004662 )	3.124914 -0.002413 0.002413 
3234	(   0.419627   1.928366   1.003622 )	3.131445 -0.005384 0.005384 
3235	(   0.41963    1.930028   1.006169 )	3.134816 0.007662 -0.007662 
3236	(   0.419742   1.93145    1.00418  )	3.145090 0.002416 -0.002416 
3237	(   0.419611   1.930382   1.00416  )	3.140314 -0.000015 0.000015 
3238	(   0.41971    1.929427   1.004431 )	3.134864 0.000001 -0.000001 
3239	(   0.419709   1.929358   1.004461 )	3.134476 0.000007 -0.000007 
3240	(   0.419643   1.928366   1.004936 )	3.128966 0.000019 -0.000019 

BBE ( SOL ) BBO
3241	(   0.419682   1.931223   1.003751 )	3.144960 0.000027 -0.000027 
3242	(   0.41969    1.928903   1.004527 )	3.132196 -0.000553 0.000553 
3243	(   0.419615   1.929883   1.005169 )	3.136003 0.003289 -0.003289 
3244	(   0.41973    1.929951   1.004335 )	3.137533 0.000555 -0.000555 
3245	(   0.419632   1.93107    1.004347 )	3.143259 0.001956 -0.001956 
3246	(   0.419628   1.929366   1.003554 )	3.136435 -0.004032 0.004032 
3247	(   0.419602   1.930338   1.004221 )	3.140014 0.000119 -0.000119 
3248	(   0.419696   1.927633   1.005165 )	3.124821 0.000010 -0.000010 
3249	(   0.419722   1.92942    1.00423  )	3.135161 -0.000765 0.000765 
3250	(   0.419611   1.930559   1.003728 )	3.141981 -0.001480 0.001480 
3251	(   0.419578   1.929447   1.004577 )	3.135087 0.000004 -0.000004 
3252	(   0.419585   1.93133    1.003815 )	3.145654 -0.000001 0.000001 
3253	(   0.419622   1.930224   1.00424  )	3.139365 0.000101 -0.000101 
3254	(   0.419609   1.929998   1.004669 )	3.137511 0.001414 -0.001414 
3255	(   0.419614   1.930866   1.004567 )	3.141912 0.002430 -0.002430 
3256	(   0.419709   1.929145   1.003931 )	3.134417 -0.002484 0.002484 
3257	(   0.41971    1.929709   1.004931 )	3.135311 0.002489 -0.002489 
3258	(   0.419612   1.930366   1.00416  )	3.140236 -0.000040 0.000040 
3259	(   0.41971    1.929358   1.004461 )	3.134473 0.000012 -0.000012 
3260	(   0.41962    1.930265   1.004168 )	3.139703 -0.000135 0.000135 
3261	(   0.419604   1.93107    1.003897 )	3.144182 -0.000001 0.000001 
3262	(   0.419613   1.930941   1.003938 )	3.143446 -0.000000 0.000000 
3263	(   0.419608   1.930166   1.004225 )	3.139153 -0.000121 0.000121 
3264	(   0.419607   1.930547   1.004194 )	3.141068 0.000370 -0.000370 
3265	(   0.419613   1.930385   1.004369 )	3.139935 0.000845 -0.000845 
3266	(   0.419708   1.929319   1.004231 )	3.134714 -0.000993 0.000993 
3267	(   0.419711   1.929535   1.004631 )	3.135014 0.000995 -0.000995 
3268	(   0.419614   1.93029    1.004131 )	3.139912 -0.000270 0.000270 
3269	(   0.419709   1.929387   1.004445 )	3.134647 -0.000009 0.000009 
3270	(   0.419612   1.930294   1.004257 )	3.139704 0.000235 -0.000235 
3271	(   0.419608   1.931203   1.003843 )	3.144916 0.000014 -0.000014 
3272	(   0.41961    1.930587   1.004081 )	3.141464 -0.000008 0.000008 
3273	(   0.419609   1.930998   1.003922 )	3.143765 0.000007 -0.000007 
3274	(   0.419609   1.930895   1.003962 )	3.143190 0.000003 -0.000003 
3275	(   0.419614   1.930466   1.004099 )	3.140830 -0.000116 0.000116 
3276	(   0.419614   1.930359   1.004269 )	3.139993 0.000402 -0.000402 
3277	(   0.419613   1.930266   1.004105 )	3.139845 -0.000417 0.000417 
3278	(   0.41971    1.929359   1.004331 )	3.134717 -0.000510 0.000510 
3279	(   0.419709   1.929495   1.004531 )	3.135011 0.000513 -0.000513 
3280	(   0.419609   1.93027    1.004194 )	3.139713 -0.000068 0.000068 

BBE ( SOL ) BBO
3281	(   0.419611   1.930266   1.004211 )	3.139655 0.000003 -0.000003 
3282	(   0.419709   1.929358   1.004451 )	3.134495 -0.000035 0.000035 
3283	(   0.419611   1.930431   1.004147 )	3.140577 0.000011 -0.000011 
3284	(   0.419611   1.930419   1.00415  )	3.140511 0.000005 -0.000005 
3285	(   0.419613   1.930113   1.004273 )	3.138792 0.000012 -0.000012 
3286	(   0.419611   1.930469   1.004129 )	3.140796 -0.000003 0.000003 
3287	(   0.419612   1.930315   1.004189 )	3.139934 -0.000005 0.000005 
3288	(   0.419612   1.930341   1.004179 )	3.140078 -0.000003 0.000003 
3289	(   0.419612   1.93018    1.004244 )	3.139171 0.000003 -0.000003 
3290	(   0.419613   1.930035   1.004302 )	3.138359 0.000005 -0.000005 
3291	(   0.419612   1.9302     1.004237 )	3.139284 0.000006 -0.000006 
3292	(   0.419612   1.930306   1.004194 )	3.139880 -0.000001 0.000001 
3293	(   0.419611   1.930316   1.004168 )	3.139979 -0.000091 0.000091 
3294	(   0.419709   1.929432   1.004387 )	3.134973 -0.000175 0.000175 
3295	(   0.419711   1.929422   1.004476 )	3.134755 0.000177 -0.000177 
3296	(   0.419613   1.930336   1.004134 )	3.140137 -0.000188 0.000188 
3297	(   0.419612   1.930383   1.004119 )	3.140396 -0.000177 0.000177 
3298	(   0.419612   1.930366   1.00417  )	3.140218 0.000005 -0.000005 
3299	(   0.419612   1.930336   1.004179 )	3.140056 -0.000009 0.000009 
3300	(   0.419709   1.929422   1.004436 )	3.134830 0.000010 -0.000010 
3301	(   0.419612   1.930284   1.004203 )	3.139756 0.000004 -0.000004 
3302	(   0.419612   1.930327   1.004185 )	3.139998 -0.000001 0.000001 
3303	(   0.419612   1.9304     1.004155 )	3.140408 -0.000004 0.000004 
3304	(   0.419612   1.930299   1.004197 )	3.139843 0.000001 -0.000001 
3305	(   0.419612   1.930321   1.004188 )	3.139962 0.000001 -0.000001 
3306	(   0.419612   1.930322   1.004187 )	3.139971 0.000001 -0.000001 
3307	(   0.419612   1.930346   1.004175 )	3.140110 -0.000011 0.000011 
3308	(   0.419613   1.930362   1.004175 )	3.140185 0.000018 -0.000018 
3309	(   0.419612   1.930373   1.004189 )	3.140214 0.000091 -0.000091 
3310	(   0.41971    1.92941    1.004411 )	3.134818 -0.000106 0.000106 
3311	(   0.419709   1.929444   1.004451 )	3.134909 0.000109 -0.000109 
3312	(   0.419612   1.930366   1.004169 )	3.140221 -0.000001 0.000001 
3313	(   0.419709   1.92941    1.004442 )	3.134762 0.000017 -0.000017 
3314	(   0.419612   1.93035    1.004181 )	3.140117 0.000022 -0.000022 
3315	(   0.419612   1.930366   1.004168 )	3.140222 -0.000005 0.000005 
3316	(   0.419612   1.930358   1.004179 )	3.140158 0.000027 -0.000027 
3317	(   0.419709   1.929427   1.004441 )	3.134846 0.000042 -0.000042 
3318	(   0.41971    1.929427   1.004421 )	3.134881 -0.000039 0.000039 
3319	(   0.419612   1.930356   1.004161 )	3.140184 -0.000050 0.000050 
3320	(   0.419612   1.930366   1.00417  )	3.140217 0.000001 -0.000001 

BBE ( SOL ) BBO
3321	(   0.419612   1.930356   1.004174 )	3.140161 0.000000 -0.000000 
3322	(   0.419612   1.930326   1.004186 )	3.139991 0.000002 -0.000002 
3323	(   0.419612   1.930336   1.004182 )	3.140051 0.000001 -0.000001 
3324	(   0.41971    1.92941    1.004445 )	3.134756 0.000031 -0.000031 
3325	(   0.419612   1.930375   1.004166 )	3.140268 0.000001 -0.000001 
3326	(   0.419612   1.930323   1.004187 )	3.139977 -0.000000 0.000000 
3327	(   0.419612   1.930397   1.004156 )	3.140393 -0.000001 0.000001 
3328	(   0.419612   1.930324   1.004187 )	3.139981 0.000000 -0.000000 
3329	(   0.419612   1.930303   1.004195 )	3.139862 0.000001 -0.000001 
3330	(   0.419612   1.93035    1.004176 )	3.140128 -0.000000 0.000000 
3331	(   0.419612   1.930309   1.004193 )	3.139897 -0.000000 0.000000 
3332	(   0.419611   1.930285   1.004202 )	3.139764 -0.000000 0.000000 
3333	(   0.419611   1.930271   1.004208 )	3.139686 0.000000 -0.000000 
3334	(   0.419611   1.930232   1.004224 )	3.139465 0.000000 -0.000000 
3335	(   0.419611   1.930236   1.004222 )	3.139490 -0.000001 0.000001 
3336	(   0.419612   1.930302   1.004196 )	3.139858 0.000000 -0.000000 
3337	(   0.41961    1.930114   1.004273 )	3.138802 0.000000 -0.000000 
3338	(   0.419608   1.929759   1.004417 )	3.136814 0.000002 -0.000002 
3339	(   0.41971    1.929381   1.004449 )	3.134607 -0.000000 0.000000 
3340	(   0.41971    1.929243   1.004503 )	3.133835 -0.000005 0.000005 
3341	(   0.419711   1.92925    1.0045   )	3.133869 -0.000002 0.000002 
3342	(   0.41971    1.929269   1.004494 )	3.133979 -0.000000 0.000000 
3343	(   0.419711   1.928795   1.00468  )	3.131324 -0.000004 0.000004 
3344	(   0.41971    1.929243   1.004504 )	3.133833 0.000000 -0.000000 
3345	(   0.419712   1.928692   1.004722 )	3.130741 -0.000001 0.000001 
3346	(   0.419712   1.928692   1.004722 )	3.130743 -0.000000 0.000000 
3347	(   0.419716   1.927039   1.005376 )	3.121485 0.000003 -0.000003 
3348	(   0.419716   1.927038   1.005376 )	3.121478 0.000000 -0.000000 
3349	(   0.419731   1.922076   1.007338 )	3.093786 0.000049 -0.000049 
3350	(   0.419773   1.92955    1.004308 )	3.135499 -0.000002 0.000002 
3351	(   0.41973    1.929851   1.004237 )	3.137225 -0.000003 0.000003 
3352	(   0.419715   1.92738    1.005241 )	3.123392 0.000001 -0.000001 
3353	(   0.419711   1.928797   1.004681 )	3.131329 0.000001 -0.000001 
3354	(   0.419713   1.928406   1.004836 )	3.129136 0.000003 -0.000003 
3355	(   0.419643   1.922076   1.007427 )	3.093888 0.000001 -0.000001 
3356	(   0.419421   1.907176   1.013627 )	3.011843 0.000623 -0.000623 
3357	(   0.419731   1.922038   1.007376 )	3.093533 0.000144 -0.000144 
3358	(   0.419829   1.937776   1.000927 )	3.181848 -0.000011 0.000011 
3359	(   0.419915   1.940138   0.999876 )	3.195168 0.000038 -0.000038 
3360	(   0.419715   1.927338   1.005276 )	3.123123 0.000075 -0.000075 

BBE ( SOL ) BBO
3361	(   0.419711   1.928838   1.004676 )	3.131538 0.000047 -0.000047 
3362	(   0.419811   1.917038   1.008376 )	3.067354 -0.003441 0.003441 
3363	(   0.41969    1.912076   1.006127 )	3.047958 -0.021174 0.021174 
3364	(   0.419634   1.917038   0.998076 )	3.086709 -0.045871 0.045871 
3365	(   0.419658   1.924538   1.015376 )	3.091237 0.036945 -0.036945 
3366	(   0.419595   1.932076   1.008727 )	3.140171 0.021276 -0.021276 
3367	(   0.419719   1.927338   1.004976 )	3.123666 -0.001127 0.001127 
3368	(   0.419421   1.90719    1.01358  )	3.011993 0.000450 -0.000450 
3369	(   0.41962    1.930601   1.004066 )	3.141529 -0.000000 0.000000 
3370	(   0.419725   1.927341   1.005245 )	3.123166 -0.000002 0.000002 
3371	(   0.419766   1.925304   1.004992 )	3.113617 -0.004128 0.004128 
3372	(   0.419662   1.918257   1.012427 )	3.066313 0.014540 -0.014540 
3373	(   0.419712   1.924787   1.010376 )	3.101396 0.016819 -0.016819 
3374	(   0.419697   1.922038   1.002972 )	3.101709 -0.017904 0.017904 
3375	(   0.419623   1.925895   1.002427 )	3.121648 -0.014223 0.014223 
3376	(   0.419725   1.930265   1.003837 )	3.139999 -0.000977 0.000977 
3377	(   0.419643   1.922122   1.007427 )	3.094110 0.000075 -0.000075 
3378	(   0.419693   1.929054   1.004599 )	3.132786 -0.000001 0.000001 
3379	(   0.419736   1.927504   1.005095 )	3.124201 -0.000293 0.000293 
3380	(   0.419663   1.922198   1.008142 )	3.093110 0.003219 -0.003219 
3381	(   0.419623   1.921954   1.006712 )	3.094666 -0.003211 0.003211 
3382	(   0.419722   1.926022   1.007376 )	3.112850 0.006536 -0.006536 
3383	(   0.419719   1.925038   1.004279 )	3.113780 -0.007670 0.007670 
3384	(   0.419708   1.928157   1.005261 )	3.127153 0.001306 -0.001306 
3385	(   0.419642   1.922068   1.007453 )	3.093803 0.000092 -0.000092 
3386	(   0.419717   1.925514   1.00598  )	3.112965 -0.000002 0.000002 
3387	(   0.419653   1.921744   1.006894 )	3.093228 -0.002666 0.002666 
3388	(   0.419633   1.922408   1.00796  )	3.094548 0.002671 -0.002671 
3389	(   0.419712   1.926405   1.006376 )	3.116575 0.003028 -0.003028 
3390	(   0.419726   1.926283   1.005314 )	3.117896 -0.001426 0.001426 
3391	(   0.419708   1.926038   1.004404 )	3.118438 -0.005600 0.005600 
3392	(   0.419716   1.927071   1.005363 )	3.121662 0.000001 -0.000001 
3393	(   0.419421   1.90719    1.01358  )	3.011993 0.000450 -0.000450 
3394	(   0.419642   1.922027   1.007447 )	3.093615 0.000004 -0.000004 
3395	(   0.419708   1.926543   1.0052   )	3.119424 -0.001552 0.001552 
3396	(   0.419715   1.92738    1.005241 )	3.123391 0.000001 -0.000001 
3397	(   0.419711   1.928797   1.004681 )	3.131330 -0.000001 0.000001 
3398	(   0.419712   1.926538   1.005504 )	3.118827 -0.000308 0.000308 
3399	(   0.419721   1.926602   1.005317 )	3.119454 -0.000920 0.000920 
3400	(   0.41964    1.92178    1.007927 )	3.091553 0.001558 -0.001558 

BBE ( SOL ) BBO
3401	(   0.419645   1.922371   1.006927 )	3.096224 -0.001553 0.001553 
3402	(   0.419717   1.927083   1.005876 )	3.120773 0.002112 -0.002112 
3403	(   0.419717   1.927132   1.005353 )	3.121975 0.000061 -0.000061 
3404	(   0.419642   1.922027   1.007453 )	3.093605 0.000027 -0.000027 
3405	(   0.419718   1.927038   1.005266 )	3.121676 -0.000439 0.000439 
3406	(   0.419717   1.926946   1.005412 )	3.120963 0.000001 -0.000001 
3407	(   0.419717   1.926729   1.005498 )	3.119749 0.000001 -0.000001 
3408	(   0.419645   1.92194    1.007417 )	3.093243 -0.000249 0.000249 
3409	(   0.419641   1.922212   1.007437 )	3.094532 0.000250 -0.000250 
3410	(   0.419717   1.926838   1.005363 )	3.120528 -0.000372 0.000372 
3411	(   0.419714   1.926937   1.005254 )	3.121218 -0.000670 0.000670 
3412	(   0.419717   1.9271     1.005176 )	3.122149 -0.000707 0.000707 
3413	(   0.419715   1.927237   1.005392 )	3.122421 0.000385 -0.000385 
3414	(   0.419643   1.922055   1.007442 )	3.093756 0.000032 -0.000032 
3415	(   0.419717   1.927148   1.005332 )	3.122092 0.000002 -0.000002 
3416	(   0.419717   1.926737   1.005495 )	3.119798 0.000000 -0.000000 
3417	(   0.419718   1.926571   1.00556  )	3.118866 -0.000000 0.000000 
3418	(   0.419719   1.92607    1.005758 )	3.116071 -0.000001 0.000001 
3419	(   0.419642   1.922017   1.007452 )	3.093559 0.000002 -0.000002 
3420	(   0.419714   1.926803   1.005504 )	3.120108 0.000133 -0.000133 
3421	(   0.419717   1.926835   1.005456 )	3.120346 -0.000001 0.000001 
3422	(   0.419717   1.926755   1.005487 )	3.119898 0.000001 -0.000001 
3423	(   0.419717   1.926371   1.005592 )	3.117838 -0.000198 0.000198 
3424	(   0.41972    1.926525   1.005521 )	3.118712 -0.000226 0.000226 
3425	(   0.419642   1.922229   1.007227 )	3.094997 -0.000570 0.000570 
3426	(   0.419643   1.921922   1.007627 )	3.092779 0.000572 -0.000572 
3427	(   0.419718   1.926593   1.00576  )	3.118605 0.000852 -0.000852 
3428	(   0.419718   1.926574   1.00556  )	3.118885 0.000003 -0.000003 
3429	(   0.419642   1.922004   1.007457 )	3.093492 0.000001 -0.000001 
3430	(   0.419638   1.921791   1.007545 )	3.092307 0.000002 -0.000002 
3431	(   0.41964    1.921968   1.007471 )	3.093293 -0.000003 0.000003 
3432	(   0.41972    1.926561   1.005564 )	3.118803 0.000009 -0.000009 
3433	(   0.41972    1.926432   1.005638 )	3.118042 0.000101 -0.000101 
3434	(   0.419716   1.926477   1.00576  )	3.118045 0.000655 -0.000655 
3435	(   0.41964    1.921836   1.007343 )	3.092892 -0.000742 0.000742 
3436	(   0.419644   1.922173   1.00757  )	3.094093 0.000745 -0.000745 
3437	(   0.419717   1.926371   1.005409 )	3.118176 -0.000943 0.000943 
3438	(   0.419717   1.926588   1.00555  )	3.118971 -0.000012 0.000012 
3439	(   0.419641   1.922116   1.007407 )	3.094124 -0.000021 0.000021 
3440	(   0.419717   1.926699   1.005516 )	3.119574 0.000025 -0.000025 

BBE ( SOL ) BBO
3441	(   0.419642   1.921904   1.007501 )	3.092926 0.000024 -0.000024 
3442	(   0.419641   1.922104   1.007412 )	3.094059 -0.000022 0.000022 
3443	(   0.419717   1.926471   1.005523 )	3.118450 -0.000316 0.000316 
3444	(   0.419719   1.926533   1.005586 )	3.118634 0.000048 -0.000048 
3445	(   0.419718   1.926598   1.00546  )	3.119183 -0.000360 0.000360 
3446	(   0.419717   1.926595   1.005546 )	3.119013 -0.000023 0.000023 
3447	(   0.419642   1.921911   1.007427 )	3.093097 -0.000269 0.000269 
3448	(   0.419718   1.926527   1.005586 )	3.118606 0.000035 -0.000035 
3449	(   0.419718   1.926602   1.005548 )	3.119044 0.000000 -0.000000 
3450	(   0.419717   1.926641   1.005533 )	3.119257 0.000000 -0.000000 
3451	(   0.419718   1.926522   1.00561  )	3.118539 0.000127 -0.000127 
3452	(   0.419717   1.926533   1.005574 )	3.118660 -0.000005 0.000005 
3453	(   0.419642   1.921982   1.007409 )	3.093471 -0.000229 0.000229 
3454	(   0.419641   1.922027   1.007505 )	3.093514 0.000231 -0.000231 
3455	(   0.419718   1.926533   1.00551  )	3.118776 -0.000263 0.000263 
3456	(   0.419718   1.926573   1.005559 )	3.118877 -0.000001 0.000001 
3457	(   0.419641   1.921989   1.007464 )	3.093405 0.000005 -0.000005 
3458	(   0.419718   1.926637   1.005534 )	3.119234 0.000001 -0.000001 
3459	(   0.419718   1.926589   1.005553 )	3.118966 -0.000000 0.000000 
3460	(   0.419718   1.926555   1.00558  )	3.118753 0.000057 -0.000057 
3461	(   0.419717   1.926551   1.005552 )	3.118785 -0.000068 0.000068 
3462	(   0.419641   1.922008   1.007437 )	3.093544 -0.000076 0.000076 
3463	(   0.419717   1.926579   1.005576 )	3.118881 0.000077 -0.000077 
3464	(   0.419642   1.922001   1.007477 )	3.093441 0.000078 -0.000078 
3465	(   0.419718   1.926572   1.00556  )	3.118871 0.000002 -0.000002 
3466	(   0.419641   1.921989   1.007468 )	3.093396 0.000024 -0.000024 
3467	(   0.419718   1.926551   1.005568 )	3.118755 -0.000002 0.000002 
3468	(   0.419718   1.926534   1.005575 )	3.118660 -0.000000 0.000000 
3469	(   0.419718   1.92648    1.005596 )	3.118362 -0.000001 0.000001 
3470	(   0.419718   1.926423   1.005618 )	3.118043 -0.000001 0.000001 
3471	(   0.419641   1.921989   1.007462 )	3.093408 -0.000001 0.000001 
3472	(   0.419641   1.921943   1.007479 )	3.093154 -0.000008 0.000008 
3473	(   0.419642   1.921946   1.007478 )	3.093165 -0.000000 0.000000 
3474	(   0.419645   1.921815   1.007527 )	3.092437 0.000003 -0.000003 
3475	(   0.419642   1.921865   1.00751  )	3.092718 0.000000 -0.000000 
3476	(   0.419645   1.921493   1.007655 )	3.090648 0.000005 -0.000005 
3477	(   0.419643   1.921791   1.007539 )	3.092303 0.000001 -0.000001 
3478	(   0.419648   1.921195   1.00777  )	3.088990 0.000008 -0.000008 
3479	(   0.419647   1.921844   1.007513 )	3.092598 0.000001 -0.000001 
3480	(   0.41964    1.922054   1.007439 )	3.093769 -0.000000 0.000000 

BBE ( SOL ) BBO
3481	(   0.41964    1.922119   1.007412 )	3.094132 -0.000001 0.000001 
3482	(   0.419642   1.921873   1.007507 )	3.092760 0.000000 -0.000000 
3483	(   0.419637   1.921847   1.007637 )	3.092414 0.000466 -0.000466 
3484	(   0.419643   1.921291   1.007452 )	3.090045 -0.001160 0.001160 
3485	(   0.419642   1.921365   1.007368 )	3.090563 -0.001390 0.001390 
3486	(   0.419641   1.922012   1.00701  )	3.094349 -0.001812 0.001812 
3487	(   0.419643   1.922291   1.007626 )	3.094561 0.001162 -0.001162 
3488	(   0.419644   1.921867   1.007501 )	3.092740 -0.000027 0.000027 
3489	(   0.419642   1.921682   1.007583 )	3.091701 -0.000000 0.000000 
3490	(   0.419641   1.921132   1.0078   )	3.088652 -0.000002 0.000002 
3491	(   0.419636   1.921169   1.007791 )	3.088859 0.000000 -0.000000 
3492	(   0.41962    1.919631   1.008417 )	3.080344 0.000008 -0.000008 
3493	(   0.419648   1.921196   1.00777  )	3.088992 0.000009 -0.000009 
3494	(   0.41962    1.919631   1.008415 )	3.080348 -0.000000 0.000000 
3495	(   0.419569   1.915017   1.010287 )	3.054899 0.000040 -0.000040 
3496	(   0.41962    1.919631   1.008415 )	3.080346 -0.000001 0.000001 
3497	(   0.41955    1.913151   1.011043 )	3.044640 0.000074 -0.000074 
3498	(   0.4197     1.92003    1.008167 )	3.082485 0.000001 -0.000001 
3499	(   0.419685   1.921771   1.007499 )	3.092153 0.000002 -0.000002 
3500	(   0.419623   1.91979    1.008349 )	3.081225 0.000002 -0.000002 
3501	(   0.419638   1.921346   1.00772  )	3.089841 0.000001 -0.000001 
3502	(   0.419642   1.914631   1.009364 )	3.054499 -0.004041 0.004041 
3503	(   0.41957    1.916881   1.005872 )	3.071878 -0.015053 0.015053 
3504	(   0.419644   1.919795   1.003415 )	3.090204 -0.019978 0.019978 
3505	(   0.419655   1.922559   1.003415 )	3.103545 -0.015474 0.015474 
3506	(   0.419585   1.916703   1.013415 )	3.057290 0.015784 -0.015784 
3507	(   0.41962    1.919707   1.008481 )	3.080593 0.000393 -0.000393 
3508	(   0.419628   1.921605   1.00763  )	3.091284 0.000000 -0.000000 
3509	(   0.419647   1.919649   1.008377 )	3.080423 -0.000000 0.000000 
3510	(   0.419641   1.918695   1.008759 )	3.075146 0.000004 -0.000004 
3511	(   0.419631   1.920877   1.007912 )	3.087245 -0.000001 0.000001 
3512	(   0.419619   1.917631   1.00824  )	3.071033 -0.003943 0.003943 
3513	(   0.41964    1.919436   1.009401 )	3.077552 0.003830 -0.003830 
3514	(   0.41964    1.920088   1.009334 )	3.080815 0.004603 -0.004603 
3515	(   0.4196     1.919174   1.007496 )	3.079877 -0.004596 0.004596 
3516	(   0.41963    1.919752   1.006415 )	3.084551 -0.007938 0.007938 
3517	(   0.419617   1.919623   1.008924 )	3.079390 0.002062 -0.002062 
3518	(   0.419603   1.918251   1.008965 )	3.072746 -0.000042 0.000042 
3519	(   0.419611   1.917631   1.0092   )	3.069308 -0.000039 0.000039 
3520	(   0.419626   1.918631   1.008473 )	3.075404 -0.001345 0.001345 

BBE ( SOL ) BBO
3521	(   0.41961    1.919201   1.008837 )	3.077534 0.000991 -0.000991 
3522	(   0.41963    1.920221   1.008448 )	3.083104 0.001133 -0.001133 
3523	(   0.419619   1.91966    1.009415 )	3.078668 0.004152 -0.004152 
3524	(   0.41963    1.920061   1.007993 )	3.083160 -0.000992 0.000992 
3525	(   0.419619   1.91972    1.008398 )	3.080810 0.000069 -0.000069 
3526	(   0.41955    1.913151   1.011043 )	3.044640 0.000073 -0.000073 
3527	(   0.41961    1.918872   1.008672 )	3.076253 -0.000213 0.000213 
3528	(   0.41961    1.919404   1.008484 )	3.079157 -0.000131 0.000131 
3529	(   0.419641   1.918695   1.008759 )	3.075145 0.000004 -0.000004 
3530	(   0.419631   1.920877   1.007912 )	3.087245 -0.000001 0.000001 
3531	(   0.41962    1.919131   1.008389 )	3.077985 -0.000914 0.000914 
3532	(   0.41962    1.919131   1.008383 )	3.077992 -0.000936 0.000936 
3533	(   0.41962    1.920131   1.008447 )	3.082701 0.000933 -0.000933 
3534	(   0.419625   1.91966    1.008182 )	3.080900 -0.000886 0.000886 
3535	(   0.419622   1.919612   1.008915 )	3.079340 0.002033 -0.002033 
3536	(   0.419613   1.919786   1.008347 )	3.081238 -0.000061 0.000061 
3537	(   0.419621   1.919631   1.008417 )	3.080340 0.000009 -0.000009 
3538	(   0.41962    1.919631   1.008415 )	3.080345 -0.000000 0.000000 
3539	(   0.419619   1.919631   1.008417 )	3.080344 0.000004 -0.000004 
3540	(   0.419623   1.919705   1.008414 )	3.080698 0.000128 -0.000128 
3541	(   0.419622   1.919631   1.008408 )	3.080353 -0.000021 0.000021 
3542	(   0.419609   1.918384   1.008918 )	3.073457 0.000004 -0.000004 
3543	(   0.419625   1.920254   1.008164 )	3.083794 -0.000001 0.000001 
3544	(   0.419622   1.919748   1.008374 )	3.080982 0.000028 -0.000028 
3545	(   0.419622   1.919495   1.008519 )	3.079497 0.000214 -0.000214 
3546	(   0.419619   1.919831   1.008542 )	3.081082 0.000837 -0.000837 
3547	(   0.419618   1.919766   1.008311 )	3.081195 -0.000217 0.000217 
3548	(   0.419619   1.919715   1.008215 )	3.081122 -0.000688 0.000688 
3549	(   0.419619   1.91953    1.00845  )	3.079799 -0.000025 0.000025 
3550	(   0.41962    1.919495   1.008467 )	3.079597 -0.000007 0.000007 
3551	(   0.419622   1.919587   1.00843  )	3.080104 0.000001 -0.000001 
3552	(   0.419628   1.919458   1.008475 )	3.079379 0.000002 -0.000002 
3553	(   0.419618   1.919709   1.008386 )	3.080779 -0.000000 0.000000 
3554	(   0.419624   1.919495   1.008464 )	3.079589 -0.000000 0.000000 
3555	(   0.419632   1.919217   1.008563 )	3.078047 -0.000003 0.000003 
3556	(   0.419629   1.918987   1.008658 )	3.076775 0.000000 -0.000000 
3557	(   0.419628   1.919457   1.008475 )	3.079377 0.000003 -0.000003 
3558	(   0.41965    1.917187   1.00934  )	3.066804 0.000006 -0.000006 
3559	(   0.419604   1.918907   1.008717 )	3.076357 -0.000001 0.000001 
3560	(   0.41955    1.916867   1.009578 )	3.065133 0.000003 -0.000003 

BBE ( SOL ) BBO
3561	(   0.419592   1.915017   1.010251 )	3.054898 -0.000001 0.000001 
3562	(   0.419558   1.903347   1.014853 )	2.991054 0.000252 -0.000252 
3563	(   0.419582   1.921191   1.007846 )	3.089032 0.000000 -0.000000 
3564	(   0.419574   1.923228   1.007051 )	3.100356 0.000003 -0.000003 
3565	(   0.419629   1.91911    1.008609 )	3.077457 -0.000003 0.000003 
3566	(   0.419622   1.919501   1.008464 )	3.079627 -0.000001 0.000001 
3567	(   0.419679   1.919016   1.007394 )	3.079068 -0.004898 0.004898 
3568	(   0.419629   1.913987   1.008429 )	3.053144 -0.008983 0.008983 
3569	(   0.419613   1.910017   1.008184 )	3.034609 -0.016429 0.016429 
3570	(   0.419572   1.920017   1.012318 )	3.075254 0.016500 -0.016500 
3571	(   0.419616   1.919223   1.003658 )	3.087081 -0.020051 0.020051 
3572	(   0.419629   1.919034   1.008729 )	3.076874 0.000366 -0.000366 
3573	(   0.419662   1.917609   1.00916  )	3.069126 -0.000001 0.000001 
3574	(   0.41957    1.917315   1.009377 )	3.067591 -0.000007 0.000007 
3575	(   0.41963    1.916987   1.008418 )	3.067578 -0.004200 0.004200 
3576	(   0.419612   1.913103   1.00982  )	3.046436 -0.004758 0.004758 
3577	(   0.419572   1.916931   1.010682 )	3.063372 0.004762 -0.004762 
3578	(   0.419649   1.918874   1.010327 )	3.073135 0.006780 -0.006780 
3579	(   0.419646   1.9193     1.006658 )	3.081880 -0.007602 0.007602 
3580	(   0.419628   1.919059   1.00867  )	3.077102 0.000163 -0.000163 
3581	(   0.419592   1.915018   1.010244 )	3.054916 -0.000030 0.000030 
3582	(   0.41961    1.917681   1.009192 )	3.069570 0.000003 -0.000003 
3583	(   0.419624   1.917987   1.009055 )	3.071252 -0.000004 0.000004 
3584	(   0.419639   1.918613   1.009017 )	3.074290 0.000919 -0.000919 
3585	(   0.419582   1.914364   1.009988 )	3.052269 -0.002181 0.002181 
3586	(   0.419602   1.91567    1.010514 )	3.057527 0.002181 -0.002181 
3587	(   0.419631   1.918499   1.007658 )	3.076239 -0.004876 0.004876 
3588	(   0.419629   1.919015   1.008652 )	3.076922 0.000019 -0.000019 
3589	(   0.41965    1.917187   1.009339 )	3.066802 0.000004 -0.000004 
3590	(   0.419597   1.914918   1.010192 )	3.054514 -0.000386 0.000386 
3591	(   0.419627   1.919399   1.008498 )	3.079056 0.000000 -0.000000 
3592	(   0.419634   1.918957   1.008664 )	3.076602 -0.000000 0.000000 
3593	(   0.419641   1.91862    1.008788 )	3.074732 0.000000 -0.000000 
3594	(   0.419662   1.917609   1.00916  )	3.069124 0.000001 -0.000001 
3595	(   0.419595   1.91491    1.010283 )	3.054319 -0.000029 0.000029 
3596	(   0.419623   1.917871   1.009102 )	3.070609 -0.000000 0.000000 
3597	(   0.419568   1.915624   1.010044 )	3.058259 0.000006 -0.000006 
3598	(   0.4196     1.918712   1.008798 )	3.075279 -0.000001 0.000001 
3599	(   0.419631   1.914581   1.010378 )	3.052461 0.000002 -0.000002 
3600	(   0.419636   1.917978   1.009045 )	3.071187 0.000001 -0.000001 

BBE ( SOL ) BBO
3601	(   0.419631   1.918735   1.008754 )	3.075378 -0.000002 0.000002 
3602	(   0.419603   1.916072   1.00871  )	3.062726 -0.004598 0.004598 
3603	(   0.419643   1.915885   1.008011 )	3.062976 -0.007579 0.007579 
3604	(   0.419626   1.917087   1.011102 )	3.063199 0.006997 -0.006997 
3605	(   0.419607   1.914821   1.008251 )	3.057535 -0.008471 0.008471 
3606	(   0.419577   1.915213   1.012251 )	3.052267 0.008519 -0.008519 
3607	(   0.419617   1.920137   1.008921 )	3.081873 0.002880 -0.002880 
3608	(   0.419591   1.91484    1.010322 )	3.053924 0.000001 -0.000001 
3609	(   0.419586   1.914309   1.010535 )	3.051005 0.000005 -0.000005 
3610	(   0.419568   1.914237   1.010582 )	3.050628 -0.000001 0.000001 
3611	(   0.4195     1.912428   1.011362 )	3.040754 0.000003 -0.000003 
3612	(   0.419655   1.91588    1.009843 )	3.059592 -0.000001 0.000001 
3613	(   0.419567   1.918877   1.008772 )	3.076222 0.000002 -0.000002 
3614	(   0.419673   1.916278   1.009608 )	3.061878 -0.000249 0.000249 
3615	(   0.419559   1.909237   1.010979 )	3.026009 -0.006423 0.006423 
3616	(   0.419607   1.916901   1.011102 )	3.062361 0.006610 -0.006610 
3617	(   0.41961    1.912871   1.008557 )	3.047611 -0.010334 0.010334 
3618	(   0.419577   1.919237   1.010185 )	3.075356 0.006445 -0.006445 
3619	(   0.419621   1.918001   1.009063 )	3.071311 0.000040 -0.000040 
3620	(   0.419587   1.917768   1.009184 )	3.070072 0.000001 -0.000001 
3621	(   0.419605   1.91315    1.010963 )	3.044619 -0.000000 0.000000 
3622	(   0.419716   1.909889   1.012106 )	3.026631 0.000016 -0.000016 
3623	(   0.419698   1.912863   1.01097  )	3.042954 0.000001 -0.000001 
3624	(   0.419977   1.912002   1.010991 )	3.037961 0.000003 -0.000003 
3625	(   0.419731   1.912884   1.010925 )	3.043038 0.000000 -0.000000 
3626	(   0.420107   1.912086   1.010811 )	3.038299 0.000001 -0.000001 
3627	(   0.420107   1.912084   1.010811 )	3.038289 -0.000002 0.000002 
3628	(   0.421236   1.909686   1.010469 )	3.024075 -0.000017 0.000017 
3629	(   0.419422   1.915984   1.010075 )	3.060371 0.000031 -0.000031 
3630	(   0.419425   1.907186   1.013473 )	3.012157 0.000017 -0.000017 
3631	(   0.419664   1.910684   1.011872 )	3.031003 0.000082 -0.000082 
3632	(   0.419647   1.916584   1.009559 )	3.063516 -0.000077 0.000077 
3633	(   0.420093   1.902884   1.01182  )	2.992666 -0.010638 0.010638 
3634	(   0.419556   1.905884   1.008925 )	3.013707 -0.020268 0.020268 
3635	(   0.419231   1.908584   1.012229 )	3.021627 -0.003819 0.003819 
3636	(   0.419607   1.910286   1.011693 )	3.029594 -0.001566 0.001566 
3637	(   0.420607   1.913886   1.009929 )	3.047021 0.001587 -0.001587 
3638	(   0.420031   1.925584   1.010835 )	3.103455 0.021507 -0.021507 
3639	(   0.421236   1.909692   1.010469 )	3.024103 -0.000007 0.000007 
3640	(   0.419718   1.912884   1.011014 )	3.042915 0.000310 -0.000310 

BBE ( SOL ) BBO
3641	(   0.419743   1.910978   1.01165  )	3.032574 -0.000002 0.000002 
3642	(   0.419664   1.91065    1.011872 )	3.030841 0.000027 -0.000027 
3643	(   0.419647   1.916627   1.009559 )	3.063723 -0.000008 0.000008 
3644	(   0.419931   1.91006    1.010306 )	3.030044 -0.006157 0.006157 
3645	(   0.419632   1.914007   1.009925 )	3.050522 -0.002781 0.002781 
3646	(   0.419623   1.907884   1.010966 )	3.019385 -0.008349 0.008349 
3647	(   0.419907   1.908375   1.010595 )	3.021547 -0.007776 0.007776 
3648	(   0.420307   1.915797   1.011027 )	3.055100 0.007795 -0.007795 
3649	(   0.419657   1.91478    1.011227 )	3.051803 0.003950 -0.003950 
3650	(   0.419652   1.911398   1.01159  )	3.034963 -0.000001 0.000001 
3651	(   0.419415   1.90694    1.013585 )	3.010814 0.000044 -0.000044 
3652	(   0.419507   1.914248   1.010647 )	3.050746 0.000001 -0.000001 
3653	(   0.419734   1.912388   1.011114 )	3.040312 0.000002 -0.000002 
3654	(   0.419931   1.911578   1.011487 )	3.035177 0.001159 -0.001159 
3655	(   0.419596   1.907884   1.011662 )	3.018217 -0.005595 0.005595 
3656	(   0.419823   1.906398   1.011873 )	3.010083 -0.006048 0.006048 
3657	(   0.419793   1.908142   1.009925 )	3.021977 -0.011440 0.011440 
3658	(   0.419481   1.916398   1.011307 )	3.059952 0.006061 -0.006061 
3659	(   0.419726   1.91302    1.010911 )	3.043730 0.000138 -0.000138 
3660	(   0.419415   1.90694    1.013585 )	3.010815 0.000043 -0.000043 
3661	(   0.419743   1.911775   1.011342 )	3.036941 0.000001 -0.000001 
3662	(   0.419653   1.91562    1.009948 )	3.058161 0.000001 -0.000001 
3663	(   0.419664   1.91065    1.011873 )	3.030840 0.000028 -0.000028 
3664	(   0.419647   1.916627   1.009559 )	3.063723 -0.000009 0.000009 
3665	(   0.419552   1.912787   1.011225 )	3.042568 0.000249 -0.000249 
3666	(   0.419752   1.910009   1.011956 )	3.027368 -0.000249 0.000249 
3667	(   0.419649   1.910884   1.01138  )	3.032889 -0.001706 0.001706 
3668	(   0.419817   1.910884   1.010761 )	3.033504 -0.003488 0.003488 
3669	(   0.419804   1.913504   1.011425 )	3.044886 0.003409 -0.003409 
3670	(   0.419733   1.913001   1.010899 )	3.043639 0.000089 -0.000089 
3671	(   0.419702   1.910934   1.011727 )	3.032347 0.000056 -0.000056 
3672	(   0.419745   1.91282    1.01103  )	3.042500 0.000397 -0.000397 
3673	(   0.419582   1.91318    1.010977 )	3.044806 -0.000002 0.000002 
3674	(   0.419703   1.912126   1.011251 )	3.038905 -0.000001 0.000001 
3675	(   0.419693   1.912903   1.011125 )	3.042881 0.000682 -0.000682 
3676	(   0.41973    1.911884   1.010927 )	3.038250 -0.001602 0.001602 
3677	(   0.419781   1.912874   1.011076 )	3.042569 0.000841 -0.000841 
3678	(   0.419632   1.910398   1.011579 )	3.030261 -0.001744 0.001744 
3679	(   0.419672   1.912398   1.011601 )	3.039668 0.001743 -0.001743 
3680	(   0.41971    1.913119   1.010813 )	3.044427 -0.000180 0.000180 

BBE ( SOL ) BBO
3681	(   0.419652   1.911401   1.01159  )	3.034974 0.000003 -0.000003 
3682	(   0.419714   1.912457   1.011103 )	3.040721 -0.000029 0.000029 
3683	(   0.419582   1.91318    1.010977 )	3.044805 -0.000003 0.000003 
3684	(   0.419703   1.912126   1.011251 )	3.038906 -0.000000 0.000000 
3685	(   0.419619   1.909853   1.012228 )	3.026532 0.000010 -0.000010 
3686	(   0.419663   1.911299   1.011616 )	3.034409 -0.000001 0.000001 
3687	(   0.419696   1.911002   1.011694 )	3.032750 -0.000002 0.000002 
3688	(   0.419609   1.911623   1.011552 )	3.036236 0.000001 -0.000001 
3689	(   0.419751   1.911833   1.011311 )	3.037253 -0.000000 0.000000 
3690	(   0.419696   1.911002   1.011694 )	3.032750 -0.000000 0.000000 
3691	(   0.419796   1.910111   1.011928 )	3.027774 0.000004 -0.000004 
3692	(   0.42044    1.910725   1.010965 )	3.030518 0.000001 -0.000001 
3693	(   0.419796   1.910102   1.011928 )	3.027730 -0.000009 0.000009 
3694	(   0.422772   1.909025   1.009012 )	3.018972 0.000053 -0.000053 
3695	(   0.419731   1.916025   1.009684 )	3.060350 -0.000068 0.000068 
3696	(   0.421208   1.915202   1.008334 )	3.054429 -0.000045 0.000045 
3697	(   0.419702   1.910402   1.011912 )	3.029472 -0.000031 0.000031 
3698	(   0.419723   1.912302   1.011172 )	3.039829 0.000051 -0.000051 
3699	(   0.419219   1.901002   1.01131  )	2.987234 -0.019789 0.019789 
3700	(   0.418696   1.916002   1.011454 )	3.060134 0.002366 -0.002366 
3701	(   0.419522   1.909902   1.013694 )	3.024423 0.005736 -0.005736 
3702	(   0.420511   1.900725   1.010918 )	2.982791 -0.015891 0.015891 
3703	(   0.420369   1.920725   1.011012 )	3.078647 0.015971 -0.015971 
3704	(   0.419794   1.911602   1.01074  )	3.037045 -0.002527 0.002527 
3705	(   0.422773   1.909003   1.009012 )	3.018866 0.000019 -0.000019 
3706	(   0.420438   1.909113   1.011593 )	3.021696 0.000001 -0.000001 
3707	(   0.419796   1.910102   1.011928 )	3.027731 -0.000011 0.000011 
3708	(   0.420433   1.904313   1.013477 )	2.995491 0.000102 -0.000102 
3709	(   0.419751   1.910702   1.011761 )	3.031032 0.000050 -0.000050 
3710	(   0.42094    1.914613   1.008865 )	3.051440 -0.000067 0.000067 
3711	(   0.419702   1.910402   1.011912 )	3.029471 -0.000030 0.000030 
3712	(   0.419723   1.912302   1.011172 )	3.039827 0.000053 -0.000053 
3713	(   0.420196   1.910502   1.011625 )	3.028993 0.001237 -0.001237 
3714	(   0.419677   1.901002   1.012647 )	2.983500 -0.012134 0.012134 
3715	(   0.420106   1.912513   1.009593 )	3.042544 -0.004340 0.004340 
3716	(   0.42077    1.905713   1.013593 )	3.000934 0.004391 -0.004391 
3717	(   0.419666   1.906302   1.009694 )	3.013994 -0.015929 0.015929 
3718	(   0.41932    1.917702   1.012094 )	3.065275 0.010666 -0.010666 
3719	(   0.420433   1.904277   1.013477 )	2.995320 0.000044 -0.000044 
3720	(   0.419859   1.911312   1.011391 )	3.034291 0.000001 -0.000001 

BBE ( SOL ) BBO
3721	(   0.420728   1.906718   1.01219  )	3.008349 -0.000026 0.000026 
3722	(   0.419702   1.910424   1.011912 )	3.029576 0.000005 -0.000005 
3723	(   0.419723   1.912269   1.011172 )	3.039669 0.000000 -0.000000 
3724	(   0.419504   1.906002   1.012289 )	3.008401 -0.006434 0.006434 
3725	(   0.41975    1.906723   1.010694 )	3.013957 -0.010740 0.010740 
3726	(   0.419896   1.908353   1.012419 )	3.018203 -0.000312 0.000312 
3727	(   0.420401   1.904113   1.012079 )	2.997126 -0.006173 0.006173 
3728	(   0.420475   1.914113   1.011107 )	3.046374 0.006200 -0.006200 
3729	(   0.419647   1.918089   1.010583 )	3.068898 0.006564 -0.006564 
3730	(   0.419694   1.911098   1.011659 )	3.033277 0.000000 -0.000000 
3731	(   0.420433   1.909069   1.011616 )	3.021460 -0.000000 0.000000 
3732	(   0.420418   1.908937   1.011683 )	3.020754 -0.000003 0.000003 
3733	(   0.420431   1.908937   1.011683 )	3.020716 0.000057 -0.000057 
3734	(   0.420132   1.908946   1.012002 )	3.021078 0.000003 -0.000003 
3735	(   0.419846   1.911111   1.011483 )	3.033203 -0.000000 0.000000 
3736	(   0.420333   1.90812    1.011521 )	3.017400 -0.002379 0.002379 
3737	(   0.420387   1.911069   1.011595 )	3.031189 0.002909 -0.002909 
3738	(   0.420416   1.908993   1.012116 )	3.020251 0.001871 -0.001871 
3739	(   0.420533   1.907113   1.011719 )	3.011651 -0.002246 0.002246 
3740	(   0.420344   1.911113   1.011467 )	3.031758 0.002250 -0.002250 
3741	(   0.420527   1.90926    1.011274 )	3.022706 -0.000672 0.000672 
3742	(   0.420429   1.90904    1.011324 )	3.021859 -0.001276 0.001276 
3743	(   0.420441   1.909148   1.01157  )	3.021895 -0.000025 0.000025 
3744	(   0.420768   1.907185   1.011971 )	3.010846 0.000001 -0.000001 
3745	(   0.421098   1.904735   1.012551 )	2.997172 0.000006 -0.000006 
3746	(   0.42177    1.901533   1.013038 )	2.979122 0.000002 -0.000002 
3747	(   0.420334   1.90847    1.01195  )	3.018297 -0.000035 0.000035 
3748	(   0.420387   1.907806   1.012157 )	3.014603 0.000004 -0.000004 
3749	(   0.420289   1.90969    1.011537 )	3.024996 -0.000001 0.000001 
3750	(   0.419843   1.910746   1.011628 )	3.031206 0.000001 -0.000001 
3751	(   0.420415   1.907069   1.011648 )	3.011922 -0.003162 0.003162 
3752	(   0.420533   1.908704   1.011655 )	3.019351 0.000040 -0.000040 
3753	(   0.420427   1.909223   1.012116 )	3.021317 0.002289 -0.002289 
3754	(   0.420704   1.905185   1.011937 )	3.001577 -0.003642 0.003642 
3755	(   0.420831   1.909185   1.012005 )	3.020130 0.003648 -0.003648 
3756	(   0.420433   1.90908    1.011574 )	3.021588 -0.000156 0.000156 
3757	(   0.420479   1.908947   1.011611 )	3.020749 -0.000001 0.000001 
3758	(   0.420799   1.905334   1.01219  )	3.001551 -0.001914 0.001914 
3759	(   0.420682   1.907688   1.011872 )	3.013675 -0.000001 0.000001 
3760	(   0.420483   1.908817   1.011722 )	3.019918 0.000268 -0.000268 

BBE ( SOL ) BBO
3761	(   0.420462   1.909218   1.011416 )	3.022446 -0.000457 0.000457 
3762	(   0.4208     1.906185   1.011946 )	3.006033 -0.001557 0.001557 
3763	(   0.420735   1.908185   1.011996 )	3.015663 0.001559 -0.001559 
3764	(   0.420427   1.908069   1.011571 )	3.016791 -0.001822 0.001822 
3765	(   0.420427   1.909056   1.011652 )	3.021352 0.000101 -0.000101 
3766	(   0.420419   1.909024   1.011646 )	3.021231 -0.000013 0.000013 
3767	(   0.420765   1.907188   1.011969 )	3.010869 -0.000014 0.000014 
3768	(   0.420612   1.908396   1.011677 )	3.017610 0.000000 -0.000000 
3769	(   0.420773   1.907749   1.011747 )	3.013920 -0.000000 0.000000 
3770	(   0.421257   1.905808   1.011957 )	3.002864 -0.000003 0.000003 
3771	(   0.420796   1.907391   1.011868 )	3.011927 0.000036 -0.000036 
3772	(   0.420723   1.907208   1.012005 )	3.011029 -0.000031 0.000031 
3773	(   0.420444   1.909624   1.011388 )	3.024486 -0.000000 0.000000 
3774	(   0.420687   1.907795   1.011825 )	3.014254 0.000001 -0.000001 
3775	(   0.420823   1.907066   1.01189  )	3.010259 -0.000269 0.000269 
3776	(   0.420802   1.906185   1.012116 )	3.005723 -0.000843 0.000843 
3777	(   0.420733   1.908185   1.011827 )	3.015974 0.000845 -0.000845 
3778	(   0.420819   1.908749   1.011678 )	3.018672 0.001537 -0.001537 
3779	(   0.420758   1.908368   1.011947 )	3.016556 0.001754 -0.001754 
3780	(   0.420772   1.90774    1.011744 )	3.013884 -0.000030 0.000030 
3781	(   0.420773   1.907174   1.011982 )	3.010758 0.000048 -0.000048 
3782	(   0.42076    1.907518   1.011799 )	3.012763 -0.000213 0.000213 
3783	(   0.420795   1.907287   1.011901 )	3.011373 -0.000001 0.000001 
3784	(   0.420766   1.907623   1.011847 )	3.013158 0.000180 -0.000180 
3785	(   0.420763   1.907374   1.011871 )	3.011939 -0.000131 0.000131 
3786	(   0.420772   1.906996   1.012071 )	3.009753 0.000133 -0.000133 
3787	(   0.420768   1.907249   1.011712 )	3.011614 -0.000969 0.000969 
3788	(   0.420753   1.907923   1.011721 )	3.014853 0.000081 -0.000081 
3789	(   0.420788   1.908054   1.011705 )	3.015401 0.000385 -0.000385 
3790	(   0.420763   1.907007   1.011914 )	3.010110 -0.000544 0.000544 
3791	(   0.420762   1.907684   1.0118   )	3.013544 0.000068 -0.000068 
3792	(   0.420792   1.907626   1.011777 )	3.013224 0.000014 -0.000014 
3793	(   0.420772   1.907297   1.011921 )	3.011457 -0.000007 0.000007 
3794	(   0.420783   1.907748   1.011747 )	3.013884 0.000046 -0.000046 
3795	(   0.420773   1.907798   1.011797 )	3.014063 0.000285 -0.000285 
3796	(   0.420773   1.907949   1.011734 )	3.014895 0.000271 -0.000271 
3797	(   0.420767   1.906985   1.011976 )	3.009888 -0.000307 0.000307 
3798	(   0.420769   1.907385   1.011967 )	3.011804 0.000308 -0.000308 
3799	(   0.420769   1.907538   1.011721 )	3.012969 -0.000464 0.000464 
3800	(   0.42077    1.907093   1.011967 )	3.010406 -0.000152 0.000152 

BBE ( SOL ) BBO
3801	(   0.420772   1.907768   1.011747 )	3.014011 0.000028 -0.000028 
3802	(   0.420801   1.90734    1.011869 )	3.011667 -0.000019 0.000019 
3803	(   0.420794   1.907447   1.011839 )	3.012253 -0.000007 0.000007 
3804	(   0.420783   1.907362   1.011881 )	3.011806 -0.000019 0.000019 
3805	(   0.420789   1.90756    1.011803 )	3.012869 0.000006 -0.000006 
3806	(   0.420778   1.907617   1.011795 )	3.013189 0.000011 -0.000011 
3807	(   0.42079    1.90749    1.011828 )	3.012487 -0.000003 0.000003 
3808	(   0.420782   1.907457   1.011848 )	3.012317 -0.000008 0.000008 
3809	(   0.420788   1.907534   1.011814 )	3.012731 0.000002 -0.000002 
3810	(   0.420781   1.907557   1.011813 )	3.012862 0.000004 -0.000004 
3811	(   0.420787   1.907507   1.011824 )	3.012581 -0.000001 0.000001 
3812	(   0.420783   1.907494   1.011834 )	3.012517 -0.000004 0.000004 
3813	(   0.420786   1.907524   1.011819 )	3.012678 0.000001 -0.000001 
3814	(   0.420767   1.907183   1.011951 )	3.010872 -0.000088 0.000088 
3815	(   0.420768   1.907188   1.011991 )	3.010820 0.000090 -0.000090 
3816	(   0.420774   1.907649   1.011756 )	3.013424 -0.000119 0.000119 
3817	(   0.420768   1.907717   1.011739 )	3.013793 -0.000105 0.000105 
3818	(   0.420775   1.907712   1.011727 )	3.013768 -0.000132 0.000132 
3819	(   0.420773   1.907751   1.011747 )	3.013927 0.000004 -0.000004 
3820	(   0.420768   1.907129   1.011991 )	3.010542 -0.000005 0.000005 
3821	(   0.420774   1.907753   1.011756 )	3.013914 0.000050 -0.000050 
3822	(   0.420777   1.907652   1.011779 )	3.013387 -0.000003 0.000003 
3823	(   0.420785   1.907564   1.011805 )	3.012895 0.000001 -0.000001 
3824	(   0.42078    1.907623   1.011788 )	3.013223 -0.000001 0.000001 
3825	(   0.420784   1.907579   1.011801 )	3.012977 0.000000 -0.000000 
3826	(   0.420776   1.907699   1.011762 )	3.013641 -0.000001 0.000001 
3827	(   0.420784   1.907568   1.011805 )	3.012918 0.000000 -0.000000 
3828	(   0.420773   1.907757   1.011744 )	3.013963 0.000002 -0.000002 
3829	(   0.420784   1.907569   1.011804 )	3.012926 -0.000000 0.000000 
3830	(   0.420785   1.907536   1.011816 )	3.012742 -0.000000 0.000000 
3831	(   0.420787   1.907439   1.011851 )	3.012213 -0.000002 0.000002 
3832	(   0.420765   1.907072   1.012018 )	3.010233 0.000001 -0.000001 
3833	(   0.420756   1.906734   1.012159 )	3.008393 0.000000 -0.000000 
3834	(   0.42073    1.905717   1.012581 )	3.002876 0.000001 -0.000001 
3835	(   0.420652   1.902666   1.013847 )	2.986360 0.000022 -0.000022 
3836	(   0.420625   1.907119   1.012156 )	3.010620 -0.000000 0.000000 
3837	(   0.420651   1.907109   1.012131 )	3.010540 -0.000000 0.000000 
3838	(   0.420571   1.906439   1.012481 )	3.006964 0.000003 -0.000003 
3839	(   0.420731   1.907262   1.011982 )	3.011297 0.000000 -0.000000 
3840	(   0.420656   1.906599   1.012227 )	3.007926 -0.000398 0.000398 

BBE ( SOL ) BBO
3841	(   0.420773   1.904734   1.012534 )	2.998158 -0.001570 0.001570 
3842	(   0.420632   1.903717   1.01277  )	2.993324 -0.002870 0.002870 
3843	(   0.420748   1.905203   1.011659 )	3.002027 -0.004567 0.004567 
3844	(   0.420828   1.907717   1.012391 )	3.012444 0.002877 -0.002877 
3845	(   0.420766   1.908167   1.012293 )	3.014948 0.002906 -0.002906 
3846	(   0.420751   1.905665   1.012606 )	3.002524 0.000114 -0.000114 
3847	(   0.420828   1.906534   1.012156 )	3.007232 0.000001 -0.000001 
3848	(   0.420624   1.906713   1.012314 )	3.008406 0.000001 -0.000001 
3849	(   0.420704   1.907125   1.012065 )	3.010576 0.000001 -0.000001 
3850	(   0.420697   1.905809   1.012781 )	3.003055 0.000825 -0.000825 
3851	(   0.420777   1.905894   1.012359 )	3.003976 -0.000422 0.000422 
3852	(   0.420764   1.905625   1.012381 )	3.002696 -0.000823 0.000823 
3853	(   0.420806   1.906343   1.012011 )	3.006647 -0.001008 0.001008 
3854	(   0.420717   1.905734   1.012055 )	3.003935 -0.002216 0.002216 
3855	(   0.420739   1.907051   1.012207 )	3.009867 0.000630 -0.000630 
3856	(   0.42073    1.905717   1.012581 )	3.002878 0.000002 -0.000002 
3857	(   0.42073    1.905652   1.012589 )	3.002557 -0.000073 0.000073 
3858	(   0.420737   1.906626   1.012222 )	3.007826 0.000001 -0.000001 
3859	(   0.420624   1.906712   1.012314 )	3.008405 0.000001 -0.000001 
3860	(   0.420704   1.907124   1.012065 )	3.010574 -0.000000 0.000000 
3861	(   0.420765   1.906234   1.012185 )	3.005939 -0.000651 0.000651 
3862	(   0.420745   1.906481   1.012059 )	3.007399 -0.000869 0.000869 
3863	(   0.420736   1.906591   1.012226 )	3.007652 -0.000041 0.000041 
3864	(   0.42071    1.905413   1.012502 )	3.001633 -0.000907 0.000907 
3865	(   0.42075    1.90602    1.01266  )	3.004118 0.000909 -0.000909 
3866	(   0.420758   1.907023   1.012193 )	3.009703 0.000613 -0.000613 
3867	(   0.420733   1.905633   1.012613 )	3.002413 0.000010 -0.000010 
3868	(   0.420744   1.906655   1.012226 )	3.007935 0.000099 -0.000099 
3869	(   0.420676   1.906544   1.012321 )	3.007435 0.000002 -0.000002 
3870	(   0.420758   1.907288   1.011943 )	3.011415 -0.000000 0.000000 
3871	(   0.420731   1.905744   1.012531 )	3.003093 -0.000156 0.000156 
3872	(   0.420729   1.905689   1.012631 )	3.002658 0.000158 -0.000158 
3873	(   0.420759   1.906534   1.012173 )	3.007406 -0.000247 0.000247 
3874	(   0.420746   1.906679   1.012169 )	3.008146 -0.000093 0.000093 
3875	(   0.420755   1.90667    1.012109 )	3.008184 -0.000314 0.000314 
3876	(   0.420756   1.906739   1.012161 )	3.008414 0.000016 -0.000016 
3877	(   0.420732   1.905717   1.012581 )	3.002874 0.000008 -0.000008 
3878	(   0.420759   1.906739   1.012169 )	3.008389 0.000066 -0.000066 
3879	(   0.420749   1.906883   1.012105 )	3.009221 -0.000015 0.000015 
3880	(   0.420751   1.906847   1.012119 )	3.009019 -0.000008 0.000008 

BBE ( SOL ) BBO
3881	(   0.420754   1.906775   1.012147 )	3.008615 0.000008 -0.000008 
3882	(   0.420753   1.906793   1.01214  )	3.008716 0.000004 -0.000004 
3883	(   0.420752   1.906829   1.012126 )	3.008918 -0.000004 0.000004 
3884	(   0.420753   1.906802   1.012136 )	3.008767 0.000002 -0.000002 
3885	(   0.420752   1.90682    1.01213  )	3.008868 -0.000002 0.000002 
3886	(   0.420753   1.906806   1.012135 )	3.008792 0.000001 -0.000001 
3887	(   0.420761   1.90673    1.012162 )	3.008356 0.000032 -0.000032 
3888	(   0.420756   1.906634   1.012151 )	3.007931 -0.000193 0.000193 
3889	(   0.420757   1.906775   1.012139 )	3.008625 -0.000011 0.000011 
3890	(   0.42073    1.905617   1.012581 )	3.002400 -0.000161 0.000161 
3891	(   0.42073    1.905817   1.012581 )	3.003351 0.000162 -0.000162 
3892	(   0.420753   1.906695   1.012177 )	3.008185 -0.000002 0.000002 
3893	(   0.42073    1.90571    1.012585 )	3.002840 0.000004 -0.000004 
3894	(   0.420754   1.906693   1.012176 )	3.008172 -0.000002 0.000002 
3895	(   0.420756   1.906794   1.012136 )	3.008720 0.000002 -0.000002 
3896	(   0.420754   1.906719   1.012167 )	3.008318 -0.000001 0.000001 
3897	(   0.420732   1.905677   1.012591 )	3.002667 -0.000014 0.000014 
3898	(   0.420729   1.905756   1.012571 )	3.003084 0.000016 -0.000016 
3899	(   0.420754   1.906691   1.012168 )	3.008177 -0.000038 0.000038 
3900	(   0.420758   1.906693   1.012162 )	3.008187 -0.000043 0.000043 
3901	(   0.420757   1.906771   1.012169 )	3.008553 0.000105 -0.000105 
3902	(   0.420756   1.906734   1.012159 )	3.008395 0.000000 -0.000000 
3903	(   0.42073    1.905677   1.012591 )	3.002673 -0.000024 0.000024 
3904	(   0.420756   1.906734   1.012159 )	3.008392 0.000002 -0.000002 
3905	(   0.420758   1.906652   1.012188 )	3.007946 -0.000002 0.000002 
3906	(   0.420754   1.906768   1.012148 )	3.008580 0.000001 -0.000001 
3907	(   0.420756   1.906714   1.012163 )	3.008290 -0.000014 0.000014 
3908	(   0.420731   1.905697   1.012581 )	3.002778 -0.000027 0.000027 
3909	(   0.42073    1.905737   1.012581 )	3.002973 0.000029 -0.000029 
3910	(   0.420755   1.90672    1.012157 )	3.008333 -0.000036 0.000036 
3911	(   0.420755   1.906743   1.012164 )	3.008433 0.000033 -0.000033 
3912	(   0.420756   1.906734   1.012159 )	3.008395 0.000001 -0.000001 
3913	(   0.42073    1.905703   1.012585 )	3.002805 -0.000004 0.000004 
3914	(   0.420755   1.906739   1.01216  )	3.008418 0.000009 -0.000009 
3915	(   0.420754   1.906724   1.012164 )	3.008343 -0.000001 0.000001 
3916	(   0.420755   1.906726   1.012163 )	3.008356 -0.000001 0.000001 
3917	(   0.42073    1.905717   1.01258  )	3.002881 -0.000002 0.000002 
3918	(   0.420731   1.905716   1.012581 )	3.002870 0.000004 -0.000004 
3919	(   0.420756   1.906741   1.012161 )	3.008428 0.000020 -0.000020 
3920	(   0.420756   1.90674    1.012157 )	3.008429 0.000001 -0.000001 

BBE ( SOL ) BBO
3921	(   0.420756   1.906724   1.012159 )	3.008348 -0.000016 0.000016 
3922	(   0.420757   1.906722   1.012159 )	3.008336 -0.000015 0.000015 
3923	(   0.420731   1.905715   1.012585 )	3.002859 0.000015 -0.000015 
3924	(   0.420756   1.906734   1.012159 )	3.008393 0.000000 -0.000000 
3925	(   0.420757   1.906741   1.012155 )	3.008431 0.000001 -0.000001 
3926	(   0.420755   1.90673    1.012161 )	3.008375 -0.000000 0.000000 
3927	(   0.420756   1.906731   1.01216  )	3.008378 0.000000 -0.000000 
3928	(   0.420755   1.906729   1.012161 )	3.008371 -0.000000 0.000000 
3929	(   0.420755   1.906727   1.012162 )	3.008360 -0.000000 0.000000 
3930	(   0.420755   1.906725   1.012163 )	3.008349 -0.000001 0.000001 
3931	(   0.420756   1.906731   1.01216  )	3.008382 0.000000 -0.000000 
3932	(   0.420755   1.906727   1.012162 )	3.008360 -0.000000 0.000000 
3933	(   0.420755   1.906726   1.012163 )	3.008352 -0.000001 0.000001 
3934	(   0.420755   1.90673    1.012161 )	3.008372 -0.000000 0.000000 
3935	(   0.420755   1.906726   1.012163 )	3.008353 -0.000000 0.000000 
3936	(   0.420755   1.906724   1.012164 )	3.008342 -0.000000 0.000000 
3937	(   0.420754   1.906723   1.012165 )	3.008337 -0.000001 0.000001 
3938	(   0.420755   1.906728   1.012162 )	3.008363 -0.000000 0.000000 
3939	(   0.420755   1.906725   1.012164 )	3.008346 -0.000001 0.000001 
3940	(   0.420755   1.906727   1.012162 )	3.008359 -0.000000 0.000000 
3941	(   0.420754   1.906718   1.012167 )	3.008310 -0.000000 0.000000 
3942	(   0.420751   1.9067     1.012177 )	3.008213 -0.000001 0.000001 
3943	(   0.420732   1.905687   1.012591 )	3.002712 0.000000 -0.000000 
3944	(   0.420736   1.905597   1.01262  )	3.002222 -0.000002 0.000002 
3945	(   0.420731   1.905687   1.012591 )	3.002713 0.000001 -0.000001 
3946	(   0.420735   1.905598   1.012621 )	3.002226 0.000000 -0.000000 
3947	(   0.420746   1.905332   1.012711 )	3.000765 -0.000001 0.000001 
3948	(   0.42078    1.904532   1.012981 )	2.996385 -0.000005 0.000005 
3949	(   0.420761   1.905446   1.012652 )	3.001371 0.000003 -0.000003 
3950	(   0.420766   1.90542    1.012654 )	3.001226 -0.000002 0.000002 
3951	(   0.420726   1.905278   1.012755 )	3.000491 0.000001 -0.000001 
3952	(   0.420747   1.906362   1.012312 )	3.006379 -0.000001 0.000001 
3953	(   0.420698   1.904317   1.013158 )	2.995291 0.000006 -0.000006 
3954	(   0.420746   1.905332   1.012711 )	3.000767 -0.000001 0.000001 
3955	(   0.420694   1.905646   1.012648 )	3.002529 -0.000001 0.000001 
3956	(   0.420696   1.905886   1.012553 )	3.003832 0.000000 -0.000000 
3957	(   0.420688   1.904729   1.013009 )	2.997541 0.000004 -0.000004 
3958	(   0.420737   1.906221   1.012378 )	3.005617 -0.000000 0.000000 
3959	(   0.42073    1.904465   1.012955 )	2.996258 -0.000450 0.000450 
3960	(   0.420762   1.904715   1.012821 )	2.997593 -0.000462 0.000462 

BBE ( SOL ) BBO
3961	(   0.420685   1.905194   1.012656 )	3.000391 -0.000734 0.000734 
3962	(   0.420747   1.904602   1.012421 )	2.997814 -0.002374 0.002374 
3963	(   0.420721   1.906091   1.012555 )	3.004728 0.000454 -0.000454 
3964	(   0.420736   1.905634   1.012619 )	3.002397 0.000055 -0.000055 
3965	(   0.420728   1.905184   1.012789 )	2.999981 0.000000 -0.000000 
3966	(   0.420734   1.904904   1.01289  )	2.998452 -0.000002 0.000002 
3967	(   0.420667   1.904792   1.013007 )	2.997908 -0.000001 0.000001 
3968	(   0.420486   1.903616   1.013661 )	2.991694 0.000001 -0.000001 
3969	(   0.419943   1.900088   1.015624 )	2.973106 0.000057 -0.000057 
3970	(   0.420734   1.904904   1.01289  )	2.998452 -0.000000 0.000000 
3971	(   0.420752   1.904064   1.013193 )	2.993867 -0.000002 0.000002 
3972	(   0.420529   1.908054   1.011901 )	3.015821 0.000000 -0.000000 
3973	(   0.420761   1.908419   1.0115   )	3.017592 -0.000002 0.000002 
3974	(   0.420733   1.904771   1.012942 )	2.997729 -0.000002 0.000002 
3975	(   0.420732   1.905457   1.012679 )	3.001463 0.000000 -0.000000 
3976	(   0.420686   1.902329   1.014024 )	2.984352 0.000379 -0.000379 
3977	(   0.420934   1.904141   1.011676 )	2.996399 -0.005335 0.005335 
3978	(   0.420708   1.899904   1.012963 )	2.974688 -0.007821 0.007821 
3979	(   0.420854   1.904694   1.01489  )	2.993534 0.008557 -0.008557 
3980	(   0.420286   1.904903   1.013298 )	2.999047 -0.000375 0.000375 
3981	(   0.420584   1.907923   1.012499 )	3.013962 0.002524 -0.002524 
3982	(   0.420576   1.904527   1.013211 )	2.996557 -0.000002 0.000002 
3983	(   0.420601   1.902329   1.014024 )	2.984604 -0.000014 0.000014 
3984	(   0.420727   1.904766   1.012951 )	2.997707 0.000001 -0.000001 
3985	(   0.420733   1.90539    1.012703 )	3.001098 -0.000001 0.000001 
3986	(   0.420832   1.902904   1.0138   )	2.987045 0.001036 -0.001036 
3987	(   0.420634   1.903537   1.013216 )	2.991675 -0.001297 0.001297 
3988	(   0.420551   1.901616   1.013984 )	2.981446 -0.001555 0.001555 
3989	(   0.420752   1.903431   1.01189  )	2.993185 -0.006429 0.006429 
3990	(   0.420422   1.905616   1.013338 )	3.001962 0.001561 -0.001561 
3991	(   0.420734   1.905021   1.012924 )	2.998947 0.000329 -0.000329 
3992	(   0.419943   1.900088   1.015624 )	2.973106 0.000056 -0.000056 
3993	(   0.420752   1.904064   1.013193 )	2.993867 -0.000001 0.000001 
3994	(   0.420505   1.90379    1.013735 )	2.992335 0.000670 -0.000670 
3995	(   0.420782   1.905078   1.012769 )	2.999350 0.000001 -0.000001 
3996	(   0.420733   1.90539    1.012703 )	3.001097 0.000000 -0.000000 
3997	(   0.420784   1.904109   1.013135 )	2.994091 -0.000026 0.000026 
3998	(   0.420722   1.903999   1.01239  )	2.995078 -0.003581 0.003581 
3999	(   0.420784   1.905621   1.01245  )	3.002497 -0.000445 0.000445 
4000	(   0.420501   1.90357    1.014161 )	2.990544 0.002078 -0.002078 
A termination criterion is reached: Maximum number of blackbox evaluations (Eval Global) 4000

Best feasible solution:     #1489908 ( 0.420734 1.9049 1.01289 )	Evaluation OK	 f =   2.9984519999999998952 	 h =   0                     

Best infeasible solution:   #1489903 ( 0.420486 1.90362 1.01366 )	Evaluation OK	 f =   2.9916939999999998534 	 h =   0.000000000001        

Blackbox evaluations:         4000
Total model evaluations:      1286779
Cache hits:                   849
Total number of evaluations:  4849
