1	(  17.5       24.62      25.9      )	325.628755 -27.500000 -34.620000 -35.900000 7.500000 14.620000 15.900000 460602.840459 -460602.840459 
2	(  16.5       26.62      27.9      )	345.348755 -26.500000 -36.620000 -37.900000 6.500000 16.620000 17.900000 617622.688059 -617622.688059 
3	(  18.5       26.62      24.9      )	380.936531 -28.500000 -36.620000 -34.900000 8.500000 16.620000 14.900000 397532.208859 -397532.208859 
4	(  19.5       23.62      27.9      )	694.788179 -29.500000 -33.620000 -37.900000 9.500000 13.620000 17.900000 616812.521259 -616812.521259 
5	(  15.5       21.62      22.9      )	250.388755 -25.500000 -31.620000 -32.900000 5.500000 11.620000 12.900000 282258.183659 -282258.183659 
6	(   9.5       12.62      13.9      )	84.668755 -19.500000 -22.620000 -23.900000 -0.500000 2.620000 3.900000 38844.373259 -38844.373259 

BBE ( SOL ) BBO
7	(  -8.5      -14.38     -13.1      )	127.508755 -1.500000 4.380000 3.100000 -18.500000 -24.380000 -23.100000 27675.582059 -27675.582059 
8	(  -6.5       -7.38     -11.1      )	248.525715 -3.500000 -2.620000 1.100000 -16.500000 -17.380000 -21.100000 14811.942859 -14811.942859 
9	( -22.5      -32.38     -32.1      )	649.870547 12.500000 22.380000 22.100000 -32.500000 -42.380000 -42.100000 1038123.576459 -1038123.576459 
10	(   8.5       11.62      10.9      )	66.253139 -18.500000 -21.620000 -20.900000 -1.500000 1.620000 0.900000 15263.780859 -15263.780859 
11	( -13.5      -19.38     -23.1      )	436.325715 3.500000 9.380000 13.100000 -23.500000 -29.380000 -33.100000 279647.500059 -279647.500059 
12	(   3.5        4.62       4.9      )	7.510547 -13.500000 -14.620000 -14.900000 -6.500000 -5.380000 -5.100000 646.442859 -646.442859 
13	(  12.5       20.62      15.9      )	694.511507 -22.500000 -30.620000 -25.900000 2.500000 10.620000 5.900000 69231.958459 -69231.958459 
14	(  -3.5       -5.38      -6.1      )	24.053139 -6.500000 -4.620000 -3.900000 -13.500000 -15.380000 -16.100000 1271.536059 -1271.536059 
15	( -12.5      -17.38     -19.1      )	214.816531 2.500000 7.380000 9.100000 -22.500000 -27.380000 -29.100000 129289.788459 -129289.788459 
16	(   3.5        4.62       3.9      )	7.773139 -13.500000 -14.620000 -13.900000 -6.500000 -5.380000 -6.100000 301.306859 -301.306859 
17	(   8.5        9.62      12.9      )	173.247571 -18.500000 -19.620000 -22.900000 -1.500000 -0.380000 2.900000 28479.172859 -28479.172859 
18	(  -2.5       -3.38      -5.1      )	21.776531 -7.500000 -6.620000 -4.900000 -12.500000 -13.380000 -15.100000 637.216459 -637.216459 
19	(   6.5        9.62       8.9      )	40.253139 -16.500000 -19.620000 -18.900000 -3.500000 -0.380000 -1.100000 6874.020059 -6874.020059 
20	(  -1.5       -1.38      -2.1      )	6.533139 -8.500000 -8.620000 -7.900000 -11.500000 -11.380000 -12.100000 6.848859 -6.848859 
21	(  -3.5       -4.38      -7.1      )	75.760723 -6.500000 -5.620000 -2.900000 -13.500000 -14.380000 -17.100000 2462.280059 -2462.280059 
22	(   1.5        2.62       1.9      )	1.773139 -11.500000 -12.620000 -11.900000 -8.500000 -7.380000 -8.100000 16.586059 -16.586059 
23	(   4.5        7.62       7.9      )	21.990547 -14.500000 -17.620000 -17.900000 -5.500000 -2.380000 -2.100000 4152.555259 -4152.555259 
24	(  -0.5       -0.38      -2.1      )	11.016531 -9.500000 -9.620000 -7.900000 -10.500000 -10.380000 -12.100000 10.633259 -10.633259 
25	(  -3.5       -4.38      -5.1      )	21.293139 -6.500000 -5.620000 -4.900000 -13.500000 -14.380000 -15.100000 597.632059 -597.632059 
26	( -16.5      -19.38     -20.1      )	314.813139 6.500000 9.380000 10.100000 -26.500000 -29.380000 -30.100000 157002.194859 -157002.194859 
27	(   2.5        5.62       4.9      )	12.253139 -12.500000 -15.620000 -14.900000 -7.500000 -4.380000 -5.100000 649.698459 -649.698459 
28	( -14.5        3.62      17.9      )	42151.298259 4.500000 -13.620000 -27.900000 -24.500000 -6.380000 7.900000 102449.811659 -102449.811659 
29	(  -6.5      -21.38      -0.1      )	205340.280915 -3.500000 11.380000 -9.900000 -16.500000 -31.380000 -10.100000 -2985.921141 2985.921141 
30	(  18.5       -4.38      11.9      )	71075.097875 -28.500000 -5.620000 -21.900000 8.500000 -14.380000 1.900000 20418.560859 -20418.560859 
31	(  -0.5       10.62     -12.1      )	266586.692563 -9.500000 -20.620000 2.100000 -10.500000 0.620000 -22.100000 21370.753259 -21370.753259 
32	(   4.5       -3.38      -0.1      )	190.087571 -14.500000 -6.620000 -9.900000 -5.500000 -13.380000 -10.100000 47.667259 -47.667259 
33	(  -4.5        3.62      -1.1      )	592.511507 -5.500000 -13.620000 -8.900000 -14.500000 -6.380000 -11.100000 -70.248341 70.248341 
34	(   2.5       -1.38      -0.1      )	19.988755 -12.500000 -8.620000 -9.900000 -7.500000 -11.380000 -10.100000 -0.981541 0.981541 
35	(  -1.5       -4.38      -5.1      )	14.813139 -8.500000 -5.620000 -4.900000 -11.500000 -14.380000 -15.100000 638.000859 -638.000859 
36	(   0.5        0.62      -0.1      )	0.533139 -10.500000 -10.620000 -9.900000 -9.500000 -9.380000 -10.100000 -7.550341 7.550341 
37	(   1.5       -1.38       0.9      )	35.567763 -11.500000 -8.620000 -10.900000 -8.500000 -11.380000 -9.100000 -3.229941 3.229941 
38	(   0.5       -0.38      -1.1      )	1.293139 -10.500000 -9.620000 -8.900000 -9.500000 -10.380000 -11.100000 -6.206341 6.206341 
39	(   0.5       -2.38      -2.1      )	8.550547 -10.500000 -7.620000 -7.900000 -9.500000 -12.380000 -12.100000 14.537659 -14.537659 
40	(   7.5      -11.38       1.9      )	31500.989651 -17.500000 1.380000 -11.900000 -2.500000 -21.380000 -8.100000 983.572459 -983.572459 
41	(  -7.5       -5.38       2.9      )	4776.998611 -2.500000 -4.620000 -12.900000 -17.500000 -15.380000 -7.100000 -162.097541 162.097541 
42	(   4.5        1.62       9.9      )	4720.798611 -14.500000 -11.620000 -19.900000 -5.500000 -8.380000 -0.100000 9614.027259 -9614.027259 
43	(   2.5       -2.38      -2.1      )	26.070547 -12.500000 -7.620000 -7.900000 -7.500000 -12.380000 -12.100000 27.866459 -27.866459 
44	(  14.5       -1.38       5.9      )	3243.254803 -24.500000 -8.620000 -15.900000 4.500000 -11.380000 -4.100000 1245.607259 -1245.607259 
45	(  -3.5      -10.38      -4.1      )	1622.971795 -6.500000 0.380000 -5.900000 -13.500000 -20.380000 -14.100000 -106.271941 106.271941 
46	(   4.5       -0.38       1.9      )	63.087763 -14.500000 -9.620000 -11.900000 -5.500000 -10.380000 -8.100000 9.939259 -9.939259 

BBE ( SOL ) BBO
47	(   0.5       -1.38      -1.1      )	3.790547 -10.500000 -8.620000 -8.900000 -9.500000 -11.380000 -11.100000 -5.326341 5.326341 
48	(   2.5       -2.38       0.9      )	141.807571 -12.500000 -7.620000 -10.900000 -7.500000 -12.380000 -9.100000 9.074459 -9.074459 
49	(   1.5       -1.38      -1.1      )	8.550547 -11.500000 -8.620000 -8.900000 -8.500000 -11.380000 -11.100000 -2.421941 2.421941 
50	(  -7.5       -6.38       5.9      )	22813.661843 -2.500000 -3.620000 -15.900000 -17.500000 -16.380000 -4.100000 890.710459 -890.710459 
51	(  -2.5        8.62      -0.1      )	5917.742675 -7.500000 -18.620000 -9.900000 -12.500000 -1.380000 -10.100000 -196.503541 196.503541 
52	(  -2.5       -3.38     -10.1      )	2052.305491 -7.500000 -6.620000 0.100000 -12.500000 -13.380000 -20.100000 10366.736459 -10366.736459 
53	(   8.5       -7.38      -1.1      )	1863.811795 -18.500000 -2.620000 -8.900000 -1.500000 -17.380000 -11.100000 464.668859 -464.668859 
54	(   0.5       -5.38      -3.1      )	61.847763 -10.500000 -4.620000 -6.900000 -9.500000 -15.380000 -13.100000 99.081659 -99.081659 
55	(   3.5       -2.38       0.9      )	156.567571 -13.500000 -7.620000 -10.900000 -6.500000 -12.380000 -9.100000 15.738859 -15.738859 
56	(   0.5       -6.38      -4.1      )	74.607763 -10.500000 -3.620000 -5.900000 -9.500000 -16.380000 -14.100000 295.185659 -295.185659 
57	(  -2.5        2.62      -2.1      )	534.791507 -7.500000 -12.620000 -7.900000 -12.500000 -7.380000 -12.100000 -8.455541 8.455541 
58	(  -1.5       -3.38       4.9      )	4710.038611 -8.500000 -6.620000 -14.900000 -11.500000 -13.380000 -5.100000 549.600859 -549.600859 
59	(   3.5       -0.38      -1.1      )	21.573139 -13.500000 -9.620000 -8.900000 -6.500000 -10.380000 -11.100000 -2.773141 2.773141 
60	(   0.5       -2.38      -1.1      )	11.228755 -10.500000 -7.620000 -8.900000 -9.500000 -12.380000 -11.100000 -3.446341 3.446341 
61	(   3.5       -0.38      -2.1      )	30.056531 -13.500000 -9.620000 -7.900000 -6.500000 -10.380000 -12.100000 15.210859 -15.210859 
62	(   1.5       -0.38       1.9      )	30.807763 -11.500000 -9.620000 -11.900000 -8.500000 -10.380000 -8.100000 6.506059 -6.506059 
63	(   3.5        0.62      -0.1      )	14.813139 -13.500000 -10.620000 -9.900000 -6.500000 -9.380000 -10.100000 -3.397141 3.397141 
64	(   4.5       -2.38       0.9      )	175.327571 -14.500000 -7.620000 -10.900000 -5.500000 -12.380000 -9.100000 22.403259 -22.403259 
65	(   1.5       -2.38      -0.1      )	42.327763 -11.500000 -7.620000 -9.900000 -8.500000 -12.380000 -10.100000 1.754059 -1.754059 
66	(   4.5        0.62      -1.1      )	36.056531 -14.500000 -10.620000 -8.900000 -5.500000 -9.380000 -11.100000 -0.548741 0.548741 
67	(   4.5       -0.38      -0.1      )	36.070547 -14.500000 -9.620000 -9.900000 -5.500000 -10.380000 -10.100000 -3.092741 3.092741 
68	(   2.5       -1.38      -1.1      )	17.310547 -12.500000 -8.620000 -8.900000 -7.500000 -11.380000 -11.100000 0.482459 -0.482459 
69	(  -3.5       -7.38      -1.1      )	1590.691795 -6.500000 -2.620000 -8.900000 -13.500000 -17.380000 -11.100000 -200.903941 200.903941 
70	(   1.5        0.62      -1.1      )	9.776531 -11.500000 -10.620000 -8.900000 -8.500000 -9.380000 -11.100000 -4.701941 4.701941 
71	(   2.5       -0.38      -0.1      )	10.550547 -12.500000 -9.620000 -9.900000 -7.500000 -10.380000 -10.100000 -5.381541 5.381541 
72	(   3.5        0.62      -1.1      )	23.296531 -13.500000 -10.620000 -8.900000 -6.500000 -9.380000 -11.100000 -1.933141 1.933141 
73	(   4.5       -2.38      -1.1      )	62.268755 -14.500000 -7.620000 -8.900000 -5.500000 -12.380000 -11.100000 23.211259 -23.211259 
74	(  -0.5       -2.38      -2.1      )	5.790547 -9.500000 -7.620000 -7.900000 -10.500000 -12.380000 -12.100000 7.873259 -7.873259 
75	(   2.5       -1.38      -1.02     )	17.321196 -12.500000 -8.620000 -8.980000 -7.500000 -11.380000 -11.020000 0.100791 -0.100791 
76	(   2.5       -2.38      -1.05     )	29.193407 -12.500000 -7.620000 -8.950000 -7.500000 -12.380000 -11.050000 9.633866 -9.633866 
77	(   3.5       -0.38      -1.09     )	21.558517 -13.500000 -9.620000 -8.910000 -6.500000 -10.380000 -11.090000 -2.825659 2.825659 
78	(   2.5       -0.38      -0.52     )	10.544784 -12.500000 -9.620000 -9.480000 -7.500000 -10.380000 -10.520000 -5.308525 5.308525 
79	(   3.5       -0.38      -1.31     )	22.052452 -13.500000 -9.620000 -8.690000 -6.500000 -10.380000 -11.310000 -1.292241 1.292241 
80	(   1.5       -0.38      -1.44     )	5.046877 -11.500000 -9.620000 -8.560000 -8.500000 -10.380000 -11.440000 -2.226224 2.226224 
81	(   1.5       -2.38      -0.96     )	19.370269 -11.500000 -7.620000 -9.040000 -8.500000 -12.380000 -10.960000 2.603306 -2.603306 
82	(   2.5       -1.38      -0.78     )	17.434000 -12.500000 -8.620000 -9.220000 -7.500000 -11.380000 -10.780000 -0.611490 0.611490 
83	(   3.5        0.62      -1.43     )	32.205406 -13.500000 -10.620000 -8.570000 -6.500000 -9.380000 -11.430000 0.784375 -0.784375 
84	(   2.5       -2.38      -0.72     )	33.657731 -12.500000 -7.620000 -9.280000 -7.500000 -12.380000 -10.720000 8.687098 -8.687098 
85	(   3.5       -0.38      -1.25     )	21.877298 -13.500000 -9.620000 -8.750000 -6.500000 -10.380000 -11.250000 -1.795834 1.795834 
86	(   1.5       -1.38      -1.52     )	8.544784 -11.500000 -8.620000 -8.480000 -8.500000 -11.380000 -11.520000 1.451907 -1.451907 

BBE ( SOL ) BBO
87	(   2.5       -0.38      -0.95     )	10.649960 -12.500000 -9.620000 -9.050000 -7.500000 -10.380000 -10.950000 -4.567134 4.567134 
88	(   1.5       -1.38      -0.52     )	9.091408 -11.500000 -8.620000 -9.480000 -8.500000 -11.380000 -10.520000 -3.812925 3.812925 
89	(   2.5       -1.38      -0.89     )	17.362048 -12.500000 -8.620000 -9.110000 -7.500000 -11.380000 -10.890000 -0.354218 0.354218 
90	(   2.52      -1.36      -1.02     )	17.378163 -12.520000 -8.640000 -8.980000 -7.480000 -11.360000 -11.020000 0.020783 -0.020783 
91	(   1.51      -3.37      -0.52     )	90.049506 -11.510000 -6.630000 -9.480000 -8.490000 -13.370000 -10.520000 10.489394 -10.489394 
92	(   3         -0.38      -1.2      )	15.876522 -13.000000 -9.620000 -8.800000 -7.000000 -10.380000 -11.200000 -2.735841 2.735841 
93	(   2.02      -1.16      -1.05     )	11.152946 -12.020000 -8.840000 -8.950000 -7.980000 -11.160000 -11.050000 -2.289022 2.289022 
94	(   2.7       -0.86      -0.98     )	15.563807 -12.700000 -9.140000 -9.020000 -7.300000 -10.860000 -10.980000 -2.623353 2.623353 
95	(   2.42      -1.43      -0.82     )	16.977358 -12.420000 -8.570000 -9.180000 -7.580000 -11.430000 -10.820000 -0.421861 0.421861 
96	(   2.52      -1.37      -1.02     )	17.457506 -12.520000 -8.630000 -8.980000 -7.480000 -11.370000 -11.020000 0.089579 -0.089579 
97	(   2.58      -1.3       -1.02     )	17.556947 -12.580000 -8.700000 -8.980000 -7.420000 -11.300000 -11.020000 -0.220009 0.220009 
98	(   3.49      -0.72      -1.29     )	24.029760 -13.490000 -9.280000 -8.710000 -6.510000 -10.720000 -11.290000 -0.174196 0.174196 
99	(   1.54      -2.02      -0.75     )	15.566646 -11.540000 -7.980000 -9.250000 -8.460000 -12.020000 -10.750000 -0.102418 0.102418 
100	(   2.03      -1.7       -0.89     )	15.404267 -12.030000 -8.300000 -9.110000 -7.970000 -11.700000 -10.890000 0.281482 -0.281482 
101	(   2.13      -0.86      -1.09     )	10.219798 -12.130000 -9.140000 -8.910000 -7.870000 -10.860000 -11.090000 -3.125711 3.125711 
102	(   2.02      -1.63      -0.89     )	14.662766 -12.020000 -8.370000 -9.110000 -7.980000 -11.630000 -10.890000 -0.228280 0.228280 
103	(   2.68      -1.06      -0.82     )	16.813318 -12.680000 -8.940000 -9.180000 -7.320000 -11.060000 -10.820000 -2.099271 2.099271 
104	(   2.53      -1.37      -1.02     )	17.565906 -12.530000 -8.630000 -8.980000 -7.470000 -11.370000 -11.020000 0.118348 -0.118348 
105	(   2.54      -1.43      -0.9      )	18.211405 -12.540000 -8.570000 -9.100000 -7.460000 -11.430000 -10.900000 0.147505 -0.147505 
106	(   2.32      -1.28      -1.12     )	14.703055 -12.320000 -8.720000 -8.880000 -7.680000 -11.280000 -11.120000 -0.548033 0.548033 
107	(   2.45      -1.16      -0.95     )	15.136545 -12.450000 -8.840000 -9.050000 -7.550000 -11.160000 -10.950000 -1.681414 1.681414 
108	(   2.72      -1.2       -1.09     )	18.324946 -12.720000 -8.800000 -8.910000 -7.280000 -11.200000 -11.090000 -0.194259 0.194259 
109	(   2.54      -1.37      -1.01     )	17.676496 -12.540000 -8.630000 -8.990000 -7.460000 -11.370000 -11.010000 0.105289 -0.105289 
110	(   2.71      -1.36      -0.9506   )	19.517093 -12.710000 -8.640000 -9.049400 -7.290000 -11.360000 -10.950600 0.296341 -0.296341 
111	(   2.49      -1.37      -1.03     )	17.133063 -12.490000 -8.630000 -8.970000 -7.510000 -11.370000 -11.030000 0.046349 -0.046349 
112	(   2.46      -1.37      -1.04     )	16.812359 -12.460000 -8.630000 -8.960000 -7.540000 -11.370000 -11.040000 0.004392 -0.004392 
113	(   2.5       -1.35      -1.0333   )	17.082560 -12.500000 -8.650000 -8.966700 -7.500000 -11.350000 -11.033300 -0.046388 0.046388 
114	(   2.47      -1.35      -1.0422   )	16.762276 -12.470000 -8.650000 -8.957800 -7.530000 -11.350000 -11.042200 -0.091277 0.091277 
115	(   2.51      -1.37      -1.0256   )	17.348569 -12.510000 -8.630000 -8.974400 -7.490000 -11.370000 -11.025600 0.084778 -0.084778 
116	(   2.48      -1.35      -1.0366   )	16.868947 -12.480000 -8.650000 -8.963400 -7.520000 -11.350000 -11.036600 -0.088205 0.088205 
117	(   2.5       -1.37      -1.0284   )	17.240517 -12.500000 -8.630000 -8.971600 -7.500000 -11.370000 -11.028400 0.068141 -0.068141 
118	(   2.49      -1.35      -1.0338   )	16.975696 -12.490000 -8.650000 -8.966200 -7.510000 -11.350000 -11.033800 -0.072405 0.072405 
119	(   2.5       -1.37      -1.0298   )	17.240295 -12.500000 -8.630000 -8.970200 -7.500000 -11.370000 -11.029800 0.074244 -0.074244 
120	(   2.28      -1.4       -1.1      )	15.188900 -12.280000 -8.600000 -8.900000 -7.720000 -11.400000 -11.100000 -0.029741 0.029741 
121	(   2.4       -1.41      -1.02     )	16.499234 -12.400000 -8.590000 -8.980000 -7.600000 -11.410000 -11.020000 0.011231 -0.011231 
122	(   2.43      -1.39      -1.02     )	16.656042 -12.430000 -8.610000 -8.980000 -7.570000 -11.390000 -11.020000 -0.035206 0.035206 
123	(   2.45      -1.39      -1.03     )	16.864896 -12.450000 -8.610000 -8.970000 -7.550000 -11.390000 -11.030000 0.066513 -0.066513 
124	(   2.45      -1.39      -1.02     )	16.866842 -12.450000 -8.610000 -8.980000 -7.550000 -11.390000 -11.020000 0.023436 -0.023436 
125	(   2.26      -1.44      -1.02     )	15.308717 -12.260000 -8.560000 -8.980000 -7.740000 -11.440000 -11.020000 -0.213873 0.213873 
126	(   2.31      -1.27      -1.1      )	14.533335 -12.310000 -8.730000 -8.900000 -7.690000 -11.270000 -11.100000 -0.742742 0.742742 

BBE ( SOL ) BBO
127	(   2.43      -1.33      -0.94     )	16.205634 -12.430000 -8.670000 -9.060000 -7.570000 -11.330000 -10.940000 -0.733465 0.733465 
128	(   2.49      -1.37      -1.04     )	17.131559 -12.490000 -8.630000 -8.960000 -7.510000 -11.370000 -11.040000 0.090699 -0.090699 
129	(   2.56      -1.2887    -1.0924   )	17.247577 -12.560000 -8.711300 -8.907600 -7.440000 -11.288700 -11.092400 -0.007072 0.007072 
130	(   2.43      -1.3525    -1.0816   )	16.357592 -12.430000 -8.647500 -8.918400 -7.570000 -11.352500 -11.081600 0.001021 -0.001021 
131	(   2.38      -1.3487    -1.1124   )	15.810722 -12.380000 -8.651300 -8.887600 -7.620000 -11.348700 -11.112400 -0.002198 0.002198 
132	(   2.34      -1.3025    -1.2016   )	15.063510 -12.340000 -8.697500 -8.798400 -7.660000 -11.302500 -11.201600 0.151865 -0.151865 
133	(   2.42      -1.3925    -1.0316   )	16.568521 -12.420000 -8.607500 -8.968400 -7.580000 -11.392500 -11.031600 0.002394 -0.002394 
134	(   2.36      -1.3625    -1.1116   )	15.710569 -12.360000 -8.637500 -8.888400 -7.640000 -11.362500 -11.111600 0.025320 -0.025320 
135	(   2.44      -1.3625    -1.0616   )	16.540804 -12.440000 -8.637500 -8.938400 -7.560000 -11.362500 -11.061600 -0.002893 0.002893 
136	(   2.39      -1.3725    -1.1816   )	16.089834 -12.390000 -8.627500 -8.818400 -7.610000 -11.372500 -11.181600 0.598851 -0.598851 
137	(   2.23      -1.3625    -1.0616   )	14.427154 -12.230000 -8.637500 -8.938400 -7.770000 -11.362500 -11.061600 -0.602738 0.602738 
138	(   2.39      -1.2525    -1.0916   )	15.200576 -12.390000 -8.747500 -8.908400 -7.610000 -11.252500 -11.091600 -0.683425 0.683425 
139	(   2.58      -1.3725    -1.0016   )	18.137581 -12.580000 -8.627500 -8.998400 -7.420000 -11.372500 -11.001600 0.203866 -0.203866 
140	(   2.34      -1.3       -1.2064   )	15.045277 -12.340000 -8.700000 -8.793600 -7.660000 -11.300000 -11.206400 0.170151 -0.170151 
141	(   2.37      -1.4224    -1.0204   )	16.285314 -12.370000 -8.577600 -8.979600 -7.630000 -11.422400 -11.020400 0.006526 -0.006526 
142	(   2.38      -1.3666    -1.0888   )	15.947367 -12.380000 -8.633400 -8.911200 -7.620000 -11.366600 -11.088800 -0.012388 0.012388 
143	(   2.43      -1.3635    -1.0684   )	16.443126 -12.430000 -8.636500 -8.931600 -7.570000 -11.363500 -11.068400 0.008024 -0.008024 
144	(   2.33      -1.3928    -1.0898   )	15.636569 -12.330000 -8.607200 -8.910200 -7.670000 -11.392800 -11.089800 0.017853 -0.017853 
145	(   2.35      -1.3025    -1.0844   )	15.165519 -12.350000 -8.697500 -8.915600 -7.650000 -11.302500 -11.084400 -0.523055 0.523055 
146	(   2.42      -1.3547    -1.0316   )	16.275658 -12.420000 -8.645300 -8.968400 -7.580000 -11.354700 -11.031600 -0.248909 0.248909 
147	(   2.44      -1.3511    -1.084    )	16.451129 -12.440000 -8.648900 -8.916000 -7.560000 -11.351100 -11.084000 0.032266 -0.032266 
148	(   2.4219    -1.3608    -1.0752   )	16.337272 -12.421900 -8.639200 -8.924800 -7.578100 -11.360800 -11.075200 0.000540 -0.000540 
149	(   2.4019    -1.3857    -1.056    )	16.323054 -12.401900 -8.614300 -8.944000 -7.598100 -11.385700 -11.056000 0.014831 -0.014831 
150	(   2.5019    -1.3395    -1.0558   )	17.018536 -12.501900 -8.660500 -8.944200 -7.498100 -11.339500 -11.055800 -0.009094 0.009094 
151	(   2.4019    -1.3155    -1.1479   )	15.785175 -12.401900 -8.684500 -8.852100 -7.598100 -11.315500 -11.147900 0.052110 -0.052110 
152	(   2.4119    -1.3733    -1.0607   )	16.330750 -12.411900 -8.626700 -8.939300 -7.588100 -11.373300 -11.060700 -0.016196 0.016196 
153	(   2.5219    -1.3464    -1.0252   )	17.290568 -12.521900 -8.653600 -8.974800 -7.478100 -11.346400 -11.025200 -0.044383 0.044383 
154	(   2.4419    -1.3108    -1.1008   )	16.163778 -12.441900 -8.689200 -8.899200 -7.558100 -11.310800 -11.100800 -0.136712 0.136712 
155	(   2.5219    -1.3927    -1.1148   )	17.646237 -12.521900 -8.607300 -8.885200 -7.478100 -11.392700 -11.114800 0.715270 -0.715270 
156	(   2.2919    -1.3975    -1.0635   )	15.293123 -12.291900 -8.602500 -8.936500 -7.708100 -11.397500 -11.063500 -0.195412 0.195412 
157	(   2.3976    -1.3857    -1.056    )	16.278461 -12.397600 -8.614300 -8.944000 -7.602400 -11.385700 -11.056000 0.002274 -0.002274 
158	(   2.4235    -1.3657    -1.0676   )	16.392286 -12.423500 -8.634300 -8.932400 -7.576500 -11.365700 -11.067600 0.000093 -0.000093 
159	(   2.4703    -1.3706    -1.0372   )	16.926650 -12.470300 -8.629400 -8.962800 -7.529700 -11.370600 -11.037200 0.025538 -0.025538 
160	(   2.4026    -1.3542    -1.0936   )	16.085445 -12.402600 -8.645800 -8.906400 -7.597400 -11.354200 -11.093600 -0.003692 0.003692 
161	(   2.3735    -1.353     -1.0856   )	15.778417 -12.373500 -8.647000 -8.914400 -7.626500 -11.353000 -11.085600 -0.135263 0.135263 
162	(   2.3964    -1.3543    -1.0476   )	16.026532 -12.396400 -8.645700 -8.952400 -7.603600 -11.354300 -11.047600 -0.246504 0.246504 
163	(   2.385     -1.3857    -1.0646   )	16.147034 -12.385000 -8.614300 -8.935400 -7.615000 -11.385700 -11.064600 0.006486 -0.006486 
164	(   2.4293    -1.3661    -1.0667   )	16.455995 -12.429300 -8.633900 -8.933300 -7.570700 -11.366100 -11.066700 0.014990 -0.014990 
165	(   2.4283    -1.3804    -1.0448   )	16.558922 -12.428300 -8.619600 -8.955200 -7.571700 -11.380400 -11.044800 0.004401 -0.004401 
166	(   2.4043    -1.377     -1.0636   )	16.279935 -12.404300 -8.623000 -8.936400 -7.595700 -11.377000 -11.063600 0.000237 -0.000237 

BBE ( SOL ) BBO
167	(   2.4031    -1.3832    -1.056    )	16.316219 -12.403100 -8.616800 -8.944000 -7.596900 -11.383200 -11.056000 0.001700 -0.001700 
168	(   2.4233    -1.3602    -1.0752   )	16.347253 -12.423300 -8.639800 -8.924800 -7.576700 -11.360200 -11.075200 0.000577 -0.000577 
169	(   2.3735    -1.3663    -1.0655   )	15.880793 -12.373500 -8.633700 -8.934500 -7.626500 -11.366300 -11.065500 -0.149465 0.149465 
170	(   2.4172    -1.3528    -1.0876   )	16.226302 -12.417200 -8.647200 -8.912400 -7.582800 -11.352800 -11.087600 -0.002610 0.002610 
171	(   2.4253    -1.3457    -1.0547   )	16.259092 -12.425300 -8.654300 -8.945300 -7.574700 -11.345700 -11.054700 -0.187928 0.187928 
172	(   2.4273    -1.3728    -1.0571   )	16.487879 -12.427300 -8.627200 -8.942900 -7.572700 -11.372800 -11.057100 0.007818 -0.007818 
173	(   2.4218    -1.3617    -1.0739   )	16.343248 -12.421800 -8.638300 -8.926100 -7.578200 -11.361700 -11.073900 -0.000263 0.000263 
174	(   2.4112    -1.3755    -1.0615   )	16.340304 -12.411200 -8.624500 -8.938500 -7.588800 -11.375500 -11.061500 0.000189 -0.000189 
175	(   2.4139    -1.3718    -1.065    )	16.339497 -12.413900 -8.628200 -8.935000 -7.586100 -11.371800 -11.065000 0.000288 -0.000288 
176	(   2.4035    -1.3713    -1.0656   )	16.227661 -12.403500 -8.628700 -8.934400 -7.596500 -11.371300 -11.065600 -0.030078 0.030078 
177	(   2.4089    -1.3557    -1.0765   )	16.163289 -12.408900 -8.644300 -8.923500 -7.591100 -11.355700 -11.076500 -0.063431 0.063431 
178	(   2.4193    -1.3584    -1.0576   )	16.293617 -12.419300 -8.641600 -8.942400 -7.580700 -11.358400 -11.057600 -0.108044 0.108044 
179	(   2.4248    -1.3656    -1.0677   )	16.405063 -12.424800 -8.634400 -8.932300 -7.575200 -11.365600 -11.067700 0.003642 -0.003642 
180	(   2.4267    -1.364503  -1.067293 )	16.416497 -12.426700 -8.635497 -8.932707 -7.573300 -11.364503 -11.067293 -0.000163 0.000163 
181	(   2.4366    -1.360135  -1.067329 )	16.486367 -12.436600 -8.639865 -8.932671 -7.563400 -11.360135 -11.067329 -0.000654 0.000654 
182	(   2.4124    -1.372784  -1.064532 )	16.331520 -12.412400 -8.627216 -8.935468 -7.587600 -11.372784 -11.064532 0.000220 -0.000220 
183	(   2.4172    -1.3607    -1.066444 )	16.288481 -12.417200 -8.639300 -8.933556 -7.582800 -11.360700 -11.066444 -0.056526 0.056526 
184	(   2.4135    -1.368376  -1.06961  )	16.308536 -12.413500 -8.631624 -8.930390 -7.586500 -11.368376 -11.069610 -0.001090 0.001090 
185	(   2.4214    -1.36751   -1.0626   )	16.384860 -12.421400 -8.632490 -8.937400 -7.578600 -11.367510 -11.062600 -0.018111 0.018111 
186	(   2.4286    -1.36479   -1.0695   )	16.438309 -12.428600 -8.635210 -8.930500 -7.571400 -11.364790 -11.069500 0.017943 -0.017943 
187	(   2.421448  -1.365161  -1.068189 )	16.366700 -12.421448 -8.634839 -8.931811 -7.578552 -11.365161 -11.068189 -0.006482 0.006482 
188	(   2.428533  -1.364351  -1.066397 )	16.434557 -12.428533 -8.635649 -8.933603 -7.571467 -11.364351 -11.066397 -0.000276 0.000276 
189	(   2.416433  -1.370676  -1.064998 )	16.357208 -12.416433 -8.629324 -8.935002 -7.583567 -11.370676 -11.064998 0.000129 -0.000129 
190	(   2.422309  -1.366072  -1.0656   )	16.382945 -12.422309 -8.633928 -8.934400 -7.577691 -11.366072 -11.065600 -0.010565 0.010565 
191	(   2.424639  -1.3637    -1.06712  )	16.388846 -12.424639 -8.636300 -8.932880 -7.575361 -11.363700 -11.067120 -0.012214 0.012214 
192	(   2.4185    -1.365154  -1.067975 )	16.335979 -12.418500 -8.634846 -8.932025 -7.581500 -11.365154 -11.067975 -0.016013 0.016013 
193	(   2.423551  -1.365722  -1.067621 )	16.392984 -12.423551 -8.634278 -8.932379 -7.576449 -11.365722 -11.067621 0.000487 -0.000487 
194	(   2.426686  -1.365931  -1.06618  )	16.427450 -12.426686 -8.634069 -8.933820 -7.573314 -11.365931 -11.066180 0.003855 -0.003855 
195	(   2.432022  -1.361135  -1.068729 )	16.446038 -12.432022 -8.638865 -8.931271 -7.567978 -11.361135 -11.068729 -0.000261 0.000261 
196	(   2.417306  -1.369872  -1.065581 )	16.360047 -12.417306 -8.630128 -8.934419 -7.582694 -11.369872 -11.065581 0.000135 -0.000135 
197	(   2.42376   -1.366384  -1.0666   )	16.400361 -12.423760 -8.633616 -8.933400 -7.576240 -11.366384 -11.066600 0.000507 -0.000507 
198	(   2.421766  -1.3647    -1.066803 )	16.366619 -12.421766 -8.635300 -8.933197 -7.578234 -11.364700 -11.066803 -0.015363 0.015363 
199	(   2.4255    -1.365072  -1.0673   )	16.408348 -12.425500 -8.634928 -8.932700 -7.574500 -11.365072 -11.067300 0.000204 -0.000204 
200	(   2.423495  -1.365709  -1.067621 )	16.392300 -12.423495 -8.634291 -8.932379 -7.576505 -11.365709 -11.067621 0.000240 -0.000240 
201	(   2.42339   -1.366273  -1.066621 )	16.395649 -12.423390 -8.633727 -8.933379 -7.576610 -11.366273 -11.066621 -0.001184 0.001184 
202	(   2.426972  -1.364474  -1.067174 )	16.419127 -12.426972 -8.635526 -8.932826 -7.573028 -11.364474 -11.067174 -0.000151 0.000151 
203	(   2.426103  -1.364783  -1.067286 )	16.412420 -12.426103 -8.635217 -8.932714 -7.573897 -11.364783 -11.067286 -0.000051 0.000051 
204	(   2.425369  -1.364919  -1.067486 )	16.405784 -12.425369 -8.635081 -8.932514 -7.574631 -11.364919 -11.067486 -0.000281 0.000281 
205	(   2.425467  -1.365034  -1.067347 )	16.407706 -12.425467 -8.634966 -8.932653 -7.574533 -11.365034 -11.067347 0.000082 -0.000082 
206	(   2.423347  -1.365841  -1.067529 )	16.391782 -12.423347 -8.634159 -8.932471 -7.576653 -11.365841 -11.067529 0.000243 -0.000243 

BBE ( SOL ) BBO
207	(   2.425862  -1.364838  -1.067352 )	16.410318 -12.425862 -8.635162 -8.932648 -7.574138 -11.364838 -11.067352 -0.000059 0.000059 
208	(   2.428121  -1.36407   -1.067056 )	16.428021 -12.428121 -8.635930 -8.932944 -7.571879 -11.364070 -11.067056 -0.000119 0.000119 
209	(   2.424655  -1.365292  -1.067464 )	16.401211 -12.424655 -8.634708 -8.932536 -7.575345 -11.365292 -11.067464 0.000041 -0.000041 
210	(   2.420311  -1.36682   -1.067998 )	16.367622 -12.420311 -8.633180 -8.932002 -7.579689 -11.366820 -11.067998 0.000306 -0.000306 
211	(   2.425551  -1.365668  -1.066673 )	16.413531 -12.425551 -8.634332 -8.933327 -7.574449 -11.365668 -11.066673 0.001250 -0.001250 
212	(   2.425613  -1.364908  -1.067388 )	16.408258 -12.425613 -8.635092 -8.932612 -7.574387 -11.364908 -11.067388 -0.000128 0.000128 
213	(   2.425504  -1.365002  -1.067357 )	16.407849 -12.425504 -8.634998 -8.932643 -7.574496 -11.365002 -11.067357 0.000031 -0.000031 
214	(   2.425447  -1.36496   -1.066857 )	16.406980 -12.425447 -8.635040 -8.933143 -7.574553 -11.364960 -11.066857 -0.002844 0.002844 
215	(   2.425589  -1.364502  -1.067397 )	16.404888 -12.425589 -8.635498 -8.932603 -7.574411 -11.364502 -11.067397 -0.002841 0.002841 
216	(   2.426504  -1.365042  -1.067325 )	16.418594 -12.426504 -8.634958 -8.932675 -7.573496 -11.365042 -11.067325 0.003003 -0.003003 
217	(   2.424536  -1.365116  -1.067829 )	16.398574 -12.424536 -8.634884 -8.932171 -7.575464 -11.365116 -11.067829 0.000306 -0.000306 
218	(   2.428051  -1.364132  -1.067035 )	16.427774 -12.428051 -8.635868 -8.932965 -7.571949 -11.364132 -11.067035 -0.000005 0.000005 
219	(   2.427829  -1.364664  -1.066871 )	16.429565 -12.427829 -8.635336 -8.933129 -7.572171 -11.364664 -11.066871 0.002084 -0.002084 
220	(   2.427243  -1.364441  -1.0671   )	16.421705 -12.427243 -8.635559 -8.932900 -7.572757 -11.364441 -11.067100 0.000042 -0.000042 
221	(   2.426898  -1.36454   -1.067163 )	16.418860 -12.426898 -8.635460 -8.932837 -7.573102 -11.364540 -11.067163 0.000018 -0.000018 
222	(   2.427138  -1.363789  -1.067535 )	16.415555 -12.427138 -8.636211 -8.932465 -7.572862 -11.363789 -11.067535 -0.002457 0.002457 
223	(   2.427051  -1.364588  -1.066891 )	16.420853 -12.427051 -8.635412 -8.933109 -7.572949 -11.364588 -11.066891 -0.000549 0.000549 
224	(   2.427581  -1.363716  -1.066535 )	16.419722 -12.427581 -8.636284 -8.933465 -7.572419 -11.363716 -11.066535 -0.006533 0.006533 
225	(   2.42812   -1.364137  -1.067025 )	16.428534 -12.428120 -8.635863 -8.932975 -7.571880 -11.364137 -11.067025 0.000173 -0.000173 
226	(   2.435692  -1.361522  -1.066071 )	16.487665 -12.435692 -8.638478 -8.933929 -7.564308 -11.361522 -11.066071 -0.000155 0.000155 
227	(   2.42708   -1.365036  -1.06642  )	16.424655 -12.427080 -8.634964 -8.933580 -7.572920 -11.365036 -11.066420 0.000216 -0.000216 
228	(   2.426392  -1.364676  -1.06727  )	16.414611 -12.426392 -8.635324 -8.932730 -7.573608 -11.364676 -11.067270 -0.000013 0.000013 
229	(   2.425967  -1.364793  -1.067355 )	16.411071 -12.425967 -8.635207 -8.932645 -7.574033 -11.364793 -11.067355 -0.000039 0.000039 
230	(   2.429051  -1.364072  -1.066664 )	16.437793 -12.429051 -8.635928 -8.933336 -7.570949 -11.364072 -11.066664 0.000651 -0.000651 
231	(   2.428152  -1.363632  -1.067184 )	16.424969 -12.428152 -8.636368 -8.932816 -7.571848 -11.363632 -11.067184 -0.002305 0.002305 
232	(   2.427262  -1.363944  -1.066535 )	16.418142 -12.427262 -8.636056 -8.933465 -7.572738 -11.363944 -11.066535 -0.005938 0.005938 
233	(   2.428048  -1.36414   -1.067043 )	16.427799 -12.428048 -8.635860 -8.932957 -7.571952 -11.364140 -11.067043 0.000071 -0.000071 
234	(   2.427243  -1.364366  -1.066797 )	16.421160 -12.427243 -8.635634 -8.933203 -7.572757 -11.364366 -11.066797 -0.001930 0.001930 
235	(   2.428723  -1.363896  -1.066956 )	16.432988 -12.428723 -8.636104 -8.933044 -7.571277 -11.363896 -11.066956 -0.000034 0.000034 
236	(   2.426309  -1.364726  -1.067257 )	16.414131 -12.426309 -8.635274 -8.932743 -7.573691 -11.364726 -11.067257 0.000016 -0.000016 
237	(   2.427861  -1.364332  -1.067197 )	16.427317 -12.427861 -8.635668 -8.932803 -7.572139 -11.364332 -11.067197 0.001561 -0.001561 
238	(   2.427551  -1.364192  -1.066868 )	16.423030 -12.427551 -8.635808 -8.933132 -7.572449 -11.364192 -11.066868 -0.001857 0.001857 
239	(   2.428531  -1.364332  -1.066878 )	16.434341 -12.428531 -8.635668 -8.933122 -7.571469 -11.364332 -11.066878 0.001926 -0.001926 
240	(   2.42809   -1.363876  -1.067332 )	16.426175 -12.428090 -8.636124 -8.932668 -7.571910 -11.363876 -11.067332 -0.000152 0.000152 
241	(   2.428094  -1.364077  -1.067101 )	16.427792 -12.428094 -8.635923 -8.932899 -7.571906 -11.364077 -11.067101 0.000071 -0.000071 
242	(   2.428539  -1.363938  -1.067003 )	16.431376 -12.428539 -8.636062 -8.932997 -7.571461 -11.363938 -11.067003 -0.000056 0.000056 
243	(   2.427567  -1.364315  -1.067076 )	16.424122 -12.427567 -8.635685 -8.932924 -7.572433 -11.364315 -11.067076 0.000018 -0.000018 
244	(   2.426287  -1.364762  -1.067227 )	16.414187 -12.426287 -8.635238 -8.932773 -7.573713 -11.364762 -11.067227 0.000052 -0.000052 
245	(   2.428114  -1.364113  -1.067024 )	16.428286 -12.428114 -8.635887 -8.932976 -7.571886 -11.364113 -11.067024 -0.000011 0.000011 
246	(   2.428008  -1.364032  -1.06707  )	16.426548 -12.428008 -8.635968 -8.932930 -7.571992 -11.364032 -11.067070 -0.000626 0.000626 

BBE ( SOL ) BBO
247	(   2.427992  -1.364105  -1.066935 )	16.426957 -12.427992 -8.635895 -8.933065 -7.572008 -11.364105 -11.066935 -0.000843 0.000843 
248	(   2.428251  -1.364103  -1.067014 )	16.429641 -12.428251 -8.635897 -8.932986 -7.571749 -11.364103 -11.067014 0.000271 -0.000271 
249	(   2.42805   -1.364134  -1.067036 )	16.427776 -12.428050 -8.635866 -8.932964 -7.571950 -11.364134 -11.067036 0.000007 -0.000007 
250	(   2.427999  -1.364104  -1.067101 )	16.427006 -12.427999 -8.635896 -8.932899 -7.572001 -11.364104 -11.067101 -0.000020 0.000020 
251	(   2.428577  -1.363937  -1.066988 )	16.431769 -12.428577 -8.636063 -8.933012 -7.571423 -11.363937 -11.066988 -0.000025 0.000025 
252	(   2.427819  -1.364221  -1.067054 )	16.426034 -12.427819 -8.635779 -8.932946 -7.572181 -11.364221 -11.067054 0.000007 -0.000007 
253	(   2.427833  -1.364212  -1.06706  )	16.426103 -12.427833 -8.635788 -8.932940 -7.572167 -11.364212 -11.067060 0.000017 -0.000017 
254	(   2.428044  -1.364137  -1.067033 )	16.427740 -12.428044 -8.635863 -8.932967 -7.571956 -11.364137 -11.067033 -0.000004 0.000004 
255	(   2.427893  -1.364193  -1.067045 )	16.426590 -12.427893 -8.635807 -8.932955 -7.572107 -11.364193 -11.067045 -0.000008 0.000008 
256	(   2.428011  -1.364149  -1.067039 )	16.427479 -12.428011 -8.635851 -8.932961 -7.571989 -11.364149 -11.067039 0.000003 -0.000003 
257	(   2.428251  -1.364058  -1.067017 )	16.429296 -12.428251 -8.635942 -8.932983 -7.571749 -11.364058 -11.067017 -0.000011 0.000011 
258	(   2.427927  -1.36418   -1.067045 )	16.426849 -12.427927 -8.635820 -8.932955 -7.572073 -11.364180 -11.067045 0.000003 -0.000003 
259	(   2.427677  -1.364274  -1.067063 )	16.424959 -12.427677 -8.635726 -8.932937 -7.572323 -11.364274 -11.067063 0.000001 -0.000001 
260	(   2.426926  -1.364557  -1.067119 )	16.419288 -12.426926 -8.635443 -8.932881 -7.573074 -11.364557 -11.067119 -0.000003 0.000003 
261	(   2.427607  -1.364299  -1.067071 )	16.424415 -12.427607 -8.635701 -8.932929 -7.572393 -11.364299 -11.067071 -0.000000 0.000000 
262	(   2.427397  -1.364373  -1.067093 )	16.422789 -12.427397 -8.635627 -8.932907 -7.572603 -11.364373 -11.067093 -0.000005 0.000005 
263	(   2.427063  -1.364581  -1.067007 )	16.420911 -12.427063 -8.635419 -8.932993 -7.572937 -11.364581 -11.067007 0.000001 -0.000001 
264	(   2.425221  -1.3655    -1.066839 )	16.408776 -12.425221 -8.634500 -8.933161 -7.574779 -11.365500 -11.066839 -0.000003 0.000003 
265	(   2.427397  -1.364373  -1.067093 )	16.422792 -12.427397 -8.635627 -8.932907 -7.572603 -11.364373 -11.067093 -0.000002 0.000002 
266	(   2.424739  -1.365436  -1.067211 )	16.403215 -12.424739 -8.634564 -8.932789 -7.575261 -11.365436 -11.067211 0.000000 -0.000000 
267	(   2.417767  -1.368001  -1.067823 )	16.350219 -12.417767 -8.631999 -8.932177 -7.582233 -11.368001 -11.067823 -0.000041 0.000041 
268	(   2.425221  -1.3655    -1.066839 )	16.408776 -12.425221 -8.634500 -8.933161 -7.574779 -11.365500 -11.066839 -0.000002 0.000002 
269	(   2.423986  -1.365766  -1.067206 )	16.397899 -12.423986 -8.634234 -8.932794 -7.576014 -11.365766 -11.067206 0.000004 -0.000004 
270	(   2.42457   -1.364434  -1.068671 )	16.393600 -12.424570 -8.635566 -8.931329 -7.575430 -11.364434 -11.068671 -0.000003 0.000003 
271	(   2.425262  -1.365269  -1.067129 )	16.407395 -12.425262 -8.634731 -8.932871 -7.574738 -11.365269 -11.067129 -0.000006 0.000006 
272	(   2.427073  -1.364523  -1.06708  )	16.420562 -12.427073 -8.635477 -8.932920 -7.572927 -11.364523 -11.067080 -0.000000 0.000000 
273	(   2.419739  -1.366006  -1.068028 )	16.355405 -12.419739 -8.633994 -8.931972 -7.580261 -11.366006 -11.068028 -0.006578 0.006578 
274	(   2.42079   -1.36563   -1.066211 )	16.363655 -12.420790 -8.634370 -8.933789 -7.579210 -11.365630 -11.066211 -0.014884 0.014884 
275	(   2.423633  -1.363436  -1.067289 )	16.376311 -12.423633 -8.636564 -8.932711 -7.576367 -11.363436 -11.067289 -0.016016 0.016016 
276	(   2.423846  -1.362581  -1.067311 )	16.371965 -12.423846 -8.637419 -8.932689 -7.576154 -11.362581 -11.067311 -0.020949 0.020949 
277	(   2.43028   -1.366581  -1.066703 )	16.469938 -12.430280 -8.633419 -8.933297 -7.569720 -11.366581 -11.066703 0.021006 -0.021006 
278	(   2.429692  -1.365924  -1.067272 )	16.458672 -12.429692 -8.634076 -8.932728 -7.570308 -11.365924 -11.067272 0.017723 -0.017723 
279	(   2.417767  -1.368001  -1.067823 )	16.350219 -12.417767 -8.631999 -8.932177 -7.582233 -11.368001 -11.067823 -0.000041 0.000041 
280	(   2.426337  -1.365372  -1.066356 )	16.419486 -12.426337 -8.634628 -8.933644 -7.573663 -11.365372 -11.066356 -0.000000 0.000000 
281	(   2.426427  -1.363987  -1.068189 )	16.409585 -12.426427 -8.636013 -8.931811 -7.573573 -11.363987 -11.068189 -0.000001 0.000001 
282	(   2.431491  -1.35964   -1.071122 )	16.428767 -12.431491 -8.640360 -8.928878 -7.568509 -11.359640 -11.071122 0.000056 -0.000056 
283	(   2.420397  -1.365689  -1.069418 )	16.359675 -12.420397 -8.634311 -8.930582 -7.579603 -11.365689 -11.069418 -0.000002 0.000002 
284	(   2.425725  -1.364787  -1.067514 )	16.408479 -12.425725 -8.635213 -8.932486 -7.574275 -11.364787 -11.067514 0.000000 -0.000000 
285	(   2.424128  -1.365874  -1.066974 )	16.400235 -12.424128 -8.634126 -8.933026 -7.575872 -11.365874 -11.066974 -0.000002 0.000002 
286	(   2.426337  -1.364861  -1.067053 )	16.415482 -12.426337 -8.635139 -8.932947 -7.573663 -11.364861 -11.067053 0.000000 -0.000000 

BBE ( SOL ) BBO
287	(   2.42089   -1.367436  -1.06757  )	16.378425 -12.420890 -8.632564 -8.932430 -7.579110 -11.367436 -11.067570 0.003953 -0.003953 
288	(   2.419739  -1.364371  -1.066549 )	16.343012 -12.419739 -8.635629 -8.933451 -7.580261 -11.364371 -11.066549 -0.024572 0.024572 
289	(   2.42307   -1.364205  -1.068211 )	16.376253 -12.423070 -8.635795 -8.931789 -7.576930 -11.364205 -11.068211 -0.008054 0.008054 
290	(   2.425833  -1.364098  -1.067189 )	16.404345 -12.425833 -8.635902 -8.932811 -7.574167 -11.364098 -11.067189 -0.005834 0.005834 
291	(   2.427021  -1.363876  -1.069189 )	16.414827 -12.427021 -8.636124 -8.930811 -7.572979 -11.363876 -11.069189 0.005846 -0.005846 
292	(   2.430966  -1.364713  -1.066964 )	16.462698 -12.430966 -8.635287 -8.933036 -7.569034 -11.364713 -11.066964 0.011838 -0.011838 
293	(   2.424918  -1.365332  -1.067247 )	16.404278 -12.424918 -8.634668 -8.932753 -7.575082 -11.365332 -11.067247 -0.000001 0.000001 
294	(   2.425455  -1.36502   -1.067355 )	16.407470 -12.425455 -8.634980 -8.932645 -7.574545 -11.365020 -11.067355 -0.000004 0.000004 
295	(   2.423644  -1.365453  -1.067833 )	16.391861 -12.423644 -8.634547 -8.932167 -7.576356 -11.365453 -11.067833 0.000002 -0.000002 
296	(   2.424022  -1.366337  -1.066406 )	16.402751 -12.424022 -8.633663 -8.933594 -7.575978 -11.366337 -11.066406 0.000003 -0.000003 
297	(   2.424864  -1.364684  -1.068163 )	16.398639 -12.424864 -8.635316 -8.931837 -7.575136 -11.364684 -11.068163 0.000015 -0.000015 
298	(   2.425969  -1.3652    -1.066808 )	16.414275 -12.425969 -8.634800 -8.933192 -7.574031 -11.365200 -11.066808 -0.000001 0.000001 
299	(   2.422739  -1.365319  -1.067425 )	16.381442 -12.422739 -8.634681 -8.932575 -7.577261 -11.365319 -11.067425 -0.005464 0.005464 
300	(   2.42385   -1.366021  -1.066711 )	16.398494 -12.423850 -8.633979 -8.933289 -7.576150 -11.366021 -11.066711 -0.001102 0.001102 
301	(   2.424364  -1.363332  -1.067737 )	16.383085 -12.424364 -8.636668 -8.932263 -7.575636 -11.363332 -11.067737 -0.012434 0.012434 
302	(   2.424627  -1.363436  -1.067077 )	16.386694 -12.424627 -8.636564 -8.932923 -7.575373 -11.363436 -11.067077 -0.014204 0.014204 
303	(   2.425472  -1.367332  -1.066757 )	16.425491 -12.425472 -8.632668 -8.933243 -7.574528 -11.367332 -11.066757 0.012461 -0.012461 
304	(   2.426917  -1.365164  -1.067371 )	16.423829 -12.426917 -8.634836 -8.932629 -7.573083 -11.365164 -11.067371 0.005215 -0.005215 
305	(   2.424195  -1.365629  -1.067268 )	16.399019 -12.424195 -8.634371 -8.932732 -7.575805 -11.365629 -11.067268 -0.000002 0.000002 
306	(   2.426655  -1.36464   -1.067167 )	16.417090 -12.426655 -8.635360 -8.932833 -7.573345 -11.364640 -11.067167 0.000001 -0.000001 
307	(   2.424532  -1.365555  -1.067411 )	16.401949 -12.424532 -8.634445 -8.932589 -7.575468 -11.365555 -11.067411 0.001168 -0.001168 
308	(   2.425739  -1.365448  -1.067252 )	16.413734 -12.425739 -8.634552 -8.932748 -7.574261 -11.365448 -11.067252 0.003144 -0.003144 
309	(   2.424727  -1.364436  -1.067235 )	16.395402 -12.424727 -8.635564 -8.932765 -7.575273 -11.364436 -11.067235 -0.006540 0.006540 
310	(   2.423918  -1.366331  -1.067365 )	16.401515 -12.423918 -8.633669 -8.932635 -7.576082 -11.366331 -11.067365 0.004324 -0.004324 
311	(   2.425918  -1.364333  -1.067129 )	16.407043 -12.425918 -8.635667 -8.932871 -7.574082 -11.364333 -11.067129 -0.004326 0.004326 
312	(   2.424651  -1.365625  -1.067201 )	16.403751 -12.424651 -8.634375 -8.932799 -7.575349 -11.365625 -11.067201 0.000949 -0.000949 
313	(   2.425455  -1.36502   -1.067355 )	16.407468 -12.425455 -8.634980 -8.932645 -7.574545 -11.365020 -11.067355 -0.000004 0.000004 
314	(   2.424294  -1.365644  -1.06719  )	16.400176 -12.424294 -8.634356 -8.932810 -7.575706 -11.365644 -11.067190 0.000001 -0.000001 
315	(   2.422958  -1.36627   -1.067125 )	16.391065 -12.422958 -8.633730 -8.932875 -7.577042 -11.366270 -11.067125 0.000003 -0.000003 
316	(   2.422794  -1.366307  -1.06717  )	16.389635 -12.422794 -8.633693 -8.932830 -7.577206 -11.366307 -11.067170 -0.000001 0.000001 
317	(   2.418294  -1.368296  -1.067113 )	16.358048 -12.418294 -8.631704 -8.932887 -7.581706 -11.368296 -11.067113 -0.000028 0.000028 
318	(   2.42089   -1.3674    -1.066805 )	16.378232 -12.420890 -8.632600 -8.933195 -7.579110 -11.367400 -11.066805 -0.000004 0.000004 
319	(   2.422688  -1.366042  -1.067594 )	16.386447 -12.422688 -8.633958 -8.932406 -7.577312 -11.366042 -11.067594 -0.000004 0.000004 
320	(   2.422859  -1.366753  -1.067411 )	16.393713 -12.422859 -8.633247 -8.932589 -7.577141 -11.366753 -11.067411 0.004306 -0.004306 
321	(   2.424794  -1.364828  -1.067286 )	16.399109 -12.424794 -8.635172 -8.932714 -7.575206 -11.364828 -11.067286 -0.003500 0.003500 
322	(   2.425656  -1.363708  -1.067411 )	16.399479 -12.425656 -8.636292 -8.932589 -7.574344 -11.363708 -11.067411 -0.007840 0.007840 
323	(   2.422739  -1.363598  -1.067144 )	16.368255 -12.422739 -8.636402 -8.932856 -7.577261 -11.363598 -11.067144 -0.018207 0.018207 
324	(   2.420794  -1.367786  -1.067055 )	16.380171 -12.420794 -8.632214 -8.932945 -7.579206 -11.367786 -11.067055 0.003493 -0.003493 
325	(   2.425191  -1.366027  -1.06718  )	16.412476 -12.425191 -8.633973 -8.932820 -7.574809 -11.366027 -11.067180 0.005060 -0.005060 
326	(   2.422794  -1.366141  -1.067397 )	16.388335 -12.422794 -8.633859 -8.932603 -7.577206 -11.366141 -11.067397 0.000001 -0.000001 

BBE ( SOL ) BBO
327	(   2.41696   -1.368256  -1.067956 )	16.343765 -12.416960 -8.631744 -8.932044 -7.583040 -11.368256 -11.067956 -0.000025 0.000025 
328	(   2.424606  -1.36523   -1.06757  )	16.400208 -12.424606 -8.634770 -8.932430 -7.575394 -11.365230 -11.067570 0.000000 -0.000000 
329	(   2.424208  -1.364612  -1.068645 )	16.391193 -12.424208 -8.635388 -8.931355 -7.575792 -11.364612 -11.068645 0.000013 -0.000013 
330	(   2.420896  -1.367578  -1.06656  )	16.379688 -12.420896 -8.632422 -8.933440 -7.579104 -11.367578 -11.066560 0.000001 -0.000001 
331	(   2.415202  -1.371878  -1.064047 )	16.353748 -12.415202 -8.628122 -8.935953 -7.584798 -11.371878 -11.064047 -0.000045 0.000045 
332	(   2.424208  -1.36463   -1.068646 )	16.391332 -12.424208 -8.635370 -8.931354 -7.575792 -11.364630 -11.068646 0.000133 -0.000133 
333	(   2.421741  -1.366378  -1.067696 )	16.379149 -12.421741 -8.633622 -8.932304 -7.578259 -11.366378 -11.067696 0.000003 -0.000003 
334	(   2.424568  -1.36533   -1.067497 )	16.400585 -12.424568 -8.634670 -8.932503 -7.575432 -11.365330 -11.067497 0.000197 -0.000197 
335	(   2.42371   -1.36543   -1.06781  )	16.392373 -12.423710 -8.634570 -8.932190 -7.576290 -11.365430 -11.067810 -0.000075 0.000075 
336	(   2.42568   -1.36503   -1.067243 )	16.409909 -12.425680 -8.634970 -8.932757 -7.574320 -11.365030 -11.067243 0.000161 -0.000161 
337	(   2.420703  -1.35523   -1.066811 )	16.282986 -12.420703 -8.644770 -8.933189 -7.579297 -11.355230 -11.066811 -0.080722 0.080722 
338	(   2.421502  -1.36253   -1.06857  )	16.347032 -12.421502 -8.637470 -8.931430 -7.578498 -11.362530 -11.068570 -0.021850 0.021850 
339	(   2.419416  -1.366778  -1.06756  )	16.358020 -12.419416 -8.633222 -8.932440 -7.580584 -11.366778 -11.067560 -0.004680 0.004680 
340	(   2.429433  -1.35523   -1.067894 )	16.373768 -12.429433 -8.644770 -8.932106 -7.570567 -11.355230 -11.067894 -0.050690 0.050690 
341	(   2.422376  -1.368378  -1.06556  )	16.401375 -12.422376 -8.631622 -8.934440 -7.577624 -11.368378 -11.065560 0.004704 -0.004704 
342	(   2.424684  -1.36553   -1.067544 )	16.403330 -12.424684 -8.634470 -8.932456 -7.575316 -11.365530 -11.067544 0.002083 -0.002083 
343	(   2.415202  -1.371889  -1.064047 )	16.353833 -12.415202 -8.628111 -8.935953 -7.584798 -11.371889 -11.064047 0.000029 -0.000029 
344	(   2.41724   -1.369797  -1.065695 )	16.358768 -12.417240 -8.630203 -8.934305 -7.582760 -11.369797 -11.065695 -0.000004 0.000004 
345	(   2.420703  -1.367482  -1.066805 )	16.376913 -12.420703 -8.632518 -8.933195 -7.579297 -11.367482 -11.066805 0.000001 -0.000001 
346	(   2.408993  -1.374282  -1.06451  )	16.307636 -12.408993 -8.625718 -8.935490 -7.591007 -11.374282 -11.064510 0.000197 -0.000197 
347	(   2.4139    -1.371782  -1.064998 )	16.339356 -12.413900 -8.628218 -8.935002 -7.586100 -11.371782 -11.064998 0.000156 -0.000156 
348	(   2.432009  -1.36263   -1.066755 )	16.457593 -12.432009 -8.637370 -8.933245 -7.567991 -11.362630 -11.066755 -0.000011 0.000011 
349	(   2.419606  -1.36513   -1.067558 )	16.347348 -12.419606 -8.634870 -8.932442 -7.580394 -11.365130 -11.067558 -0.015038 0.015038 
350	(   2.415703  -1.366482  -1.066865 )	16.317194 -12.415703 -8.633518 -8.933135 -7.584297 -11.366482 -11.066865 -0.020662 0.020662 
351	(   2.424569  -1.35753   -1.06857  )	16.340641 -12.424569 -8.642470 -8.931430 -7.575431 -11.357530 -11.068570 -0.046064 0.046064 
352	(   2.424681  -1.35523   -1.066803 )	16.324363 -12.424681 -8.644770 -8.933197 -7.575319 -11.355230 -11.066803 -0.069476 0.069476 
353	(   2.425703  -1.368482  -1.066745 )	16.436755 -12.425703 -8.631518 -8.933255 -7.574297 -11.368482 -11.066745 0.020696 -0.020696 
354	(   2.427594  -1.37013   -1.067341 )	16.469137 -12.427594 -8.629870 -8.932659 -7.572406 -11.370130 -11.067341 0.039981 -0.039981 
355	(   2.408993  -1.374238  -1.06451  )	16.307298 -12.408993 -8.625762 -8.935490 -7.591007 -11.374238 -11.064510 -0.000092 0.000092 
356	(   2.420791  -1.366759  -1.067737 )	16.372172 -12.420791 -8.633241 -8.932263 -7.579209 -11.366759 -11.067737 0.000001 -0.000001 
357	(   2.421054  -1.364559  -1.070534 )	16.357732 -12.421054 -8.635441 -8.929466 -7.578946 -11.364559 -11.070534 -0.000120 0.000120 
358	(   2.417458  -1.367859  -1.06816  )	16.345877 -12.417458 -8.632141 -8.931840 -7.582542 -11.367859 -11.068160 -0.000225 0.000225 
359	(   2.42346   -1.36463   -1.069074 )	16.383492 -12.423460 -8.635370 -8.930926 -7.576540 -11.364630 -11.069074 0.000083 -0.000083 
360	(   2.42397   -1.35523   -1.067817 )	16.316866 -12.423970 -8.644770 -8.932183 -7.576030 -11.355230 -11.067817 -0.066562 0.066562 
361	(   2.424129  -1.36353   -1.06657  )	16.382280 -12.424129 -8.636470 -8.933430 -7.575871 -11.363530 -11.066570 -0.017471 0.017471 
362	(   2.426606  -1.36163   -1.067393 )	16.393431 -12.426606 -8.638370 -8.932607 -7.573394 -11.361630 -11.067393 -0.018955 0.018955 
363	(   2.42235   -1.356759  -1.067225 )	16.311766 -12.422350 -8.643241 -8.932775 -7.577650 -11.356759 -11.067225 -0.063993 0.063993 
364	(   2.419232  -1.376759  -1.068249 )	16.432821 -12.419232 -8.623241 -8.931751 -7.580768 -11.376759 -11.068249 0.064396 -0.064396 
365	(   2.424386  -1.36583   -1.067621 )	16.402518 -12.424386 -8.634170 -8.932379 -7.575614 -11.365830 -11.067621 0.003590 -0.003590 
366	(   2.421054  -1.36459   -1.070534 )	16.357970 -12.421054 -8.635410 -8.929466 -7.578946 -11.364590 -11.070534 0.000084 -0.000084 

BBE ( SOL ) BBO
367	(   2.420902  -1.366746  -1.067689 )	16.373237 -12.420902 -8.633254 -8.932311 -7.579098 -11.366746 -11.067689 0.000001 -0.000001 
368	(   2.423694  -1.365579  -1.067632 )	16.393372 -12.423694 -8.634421 -8.932368 -7.576306 -11.365579 -11.067632 0.000000 -0.000000 
369	(   2.421054  -1.36459   -1.070534 )	16.357970 -12.421054 -8.635410 -8.929466 -7.578946 -11.364590 -11.070534 0.000085 -0.000085 
370	(   2.420957  -1.366626  -1.067818 )	16.372873 -12.420957 -8.633374 -8.932182 -7.579043 -11.366626 -11.067818 -0.000009 0.000009 
371	(   2.419958  -1.366993  -1.06791  )	16.365277 -12.419958 -8.633007 -8.932090 -7.580042 -11.366993 -11.067910 0.000003 -0.000003 
372	(   2.425495  -1.363493  -1.069404 )	16.395943 -12.425495 -8.636507 -8.930596 -7.574505 -11.363493 -11.069404 -0.000001 0.000001 
373	(   2.422968  -1.366043  -1.067428 )	16.389389 -12.422968 -8.633957 -8.932572 -7.577032 -11.366043 -11.067428 -0.000001 0.000001 
374	(   2.425036  -1.365101  -1.067493 )	16.403708 -12.425036 -8.634899 -8.932507 -7.574964 -11.365101 -11.067493 0.000003 -0.000003 
375	(   2.418791  -1.364924  -1.067471 )	16.337290 -12.418791 -8.635076 -8.932529 -7.581209 -11.364924 -11.067471 -0.019155 0.019155 
376	(   2.423323  -1.363569  -1.066632 )	16.374171 -12.423323 -8.636431 -8.933368 -7.576677 -11.363569 -11.066632 -0.019217 0.019217 
377	(   2.422816  -1.360579  -1.068115 )	16.345796 -12.422816 -8.639421 -8.931885 -7.577184 -11.360579 -11.068115 -0.033187 0.033187 
378	(   2.421694  -1.367792  -1.06764  )	16.389531 -12.421694 -8.632208 -8.932360 -7.578306 -11.367792 -11.067640 0.008958 -0.008958 
379	(   2.422791  -1.368594  -1.068003 )	16.407093 -12.422791 -8.631406 -8.931997 -7.577209 -11.368594 -11.068003 0.019193 -0.019193 
380	(   2.424174  -1.366092  -1.067558 )	16.402325 -12.424174 -8.633908 -8.932442 -7.575826 -11.366092 -11.067558 0.004413 -0.004413 
381	(   2.420957  -1.366626  -1.067818 )	16.372873 -12.420957 -8.633374 -8.932182 -7.579043 -11.366626 -11.067818 -0.000007 0.000007 
382	(   2.418821  -1.367326  -1.068127 )	16.355973 -12.418821 -8.632674 -8.931873 -7.581179 -11.367326 -11.068127 -0.000001 0.000001 
383	(   2.412912  -1.369027  -1.069296 )	16.307451 -12.412912 -8.630973 -8.930704 -7.587088 -11.369027 -11.069296 -0.000019 0.000019 
384	(   2.418934  -1.36868   -1.066217 )	16.367760 -12.418934 -8.631320 -8.933783 -7.581066 -11.368680 -11.066217 -0.000001 0.000001 
385	(   2.427466  -1.363324  -1.068479 )	16.415303 -12.427466 -8.636676 -8.931521 -7.572534 -11.363324 -11.068479 -0.000003 0.000003 
386	(   2.421694  -1.36642   -1.066854 )	16.379072 -12.421694 -8.633580 -8.933146 -7.578306 -11.366420 -11.066854 -0.003948 0.003948 
387	(   2.416821  -1.367099  -1.067646 )	16.333470 -12.416821 -8.632901 -8.932354 -7.583179 -11.367099 -11.067646 -0.009583 0.009583 
388	(   2.421962  -1.362961  -1.068632 )	16.355120 -12.421962 -8.637039 -8.931368 -7.578038 -11.362961 -11.068632 -0.017388 0.017388 
389	(   2.42398   -1.360579  -1.067232 )	16.358008 -12.423980 -8.639421 -8.932768 -7.576020 -11.360579 -11.067232 -0.034167 0.034167 
390	(   2.420821  -1.367553  -1.068608 )	16.378494 -12.420821 -8.632447 -8.931392 -7.579179 -11.367553 -11.068608 0.009587 -0.009587 
391	(   2.423828  -1.365811  -1.067579 )	16.396558 -12.423828 -8.634189 -8.932421 -7.576172 -11.365811 -11.067579 0.001663 -0.001663 
392	(   2.412912  -1.369027  -1.069296 )	16.307451 -12.412912 -8.630973 -8.930704 -7.587088 -11.369027 -11.069296 -0.000019 0.000019 
393	(   2.416821  -1.368244  -1.06806  )	16.342216 -12.416821 -8.631756 -8.931940 -7.583179 -11.368244 -11.068060 0.000002 -0.000002 
394	(   2.423677  -1.365574  -1.067648 )	16.393155 -12.423677 -8.634426 -8.932352 -7.576323 -11.365574 -11.067648 -0.000002 0.000002 
395	(   2.422968  -1.366043  -1.067428 )	16.389389 -12.422968 -8.633957 -8.932572 -7.577032 -11.366043 -11.067428 -0.000003 0.000003 
396	(   2.425036  -1.365101  -1.067493 )	16.403708 -12.425036 -8.634899 -8.932507 -7.574964 -11.365101 -11.067493 0.000001 -0.000001 
397	(   2.423224  -1.364379  -1.067132 )	16.379307 -12.423224 -8.635621 -8.932868 -7.576776 -11.364379 -11.067132 -0.011717 0.011717 
398	(   2.422944  -1.363579  -1.068108 )	16.370145 -12.422944 -8.636421 -8.931892 -7.577056 -11.363579 -11.068108 -0.013054 0.013054 
399	(   2.424694  -1.364055  -1.067625 )	16.392090 -12.424694 -8.635945 -8.932375 -7.575306 -11.364055 -11.067625 -0.007254 0.007254 
400	(   2.418855  -1.365326  -1.068082 )	16.340979 -12.418855 -8.634674 -8.931918 -7.581145 -11.365326 -11.068082 -0.013344 0.013344 
401	(   2.418787  -1.369326  -1.068172 )	16.370979 -12.418787 -8.630674 -8.931828 -7.581213 -11.369326 -11.068172 0.013361 -0.013361 
402	(   2.423474  -1.366739  -1.067593 )	16.399998 -12.423474 -8.633261 -8.932407 -7.576526 -11.366739 -11.067593 0.006860 -0.006860 
403	(   2.412912  -1.369027  -1.069296 )	16.307448 -12.412912 -8.630973 -8.930704 -7.587088 -11.369027 -11.069296 -0.000020 0.000020 
404	(   2.420957  -1.366626  -1.067818 )	16.372877 -12.420957 -8.633374 -8.932182 -7.579043 -11.366626 -11.067818 -0.000006 0.000006 
405	(   2.418793  -1.368926  -1.068053 )	16.367984 -12.418793 -8.631074 -8.931947 -7.581207 -11.368926 -11.068053 0.010150 -0.010150 
406	(   2.423747  -1.365476  -1.067741 )	16.393126 -12.423747 -8.634524 -8.932259 -7.576253 -11.365476 -11.067741 0.000000 -0.000000 

BBE ( SOL ) BBO
407	(   2.423907  -1.365167  -1.068066 )	16.392386 -12.423907 -8.634833 -8.931934 -7.576093 -11.365167 -11.068066 0.000000 -0.000000 
408	(   2.424387  -1.36424   -1.069043 )	16.390168 -12.424387 -8.635760 -8.930957 -7.575613 -11.364240 -11.069043 0.000009 -0.000009 
409	(   2.419369  -1.368482  -1.06623  )	16.370769 -12.419369 -8.631518 -8.933770 -7.580631 -11.368482 -11.066230 0.000002 -0.000002 
410	(   2.427863  -1.362906  -1.068813 )	16.416204 -12.427863 -8.637094 -8.931187 -7.572137 -11.362906 -11.068813 -0.000002 0.000002 
411	(   2.422959  -1.365585  -1.068056 )	16.385716 -12.422959 -8.634415 -8.931944 -7.577041 -11.365585 -11.068056 0.000003 -0.000003 
412	(   2.424194  -1.365319  -1.067691 )	16.396585 -12.424194 -8.634681 -8.932309 -7.575806 -11.365319 -11.067691 0.000002 -0.000002 
413	(   2.421907  -1.365788  -1.067468 )	16.376374 -12.421907 -8.634212 -8.932532 -7.578093 -11.365788 -11.067468 -0.004532 0.004532 
414	(   2.418827  -1.36593   -1.067127 )	16.345424 -12.418827 -8.634070 -8.932873 -7.581173 -11.365930 -11.067127 -0.014081 0.014081 
415	(   2.424136  -1.360167  -1.067667 )	16.356434 -12.424136 -8.639833 -8.932333 -7.575864 -11.360167 -11.067667 -0.034320 0.034320 
416	(   2.422593  -1.362794  -1.069066 )	16.360370 -12.422593 -8.637206 -8.930934 -7.577407 -11.362794 -11.069066 -0.014564 0.014564 
417	(   2.418815  -1.368722  -1.069127 )	16.366526 -12.418815 -8.631278 -8.930873 -7.581185 -11.368722 -11.069127 0.014102 -0.014102 
418	(   2.424483  -1.366748  -1.067673 )	16.410586 -12.424483 -8.633252 -8.932327 -7.575517 -11.366748 -11.067673 0.010207 -0.010207 
419	(   2.424387  -1.36424   -1.069044 )	16.390168 -12.424387 -8.635760 -8.930956 -7.575613 -11.364240 -11.069044 0.000011 -0.000011 
420	(   2.419954  -1.366333  -1.068807 )	16.360070 -12.419954 -8.633667 -8.931193 -7.580046 -11.366333 -11.068807 0.000002 -0.000002 
421	(   2.424031  -1.36549   -1.067554 )	16.396214 -12.424031 -8.634510 -8.932446 -7.575969 -11.365490 -11.067554 -0.000002 0.000002 
422	(   2.422959  -1.365585  -1.068056 )	16.385716 -12.422959 -8.634415 -8.931944 -7.577041 -11.365585 -11.068056 0.000001 -0.000001 
423	(   2.424194  -1.365319  -1.067691 )	16.396585 -12.424194 -8.634681 -8.932309 -7.575806 -11.365319 -11.067691 0.000002 -0.000002 
424	(   2.422907  -1.364784  -1.068336 )	16.378992 -12.422907 -8.635216 -8.931664 -7.577093 -11.364784 -11.068336 -0.004080 0.004080 
425	(   2.417821  -1.365997  -1.068419 )	16.335334 -12.417821 -8.634003 -8.931581 -7.582179 -11.365997 -11.068419 -0.010231 0.010231 
426	(   2.423697  -1.363167  -1.067695 )	16.374875 -12.423697 -8.636833 -8.932305 -7.576303 -11.363167 -11.067695 -0.015636 0.015636 
427	(   2.424618  -1.363383  -1.068566 )	16.386044 -12.424618 -8.636617 -8.931434 -7.575382 -11.363383 -11.068566 -0.007327 0.007327 
428	(   2.419821  -1.368655  -1.067835 )	16.376628 -12.419821 -8.631345 -8.932165 -7.580179 -11.368655 -11.067835 0.010246 -0.010246 
429	(   2.423673  -1.366315  -1.067939 )	16.398781 -12.423673 -8.633685 -8.932061 -7.576327 -11.366315 -11.067939 0.006309 -0.006309 
430	(   2.418787  -1.367335  -1.068127 )	16.355689 -12.418787 -8.632665 -8.931873 -7.581213 -11.367335 -11.068127 -0.000035 0.000035 
431	(   2.423851  -1.364997  -1.068331 )	16.390464 -12.423851 -8.635003 -8.931669 -7.576149 -11.364997 -11.068331 0.000003 -0.000003 
432	(   2.42296   -1.365585  -1.068056 )	16.385719 -12.422960 -8.634415 -8.931944 -7.577040 -11.365585 -11.068056 0.000002 -0.000002 
433	(   2.424195  -1.365319  -1.067691 )	16.396587 -12.424195 -8.634681 -8.932309 -7.575805 -11.365319 -11.067691 0.000002 -0.000002 
434	(   2.418575  -1.368326  -1.068289 )	16.361075 -12.418575 -8.631674 -8.931711 -7.581425 -11.368326 -11.068289 0.006701 -0.006701 
435	(   2.423407  -1.364459  -1.067951 )	16.381747 -12.423407 -8.635541 -8.932049 -7.576593 -11.364459 -11.067951 -0.006674 0.006674 
436	(   2.424218  -1.364167  -1.068097 )	16.387939 -12.424218 -8.635833 -8.931903 -7.575782 -11.364167 -11.068097 -0.005579 0.005579 
437	(   2.423671  -1.365025  -1.068266 )	16.388807 -12.423671 -8.634975 -8.931734 -7.576329 -11.365025 -11.068266 -0.000642 0.000642 
438	(   2.419067  -1.366326  -1.067964 )	16.350873 -12.419067 -8.633674 -8.932036 -7.580933 -11.366326 -11.067964 -0.006699 0.006699 
439	(   2.424105  -1.365894  -1.06788  )	16.400055 -12.424105 -8.634106 -8.932120 -7.575895 -11.365894 -11.067880 0.004473 -0.004473 
440	(   2.418812  -1.367371  -1.068121 )	16.356232 -12.418812 -8.632629 -8.931879 -7.581188 -11.367371 -11.068121 0.000245 -0.000245 
441	(   2.423906  -1.36506   -1.068038 )	16.391560 -12.423906 -8.634940 -8.931962 -7.576094 -11.365060 -11.068038 -0.000845 0.000845 
442	(   2.42296   -1.365584  -1.068056 )	16.385716 -12.422960 -8.634416 -8.931944 -7.577040 -11.365584 -11.068056 0.000000 -0.000000 
443	(   2.422136  -1.365762  -1.068299 )	16.378473 -12.422136 -8.634238 -8.931701 -7.577864 -11.365762 -11.068299 0.000000 -0.000000 
444	(   2.419667  -1.366294  -1.069029 )	16.356757 -12.419667 -8.633706 -8.930971 -7.580333 -11.366294 -11.069029 0.000002 -0.000002 
445	(   2.418741  -1.36736   -1.068129 )	16.355401 -12.418741 -8.632640 -8.931871 -7.581259 -11.367360 -11.068129 0.000003 -0.000003 
446	(   2.423005  -1.365729  -1.068336 )	16.387269 -12.423005 -8.634271 -8.931664 -7.576995 -11.365729 -11.068336 0.002450 -0.002450 

BBE ( SOL ) BBO
447	(   2.422255  -1.365533  -1.068541 )	16.377924 -12.422255 -8.634467 -8.931459 -7.577745 -11.365533 -11.068541 0.000002 -0.000002 
448	(   2.423374  -1.36549   -1.067941 )	16.389323 -12.423374 -8.634510 -8.932059 -7.576626 -11.365490 -11.067941 -0.000002 0.000002 
449	(   2.422636  -1.365877  -1.068206 )	16.384577 -12.422636 -8.634123 -8.931794 -7.577364 -11.365877 -11.068206 0.001737 -0.001737 
450	(   2.422079  -1.364762  -1.068201 )	16.370200 -12.422079 -8.635238 -8.931799 -7.577921 -11.364762 -11.068201 -0.007260 0.007260 
451	(   2.422402  -1.365208  -1.068499 )	16.376968 -12.422402 -8.634792 -8.931501 -7.577598 -11.365208 -11.068499 -0.001927 0.001927 
452	(   2.418321  -1.366423  -1.068    )	16.343850 -12.418321 -8.633577 -8.932000 -7.581679 -11.366423 -11.068000 -0.008022 0.008022 
453	(   2.419321  -1.368229  -1.068253 )	16.368101 -12.419321 -8.631771 -8.931747 -7.580679 -11.368229 -11.068253 0.008027 -0.008027 
454	(   2.421967  -1.36629   -1.068214 )	16.380778 -12.421967 -8.633710 -8.931786 -7.578033 -11.366290 -11.068214 0.002593 -0.002593 
455	(   2.418817  -1.367322  -1.06813  )	16.355910 -12.418817 -8.632678 -8.931870 -7.581183 -11.367322 -11.068130 -0.000017 0.000017 
456	(   2.422018  -1.365667  -1.068332 )	16.376506 -12.422018 -8.634333 -8.931668 -7.577982 -11.365667 -11.068332 -0.000809 0.000809 
457	(   2.425069  -1.364524  -1.068254 )	16.399548 -12.425069 -8.635476 -8.931746 -7.574931 -11.364524 -11.068254 -0.000007 0.000007 
458	(   2.42186   -1.3662    -1.067866 )	16.379011 -12.421860 -8.633800 -8.932134 -7.578140 -11.366200 -11.067866 0.000001 -0.000001 
459	(   2.421936  -1.365814  -1.068347 )	16.376785 -12.421936 -8.634186 -8.931653 -7.578064 -11.365814 -11.068347 0.000003 -0.000003 
460	(   2.418621  -1.36773   -1.068127 )	16.356997 -12.418621 -8.632270 -8.931873 -7.581379 -11.367730 -11.068127 0.002099 -0.002099 
461	(   2.419021  -1.366921  -1.068127 )	16.354949 -12.419021 -8.633079 -8.931873 -7.580979 -11.366921 -11.068127 -0.002101 0.002101 
462	(   2.422157  -1.365262  -1.068343 )	16.374843 -12.422157 -8.634738 -8.931657 -7.577843 -11.365262 -11.068343 -0.003034 0.003034 
463	(   2.422241  -1.366008  -1.068399 )	16.381447 -12.422241 -8.633992 -8.931601 -7.577759 -11.366008 -11.068399 0.002418 -0.002418 
464	(   2.422078  -1.366086  -1.068221 )	16.380367 -12.422078 -8.633914 -8.931779 -7.577922 -11.366086 -11.068221 0.001598 -0.001598 
465	(   2.418741  -1.367359  -1.068129 )	16.355395 -12.418741 -8.632641 -8.931871 -7.581259 -11.367359 -11.068129 -0.000000 0.000000 
466	(   2.418501  -1.367458  -1.068136 )	16.353663 -12.418501 -8.632542 -8.931864 -7.581499 -11.367458 -11.068136 0.000001 -0.000001 
467	(   2.417783  -1.367756  -1.068155 )	16.348466 -12.417783 -8.632244 -8.931845 -7.582217 -11.367756 -11.068155 0.000004 -0.000004 
468	(   2.418501  -1.367458  -1.068136 )	16.353660 -12.418501 -8.632542 -8.931864 -7.581499 -11.367458 -11.068136 -0.000001 0.000001 
469	(   2.417782  -1.367755  -1.068155 )	16.348456 -12.417782 -8.632245 -8.931845 -7.582218 -11.367755 -11.068155 -0.000004 0.000004 
470	(   2.418501  -1.367458  -1.068136 )	16.353655 -12.418501 -8.632542 -8.931864 -7.581499 -11.367458 -11.068136 -0.000002 0.000002 
471	(   2.416821  -1.368073  -1.068289 )	16.340879 -12.416821 -8.631927 -8.931711 -7.583179 -11.368073 -11.068289 -0.000010 0.000010 
472	(   2.418044  -1.367656  -1.068136 )	16.350424 -12.418044 -8.632344 -8.931864 -7.581956 -11.367656 -11.068136 -0.000003 0.000003 
473	(   2.418651  -1.367303  -1.068257 )	16.354014 -12.418651 -8.632697 -8.931743 -7.581349 -11.367303 -11.068257 -0.000007 0.000007 
474	(   2.422593  -1.365701  -1.068114 )	16.382783 -12.422593 -8.634299 -8.931886 -7.577407 -11.365701 -11.068114 0.000002 -0.000002 
475	(   2.418021  -1.367631  -1.068236 )	16.349982 -12.418021 -8.632369 -8.931764 -7.581979 -11.367631 -11.068236 0.000253 -0.000253 
476	(   2.419134  -1.366359  -1.068069 )	16.351814 -12.419134 -8.633641 -8.931931 -7.580866 -11.366359 -11.068069 -0.005778 0.005778 
477	(   2.418981  -1.367285  -1.068036 )	16.357339 -12.418981 -8.632715 -8.931964 -7.581019 -11.367285 -11.068036 -0.000255 0.000255 
478	(   2.419741  -1.367322  -1.068201 )	16.365515 -12.419741 -8.632678 -8.931799 -7.580259 -11.367322 -11.068201 0.002974 -0.002974 
479	(   2.417992  -1.366465  -1.068229 )	16.340726 -12.417992 -8.633535 -8.931771 -7.582008 -11.366465 -11.068229 -0.007572 0.007572 
480	(   2.417802  -1.368675  -1.0681   )	16.355731 -12.417802 -8.631325 -8.931900 -7.582198 -11.368675 -11.068100 0.005869 -0.005869 
481	(   2.417783  -1.367755  -1.068155 )	16.348456 -12.417783 -8.632245 -8.931845 -7.582217 -11.367755 -11.068155 -0.000004 0.000004 
482	(   2.417782  -1.367755  -1.068156 )	16.348456 -12.417782 -8.632245 -8.931844 -7.582218 -11.367755 -11.068156 0.000001 -0.000001 
483	(   2.414906  -1.368943  -1.068238 )	16.327652 -12.414906 -8.631057 -8.931762 -7.585094 -11.368943 -11.068238 -0.000005 0.000005 
484	(   2.417747  -1.367909  -1.067968 )	16.349295 -12.417747 -8.632091 -8.932032 -7.582253 -11.367909 -11.067968 0.000000 -0.000000 
485	(   2.417642  -1.368371  -1.067402 )	16.351812 -12.417642 -8.631629 -8.932598 -7.582358 -11.368371 -11.067402 0.000001 -0.000001 
486	(   2.417143  -1.368125  -1.06803  )	16.344662 -12.417143 -8.631875 -8.931970 -7.582857 -11.368125 -11.068030 -0.000000 0.000000 

BBE ( SOL ) BBO
487	(   2.415226  -1.369235  -1.067653 )	16.333285 -12.415226 -8.630765 -8.932347 -7.584774 -11.369235 -11.067653 -0.000005 0.000005 
488	(   2.414907  -1.369247  -1.067826 )	16.330041 -12.414907 -8.630753 -8.932174 -7.585093 -11.369247 -11.067826 -0.000001 0.000001 
489	(   2.406282  -1.373747  -1.066835 )	16.275124 -12.406282 -8.626253 -8.933165 -7.593718 -11.373747 -11.066835 0.000085 -0.000085 
490	(   2.415226  -1.369225  -1.067652 )	16.333209 -12.415226 -8.630775 -8.932348 -7.584774 -11.369225 -11.067652 -0.000074 0.000074 
491	(   2.414724  -1.368647  -1.068791 )	16.323428 -12.414724 -8.631353 -8.931209 -7.585276 -11.368647 -11.068791 0.000212 -0.000212 
492	(   2.41898   -1.366725  -1.068827 )	16.352945 -12.418980 -8.633275 -8.931173 -7.581020 -11.366725 -11.068827 -0.000098 0.000098 
493	(   2.413618  -1.369825  -1.067785 )	16.321083 -12.413618 -8.630175 -8.932215 -7.586382 -11.369825 -11.067785 -0.000082 0.000082 
494	(   2.420006  -1.366825  -1.06817  )	16.364465 -12.420006 -8.633175 -8.931830 -7.579994 -11.366825 -11.068170 0.000300 -0.000300 
495	(   2.412143  -1.368125  -1.067933 )	16.292698 -12.412143 -8.631875 -8.932067 -7.587857 -11.368125 -11.067933 -0.014832 0.014832 
496	(   2.417152  -1.358125  -1.067995 )	16.268125 -12.417152 -8.641875 -8.932005 -7.582848 -11.358125 -11.067995 -0.066042 0.066042 
497	(   2.416658  -1.367725  -1.06903  )	16.336438 -12.416658 -8.632275 -8.930970 -7.583342 -11.367725 -11.069030 0.000842 -0.000842 
498	(   2.416915  -1.359247  -1.067434 )	16.274302 -12.416915 -8.640753 -8.932566 -7.583085 -11.359247 -11.067434 -0.062082 0.062082 
499	(   2.412899  -1.379247  -1.068218 )	16.386017 -12.412899 -8.620753 -8.931782 -7.587101 -11.379247 -11.068218 0.062455 -0.062455 
500	(   2.417274  -1.368325  -1.067864 )	16.347579 -12.417274 -8.631675 -8.932136 -7.582726 -11.368325 -11.067864 0.000890 -0.000890 
501	(   2.406282  -1.373723  -1.066834 )	16.274940 -12.406282 -8.626277 -8.933166 -7.593718 -11.373723 -11.066834 -0.000075 0.000075 
502	(   2.414334  -1.369493  -1.067831 )	16.325972 -12.414334 -8.630507 -8.932169 -7.585666 -11.369493 -11.067831 0.000002 -0.000002 
503	(   2.417412  -1.36727   -1.06903  )	16.340790 -12.417412 -8.632730 -8.930970 -7.582588 -11.367270 -11.069030 -0.000001 0.000001 
504	(   2.413618  -1.369833  -1.067786 )	16.321144 -12.413618 -8.630167 -8.932214 -7.586382 -11.369833 -11.067786 -0.000029 0.000029 
505	(   2.420006  -1.36678   -1.068171 )	16.364119 -12.420006 -8.633220 -8.931829 -7.579994 -11.366780 -11.068171 0.000004 -0.000004 
506	(   2.415143  -1.366505  -1.068101 )	16.311424 -12.415143 -8.633495 -8.931899 -7.584857 -11.366505 -11.068101 -0.016097 0.016097 
507	(   2.417999  -1.363706  -1.06853  )	16.319609 -12.417999 -8.636294 -8.931470 -7.582001 -11.363706 -11.068530 -0.024294 0.024294 
508	(   2.415672  -1.364247  -1.068163 )	16.299604 -12.415672 -8.635753 -8.931837 -7.584328 -11.364247 -11.068163 -0.029177 0.029177 
509	(   2.417518  -1.363125  -1.067548 )	16.310255 -12.417518 -8.636875 -8.932452 -7.582482 -11.363125 -11.067548 -0.034285 0.034285 
510	(   2.414142  -1.374247  -1.067489 )	16.360547 -12.414142 -8.625753 -8.932511 -7.585858 -11.374247 -11.067489 0.029276 -0.029276 
511	(   2.417151  -1.36826   -1.068027 )	16.345782 -12.417151 -8.631740 -8.931973 -7.582849 -11.368260 -11.068027 0.000899 -0.000899 
512	(   2.414238  -1.369833  -1.06809  )	16.327556 -12.414238 -8.630167 -8.931910 -7.585762 -11.369833 -11.068090 0.003236 -0.003236 
513	(   2.415167  -1.369261  -1.067654 )	16.332871 -12.415167 -8.630739 -8.932346 -7.584833 -11.369261 -11.067654 0.000001 -0.000001 
514	(   2.416143  -1.367635  -1.068178 )	16.330482 -12.416143 -8.632365 -8.931822 -7.583857 -11.367635 -11.068178 -0.005390 0.005390 
515	(   2.414309  -1.368351  -1.067626 )	16.316969 -12.414309 -8.631649 -8.932374 -7.585691 -11.368351 -11.067626 -0.008616 0.008616 
516	(   2.416908  -1.366125  -1.067901 )	16.326880 -12.416908 -8.633875 -8.932099 -7.583092 -11.366125 -11.067901 -0.014524 0.014524 
517	(   2.418096  -1.366381  -1.06823  )	16.341168 -12.418096 -8.633619 -8.931770 -7.581904 -11.366381 -11.068230 -0.007820 0.007820 
518	(   2.415505  -1.370143  -1.068026 )	16.343120 -12.415505 -8.629857 -8.931974 -7.584495 -11.370143 -11.068026 0.008621 -0.008621 
519	(   2.417023  -1.36953   -1.06796  )	16.354212 -12.417023 -8.630470 -8.932040 -7.582977 -11.369530 -11.067960 0.008609 -0.008609 
520	(   2.414885  -1.369257  -1.067826 )	16.329881 -12.414885 -8.630743 -8.932174 -7.585115 -11.369257 -11.067826 -0.000001 0.000001 
521	(   2.414816  -1.369287  -1.067825 )	16.329401 -12.414816 -8.630713 -8.932175 -7.585184 -11.369287 -11.067825 -0.000002 0.000002 
522	(   2.414309  -1.369493  -1.067829 )	16.325712 -12.414309 -8.630507 -8.932171 -7.585691 -11.369493 -11.067829 -0.000079 0.000079 
523	(   2.4164    -1.368508  -1.06795  )	16.339880 -12.416400 -8.631492 -8.932050 -7.583600 -11.368508 -11.067950 0.000007 -0.000007 
524	(   2.42087   -1.366338  -1.068259 )	16.369709 -12.420870 -8.633662 -8.931741 -7.579130 -11.366338 -11.068259 -0.000013 0.000013 
525	(   2.416381  -1.368527  -1.067934 )	16.339827 -12.416381 -8.631473 -8.932066 -7.583619 -11.368527 -11.067934 -0.000001 0.000001 
526	(   2.417643  -1.368137  -1.06803  )	16.349957 -12.417643 -8.631863 -8.931970 -7.582357 -11.368137 -11.068030 0.001514 -0.001514 

BBE ( SOL ) BBO
527	(   2.41715   -1.367125  -1.068089 )	16.337051 -12.417150 -8.632875 -8.931911 -7.582850 -11.367125 -11.068089 -0.006305 0.006305 
528	(   2.417145  -1.367537  -1.06793  )	16.340178 -12.417145 -8.632463 -8.932070 -7.582855 -11.367537 -11.067930 -0.004370 0.004370 
529	(   2.414892  -1.369842  -1.067926 )	16.334439 -12.414892 -8.630158 -8.932074 -7.585108 -11.369842 -11.067926 0.004377 -0.004377 
530	(   2.414877  -1.368672  -1.067726 )	16.325324 -12.414877 -8.631328 -8.932274 -7.585123 -11.368672 -11.067726 -0.004377 0.004377 
531	(   2.416733  -1.36819   -1.068041 )	16.340893 -12.416733 -8.631810 -8.931959 -7.583267 -11.368190 -11.068041 -0.000696 0.000696 
532	(   2.414875  -1.369468  -1.067791 )	16.331404 -12.414875 -8.630532 -8.932209 -7.585125 -11.369468 -11.067791 0.001196 -0.001196 
533	(   2.416821  -1.367257  -1.068032 )	16.334642 -12.416821 -8.632743 -8.931968 -7.583179 -11.367257 -11.068032 -0.006660 0.006660 
534	(   2.419374  -1.367068  -1.068151 )	16.359747 -12.419374 -8.632932 -8.931849 -7.580626 -11.367068 -11.068151 -0.000002 0.000002 
535	(   2.417129  -1.368162  -1.067988 )	16.344804 -12.417129 -8.631838 -8.932012 -7.582871 -11.368162 -11.067988 -0.000000 0.000000 
536	(   2.417343  -1.367951  -1.068012 )	16.345409 -12.417343 -8.632049 -8.931988 -7.582657 -11.367951 -11.068012 -0.000665 0.000665 
537	(   2.417233  -1.368242  -1.06808  )	16.346486 -12.417233 -8.631758 -8.931920 -7.582767 -11.368242 -11.068080 0.001275 -0.001275 
538	(   2.414871  -1.368757  -1.06785  )	16.325898 -12.414871 -8.631243 -8.932150 -7.585129 -11.368757 -11.067850 -0.003226 0.003226 
539	(   2.414898  -1.369757  -1.067801 )	16.333865 -12.414898 -8.630243 -8.932199 -7.585102 -11.369757 -11.067801 0.003225 -0.003225 
540	(   2.417098  -1.367625  -1.068047 )	16.340352 -12.417098 -8.632375 -8.931953 -7.582902 -11.367625 -11.068047 -0.003354 0.003354 
541	(   2.41705   -1.368169  -1.068026 )	16.344021 -12.417050 -8.631831 -8.931974 -7.582950 -11.368169 -11.068026 -0.000003 0.000003 
542	(   2.414871  -1.369249  -1.067823 )	16.329680 -12.414871 -8.630751 -8.932177 -7.585129 -11.369249 -11.067823 -0.000103 0.000103 
543	(   2.417113  -1.36814   -1.06803  )	16.344462 -12.417113 -8.631860 -8.931970 -7.582887 -11.368140 -11.068030 0.000012 -0.000012 
544	(   2.418299  -1.367604  -1.068057 )	16.352683 -12.418299 -8.632396 -8.931943 -7.581701 -11.367604 -11.068057 -0.000000 0.000000 
545	(   2.416861  -1.368296  -1.067965 )	16.343040 -12.416861 -8.631704 -8.932035 -7.583139 -11.368296 -11.067965 -0.000000 0.000000 
546	(   2.416012  -1.36881   -1.067768 )	16.338175 -12.416012 -8.631190 -8.932232 -7.583988 -11.368810 -11.067768 -0.000002 0.000002 
547	(   2.414837  -1.369277  -1.067837 )	16.329537 -12.414837 -8.630723 -8.932163 -7.585163 -11.369277 -11.067837 0.000050 -0.000050 
548	(   2.416733  -1.368282  -1.06806  )	16.341602 -12.416733 -8.631718 -8.931940 -7.583267 -11.368282 -11.068060 0.000006 -0.000006 
549	(   2.416341  -1.36848   -1.068021 )	16.339044 -12.416341 -8.631520 -8.931979 -7.583659 -11.368480 -11.068021 -0.000001 0.000001 
550	(   2.417396  -1.368052  -1.067981 )	16.346732 -12.417396 -8.631948 -8.932019 -7.582604 -11.368052 -11.067981 0.000000 -0.000000 
551	(   2.417061  -1.368158  -1.067966 )	16.344059 -12.417061 -8.631842 -8.932034 -7.582939 -11.368158 -11.067966 -0.000334 0.000334 
552	(   2.416804  -1.367796  -1.067974 )	16.338615 -12.416804 -8.632204 -8.932026 -7.583196 -11.367796 -11.067974 -0.003423 0.003423 
553	(   2.416856  -1.368208  -1.067915 )	16.342316 -12.416856 -8.631792 -8.932085 -7.583144 -11.368208 -11.067915 -0.000842 0.000842 
554	(   2.414984  -1.369523  -1.067776 )	16.332964 -12.414984 -8.630477 -8.932224 -7.585016 -11.369523 -11.067776 0.001803 -0.001803 
555	(   2.414785  -1.36899   -1.067876 )	16.326799 -12.414785 -8.631010 -8.932124 -7.585215 -11.368990 -11.067876 -0.001805 0.001805 
556	(   2.416788  -1.36846   -1.067979 )	16.343542 -12.416788 -8.631540 -8.932021 -7.583212 -11.368460 -11.067979 0.000941 -0.000941 
557	(   2.414817  -1.369408  -1.067835 )	16.330336 -12.414817 -8.630592 -8.932165 -7.585183 -11.369408 -11.067835 0.000849 -0.000849 
558	(   2.416788  -1.36831   -1.067965 )	16.342399 -12.416788 -8.631690 -8.932035 -7.583212 -11.368310 -11.067965 -0.000113 0.000113 
559	(   2.416693  -1.368337  -1.068008 )	16.341606 -12.416693 -8.631663 -8.931992 -7.583307 -11.368337 -11.068008 -0.000001 0.000001 
560	(   2.41722   -1.368123  -1.067988 )	16.345450 -12.417220 -8.631877 -8.932012 -7.582780 -11.368123 -11.067988 -0.000000 0.000000 
561	(   2.416961  -1.36814   -1.067975 )	16.342884 -12.416961 -8.631860 -8.932025 -7.583039 -11.368140 -11.067975 -0.000693 0.000693 
562	(   2.416933  -1.368353  -1.067945 )	16.344230 -12.416933 -8.631647 -8.932055 -7.583067 -11.368353 -11.067945 0.000485 -0.000485 
563	(   2.414972  -1.369353  -1.067846 )	16.331524 -12.414972 -8.630647 -8.932154 -7.585028 -11.369353 -11.067846 0.000983 -0.000983 
564	(   2.414798  -1.369161  -1.067806 )	16.328239 -12.414798 -8.630839 -8.932194 -7.585202 -11.369161 -11.067806 -0.000985 0.000985 
565	(   2.416814  -1.368096  -1.067952 )	16.341020 -12.416814 -8.631904 -8.932048 -7.583186 -11.368096 -11.067952 -0.001517 0.001517 
566	(   2.416763  -1.368365  -1.067973 )	16.342558 -12.416763 -8.631635 -8.932027 -7.583237 -11.368365 -11.067973 0.000216 -0.000216 

BBE ( SOL ) BBO
567	(   2.414843  -1.369262  -1.067839 )	16.329487 -12.414843 -8.630738 -8.932161 -7.585157 -11.369262 -11.067839 -0.000021 0.000021 
568	(   2.41688   -1.368268  -1.067952 )	16.343030 -12.416880 -8.631732 -8.932048 -7.583120 -11.368268 -11.067952 -0.000193 0.000193 
569	(   2.416869  -1.368266  -1.068001 )	16.342887 -12.416869 -8.631734 -8.931999 -7.583131 -11.368266 -11.068001 -0.000000 0.000000 
570	(   2.416893  -1.368175  -1.06811  )	16.342429 -12.416893 -8.631825 -8.931890 -7.583107 -11.368175 -11.068110 -0.000000 0.000000 
571	(   2.416966  -1.367902  -1.068438 )	16.341056 -12.416966 -8.632098 -8.931562 -7.583034 -11.367902 -11.068438 0.000002 -0.000002 
572	(   2.414877  -1.369253  -1.067836 )	16.329769 -12.414877 -8.630747 -8.932164 -7.585123 -11.369253 -11.067836 0.000000 -0.000000 
573	(   2.414853  -1.369242  -1.067866 )	16.329431 -12.414853 -8.630758 -8.932134 -7.585147 -11.369242 -11.067866 0.000004 -0.000004 
574	(   2.414957  -1.369255  -1.067786 )	16.330626 -12.414957 -8.630745 -8.932214 -7.585043 -11.369255 -11.067786 -0.000001 0.000001 
575	(   2.415101  -1.369249  -1.067709 )	16.332082 -12.415101 -8.630751 -8.932291 -7.584899 -11.369249 -11.067709 -0.000001 0.000001 
576	(   2.414822  -1.36925   -1.067872 )	16.329169 -12.414822 -8.630750 -8.932128 -7.585178 -11.369250 -11.067872 -0.000001 0.000001 
577	(   2.414754  -1.369247  -1.067916 )	16.328440 -12.414754 -8.630753 -8.932084 -7.585246 -11.369247 -11.067916 -0.000001 0.000001 
578	(   2.414387  -1.369229  -1.068156 )	16.324454 -12.414387 -8.630771 -8.931844 -7.585613 -11.369229 -11.068156 -0.000004 0.000004 
579	(   2.414645  -1.369322  -1.067879 )	16.327882 -12.414645 -8.630678 -8.932121 -7.585355 -11.369322 -11.067879 0.000000 -0.000000 
580	(   2.414387  -1.369229  -1.068156 )	16.324457 -12.414387 -8.630771 -8.931844 -7.585613 -11.369229 -11.068156 -0.000005 0.000005 
581	(   2.414318  -1.369545  -1.06777  )	16.326205 -12.414318 -8.630455 -8.932230 -7.585682 -11.369545 -11.067770 0.000002 -0.000002 
582	(   2.414988  -1.369101  -1.067976 )	16.329743 -12.414988 -8.630899 -8.932024 -7.585012 -11.369101 -11.067976 -0.000001 0.000001 
583	(   2.41532   -1.368674  -1.068361 )	16.329873 -12.415320 -8.631326 -8.931639 -7.584680 -11.368674 -11.068361 0.000004 -0.000004 
584	(   2.414075  -1.369568  -1.067883 )	16.323843 -12.414075 -8.630432 -8.932117 -7.585925 -11.369568 -11.067883 0.000003 -0.000003 
585	(   2.41617   -1.368592  -1.067971 )	16.338126 -12.416170 -8.631408 -8.932029 -7.583830 -11.368592 -11.067971 0.000004 -0.000004 
586	(   2.414078  -1.368322  -1.067745 )	16.314327 -12.414078 -8.631678 -8.932255 -7.585922 -11.368322 -11.067745 -0.008895 0.008895 
587	(   2.413645  -1.369931  -1.067802 )	16.322170 -12.413645 -8.630069 -8.932198 -7.586355 -11.369931 -11.067802 0.000777 -0.000777 
588	(   2.414881  -1.369457  -1.067379 )	16.331427 -12.414881 -8.630543 -8.932621 -7.585119 -11.369457 -11.067379 -0.000862 0.000862 
589	(   2.414498  -1.369017  -1.067416 )	16.324067 -12.414498 -8.630983 -8.932584 -7.585502 -11.369017 -11.067416 -0.004692 0.004692 
590	(   2.41501   -1.369477  -1.068416 )	16.332813 -12.415010 -8.630523 -8.931584 -7.584990 -11.369477 -11.068416 0.004693 -0.004693 
591	(   2.414658  -1.369325  -1.067887 )	16.328038 -12.414658 -8.630675 -8.932113 -7.585342 -11.369325 -11.067887 0.000092 -0.000092 
592	(   2.414318  -1.369545  -1.06777  )	16.326208 -12.414318 -8.630455 -8.932230 -7.585682 -11.369545 -11.067770 0.000005 -0.000005 
593	(   2.414533  -1.36925   -1.068042 )	16.326148 -12.414533 -8.630750 -8.931958 -7.585467 -11.369250 -11.068042 0.000000 -0.000000 
594	(   2.414196  -1.369036  -1.068531 )	16.320949 -12.414196 -8.630964 -8.931469 -7.585804 -11.369036 -11.068531 0.000001 -0.000001 
595	(   2.413185  -1.368394  -1.069998 )	16.305359 -12.413185 -8.631606 -8.930002 -7.586815 -11.368394 -11.069998 0.000028 -0.000028 
596	(   2.414196  -1.369036  -1.068531 )	16.320949 -12.414196 -8.630964 -8.931469 -7.585804 -11.369036 -11.068531 0.000001 -0.000001 
597	(   2.412178  -1.368988  -1.069783 )	16.299477 -12.412178 -8.631012 -8.930217 -7.587822 -11.368988 -11.069783 0.000005 -0.000005 
598	(   2.413819  -1.369086  -1.068685 )	16.317397 -12.413819 -8.630914 -8.931315 -7.586181 -11.369086 -11.068685 -0.000001 0.000001 
599	(   2.412688  -1.369236  -1.069147 )	16.306745 -12.412688 -8.630764 -8.930853 -7.587312 -11.369236 -11.069147 -0.000004 0.000004 
600	(   2.415333  -1.369525  -1.067195 )	16.336671 -12.415333 -8.630475 -8.932805 -7.584667 -11.369525 -11.067195 -0.000004 0.000004 
601	(   2.41539   -1.37142   -1.064571 )	16.352124 -12.415390 -8.628580 -8.935429 -7.584610 -11.371420 -11.064571 -0.000004 0.000004 
602	(   2.412477  -1.370375  -1.067728 )	16.313450 -12.412477 -8.629625 -8.932272 -7.587523 -11.370375 -11.067728 -0.000005 0.000005 
603	(   2.415789  -1.368724  -1.068014 )	16.335173 -12.415789 -8.631276 -8.931986 -7.584211 -11.368724 -11.068014 -0.000005 0.000005 
604	(   2.409533  -1.369046  -1.066716 )	16.272796 -12.409533 -8.630954 -8.933284 -7.590467 -11.369046 -11.066716 -0.022170 0.022170 
605	(   2.411607  -1.367721  -1.070042 )	16.283806 -12.411607 -8.632279 -8.929958 -7.588393 -11.367721 -11.070042 -0.008730 0.008730 
606	(   2.412339  -1.37125   -1.069057 )	16.318586 -12.412339 -8.628750 -8.930943 -7.587661 -11.371250 -11.069057 0.011868 -0.011868 

BBE ( SOL ) BBO
607	(   2.412795  -1.367086  -1.068106 )	16.291480 -12.412795 -8.632914 -8.931894 -7.587205 -11.367086 -11.068106 -0.018972 0.018972 
608	(   2.414843  -1.371086  -1.069264 )	16.343337 -12.414843 -8.628914 -8.930736 -7.585157 -11.371086 -11.069264 0.019006 -0.019006 
609	(   2.41465   -1.369233  -1.068018 )	16.327236 -12.414650 -8.630767 -8.931982 -7.585350 -11.369233 -11.068018 0.000107 -0.000107 
610	(   2.413128  -1.368503  -1.069879 )	16.305615 -12.413128 -8.631497 -8.930121 -7.586872 -11.368503 -11.069879 0.000001 -0.000001 
611	(   2.411055  -1.366754  -1.073461 )	16.270316 -12.411055 -8.633246 -8.926539 -7.588945 -11.366754 -11.073461 0.000146 -0.000146 
612	(   2.415561  -1.36721   -1.070195 )	16.320951 -12.415561 -8.632790 -8.929805 -7.584439 -11.367210 -11.070195 -0.000006 0.000006 
613	(   2.41675   -1.369049  -1.067005 )	16.347777 -12.416750 -8.630951 -8.932995 -7.583250 -11.369049 -11.067005 -0.000003 0.000003 
614	(   2.409533  -1.3687    -1.066764 )	16.270138 -12.409533 -8.631300 -8.933236 -7.590467 -11.368700 -11.066764 -0.024220 0.024220 
615	(   2.412268  -1.367897  -1.070042 )	16.292018 -12.412268 -8.632103 -8.929958 -7.587732 -11.367897 -11.070042 -0.005671 0.005671 
616	(   2.411792  -1.37125   -1.068898 )	16.312920 -12.411792 -8.628750 -8.931102 -7.588208 -11.371250 -11.068898 0.009516 -0.009516 
617	(   2.412516  -1.369066  -1.071879 )	16.303364 -12.412516 -8.630934 -8.928121 -7.587484 -11.369066 -11.071879 0.011785 -0.011785 
618	(   2.41374   -1.36794   -1.067879 )	16.307870 -12.413740 -8.632060 -8.932121 -7.586260 -11.367940 -11.067879 -0.011729 0.011729 
619	(   2.414707  -1.36922   -1.06802  )	16.327729 -12.414707 -8.630780 -8.931980 -7.585293 -11.369220 -11.068020 0.000195 -0.000195 
620	(   2.414161  -1.366943  -1.071373 )	16.304230 -12.414161 -8.633057 -8.928627 -7.585839 -11.366943 -11.071373 0.000000 -0.000000 
621	(   2.41726   -1.362263  -1.075855 )	16.300148 -12.417260 -8.637737 -8.924145 -7.582740 -11.362263 -11.075855 0.000201 -0.000201 
622	(   2.415159  -1.366968  -1.070757 )	16.314857 -12.415159 -8.633032 -8.929243 -7.584841 -11.366968 -11.070757 0.000000 -0.000000 
623	(   2.418424  -1.364953  -1.071559 )	16.333277 -12.418424 -8.635047 -8.928441 -7.581576 -11.364953 -11.071559 -0.000004 0.000004 
624	(   2.41459   -1.366119  -1.072236 )	16.302284 -12.414590 -8.633881 -8.927764 -7.585410 -11.366119 -11.072236 0.000043 -0.000043 
625	(   2.414632  -1.368521  -1.068968 )	16.321481 -12.414632 -8.631479 -8.931032 -7.585368 -11.368521 -11.068968 -0.000017 0.000017 
626	(   2.410394  -1.370503  -1.06969  )	16.292581 -12.410394 -8.629497 -8.930310 -7.589606 -11.370503 -11.069690 0.004425 -0.004425 
627	(   2.412284  -1.368322  -1.069373 )	16.295514 -12.412284 -8.631678 -8.930627 -7.587716 -11.368322 -11.069373 -0.006096 0.006096 
628	(   2.410652  -1.364943  -1.070521 )	16.252570 -12.410652 -8.635057 -8.929479 -7.589348 -11.364943 -11.070521 -0.027423 0.027423 
629	(   2.419161  -1.366105  -1.070045 )	16.349939 -12.419161 -8.633895 -8.929955 -7.580839 -11.366105 -11.070045 0.002282 -0.002282 
630	(   2.415862  -1.366503  -1.070068 )	16.318671 -12.415862 -8.633497 -8.929932 -7.584138 -11.366503 -11.070068 -0.004434 0.004434 
631	(   2.414165  -1.366958  -1.071415 )	16.304382 -12.414165 -8.633042 -8.928585 -7.585835 -11.366958 -11.071415 0.000317 -0.000317 
632	(   2.412002  -1.367649  -1.071714 )	16.287180 -12.412002 -8.632351 -8.928286 -7.587998 -11.367649 -11.071714 0.000142 -0.000142 
633	(   2.412405  -1.368729  -1.069998 )	16.299825 -12.412405 -8.631271 -8.930002 -7.587595 -11.368729 -11.069998 -0.000001 0.000001 
634	(   2.410236  -1.369407  -1.070355 )	16.282464 -12.410236 -8.630593 -8.929645 -7.589764 -11.369407 -11.070355 -0.000009 0.000009 
635	(   2.415579  -1.367135  -1.070287 )	16.320553 -12.415579 -8.632865 -8.929713 -7.584421 -11.367135 -11.070287 0.000002 -0.000002 
636	(   2.417043  -1.366767  -1.069927 )	16.332992 -12.417043 -8.633233 -8.930073 -7.582957 -11.366767 -11.069927 0.000006 -0.000006 
637	(   2.409161  -1.367239  -1.070296 )	16.254706 -12.409161 -8.632761 -8.929704 -7.590839 -11.367239 -11.070296 -0.017683 0.017683 
638	(   2.407405  -1.370389  -1.071221 )	16.260526 -12.407405 -8.629611 -8.928779 -7.592595 -11.370389 -11.071221 0.002581 -0.002581 
639	(   2.411495  -1.367017  -1.073373 )	16.276905 -12.411495 -8.632983 -8.926627 -7.588505 -11.367017 -11.073373 0.002706 -0.002706 
640	(   2.41351   -1.364943  -1.071308 )	16.282151 -12.413510 -8.635057 -8.928692 -7.586490 -11.364943 -11.071308 -0.015374 0.015374 
641	(   2.417405  -1.367069  -1.068775 )	16.339197 -12.417405 -8.632931 -8.931225 -7.582595 -11.367069 -11.068775 -0.002595 0.002595 
642	(   2.41682   -1.36879   -1.069953 )	16.346196 -12.416820 -8.631210 -8.930047 -7.583180 -11.368790 -11.069953 0.012868 -0.012868 
643	(   2.412985  -1.36886   -1.069481 )	16.306911 -12.412985 -8.631140 -8.930519 -7.587015 -11.368860 -11.069481 -0.000001 0.000001 
644	(   2.414079  -1.367802  -1.070266 )	16.310080 -12.414079 -8.632198 -8.929734 -7.585921 -11.367802 -11.070266 -0.000001 0.000001 
645	(   2.412514  -1.36681   -1.072373 )	16.286001 -12.412514 -8.633190 -8.927627 -7.587486 -11.366810 -11.072373 -0.000676 0.000676 
646	(   2.412161  -1.367936  -1.070681 )	16.291139 -12.412161 -8.632064 -8.929319 -7.587839 -11.367936 -11.070681 -0.002587 0.002587 

BBE ( SOL ) BBO
647	(   2.413013  -1.365943  -1.070768 )	16.284705 -12.413013 -8.634057 -8.929232 -7.586987 -11.365943 -11.070768 -0.012861 0.012861 
648	(   2.410405  -1.368267  -1.069056 )	16.275619 -12.410405 -8.631733 -8.930944 -7.589595 -11.368267 -11.069056 -0.013406 0.013406 
649	(   2.414405  -1.369191  -1.07094  )	16.324052 -12.414405 -8.630809 -8.929060 -7.585595 -11.369191 -11.070940 0.013422 -0.013422 
650	(   2.414296  -1.366912  -1.071405 )	16.305392 -12.414296 -8.633088 -8.928595 -7.585704 -11.366912 -11.071405 0.000340 -0.000340 
651	(   2.411996  -1.368327  -1.070779 )	16.292410 -12.411996 -8.631673 -8.929221 -7.588004 -11.368327 -11.070779 -0.000001 0.000001 
652	(   2.410769  -1.36712   -1.073122 )	16.270182 -12.410769 -8.632880 -8.926878 -7.589231 -11.367120 -11.073122 0.000059 -0.000059 
653	(   2.410799  -1.367204  -1.07298  )	16.271154 -12.410799 -8.632796 -8.927020 -7.589201 -11.367204 -11.072980 -0.000001 0.000001 
654	(   2.400713  -1.367987  -1.077801 )	16.172187 -12.400713 -8.632013 -8.922199 -7.599287 -11.367987 -11.077801 0.000184 -0.000184 
655	(   2.411441  -1.367715  -1.071923 )	16.281840 -12.411441 -8.632285 -8.928077 -7.588559 -11.367715 -11.071923 -0.000004 0.000004 
656	(   2.412866  -1.367505  -1.071374 )	16.295085 -12.412866 -8.632495 -8.928626 -7.587134 -11.367505 -11.071374 -0.000002 0.000002 
657	(   2.409161  -1.366402  -1.070706 )	16.248255 -12.409161 -8.633598 -8.929294 -7.590839 -11.366402 -11.070706 -0.021183 0.021183 
658	(   2.41255   -1.36686   -1.073373 )	16.286656 -12.412550 -8.633140 -8.926627 -7.587450 -11.366860 -11.073373 0.004697 -0.004697 
659	(   2.411419  -1.367656  -1.07098  )	16.281258 -12.411419 -8.632344 -8.929020 -7.588581 -11.367656 -11.070980 -0.005096 0.005096 
660	(   2.410179  -1.366752  -1.07498  )	16.261059 -12.410179 -8.633248 -8.925020 -7.589821 -11.366752 -11.074980 0.005152 -0.005152 
661	(   2.415444  -1.364943  -1.071455 )	16.302226 -12.415444 -8.635057 -8.928545 -7.584556 -11.364943 -11.071455 -0.009114 0.009114 
662	(   2.414347  -1.367157  -1.071047 )	16.307837 -12.414347 -8.632843 -8.928953 -7.585653 -11.367157 -11.071047 0.000343 -0.000343 
663	(   2.410179  -1.368313  -1.071862 )	16.273329 -12.410179 -8.631687 -8.928138 -7.589821 -11.368313 -11.071862 0.000016 -0.000016 
664	(   2.413887  -1.365699  -1.073195 )	16.291666 -12.413887 -8.634301 -8.926805 -7.586113 -11.365699 -11.073195 -0.000006 0.000006 
665	(   2.41091   -1.366204  -1.073628 )	16.264584 -12.410910 -8.633796 -8.926372 -7.589090 -11.366204 -11.073628 -0.003068 0.003068 
666	(   2.410688  -1.368204  -1.072332 )	16.277728 -12.410688 -8.631796 -8.927668 -7.589312 -11.368204 -11.072332 0.003076 -0.003076 
667	(   2.412161  -1.366939  -1.071342 )	16.283430 -12.412161 -8.633061 -8.928658 -7.587839 -11.366939 -11.071342 -0.005916 0.005916 
668	(   2.414154  -1.365943  -1.071607 )	16.296470 -12.414154 -8.634057 -8.928393 -7.585846 -11.365943 -11.071607 -0.005466 0.005466 
669	(   2.414225  -1.366709  -1.070373 )	16.303205 -12.414225 -8.633291 -8.929627 -7.585775 -11.366709 -11.070373 -0.006273 0.006273 
670	(   2.41418   -1.366955  -1.071381 )	16.304519 -12.414180 -8.633045 -8.928619 -7.585820 -11.366955 -11.071381 0.000173 -0.000173 
671	(   2.4108    -1.367062  -1.073177 )	16.270057 -12.410800 -8.632938 -8.926823 -7.589200 -11.367062 -11.073177 0.000040 -0.000040 
672	(   2.412256  -1.367028  -1.072371 )	16.284986 -12.412256 -8.632972 -8.927629 -7.587744 -11.367028 -11.072371 0.000003 -0.000003 
673	(   2.41459   -1.36612   -1.072236 )	16.302288 -12.414590 -8.633880 -8.927764 -7.585410 -11.366120 -11.072236 0.000044 -0.000044 
674	(   2.414632  -1.368521  -1.068969 )	16.321480 -12.414632 -8.631479 -8.931031 -7.585368 -11.368521 -11.068969 -0.000017 0.000017 
675	(   2.415161  -1.366526  -1.071469 )	16.311416 -12.415161 -8.633474 -8.928531 -7.584839 -11.366526 -11.071469 0.000588 -0.000588 
676	(   2.409799  -1.36703   -1.072923 )	16.259446 -12.409799 -8.632970 -8.927077 -7.590201 -11.367030 -11.072923 -0.004303 0.004303 
677	(   2.411799  -1.367379  -1.073037 )	16.282867 -12.411799 -8.632621 -8.926963 -7.588201 -11.367379 -11.073037 0.004302 -0.004302 
678	(   2.413217  -1.366443  -1.07166  )	16.290562 -12.413217 -8.633557 -8.928340 -7.586783 -11.366443 -11.071660 -0.004595 0.004595 
679	(   2.414001  -1.366732  -1.070873 )	16.301001 -12.414001 -8.633268 -8.929127 -7.585999 -11.366732 -11.070873 -0.004310 0.004310 
680	(   2.414162  -1.366955  -1.071374 )	16.304327 -12.414162 -8.633045 -8.928626 -7.585838 -11.366955 -11.071374 0.000083 -0.000083 
681	(   2.410704  -1.367034  -1.073231 )	16.268835 -12.410704 -8.632966 -8.926769 -7.589296 -11.367034 -11.073231 -0.000159 0.000159 
682	(   2.414323  -1.367072  -1.071305 )	16.306912 -12.414323 -8.632928 -8.928695 -7.585677 -11.367072 -11.071305 0.000981 -0.000981 
683	(   2.414416  -1.366322  -1.072061 )	16.302050 -12.414416 -8.633678 -8.927939 -7.585584 -11.366322 -11.072061 0.000019 -0.000019 
684	(   2.41345   -1.367958  -1.070425 )	16.304722 -12.413450 -8.632042 -8.929575 -7.586550 -11.367958 -11.070425 -0.000002 0.000002 
685	(   2.414661  -1.366859  -1.071373 )	16.308781 -12.414661 -8.633141 -8.928627 -7.585339 -11.366859 -11.071373 0.000877 -0.000877 
686	(   2.410685  -1.367259  -1.07318  )	16.270374 -12.410685 -8.632741 -8.926820 -7.589315 -11.367259 -11.073180 0.001024 -0.001024 

BBE ( SOL ) BBO
687	(   2.41395   -1.366743  -1.071371 )	16.300511 -12.413950 -8.633257 -8.928629 -7.586050 -11.366743 -11.071371 -0.001932 0.001932 
688	(   2.414162  -1.366945  -1.071173 )	16.304273 -12.414162 -8.633055 -8.928827 -7.585838 -11.366945 -11.071173 -0.000970 0.000970 
689	(   2.410912  -1.367149  -1.07278  )	16.271934 -12.410912 -8.632851 -8.927220 -7.589088 -11.367149 -11.072780 -0.001025 0.001025 
690	(   2.414158  -1.366946  -1.071375 )	16.304221 -12.414158 -8.633054 -8.928625 -7.585842 -11.366946 -11.071375 0.000020 -0.000020 
691	(   2.410814  -1.367087  -1.073066 )	16.270406 -12.410814 -8.632913 -8.926934 -7.589186 -11.367087 -11.073066 -0.000310 0.000310 
692	(   2.414247  -1.366869  -1.071415 )	16.304546 -12.414247 -8.633131 -8.928585 -7.585753 -11.366869 -11.071415 -0.000041 0.000041 
693	(   2.413708  -1.367956  -1.070276 )	16.307399 -12.413708 -8.632044 -8.929724 -7.586292 -11.367956 -11.070276 -0.000007 0.000007 
694	(   2.413885  -1.367547  -1.070722 )	16.306060 -12.413885 -8.632453 -8.929278 -7.586115 -11.367547 -11.070722 -0.000006 0.000006 
695	(   2.413967  -1.367043  -1.071379 )	16.302980 -12.413967 -8.632957 -8.928621 -7.586033 -11.367043 -11.071379 0.000130 -0.000130 
696	(   2.410999  -1.367241  -1.072895 )	16.273518 -12.410999 -8.632759 -8.927105 -7.589001 -11.367241 -11.072895 0.000391 -0.000391 
697	(   2.410599  -1.367168  -1.073066 )	16.268789 -12.410599 -8.632832 -8.926934 -7.589401 -11.367168 -11.073066 -0.000393 0.000393 
698	(   2.413961  -1.366846  -1.071376 )	16.301407 -12.413961 -8.633154 -8.928624 -7.586039 -11.366846 -11.071376 -0.001203 0.001203 
699	(   2.414153  -1.366945  -1.071273 )	16.304173 -12.414153 -8.633055 -8.928727 -7.585847 -11.366945 -11.071273 -0.000503 0.000503 
700	(   2.414176  -1.366938  -1.071383 )	16.304342 -12.414176 -8.633062 -8.928617 -7.585824 -11.366938 -11.071383 0.000055 -0.000055 
701	(   2.410819  -1.367182  -1.072937 )	16.271204 -12.410819 -8.632818 -8.927063 -7.589181 -11.367182 -11.072937 -0.000301 0.000301 
702	(   2.413961  -1.367019  -1.071395 )	16.302733 -12.413961 -8.632981 -8.928605 -7.586039 -11.367019 -11.071395 0.000036 -0.000036 
703	(   2.413939  -1.367071  -1.071347 )	16.302910 -12.413939 -8.632929 -8.928653 -7.586061 -11.367071 -11.071347 0.000079 -0.000079 
704	(   2.41417   -1.366919  -1.071398 )	16.304137 -12.414170 -8.633081 -8.928602 -7.585830 -11.366919 -11.071398 -0.000011 0.000011 
705	(   2.414365  -1.366853  -1.071369 )	16.305659 -12.414365 -8.633147 -8.928631 -7.585635 -11.366853 -11.071369 -0.000030 0.000030 
706	(   2.414062  -1.366978  -1.071389 )	16.303465 -12.414062 -8.633022 -8.928611 -7.585938 -11.366978 -11.071389 0.000020 -0.000020 
707	(   2.414104  -1.366947  -1.071398 )	16.303667 -12.414104 -8.633053 -8.928602 -7.585896 -11.366947 -11.071398 -0.000015 0.000015 
708	(   2.414117  -1.366947  -1.071392 )	16.303805 -12.414117 -8.633053 -8.928608 -7.585883 -11.366947 -11.071392 -0.000006 0.000006 
709	(   2.414237  -1.366895  -1.071387 )	16.304650 -12.414237 -8.633105 -8.928613 -7.585763 -11.366895 -11.071387 -0.000031 0.000031 
710	(   2.414105  -1.366957  -1.071388 )	16.303761 -12.414105 -8.633043 -8.928612 -7.585895 -11.366957 -11.071388 0.000007 -0.000007 
711	(   2.414086  -1.366979  -1.071371 )	16.303727 -12.414086 -8.633021 -8.928629 -7.585914 -11.366979 -11.071371 0.000012 -0.000012 
712	(   2.414149  -1.366934  -1.071391 )	16.304035 -12.414149 -8.633066 -8.928609 -7.585851 -11.366934 -11.071391 -0.000005 0.000005 
713	(   2.414179  -1.366926  -1.071383 )	16.304286 -12.414179 -8.633074 -8.928617 -7.585821 -11.366926 -11.071383 -0.000014 0.000014 
714	(   2.414124  -1.366949  -1.071387 )	16.303892 -12.414124 -8.633051 -8.928613 -7.585876 -11.366949 -11.071387 0.000002 -0.000002 
715	(   2.414078  -1.366893  -1.071413 )	16.302982 -12.414078 -8.633107 -8.928587 -7.585922 -11.366893 -11.071413 -0.000372 0.000372 
716	(   2.41077   -1.367154  -1.072961 )	16.270479 -12.410770 -8.632846 -8.927039 -7.589230 -11.367154 -11.072961 -0.000505 0.000505 
717	(   2.414073  -1.36694   -1.071323 )	16.303301 -12.414073 -8.633060 -8.928677 -7.585927 -11.366940 -11.071323 -0.000520 0.000520 
718	(   2.414091  -1.366993  -1.0714   )	16.303889 -12.414091 -8.633007 -8.928600 -7.585909 -11.366993 -11.071400 0.000262 -0.000262 
719	(   2.410827  -1.367254  -1.072999 )	16.271828 -12.410827 -8.632746 -8.927001 -7.589173 -11.367254 -11.072999 0.000504 -0.000504 
720	(   2.414191  -1.366941  -1.071369 )	16.304530 -12.414191 -8.633059 -8.928631 -7.585809 -11.366941 -11.071369 0.000055 -0.000055 
721	(   2.410773  -1.367251  -1.072978 )	16.271243 -12.410773 -8.632749 -8.927022 -7.589227 -11.367251 -11.072978 0.000222 -0.000222 
722	(   2.414086  -1.366968  -1.071384 )	16.303638 -12.414086 -8.633032 -8.928616 -7.585914 -11.366968 -11.071384 -0.000001 0.000001 
723	(   2.414098  -1.366973  -1.071371 )	16.303806 -12.414098 -8.633027 -8.928629 -7.585902 -11.366973 -11.071371 0.000006 -0.000006 
724	(   2.414136  -1.366944  -1.071386 )	16.303977 -12.414136 -8.633056 -8.928614 -7.585864 -11.366944 -11.071386 -0.000003 0.000003 
725	(   2.414111  -1.366963  -1.071376 )	16.303863 -12.414111 -8.633037 -8.928624 -7.585889 -11.366963 -11.071376 0.000003 -0.000003 
726	(   2.414117  -1.366958  -1.071379 )	16.303891 -12.414117 -8.633042 -8.928621 -7.585883 -11.366958 -11.071379 0.000001 -0.000001 

BBE ( SOL ) BBO
727	(   2.414111  -1.366942  -1.071387 )	16.303700 -12.414111 -8.633058 -8.928613 -7.585889 -11.366942 -11.071387 -0.000085 0.000085 
728	(   2.414127  -1.366944  -1.071353 )	16.303885 -12.414127 -8.633056 -8.928647 -7.585873 -11.366944 -11.071353 -0.000191 0.000191 
729	(   2.414162  -1.366923  -1.071372 )	16.304091 -12.414162 -8.633077 -8.928628 -7.585838 -11.366923 -11.071372 -0.000133 0.000133 
730	(   2.410849  -1.367212  -1.07298  )	16.271735 -12.410849 -8.632788 -8.927020 -7.589151 -11.367212 -11.072980 0.000195 -0.000195 
731	(   2.410749  -1.367196  -1.072981 )	16.270573 -12.410749 -8.632804 -8.927019 -7.589251 -11.367196 -11.072981 -0.000196 0.000196 
732	(   2.414162  -1.366944  -1.071373 )	16.304248 -12.414162 -8.633056 -8.928627 -7.585838 -11.366944 -11.071373 0.000005 -0.000005 
733	(   2.410819  -1.367202  -1.07298  )	16.271348 -12.410819 -8.632798 -8.927020 -7.589181 -11.367202 -11.072980 0.000041 -0.000041 
734	(   2.414124  -1.366946  -1.071391 )	16.303864 -12.414124 -8.633054 -8.928609 -7.585876 -11.366946 -11.071391 -0.000000 0.000000 
735	(   2.414013  -1.366953  -1.071446 )	16.302766 -12.414013 -8.633047 -8.928554 -7.585987 -11.366953 -11.071446 -0.000002 0.000002 
736	(   2.410779  -1.367212  -1.07298  )	16.271010 -12.410779 -8.632788 -8.927020 -7.589221 -11.367212 -11.072980 -0.000008 0.000008 
737	(   2.414082  -1.36696   -1.071397 )	16.303536 -12.414082 -8.633040 -8.928603 -7.585918 -11.366960 -11.071397 -0.000000 0.000000 
738	(   2.413955  -1.367004  -1.071412 )	16.302551 -12.413955 -8.632996 -8.928588 -7.586045 -11.367004 -11.071412 0.000000 -0.000000 
739	(   2.413575  -1.367134  -1.07146  )	16.299596 -12.413575 -8.632866 -8.928540 -7.586425 -11.367134 -11.071460 0.000002 -0.000002 
740	(   2.410964  -1.367258  -1.072812 )	16.273306 -12.410964 -8.632742 -8.927188 -7.589036 -11.367258 -11.072812 -0.000000 0.000000 
741	(   2.411462  -1.367421  -1.072307 )	16.279762 -12.411462 -8.632579 -8.927693 -7.588538 -11.367421 -11.072307 0.000004 -0.000004 
742	(   2.410695  -1.367042  -1.073257 )	16.268804 -12.410695 -8.632958 -8.926743 -7.589305 -11.367042 -11.073257 -0.000000 0.000000 
743	(   2.410383  -1.366556  -1.074087 )	16.261763 -12.410383 -8.633444 -8.925913 -7.589617 -11.366556 -11.074087 0.000010 -0.000010 
744	(   2.411251  -1.366482  -1.073681 )	16.270241 -12.411251 -8.633518 -8.926319 -7.588749 -11.366482 -11.073681 -0.000000 0.000000 
745	(   2.411325  -1.367404  -1.072407 )	16.278204 -12.411325 -8.632596 -8.927593 -7.588675 -11.367404 -11.072407 -0.000002 0.000002 
746	(   2.407985  -1.366852  -1.075087 )	16.239055 -12.407985 -8.633148 -8.924913 -7.592015 -11.366852 -11.075087 0.000044 -0.000044 
747	(   2.412463  -1.366966  -1.072331 )	16.286663 -12.412463 -8.633034 -8.927669 -7.587537 -11.366966 -11.072331 -0.000006 0.000006 
748	(   2.410428  -1.366936  -1.073757 )	16.265167 -12.410428 -8.633064 -8.926243 -7.589572 -11.366936 -11.073757 0.001005 -0.001005 
749	(   2.409695  -1.366962  -1.073106 )	16.257828 -12.409695 -8.633038 -8.926894 -7.590305 -11.366962 -11.073106 -0.004145 0.004145 
750	(   2.409799  -1.367031  -1.073325 )	16.259417 -12.409799 -8.632969 -8.926675 -7.590201 -11.367031 -11.073325 -0.002308 0.002308 
751	(   2.410904  -1.366542  -1.073178 )	16.267153 -12.410904 -8.633458 -8.926822 -7.589096 -11.366542 -11.073178 -0.003086 0.003086 
752	(   2.411799  -1.367378  -1.072636 )	16.282896 -12.411799 -8.632622 -8.927364 -7.588201 -11.367378 -11.072636 0.002309 -0.002309 
753	(   2.410849  -1.36732   -1.072871 )	16.272568 -12.410849 -8.632680 -8.927129 -7.589151 -11.367320 -11.072871 0.000367 -0.000367 
754	(   2.410382  -1.366556  -1.074087 )	16.261758 -12.410382 -8.633444 -8.925913 -7.589618 -11.366556 -11.074087 0.000009 -0.000009 
755	(   2.40987   -1.36732   -1.073365 )	16.262360 -12.409870 -8.632680 -8.926635 -7.590130 -11.367320 -11.073365 -0.000002 0.000002 
756	(   2.410614  -1.367259  -1.073014 )	16.269656 -12.410614 -8.632741 -8.926986 -7.589386 -11.367259 -11.073014 -0.000000 0.000000 
757	(   2.410742  -1.366597  -1.073823 )	16.265829 -12.410742 -8.633403 -8.926177 -7.589258 -11.366597 -11.073823 0.000003 -0.000003 
758	(   2.410909  -1.367093  -1.073065 )	16.271436 -12.410909 -8.632907 -8.926935 -7.589091 -11.367093 -11.073065 -0.000001 0.000001 
759	(   2.410195  -1.366875  -1.073447 )	16.262319 -12.410195 -8.633125 -8.926553 -7.589805 -11.366875 -11.073447 -0.001597 0.001597 
760	(   2.410384  -1.367242  -1.073302 )	16.267110 -12.410384 -8.632758 -8.926698 -7.589616 -11.367242 -11.073302 0.000650 -0.000650 
761	(   2.41032   -1.366995  -1.073057 )	16.264574 -12.410320 -8.633005 -8.926943 -7.589680 -11.366995 -11.073057 -0.002378 0.002378 
762	(   2.411299  -1.367032  -1.073117 )	16.275009 -12.411299 -8.632968 -8.926883 -7.588701 -11.367032 -11.073117 0.000976 -0.000976 
763	(   2.410299  -1.367377  -1.072843 )	16.267299 -12.410299 -8.632623 -8.927157 -7.589701 -11.367377 -11.072843 -0.000977 0.000977 
764	(   2.410875  -1.366997  -1.073288 )	16.270332 -12.410875 -8.633003 -8.926712 -7.589125 -11.366997 -11.073288 0.000376 -0.000376 
765	(   2.410633  -1.367129  -1.073177 )	16.268840 -12.410633 -8.632871 -8.926823 -7.589367 -11.367129 -11.073177 0.000000 -0.000000 
766	(   2.410864  -1.367064  -1.073131 )	16.270735 -12.410864 -8.632936 -8.926869 -7.589136 -11.367064 -11.073131 0.000000 -0.000000 

BBE ( SOL ) BBO
767	(   2.410044  -1.367805  -1.072618 )	16.267961 -12.410044 -8.632195 -8.927382 -7.589956 -11.367805 -11.072618 0.000004 -0.000004 
768	(   2.410949  -1.366813  -1.073415 )	16.269670 -12.410949 -8.633187 -8.926585 -7.589051 -11.366813 -11.073415 -0.000001 0.000001 
769	(   2.411712  -1.366124  -1.07389  )	16.272270 -12.411712 -8.633876 -8.926110 -7.588288 -11.366124 -11.073890 -0.000000 0.000000 
770	(   2.410582  -1.36701   -1.073365 )	16.267383 -12.410582 -8.632990 -8.926635 -7.589418 -11.367010 -11.073365 -0.000000 0.000000 
771	(   2.410245  -1.366914  -1.073688 )	16.263115 -12.410245 -8.633086 -8.926312 -7.589755 -11.366914 -11.073688 0.000000 -0.000000 
772	(   2.409233  -1.366626  -1.074659 )	16.250315 -12.409233 -8.633374 -8.925341 -7.590767 -11.366626 -11.074659 0.000014 -0.000014 
773	(   2.411712  -1.366124  -1.07389  )	16.272267 -12.411712 -8.633876 -8.926110 -7.588288 -11.366124 -11.073890 -0.000002 0.000002 
774	(   2.411358  -1.366071  -1.074165 )	16.268162 -12.411358 -8.633929 -8.925835 -7.588642 -11.366071 -11.074165 -0.000000 0.000000 
775	(   2.413068  -1.365877  -1.073434 )	16.284499 -12.413068 -8.634123 -8.926566 -7.586932 -11.365877 -11.073434 -0.000001 0.000001 
776	(   2.410762  -1.366288  -1.074222 )	16.263632 -12.410762 -8.633712 -8.925778 -7.589238 -11.366288 -11.074222 0.000003 -0.000003 
777	(   2.410711  -1.366854  -1.073498 )	16.267509 -12.410711 -8.633146 -8.926502 -7.589289 -11.366854 -11.073498 0.000000 -0.000000 
778	(   2.408245  -1.367025  -1.073665 )	16.243225 -12.408245 -8.632975 -8.926335 -7.591755 -11.367025 -11.073665 -0.005120 0.005120 
779	(   2.408949  -1.366551  -1.074278 )	16.246832 -12.408949 -8.633449 -8.925722 -7.591051 -11.366551 -11.074278 -0.003188 0.003188 
780	(   2.410316  -1.367022  -1.072688 )	16.264780 -12.410316 -8.632978 -8.927312 -7.589684 -11.367022 -11.072688 -0.004029 0.004029 
781	(   2.410028  -1.365914  -1.073576 )	16.253222 -12.410028 -8.634086 -8.926424 -7.589972 -11.365914 -11.073576 -0.007763 0.007763 
782	(   2.412949  -1.367075  -1.072552 )	16.292528 -12.412949 -8.632925 -8.927448 -7.587051 -11.367075 -11.072552 0.003200 -0.003200 
783	(   2.410266  -1.366922  -1.073699 )	16.263391 -12.410266 -8.633078 -8.926301 -7.589734 -11.366922 -11.073699 0.000166 -0.000166 
784	(   2.409233  -1.366626  -1.074659 )	16.250312 -12.409233 -8.633374 -8.925341 -7.590767 -11.366626 -11.074659 0.000010 -0.000010 
785	(   2.411712  -1.366124  -1.07389  )	16.272267 -12.411712 -8.633876 -8.926110 -7.588288 -11.366124 -11.073890 -0.000001 0.000001 
786	(   2.410874  -1.366579  -1.073771 )	16.267065 -12.410874 -8.633421 -8.926229 -7.589126 -11.366579 -11.073771 0.000002 -0.000002 
787	(   2.410982  -1.366063  -1.074394 )	16.264172 -12.410982 -8.633937 -8.925606 -7.589018 -11.366063 -11.074394 0.000000 -0.000000 
788	(   2.410495  -1.366471  -1.074133 )	16.262271 -12.410495 -8.633529 -8.925867 -7.589505 -11.366471 -11.074133 -0.000001 0.000001 
789	(   2.410657  -1.366758  -1.073657 )	16.266199 -12.410657 -8.633242 -8.926343 -7.589343 -11.366758 -11.073657 -0.000001 0.000001 
790	(   2.411246  -1.365141  -1.075467 )	16.259752 -12.411246 -8.634859 -8.924533 -7.588754 -11.365141 -11.075467 0.000017 -0.000017 
791	(   2.410403  -1.366668  -1.073924 )	16.262843 -12.410403 -8.633332 -8.926076 -7.589597 -11.366668 -11.073924 -0.000003 0.000003 
792	(   2.411034  -1.366406  -1.073907 )	16.267389 -12.411034 -8.633594 -8.926093 -7.588966 -11.366406 -11.073907 -0.000001 0.000001 
793	(   2.410495  -1.366471  -1.074133 )	16.262274 -12.410495 -8.633529 -8.925867 -7.589505 -11.366471 -11.074133 0.000003 -0.000003 
794	(   2.410657  -1.366758  -1.073657 )	16.266198 -12.410657 -8.633242 -8.926343 -7.589343 -11.366758 -11.073657 -0.000000 0.000000 
795	(   2.408245  -1.366922  -1.07412  )	16.242391 -12.408245 -8.633078 -8.925880 -7.591755 -11.366922 -11.074120 -0.003544 0.003544 
796	(   2.410574  -1.365914  -1.074088 )	16.258834 -12.410574 -8.634086 -8.925912 -7.589426 -11.365914 -11.074088 -0.003662 0.003662 
797	(   2.408495  -1.365728  -1.074265 )	16.235833 -12.408495 -8.634272 -8.925735 -7.591505 -11.365728 -11.074265 -0.009970 0.009970 
798	(   2.409373  -1.366443  -1.072688 )	16.250566 -12.409373 -8.633557 -8.927312 -7.590627 -11.366443 -11.072688 -0.010547 0.010547 
799	(   2.412495  -1.367214  -1.074001 )	16.288733 -12.412495 -8.632786 -8.925999 -7.587505 -11.367214 -11.074001 0.009979 -0.009979 
800	(   2.410945  -1.367105  -1.07346  )	16.271863 -12.410945 -8.632895 -8.926540 -7.589055 -11.367105 -11.073460 0.002138 -0.002138 
801	(   2.411246  -1.36514   -1.075467 )	16.259748 -12.411246 -8.634860 -8.924533 -7.588754 -11.365140 -11.075467 0.000015 -0.000015 
802	(   2.408245  -1.367074  -1.074634 )	16.243501 -12.408245 -8.632926 -8.925366 -7.591755 -11.367074 -11.074634 0.000001 -0.000001 
803	(   2.402245  -1.367553  -1.077469 )	16.184749 -12.402245 -8.632447 -8.922531 -7.597755 -11.367553 -11.077469 0.000064 -0.000064 
804	(   2.410554  -1.366411  -1.074179 )	16.262420 -12.410554 -8.633589 -8.925821 -7.589446 -11.366411 -11.074179 -0.000000 0.000000 
805	(   2.417481  -1.364422  -1.072814 )	16.319274 -12.417481 -8.635578 -8.927186 -7.582519 -11.364422 -11.072814 -0.000025 0.000025 
806	(   2.403571  -1.368081  -1.075999 )	16.202649 -12.403571 -8.631919 -8.924001 -7.596429 -11.368081 -11.075999 0.000002 -0.000002 

BBE ( SOL ) BBO
807	(   2.407524  -1.365012  -1.077768 )	16.219960 -12.407524 -8.634988 -8.922232 -7.592476 -11.365012 -11.077768 -0.000004 0.000004 
808	(   2.41053   -1.366167  -1.074517 )	16.260271 -12.410530 -8.633833 -8.925483 -7.589470 -11.366167 -11.074517 0.000001 -0.000001 
809	(   2.410625  -1.36661   -1.073873 )	16.264711 -12.410625 -8.633390 -8.926127 -7.589375 -11.366610 -11.073873 -0.000002 0.000002 
810	(   2.405554  -1.367887  -1.075276 )	16.221770 -12.405554 -8.632113 -8.924724 -7.594446 -11.367887 -11.075276 0.000820 -0.000820 
811	(   2.407282  -1.364411  -1.074483 )	16.213177 -12.407282 -8.635589 -8.925517 -7.592718 -11.364411 -11.074483 -0.021021 0.021021 
812	(   2.408326  -1.36669   -1.072179 )	16.241651 -12.408326 -8.633310 -8.927821 -7.591674 -11.366690 -11.072179 -0.014439 0.014439 
813	(   2.40799   -1.365074  -1.073832 )	16.225642 -12.407990 -8.634926 -8.926168 -7.592010 -11.365074 -11.073832 -0.017865 0.017865 
814	(   2.4085    -1.369074  -1.075436 )	16.261372 -12.408500 -8.630926 -8.924564 -7.591500 -11.369074 -11.075436 0.017898 -0.017898 
815	(   2.415875  -1.366465  -1.074558 )	16.318059 -12.415875 -8.633535 -8.925442 -7.584125 -11.366465 -11.074558 0.017492 -0.017492 
816	(   2.408653  -1.368077  -1.073063 )	16.255568 -12.408653 -8.631923 -8.926937 -7.591347 -11.368077 -11.073063 -0.000002 0.000002 
817	(   2.410726  -1.366754  -1.073623 )	16.266889 -12.410726 -8.633246 -8.926377 -7.589274 -11.366754 -11.073623 -0.000001 0.000001 
818	(   2.409304  -1.365992  -1.075179 )	16.246150 -12.409304 -8.634008 -8.924821 -7.590696 -11.365992 -11.075179 -0.001378 0.001378 
819	(   2.406421  -1.368074  -1.074941 )	16.232216 -12.406421 -8.631926 -8.925059 -7.593579 -11.368074 -11.074941 0.002875 -0.002875 
820	(   2.410069  -1.366074  -1.074327 )	16.254795 -12.410069 -8.633926 -8.925673 -7.589931 -11.366074 -11.074327 -0.002876 0.002876 
821	(   2.411277  -1.365411  -1.073986 )	16.262288 -12.411277 -8.634589 -8.926014 -7.588723 -11.365411 -11.073986 -0.005471 0.005471 
822	(   2.408554  -1.366188  -1.07346  )	16.240044 -12.408554 -8.633812 -8.926540 -7.591446 -11.366188 -11.073460 -0.010763 0.010763 
823	(   2.410722  -1.366475  -1.074064 )	16.264663 -12.410722 -8.633525 -8.925936 -7.589278 -11.366475 -11.074064 0.000333 -0.000333 
824	(   2.402245  -1.367553  -1.077469 )	16.184752 -12.402245 -8.632447 -8.922531 -7.597755 -11.367553 -11.077469 0.000069 -0.000069 
825	(   2.417481  -1.364422  -1.072814 )	16.319275 -12.417481 -8.635578 -8.927186 -7.582519 -11.364422 -11.072814 -0.000024 0.000024 
826	(   2.407722  -1.367339  -1.074587 )	16.240116 -12.407722 -8.632661 -8.925413 -7.592278 -11.367339 -11.074587 0.000019 -0.000019 
827	(   2.410318  -1.366379  -1.074357 )	16.259710 -12.410318 -8.633621 -8.925643 -7.589682 -11.366379 -11.074357 0.000000 -0.000000 
828	(   2.402245  -1.367553  -1.077469 )	16.184752 -12.402245 -8.632447 -8.922531 -7.597755 -11.367553 -11.077469 0.000066 -0.000066 
829	(   2.40961   -1.366284  -1.074893 )	16.251580 -12.409610 -8.633716 -8.925107 -7.590390 -11.366284 -11.074893 0.000001 -0.000001 
830	(   2.408148  -1.368074  -1.073361 )	16.250277 -12.408148 -8.631926 -8.926639 -7.591852 -11.368074 -11.073361 0.000001 -0.000001 
831	(   2.41076   -1.367049  -1.073209 )	16.269543 -12.410760 -8.632951 -8.926791 -7.589240 -11.367049 -11.073209 -0.000000 0.000000 
832	(   2.409763  -1.367074  -1.073755 )	16.259329 -12.409763 -8.632926 -8.926245 -7.590237 -11.367074 -11.073755 0.000000 -0.000000 
833	(   2.409153  -1.367579  -1.073436 )	16.256904 -12.409153 -8.632421 -8.926564 -7.590847 -11.367579 -11.073436 0.000002 -0.000002 
834	(   2.408098  -1.369158  -1.071949 )	16.258204 -12.408098 -8.630842 -8.928051 -7.591902 -11.369158 -11.071949 0.000035 -0.000035 
835	(   2.40627   -1.367986  -1.074566 )	16.230016 -12.406270 -8.632014 -8.925434 -7.593730 -11.367986 -11.074566 0.000000 -0.000000 
836	(   2.40037   -1.370722  -1.074362 )	16.189885 -12.400370 -8.629278 -8.925638 -7.599630 -11.370722 -11.074362 0.000033 -0.000033 
837	(   2.40477   -1.366197  -1.077785 )	16.200489 -12.404770 -8.633803 -8.922215 -7.595230 -11.366197 -11.077785 -0.000022 0.000022 
838	(   2.405545  -1.367772  -1.075278 )	16.220797 -12.405545 -8.632228 -8.924722 -7.594455 -11.367772 -11.075278 0.000047 -0.000047 
839	(   2.40697   -1.367882  -1.074274 )	16.236504 -12.406970 -8.632118 -8.925726 -7.593030 -11.367882 -11.074274 -0.000123 0.000123 
840	(   2.40967   -1.366779  -1.074203 )	16.256064 -12.409670 -8.633221 -8.925797 -7.590330 -11.366779 -11.074203 0.000008 -0.000008 
841	(   2.39627   -1.366469  -1.074235 )	16.115068 -12.396270 -8.633531 -8.925765 -7.603730 -11.366469 -11.074235 -0.040296 0.040296 
842	(   2.39877   -1.369986  -1.074457 )	16.167707 -12.398770 -8.630014 -8.925543 -7.601230 -11.369986 -11.074457 -0.008941 0.008941 
843	(   2.40757   -1.368074  -1.072566 )	16.244367 -12.407570 -8.631926 -8.927434 -7.592430 -11.368074 -11.072566 -0.005586 0.005586 
844	(   2.406745  -1.365074  -1.075417 )	16.212589 -12.406745 -8.634926 -8.924583 -7.593255 -11.365074 -11.075417 -0.013562 0.013562 
845	(   2.409745  -1.369074  -1.073851 )	16.274450 -12.409745 -8.630926 -8.926149 -7.590255 -11.369074 -11.073851 0.013609 -0.013609 
846	(   2.40657   -1.36795   -1.074638 )	16.232842 -12.406570 -8.632050 -8.925362 -7.593430 -11.367950 -11.074638 0.000982 -0.000982 

BBE ( SOL ) BBO
847	(   2.400345  -1.370722  -1.074362 )	16.189626 -12.400345 -8.629278 -8.925638 -7.599655 -11.370722 -11.074362 -0.000039 0.000039 
848	(   2.40511   -1.368349  -1.074756 )	16.220756 -12.405110 -8.631651 -8.925244 -7.594890 -11.368349 -11.074756 0.000002 -0.000002 
849	(   2.4084    -1.367508  -1.073968 )	16.248496 -12.408400 -8.632492 -8.926032 -7.591600 -11.367508 -11.073968 0.000001 -0.000001 
850	(   2.407013  -1.367882  -1.074274 )	16.236949 -12.407013 -8.632118 -8.925726 -7.592987 -11.367882 -11.074274 -0.000000 0.000000 
851	(   2.40127   -1.368149  -1.074965 )	16.179466 -12.401270 -8.631851 -8.925035 -7.598730 -11.368149 -11.074965 -0.011305 0.011305 
852	(   2.405237  -1.368986  -1.073639 )	16.227059 -12.405237 -8.631014 -8.926361 -7.594763 -11.368986 -11.073639 -0.000978 0.000978 
853	(   2.403547  -1.366986  -1.073609 )	16.194271 -12.403547 -8.633014 -8.926391 -7.596453 -11.366986 -11.073609 -0.019136 0.019136 
854	(   2.403245  -1.368     -1.075008 )	16.198754 -12.403245 -8.632000 -8.924992 -7.596755 -11.368000 -11.075008 -0.006399 0.006399 
855	(   2.413245  -1.366148  -1.07426  )	16.288331 -12.413245 -8.633852 -8.925740 -7.586755 -11.366148 -11.074260 0.006382 -0.006382 
856	(   2.412347  -1.367611  -1.07593  )	16.290047 -12.412347 -8.632389 -8.924070 -7.587653 -11.367611 -11.075930 0.021758 -0.021758 
857	(   2.400345  -1.370722  -1.074362 )	16.189628 -12.400345 -8.629278 -8.925638 -7.599655 -11.370722 -11.074362 -0.000038 0.000038 
858	(   2.406686  -1.367888  -1.074455 )	16.233582 -12.406686 -8.632112 -8.925545 -7.593314 -11.367888 -11.074455 -0.000004 0.000004 
859	(   2.408497  -1.367111  -1.074439 )	16.246415 -12.408497 -8.632889 -8.925561 -7.591503 -11.367111 -11.074439 0.000001 -0.000001 
860	(   2.405046  -1.368915  -1.074039 )	16.224499 -12.405046 -8.631085 -8.925961 -7.594954 -11.368915 -11.074039 -0.000009 0.000009 
861	(   2.409     -1.367013  -1.074278 )	16.250900 -12.409000 -8.632987 -8.925722 -7.591000 -11.367013 -11.074278 0.000002 -0.000002 
862	(   2.40427   -1.36792   -1.074427 )	16.208808 -12.404270 -8.632080 -8.925573 -7.595730 -11.367920 -11.074427 -0.006869 0.006869 
863	(   2.405936  -1.367569  -1.075066 )	16.223320 -12.405936 -8.632431 -8.924934 -7.594064 -11.367569 -11.075066 -0.001217 0.001217 
864	(   2.405574  -1.368486  -1.074953 )	16.226591 -12.405574 -8.631514 -8.925047 -7.594426 -11.368486 -11.074953 0.003217 -0.003217 
865	(   2.407261  -1.366574  -1.074349 )	16.229506 -12.407261 -8.633426 -8.925651 -7.592739 -11.366574 -11.074349 -0.007524 0.007524 
866	(   2.409229  -1.367574  -1.074918 )	16.257502 -12.409229 -8.632426 -8.925082 -7.590771 -11.367574 -11.074918 0.007531 -0.007531 
867	(   2.406308  -1.36798   -1.074554 )	16.230366 -12.406308 -8.632020 -8.925446 -7.593692 -11.367980 -11.074554 0.000011 -0.000011 
868	(   2.406468  -1.368349  -1.074392 )	16.234863 -12.406468 -8.631651 -8.925608 -7.593532 -11.368349 -11.074392 0.002099 -0.002099 
869	(   2.407722  -1.366945  -1.074801 )	16.237076 -12.407722 -8.633055 -8.925199 -7.592278 -11.366945 -11.074801 -0.001518 0.001518 
870	(   2.40481   -1.368883  -1.074218 )	16.221792 -12.404810 -8.631117 -8.925782 -7.595190 -11.368883 -11.074218 -0.000011 0.000011 
871	(   2.409118  -1.367029  -1.074188 )	16.252255 -12.409118 -8.632971 -8.925812 -7.590882 -11.367029 -11.074188 0.000002 -0.000002 
872	(   2.406043  -1.368186  -1.074559 )	16.229195 -12.406043 -8.631814 -8.925441 -7.593957 -11.368186 -11.074559 0.000631 -0.000631 
873	(   2.40527   -1.36794   -1.07456  )	16.219309 -12.405270 -8.632060 -8.925440 -7.594730 -11.367940 -11.074560 -0.003199 0.003199 
874	(   2.406304  -1.367981  -1.074366 )	16.230348 -12.406304 -8.632019 -8.925634 -7.593696 -11.367981 -11.074366 -0.000930 0.000930 
875	(   2.407245  -1.367026  -1.074477 )	16.232785 -12.407245 -8.632974 -8.925523 -7.592755 -11.367026 -11.074477 -0.003957 0.003957 
876	(   2.409245  -1.367122  -1.07479  )	16.254221 -12.409245 -8.632878 -8.925210 -7.590755 -11.367122 -11.074790 0.003960 -0.003960 
877	(   2.40636   -1.367891  -1.074769 )	16.230204 -12.406360 -8.632109 -8.925231 -7.593640 -11.367891 -11.074769 0.000646 -0.000646 
878	(   2.406686  -1.368174  -1.074503 )	16.235773 -12.406686 -8.631826 -8.925497 -7.593314 -11.368174 -11.074503 0.002125 -0.002125 
879	(   2.407973  -1.367077  -1.074733 )	16.240695 -12.407973 -8.632923 -8.925267 -7.592027 -11.367077 -11.074733 -0.000266 0.000266 
880	(   2.409345  -1.367235  -1.073782 )	16.256230 -12.409345 -8.632765 -8.926218 -7.590655 -11.367235 -11.073782 -0.000002 0.000002 
881	(   2.406169  -1.368071  -1.074512 )	16.229619 -12.406169 -8.631929 -8.925488 -7.593831 -11.368071 -11.074512 0.000001 -0.000001 
882	(   2.405865  -1.368324  -1.074352 )	16.228426 -12.405865 -8.631676 -8.925648 -7.594135 -11.368324 -11.074352 0.000004 -0.000004 
883	(   2.405585  -1.368048  -1.07488  )	16.223360 -12.405585 -8.631952 -8.925120 -7.594415 -11.368048 -11.074880 0.000001 -0.000001 
884	(   2.403529  -1.368234  -1.075822 )	16.203402 -12.403529 -8.631766 -8.924178 -7.596471 -11.368234 -11.075822 0.000009 -0.000009 
885	(   2.405154  -1.368906  -1.07399  )	16.225554 -12.405154 -8.631094 -8.926010 -7.594846 -11.368906 -11.073990 0.000001 -0.000001 
886	(   2.406417  -1.368013  -1.074444 )	16.231758 -12.406417 -8.631987 -8.925556 -7.593583 -11.368013 -11.074444 -0.000001 0.000001 

BBE ( SOL ) BBO
887	(   2.40427   -1.368107  -1.074412 )	16.210243 -12.404270 -8.631893 -8.925588 -7.595730 -11.368107 -11.074412 -0.005706 0.005706 
888	(   2.406097  -1.367548  -1.075125 )	16.224815 -12.406097 -8.632452 -8.924875 -7.593903 -11.367548 -11.075125 -0.000602 0.000602 
889	(   2.40675   -1.367849  -1.074066 )	16.233995 -12.406750 -8.632151 -8.925934 -7.593250 -11.367849 -11.074066 -0.002002 0.002002 
890	(   2.405663  -1.367486  -1.074666 )	16.219894 -12.405663 -8.632514 -8.925334 -7.594337 -11.367486 -11.074666 -0.004535 0.004535 
891	(   2.405073  -1.368548  -1.074634 )	16.221906 -12.405073 -8.631452 -8.925366 -7.594927 -11.368548 -11.074634 0.000603 -0.000603 
892	(   2.406291  -1.367991  -1.074571 )	16.230273 -12.406291 -8.632009 -8.925429 -7.593709 -11.367991 -11.074571 0.000122 -0.000122 
893	(   2.405463  -1.368162  -1.0748   )	16.222973 -12.405463 -8.631838 -8.925200 -7.594537 -11.368162 -11.074800 -0.000001 0.000001 
894	(   2.403041  -1.368688  -1.075501 )	16.201856 -12.403041 -8.631312 -8.924499 -7.596959 -11.368688 -11.075501 -0.000002 0.000002 
895	(   2.403297  -1.369055  -1.074869 )	16.207372 -12.403297 -8.630945 -8.925131 -7.596703 -11.369055 -11.074869 0.000001 -0.000001 
896	(   2.3968    -1.371735  -1.075077 )	16.160651 -12.396800 -8.628265 -8.924923 -7.603200 -11.371735 -11.075077 -0.000035 0.000035 
897	(   2.405573  -1.368141  -1.074764 )	16.223961 -12.405573 -8.631859 -8.925236 -7.594427 -11.368141 -11.074764 0.000002 -0.000002 
898	(   2.405979  -1.368903  -1.073515 )	16.234124 -12.405979 -8.631097 -8.926485 -7.594021 -11.368903 -11.073515 -0.000005 0.000005 
899	(   2.405046  -1.368915  -1.074039 )	16.224497 -12.405046 -8.631085 -8.925961 -7.594954 -11.368915 -11.074039 -0.000013 0.000013 
900	(   2.409     -1.367013  -1.074278 )	16.250898 -12.409000 -8.632987 -8.925722 -7.591000 -11.367013 -11.074278 -0.000001 0.000001 
901	(   2.399498  -1.369918  -1.073869 )	16.174774 -12.399498 -8.630082 -8.926131 -7.600502 -11.369918 -11.073869 -0.010207 0.010207 
902	(   2.40127   -1.367892  -1.074767 )	16.177522 -12.401270 -8.632108 -8.925233 -7.598730 -11.367892 -11.074767 -0.013977 0.013977 
903	(   2.405664  -1.367134  -1.073566 )	16.217323 -12.405664 -8.632866 -8.926434 -7.594336 -11.367134 -11.073566 -0.012302 0.012302 
904	(   2.404973  -1.368986  -1.073745 )	16.224314 -12.404973 -8.631014 -8.926255 -7.595027 -11.368986 -11.073745 -0.001212 0.001212 
905	(   2.407096  -1.368192  -1.075869 )	16.240021 -12.407096 -8.631808 -8.924131 -7.592904 -11.368192 -11.075869 0.010209 -0.010209 
906	(   2.408756  -1.367596  -1.07487  )	16.252770 -12.408756 -8.632404 -8.925130 -7.591244 -11.367596 -11.074870 0.006078 -0.006078 
907	(   2.3968    -1.371735  -1.075076 )	16.160655 -12.396800 -8.628265 -8.924924 -7.603200 -11.371735 -11.075076 -0.000033 0.000033 
908	(   2.402388  -1.369036  -1.075421 )	16.197761 -12.402388 -8.630964 -8.924579 -7.597612 -11.369036 -11.075421 0.000006 -0.000006 
909	(   2.406599  -1.367792  -1.074632 )	16.231937 -12.406599 -8.632208 -8.925368 -7.593401 -11.367792 -11.074632 0.000001 -0.000001 
910	(   2.406353  -1.367486  -1.075033 )	16.227005 -12.406353 -8.632514 -8.924967 -7.593647 -11.367486 -11.075033 -0.000730 0.000730 
911	(   2.401311  -1.369417  -1.075369 )	16.189539 -12.401311 -8.630583 -8.924631 -7.598689 -11.369417 -11.075369 -0.000841 0.000841 
912	(   2.405283  -1.368693  -1.074369 )	16.225219 -12.405283 -8.631307 -8.925631 -7.594717 -11.368693 -11.074369 0.000843 -0.000843 
913	(   2.40827   -1.367677  -1.074213 )	16.248420 -12.408270 -8.632323 -8.925787 -7.591730 -11.367677 -11.074213 0.001963 -0.001963 
914	(   2.40427   -1.36761   -1.074185 )	16.206463 -12.404270 -8.632390 -8.925815 -7.595730 -11.367610 -11.074185 -0.010104 0.010104 
915	(   2.406269  -1.367998  -1.074568 )	16.230098 -12.406269 -8.632002 -8.925432 -7.593731 -11.367998 -11.074568 0.000089 -0.000089 
916	(   2.404118  -1.36934   -1.074229 )	16.218114 -12.404118 -8.630660 -8.925771 -7.595882 -11.369340 -11.074229 0.001059 -0.001059 
917	(   2.406275  -1.367963  -1.074593 )	16.229888 -12.406275 -8.632037 -8.925407 -7.593725 -11.367963 -11.074593 -0.000000 0.000000 
918	(   2.406291  -1.367893  -1.074677 )	16.229509 -12.406291 -8.632107 -8.925323 -7.593709 -11.367893 -11.074677 -0.000000 0.000000 
919	(   2.406339  -1.367683  -1.074928 )	16.228375 -12.406339 -8.632317 -8.925072 -7.593661 -11.367683 -11.074928 0.000002 -0.000002 
920	(   2.405143  -1.369077  -1.07377  )	16.226766 -12.405143 -8.630923 -8.926230 -7.594857 -11.369077 -11.073770 0.000000 -0.000000 
921	(   2.41068   -1.369143  -1.070473 )	16.285037 -12.410680 -8.630857 -8.929527 -7.589320 -11.369143 -11.070473 0.000099 -0.000099 
922	(   2.403719  -1.369632  -1.073858 )	16.216260 -12.403719 -8.630368 -8.926142 -7.596281 -11.369632 -11.073858 -0.000002 0.000002 
923	(   2.404894  -1.368647  -1.074485 )	16.220827 -12.404894 -8.631353 -8.925515 -7.595106 -11.368647 -11.074485 -0.000001 0.000001 
924	(   2.405536  -1.368636  -1.074128 )	16.227428 -12.405536 -8.631364 -8.925872 -7.594464 -11.368636 -11.074128 -0.000000 0.000000 
925	(   2.407143  -1.368347  -1.073902 )	16.241890 -12.407143 -8.631653 -8.926098 -7.592857 -11.368347 -11.073902 0.001592 -0.001592 
926	(   2.403368  -1.368055  -1.075141 )	16.200435 -12.403368 -8.631945 -8.924859 -7.596632 -11.368055 -11.075141 -0.005022 0.005022 

BBE ( SOL ) BBO
927	(   2.403226  -1.370055  -1.074597 )	16.214313 -12.403226 -8.629945 -8.925403 -7.596774 -11.370055 -11.074597 0.005029 -0.005029 
928	(   2.406631  -1.370077  -1.07336  )	16.249883 -12.406631 -8.629923 -8.926640 -7.593369 -11.370077 -11.073360 0.008840 -0.008840 
929	(   2.405035  -1.368912  -1.07177  )	16.224593 -12.405035 -8.631088 -8.928230 -7.594965 -11.368912 -11.071770 -0.011273 0.011273 
930	(   2.405089  -1.369067  -1.073805 )	16.226129 -12.405089 -8.630933 -8.926195 -7.594911 -11.369067 -11.073805 -0.000047 0.000047 
931	(   2.3968    -1.371735  -1.075077 )	16.160655 -12.396800 -8.628265 -8.924923 -7.603200 -11.371735 -11.075077 -0.000032 0.000032 
932	(   2.402471  -1.369769  -1.074399 )	16.204330 -12.402471 -8.630231 -8.925601 -7.597529 -11.369769 -11.074399 -0.000010 0.000010 
933	(   2.405735  -1.369244  -1.073203 )	16.234240 -12.405735 -8.630756 -8.926797 -7.594265 -11.369244 -11.073203 -0.000002 0.000002 
934	(   2.405038  -1.369108  -1.07379  )	16.225915 -12.405038 -8.630892 -8.926210 -7.594962 -11.369108 -11.073790 0.000001 -0.000001 
935	(   2.405966  -1.368249  -1.074393 )	16.228894 -12.405966 -8.631751 -8.925607 -7.594034 -11.368249 -11.074393 0.000001 -0.000001 
936	(   2.404143  -1.369548  -1.073611 )	16.220032 -12.404143 -8.630452 -8.926389 -7.595857 -11.369548 -11.073611 -0.000558 0.000558 
937	(   2.403398  -1.369555  -1.075062 )	16.212222 -12.403398 -8.630445 -8.924938 -7.596602 -11.369555 -11.075062 0.004541 -0.004541 
938	(   2.403196  -1.368555  -1.074676 )	16.202524 -12.403196 -8.631445 -8.925324 -7.596804 -11.368555 -11.074676 -0.004537 0.004537 
939	(   2.40421   -1.368577  -1.073708 )	16.213285 -12.404210 -8.631423 -8.926292 -7.595790 -11.368577 -11.073708 -0.006280 0.006280 
940	(   2.405259  -1.369054  -1.07277  )	16.227896 -12.405259 -8.630946 -8.927230 -7.594741 -11.369054 -11.072770 -0.004762 0.004762 
941	(   2.405309  -1.369038  -1.073856 )	16.228182 -12.405309 -8.630962 -8.926144 -7.594691 -11.369038 -11.073856 0.000649 -0.000649 
942	(   2.3968    -1.371735  -1.075076 )	16.160651 -12.396800 -8.628265 -8.924924 -7.603200 -11.371735 -11.075076 -0.000035 0.000035 
943	(   2.402507  -1.369161  -1.074596 )	16.200033 -12.402507 -8.630839 -8.925404 -7.597493 -11.369161 -11.074596 -0.002926 0.002926 
944	(   2.40481   -1.368767  -1.074369 )	16.220884 -12.404810 -8.631233 -8.925631 -7.595190 -11.368767 -11.074369 -0.000030 0.000030 
945	(   2.405038  -1.369108  -1.07379  )	16.225915 -12.405038 -8.630892 -8.926210 -7.594962 -11.369108 -11.073790 0.000000 -0.000000 
946	(   2.404419  -1.36968   -1.073388 )	16.223930 -12.404419 -8.630320 -8.926612 -7.595581 -11.369680 -11.073388 0.000003 -0.000003 
947	(   2.404724  -1.3692    -1.073849 )	16.223364 -12.404724 -8.630800 -8.926151 -7.595276 -11.369200 -11.073849 0.000001 -0.000001 
948	(   2.403443  -1.369142  -1.074669 )	16.209569 -12.403443 -8.630858 -8.925331 -7.596557 -11.369142 -11.074669 -0.000001 0.000001 
949	(   2.403939  -1.369381  -1.074064 )	16.216595 -12.403939 -8.630619 -8.925936 -7.596061 -11.369381 -11.074064 -0.000000 0.000000 
950	(   2.400642  -1.3702    -1.074888 )	16.188653 -12.400642 -8.629800 -8.925112 -7.599358 -11.370200 -11.074888 -0.000005 0.000005 
951	(   2.404007  -1.367933  -1.075943 )	16.206036 -12.404007 -8.632067 -8.924057 -7.595993 -11.367933 -11.075943 0.000004 -0.000004 
952	(   2.404569  -1.368688  -1.074619 )	16.217761 -12.404569 -8.631312 -8.925381 -7.595431 -11.368688 -11.074619 -0.000001 0.000001 
953	(   2.403877  -1.369741  -1.073621 )	16.218752 -12.403877 -8.630259 -8.926379 -7.596123 -11.369741 -11.073621 -0.000002 0.000002 
954	(   2.405121  -1.368912  -1.074001 )	16.225254 -12.405121 -8.631088 -8.925999 -7.594879 -11.368912 -11.074001 -0.000003 0.000003 
955	(   2.401297  -1.369606  -1.07498  )	16.190878 -12.401297 -8.630394 -8.925020 -7.598703 -11.369606 -11.074980 -0.001573 0.001573 
956	(   2.405297  -1.368504  -1.074758 )	16.223879 -12.405297 -8.631496 -8.925242 -7.594703 -11.368504 -11.074758 0.001570 -0.001570 
957	(   2.405939  -1.36938   -1.074007 )	16.237310 -12.405939 -8.630620 -8.925993 -7.594061 -11.369380 -11.074007 0.005461 -0.005461 
958	(   2.403941  -1.368381  -1.074103 )	16.208963 -12.403941 -8.631619 -8.925897 -7.596059 -11.368381 -11.074103 -0.006383 0.006383 
959	(   2.403826  -1.369341  -1.073064 )	16.215222 -12.403826 -8.630659 -8.926936 -7.596174 -11.369341 -11.073064 -0.005538 0.005538 
960	(   2.401952  -1.370084  -1.074109 )	16.201399 -12.401952 -8.629916 -8.925891 -7.598048 -11.370084 -11.074109 -0.000864 0.000864 
961	(   2.400642  -1.3702    -1.074888 )	16.188655 -12.400642 -8.629800 -8.925112 -7.599358 -11.370200 -11.074888 -0.000004 0.000004 
962	(   2.403266  -1.368955  -1.075019 )	16.206270 -12.403266 -8.631045 -8.924981 -7.596734 -11.368955 -11.075019 -0.000001 0.000001 
963	(   2.403173  -1.368655  -1.07547  )	16.202970 -12.403173 -8.631345 -8.924530 -7.596827 -11.368655 -11.075470 0.000002 -0.000002 
964	(   2.401288  -1.369728  -1.07514  )	16.191701 -12.401288 -8.630272 -8.924860 -7.598712 -11.369728 -11.075140 0.000000 -0.000000 
965	(   2.395354  -1.372047  -1.075503 )	16.148056 -12.395354 -8.627953 -8.924497 -7.604646 -11.372047 -11.075503 -0.000031 0.000031 
966	(   2.399766  -1.369936  -1.075745 )	16.177490 -12.399766 -8.630064 -8.924255 -7.600234 -11.369936 -11.075745 0.000001 -0.000001 

BBE ( SOL ) BBO
967	(   2.395201  -1.37056   -1.07756  )	16.134912 -12.395201 -8.629440 -8.922440 -7.604799 -11.370560 -11.077560 0.000025 -0.000025 
968	(   2.395201  -1.370372  -1.077801 )	16.133453 -12.395201 -8.629628 -8.922199 -7.604799 -11.370372 -11.077801 -0.000003 0.000003 
969	(   2.408239  -1.364675  -1.077801 )	16.224790 -12.408239 -8.635325 -8.922199 -7.591761 -11.364675 -11.077801 -0.000005 0.000005 
970	(   2.401701  -1.369734  -1.074893 )	16.196045 -12.401701 -8.630266 -8.925107 -7.598299 -11.369734 -11.074893 0.000000 -0.000000 
971	(   2.406027  -1.364728  -1.078628 )	16.202205 -12.406027 -8.635272 -8.921372 -7.593973 -11.364728 -11.078628 -0.001842 0.001842 
972	(   2.405563  -1.370292  -1.07014  )	16.240805 -12.405563 -8.629708 -8.929860 -7.594437 -11.370292 -11.070140 -0.008669 0.008669 
973	(   2.398305  -1.364728  -1.072025 )	16.123014 -12.398305 -8.635272 -8.927975 -7.601695 -11.364728 -11.072025 -0.056787 0.056787 
974	(   2.39988   -1.366775  -1.070745 )	16.155035 -12.399880 -8.633225 -8.929255 -7.600120 -11.366775 -11.070745 -0.045157 0.045157 
975	(   2.399652  -1.373097  -1.080745 )	16.199967 -12.399652 -8.626903 -8.919255 -7.600348 -11.373097 -11.080745 0.045551 -0.045551 
976	(   2.401228  -1.369822  -1.075186 )	16.191794 -12.401228 -8.630178 -8.924814 -7.598772 -11.369822 -11.075186 0.000675 -0.000675 
977	(   2.39627   -1.370827  -1.076588 )	16.148085 -12.396270 -8.629173 -8.923412 -7.603730 -11.370827 -11.076588 -0.000002 0.000002 
978	(   2.404997  -1.368258  -1.074942 )	16.218871 -12.404997 -8.631742 -8.925058 -7.595003 -11.368258 -11.074942 0.000003 -0.000003 
979	(   2.399581  -1.370121  -1.075609 )	16.177004 -12.399581 -8.629879 -8.924391 -7.600419 -11.370121 -11.075609 0.000007 -0.000007 
980	(   2.403674  -1.369361  -1.074244 )	16.213680 -12.403674 -8.630639 -8.925756 -7.596326 -11.369361 -11.074244 -0.000002 0.000002 
981	(   2.399028  -1.368524  -1.077745 )	16.158878 -12.399028 -8.631476 -8.922255 -7.600972 -11.368524 -11.077745 -0.001412 0.001412 
982	(   2.400157  -1.370676  -1.07314  )	16.187458 -12.400157 -8.629324 -8.926860 -7.599843 -11.370676 -11.073140 -0.006932 0.006932 
983	(   2.40044   -1.367728  -1.074671 )	16.167698 -12.400440 -8.632272 -8.925329 -7.599560 -11.367728 -11.074671 -0.017911 0.017911 
984	(   2.400504  -1.371348  -1.073745 )	16.196125 -12.400504 -8.628652 -8.926255 -7.599496 -11.371348 -11.073745 0.001484 -0.001484 
985	(   2.403288  -1.369204  -1.07376  )	16.208532 -12.403288 -8.630796 -8.926240 -7.596712 -11.369204 -11.073760 -0.004544 0.004544 
986	(   2.401288  -1.369744  -1.075178 )	16.191817 -12.401288 -8.630256 -8.924822 -7.598712 -11.369744 -11.075178 0.000294 -0.000294 
987	(   2.400061  -1.370824  -1.074399 )	16.187464 -12.400061 -8.629176 -8.925601 -7.599939 -11.370824 -11.074399 -0.000000 0.000000 
988	(   2.396379  -1.374112  -1.072176 )	16.174788 -12.396379 -8.625888 -8.927824 -7.603621 -11.374112 -11.072176 0.000034 -0.000034 
989	(   2.398259  -1.371637  -1.074366 )	16.175053 -12.398259 -8.628363 -8.925634 -7.601741 -11.371637 -11.074366 -0.000005 0.000005 
990	(   2.401027  -1.37058   -1.074162 )	16.195616 -12.401027 -8.629420 -8.925838 -7.598973 -11.370580 -11.074162 -0.000000 0.000000 
991	(   2.399883  -1.371021  -1.074241 )	16.187146 -12.399883 -8.628979 -8.925759 -7.600117 -11.371021 -11.074241 0.000000 -0.000000 
992	(   2.398974  -1.371664  -1.073915 )	16.182697 -12.398974 -8.628336 -8.926085 -7.601026 -11.371664 -11.073915 -0.000003 0.000003 
993	(   2.399349  -1.371612  -1.073767 )	16.186195 -12.399349 -8.628388 -8.926233 -7.600651 -11.371612 -11.073767 0.000003 -0.000003 
994	(   2.397     -1.369709  -1.077637 )	16.146985 -12.397000 -8.630291 -8.922363 -7.603000 -11.369709 -11.077637 -0.000001 0.000001 
995	(   2.388702  -1.369028  -1.083313 )	16.055694 -12.388702 -8.630972 -8.916687 -7.611298 -11.369028 -11.083313 0.000317 -0.000317 
996	(   2.406826  -1.368691  -1.073306 )	16.241299 -12.406826 -8.631309 -8.926694 -7.593174 -11.368691 -11.073306 -0.000001 0.000001 
997	(   2.40708   -1.371081  -1.069955 )	16.262599 -12.407080 -8.628919 -8.930045 -7.592920 -11.371081 -11.069955 -0.000004 0.000004 
998	(   2.399794  -1.370469  -1.075025 )	16.181927 -12.399794 -8.629531 -8.924975 -7.600206 -11.370469 -11.075025 0.000005 -0.000005 
999	(   2.400719  -1.370552  -1.074378 )	16.192191 -12.400719 -8.629448 -8.925622 -7.599281 -11.370552 -11.074378 -0.000000 0.000000 
1000	(   2.397653  -1.366021  -1.076615 )	16.125690 -12.397653 -8.633979 -8.923385 -7.602347 -11.366021 -11.076615 -0.027423 0.027423 
1001	(   2.394883  -1.373938  -1.075689 )	16.157622 -12.394883 -8.626062 -8.924311 -7.605117 -11.373938 -11.075689 0.011972 -0.011972 
1002	(   2.397635  -1.36965   -1.069241 )	16.153963 -12.397635 -8.630350 -8.930759 -7.602365 -11.369650 -11.069241 -0.040103 0.040103 
1003	(   2.394742  -1.364709  -1.073313 )	16.085989 -12.394742 -8.635291 -8.926687 -7.605258 -11.364709 -11.073313 -0.060751 0.060751 
1004	(   2.399258  -1.374709  -1.081961 )	16.208096 -12.399258 -8.625291 -8.918039 -7.600742 -11.374709 -11.081961 0.061192 -0.061192 
1005	(   2.400211  -1.37092   -1.074185 )	16.189773 -12.400211 -8.629080 -8.925815 -7.599789 -11.370920 -11.074185 0.000003 -0.000003 
1006	(   2.400048  -1.368417  -1.077582 )	16.168617 -12.400048 -8.631583 -8.922418 -7.599952 -11.368417 -11.077582 -0.000001 0.000001 

BBE ( SOL ) BBO
1007	(   2.403832  -1.37075   -1.072302 )	16.226147 -12.403832 -8.629250 -8.927698 -7.596168 -11.370750 -11.072302 -0.000003 0.000003 
1008	(   2.400102  -1.370497  -1.074809 )	16.185347 -12.400102 -8.629503 -8.925191 -7.599898 -11.370497 -11.074809 0.000002 -0.000002 
1009	(   2.400565  -1.370538  -1.074486 )	16.190482 -12.400565 -8.629462 -8.925514 -7.599435 -11.370538 -11.074486 0.000001 -0.000001 
1010	(   2.398559  -1.369021  -1.076201 )	16.157977 -12.398559 -8.630979 -8.923799 -7.601441 -11.369021 -11.076201 -0.007211 0.007211 
1011	(   2.398613  -1.369901  -1.072241 )	16.165665 -12.398613 -8.630099 -8.927759 -7.601387 -11.369901 -11.072241 -0.020910 0.020910 
1012	(   2.397883  -1.372679  -1.074582 )	16.179110 -12.397883 -8.627321 -8.925418 -7.602117 -11.372679 -11.074582 0.006841 -0.006841 
1013	(   2.39759   -1.367709  -1.077358 )	16.137843 -12.397590 -8.632291 -8.922642 -7.602410 -11.367709 -11.077358 -0.012826 0.012826 
1014	(   2.39641   -1.371709  -1.077916 )	16.156134 -12.396410 -8.628291 -8.922084 -7.603590 -11.371709 -11.077916 0.012839 -0.012839 
1015	(   2.402717  -1.371111  -1.072473 )	16.217345 -12.402717 -8.628889 -8.927527 -7.597283 -11.371111 -11.072473 0.000009 -0.000009 
1016	(   2.396779  -1.369818  -1.077422 )	16.145553 -12.396779 -8.630182 -8.922578 -7.603221 -11.369818 -11.077422 -0.000997 0.000997 
1017	(   2.397883  -1.372586  -1.073325 )	16.178533 -12.397883 -8.627414 -8.926675 -7.602117 -11.372586 -11.073325 0.000000 -0.000000 
1018	(   2.391883  -1.377281  -1.070577 )	16.152783 -12.391883 -8.622719 -8.929423 -7.608117 -11.377281 -11.070577 0.000038 -0.000038 
1019	(   2.39741   -1.369822  -1.077253 )	16.152116 -12.397410 -8.630178 -8.922747 -7.602590 -11.369822 -11.077253 -0.000002 0.000002 
1020	(   2.398129  -1.371636  -1.074444 )	16.173694 -12.398129 -8.628364 -8.925556 -7.601871 -11.371636 -11.074444 0.000001 -0.000001 
1021	(   2.397263  -1.373226  -1.072837 )	16.177074 -12.397263 -8.626774 -8.927163 -7.602737 -11.373226 -11.072837 0.000014 -0.000014 
1022	(   2.400282  -1.370603  -1.074564 )	16.188042 -12.400282 -8.629397 -8.925436 -7.599718 -11.370603 -11.074564 0.000000 -0.000000 
1023	(   2.3959    -1.372757  -1.075325 )	16.159137 -12.395900 -8.627243 -8.924675 -7.604100 -11.372757 -11.075325 0.005326 -0.005326 
1024	(   2.395901  -1.373002  -1.071325 )	16.161451 -12.395901 -8.626998 -8.928675 -7.604099 -11.373002 -11.071325 -0.012844 0.012844 
1025	(   2.395     -1.368516  -1.077511 )	16.117251 -12.395000 -8.631484 -8.922489 -7.605000 -11.368516 -11.077511 -0.014207 0.014207 
1026	(   2.397587  -1.370586  -1.073202 )	16.160197 -12.397587 -8.629414 -8.926798 -7.602413 -11.370586 -11.073202 -0.014616 0.014616 
1027	(   2.399     -1.370902  -1.077763 )	16.176748 -12.399000 -8.629098 -8.922237 -7.601000 -11.370902 -11.077763 0.014226 -0.014226 
1028	(   2.398068  -1.372608  -1.073187 )	16.180631 -12.398068 -8.627392 -8.926813 -7.601932 -11.372608 -11.073187 -0.000003 0.000003 
1029	(   2.395147  -1.371462  -1.076386 )	16.141360 -12.395147 -8.628538 -8.923614 -7.604853 -11.371462 -11.076386 -0.000073 0.000073 
1030	(   2.398221  -1.372421  -1.073348 )	16.180764 -12.398221 -8.627579 -8.926652 -7.601779 -11.372421 -11.073348 0.000003 -0.000003 
1031	(   2.398269  -1.372351  -1.073413 )	16.180717 -12.398269 -8.627649 -8.926587 -7.601731 -11.372351 -11.073413 0.000002 -0.000002 
1032	(   2.399779  -1.37104   -1.074276 )	16.186213 -12.399779 -8.628960 -8.925724 -7.600221 -11.371040 -11.074276 -0.000000 0.000000 
1033	(   2.396883  -1.372341  -1.07373  )	16.166282 -12.396883 -8.627659 -8.926270 -7.603117 -11.372341 -11.073730 -0.002491 0.002491 
1034	(   2.398     -1.369814  -1.077578 )	16.158122 -12.398000 -8.630186 -8.922422 -7.602000 -11.369814 -11.077578 0.003270 -0.003270 
1035	(   2.396     -1.369604  -1.077696 )	16.135852 -12.396000 -8.630396 -8.922304 -7.604000 -11.369604 -11.077696 -0.003271 0.003271 
1036	(   2.397938  -1.371586  -1.072855 )	16.171505 -12.397938 -8.628414 -8.927145 -7.602062 -11.371586 -11.072855 -0.008744 0.008744 
1037	(   2.39737   -1.373028  -1.072325 )	16.176719 -12.397370 -8.626972 -8.927675 -7.602630 -11.373028 -11.072325 -0.003509 0.003509 
1038	(   2.397897  -1.372594  -1.073336 )	16.178739 -12.397897 -8.627406 -8.926664 -7.602103 -11.372594 -11.073336 0.000148 -0.000148 
1039	(   2.396998  -1.369821  -1.077577 )	16.147826 -12.396998 -8.630179 -8.922423 -7.603002 -11.369821 -11.077577 0.000428 -0.000428 
1040	(   2.397935  -1.373166  -1.072779 )	16.183567 -12.397935 -8.626834 -8.927221 -7.602065 -11.373166 -11.072779 0.001272 -0.001272 
1041	(   2.398302  -1.372274  -1.073496 )	16.180464 -12.398302 -8.627726 -8.926504 -7.601698 -11.372274 -11.073496 0.000000 -0.000000 
1042	(   2.397611  -1.372223  -1.073825 )	16.172893 -12.397611 -8.627777 -8.926175 -7.602389 -11.372223 -11.073825 -0.000698 0.000698 
1043	(   2.3975    -1.369571  -1.077734 )	16.151085 -12.397500 -8.630429 -8.922266 -7.602500 -11.369571 -11.077734 0.001016 -0.001016 
1044	(   2.3965    -1.369847  -1.07754  )	16.142885 -12.396500 -8.630153 -8.922460 -7.603500 -11.369847 -11.077540 -0.001018 0.001018 
1045	(   2.39748   -1.372199  -1.072825 )	16.171463 -12.397480 -8.627801 -8.927175 -7.602520 -11.372199 -11.072825 -0.006179 0.006179 
1046	(   2.397383  -1.373036  -1.07338  )	16.176802 -12.397383 -8.626964 -8.926620 -7.602617 -11.373036 -11.073380 0.001793 -0.001793 

BBE ( SOL ) BBO
1047	(   2.397909  -1.372576  -1.073323 )	16.178727 -12.397909 -8.627424 -8.926677 -7.602091 -11.372576 -11.073323 -0.000000 0.000000 
1048	(   2.396956  -1.369709  -1.077637 )	16.146527 -12.396956 -8.630291 -8.922363 -7.603044 -11.369709 -11.077637 -0.000128 0.000128 
1049	(   2.39823   -1.372401  -1.073412 )	16.180700 -12.398230 -8.627599 -8.926588 -7.601770 -11.372401 -11.073412 0.000217 -0.000217 
1050	(   2.397934  -1.373321  -1.072318 )	16.184794 -12.397934 -8.626679 -8.927682 -7.602066 -11.373321 -11.072318 0.000017 -0.000017 
1051	(   2.39808   -1.372057  -1.073913 )	16.176467 -12.398080 -8.627943 -8.926087 -7.601920 -11.372057 -11.073913 -0.000002 0.000002 
1052	(   2.398083  -1.372538  -1.073298 )	16.180233 -12.398083 -8.627462 -8.926702 -7.601917 -11.372538 -11.073298 0.000123 -0.000123 
1053	(   2.397851  -1.372386  -1.073448 )	16.176665 -12.397851 -8.627614 -8.926552 -7.602149 -11.372386 -11.073448 -0.000797 0.000797 
1054	(   2.397938  -1.372701  -1.073525 )	16.179958 -12.397938 -8.627299 -8.926475 -7.602062 -11.372701 -11.073525 0.001903 -0.001903 
1055	(   2.396928  -1.369909  -1.077805 )	16.147754 -12.396928 -8.630091 -8.922195 -7.603072 -11.369909 -11.077805 0.001947 -0.001947 
1056	(   2.397072  -1.369509  -1.077469 )	16.146215 -12.397072 -8.630491 -8.922531 -7.602928 -11.369509 -11.077469 -0.001947 0.001947 
1057	(   2.397836  -1.372615  -1.073319 )	16.178271 -12.397836 -8.627385 -8.926681 -7.602164 -11.372615 -11.073319 0.000024 -0.000024 
1058	(   2.396963  -1.369708  -1.077653 )	16.146596 -12.396963 -8.630292 -8.922347 -7.603037 -11.369708 -11.077653 -0.000029 0.000029 
1059	(   2.398065  -1.372444  -1.073333 )	16.179324 -12.398065 -8.627556 -8.926667 -7.601935 -11.372444 -11.073333 -0.000373 0.000373 
1060	(   2.397983  -1.3729    -1.07285  )	16.182017 -12.397983 -8.627100 -8.927150 -7.602017 -11.372900 -11.072850 0.000006 -0.000006 
1061	(   2.398056  -1.372268  -1.073647 )	16.177854 -12.398056 -8.627732 -8.926353 -7.601944 -11.372268 -11.073647 -0.000001 0.000001 
1062	(   2.3969    -1.369653  -1.077718 )	16.145519 -12.396900 -8.630347 -8.922282 -7.603100 -11.369653 -11.077718 -0.000247 0.000247 
1063	(   2.3971    -1.369765  -1.077556 )	16.148450 -12.397100 -8.630235 -8.922444 -7.602900 -11.369765 -11.077556 0.000245 -0.000245 
1064	(   2.397983  -1.372665  -1.07327  )	16.180173 -12.397983 -8.627335 -8.926730 -7.602017 -11.372665 -11.073270 0.000535 -0.000535 
1065	(   2.397813  -1.372606  -1.073225 )	16.177968 -12.397813 -8.627394 -8.926775 -7.602187 -11.372606 -11.073225 -0.000567 0.000567 
1066	(   2.397932  -1.372486  -1.073271 )	16.178280 -12.397932 -8.627514 -8.926729 -7.602068 -11.372486 -11.073271 -0.000784 0.000784 
1067	(   2.397796  -1.372535  -1.073444 )	16.177234 -12.397796 -8.627465 -8.926556 -7.602204 -11.372535 -11.073444 0.000000 -0.000000 
1068	(   2.397537  -1.372381  -1.073799 )	16.173339 -12.397537 -8.627619 -8.926201 -7.602463 -11.372381 -11.073799 0.000001 -0.000001 
1069	(   2.396923  -1.369809  -1.077571 )	16.146955 -12.396923 -8.630191 -8.922429 -7.603077 -11.369809 -11.077571 0.000102 -0.000102 
1070	(   2.397537  -1.372576  -1.073537 )	16.174862 -12.397537 -8.627424 -8.926463 -7.602463 -11.372576 -11.073537 -0.000009 0.000009 
1071	(   2.397423  -1.372857  -1.073232 )	16.175865 -12.397423 -8.627143 -8.926768 -7.602577 -11.372857 -11.073232 -0.000001 0.000001 
1072	(   2.398083  -1.37242   -1.07343  )	16.179314 -12.398083 -8.627580 -8.926570 -7.601917 -11.372420 -11.073430 0.000000 -0.000000 
1073	(   2.39774   -1.372456  -1.073644 )	16.176026 -12.397740 -8.627544 -8.926356 -7.602260 -11.372456 -11.073644 0.000308 -0.000308 
1074	(   2.39697   -1.369697  -1.077437 )	16.146599 -12.396970 -8.630303 -8.922563 -7.603030 -11.369697 -11.077437 -0.001166 0.001166 
1075	(   2.397031  -1.369721  -1.077837 )	16.147370 -12.397031 -8.630279 -8.922163 -7.602969 -11.369721 -11.077837 0.001166 -0.001166 
1076	(   2.397996  -1.372591  -1.073522 )	16.179724 -12.397996 -8.627409 -8.926478 -7.602004 -11.372591 -11.073522 0.001337 -0.001337 
1077	(   2.397875  -1.372335  -1.073387 )	16.176524 -12.397875 -8.627665 -8.926613 -7.602125 -11.372335 -11.073387 -0.001370 0.001370 
1078	(   2.39767   -1.372602  -1.073428 )	16.176446 -12.397670 -8.627398 -8.926572 -7.602330 -11.372602 -11.073428 -0.000000 0.000000 
1079	(   2.397292  -1.372803  -1.07338  )	16.174080 -12.397292 -8.627197 -8.926620 -7.602708 -11.372803 -11.073380 -0.000001 0.000001 
1080	(   2.397013  -1.369768  -1.077553 )	16.147571 -12.397013 -8.630232 -8.922447 -7.602987 -11.369768 -11.077553 -0.000000 0.000000 
1081	(   2.39705   -1.369944  -1.0773   )	16.149326 -12.397050 -8.630056 -8.922700 -7.602950 -11.369944 -11.077300 -0.000001 0.000001 
1082	(   2.396904  -1.369734  -1.07766  )	16.146179 -12.396904 -8.630266 -8.922340 -7.603096 -11.369734 -11.077660 0.000000 -0.000000 
1083	(   2.396615  -1.369809  -1.077728 )	16.143764 -12.396615 -8.630191 -8.922272 -7.603385 -11.369809 -11.077728 0.000003 -0.000003 
1084	(   2.396605  -1.369822  -1.077716 )	16.143758 -12.396605 -8.630178 -8.922284 -7.603395 -11.369822 -11.077716 0.000002 -0.000002 
1085	(   2.397033  -1.369642  -1.077706 )	16.146805 -12.397033 -8.630358 -8.922294 -7.602967 -11.369642 -11.077706 -0.000000 0.000000 
1086	(   2.394187  -1.368389  -1.081003 )	16.107557 -12.394187 -8.631611 -8.918997 -7.605813 -11.368389 -11.081003 0.000184 -0.000184 

BBE ( SOL ) BBO
1087	(   2.398381  -1.370377  -1.075958 )	16.166521 -12.398381 -8.629623 -8.924042 -7.601619 -11.370377 -11.075958 -0.000026 0.000026 
1088	(   2.397244  -1.369039  -1.07716  )	16.144436 -12.397244 -8.630961 -8.922840 -7.602756 -11.369039 -11.077160 -0.006086 0.006086 
1089	(   2.397829  -1.368747  -1.07816  )	16.148150 -12.397829 -8.631253 -8.921840 -7.602171 -11.368747 -11.078160 -0.001315 0.001315 
1090	(   2.395904  -1.368982  -1.077751 )	16.130108 -12.395904 -8.631018 -8.922249 -7.604096 -11.368982 -11.077751 -0.007353 0.007353 
1091	(   2.396706  -1.368709  -1.077476 )	16.136333 -12.396706 -8.631291 -8.922524 -7.603294 -11.368709 -11.077476 -0.008215 0.008215 
1092	(   2.397294  -1.370709  -1.077798 )	16.157640 -12.397294 -8.629291 -8.922202 -7.602706 -11.370709 -11.077798 0.008220 -0.008220 
1093	(   2.396774  -1.369915  -1.077631 )	16.146220 -12.396774 -8.630085 -8.922369 -7.603226 -11.369915 -11.077631 0.000673 -0.000673 
1094	(   2.396257  -1.369923  -1.077783 )	16.140932 -12.396257 -8.630077 -8.922217 -7.603743 -11.369923 -11.077783 0.000000 -0.000000 
1095	(   2.394317  -1.37049   -1.078154 )	16.125198 -12.394317 -8.629510 -8.921846 -7.605683 -11.370490 -11.078154 -0.000002 0.000002 
1096	(   2.396352  -1.370001  -1.077626 )	16.142524 -12.396352 -8.629999 -8.922374 -7.603648 -11.370001 -11.077626 -0.000000 0.000000 
1097	(   2.396994  -1.369722  -1.077624 )	16.147021 -12.396994 -8.630278 -8.922376 -7.603006 -11.369722 -11.077624 0.000001 -0.000001 
1098	(   2.395976  -1.37013   -1.077674 )	16.139622 -12.395976 -8.629870 -8.922326 -7.604024 -11.370130 -11.077674 0.000001 -0.000001 
1099	(   2.396768  -1.369764  -1.077698 )	16.145003 -12.396768 -8.630236 -8.922302 -7.603232 -11.369764 -11.077698 -0.000002 0.000002 
1100	(   2.394317  -1.37049   -1.078154 )	16.125198 -12.394317 -8.629510 -8.921846 -7.605683 -11.370490 -11.078154 -0.000002 0.000002 
1101	(   2.395133  -1.370751  -1.077345 )	16.135693 -12.395133 -8.629249 -8.922655 -7.604867 -11.370751 -11.077345 0.000006 -0.000006 
1102	(   2.398794  -1.368525  -1.07816  )	16.156429 -12.398794 -8.631475 -8.921840 -7.601206 -11.368525 -11.078160 -0.000000 0.000000 
1103	(   2.39893   -1.369151  -1.07726  )	16.162702 -12.398930 -8.630849 -8.922740 -7.601070 -11.369151 -11.077260 -0.000000 0.000000 
1104	(   2.395976  -1.37013   -1.077673 )	16.139622 -12.395976 -8.629870 -8.922327 -7.604024 -11.370130 -11.077673 0.000000 -0.000000 
1105	(   2.395447  -1.370374  -1.077657 )	16.136025 -12.395447 -8.629626 -8.922343 -7.604553 -11.370374 -11.077657 -0.000000 0.000000 
1106	(   2.39386   -1.371106  -1.077609 )	16.125238 -12.393860 -8.628894 -8.922391 -7.606140 -11.371106 -11.077609 -0.000003 0.000003 
1107	(   2.39386   -1.370843  -1.077955 )	16.123196 -12.393860 -8.629157 -8.922045 -7.606140 -11.370843 -11.077955 -0.000002 0.000002 
1108	(   2.399837  -1.369135  -1.076759 )	16.172004 -12.399837 -8.630865 -8.923241 -7.600163 -11.369135 -11.076759 -0.000002 0.000002 
1109	(   2.395435  -1.370284  -1.077783 )	16.135201 -12.395435 -8.629716 -8.922217 -7.604565 -11.370284 -11.077783 0.000005 -0.000005 
1110	(   2.396123  -1.370072  -1.077665 )	16.140697 -12.396123 -8.629928 -8.922335 -7.603877 -11.370072 -11.077665 0.000002 -0.000002 
1111	(   2.400447  -1.370341  -1.077607 )	16.187440 -12.400447 -8.629659 -8.922393 -7.599553 -11.370341 -11.077607 0.013922 -0.013922 
1112	(   2.395481  -1.365374  -1.077928 )	16.098228 -12.395481 -8.634626 -8.922072 -7.604519 -11.365374 -11.077928 -0.031312 0.031312 
1113	(   2.395189  -1.369019  -1.076657 )	16.123123 -12.395189 -8.630981 -8.923343 -7.604811 -11.369019 -11.076657 -0.014632 0.014632 
1114	(   2.392414  -1.36513   -1.076825 )	16.064866 -12.392414 -8.634870 -8.923175 -7.607586 -11.365130 -11.076825 -0.047212 0.047212 
1115	(   2.399538  -1.37513   -1.078523 )	16.214568 -12.399538 -8.624870 -8.921477 -7.600462 -11.375130 -11.078523 0.047442 -0.047442 
1116	(   2.391054  -1.375951  -1.077999 )	16.133242 -12.391054 -8.624049 -8.922001 -7.608946 -11.375951 -11.077999 0.025692 -0.025692 
1117	(   2.395133  -1.370751  -1.077344 )	16.135693 -12.395133 -8.629249 -8.922656 -7.604867 -11.370751 -11.077344 0.000004 -0.000004 
1118	(   2.393967  -1.371549  -1.076967 )	16.129788 -12.393967 -8.628451 -8.923033 -7.606033 -11.371549 -11.076967 -0.000002 0.000002 
1119	(   2.395771  -1.37018   -1.077725 )	16.137882 -12.395771 -8.629820 -8.922275 -7.604229 -11.370180 -11.077725 -0.000001 0.000001 
1120	(   2.396743  -1.369598  -1.077929 )	16.143455 -12.396743 -8.630402 -8.922071 -7.603257 -11.369598 -11.077929 -0.000005 0.000005 
1121	(   2.39386   -1.370916  -1.077859 )	16.123762 -12.393860 -8.629084 -8.922141 -7.606140 -11.370916 -11.077859 0.000000 -0.000000 
1122	(   2.38906   -1.372542  -1.078465 )	16.086619 -12.389060 -8.627458 -8.921535 -7.610940 -11.372542 -11.078465 -0.000125 0.000125 
1123	(   2.396771  -1.369598  -1.077929 )	16.143744 -12.396771 -8.630402 -8.922071 -7.603229 -11.369598 -11.077929 0.000076 -0.000076 
1124	(   2.38906   -1.371682  -1.079612 )	16.079948 -12.389060 -8.628318 -8.920388 -7.610940 -11.371682 -11.079612 0.000000 -0.000000 
1125	(   2.37466   -1.373982  -1.084871 )	15.948996 -12.374660 -8.626018 -8.915129 -7.625340 -11.373982 -11.084871 0.000168 -0.000168 
1126	(   2.396771  -1.36958   -1.077929 )	16.143608 -12.396771 -8.630420 -8.922071 -7.603229 -11.369580 -11.077929 -0.000042 0.000042 

BBE ( SOL ) BBO
1127	(   2.39726   -1.364782  -1.083898 )	16.111523 -12.397260 -8.635218 -8.916102 -7.602740 -11.364782 -11.083898 0.000067 -0.000067 
1128	(   2.405171  -1.36388   -1.08056  )	16.186698 -12.405171 -8.636120 -8.919440 -7.594829 -11.363880 -11.080560 -0.000130 0.000130 
1129	(   2.38956   -1.371882  -1.079079 )	16.086676 -12.389560 -8.628118 -8.920921 -7.610440 -11.371882 -11.079079 0.000072 -0.000072 
1130	(   2.39436   -1.370582  -1.078025 )	16.126356 -12.394360 -8.629418 -8.921975 -7.605640 -11.370582 -11.078025 0.000079 -0.000079 
1131	(   2.36906   -1.371582  -1.081348 )	15.873826 -12.369060 -8.628418 -8.918652 -7.630940 -11.371582 -11.081348 -0.049521 0.049521 
1132	(   2.38206   -1.375382  -1.074612 )	16.036646 -12.382060 -8.624618 -8.925388 -7.617940 -11.375382 -11.074612 -0.020951 0.020951 
1133	(   2.383771  -1.36178   -1.082725 )	15.950042 -12.383771 -8.638220 -8.917275 -7.616229 -11.361780 -11.082725 -0.064023 0.064023 
1134	(   2.38686   -1.361682  -1.077961 )	15.981430 -12.386860 -8.638318 -8.922039 -7.613140 -11.361682 -11.077961 -0.079872 0.079872 
1135	(   2.407771  -1.37858   -1.072725 )	16.327028 -12.407771 -8.621420 -8.927275 -7.592229 -11.378580 -11.072725 0.065261 -0.065261 
1136	(   2.40546   -1.369982  -1.081943 )	16.236166 -12.405460 -8.630018 -8.918057 -7.594540 -11.369982 -11.081943 0.047817 -0.047817 
1137	(   2.37466   -1.37398   -1.084871 )	15.948981 -12.374660 -8.626020 -8.915129 -7.625340 -11.373980 -11.084871 0.000155 -0.000155 
1138	(   2.37826   -1.375951  -1.080276 )	16.001346 -12.378260 -8.624049 -8.919724 -7.621740 -11.375951 -11.080276 0.000122 -0.000122 
1139	(   2.398271  -1.368752  -1.078172 )	16.152756 -12.398271 -8.631248 -8.921828 -7.601729 -11.368752 -11.078172 0.000051 -0.000051 
1140	(   2.38956   -1.371851  -1.079079 )	16.086440 -12.389560 -8.628149 -8.920921 -7.610440 -11.371851 -11.079079 -0.000132 0.000132 
1141	(   2.39436   -1.37056   -1.078025 )	16.126188 -12.394360 -8.629440 -8.921975 -7.605640 -11.370560 -11.078025 -0.000065 0.000065 
1142	(   2.38736   -1.37325   -1.077612 )	16.074597 -12.387360 -8.626750 -8.922388 -7.612640 -11.373250 -11.077612 -0.004662 0.004662 
1143	(   2.399071  -1.36719   -1.079725 )	16.148954 -12.399071 -8.632810 -8.920275 -7.600929 -11.367190 -11.079725 -0.000099 0.000099 
1144	(   2.392471  -1.37317   -1.075725 )	16.126859 -12.392471 -8.626830 -8.924275 -7.607529 -11.373170 -11.075725 0.000142 -0.000142 
1145	(   2.39906   -1.370844  -1.079164 )	16.176786 -12.399060 -8.629156 -8.920836 -7.600940 -11.370844 -11.079164 0.021048 -0.021048 
1146	(   2.38676   -1.366682  -1.079063 )	16.018276 -12.386760 -8.633318 -8.920937 -7.613240 -11.366682 -11.079063 -0.042067 0.042067 
1147	(   2.38896   -1.371725  -1.079642 )	16.079242 -12.388960 -8.628275 -8.920358 -7.611040 -11.371725 -11.079642 0.000145 -0.000145 
1148	(   2.395831  -1.369903  -1.078053 )	16.136354 -12.395831 -8.630097 -8.921947 -7.604169 -11.369903 -11.078053 -0.000004 0.000004 
1149	(   2.399021  -1.368524  -1.078031 )	16.158779 -12.399021 -8.631476 -8.921969 -7.600979 -11.368524 -11.078031 0.000003 -0.000003 
1150	(   2.389602  -1.371851  -1.079079 )	16.086872 -12.389602 -8.628149 -8.920921 -7.610398 -11.371851 -11.079079 -0.000011 0.000011 
1151	(   2.394383  -1.37056   -1.078025 )	16.126426 -12.394383 -8.629440 -8.921975 -7.605617 -11.370560 -11.078025 0.000001 -0.000001 
1152	(   2.410383  -1.367194  -1.073264 )	16.266735 -12.410383 -8.632806 -8.926736 -7.589617 -11.367194 -11.073264 0.000143 -0.000143 
1153	(   2.37826   -1.375951  -1.080251 )	16.001349 -12.378260 -8.624049 -8.919749 -7.621740 -11.375951 -11.080251 -0.000004 0.000004 
1154	(   2.395983  -1.368256  -1.080144 )	16.125157 -12.395983 -8.631744 -8.919856 -7.604017 -11.368256 -11.080144 0.000138 -0.000138 
1155	(   2.37906   -1.371567  -1.079541 )	15.976285 -12.379060 -8.628433 -8.920459 -7.620940 -11.371567 -11.079541 -0.029923 0.029923 
1156	(   2.38876   -1.369443  -1.081612 )	16.059610 -12.388760 -8.630557 -8.918388 -7.611240 -11.369443 -11.081612 -0.005430 0.005430 
1157	(   2.38946   -1.366682  -1.078718 )	16.046081 -12.389460 -8.633318 -8.921282 -7.610540 -11.366682 -11.078718 -0.036057 0.036057 
1158	(   2.384883  -1.36556   -1.076409 )	15.990717 -12.384883 -8.634440 -8.923591 -7.615117 -11.365560 -11.076409 -0.068050 0.068050 
1159	(   2.403883  -1.37556   -1.079641 )	16.262748 -12.403883 -8.624440 -8.920359 -7.596117 -11.375560 -11.079641 0.068470 -0.068470 
1160	(   2.38916   -1.371878  -1.079493 )	16.082483 -12.389160 -8.628122 -8.920507 -7.610840 -11.371878 -11.079493 0.000974 -0.000974 
1161	(   2.410352  -1.367194  -1.073264 )	16.266413 -12.410352 -8.632806 -8.926736 -7.589648 -11.367194 -11.073264 0.000054 -0.000054 
1162	(   2.389994  -1.370625  -1.080452 )	16.081431 -12.389994 -8.629375 -8.919548 -7.610006 -11.370625 -11.080452 -0.000003 0.000003 
1163	(   2.394773  -1.369087  -1.079725 )	16.119047 -12.394773 -8.630913 -8.920275 -7.605227 -11.369087 -11.079725 -0.000001 0.000001 
1164	(   2.395943  -1.364668  -1.084825 )	16.096987 -12.395943 -8.635332 -8.915175 -7.604057 -11.364668 -11.084825 0.000279 -0.000279 
1165	(   2.388598  -1.369081  -1.083241 )	16.055034 -12.388598 -8.630919 -8.916759 -7.611402 -11.369081 -11.083241 0.000000 -0.000000 
1166	(   2.387212  -1.361281  -1.094128 )	15.980653 -12.387212 -8.638719 -8.905872 -7.612788 -11.361281 -11.094128 0.001370 -0.001370 

BBE ( SOL ) BBO
1167	(   2.395943  -1.364687  -1.084825 )	16.097132 -12.395943 -8.635313 -8.915175 -7.604057 -11.364687 -11.084825 0.000403 -0.000403 
1168	(   2.388965  -1.368381  -1.083958 )	16.053420 -12.388965 -8.631619 -8.916042 -7.611035 -11.368381 -11.083958 0.000126 -0.000126 
1169	(   2.397924  -1.369687  -1.077129 )	16.156413 -12.397924 -8.630313 -8.922871 -7.602076 -11.369687 -11.077129 -0.000027 0.000027 
1170	(   2.385565  -1.370781  -1.082818 )	16.036804 -12.385565 -8.629219 -8.917182 -7.614435 -11.370781 -11.082818 0.000244 -0.000244 
1171	(   2.392977  -1.370481  -1.078947 )	16.111227 -12.392977 -8.629519 -8.921053 -7.607023 -11.370481 -11.078947 0.000062 -0.000062 
1172	(   2.383598  -1.374281  -1.08247  )	16.043252 -12.383598 -8.625719 -8.917530 -7.616402 -11.374281 -11.082470 0.015715 -0.015715 
1173	(   2.386017  -1.359081  -1.083055 )	15.952610 -12.386017 -8.640919 -8.916945 -7.613983 -11.359081 -11.083055 -0.073459 0.073459 
1174	(   2.389282  -1.368781  -1.078241 )	16.060270 -12.389282 -8.631219 -8.921759 -7.610718 -11.368781 -11.078241 -0.025243 0.025243 
1175	(   2.389773  -1.368787  -1.080406 )	16.065161 -12.389773 -8.631213 -8.919594 -7.610227 -11.368787 -11.080406 -0.012904 0.012904 
1176	(   2.399773  -1.369387  -1.079044 )	16.173041 -12.399773 -8.630613 -8.920956 -7.600227 -11.369387 -11.079044 0.012917 -0.012917 
1177	(   2.388667  -1.369181  -1.083301 )	16.056500 -12.388667 -8.630819 -8.916699 -7.611333 -11.369181 -11.083301 0.001158 -0.001158 
1178	(   2.387212  -1.361278  -1.094128 )	15.980630 -12.387212 -8.638722 -8.905872 -7.612788 -11.361278 -11.094128 0.001350 -0.001350 
1179	(   2.386825  -1.371064  -1.082012 )	16.051997 -12.386825 -8.628936 -8.917988 -7.613175 -11.371064 -11.082012 0.001635 -0.001635 
1180	(   2.393731  -1.370442  -1.078554 )	16.118745 -12.393731 -8.629558 -8.921446 -7.606269 -11.370442 -11.078554 0.000002 -0.000002 
1181	(   2.385565  -1.370745  -1.082818 )	16.036531 -12.385565 -8.629255 -8.917182 -7.614435 -11.370745 -11.082818 0.000009 -0.000009 
1182	(   2.392977  -1.370467  -1.078947 )	16.111121 -12.392977 -8.629533 -8.921053 -7.607023 -11.370467 -11.078947 -0.000029 0.000029 
1183	(   2.386598  -1.365304  -1.081721 )	16.005892 -12.386598 -8.634696 -8.918279 -7.613402 -11.365304 -11.081721 -0.038109 0.038109 
1184	(   2.38803   -1.365928  -1.085241 )	16.025038 -12.388030 -8.634072 -8.914759 -7.611970 -11.365928 -11.085241 -0.012029 0.012029 
1185	(   2.390598  -1.364158  -1.082567 )	16.038245 -12.390598 -8.635842 -8.917433 -7.609402 -11.364158 -11.082567 -0.029842 0.029842 
1186	(   2.394223  -1.364087  -1.080724 )	16.075202 -12.394223 -8.635913 -8.919276 -7.605777 -11.364087 -11.080724 -0.029264 0.029264 
1187	(   2.395323  -1.374087  -1.078726 )	16.162991 -12.395323 -8.625913 -8.921274 -7.604677 -11.374087 -11.078726 0.029411 -0.029411 
1188	(   2.387662  -1.373808  -1.08265  )	16.081452 -12.387662 -8.626192 -8.917350 -7.612338 -11.373808 -11.082650 0.025265 -0.025265 
1189	(   2.388934  -1.368098  -1.084471 )	16.050901 -12.388934 -8.631902 -8.915529 -7.611066 -11.368098 -11.084471 0.000803 -0.000803 
1190	(   2.396442  -1.367355  -1.080979 )	16.122947 -12.396442 -8.632645 -8.919021 -7.603558 -11.367355 -11.080979 -0.000237 0.000237 
1191	(   2.387598  -1.369998  -1.083289 )	16.051716 -12.387598 -8.630002 -8.916711 -7.612402 -11.369998 -11.083289 0.003367 -0.003367 
1192	(   2.388129  -1.367081  -1.08302  )	16.035018 -12.388129 -8.632919 -8.916980 -7.611871 -11.367081 -11.083020 -0.015540 0.015540 
1193	(   2.388554  -1.36868   -1.084241 )	16.051438 -12.388554 -8.631320 -8.915759 -7.611446 -11.368680 -11.084241 0.002343 -0.002343 
1194	(   2.394884  -1.367087  -1.079989 )	16.104924 -12.394884 -8.632913 -8.920011 -7.605116 -11.367087 -11.079989 -0.011458 0.011458 
1195	(   2.394662  -1.371087  -1.079461 )	16.133183 -12.394662 -8.628913 -8.920539 -7.605338 -11.371087 -11.079461 0.011475 -0.011475 
1196	(   2.388615  -1.369112  -1.083192 )	16.055450 -12.388615 -8.630888 -8.916808 -7.611385 -11.369112 -11.083192 0.000003 -0.000003 
1197	(   2.38762   -1.368526  -1.083637 )	16.040707 -12.387620 -8.631474 -8.916363 -7.612380 -11.368526 -11.083637 -0.004426 0.004426 
1198	(   2.394774  -1.369108  -1.079726 )	16.119215 -12.394774 -8.630892 -8.920274 -7.605226 -11.369108 -11.079726 0.000143 -0.000143 
1199	(   2.387522  -1.369292  -1.083578 )	16.045528 -12.387522 -8.630708 -8.916422 -7.612478 -11.369292 -11.083578 -0.000001 0.000001 
1200	(   2.386285  -1.368625  -1.085141 )	16.027596 -12.386285 -8.631375 -8.914859 -7.613715 -11.368625 -11.085141 0.000058 -0.000058 
1201	(   2.384292  -1.369925  -1.084589 )	16.017034 -12.384292 -8.630075 -8.915411 -7.615708 -11.369925 -11.084589 -0.000000 0.000000 
1202	(   2.374602  -1.371824  -1.087622 )	15.931758 -12.374602 -8.628176 -8.912378 -7.625398 -11.371824 -11.087622 0.000031 -0.000031 
1203	(   2.387489  -1.368016  -1.085239 )	16.035333 -12.387489 -8.631984 -8.914761 -7.612511 -11.368016 -11.085239 0.000037 -0.000037 
1204	(   2.389158  -1.368089  -1.0842   )	16.053156 -12.389158 -8.631911 -8.915800 -7.610842 -11.368089 -11.084200 0.000003 -0.000003 
1205	(   2.380774  -1.369543  -1.087102 )	15.977774 -12.380774 -8.630457 -8.912898 -7.619226 -11.369543 -11.087102 0.000257 -0.000257 
1206	(   2.390589  -1.370573  -1.08017  )	16.087185 -12.390589 -8.629427 -8.919830 -7.609411 -11.370573 -11.080170 -0.000055 0.000055 

BBE ( SOL ) BBO
1207	(   2.383739  -1.364925  -1.085131 )	15.973340 -12.383739 -8.635075 -8.914869 -7.616261 -11.364925 -11.085131 -0.031419 0.031419 
1208	(   2.382292  -1.370846  -1.083908 )	16.003551 -12.382292 -8.629154 -8.916092 -7.617708 -11.370846 -11.083908 -0.003212 0.003212 
1209	(   2.384845  -1.368188  -1.082589 )	16.009702 -12.384845 -8.631812 -8.917411 -7.615155 -11.368188 -11.082589 -0.019931 0.019931 
1210	(   2.387767  -1.36743   -1.081578 )	16.034074 -12.387767 -8.632570 -8.918422 -7.612233 -11.367430 -11.081578 -0.021614 0.021614 
1211	(   2.387277  -1.371154  -1.085578 )	16.056988 -12.387277 -8.628846 -8.914422 -7.612723 -11.371154 -11.085578 0.021683 -0.021683 
1212	(   2.384312  -1.369983  -1.08461  )	16.017679 -12.384312 -8.630017 -8.915390 -7.615688 -11.369983 -11.084610 0.000543 -0.000543 
1213	(   2.383314  -1.370843  -1.084136 )	16.014005 -12.383314 -8.629157 -8.915864 -7.616686 -11.370843 -11.084136 0.000872 -0.000872 
1214	(   2.386353  -1.368254  -1.085566 )	16.025430 -12.386353 -8.631746 -8.914434 -7.613647 -11.368254 -11.085566 0.000002 -0.000002 
1215	(   2.388281  -1.372205  -1.079395 )	16.075926 -12.388281 -8.627795 -8.920605 -7.611719 -11.372205 -11.079395 0.000089 -0.000089 
1216	(   2.386835  -1.369242  -1.084023 )	16.038039 -12.386835 -8.630758 -8.915977 -7.613165 -11.369242 -11.084023 -0.000037 0.000037 
1217	(   2.384813  -1.367925  -1.085524 )	16.007106 -12.384813 -8.632075 -8.914476 -7.615187 -11.367925 -11.085524 -0.006782 0.006782 
1218	(   2.383292  -1.370736  -1.08558  )	16.012831 -12.383292 -8.629264 -8.914420 -7.616708 -11.370736 -11.085580 0.007485 -0.007485 
1219	(   2.383348  -1.367925  -1.084046 )	15.992191 -12.383348 -8.632075 -8.915954 -7.616652 -11.367925 -11.084046 -0.018535 0.018535 
1220	(   2.386522  -1.368769  -1.082952 )	16.031323 -12.386522 -8.631231 -8.917048 -7.613478 -11.368769 -11.082952 -0.009476 0.009476 
1221	(   2.388522  -1.369815  -1.084204 )	16.059740 -12.388522 -8.630185 -8.915796 -7.611478 -11.369815 -11.084204 0.009484 -0.009484 
1222	(   2.384183  -1.371553  -1.084124 )	16.028337 -12.384183 -8.628447 -8.915876 -7.615817 -11.371553 -11.084124 0.007955 -0.007955 
1223	(   2.384813  -1.369322  -1.084544 )	16.017809 -12.384813 -8.630678 -8.915456 -7.615187 -11.369322 -11.084544 -0.002674 0.002674 
1224	(   2.387407  -1.36952   -1.083363 )	16.046107 -12.387407 -8.630480 -8.916637 -7.612593 -11.369520 -11.083363 0.000064 -0.000064 
1225	(   2.386545  -1.367569  -1.086338 )	16.022137 -12.386545 -8.632431 -8.913662 -7.613455 -11.367569 -11.086338 0.000035 -0.000035 
1226	(   2.38581   -1.369951  -1.083698 )	16.032927 -12.385810 -8.630049 -8.916302 -7.614190 -11.369951 -11.083698 -0.000004 0.000004 
1227	(   2.383792  -1.370865  -1.08461  )	16.019040 -12.383792 -8.629135 -8.915390 -7.616208 -11.370865 -11.084610 0.004806 -0.004806 
1228	(   2.383822  -1.368925  -1.084597 )	16.004611 -12.383822 -8.631075 -8.915403 -7.616178 -11.368925 -11.084597 -0.007839 0.007839 
1229	(   2.384277  -1.369937  -1.084089 )	16.017021 -12.384277 -8.630063 -8.915911 -7.615723 -11.369937 -11.084089 -0.002514 0.002514 
1230	(   2.387065  -1.369624  -1.084078 )	16.043314 -12.387065 -8.630376 -8.915922 -7.612935 -11.369624 -11.084078 0.003404 -0.003404 
1231	(   2.387978  -1.36896   -1.083078 )	16.047743 -12.387978 -8.631040 -8.916922 -7.612022 -11.368960 -11.083078 -0.003403 0.003403 
1232	(   2.384398  -1.369745  -1.08459  )	16.016756 -12.384398 -8.630255 -8.915410 -7.615602 -11.369745 -11.084590 -0.000867 0.000867 
1233	(   2.374602  -1.371824  -1.087622 )	15.931759 -12.374602 -8.628176 -8.912378 -7.625398 -11.371824 -11.087622 0.000032 -0.000032 
1234	(   2.384292  -1.369924  -1.084589 )	16.017030 -12.384292 -8.630076 -8.915411 -7.615708 -11.369924 -11.084589 -0.000004 0.000004 
1235	(   2.387408  -1.369926  -1.083477 )	16.049199 -12.387408 -8.630074 -8.916523 -7.612592 -11.369926 -11.083477 0.003307 -0.003307 
1236	(   2.385284  -1.369884  -1.083974 )	16.026981 -12.385284 -8.630116 -8.916026 -7.614716 -11.369884 -11.083974 -0.000550 0.000550 
1237	(   2.384555  -1.369958  -1.084451 )	16.020004 -12.384555 -8.630042 -8.915549 -7.615445 -11.369958 -11.084451 0.000269 -0.000269 
1238	(   2.384416  -1.369801  -1.084389 )	16.017394 -12.384416 -8.630199 -8.915611 -7.615584 -11.369801 -11.084389 -0.001469 0.001469 
1239	(   2.384092  -1.369712  -1.084486 )	16.013372 -12.384092 -8.630288 -8.915514 -7.615908 -11.369712 -11.084486 -0.002493 0.002493 
1240	(   2.384337  -1.369425  -1.084667 )	16.013689 -12.384337 -8.630575 -8.915333 -7.615663 -11.369425 -11.084667 -0.002741 0.002741 
1241	(   2.38739   -1.369301  -1.083778 )	16.044226 -12.387390 -8.630699 -8.916222 -7.612610 -11.369301 -11.083778 0.000697 -0.000697 
1242	(   2.387653  -1.369283  -1.083378 )	16.046831 -12.387653 -8.630717 -8.916622 -7.612347 -11.369283 -11.083378 -0.000699 0.000699 
1243	(   2.384147  -1.370297  -1.084752 )	16.018357 -12.384147 -8.629703 -8.915248 -7.615853 -11.370297 -11.084752 0.002843 -0.002843 
1244	(   2.384185  -1.370004  -1.084618 )	16.016538 -12.384185 -8.629996 -8.915382 -7.615815 -11.370004 -11.084618 0.000355 -0.000355 
1245	(   2.387565  -1.369293  -1.083614 )	16.045985 -12.387565 -8.630707 -8.916386 -7.612435 -11.369293 -11.083614 0.000315 -0.000315 
1246	(   2.384574  -1.369868  -1.084469 )	16.019508 -12.384574 -8.630132 -8.915531 -7.615426 -11.369868 -11.084469 -0.000178 0.000178 

BBE ( SOL ) BBO
1247	(   2.384477  -1.369902  -1.084506 )	16.018765 -12.384477 -8.630098 -8.915494 -7.615523 -11.369902 -11.084506 -0.000045 0.000045 
1248	(   2.384192  -1.369839  -1.084575 )	16.015356 -12.384192 -8.630161 -8.915425 -7.615808 -11.369839 -11.084575 -0.000921 0.000921 
1249	(   2.384336  -1.369725  -1.08458  )	16.015970 -12.384336 -8.630275 -8.915420 -7.615664 -11.369725 -11.084580 -0.001227 0.001227 
1250	(   2.384283  -1.369899  -1.084689 )	16.016737 -12.384283 -8.630101 -8.915311 -7.615717 -11.369899 -11.084689 0.000314 -0.000314 
1251	(   2.387502  -1.369267  -1.083678 )	16.045130 -12.387502 -8.630733 -8.916322 -7.612498 -11.369267 -11.083678 0.000291 -0.000291 
1252	(   2.387541  -1.369317  -1.083478 )	16.045926 -12.387541 -8.630683 -8.916522 -7.612459 -11.369317 -11.083478 -0.000293 0.000293 
1253	(   2.384293  -1.369938  -1.084579 )	16.017149 -12.384293 -8.630062 -8.915421 -7.615707 -11.369938 -11.084579 0.000037 -0.000037 
1254	(   2.384332  -1.369838  -1.084689 )	16.016786 -12.384332 -8.630162 -8.915311 -7.615668 -11.369838 -11.084689 0.000062 -0.000062 
1255	(   2.387529  -1.3693    -1.083599 )	16.045665 -12.387529 -8.630700 -8.916401 -7.612471 -11.369300 -11.083599 0.000178 -0.000178 
1256	(   2.384107  -1.369957  -1.084665 )	16.015377 -12.384107 -8.630043 -8.915335 -7.615893 -11.369957 -11.084665 0.000067 -0.000067 
1257	(   2.384384  -1.369916  -1.084546 )	16.017918 -12.384384 -8.630084 -8.915454 -7.615616 -11.369916 -11.084546 -0.000017 0.000017 
1258	(   2.384242  -1.369888  -1.084623 )	16.016233 -12.384242 -8.630112 -8.915377 -7.615758 -11.369888 -11.084623 -0.000219 0.000219 
1259	(   2.384307  -1.369825  -1.084585 )	16.016435 -12.384307 -8.630175 -8.915415 -7.615693 -11.369825 -11.084585 -0.000632 0.000632 
1260	(   2.38426   -1.369915  -1.084539 )	16.016638 -12.384260 -8.630085 -8.915461 -7.615740 -11.369915 -11.084539 -0.000414 0.000414 
1261	(   2.387481  -1.369192  -1.08353  )	16.044359 -12.387481 -8.630808 -8.916470 -7.612519 -11.369192 -11.083530 -0.001015 0.001015 
1262	(   2.387562  -1.369392  -1.083626 )	16.046698 -12.387562 -8.630608 -8.916374 -7.612438 -11.369392 -11.083626 0.001013 -0.001013 
1263	(   2.384292  -1.369927  -1.08459  )	16.017052 -12.384292 -8.630073 -8.915410 -7.615708 -11.369927 -11.084590 0.000012 -0.000012 
1264	(   2.3843    -1.369901  -1.084592 )	16.016934 -12.384300 -8.630099 -8.915408 -7.615700 -11.369901 -11.084592 -0.000119 0.000119 
1265	(   2.387513  -1.369298  -1.083587 )	16.045480 -12.387513 -8.630702 -8.916413 -7.612487 -11.369298 -11.083587 0.000056 -0.000056 
1266	(   2.384199  -1.369935  -1.084633 )	16.016160 -12.384199 -8.630065 -8.915367 -7.615801 -11.369935 -11.084633 0.000023 -0.000023 
1267	(   2.384338  -1.36992   -1.084568 )	16.017479 -12.384338 -8.630080 -8.915432 -7.615662 -11.369920 -11.084568 -0.000007 0.000007 
1268	(   2.384272  -1.369882  -1.084578 )	16.016500 -12.384272 -8.630118 -8.915422 -7.615728 -11.369882 -11.084578 -0.000399 0.000399 
1269	(   2.384307  -1.369875  -1.084593 )	16.016811 -12.384307 -8.630125 -8.915407 -7.615693 -11.369875 -11.084593 -0.000265 0.000265 
1270	(   2.3843    -1.369933  -1.084569 )	16.017184 -12.384300 -8.630067 -8.915431 -7.615700 -11.369933 -11.084569 -0.000027 0.000027 
1271	(   2.387502  -1.36931   -1.083587 )	16.045456 -12.387502 -8.630690 -8.916413 -7.612498 -11.369310 -11.083587 0.000103 -0.000103 
1272	(   2.387542  -1.369274  -1.083569 )	16.045601 -12.387542 -8.630726 -8.916431 -7.612458 -11.369274 -11.083569 -0.000105 0.000105 
1273	(   2.384274  -1.369976  -1.084597 )	16.017246 -12.384274 -8.630024 -8.915403 -7.615726 -11.369976 -11.084597 0.000324 -0.000324 
1274	(   2.384294  -1.369923  -1.084591 )	16.017038 -12.384294 -8.630077 -8.915409 -7.615706 -11.369923 -11.084591 0.000001 -0.000001 
1275	(   2.3843    -1.369916  -1.084597 )	16.017049 -12.384300 -8.630084 -8.915403 -7.615700 -11.369916 -11.084597 0.000005 -0.000005 
1276	(   2.384289  -1.369911  -1.08461  )	16.016905 -12.384289 -8.630089 -8.915390 -7.615711 -11.369911 -11.084610 0.000011 -0.000011 
1277	(   2.384299  -1.369905  -1.084609 )	16.016957 -12.384299 -8.630095 -8.915391 -7.615701 -11.369905 -11.084609 -0.000005 0.000005 
1278	(   2.384286  -1.369943  -1.08457  )	16.017111 -12.384286 -8.630057 -8.915430 -7.615714 -11.369943 -11.084570 0.000003 -0.000003 
1279	(   2.384296  -1.369915  -1.0846   )	16.016996 -12.384296 -8.630085 -8.915400 -7.615704 -11.369915 -11.084600 -0.000003 0.000003 
1280	(   2.384296  -1.369917  -1.084598 )	16.017015 -12.384296 -8.630083 -8.915402 -7.615704 -11.369917 -11.084598 0.000002 -0.000002 
1281	(   2.384295  -1.369919  -1.084596 )	16.017019 -12.384295 -8.630081 -8.915404 -7.615705 -11.369919 -11.084596 0.000001 -0.000001 
1282	(   2.384304  -1.369901  -1.084614 )	16.016973 -12.384304 -8.630099 -8.915386 -7.615696 -11.369901 -11.084614 0.000004 -0.000004 
1283	(   2.3842    -1.369976  -1.084577 )	16.016475 -12.384200 -8.630024 -8.915423 -7.615800 -11.369976 -11.084577 0.000000 -0.000000 
1284	(   2.383915  -1.370145  -1.08452  )	16.014843 -12.383915 -8.629855 -8.915480 -7.616085 -11.370145 -11.084520 -0.000002 0.000002 
1285	(   2.384101  -1.370057  -1.084528 )	16.016088 -12.384101 -8.629943 -8.915472 -7.615899 -11.370057 -11.084528 0.000001 -0.000001 
1286	(   2.383806  -1.370301  -1.084382 )	16.014927 -12.383806 -8.629699 -8.915618 -7.616194 -11.370301 -11.084382 0.000002 -0.000002 

BBE ( SOL ) BBO
1287	(   2.383792  -1.370165  -1.084564 )	16.013724 -12.383792 -8.629835 -8.915436 -7.616208 -11.370165 -11.084564 -0.000001 0.000001 
1288	(   2.382862  -1.37049   -1.084671 )	16.006637 -12.382862 -8.629510 -8.915329 -7.617138 -11.370490 -11.084671 -0.000005 0.000005 
1289	(   2.383915  -1.370145  -1.08452  )	16.014839 -12.383915 -8.629855 -8.915480 -7.616085 -11.370145 -11.084520 -0.000005 0.000005 
1290	(   2.382862  -1.370427  -1.084752 )	16.006151 -12.382862 -8.629573 -8.915248 -7.617138 -11.370427 -11.084752 -0.000001 0.000001 
1291	(   2.380074  -1.371213  -1.085318 )	15.983444 -12.380074 -8.628787 -8.914682 -7.619926 -11.371213 -11.085318 -0.000004 0.000004 
1292	(   2.383915  -1.370145  -1.08452  )	16.014836 -12.383915 -8.629855 -8.915480 -7.616085 -11.370145 -11.084520 -0.000007 0.000007 
1293	(   2.382833  -1.369984  -1.085336 )	16.002421 -12.382833 -8.630016 -8.914664 -7.617167 -11.369984 -11.085336 -0.000003 0.000003 
1294	(   2.383802  -1.369864  -1.084943 )	16.011512 -12.383802 -8.630136 -8.915057 -7.616198 -11.369864 -11.084943 0.000002 -0.000002 
1295	(   2.382333  -1.36764   -1.08866  )	15.979193 -12.382333 -8.632360 -8.911340 -7.617667 -11.367640 -11.088660 0.000348 -0.000348 
1296	(   2.387379  -1.370672  -1.081874 )	16.054717 -12.387379 -8.629328 -8.918126 -7.612621 -11.370672 -11.081874 -0.000043 0.000043 
1297	(   2.3832    -1.370571  -1.084676 )	16.010713 -12.383200 -8.629429 -8.915324 -7.616800 -11.370571 -11.084676 0.001515 -0.001515 
1298	(   2.383827  -1.367976  -1.083809 )	15.997517 -12.383827 -8.632024 -8.916191 -7.616173 -11.367976 -11.083809 -0.018042 0.018042 
1299	(   2.384083  -1.368527  -1.085577 )	16.004171 -12.384083 -8.631473 -8.914423 -7.615917 -11.368527 -11.085577 -0.004686 0.004686 
1300	(   2.383192  -1.368427  -1.084579 )	15.994362 -12.383192 -8.631573 -8.915421 -7.616808 -11.368427 -11.084579 -0.012989 0.012989 
1301	(   2.382532  -1.372427  -1.084925 )	16.017949 -12.382532 -8.627573 -8.915075 -7.617468 -11.372427 -11.084925 0.013003 -0.013003 
1302	(   2.384308  -1.37091   -1.084157 )	16.024726 -12.384308 -8.629090 -8.915843 -7.615692 -11.370910 -11.084157 0.004273 -0.004273 
1303	(   2.380075  -1.371213  -1.085318 )	15.983446 -12.380075 -8.628787 -8.914682 -7.619925 -11.371213 -11.085318 -0.000003 0.000003 
1304	(   2.382721  -1.370279  -1.085021 )	16.003554 -12.382721 -8.629721 -8.914979 -7.617279 -11.370279 -11.085021 0.000001 -0.000001 
1305	(   2.382298  -1.369835  -1.085828 )	15.995762 -12.382298 -8.630165 -8.914172 -7.617702 -11.369835 -11.085828 0.000013 -0.000013 
1306	(   2.382962  -1.370635  -1.084429 )	16.008791 -12.382962 -8.629365 -8.915571 -7.617038 -11.370635 -11.084429 -0.000003 0.000003 
1307	(   2.383914  -1.371308  -1.083029 )	16.023810 -12.383914 -8.628692 -8.916971 -7.616086 -11.371308 -11.083029 -0.000001 0.000001 
1308	(   2.381721  -1.370933  -1.08546  )	15.998213 -12.381721 -8.629067 -8.914540 -7.618279 -11.370933 -11.085460 0.003638 -0.003638 
1309	(   2.3832    -1.369252  -1.084843 )	16.000675 -12.383200 -8.630748 -8.915157 -7.616800 -11.369252 -11.084843 -0.006245 0.006245 
1310	(   2.383838  -1.370507  -1.083577 )	16.016885 -12.383838 -8.629493 -8.916423 -7.616162 -11.370507 -11.083577 -0.002668 0.002668 
1311	(   2.384466  -1.367976  -1.084216 )	16.004044 -12.384466 -8.632024 -8.915784 -7.615534 -11.367976 -11.084216 -0.014133 0.014133 
1312	(   2.383721  -1.369625  -1.084582 )	16.008898 -12.383721 -8.630375 -8.915418 -7.616279 -11.369625 -11.084582 -0.003634 0.003634 
1313	(   2.384211  -1.369998  -1.084588 )	16.016754 -12.384211 -8.630002 -8.915412 -7.615789 -11.369998 -11.084588 0.000232 -0.000232 
1314	(   2.382299  -1.369835  -1.085828 )	15.995766 -12.382299 -8.630165 -8.914172 -7.617701 -11.369835 -11.085828 0.000014 -0.000014 
1315	(   2.381962  -1.370873  -1.084627 )	16.000305 -12.381962 -8.629127 -8.915373 -7.618038 -11.370873 -11.084627 -0.000318 0.000318 
1316	(   2.383273  -1.370881  -1.083939 )	16.013893 -12.383273 -8.629119 -8.916061 -7.616727 -11.370881 -11.083939 -0.000003 0.000003 
1317	(   2.384613  -1.369693  -1.084706 )	16.018558 -12.384613 -8.630307 -8.915294 -7.615387 -11.369693 -11.084706 -0.000001 0.000001 
1318	(   2.3833    -1.370244  -1.084741 )	16.009251 -12.383300 -8.629756 -8.915259 -7.616700 -11.370244 -11.084741 -0.000001 0.000001 
1319	(   2.382471  -1.370283  -1.085521 )	16.000966 -12.382471 -8.629717 -8.914479 -7.617529 -11.370283 -11.085521 0.001863 -0.001863 
1320	(   2.382972  -1.370275  -1.084521 )	16.006142 -12.382972 -8.629725 -8.915479 -7.617028 -11.370275 -11.084521 -0.001858 0.001858 
1321	(   2.3837    -1.369464  -1.08473  )	16.007432 -12.383700 -8.630536 -8.915270 -7.616300 -11.369464 -11.084730 -0.003998 0.003998 
1322	(   2.383932  -1.370424  -1.084077 )	16.017173 -12.383932 -8.629576 -8.915923 -7.616068 -11.370424 -11.084077 -0.000394 0.000394 
1323	(   2.38436   -1.368976  -1.084266 )	16.010555 -12.384360 -8.631024 -8.915734 -7.615640 -11.368976 -11.084266 -0.007650 0.007650 
1324	(   2.384206  -1.369987  -1.084583 )	16.016620 -12.384206 -8.630013 -8.915417 -7.615794 -11.369987 -11.084583 0.000123 -0.000123 
1325	(   2.382862  -1.369984  -1.085336 )	16.002725 -12.382862 -8.630016 -8.914664 -7.617138 -11.369984 -11.085336 0.000082 -0.000082 
1326	(   2.384231  -1.369675  -1.084943 )	16.014482 -12.384231 -8.630325 -8.915057 -7.615769 -11.369675 -11.084943 0.000001 -0.000001 

BBE ( SOL ) BBO
1327	(   2.384613  -1.369693  -1.084706 )	16.018559 -12.384613 -8.630307 -8.915294 -7.615387 -11.369693 -11.084706 0.000000 -0.000000 
1328	(   2.3833    -1.370244  -1.084741 )	16.009252 -12.383300 -8.629756 -8.915259 -7.616700 -11.370244 -11.084741 -0.000000 0.000000 
1329	(   2.380601  -1.371048  -1.085233 )	15.987596 -12.380601 -8.628952 -8.914767 -7.619399 -11.371048 -11.085233 -0.000006 0.000006 
1330	(   2.38266   -1.369677  -1.085825 )	15.998273 -12.382660 -8.630323 -8.914175 -7.617340 -11.369677 -11.085825 0.000006 -0.000006 
1331	(   2.382493  -1.370769  -1.084524 )	16.004978 -12.382493 -8.629231 -8.915476 -7.617507 -11.370769 -11.084524 0.000002 -0.000002 
1332	(   2.383248  -1.370404  -1.084565 )	16.009951 -12.383248 -8.629596 -8.915435 -7.616752 -11.370404 -11.084565 -0.000000 0.000000 
1333	(   2.382649  -1.370207  -1.085521 )	16.002220 -12.382649 -8.629793 -8.914479 -7.617351 -11.370207 -11.085521 0.001880 -0.001880 
1334	(   2.383165  -1.369955  -1.084241 )	16.005719 -12.383165 -8.630045 -8.915759 -7.616835 -11.369955 -11.084241 -0.004826 0.004826 
1335	(   2.383151  -1.369244  -1.084925 )	16.000109 -12.383151 -8.630756 -8.915075 -7.616849 -11.369244 -11.084925 -0.006014 0.006014 
1336	(   2.3828    -1.370603  -1.084824 )	16.006836 -12.382800 -8.629397 -8.915176 -7.617200 -11.370603 -11.084824 0.001329 -0.001329 
1337	(   2.382794  -1.370351  -1.084521 )	16.004889 -12.382794 -8.629649 -8.915479 -7.617206 -11.370351 -11.084521 -0.001874 0.001874 
1338	(   2.383308  -1.370253  -1.084743 )	16.009401 -12.383308 -8.629747 -8.915257 -7.616692 -11.370253 -11.084743 0.000093 -0.000093 
1339	(   2.380601  -1.371048  -1.085233 )	15.987598 -12.380601 -8.628952 -8.914767 -7.619399 -11.371048 -11.085233 -0.000005 0.000005 
1340	(   2.382737  -1.370116  -1.084842 )	16.002497 -12.382737 -8.629884 -8.915158 -7.617263 -11.370116 -11.084842 -0.001935 0.001935 
1341	(   2.382962  -1.370632  -1.084437 )	16.008768 -12.382962 -8.629368 -8.915563 -7.617038 -11.370632 -11.084437 0.000019 -0.000019 
1342	(   2.382874  -1.37049   -1.084666 )	16.006752 -12.382874 -8.629510 -8.915334 -7.617126 -11.370490 -11.084666 -0.000000 0.000000 
1343	(   2.382164  -1.370773  -1.084704 )	16.001612 -12.382164 -8.629227 -8.915296 -7.617836 -11.370773 -11.084704 -0.000002 0.000002 
1344	(   2.381594  -1.37123   -1.084441 )	15.999257 -12.381594 -8.628770 -8.915559 -7.618406 -11.371230 -11.084441 0.000001 -0.000001 
1345	(   2.377756  -1.37345   -1.083766 )	15.976802 -12.377756 -8.626550 -8.916234 -7.622244 -11.373450 -11.083766 -0.000006 0.000006 
1346	(   2.381595  -1.37123   -1.084441 )	15.999260 -12.381595 -8.628770 -8.915559 -7.618405 -11.371230 -11.084441 0.000002 -0.000002 
1347	(   2.380192  -1.371051  -1.08546  )	15.983407 -12.380192 -8.628949 -8.914540 -7.619808 -11.371051 -11.085460 -0.000001 0.000001 
1348	(   2.375985  -1.370514  -1.088517 )	15.935913 -12.375985 -8.629486 -8.911483 -7.624015 -11.370514 -11.088517 0.000091 -0.000091 
1349	(   2.379335  -1.370877  -1.086164 )	15.973226 -12.379335 -8.629123 -8.913836 -7.620665 -11.370877 -11.086164 0.000001 -0.000001 
1350	(   2.376764  -1.370355  -1.088276 )	15.942711 -12.376764 -8.629645 -8.911724 -7.623236 -11.370355 -11.088276 0.000054 -0.000054 
1351	(   2.374602  -1.370998  -1.08866  )	15.925404 -12.374602 -8.629002 -8.911340 -7.625398 -11.370998 -11.088660 -0.000001 0.000001 
1352	(   2.360402  -1.371361  -1.09616  )	15.782485 -12.360402 -8.628639 -8.903840 -7.639598 -11.371361 -11.096160 0.000567 -0.000567 
1353	(   2.381574  -1.37123   -1.084466 )	15.999042 -12.381574 -8.628770 -8.915534 -7.618426 -11.371230 -11.084466 0.000069 -0.000069 
1354	(   2.376602  -1.371558  -1.08686  )	15.950307 -12.376602 -8.628442 -8.913140 -7.623398 -11.371558 -11.086860 0.000142 -0.000142 
1355	(   2.383574  -1.374219  -1.079466 )	16.042828 -12.383574 -8.625781 -8.920534 -7.616426 -11.374219 -11.079466 0.000057 -0.000057 
1356	(   2.382074  -1.370783  -1.084766 )	16.000751 -12.382074 -8.629217 -8.915234 -7.617926 -11.370783 -11.084766 0.000120 -0.000120 
1357	(   2.383674  -1.370177  -1.084666 )	16.012591 -12.383674 -8.629823 -8.915334 -7.616326 -11.370177 -11.084666 0.000257 -0.000257 
1358	(   2.372874  -1.36863   -1.085566 )	15.890051 -12.372874 -8.631370 -8.914434 -7.627126 -11.368630 -11.085566 -0.036272 0.036272 
1359	(   2.373374  -1.37249   -1.082266 )	15.924744 -12.373374 -8.627510 -8.917734 -7.626626 -11.372490 -11.082266 -0.026534 0.026534 
1360	(   2.383574  -1.370146  -1.074666 )	16.012309 -12.383574 -8.629854 -8.925334 -7.616426 -11.370146 -11.074666 -0.050576 0.050576 
1361	(   2.369502  -1.372487  -1.07866  )	15.885471 -12.369502 -8.627513 -8.921340 -7.630498 -11.372487 -11.078660 -0.055912 0.055912 
1362	(   2.379702  -1.369509  -1.09866  )	15.965542 -12.379702 -8.630491 -8.901340 -7.620298 -11.369509 -11.098660 0.057300 -0.057300 
1363	(   2.387774  -1.369652  -1.093766 )	16.049955 -12.387774 -8.630348 -8.906234 -7.612226 -11.369652 -11.093766 0.055658 -0.055658 
1364	(   2.360403  -1.371361  -1.096148 )	15.782496 -12.360403 -8.628639 -8.903852 -7.639597 -11.371361 -11.096148 0.000507 -0.000507 
1365	(   2.375859  -1.369822  -1.089442 )	15.929294 -12.375859 -8.630178 -8.910558 -7.624141 -11.369822 -11.089442 0.000001 -0.000001 
1366	(   2.3797    -1.371124  -1.085645 )	15.978890 -12.379700 -8.628876 -8.914355 -7.620300 -11.371124 -11.085645 0.000004 -0.000004 

BBE ( SOL ) BBO
1367	(   2.382082  -1.370783  -1.084738 )	16.000836 -12.382082 -8.629217 -8.915262 -7.617918 -11.370783 -11.084738 0.000000 -0.000000 
1368	(   2.381023  -1.371186  -1.084819 )	15.993017 -12.381023 -8.628814 -8.915181 -7.618977 -11.371186 -11.084819 -0.000004 0.000004 
1369	(   2.360402  -1.371361  -1.096148 )	15.782486 -12.360402 -8.628639 -8.903852 -7.639598 -11.371361 -11.096148 0.000504 -0.000504 
1370	(   2.379682  -1.371662  -1.084954 )	15.982856 -12.379682 -8.628338 -8.915046 -7.620318 -11.371662 -11.084954 -0.000070 0.000070 
1371	(   2.373202  -1.371086  -1.089311 )	15.911680 -12.373202 -8.628914 -8.910689 -7.626798 -11.371086 -11.089311 -0.000097 0.000097 
1372	(   2.395382  -1.371906  -1.075682 )	16.147245 -12.395382 -8.628094 -8.924318 -7.604618 -11.371906 -11.075682 0.000010 -0.000010 
1373	(   2.382282  -1.370608  -1.084864 )	16.001549 -12.382282 -8.629392 -8.915136 -7.617718 -11.370608 -11.084864 0.000077 -0.000077 
1374	(   2.382982  -1.370455  -1.08464  )	16.007597 -12.382982 -8.629545 -8.915360 -7.617018 -11.370455 -11.084640 -0.000051 0.000051 
1375	(   2.372082  -1.37229   -1.08768  )	15.909487 -12.372082 -8.627710 -8.912320 -7.627918 -11.372290 -11.087680 -0.003903 0.003903 
1376	(   2.383382  -1.372678  -1.079738 )	16.029092 -12.383382 -8.627322 -8.920262 -7.616618 -11.372678 -11.079738 -0.009217 0.009217 
1377	(   2.364602  -1.371787  -1.084154 )	15.829586 -12.364602 -8.628213 -8.915846 -7.635398 -11.371787 -11.084154 -0.046792 0.046792 
1378	(   2.372082  -1.36937   -1.080763 )	15.888005 -12.372082 -8.630630 -8.919237 -7.627918 -11.369370 -11.080763 -0.058157 0.058157 
1379	(   2.384602  -1.370209  -1.093166 )	16.021619 -12.384602 -8.629791 -8.906834 -7.615398 -11.370209 -11.093166 0.047038 -0.047038 
1380	(   2.391582  -1.369967  -1.087281 )	16.092131 -12.391582 -8.630033 -8.912719 -7.608418 -11.369967 -11.087281 0.035031 -0.035031 
1381	(   2.379706  -1.371662  -1.084954 )	15.983103 -12.379706 -8.628338 -8.915046 -7.620294 -11.371662 -11.084954 -0.000001 0.000001 
1382	(   2.377379  -1.370189  -1.088131 )	15.947768 -12.377379 -8.629811 -8.911869 -7.622621 -11.370189 -11.088131 -0.000005 0.000005 
1383	(   2.382519  -1.370742  -1.084544 )	16.005031 -12.382519 -8.629258 -8.915456 -7.617481 -11.370742 -11.084544 0.000001 -0.000001 
1384	(   2.382256  -1.370608  -1.084864 )	16.001282 -12.382256 -8.629392 -8.915136 -7.617744 -11.370608 -11.084864 0.000002 -0.000002 
1385	(   2.383     -1.370455  -1.08464  )	16.007782 -12.383000 -8.629545 -8.915360 -7.617000 -11.370455 -11.084640 0.000001 -0.000001 
1386	(   2.37137   -1.371028  -1.09066  )	15.892377 -12.371370 -8.628972 -8.909340 -7.628630 -11.371028 -11.090660 0.001237 -0.001237 
1387	(   2.377654  -1.370471  -1.086738 )	15.952848 -12.377654 -8.629529 -8.913262 -7.622346 -11.370471 -11.086738 -0.004542 0.004542 
1388	(   2.377834  -1.370968  -1.08666  )	15.958477 -12.377834 -8.629032 -8.913340 -7.622166 -11.370968 -11.086660 -0.001184 0.001184 
1389	(   2.380752  -1.369783  -1.083643 )	15.979688 -12.380752 -8.630217 -8.916357 -7.619248 -11.369783 -11.083643 -0.015935 0.015935 
1390	(   2.377082  -1.371424  -1.083367 )	15.954532 -12.377082 -8.628576 -8.916633 -7.622918 -11.371424 -11.083367 -0.017203 0.017203 
1391	(   2.386804  -1.371147  -1.0866   )	16.051972 -12.386804 -8.628853 -8.913400 -7.613196 -11.371147 -11.086600 0.025508 -0.025508 
1392	(   2.379706  -1.371662  -1.084954 )	15.983101 -12.379706 -8.628338 -8.915046 -7.620294 -11.371662 -11.084954 -0.000002 0.000002 
1393	(   2.374482  -1.370957  -1.08879  )	15.923853 -12.374482 -8.629043 -8.911210 -7.625518 -11.370957 -11.088790 0.000057 -0.000057 
1394	(   2.382809  -1.370717  -1.084413 )	16.007831 -12.382809 -8.629283 -8.915587 -7.617191 -11.370717 -11.084413 0.000003 -0.000003 
1395	(   2.382256  -1.370608  -1.084864 )	16.001278 -12.382256 -8.629392 -8.915136 -7.617744 -11.370608 -11.084864 -0.000001 0.000001 
1396	(   2.383     -1.370455  -1.08464  )	16.007778 -12.383000 -8.629545 -8.915360 -7.617000 -11.370455 -11.084640 -0.000002 0.000002 
1397	(   2.372602  -1.370688  -1.089317 )	15.902521 -12.372602 -8.629312 -8.910683 -7.627398 -11.370688 -11.089317 -0.004386 0.004386 
1398	(   2.376602  -1.371308  -1.088003 )	15.948308 -12.376602 -8.628692 -8.911997 -7.623398 -11.371308 -11.088003 0.004393 -0.004393 
1399	(   2.380082  -1.370877  -1.08456  )	15.981033 -12.380082 -8.629123 -8.915440 -7.619918 -11.370877 -11.084560 -0.006055 0.006055 
1400	(   2.382451  -1.3708    -1.083738 )	16.004851 -12.382451 -8.629200 -8.916262 -7.617549 -11.370800 -11.083738 -0.003923 0.003923 
1401	(   2.381731  -1.370283  -1.084671 )	15.993439 -12.381731 -8.629717 -8.915329 -7.618269 -11.370283 -11.084671 -0.004616 0.004616 
1402	(   2.382603  -1.370763  -1.084795 )	16.006033 -12.382603 -8.629237 -8.915205 -7.617397 -11.370763 -11.084795 0.001664 -0.001664 
1403	(   2.374587  -1.370977  -1.088687 )	15.925088 -12.374587 -8.629023 -8.911313 -7.625413 -11.370977 -11.088687 -0.000039 0.000039 
1404	(   2.381455  -1.370863  -1.084989 )	15.994981 -12.381455 -8.629137 -8.915011 -7.618545 -11.370863 -11.084989 -0.000000 0.000000 
1405	(   2.379574  -1.371102  -1.085743 )	15.977422 -12.379574 -8.628898 -8.914257 -7.620426 -11.371102 -11.085743 0.000002 -0.000002 
1406	(   2.374526  -1.371025  -1.088668 )	15.924832 -12.374526 -8.628975 -8.911332 -7.625474 -11.371025 -11.088668 -0.000001 0.000001 

BBE ( SOL ) BBO
1407	(   2.374298  -1.371107  -1.088692 )	15.923117 -12.374298 -8.628893 -8.911308 -7.625702 -11.371107 -11.088692 -0.000000 0.000000 
1408	(   2.373614  -1.371353  -1.088764 )	15.917973 -12.373614 -8.628647 -8.911236 -7.626386 -11.371353 -11.088764 0.000003 -0.000003 
1409	(   2.374298  -1.371107  -1.088692 )	15.923117 -12.374298 -8.628893 -8.911308 -7.625702 -11.371107 -11.088692 0.000000 -0.000000 
1410	(   2.373779  -1.369787  -1.09064  )	15.907629 -12.373779 -8.630213 -8.909360 -7.626221 -11.369787 -11.090640 -0.000002 0.000002 
1411	(   2.374886  -1.369864  -1.08993  )	15.919607 -12.374886 -8.630136 -8.910070 -7.625114 -11.369864 -11.089930 0.000003 -0.000003 
1412	(   2.371285  -1.371268  -1.090178 )	15.893371 -12.371285 -8.628732 -8.909822 -7.628715 -11.371268 -11.090178 0.000055 -0.000055 
1413	(   2.379383  -1.370904  -1.086098 )	15.973932 -12.379383 -8.629096 -8.913902 -7.620617 -11.370904 -11.086098 -0.000021 0.000021 
1414	(   2.372475  -1.370107  -1.089303 )	15.896827 -12.372475 -8.629893 -8.910697 -7.627525 -11.370107 -11.089303 -0.008597 0.008597 
1415	(   2.379298  -1.370508  -1.088308 )	15.969852 -12.379298 -8.629492 -8.911692 -7.620702 -11.370508 -11.088308 0.008511 -0.008511 
1416	(   2.369526  -1.371915  -1.088548 )	15.880431 -12.369526 -8.628085 -8.911452 -7.630474 -11.371915 -11.088548 -0.009235 0.009235 
1417	(   2.371221  -1.37072   -1.087692 )	15.888789 -12.371221 -8.629280 -8.912308 -7.628779 -11.370720 -11.087692 -0.016532 0.016532 
1418	(   2.379526  -1.370135  -1.088788 )	15.969317 -12.379526 -8.629865 -8.911212 -7.620474 -11.370135 -11.088788 0.009211 -0.009211 
1419	(   2.374297  -1.371127  -1.0887   )	15.923258 -12.374297 -8.628873 -8.911300 -7.625703 -11.371127 -11.088700 0.000169 -0.000169 
1420	(   2.373614  -1.371353  -1.088764 )	15.917972 -12.373614 -8.628647 -8.911236 -7.626386 -11.371353 -11.088764 0.000003 -0.000003 
1421	(   2.373139  -1.371138  -1.089304 )	15.911430 -12.373139 -8.628862 -8.910696 -7.626861 -11.371138 -11.089304 0.000028 -0.000028 
1422	(   2.374416  -1.371334  -1.088235 )	15.926089 -12.374416 -8.628666 -8.911765 -7.625584 -11.371334 -11.088235 -0.000536 0.000536 
1423	(   2.371285  -1.371269  -1.090177 )	15.893373 -12.371285 -8.628731 -8.909823 -7.628715 -11.371269 -11.090177 0.000055 -0.000055 
1424	(   2.379383  -1.370904  -1.086098 )	15.973933 -12.379383 -8.629096 -8.913902 -7.620617 -11.370904 -11.086098 -0.000021 0.000021 
1425	(   2.373773  -1.370525  -1.089054 )	15.913298 -12.373773 -8.629475 -8.910946 -7.626227 -11.370525 -11.089054 -0.003426 0.003426 
1426	(   2.373834  -1.371129  -1.088192 )	15.918573 -12.373834 -8.628871 -8.911808 -7.626166 -11.371129 -11.088192 -0.003777 0.003777 
1427	(   2.375279  -1.371525  -1.088281 )	15.936370 -12.375279 -8.628475 -8.911719 -7.624721 -11.371525 -11.088281 0.003429 -0.003429 
1428	(   2.376298  -1.370988  -1.08857  )	15.942710 -12.376298 -8.629012 -8.911430 -7.623702 -11.370988 -11.088570 0.004357 -0.004357 
1429	(   2.373827  -1.370607  -1.088698 )	15.914505 -12.373827 -8.629393 -8.911302 -7.626173 -11.370607 -11.088698 -0.004579 0.004579 
1430	(   2.374287  -1.371113  -1.088698 )	15.923049 -12.374287 -8.628887 -8.911302 -7.625713 -11.371113 -11.088698 0.000039 -0.000039 
1431	(   2.373637  -1.37124   -1.088781 )	15.917345 -12.373637 -8.628760 -8.911219 -7.626363 -11.371240 -11.088781 -0.000583 0.000583 
1432	(   2.374375  -1.371039  -1.088715 )	15.923385 -12.374375 -8.628961 -8.911285 -7.625625 -11.371039 -11.088715 -0.000102 0.000102 
1433	(   2.374146  -1.371162  -1.088708 )	15.921973 -12.374146 -8.628838 -8.911292 -7.625854 -11.371162 -11.088708 0.000000 -0.000000 
1434	(   2.373918  -1.371244  -1.088732 )	15.920258 -12.373918 -8.628756 -8.911268 -7.626082 -11.371244 -11.088732 0.000001 -0.000001 
1435	(   2.373234  -1.37149   -1.088804 )	15.915112 -12.373234 -8.628510 -8.911196 -7.626766 -11.371490 -11.088804 0.000003 -0.000003 
1436	(   2.37369   -1.371326  -1.088756 )	15.918544 -12.373690 -8.628674 -8.911244 -7.626310 -11.371326 -11.088756 0.000003 -0.000003 
1437	(   2.373234  -1.37149   -1.088855 )	15.915105 -12.373234 -8.628510 -8.911145 -7.626766 -11.371490 -11.088855 0.000267 -0.000267 
1438	(   2.374576  -1.370941  -1.088741 )	15.924700 -12.374576 -8.629059 -8.911259 -7.625424 -11.370941 -11.088741 -0.000026 0.000026 
1439	(   2.374577  -1.371007  -1.088662 )	15.925217 -12.374577 -8.628993 -8.911338 -7.625423 -11.371007 -11.088662 -0.000000 0.000000 
1440	(   2.374083  -1.371185  -1.088714 )	15.921501 -12.374083 -8.628815 -8.911286 -7.625917 -11.371185 -11.088714 0.000002 -0.000002 
1441	(   2.373581  -1.371424  -1.088508 )	15.918196 -12.373581 -8.628576 -8.911492 -7.626419 -11.371424 -11.088508 -0.000950 0.000950 
1442	(   2.374799  -1.370963  -1.088932 )	15.927134 -12.374799 -8.629037 -8.911068 -7.625201 -11.370963 -11.088932 0.001745 -0.001745 
1443	(   2.376146  -1.371026  -1.088623 )	15.941437 -12.376146 -8.628974 -8.911377 -7.623854 -11.371026 -11.088623 0.004437 -0.004437 
1444	(   2.373263  -1.370662  -1.088628 )	15.909152 -12.373263 -8.629338 -8.911372 -7.626737 -11.370662 -11.088628 -0.006209 0.006209 
1445	(   2.373037  -1.371524  -1.088532 )	15.913384 -12.373037 -8.628476 -8.911468 -7.626963 -11.371524 -11.088532 -0.001742 0.001742 
1446	(   2.37414   -1.371166  -1.088711 )	15.921940 -12.374140 -8.628834 -8.911289 -7.625860 -11.371166 -11.088711 0.000027 -0.000027 

BBE ( SOL ) BBO
1447	(   2.373099  -1.371524  -1.088836 )	15.913988 -12.373099 -8.628476 -8.911164 -7.626901 -11.371524 -11.088836 0.000003 -0.000003 
1448	(   2.373957  -1.371219  -1.08874  )	15.920471 -12.373957 -8.628781 -8.911260 -7.626043 -11.371219 -11.088740 -0.000004 0.000004 
1449	(   2.373918  -1.371244  -1.088732 )	15.920259 -12.373918 -8.628756 -8.911268 -7.626082 -11.371244 -11.088732 0.000002 -0.000002 
1450	(   2.374412  -1.371066  -1.08868  )	15.923977 -12.374412 -8.628934 -8.911320 -7.625588 -11.371066 -11.088680 -0.000000 0.000000 
1451	(   2.373146  -1.371112  -1.088704 )	15.911354 -12.373146 -8.628888 -8.911296 -7.626854 -11.371112 -11.088704 -0.003226 0.003226 
1452	(   2.373884  -1.371362  -1.088736 )	15.920804 -12.373884 -8.628638 -8.911264 -7.626116 -11.371362 -11.088736 0.000696 -0.000696 
1453	(   2.374181  -1.371107  -1.088808 )	15.921903 -12.374181 -8.628893 -8.911192 -7.625819 -11.371107 -11.088808 0.000257 -0.000257 
1454	(   2.374885  -1.371444  -1.088781 )	15.931672 -12.374885 -8.628556 -8.911219 -7.625115 -11.371444 -11.088781 0.004346 -0.004346 
1455	(   2.372951  -1.371044  -1.088682 )	15.908848 -12.372951 -8.628956 -8.911318 -7.627049 -11.371044 -11.088682 -0.004343 0.004343 
1456	(   2.374631  -1.371043  -1.088651 )	15.926043 -12.374631 -8.628957 -8.911349 -7.625369 -11.371043 -11.088651 0.000329 -0.000329 
1457	(   2.37369   -1.371326  -1.088756 )	15.918541 -12.373690 -8.628674 -8.911244 -7.626310 -11.371326 -11.088756 0.000002 -0.000002 
1458	(   2.373646  -1.371305  -1.088808 )	15.917925 -12.373646 -8.628695 -8.911192 -7.626354 -11.371305 -11.088808 0.000006 -0.000006 
1459	(   2.374144  -1.371121  -1.088761 )	15.921636 -12.374144 -8.628879 -8.911239 -7.625856 -11.371121 -11.088761 0.000004 -0.000004 
1460	(   2.374082  -1.371185  -1.088714 )	15.921495 -12.374082 -8.628815 -8.911286 -7.625918 -11.371185 -11.088714 0.000000 -0.000000 
1461	(   2.373918  -1.371244  -1.088732 )	15.920255 -12.373918 -8.628756 -8.911268 -7.626082 -11.371244 -11.088732 0.000001 -0.000001 
1462	(   2.373423  -1.371422  -1.088784 )	15.916529 -12.373423 -8.628578 -8.911216 -7.626577 -11.371422 -11.088784 -0.000001 0.000001 
1463	(   2.371938  -1.371954  -1.08894  )	15.905356 -12.371938 -8.628046 -8.911060 -7.628062 -11.371954 -11.088940 -0.000006 0.000006 
1464	(   2.373892  -1.371253  -1.088734 )	15.920066 -12.373892 -8.628747 -8.911266 -7.626108 -11.371253 -11.088734 0.000001 -0.000001 
1465	(   2.372702  -1.371954  -1.088514 )	15.913213 -12.372702 -8.628046 -8.911486 -7.627298 -11.371954 -11.088514 0.000002 -0.000002 
1466	(   2.373568  -1.371367  -1.088771 )	15.917608 -12.373568 -8.628633 -8.911229 -7.626432 -11.371367 -11.088771 -0.000001 0.000001 
1467	(   2.374052  -1.371195  -1.088717 )	15.921268 -12.374052 -8.628805 -8.911283 -7.625948 -11.371195 -11.088717 -0.000001 0.000001 
1468	(   2.374236  -1.371129  -1.088698 )	15.922654 -12.374236 -8.628871 -8.911302 -7.625764 -11.371129 -11.088698 -0.000001 0.000001 
1469	(   2.372082  -1.371202  -1.088758 )	15.901150 -12.372082 -8.628798 -8.911242 -7.627918 -11.371202 -11.088758 -0.005426 0.005426 
1470	(   2.374152  -1.370685  -1.088778 )	15.918416 -12.374152 -8.629315 -8.911222 -7.625848 -11.370685 -11.088778 -0.002726 0.002726 
1471	(   2.373626  -1.371023  -1.088514 )	15.915616 -12.373626 -8.628977 -8.911486 -7.626374 -11.371023 -11.088514 -0.003400 0.003400 
1472	(   2.37247   -1.370922  -1.088709 )	15.902994 -12.372470 -8.629078 -8.911291 -7.627530 -11.370922 -11.088709 -0.006386 0.006386 
1473	(   2.374376  -1.371922  -1.088859 )	15.930071 -12.374376 -8.628078 -8.911141 -7.625624 -11.371922 -11.088859 0.006389 -0.006389 
1474	(   2.374272  -1.371609  -1.088679 )	15.926660 -12.374272 -8.628391 -8.911321 -7.625728 -11.371609 -11.088679 0.003129 -0.003129 
1475	(   2.373452  -1.37138   -1.088819 )	15.916511 -12.373452 -8.628620 -8.911181 -7.626548 -11.371380 -11.088819 0.000000 -0.000000 
1476	(   2.373539  -1.371257  -1.088927 )	15.916456 -12.373539 -8.628743 -8.911073 -7.626461 -11.371257 -11.088927 0.000002 -0.000002 
1477	(   2.37219   -1.371754  -1.089052 )	15.906407 -12.372190 -8.628246 -8.910948 -7.627810 -11.371754 -11.089052 -0.000001 0.000001 
1478	(   2.368491  -1.372752  -1.089858 )	15.876069 -12.368491 -8.627248 -8.910142 -7.631509 -11.372752 -11.089858 -0.000006 0.000006 
1479	(   2.373539  -1.371257  -1.088927 )	15.916459 -12.373539 -8.628743 -8.911073 -7.626461 -11.371257 -11.088927 0.000005 -0.000005 
1480	(   2.371408  -1.371404  -1.089929 )	15.895677 -12.371408 -8.628596 -8.910071 -7.628592 -11.371404 -11.089929 0.000002 -0.000002 
1481	(   2.372878  -1.37187   -1.088521 )	15.914377 -12.372878 -8.628130 -8.911479 -7.627122 -11.371870 -11.088521 -0.000002 0.000002 
1482	(   2.373489  -1.371377  -1.088803 )	15.916868 -12.373489 -8.628623 -8.911197 -7.626511 -11.371377 -11.088803 0.000000 -0.000000 
1483	(   2.373715  -1.370915  -1.088319 )	15.915724 -12.373715 -8.629085 -8.911681 -7.626285 -11.370915 -11.088319 -0.004849 0.004849 
1484	(   2.374496  -1.37038   -1.089086 )	15.919596 -12.374496 -8.629620 -8.910914 -7.625504 -11.370380 -11.089086 -0.002125 0.002125 
1485	(   2.37419   -1.371662  -1.089292 )	15.926160 -12.374190 -8.628338 -8.910708 -7.625810 -11.371662 -11.089292 0.006404 -0.006404 
1486	(   2.37019   -1.371846  -1.088812 )	15.886669 -12.370190 -8.628154 -8.911188 -7.629810 -11.371846 -11.088812 -0.006406 0.006406 

BBE ( SOL ) BBO
1487	(   2.375452  -1.371855  -1.088775 )	15.940599 -12.375452 -8.628145 -8.911225 -7.624548 -11.371855 -11.088775 0.008627 -0.008627 
1488	(   2.37133   -1.372523  -1.089057 )	15.903437 -12.371330 -8.627477 -8.910943 -7.628670 -11.372523 -11.089057 0.002554 -0.002554 
1489	(   2.368491  -1.372752  -1.089858 )	15.876069 -12.368491 -8.627248 -8.910142 -7.631509 -11.372752 -11.089858 -0.000006 0.000006 
1490	(   2.372129  -1.371782  -1.089051 )	15.905996 -12.372129 -8.628218 -8.910949 -7.627871 -11.371782 -11.089051 0.000001 -0.000001 
1491	(   2.371946  -1.371867  -1.089048 )	15.904764 -12.371946 -8.628133 -8.910952 -7.628054 -11.371867 -11.089048 0.000007 -0.000007 
1492	(   2.372479  -1.37181   -1.08882  )	15.909807 -12.372479 -8.628190 -8.911180 -7.627521 -11.371810 -11.088820 -0.000003 0.000003 
1493	(   2.373658  -1.371249  -1.08887  )	15.917619 -12.373658 -8.628751 -8.911130 -7.626342 -11.371249 -11.088870 0.000001 -0.000001 
1494	(   2.373203  -1.371466  -1.08885  )	15.914611 -12.373203 -8.628534 -8.911150 -7.626797 -11.371466 -11.088850 -0.000000 0.000000 
1495	(   2.372731  -1.371619  -1.088921 )	15.910927 -12.372731 -8.628381 -8.911079 -7.627269 -11.371619 -11.088921 -0.000002 0.000002 
1496	(   2.371946  -1.371866  -1.089048 )	15.904761 -12.371946 -8.628134 -8.910952 -7.628054 -11.371866 -11.089048 0.000005 -0.000005 
1497	(   2.372456  -1.371724  -1.088941 )	15.908913 -12.372456 -8.628276 -8.911059 -7.627544 -11.371724 -11.088941 -0.000000 0.000000 
1498	(   2.370215  -1.372498  -1.089215 )	15.891829 -12.370215 -8.627502 -8.910785 -7.629785 -11.372498 -11.089215 -0.000008 0.000008 
1499	(   2.371946  -1.371866  -1.089048 )	15.904761 -12.371946 -8.628134 -8.910952 -7.628054 -11.371866 -11.089048 0.000005 -0.000005 
1500	(   2.375701  -1.37066   -1.088473 )	15.934114 -12.375701 -8.629340 -8.911527 -7.624299 -11.370660 -11.088473 0.000001 -0.000001 
1501	(   2.375956  -1.371106  -1.087766 )	15.940173 -12.375956 -8.628894 -8.912234 -7.624044 -11.371106 -11.087766 -0.000001 0.000001 
1502	(   2.372585  -1.37167   -1.088937 )	15.909824 -12.372585 -8.628330 -8.911063 -7.627415 -11.371670 -11.088937 -0.000001 0.000001 
1503	(   2.373263  -1.37145   -1.088836 )	15.915105 -12.373263 -8.628550 -8.911164 -7.626737 -11.371450 -11.088836 -0.000001 0.000001 
1504	(   2.36757   -1.369724  -1.088862 )	15.843836 -12.367570 -8.630276 -8.911138 -7.632430 -11.369724 -11.088862 -0.027469 0.027469 
1505	(   2.367456  -1.373649  -1.089127 )	15.872355 -12.367456 -8.626351 -8.910873 -7.632544 -11.373649 -11.089127 -0.000936 0.000936 
1506	(   2.372172  -1.371992  -1.087941 )	15.908129 -12.372172 -8.628008 -8.912059 -7.627828 -11.371992 -11.087941 -0.004232 0.004232 
1507	(   2.367129  -1.371274  -1.088567 )	15.851085 -12.367129 -8.628726 -8.911433 -7.632871 -11.371274 -11.088567 -0.020205 0.020205 
1508	(   2.377129  -1.37229   -1.089535 )	15.961018 -12.377129 -8.627710 -8.910465 -7.622871 -11.372290 -11.089535 0.020226 -0.020226 
1509	(   2.372588  -1.371707  -1.08897  )	15.910132 -12.372588 -8.628293 -8.911030 -7.627412 -11.371707 -11.088970 0.000419 -0.000419 
1510	(   2.370215  -1.372498  -1.089216 )	15.891829 -12.370215 -8.627502 -8.910784 -7.629785 -11.372498 -11.089216 -0.000005 0.000005 
1511	(   2.371441  -1.372745  -1.088221 )	15.906332 -12.371441 -8.627255 -8.911779 -7.628559 -11.372745 -11.088221 0.000003 -0.000003 
1512	(   2.37236   -1.371735  -1.088981 )	15.908010 -12.372360 -8.628265 -8.911019 -7.627640 -11.371735 -11.088981 -0.000003 0.000003 
1513	(   2.372585  -1.37167   -1.088938 )	15.909824 -12.372585 -8.628330 -8.911062 -7.627415 -11.371670 -11.088938 0.000002 -0.000002 
1514	(   2.373263  -1.37145   -1.088836 )	15.915105 -12.373263 -8.628550 -8.911164 -7.626737 -11.371450 -11.088836 -0.000001 0.000001 
1515	(   2.37163   -1.371236  -1.089441 )	15.896719 -12.371630 -8.628764 -8.910559 -7.628370 -11.371236 -11.089441 -0.002971 0.002971 
1516	(   2.371347  -1.370724  -1.088583 )	15.890024 -12.371347 -8.629276 -8.911417 -7.628653 -11.370724 -11.088583 -0.011549 0.011549 
1517	(   2.374456  -1.371094  -1.088994 )	15.924606 -12.374456 -8.628906 -8.911006 -7.625544 -11.371094 -11.088994 0.001933 -0.001933 
1518	(   2.374129  -1.371409  -1.089539 )	15.923597 -12.374129 -8.628591 -8.910461 -7.625871 -11.371409 -11.089539 0.005858 -0.005858 
1519	(   2.370129  -1.372155  -1.088563 )	15.888410 -12.370129 -8.627845 -8.911437 -7.629871 -11.372155 -11.088563 -0.005856 0.005856 
1520	(   2.371318  -1.372762  -1.08845  )	15.905181 -12.371318 -8.627238 -8.911550 -7.628682 -11.372762 -11.088450 0.000938 -0.000938 
1521	(   2.372267  -1.371821  -1.088926 )	15.907709 -12.372267 -8.628179 -8.911074 -7.627733 -11.371821 -11.088926 0.000001 -0.000001 
1522	(   2.373819  -1.371038  -1.089046 )	15.917654 -12.373819 -8.628962 -8.910954 -7.626181 -11.371038 -11.089046 -0.000002 0.000002 
1523	(   2.372585  -1.37167   -1.088938 )	15.909822 -12.372585 -8.628330 -8.911062 -7.627415 -11.371670 -11.088938 -0.000000 0.000000 
1524	(   2.373456  -1.371658  -1.088925 )	15.918649 -12.373456 -8.628342 -8.911075 -7.626544 -11.371658 -11.088925 0.002364 -0.002364 
1525	(   2.372601  -1.371957  -1.089141 )	15.912141 -12.372601 -8.628043 -8.910859 -7.627399 -11.371957 -11.089141 0.002965 -0.002965 
1526	(   2.372548  -1.372224  -1.088846 )	15.913653 -12.372548 -8.627776 -8.911154 -7.627452 -11.372224 -11.088846 0.003026 -0.003026 

BBE ( SOL ) BBO
1527	(   2.371888  -1.37147   -1.088851 )	15.901183 -12.371888 -8.628530 -8.911149 -7.628112 -11.371470 -11.088851 -0.003758 0.003758 
1528	(   2.37237   -1.372095  -1.089251 )	15.910811 -12.372370 -8.627905 -8.910749 -7.627630 -11.372095 -11.089251 0.003762 -0.003762 
1529	(   2.371998  -1.371533  -1.088964 )	15.902771 -12.371998 -8.628467 -8.911036 -7.628002 -11.371533 -11.088964 -0.002452 0.002452 
1530	(   2.371955  -1.371989  -1.088888 )	15.905794 -12.371955 -8.628011 -8.911112 -7.628045 -11.371989 -11.088888 -0.000001 0.000001 
1531	(   2.371433  -1.372607  -1.088398 )	15.905188 -12.371433 -8.627393 -8.911602 -7.628567 -11.372607 -11.088398 -0.000005 0.000005 
1532	(   2.370901  -1.372523  -1.088803 )	15.899072 -12.370901 -8.627477 -8.911197 -7.629099 -11.372523 -11.088803 -0.000000 0.000000 
1533	(   2.367739  -1.374127  -1.088546 )	15.878922 -12.367739 -8.625873 -8.911454 -7.632261 -11.374127 -11.088546 -0.000010 0.000010 
1534	(   2.371433  -1.372608  -1.088398 )	15.905189 -12.371433 -8.627392 -8.911602 -7.628567 -11.372608 -11.088398 -0.000003 0.000003 
1535	(   2.370636  -1.372226  -1.089325 )	15.894063 -12.370636 -8.627774 -8.910675 -7.629364 -11.372226 -11.089325 0.000000 -0.000000 
1536	(   2.369841  -1.371335  -1.090891 )	15.879047 -12.369841 -8.628665 -8.909109 -7.630159 -11.371335 -11.090891 0.000030 -0.000030 
1537	(   2.371433  -1.372608  -1.088398 )	15.905189 -12.371433 -8.627392 -8.911602 -7.628567 -11.372608 -11.088398 -0.000005 0.000005 
1538	(   2.372835  -1.371525  -1.088982 )	15.911280 -12.372835 -8.628475 -8.911018 -7.627165 -11.371525 -11.088982 0.000003 -0.000003 
1539	(   2.375257  -1.37132   -1.087888 )	15.934618 -12.375257 -8.628680 -8.912112 -7.624743 -11.371320 -11.087888 0.000001 -0.000001 
1540	(   2.370077  -1.372646  -1.089108 )	15.891549 -12.370077 -8.627354 -8.910892 -7.629923 -11.372646 -11.089108 -0.000001 0.000001 
1541	(   2.371958  -1.371914  -1.088981 )	15.905254 -12.371958 -8.628086 -8.911019 -7.628042 -11.371914 -11.088981 0.000003 -0.000003 
1542	(   2.369836  -1.371335  -1.090891 )	15.878996 -12.369836 -8.628665 -8.909109 -7.630164 -11.371335 -11.090891 0.000015 -0.000015 
1543	(   2.368377  -1.373906  -1.088457 )	15.883776 -12.368377 -8.626094 -8.911543 -7.631623 -11.373906 -11.088457 -0.000069 0.000069 
1544	(   2.377136  -1.369467  -1.089205 )	15.939706 -12.377136 -8.630533 -8.910795 -7.622864 -11.369467 -11.089205 0.000138 -0.000138 
1545	(   2.378677  -1.370215  -1.087377 )	15.961340 -12.378677 -8.629785 -8.912623 -7.621323 -11.370215 -11.087377 0.000019 -0.000019 
1546	(   2.370036  -1.372646  -1.089108 )	15.891129 -12.370036 -8.627354 -8.910892 -7.629964 -11.372646 -11.089108 -0.000119 0.000119 
1547	(   2.371936  -1.371914  -1.088981 )	15.905028 -12.371936 -8.628086 -8.911019 -7.628064 -11.371914 -11.088981 -0.000060 0.000060 
1548	(   2.363536  -1.367226  -1.089158 )	15.783793 -12.363536 -8.632774 -8.910842 -7.636464 -11.367226 -11.089158 -0.053706 0.053706 
1549	(   2.360636  -1.375699  -1.089647 )	15.818224 -12.360636 -8.624301 -8.910353 -7.639364 -11.375699 -11.089647 -0.004635 0.004635 
1550	(   2.369936  -1.372889  -1.087325 )	15.892113 -12.369936 -8.627111 -8.912675 -7.630064 -11.372889 -11.087325 -0.008017 0.008017 
1551	(   2.372477  -1.368372  -1.087108 )	15.883902 -12.372477 -8.631628 -8.912892 -7.627523 -11.368372 -11.087108 -0.031179 0.031179 
1552	(   2.367677  -1.37692   -1.091108 )	15.899219 -12.367677 -8.623080 -8.908892 -7.632323 -11.376920 -11.091108 0.031265 -0.031265 
1553	(   2.371436  -1.372242  -1.089366 )	15.902364 -12.371436 -8.627758 -8.910634 -7.628564 -11.372242 -11.089366 0.002623 -0.002623 
1554	(   2.3684    -1.373906  -1.088457 )	15.884011 -12.368400 -8.626094 -8.911543 -7.631600 -11.373906 -11.088457 -0.000002 0.000002 
1555	(   2.367741  -1.373009  -1.089955 )	15.870344 -12.367741 -8.626991 -8.910045 -7.632259 -11.373009 -11.089955 0.000004 -0.000004 
1556	(   2.370121  -1.372591  -1.089153 )	15.891578 -12.370121 -8.627409 -8.910847 -7.629879 -11.372591 -11.089153 0.000001 -0.000001 
1557	(   2.366042  -1.374226  -1.089569 )	15.862240 -12.366042 -8.625774 -8.910431 -7.633958 -11.374226 -11.089569 0.001014 -0.001014 
1558	(   2.365636  -1.370647  -1.088796 )	15.831082 -12.365636 -8.629353 -8.911204 -7.634364 -11.370647 -11.088796 -0.027394 0.027394 
1559	(   2.369661  -1.37138   -1.090325 )	15.877598 -12.369661 -8.628620 -8.909675 -7.630339 -11.371380 -11.090325 -0.003133 0.003133 
1560	(   2.365077  -1.374332  -1.088764 )	15.853264 -12.365077 -8.625668 -8.911236 -7.634923 -11.374332 -11.088764 -0.005245 0.005245 
1561	(   2.375077  -1.37096   -1.089452 )	15.929909 -12.375077 -8.629040 -8.910548 -7.624923 -11.370960 -11.089452 0.005212 -0.005212 
1562	(   2.370771  -1.372254  -1.089289 )	15.895659 -12.370771 -8.627746 -8.910711 -7.629229 -11.372254 -11.089289 0.000385 -0.000385 
1563	(   2.369841  -1.371335  -1.090891 )	15.879047 -12.369841 -8.628665 -8.909109 -7.630159 -11.371335 -11.090891 0.000030 -0.000030 
1564	(   2.368904  -1.372372  -1.090106 )	15.877391 -12.368904 -8.627628 -8.909894 -7.631096 -11.372372 -11.090106 -0.000000 0.000000 
1565	(   2.363708  -1.37281   -1.09245  )	15.827444 -12.363708 -8.627190 -8.907550 -7.636292 -11.372810 -11.092450 0.000045 -0.000045 
1566	(   2.368927  -1.373595  -1.088555 )	15.887032 -12.368927 -8.626405 -8.911445 -7.631073 -11.373595 -11.088555 0.000002 -0.000002 

BBE ( SOL ) BBO
1567	(   2.369332  -1.372843  -1.089276 )	15.885409 -12.369332 -8.627157 -8.910724 -7.630668 -11.372843 -11.089276 0.000000 -0.000000 
1568	(   2.368347  -1.372438  -1.090335 )	15.872178 -12.368347 -8.627562 -8.909665 -7.631653 -11.372438 -11.090335 0.000010 -0.000010 
1569	(   2.370263  -1.372502  -1.089186 )	15.892352 -12.370263 -8.627498 -8.910814 -7.629737 -11.372502 -11.089186 0.000003 -0.000003 
1570	(   2.363904  -1.371224  -1.089927 )	15.817676 -12.363904 -8.628776 -8.910073 -7.636096 -11.371224 -11.089927 -0.022790 0.022790 
1571	(   2.36535   -1.374372  -1.09087  )	15.856160 -12.365350 -8.625628 -8.909130 -7.634650 -11.374372 -11.090870 0.006709 -0.006709 
1572	(   2.369824  -1.371106  -1.091106 )	15.877121 -12.369824 -8.628894 -8.908894 -7.630176 -11.371106 -11.091106 -0.000390 0.000390 
1573	(   2.366489  -1.370646  -1.089935 )	15.839678 -12.366489 -8.629354 -8.910065 -7.633511 -11.370646 -11.089935 -0.019055 0.019055 
1574	(   2.373665  -1.374646  -1.088281 )	15.943515 -12.373665 -8.625354 -8.911719 -7.626335 -11.374646 -11.088281 0.019121 -0.019121 
1575	(   2.368981  -1.372376  -1.09009  )	15.878210 -12.368981 -8.627624 -8.909910 -7.631019 -11.372376 -11.090090 0.000165 -0.000165 
1576	(   2.363708  -1.37281   -1.092449 )	15.827444 -12.363708 -8.627190 -8.907551 -7.636292 -11.372810 -11.092449 0.000043 -0.000043 
1577	(   2.368078  -1.371938  -1.091106 )	15.865576 -12.368078 -8.628062 -8.908894 -7.631922 -11.371938 -11.091106 -0.000014 0.000014 
1578	(   2.371369  -1.372487  -1.088587 )	15.903606 -12.371369 -8.627513 -8.911413 -7.628631 -11.372487 -11.088587 0.000003 -0.000003 
1579	(   2.368347  -1.372438  -1.090335 )	15.872178 -12.368347 -8.627562 -8.909665 -7.631653 -11.372438 -11.090335 0.000009 -0.000009 
1580	(   2.370263  -1.372502  -1.089186 )	15.892353 -12.370263 -8.627498 -8.910814 -7.629737 -11.372502 -11.089186 0.000002 -0.000002 
1581	(   2.367358  -1.371372  -1.090064 )	15.854031 -12.367358 -8.628628 -8.909936 -7.632642 -11.371372 -11.090064 -0.011170 0.011170 
1582	(   2.366904  -1.373131  -1.09019  )	15.862696 -12.366904 -8.626869 -8.909810 -7.633096 -11.373131 -11.090190 -0.000396 0.000396 
1583	(   2.368771  -1.372507  -1.089606 )	15.877099 -12.368771 -8.627493 -8.910394 -7.631229 -11.372507 -11.089606 -0.002095 0.002095 
1584	(   2.36884   -1.372111  -1.088608 )	15.874896 -12.368840 -8.627889 -8.911392 -7.631160 -11.372111 -11.088608 -0.009629 0.009629 
1585	(   2.371314  -1.373181  -1.089608 )	15.908210 -12.371314 -8.626819 -8.910392 -7.628686 -11.373181 -11.089608 0.009636 -0.009636 
1586	(   2.368954  -1.372367  -1.090116 )	15.877864 -12.368954 -8.627633 -8.909884 -7.631046 -11.372367 -11.090116 0.000162 -0.000162 
1587	(   2.367585  -1.373131  -1.089946 )	15.869675 -12.367585 -8.626869 -8.910054 -7.632415 -11.373131 -11.089946 0.000304 -0.000304 
1588	(   2.370676  -1.372493  -1.088967 )	15.896524 -12.370676 -8.627507 -8.911033 -7.629324 -11.372493 -11.088967 0.000001 -0.000001 
1589	(   2.368347  -1.372438  -1.090335 )	15.872176 -12.368347 -8.627562 -8.909665 -7.631653 -11.372438 -11.090335 0.000007 -0.000007 
1590	(   2.370263  -1.372502  -1.089186 )	15.892350 -12.370263 -8.627498 -8.910814 -7.629737 -11.372502 -11.089186 -0.000000 0.000000 
1591	(   2.367904  -1.372426  -1.090079 )	15.867578 -12.367904 -8.627574 -8.909921 -7.632096 -11.372426 -11.090079 -0.002675 0.002675 
1592	(   2.368782  -1.371872  -1.090129 )	15.872357 -12.368782 -8.628128 -8.909871 -7.631218 -11.371872 -11.090129 -0.003480 0.003480 
1593	(   2.368786  -1.372439  -1.090306 )	15.876669 -12.368786 -8.627561 -8.909694 -7.631214 -11.372439 -11.090306 0.001127 -0.001127 
1594	(   2.369103  -1.372146  -1.089213 )	15.877794 -12.369103 -8.627854 -8.910787 -7.630897 -11.372146 -11.089213 -0.005516 0.005516 
1595	(   2.371051  -1.373146  -1.089002 )	15.905310 -12.371051 -8.626854 -8.910998 -7.628949 -11.373146 -11.089002 0.005518 -0.005518 
1596	(   2.368948  -1.372406  -1.090065 )	15.878101 -12.368948 -8.627594 -8.909935 -7.631052 -11.372406 -11.090065 0.000137 -0.000137 
1597	(   2.368046  -1.372409  -1.090298 )	15.868892 -12.368046 -8.627591 -8.909702 -7.631954 -11.372409 -11.090298 -0.001236 0.001236 
1598	(   2.370371  -1.372397  -1.089232 )	15.892654 -12.370371 -8.627603 -8.910768 -7.629629 -11.372397 -11.089232 -0.000134 0.000134 
1599	(   2.372891  -1.370993  -1.089618 )	15.907758 -12.372891 -8.629007 -8.910382 -7.627109 -11.370993 -11.089618 -0.000012 0.000012 
1600	(   2.369028  -1.372505  -1.08987  )	15.879691 -12.369028 -8.627495 -8.910130 -7.630972 -11.372505 -11.089870 0.000003 -0.000003 
1601	(   2.369368  -1.372172  -1.090121 )	15.880623 -12.369368 -8.627828 -8.909879 -7.630632 -11.372172 -11.090121 0.000117 -0.000117 
1602	(   2.368404  -1.372197  -1.09014  )	15.870949 -12.368404 -8.627803 -8.909860 -7.631596 -11.372197 -11.090140 -0.002408 0.002408 
1603	(   2.368847  -1.372321  -1.090006 )	15.876432 -12.368847 -8.627679 -8.909994 -7.631153 -11.372321 -11.090006 -0.001015 0.001015 
1604	(   2.369628  -1.372446  -1.089038 )	15.885455 -12.369628 -8.627554 -8.910962 -7.630372 -11.372446 -11.089038 -0.002956 0.002956 
1605	(   2.370525  -1.372846  -1.089177 )	15.897644 -12.370525 -8.627154 -8.910823 -7.629475 -11.372846 -11.089177 0.002955 -0.002955 
1606	(   2.368905  -1.372377  -1.090106 )	15.877433 -12.368905 -8.627623 -8.909894 -7.631095 -11.372377 -11.090106 0.000033 -0.000033 

BBE ( SOL ) BBO
1607	(   2.368847  -1.37239   -1.090116 )	15.876940 -12.368847 -8.627610 -8.909884 -7.631153 -11.372390 -11.090116 -0.000002 0.000002 
1608	(   2.370263  -1.372555  -1.089153 )	15.892750 -12.370263 -8.627445 -8.910847 -7.629737 -11.372555 -11.089153 0.000171 -0.000171 
1609	(   2.370112  -1.371835  -1.090107 )	15.885674 -12.370112 -8.628165 -8.909893 -7.629888 -11.371835 -11.090107 -0.000005 0.000005 
1610	(   2.368333  -1.372716  -1.089993 )	15.874175 -12.368333 -8.627284 -8.910007 -7.631667 -11.372716 -11.089993 0.000002 -0.000002 
1611	(   2.368893  -1.372312  -1.090156 )	15.876821 -12.368893 -8.627688 -8.909844 -7.631107 -11.372312 -11.090156 -0.000166 0.000166 
1612	(   2.369104  -1.372368  -1.090107 )	15.879402 -12.369104 -8.627632 -8.909893 -7.630896 -11.372368 -11.090107 0.000554 -0.000554 
1613	(   2.368898  -1.372272  -1.090075 )	15.876578 -12.368898 -8.627728 -8.909925 -7.631102 -11.372272 -11.090075 -0.000825 0.000825 
1614	(   2.370043  -1.372721  -1.089058 )	15.891774 -12.370043 -8.627279 -8.910942 -7.629957 -11.372721 -11.089058 0.000127 -0.000127 
1615	(   2.37011   -1.372572  -1.089158 )	15.891324 -12.370110 -8.627428 -8.910842 -7.629890 -11.372572 -11.089158 -0.000129 0.000129 
1616	(   2.368712  -1.372437  -1.090075 )	15.875925 -12.368712 -8.627563 -8.909925 -7.631288 -11.372437 -11.090075 -0.000291 0.000291 
1617	(   2.368812  -1.372437  -1.090116 )	15.876948 -12.368812 -8.627563 -8.909884 -7.631188 -11.372437 -11.090116 0.000209 -0.000209 
1618	(   2.370036  -1.372612  -1.089171 )	15.890859 -12.370036 -8.627388 -8.910829 -7.629964 -11.372612 -11.089171 -0.000019 0.000019 
1619	(   2.368485  -1.372609  -1.090036 )	15.874904 -12.368485 -8.627391 -8.909964 -7.631515 -11.372609 -11.090036 -0.000033 0.000033 
1620	(   2.36859   -1.372551  -1.090054 )	15.875536 -12.368590 -8.627449 -8.909946 -7.631410 -11.372551 -11.090054 -0.000016 0.000016 
1621	(   2.3688    -1.372435  -1.090089 )	15.876801 -12.368800 -8.627565 -8.909911 -7.631200 -11.372435 -11.090089 0.000017 -0.000017 
1622	(   2.368642  -1.372522  -1.090063 )	15.875852 -12.368642 -8.627478 -8.909937 -7.631358 -11.372522 -11.090063 -0.000008 0.000008 
1623	(   2.368747  -1.372464  -1.09008  )	15.876485 -12.368747 -8.627536 -8.909920 -7.631253 -11.372464 -11.090080 0.000008 -0.000008 
1624	(   2.368668  -1.372507  -1.090067 )	15.876010 -12.368668 -8.627493 -8.909933 -7.631332 -11.372507 -11.090067 -0.000004 0.000004 
1625	(   2.368852  -1.372368  -1.090126 )	15.876832 -12.368852 -8.627632 -8.909874 -7.631148 -11.372368 -11.090126 -0.000071 0.000071 
1626	(   2.368911  -1.372322  -1.090105 )	15.877086 -12.368911 -8.627678 -8.909895 -7.631089 -11.372322 -11.090105 -0.000309 0.000309 
1627	(   2.368804  -1.37237   -1.090095 )	15.876352 -12.368804 -8.627630 -8.909905 -7.631196 -11.372370 -11.090095 -0.000358 0.000358 
1628	(   2.370043  -1.372655  -1.089128 )	15.891270 -12.370043 -8.627345 -8.910872 -7.629957 -11.372655 -11.089128 0.000063 -0.000063 
1629	(   2.37011   -1.372638  -1.089088 )	15.891827 -12.370110 -8.627362 -8.910912 -7.629890 -11.372638 -11.089088 -0.000064 0.000064 
1630	(   2.36891   -1.372378  -1.090104 )	15.877507 -12.368910 -8.627622 -8.909896 -7.631090 -11.372378 -11.090104 0.000048 -0.000048 
1631	(   2.368892  -1.37238   -1.090126 )	15.877332 -12.368892 -8.627620 -8.909874 -7.631108 -11.372380 -11.090126 0.000120 -0.000120 
1632	(   2.370036  -1.372653  -1.089128 )	15.891174 -12.370036 -8.627347 -8.910872 -7.629964 -11.372653 -11.089128 0.000024 -0.000024 
1633	(   2.36897   -1.372324  -1.09013  )	15.877708 -12.368970 -8.627676 -8.909870 -7.631030 -11.372324 -11.090130 0.000004 -0.000004 
1634	(   2.368724  -1.372472  -1.090079 )	15.876316 -12.368724 -8.627528 -8.909921 -7.631276 -11.372472 -11.090079 -0.000005 0.000005 
1635	(   2.368854  -1.372384  -1.090114 )	15.876969 -12.368854 -8.627616 -8.909886 -7.631146 -11.372384 -11.090114 -0.000025 0.000025 
1636	(   2.368916  -1.372353  -1.090116 )	15.877365 -12.368916 -8.627647 -8.909884 -7.631084 -11.372353 -11.090116 -0.000041 0.000041 
1637	(   2.368854  -1.372355  -1.0901   )	15.876751 -12.368854 -8.627645 -8.909900 -7.631146 -11.372355 -11.090100 -0.000287 0.000287 
1638	(   2.370127  -1.372657  -1.089103 )	15.892142 -12.370127 -8.627343 -8.910897 -7.629873 -11.372657 -11.089103 0.000189 -0.000189 
1639	(   2.370027  -1.372636  -1.089112 )	15.890955 -12.370027 -8.627364 -8.910888 -7.629973 -11.372636 -11.089112 -0.000190 0.000190 
1640	(   2.368925  -1.372378  -1.090103 )	15.877653 -12.368925 -8.627622 -8.909897 -7.631075 -11.372378 -11.090103 0.000082 -0.000082 
1641	(   2.368904  -1.37237   -1.090109 )	15.877376 -12.368904 -8.627630 -8.909891 -7.631096 -11.372370 -11.090109 0.000002 -0.000002 
1642	(   2.370035  -1.372657  -1.089116 )	15.891201 -12.370035 -8.627343 -8.910884 -7.629965 -11.372657 -11.089116 -0.000008 0.000008 
1643	(   2.368799  -1.37243   -1.09009  )	15.876763 -12.368799 -8.627570 -8.909910 -7.631201 -11.372430 -11.090090 -0.000004 0.000004 
1644	(   2.368842  -1.372404  -1.0901   )	15.876999 -12.368842 -8.627596 -8.909900 -7.631158 -11.372404 -11.090100 -0.000002 0.000002 
1645	(   2.368825  -1.372407  -1.090106 )	15.876844 -12.368825 -8.627593 -8.909894 -7.631175 -11.372407 -11.090106 -0.000005 0.000005 
1646	(   2.368884  -1.37238   -1.090108 )	15.877243 -12.368884 -8.627620 -8.909892 -7.631116 -11.372380 -11.090108 0.000000 -0.000000 

BBE ( SOL ) BBO
1647	(   2.368914  -1.372357  -1.090119 )	15.877383 -12.368914 -8.627643 -8.909881 -7.631086 -11.372357 -11.090119 0.000001 -0.000001 
1648	(   2.368896  -1.372369  -1.090115 )	15.877287 -12.368896 -8.627631 -8.909885 -7.631104 -11.372369 -11.090115 0.000000 -0.000000 
1649	(   2.368942  -1.372358  -1.090103 )	15.877675 -12.368942 -8.627642 -8.909897 -7.631058 -11.372358 -11.090103 0.000002 -0.000002 
1650	(   2.368871  -1.372382  -1.090113 )	15.877123 -12.368871 -8.627618 -8.909887 -7.631129 -11.372382 -11.090113 -0.000001 0.000001 
1651	(   2.368918  -1.372366  -1.090106 )	15.877491 -12.368918 -8.627634 -8.909894 -7.631082 -11.372366 -11.090106 0.000001 -0.000001 
1652	(   2.368883  -1.372378  -1.090111 )	15.877215 -12.368883 -8.627622 -8.909889 -7.631117 -11.372378 -11.090111 -0.000000 0.000000 
1653	(   2.368831  -1.372388  -1.090126 )	15.876764 -12.368831 -8.627612 -8.909874 -7.631169 -11.372388 -11.090126 -0.000004 0.000004 
1654	(   2.368879  -1.372372  -1.09012  )	15.877132 -12.368879 -8.627628 -8.909880 -7.631121 -11.372372 -11.090120 -0.000003 0.000003 
1655	(   2.368831  -1.372388  -1.090126 )	15.876769 -12.368831 -8.627612 -8.909874 -7.631169 -11.372388 -11.090126 -0.000001 0.000001 
1656	(   2.368713  -1.372408  -1.090167 )	15.875705 -12.368713 -8.627592 -8.909833 -7.631287 -11.372408 -11.090167 -0.000000 0.000000 
1657	(   2.368357  -1.372468  -1.09029  )	15.872514 -12.368357 -8.627532 -8.909710 -7.631643 -11.372468 -11.090290 0.000001 -0.000001 
1658	(   2.367291  -1.372647  -1.090659 )	15.862944 -12.367291 -8.627353 -8.909341 -7.632709 -11.372647 -11.090659 0.000005 -0.000005 
1659	(   2.368577  -1.372388  -1.090335 )	15.874158 -12.368577 -8.627612 -8.909665 -7.631423 -11.372388 -11.090335 0.000350 -0.000350 
1660	(   2.368775  -1.372293  -1.090276 )	15.875464 -12.368775 -8.627707 -8.909724 -7.631225 -11.372293 -11.090276 -0.000001 0.000001 
1661	(   2.368757  -1.372408  -1.090143 )	15.876155 -12.368757 -8.627592 -8.909857 -7.631243 -11.372408 -11.090143 -0.000000 0.000000 
1662	(   2.368913  -1.372391  -1.090179 )	15.877616 -12.368913 -8.627609 -8.909821 -7.631087 -11.372391 -11.090179 0.000522 -0.000522 
1663	(   2.368731  -1.372354  -1.090067 )	15.875487 -12.368731 -8.627646 -8.909933 -7.631269 -11.372354 -11.090067 -0.000819 0.000819 
1664	(   2.368689  -1.372208  -1.090193 )	15.873950 -12.368689 -8.627792 -8.909807 -7.631311 -11.372208 -11.090193 -0.001233 0.001233 
1665	(   2.368455  -1.372268  -1.09023  )	15.872007 -12.368455 -8.627732 -8.909770 -7.631545 -11.372268 -11.090230 -0.001327 0.001327 
1666	(   2.368259  -1.372668  -1.09035  )	15.873021 -12.368259 -8.627332 -8.909650 -7.631741 -11.372668 -11.090350 0.001329 -0.001329 
1667	(   2.368544  -1.372563  -1.090155 )	15.875160 -12.368544 -8.627437 -8.909845 -7.631456 -11.372563 -11.090155 0.000458 -0.000458 
1668	(   2.368333  -1.372416  -1.090336 )	15.871873 -12.368333 -8.627584 -8.909664 -7.631667 -11.372416 -11.090336 -0.000168 0.000168 
1669	(   2.368544  -1.372548  -1.090085 )	15.875054 -12.368544 -8.627452 -8.909915 -7.631456 -11.372548 -11.090085 -0.000000 0.000000 
1670	(   2.368039  -1.372969  -1.089838 )	15.873103 -12.368039 -8.627031 -8.910162 -7.631961 -11.372969 -11.089838 0.000000 -0.000000 
1671	(   2.366524  -1.374232  -1.089097 )	15.867256 -12.366524 -8.625768 -8.910903 -7.633476 -11.374232 -11.089097 0.000005 -0.000005 
1672	(   2.367597  -1.372861  -1.09022  )	15.867728 -12.367597 -8.627139 -8.909780 -7.632403 -11.372861 -11.090220 -0.000000 0.000000 
1673	(   2.36627   -1.372536  -1.091367 )	15.851612 -12.366270 -8.627464 -8.908633 -7.633730 -11.372536 -11.091367 0.000015 -0.000015 
1674	(   2.367291  -1.372647  -1.090659 )	15.862945 -12.367291 -8.627353 -8.909341 -7.632709 -11.372647 -11.090659 0.000005 -0.000005 
1675	(   2.367094  -1.372954  -1.090383 )	15.863282 -12.367094 -8.627046 -8.909617 -7.632906 -11.372954 -11.090383 0.000000 -0.000000 
1676	(   2.363305  -1.374412  -1.090663 )	15.835613 -12.363305 -8.625588 -8.909337 -7.636695 -11.374412 -11.090663 -0.000012 0.000012 
1677	(   2.367291  -1.372647  -1.090659 )	15.862945 -12.367291 -8.627353 -8.909341 -7.632709 -11.372647 -11.090659 0.000004 -0.000004 
1678	(   2.366764  -1.373461  -1.089931 )	15.863791 -12.366764 -8.626539 -8.910069 -7.633236 -11.373461 -11.089931 0.000002 -0.000002 
1679	(   2.370031  -1.372822  -1.088911 )	15.892432 -12.370031 -8.627178 -8.911089 -7.629969 -11.372822 -11.088911 -0.000004 0.000004 
1680	(   2.366609  -1.373308  -1.090209 )	15.861024 -12.366609 -8.626692 -8.909791 -7.633391 -11.373308 -11.090209 -0.000000 0.000000 
1681	(   2.365642  -1.373687  -1.090271 )	15.854013 -12.365642 -8.626313 -8.909729 -7.634358 -11.373687 -11.090271 -0.000007 0.000007 
1682	(   2.365154  -1.37437   -1.089687 )	15.854255 -12.365154 -8.625630 -8.910313 -7.634846 -11.374370 -11.089687 -0.000001 0.000001 
1683	(   2.360754  -1.37757   -1.088121 )	15.833738 -12.360754 -8.622430 -8.911879 -7.639246 -11.377570 -11.088121 -0.000011 0.000011 
1684	(   2.365109  -1.374408  -1.089687 )	15.854083 -12.365109 -8.625592 -8.910313 -7.634891 -11.374408 -11.089687 0.000116 -0.000116 
1685	(   2.383309  -1.359108  -1.098659 )	15.923832 -12.383309 -8.640892 -8.901341 -7.616691 -11.359108 -11.098659 0.000032 -0.000032 
1686	(   2.376154  -1.37177   -1.086763 )	15.947334 -12.376154 -8.628230 -8.913237 -7.623846 -11.371770 -11.086763 -0.000262 0.000262 

BBE ( SOL ) BBO
1687	(   2.366209  -1.373108  -1.090704 )	15.855380 -12.366209 -8.626892 -8.909296 -7.633791 -11.373108 -11.090704 0.000113 -0.000113 
1688	(   2.367609  -1.373008  -1.090054 )	15.868981 -12.367609 -8.626992 -8.909946 -7.632391 -11.373008 -11.090054 0.000132 -0.000132 
1689	(   2.359109  -1.370108  -1.095209 )	15.759949 -12.359109 -8.629892 -8.904791 -7.640891 -11.370108 -11.095209 -0.016261 0.016261 
1690	(   2.363709  -1.363308  -1.087562 )	15.756141 -12.363709 -8.636692 -8.912438 -7.636291 -11.363308 -11.087562 -0.086725 0.086725 
1691	(   2.355154  -1.37897   -1.088748 )	15.787220 -12.355154 -8.621030 -8.911252 -7.644846 -11.378970 -11.088748 -0.003915 0.003915 
1692	(   2.376609  -1.367508  -1.093018 )	15.919143 -12.376609 -8.632492 -8.906982 -7.623391 -11.367508 -11.093018 0.005695 -0.005695 
1693	(   2.375154  -1.36977   -1.090626 )	15.921577 -12.375154 -8.630230 -8.909374 -7.624846 -11.369770 -11.090626 0.003772 -0.003772 
1694	(   2.366509  -1.373508  -1.090134 )	15.861524 -12.366509 -8.626492 -8.909866 -7.633491 -11.373508 -11.090134 0.000623 -0.000623 
1695	(   2.360789  -1.377556  -1.088121 )	15.833989 -12.360789 -8.622444 -8.911879 -7.639211 -11.377556 -11.088121 -0.000000 0.000000 
1696	(   2.347689  -1.387156  -1.083423 )	15.773845 -12.347689 -8.612844 -8.916577 -7.652311 -11.387156 -11.083423 0.000297 -0.000297 
1697	(   2.347689  -1.380756  -1.091419 )	15.724577 -12.347689 -8.619244 -8.908581 -7.652311 -11.380756 -11.091419 -0.000164 0.000164 
1698	(   2.369354  -1.37717   -1.08369  )	15.918992 -12.369354 -8.622830 -8.916310 -7.630646 -11.377170 -11.083690 -0.000397 0.000397 
1699	(   2.361989  -1.376156  -1.089196 )	15.835524 -12.361989 -8.623844 -8.910804 -7.638011 -11.376156 -11.089196 -0.000081 0.000081 
1700	(   2.366489  -1.373756  -1.089677 )	15.863239 -12.366489 -8.626244 -8.910323 -7.633511 -11.373756 -11.089677 -0.000189 0.000189 
1701	(   2.350789  -1.377456  -1.084736 )	15.731785 -12.350789 -8.622544 -8.915264 -7.649211 -11.377456 -11.084736 -0.046988 0.046988 
1702	(   2.353989  -1.378056  -1.093121 )	15.768039 -12.353989 -8.621944 -8.906879 -7.646011 -11.378056 -11.093121 0.009484 -0.009484 
1703	(   2.355154  -1.36977   -1.091746 )	15.717477 -12.355154 -8.630230 -8.908254 -7.644846 -11.369770 -11.091746 -0.047932 0.047932 
1704	(   2.360689  -1.367556  -1.088321 )	15.757366 -12.360689 -8.632444 -8.911679 -7.639311 -11.367556 -11.088321 -0.064063 0.064063 
1705	(   2.375154  -1.37897   -1.087628 )	15.991702 -12.375154 -8.621030 -8.912372 -7.624846 -11.378970 -11.087628 0.048343 -0.048343 
1706	(   2.361089  -1.377656  -1.08799  )	15.837819 -12.361089 -8.622344 -8.912010 -7.638911 -11.377656 -11.087990 0.000845 -0.000845 
1707	(   2.347694  -1.387114  -1.083423 )	15.773577 -12.347694 -8.612886 -8.916577 -7.652306 -11.387114 -11.083423 0.000038 -0.000038 
1708	(   2.358092  -1.378879  -1.087969 )	15.816530 -12.358092 -8.621121 -8.912031 -7.641908 -11.378879 -11.087969 0.000001 -0.000001 
1709	(   2.336892  -1.392379  -1.082815 )	15.703927 -12.336892 -8.607621 -8.917185 -7.663108 -11.392379 -11.082815 -0.000440 0.000440 
1710	(   2.361892  -1.373179  -1.092973 )	15.811671 -12.361892 -8.626821 -8.907027 -7.638108 -11.373179 -11.092973 -0.000069 0.000069 
1711	(   2.363989  -1.375356  -1.089136 )	15.849880 -12.363989 -8.624644 -8.910864 -7.636011 -11.375356 -11.089136 0.000193 -0.000193 
1712	(   2.353989  -1.384856  -1.083121 )	15.820539 -12.353989 -8.615144 -8.916879 -7.646011 -11.384856 -11.083121 0.002175 -0.002175 
1713	(   2.354489  -1.367556  -1.086623 )	15.694490 -12.354489 -8.632444 -8.913377 -7.645511 -11.367556 -11.086623 -0.090593 0.090593 
1714	(   2.370789  -1.374056  -1.083446 )	15.910060 -12.370789 -8.625944 -8.916554 -7.629211 -11.374056 -11.083446 -0.017793 0.017793 
1715	(   2.360892  -1.368879  -1.09035  )	15.769239 -12.360892 -8.631121 -8.909650 -7.639108 -11.368879 -11.090350 -0.044442 0.044442 
1716	(   2.355292  -1.388879  -1.085588 )	15.864096 -12.355292 -8.611121 -8.914412 -7.644708 -11.388879 -11.085588 0.044841 -0.044841 
1717	(   2.360789  -1.377656  -1.088233 )	15.834736 -12.360789 -8.622344 -8.911767 -7.639211 -11.377656 -11.088233 0.001227 -0.001227 
1718	(   2.336906  -1.392406  -1.082815 )	15.704274 -12.336906 -8.607594 -8.917185 -7.663094 -11.392406 -11.082815 -0.000224 0.000224 
1719	(   2.351836  -1.37897   -1.091362 )	15.753218 -12.351836 -8.621030 -8.908638 -7.648164 -11.378970 -11.091362 0.000001 -0.000001 
1720	(   2.324936  -1.38317   -1.101085 )	15.511839 -12.324936 -8.616830 -8.898915 -7.675064 -11.383170 -11.101085 0.000155 -0.000155 
1721	(   2.341836  -1.39017   -1.082891 )	15.737309 -12.341836 -8.609830 -8.917109 -7.658164 -11.390170 -11.082891 0.000080 -0.000080 
1722	(   2.358689  -1.378256  -1.088395 )	15.817854 -12.358689 -8.621744 -8.911605 -7.641311 -11.378256 -11.088395 -0.000123 0.000123 
1723	(   2.354489  -1.367556  -1.088706 )	15.694307 -12.354489 -8.632444 -8.911294 -7.645511 -11.367556 -11.088706 -0.079872 0.079872 
1724	(   2.350789  -1.383556  -1.087074 )	15.777692 -12.350789 -8.616444 -8.912926 -7.649211 -11.383556 -11.087074 0.004580 -0.004580 
1725	(   2.361789  -1.375756  -1.083121 )	15.831047 -12.361789 -8.624244 -8.916879 -7.638211 -11.375756 -11.083121 -0.034397 0.034397 
1726	(   2.348936  -1.37707   -1.086362 )	15.709893 -12.348936 -8.622930 -8.913638 -7.651064 -11.377070 -11.086362 -0.046534 0.046534 

BBE ( SOL ) BBO
1727	(   2.354736  -1.38087   -1.096362 )	15.796615 -12.354736 -8.619130 -8.903638 -7.645264 -11.380870 -11.096362 0.046940 -0.046940 
1728	(   2.360989  -1.377656  -1.088176 )	15.836781 -12.360989 -8.622344 -8.911824 -7.639011 -11.377656 -11.088176 0.001513 -0.001513 
1729	(   2.324977  -1.383212  -1.101085 )	15.512567 -12.324977 -8.616788 -8.898915 -7.675023 -11.383212 -11.101085 0.000545 -0.000545 
1730	(   2.347689  -1.380753  -1.091454 )	15.724551 -12.347689 -8.619247 -8.908546 -7.652311 -11.380753 -11.091454 -0.000002 0.000002 
1731	(   2.355434  -1.377719  -1.090916 )	15.780400 -12.355434 -8.622281 -8.909084 -7.644566 -11.377719 -11.090916 -0.000000 0.000000 
1732	(   2.324936  -1.383212  -1.101085 )	15.512154 -12.324936 -8.616788 -8.898915 -7.675064 -11.383212 -11.101085 0.000425 -0.000425 
1733	(   2.339334  -1.378208  -1.099301 )	15.619987 -12.339334 -8.621792 -8.900699 -7.660666 -11.378208 -11.099301 0.000542 -0.000542 
1734	(   2.357536  -1.36999   -1.099296 )	15.742725 -12.357536 -8.630010 -8.900704 -7.642464 -11.369990 -11.099296 0.000048 -0.000048 
1735	(   2.357434  -1.376608  -1.091166 )	15.792337 -12.357434 -8.623392 -8.908834 -7.642566 -11.376608 -11.091166 -0.000119 0.000119 
1736	(   2.354334  -1.379528  -1.089278 )	15.783045 -12.354334 -8.620472 -8.910722 -7.645666 -11.379528 -11.089278 0.000068 -0.000068 
1737	(   2.364234  -1.374528  -1.089984 )	15.846032 -12.364234 -8.625472 -8.910016 -7.635766 -11.374528 -11.089984 -0.000094 0.000094 
1738	(   2.346536  -1.37478   -1.096362 )	15.667362 -12.346536 -8.625220 -8.903638 -7.653464 -11.374780 -11.096362 -0.016275 0.016275 
1739	(   2.345434  -1.377257  -1.092686 )	15.675180 -12.345434 -8.622743 -8.907314 -7.654566 -11.377257 -11.092686 -0.022752 0.022752 
1740	(   2.354434  -1.372719  -1.088213 )	15.732714 -12.354434 -8.627281 -8.911787 -7.645566 -11.372719 -11.088213 -0.049262 0.049262 
1741	(   2.351334  -1.380623  -1.085916 )	15.761151 -12.351334 -8.619377 -8.914084 -7.648666 -11.380623 -11.085916 -0.018836 0.018836 
1742	(   2.357136  -1.38316   -1.086362 )	15.839393 -12.357136 -8.616840 -8.913638 -7.642864 -11.383160 -11.086362 0.016839 -0.016839 
1743	(   2.355634  -1.377745  -1.090975 )	15.782627 -12.355634 -8.622255 -8.909025 -7.644366 -11.377745 -11.090975 0.001055 -0.001055 
1744	(   2.339369  -1.378208  -1.099301 )	15.620341 -12.339369 -8.621792 -8.900699 -7.660631 -11.378208 -11.099301 0.000644 -0.000644 
1745	(   2.354548  -1.376402  -1.093024 )	15.761238 -12.354548 -8.623598 -8.906976 -7.645452 -11.376402 -11.093024 -0.000129 0.000129 
1746	(   2.355591  -1.377734  -1.090811 )	15.782121 -12.355591 -8.622266 -8.909189 -7.644409 -11.377734 -11.090811 0.000007 -0.000007 
1747	(   2.354291  -1.379528  -1.089278 )	15.782607 -12.354291 -8.620472 -8.910722 -7.645709 -11.379528 -11.089278 -0.000057 0.000057 
1748	(   2.36427   -1.374528  -1.089984 )	15.846400 -12.364270 -8.625472 -8.910016 -7.635730 -11.374528 -11.089984 0.000010 -0.000010 
1749	(   2.354809  -1.375719  -1.092338 )	15.758797 -12.354809 -8.624281 -8.907662 -7.645191 -11.375719 -11.092338 -0.007380 0.007380 
1750	(   2.350434  -1.377057  -1.089633 )	15.724687 -12.350434 -8.622943 -8.910367 -7.649566 -11.377057 -11.089633 -0.025428 0.025428 
1751	(   2.360009  -1.376068  -1.088916 )	15.814696 -12.360009 -8.623932 -8.911084 -7.639991 -11.376068 -11.088916 -0.007829 0.007829 
1752	(   2.35467   -1.377668  -1.089362 )	15.772388 -12.354670 -8.622332 -8.910638 -7.645330 -11.377668 -11.089362 -0.010598 0.010598 
1753	(   2.349002  -1.380272  -1.093362 )	15.734068 -12.349002 -8.619728 -8.906638 -7.650998 -11.380272 -11.093362 0.010644 -0.010644 
1754	(   2.355445  -1.377762  -1.090935 )	15.780835 -12.355445 -8.622238 -8.909065 -7.644555 -11.377762 -11.090935 0.000409 -0.000409 
1755	(   2.353269  -1.378164  -1.092205 )	15.761617 -12.353269 -8.621836 -8.907795 -7.646731 -11.378164 -11.092205 0.003317 -0.003317 
1756	(   2.353317  -1.380272  -1.09239  )	15.778024 -12.353317 -8.619728 -8.907610 -7.646683 -11.380272 -11.092390 0.018105 -0.018105 
1757	(   2.355989  -1.376719  -1.091895 )	15.778398 -12.355989 -8.623281 -8.908105 -7.644011 -11.376719 -11.091895 0.000210 -0.000210 
1758	(   2.357434  -1.377802  -1.090717 )	15.801409 -12.357434 -8.622198 -8.909283 -7.642566 -11.377802 -11.090717 0.005302 -0.005302 
1759	(   2.351084  -1.37797   -1.091603 )	15.737998 -12.351084 -8.622030 -8.908397 -7.648916 -11.377970 -11.091603 -0.007410 0.007410 
1760	(   2.352588  -1.37997   -1.091121 )	15.768446 -12.352588 -8.620030 -8.908879 -7.647412 -11.379970 -11.091121 0.007421 -0.007421 
1761	(   2.355206  -1.376719  -1.089927 )	15.770614 -12.355206 -8.623281 -8.910073 -7.644794 -11.376719 -11.089927 -0.012277 0.012277 
1762	(   2.355293  -1.377744  -1.09094  )	15.779152 -12.355293 -8.622256 -8.909060 -7.644707 -11.377744 -11.090940 -0.000122 0.000122 
1763	(   2.351169  -1.379938  -1.092084 )	15.753684 -12.351169 -8.620062 -8.907916 -7.648831 -11.379938 -11.092084 0.008101 -0.008101 
1764	(   2.355793  -1.377351  -1.091074 )	15.781255 -12.355793 -8.622649 -8.908926 -7.644207 -11.377351 -11.091074 -0.000529 0.000529 
1765	(   2.353947  -1.377284  -1.092297 )	15.761857 -12.353947 -8.622716 -8.907703 -7.646053 -11.377284 -11.092297 0.000057 -0.000057 
1766	(   2.357056  -1.37848   -1.089051 )	15.802851 -12.357056 -8.621520 -8.910949 -7.642944 -11.378480 -11.089051 -0.000014 0.000014 

BBE ( SOL ) BBO
1767	(   2.355403  -1.378219  -1.090666 )	15.783889 -12.355403 -8.621781 -8.909334 -7.644597 -11.378219 -11.090666 0.001857 -0.001857 
1768	(   2.350836  -1.379066  -1.09129  )	15.743786 -12.350836 -8.620934 -8.908710 -7.649164 -11.379066 -11.091290 -0.002658 0.002658 
1769	(   2.352836  -1.378874  -1.091435 )	15.762653 -12.352836 -8.621126 -8.908565 -7.647164 -11.378874 -11.091435 0.002659 -0.002659 
1770	(   2.356434  -1.377732  -1.090913 )	15.790683 -12.356434 -8.622268 -8.909087 -7.643566 -11.377732 -11.090913 0.002970 -0.002970 
1771	(   2.355441  -1.377469  -1.090416 )	15.778628 -12.355441 -8.622531 -8.909584 -7.644559 -11.377469 -11.090416 -0.004198 0.004198 
1772	(   2.354931  -1.377719  -1.091225 )	15.775256 -12.354931 -8.622281 -8.908775 -7.645069 -11.377719 -11.091225 0.000148 -0.000148 
1773	(   2.350839  -1.378874  -1.091362 )	15.742353 -12.350839 -8.621126 -8.908638 -7.649161 -11.378874 -11.091362 -0.003518 0.003518 
1774	(   2.355782  -1.377462  -1.091088 )	15.781979 -12.355782 -8.622538 -8.908912 -7.644218 -11.377462 -11.091088 0.000230 -0.000230 
1775	(   2.354627  -1.378997  -1.089763 )	15.781967 -12.354627 -8.621003 -8.910237 -7.645373 -11.378997 -11.089763 -0.000021 0.000021 
1776	(   2.354457  -1.378569  -1.090396 )	15.776937 -12.354457 -8.621431 -8.909604 -7.645543 -11.378569 -11.090396 -0.000012 0.000012 
1777	(   2.355576  -1.377519  -1.090939 )	15.780330 -12.355576 -8.622481 -8.909061 -7.644424 -11.377519 -11.090939 -0.000771 0.000771 
1778	(   2.354934  -1.377665  -1.090946 )	15.774905 -12.354934 -8.622335 -8.909054 -7.645066 -11.377665 -11.090946 -0.001644 0.001644 
1779	(   2.35538   -1.37769   -1.090716 )	15.779652 -12.355380 -8.622310 -8.909284 -7.644620 -11.377690 -11.090716 -0.001380 0.001380 
1780	(   2.351469  -1.378884  -1.091162 )	15.748852 -12.351469 -8.621116 -8.908838 -7.648531 -11.378884 -11.091162 -0.002661 0.002661 
1781	(   2.352204  -1.379055  -1.091562 )	15.757584 -12.352204 -8.620945 -8.908438 -7.647796 -11.379055 -11.091562 0.002663 -0.002663 
1782	(   2.355438  -1.377722  -1.090918 )	15.780463 -12.355438 -8.622278 -8.909082 -7.644562 -11.377722 -11.090918 0.000038 -0.000038 
1783	(   2.351836  -1.37897   -1.091361 )	15.753220 -12.351836 -8.621030 -8.908639 -7.648164 -11.378970 -11.091361 -0.000005 0.000005 
1784	(   2.355423  -1.377759  -1.090873 )	15.780590 -12.355423 -8.622241 -8.909127 -7.644577 -11.377759 -11.090873 0.000004 -0.000004 
1785	(   2.355527  -1.377753  -1.090816 )	15.781611 -12.355527 -8.622247 -8.909184 -7.644473 -11.377753 -11.090816 -0.000030 0.000030 
1786	(   2.355505  -1.377745  -1.090842 )	15.781324 -12.355505 -8.622255 -8.909158 -7.644495 -11.377745 -11.090842 -0.000013 0.000013 
1787	(   2.355461  -1.377729  -1.090893 )	15.780750 -12.355461 -8.622271 -8.909107 -7.644539 -11.377729 -11.090893 0.000021 -0.000021 
1788	(   2.355494  -1.377741  -1.090854 )	15.781181 -12.355494 -8.622259 -8.909146 -7.644506 -11.377741 -11.090854 -0.000005 0.000005 
1789	(   2.351829  -1.378889  -1.091462 )	15.752530 -12.351829 -8.621111 -8.908538 -7.648171 -11.378889 -11.091462 -0.000021 0.000021 
1790	(   2.351843  -1.37905   -1.091262 )	15.753905 -12.351843 -8.620950 -8.908738 -7.648157 -11.379050 -11.091262 0.000022 -0.000022 
1791	(   2.355234  -1.377724  -1.090897 )	15.778405 -12.355234 -8.622276 -8.909103 -7.644766 -11.377724 -11.090897 -0.000650 0.000650 
1792	(   2.355432  -1.377619  -1.090896 )	15.779626 -12.355432 -8.622381 -8.909104 -7.644568 -11.377619 -11.090896 -0.000761 0.000761 
1793	(   2.355476  -1.377739  -1.090816 )	15.780985 -12.355476 -8.622261 -8.909184 -7.644524 -11.377739 -11.090816 -0.000268 0.000268 
1794	(   2.355436  -1.37772   -1.090918 )	15.780422 -12.355436 -8.622280 -8.909082 -7.644564 -11.377720 -11.090918 0.000017 -0.000017 
1795	(   2.351831  -1.378889  -1.091462 )	15.752551 -12.351831 -8.621111 -8.908538 -7.648169 -11.378889 -11.091462 -0.000015 0.000015 
1796	(   2.355475  -1.377653  -1.090975 )	15.780315 -12.355475 -8.622347 -8.909025 -7.644525 -11.377653 -11.090975 0.000000 -0.000000 
1797	(   2.355597  -1.377457  -1.091152 )	15.780062 -12.355597 -8.622543 -8.908848 -7.644403 -11.377457 -11.091152 0.000002 -0.000002 
1798	(   2.351863  -1.378944  -1.091375 )	15.753297 -12.351863 -8.621056 -8.908625 -7.648137 -11.378944 -11.091375 -0.000025 0.000025 
1799	(   2.355466  -1.377728  -1.090887 )	15.780792 -12.355466 -8.622272 -8.909113 -7.644534 -11.377728 -11.090887 -0.000000 0.000000 
1800	(   2.355494  -1.377641  -1.09098  )	15.780415 -12.355494 -8.622359 -8.909020 -7.644506 -11.377641 -11.090980 -0.000004 0.000004 
1801	(   2.35553   -1.377582  -1.091033 )	15.780327 -12.355530 -8.622418 -8.908967 -7.644470 -11.377582 -11.091033 -0.000009 0.000009 
1802	(   2.355675  -1.377665  -1.090901 )	15.782445 -12.355675 -8.622335 -8.909099 -7.644325 -11.377665 -11.090901 0.000267 -0.000267 
1803	(   2.351903  -1.37887   -1.091398 )	15.753134 -12.351903 -8.621130 -8.908602 -7.648097 -11.378870 -11.091398 -0.000271 0.000271 
1804	(   2.35177   -1.37907   -1.091327 )	15.753302 -12.351770 -8.620930 -8.908673 -7.648230 -11.379070 -11.091327 0.000272 -0.000272 
1805	(   2.355318  -1.377689  -1.090875 )	15.778994 -12.355318 -8.622311 -8.909125 -7.644682 -11.377689 -11.090875 -0.000742 0.000742 
1806	(   2.355456  -1.377553  -1.090947 )	15.779367 -12.355456 -8.622447 -8.909053 -7.644544 -11.377553 -11.090947 -0.000851 0.000851 

BBE ( SOL ) BBO
1807	(   2.355475  -1.377654  -1.090978 )	15.780317 -12.355475 -8.622346 -8.909022 -7.644525 -11.377654 -11.090978 0.000014 -0.000014 
1808	(   2.351805  -1.378938  -1.091381 )	15.752652 -12.351805 -8.621062 -8.908619 -7.648195 -11.378938 -11.091381 -0.000203 0.000203 
1809	(   2.355575  -1.377563  -1.091033 )	15.780644 -12.355575 -8.622437 -8.908967 -7.644425 -11.377563 -11.091033 0.000001 -0.000001 
1810	(   2.355342  -1.377837  -1.09082  )	15.780361 -12.355342 -8.622163 -8.909180 -7.644658 -11.377837 -11.090820 -0.000001 0.000001 
1811	(   2.355225  -1.377974  -1.090714 )	15.780219 -12.355225 -8.622026 -8.909286 -7.644775 -11.377974 -11.090714 -0.000002 0.000002 
1812	(   2.355375  -1.37767   -1.090987 )	15.779418 -12.355375 -8.622330 -8.909013 -7.644625 -11.377670 -11.090987 -0.000125 0.000125 
1813	(   2.355444  -1.377603  -1.090977 )	15.779618 -12.355444 -8.622397 -8.909023 -7.644556 -11.377603 -11.090977 -0.000406 0.000406 
1814	(   2.355453  -1.377655  -1.090925 )	15.780109 -12.355453 -8.622345 -8.909075 -7.644547 -11.377655 -11.090925 -0.000312 0.000312 
1815	(   2.351827  -1.37892   -1.091325 )	15.752747 -12.351827 -8.621080 -8.908675 -7.648173 -11.378920 -11.091325 -0.000544 0.000544 
1816	(   2.351846  -1.37902   -1.0914   )	15.753689 -12.351846 -8.620980 -8.908600 -7.648154 -11.379020 -11.091400 0.000545 -0.000545 
1817	(   2.355478  -1.377654  -1.090976 )	15.780344 -12.355478 -8.622346 -8.909024 -7.644522 -11.377654 -11.090976 0.000010 -0.000010 
1818	(   2.351829  -1.37897   -1.091374 )	15.753146 -12.351829 -8.621030 -8.908626 -7.648171 -11.378970 -11.091374 0.000044 -0.000044 
1819	(   2.355375  -1.377649  -1.090983 )	15.779265 -12.355375 -8.622351 -8.909017 -7.644625 -11.377649 -11.090983 -0.000278 0.000278 
1820	(   2.355517  -1.377632  -1.09098  )	15.780573 -12.355517 -8.622368 -8.909020 -7.644483 -11.377632 -11.090980 0.000000 -0.000000 
1821	(   2.351812  -1.378968  -1.091382 )	15.752957 -12.351812 -8.621032 -8.908618 -7.648188 -11.378968 -11.091382 0.000024 -0.000024 
1822	(   2.351861  -1.378971  -1.091342 )	15.753479 -12.351861 -8.621029 -8.908658 -7.648139 -11.378971 -11.091342 -0.000023 0.000023 
1823	(   2.355453  -1.377643  -1.090995 )	15.780011 -12.355453 -8.622357 -8.909005 -7.644547 -11.377643 -11.090995 -0.000025 0.000025 
1824	(   2.355499  -1.377633  -1.09097  )	15.780406 -12.355499 -8.622367 -8.909030 -7.644501 -11.377633 -11.090970 -0.000091 0.000091 
1825	(   2.355425  -1.377647  -1.090964 )	15.779762 -12.355425 -8.622353 -8.909036 -7.644575 -11.377647 -11.090964 -0.000246 0.000246 
1826	(   2.355479  -1.377655  -1.090972 )	15.780369 -12.355479 -8.622345 -8.909028 -7.644521 -11.377655 -11.090972 0.000008 -0.000008 
1827	(   2.351812  -1.378968  -1.091376 )	15.752957 -12.351812 -8.621032 -8.908624 -7.648188 -11.378968 -11.091376 -0.000010 0.000010 
1828	(   2.355462  -1.377655  -1.090995 )	15.780192 -12.355462 -8.622345 -8.909005 -7.644538 -11.377655 -11.090995 0.000078 -0.000078 
1829	(   2.355456  -1.377695  -1.090935 )	15.780444 -12.355456 -8.622305 -8.909065 -7.644544 -11.377695 -11.090935 0.000005 -0.000005 
1830	(   2.355485  -1.377654  -1.090968 )	15.780422 -12.355485 -8.622346 -8.909032 -7.644515 -11.377654 -11.090968 -0.000002 0.000002 
1831	(   2.355466  -1.377681  -1.090946 )	15.780437 -12.355466 -8.622319 -8.909054 -7.644534 -11.377681 -11.090946 0.000003 -0.000003 
1832	(   2.35548   -1.377661  -1.090963 )	15.780426 -12.355480 -8.622339 -8.909037 -7.644520 -11.377661 -11.090963 -0.000001 0.000001 
1833	(   2.355471  -1.377675  -1.090952 )	15.780433 -12.355471 -8.622325 -8.909048 -7.644529 -11.377675 -11.090952 0.000001 -0.000001 
1834	(   2.355478  -1.377665  -1.09096  )	15.780428 -12.355478 -8.622335 -8.909040 -7.644522 -11.377665 -11.090960 -0.000000 0.000000 
1835	(   2.355464  -1.377657  -1.090965 )	15.780227 -12.355464 -8.622343 -8.909035 -7.644536 -11.377657 -11.090965 -0.000063 0.000063 
1836	(   2.355465  -1.377663  -1.090981 )	15.780289 -12.355465 -8.622337 -8.909019 -7.644535 -11.377663 -11.090981 0.000067 -0.000067 
1837	(   2.355455  -1.377646  -1.090979 )	15.780059 -12.355455 -8.622354 -8.909021 -7.644545 -11.377646 -11.090979 -0.000085 0.000085 
1838	(   2.351821  -1.378962  -1.091352 )	15.753002 -12.351821 -8.621038 -8.908648 -7.648179 -11.378962 -11.091352 -0.000148 0.000148 
1839	(   2.351852  -1.378978  -1.091372 )	15.753433 -12.351852 -8.621022 -8.908628 -7.648148 -11.378978 -11.091372 0.000149 -0.000149 
1840	(   2.355492  -1.377645  -1.090982 )	15.780421 -12.355492 -8.622355 -8.909018 -7.644508 -11.377645 -11.090982 0.000029 -0.000029 
1841	(   2.351831  -1.378964  -1.091372 )	15.753120 -12.351831 -8.621036 -8.908628 -7.648169 -11.378964 -11.091372 -0.000002 0.000002 
1842	(   2.355461  -1.377655  -1.090982 )	15.780184 -12.355461 -8.622345 -8.909018 -7.644539 -11.377655 -11.090982 0.000004 -0.000004 
1843	(   2.3555    -1.377639  -1.090981 )	15.780452 -12.355500 -8.622361 -8.909019 -7.644500 -11.377639 -11.090981 0.000001 -0.000001 
1844	(   2.355485  -1.377656  -1.090967 )	15.780432 -12.355485 -8.622344 -8.909033 -7.644515 -11.377656 -11.090967 -0.000000 0.000000 
1845	(   2.351829  -1.378975  -1.09136  )	15.753177 -12.351829 -8.621025 -8.908640 -7.648171 -11.378975 -11.091360 -0.000003 0.000003 
1846	(   2.351844  -1.378965  -1.091365 )	15.753258 -12.351844 -8.621035 -8.908635 -7.648156 -11.378965 -11.091365 0.000005 -0.000005 

BBE ( SOL ) BBO
1847	(   2.355469  -1.377651  -1.09097  )	15.780240 -12.355469 -8.622349 -8.909030 -7.644531 -11.377651 -11.090970 -0.000056 0.000056 
1848	(   2.355479  -1.377648  -1.090976 )	15.780313 -12.355479 -8.622352 -8.909024 -7.644521 -11.377648 -11.090976 -0.000017 0.000017 
1849	(   2.355465  -1.377652  -1.090979 )	15.780205 -12.355465 -8.622348 -8.909021 -7.644535 -11.377652 -11.090979 -0.000018 0.000018 
1850	(   2.355476  -1.377654  -1.090975 )	15.780325 -12.355476 -8.622346 -8.909025 -7.644524 -11.377654 -11.090975 0.000003 -0.000003 
1851	(   2.351829  -1.378975  -1.09136  )	15.753177 -12.351829 -8.621025 -8.908640 -7.648171 -11.378975 -11.091360 -0.000000 0.000000 
1852	(   2.351805  -1.37899   -1.091354 )	15.753056 -12.351805 -8.621010 -8.908646 -7.648195 -11.378990 -11.091354 -0.000002 0.000002 
1853	(   2.351821  -1.378968  -1.091372 )	15.753049 -12.351821 -8.621032 -8.908628 -7.648179 -11.378968 -11.091372 -0.000002 0.000002 
1854	(   2.351829  -1.378975  -1.09136  )	15.753177 -12.351829 -8.621025 -8.908640 -7.648171 -11.378975 -11.091360 -0.000001 0.000001 
1855	(   2.351829  -1.378975  -1.09136  )	15.753177 -12.351829 -8.621025 -8.908640 -7.648171 -11.378975 -11.091360 -0.000002 0.000002 
1856	(   2.351829  -1.378975  -1.09136  )	15.753177 -12.351829 -8.621025 -8.908640 -7.648171 -11.378975 -11.091360 -0.000000 0.000000 
1857	(   2.351829  -1.378975  -1.09136  )	15.753177 -12.351829 -8.621025 -8.908640 -7.648171 -11.378975 -11.091360 -0.000000 0.000000 
1858	(   2.351841  -1.378978  -1.09135  )	15.753333 -12.351841 -8.621022 -8.908650 -7.648159 -11.378978 -11.091350 0.000002 -0.000002 
1859	(   2.351826  -1.378971  -1.091367 )	15.753120 -12.351826 -8.621029 -8.908633 -7.648174 -11.378971 -11.091367 -0.000001 0.000001 
1860	(   2.351818  -1.378958  -1.091386 )	15.752947 -12.351818 -8.621042 -8.908614 -7.648182 -11.378958 -11.091386 -0.000003 0.000003 
1861	(   2.351805  -1.378977  -1.091371 )	15.752957 -12.351805 -8.621023 -8.908629 -7.648195 -11.378977 -11.091371 0.000001 -0.000001 
1862	(   2.351736  -1.378984  -1.091402 )	15.752298 -12.351736 -8.621016 -8.908598 -7.648264 -11.378984 -11.091402 0.000005 -0.000005 
1863	(   2.351762  -1.378987  -1.091382 )	15.752595 -12.351762 -8.621013 -8.908618 -7.648238 -11.378987 -11.091382 0.000001 -0.000001 
1864	(   2.351633  -1.379017  -1.091416 )	15.751508 -12.351633 -8.620983 -8.908584 -7.648367 -11.379017 -11.091416 -0.000002 0.000002 
1865	(   2.351667  -1.379028  -1.091383 )	15.751937 -12.351667 -8.620972 -8.908617 -7.648333 -11.379028 -11.091383 -0.000001 0.000001 
1866	(   2.351182  -1.37919   -1.091452 )	15.748218 -12.351182 -8.620810 -8.908548 -7.648818 -11.379190 -11.091452 -0.000005 0.000005 
1867	(   2.351879  -1.378876  -1.091455 )	15.752932 -12.351879 -8.621124 -8.908545 -7.648121 -11.378876 -11.091455 -0.000000 0.000000 
1868	(   2.352028  -1.378581  -1.09174  )	15.752195 -12.352028 -8.621419 -8.908260 -7.647972 -11.378581 -11.091740 -0.000000 0.000000 
1869	(   2.352477  -1.377695  -1.092594 )	15.749984 -12.352477 -8.622305 -8.907406 -7.647523 -11.377695 -11.092594 0.000006 -0.000006 
1870	(   2.35203   -1.379068  -1.091131 )	15.755953 -12.352030 -8.620932 -8.908869 -7.647970 -11.379068 -11.091131 0.000001 -0.000001 
1871	(   2.352001  -1.378671  -1.091643 )	15.752610 -12.352001 -8.621329 -8.908357 -7.647999 -11.378671 -11.091643 -0.000002 0.000002 
1872	(   2.348348  -1.379968  -1.092062 )	15.725256 -12.348348 -8.620032 -8.907938 -7.651652 -11.379968 -11.092062 -0.000014 0.000014 
1873	(   2.353693  -1.378232  -1.091247 )	15.766536 -12.353693 -8.621768 -8.908753 -7.646307 -11.378232 -11.091247 0.000001 -0.000001 
1874	(   2.351107  -1.378081  -1.092145 )	15.739020 -12.351107 -8.621919 -8.907855 -7.648893 -11.378081 -11.092145 -0.003805 0.003805 
1875	(   2.351182  -1.379081  -1.091877 )	15.747361 -12.351182 -8.620919 -8.908123 -7.648818 -11.379081 -11.091877 0.001499 -0.001499 
1876	(   2.351415  -1.378458  -1.09124  )	15.745087 -12.351415 -8.621542 -8.908760 -7.648585 -11.378458 -11.091240 -0.005173 0.005173 
1877	(   2.351441  -1.378528  -1.091395 )	15.745861 -12.351441 -8.621472 -8.908605 -7.648559 -11.378528 -11.091395 -0.003841 0.003841 
1878	(   2.351893  -1.379528  -1.091372 )	15.758015 -12.351893 -8.620472 -8.908628 -7.648107 -11.379528 -11.091372 0.003841 -0.003841 
1879	(   2.352768  -1.378421  -1.091906 )	15.758494 -12.352768 -8.621579 -8.908094 -7.647232 -11.378421 -11.091906 0.001971 -0.001971 
1880	(   2.352478  -1.377695  -1.092594 )	15.749989 -12.352478 -8.622305 -8.907406 -7.647522 -11.377695 -11.092594 0.000008 -0.000008 
1881	(   2.351258  -1.379009  -1.091636 )	15.747609 -12.351258 -8.620991 -8.908364 -7.648742 -11.379009 -11.091636 -0.000000 0.000000 
1882	(   2.350031  -1.378951  -1.092394 )	15.734629 -12.350031 -8.621049 -8.907606 -7.649969 -11.378951 -11.092394 0.000008 -0.000008 
1883	(   2.351846  -1.378751  -1.09163  )	15.751636 -12.351846 -8.621249 -8.908370 -7.648154 -11.378751 -11.091630 -0.000002 0.000002 
1884	(   2.352357  -1.378899  -1.09116  )	15.757998 -12.352357 -8.621101 -8.908840 -7.647643 -11.378899 -11.091160 -0.000000 0.000000 
1885	(   2.351615  -1.378669  -1.091861 )	15.748651 -12.351615 -8.621331 -8.908139 -7.648385 -11.378669 -11.091861 0.000002 -0.000002 
1886	(   2.351775  -1.378898  -1.091485 )	15.752044 -12.351775 -8.621102 -8.908515 -7.648225 -11.378898 -11.091485 -0.000000 0.000000 

BBE ( SOL ) BBO
1887	(   2.351467  -1.379209  -1.091515 )	15.751256 -12.351467 -8.620791 -8.908485 -7.648533 -11.379209 -11.091515 0.001271 -0.001271 
1888	(   2.352258  -1.378968  -1.091648 )	15.757466 -12.352258 -8.621032 -8.908352 -7.647742 -11.378968 -11.091648 0.002700 -0.002700 
1889	(   2.351234  -1.378961  -1.091136 )	15.747053 -12.351234 -8.621039 -8.908864 -7.648766 -11.378961 -11.091136 -0.002978 0.002978 
1890	(   2.351598  -1.379094  -1.091883 )	15.751685 -12.351598 -8.620906 -8.908117 -7.648402 -11.379094 -11.091883 0.002826 -0.002826 
1891	(   2.351736  -1.378963  -1.090883 )	15.752190 -12.351736 -8.621037 -8.909117 -7.648264 -11.378963 -11.090883 -0.002825 0.002825 
1892	(   2.351126  -1.378967  -1.091712 )	15.745944 -12.351126 -8.621033 -8.908288 -7.648874 -11.378967 -11.091712 -0.000259 0.000259 
1893	(   2.351264  -1.379012  -1.091628 )	15.747695 -12.351264 -8.620988 -8.908372 -7.648736 -11.379012 -11.091628 -0.000001 0.000001 
1894	(   2.351281  -1.379023  -1.091606 )	15.747955 -12.351281 -8.620977 -8.908394 -7.648719 -11.379023 -11.091606 -0.000001 0.000001 
1895	(   2.35132   -1.378975  -1.091645 )	15.747974 -12.351320 -8.621025 -8.908355 -7.648680 -11.378975 -11.091645 -0.000000 0.000000 
1896	(   2.351966  -1.378935  -1.091333 )	15.754283 -12.351966 -8.621065 -8.908667 -7.648034 -11.378935 -11.091333 -0.000000 0.000000 
1897	(   2.350873  -1.37934   -1.091437 )	15.746224 -12.350873 -8.620660 -8.908563 -7.649127 -11.379340 -11.091437 -0.000001 0.000001 
1898	(   2.35174   -1.378771  -1.091664 )	15.750702 -12.351740 -8.621229 -8.908336 -7.648260 -11.378771 -11.091664 -0.000000 0.000000 
1899	(   2.349719  -1.380335  -1.090841 )	15.742069 -12.349719 -8.619665 -8.909159 -7.650281 -11.380335 -11.090841 -0.000001 0.000001 
1900	(   2.346257  -1.383318  -1.089053 )	15.729638 -12.346257 -8.616682 -8.910947 -7.653743 -11.383318 -11.089053 0.000023 -0.000023 
1901	(   2.350031  -1.378951  -1.092394 )	15.734629 -12.350031 -8.621049 -8.907606 -7.649969 -11.378951 -11.092394 0.000009 -0.000009 
1902	(   2.35133   -1.379176  -1.091387 )	15.749628 -12.351330 -8.620824 -8.908613 -7.648670 -11.379176 -11.091387 -0.000003 0.000003 
1903	(   2.352465  -1.379391  -1.090881 )	15.762842 -12.352465 -8.620609 -8.909119 -7.647535 -11.379391 -11.090881 0.002057 -0.002057 
1904	(   2.351103  -1.378938  -1.091811 )	15.745479 -12.351103 -8.621062 -8.908189 -7.648897 -11.378938 -11.091811 -0.000001 0.000001 
1905	(   2.351607  -1.378908  -1.091567 )	15.750403 -12.351607 -8.621092 -8.908433 -7.648393 -11.378908 -11.091567 0.000000 -0.000000 
1906	(   2.350739  -1.378934  -1.092636 )	15.741673 -12.350739 -8.621066 -8.907364 -7.649261 -11.378934 -11.092636 0.003217 -0.003217 
1907	(   2.351551  -1.378509  -1.091524 )	15.746820 -12.351551 -8.621491 -8.908476 -7.648449 -11.378509 -11.091524 -0.002975 0.002975 
1908	(   2.349258  -1.378951  -1.091359 )	15.726882 -12.349258 -8.621049 -8.908641 -7.650742 -11.378951 -11.091359 -0.007618 0.007618 
1909	(   2.349293  -1.380221  -1.089841 )	15.736980 -12.349293 -8.619779 -8.910159 -7.650707 -11.380221 -11.089841 -0.007161 0.007161 
1910	(   2.350145  -1.380449  -1.091841 )	15.747161 -12.350145 -8.619551 -8.908159 -7.649855 -11.380449 -11.091841 0.007174 -0.007174 
1911	(   2.351343  -1.379035  -1.091523 )	15.748682 -12.351343 -8.620965 -8.908477 -7.648657 -11.379035 -11.091523 -0.000172 0.000172 
1912	(   2.346257  -1.383318  -1.089053 )	15.729638 -12.346257 -8.616682 -8.910947 -7.653743 -11.383318 -11.089053 0.000020 -0.000020 
1913	(   2.349724  -1.380336  -1.090821 )	15.742129 -12.349724 -8.619664 -8.909179 -7.650276 -11.380336 -11.090821 -0.000084 0.000084 
1914	(   2.351273  -1.379003  -1.091635 )	15.747718 -12.351273 -8.620997 -8.908365 -7.648727 -11.379003 -11.091635 -0.000000 0.000000 
1915	(   2.35096   -1.379083  -1.09171  )	15.745132 -12.350960 -8.620917 -8.908290 -7.649040 -11.379083 -11.091710 -0.000001 0.000001 
1916	(   2.351445  -1.378952  -1.091603 )	15.749083 -12.351445 -8.621048 -8.908397 -7.648555 -11.378952 -11.091603 -0.000001 0.000001 
1917	(   2.352258  -1.379096  -1.091405 )	15.758451 -12.352258 -8.620904 -8.908595 -7.647742 -11.379096 -11.091405 0.002261 -0.002261 
1918	(   2.35086   -1.378979  -1.091136 )	15.743387 -12.350860 -8.621021 -8.908864 -7.649140 -11.378979 -11.091136 -0.003949 0.003949 
1919	(   2.350834  -1.379209  -1.091646 )	15.744810 -12.350834 -8.620791 -8.908354 -7.649166 -11.379209 -11.091646 0.000117 -0.000117 
1920	(   2.350719  -1.380351  -1.090874 )	15.752352 -12.350719 -8.619649 -8.909126 -7.649281 -11.380351 -11.090874 0.003183 -0.003183 
1921	(   2.348719  -1.380318  -1.090808 )	15.731791 -12.348719 -8.619682 -8.909192 -7.651281 -11.380318 -11.090808 -0.003184 0.003184 
1922	(   2.351093  -1.378988  -1.092151 )	15.745724 -12.351093 -8.621012 -8.907849 -7.648907 -11.378988 -11.092151 0.002064 -0.002064 
1923	(   2.34972   -1.380335  -1.090841 )	15.742073 -12.349720 -8.619665 -8.909159 -7.650280 -11.380335 -11.090841 0.000000 -0.000000 
1924	(   2.349721  -1.380335  -1.090841 )	15.742083 -12.349721 -8.619665 -8.909159 -7.650279 -11.380335 -11.090841 0.000003 -0.000003 
1925	(   2.349783  -1.380333  -1.090843 )	15.742702 -12.349783 -8.619667 -8.909157 -7.650217 -11.380333 -11.090843 0.000183 -0.000183 
1926	(   2.349888  -1.380335  -1.090831 )	15.743782 -12.349888 -8.619665 -8.909169 -7.650112 -11.380335 -11.090831 0.000434 -0.000434 

BBE ( SOL ) BBO
1927	(   2.348365  -1.380613  -1.09125  )	15.730378 -12.348365 -8.619387 -8.908750 -7.651635 -11.380613 -11.091250 -0.000005 0.000005 
1928	(   2.349382  -1.380404  -1.090943 )	15.739156 -12.349382 -8.619596 -8.909057 -7.650618 -11.380404 -11.090943 0.000001 -0.000001 
1929	(   2.348368  -1.380613  -1.09125  )	15.730407 -12.348368 -8.619387 -8.908750 -7.651632 -11.380613 -11.091250 0.000003 -0.000003 
1930	(   2.349721  -1.380335  -1.090841 )	15.742083 -12.349721 -8.619665 -8.909159 -7.650279 -11.380335 -11.090841 0.000003 -0.000003 
1931	(   2.34769   -1.38054   -1.091331 )	15.722962 -12.347690 -8.619460 -8.908669 -7.652310 -11.380540 -11.091331 -0.002018 0.002018 
1932	(   2.349432  -1.380529  -1.090879 )	15.740609 -12.349432 -8.619471 -8.909121 -7.650568 -11.380529 -11.090879 0.000616 -0.000616 
1933	(   2.350181  -1.379923  -1.091097 )	15.743623 -12.350181 -8.620077 -8.908903 -7.649819 -11.379923 -11.091097 -0.000001 0.000001 
1934	(   2.351035  -1.379212  -1.091508 )	15.746884 -12.351035 -8.620788 -8.908492 -7.648965 -11.379212 -11.091508 -0.000001 0.000001 
1935	(   2.348382  -1.38036   -1.091195 )	15.728637 -12.348382 -8.619640 -8.908805 -7.651618 -11.380360 -11.091195 -0.001888 0.001888 
1936	(   2.348904  -1.380135  -1.090642 )	15.732292 -12.348904 -8.619865 -8.909358 -7.651096 -11.380135 -11.090642 -0.004700 0.004700 
1937	(   2.34872   -1.380439  -1.091213 )	15.732665 -12.348720 -8.619561 -8.908787 -7.651280 -11.380439 -11.091213 -0.000298 0.000298 
1938	(   2.349343  -1.380476  -1.090341 )	15.739358 -12.349343 -8.619524 -8.909659 -7.650657 -11.380476 -11.090341 -0.002774 0.002774 
1939	(   2.350382  -1.380449  -1.090692 )	15.749679 -12.350382 -8.619551 -8.909308 -7.649618 -11.380449 -11.090692 0.001891 -0.001891 
1940	(   2.350828  -1.380322  -1.090969 )	15.753222 -12.350828 -8.619678 -8.909031 -7.649172 -11.380322 -11.090969 0.003798 -0.003798 
1941	(   2.348368  -1.380613  -1.09125  )	15.730409 -12.348368 -8.619387 -8.908750 -7.651632 -11.380613 -11.091250 0.000004 -0.000004 
1942	(   2.349353  -1.380437  -1.090911 )	15.739108 -12.349353 -8.619563 -8.909089 -7.650647 -11.380437 -11.090911 -0.000043 0.000043 
1943	(   2.349662  -1.380312  -1.091104 )	15.741295 -12.349662 -8.619688 -8.908896 -7.650338 -11.380312 -11.091104 0.001053 -0.001053 
1944	(   2.349033  -1.380793  -1.090654 )	15.738577 -12.349033 -8.619207 -8.909346 -7.650967 -11.380793 -11.090654 0.000001 -0.000001 
1945	(   2.348459  -1.381227  -1.090432 )	15.736055 -12.348459 -8.618773 -8.909568 -7.651541 -11.381227 -11.090432 0.000003 -0.000003 
1946	(   2.346974  -1.382166  -1.090091 )	15.728101 -12.346974 -8.617834 -8.909909 -7.653026 -11.382166 -11.090091 0.000005 -0.000005 
1947	(   2.348371  -1.380138  -1.091841 )	15.726789 -12.348371 -8.619862 -8.908159 -7.651629 -11.380138 -11.091841 0.000005 -0.000005 
1948	(   2.349536  -1.38066   -1.090514 )	15.742700 -12.349536 -8.619340 -8.909486 -7.650464 -11.380660 -11.090514 -0.000117 0.000117 
1949	(   2.35072   -1.380434  -1.090402 )	15.753023 -12.350720 -8.619566 -8.909598 -7.649280 -11.380434 -11.090402 0.001270 -0.001270 
1950	(   2.348871  -1.380535  -1.090639 )	15.734980 -12.348871 -8.619465 -8.909361 -7.651129 -11.380535 -11.090639 -0.002219 0.002219 
1951	(   2.349242  -1.380173  -1.090341 )	15.736042 -12.349242 -8.619827 -8.909659 -7.650758 -11.380173 -11.090341 -0.005033 0.005033 
1952	(   2.350033  -1.380912  -1.090896 )	15.749617 -12.350033 -8.619088 -8.909104 -7.649967 -11.380912 -11.090896 0.004941 -0.004941 
1953	(   2.348033  -1.380673  -1.090412 )	15.727540 -12.348033 -8.619327 -8.909588 -7.651967 -11.380673 -11.090412 -0.004936 0.004936 
1954	(   2.349802  -1.380313  -1.091802 )	15.742651 -12.349802 -8.619687 -8.908198 -7.650198 -11.380313 -11.091802 0.005093 -0.005093 
1955	(   2.346974  -1.382166  -1.090091 )	15.728097 -12.346974 -8.617834 -8.909909 -7.653026 -11.382166 -11.090091 0.000004 -0.000004 
1956	(   2.348922  -1.380842  -1.090599 )	15.737824 -12.348922 -8.619158 -8.909401 -7.651078 -11.380842 -11.090599 -0.000288 0.000288 
1957	(   2.349753  -1.380242  -1.090925 )	15.741700 -12.349753 -8.619758 -8.909075 -7.650247 -11.380242 -11.090925 -0.000070 0.000070 
1958	(   2.349037  -1.380686  -1.090784 )	15.737801 -12.349037 -8.619314 -8.909216 -7.650963 -11.380686 -11.090784 0.000002 -0.000002 
1959	(   2.349549  -1.380423  -1.090827 )	15.741002 -12.349549 -8.619577 -8.909173 -7.650451 -11.380423 -11.090827 0.000000 -0.000000 
1960	(   2.349036  -1.380686  -1.090784 )	15.737788 -12.349036 -8.619314 -8.909216 -7.650964 -11.380686 -11.090784 -0.000001 0.000001 
1961	(   2.347497  -1.381478  -1.090656 )	15.728150 -12.347497 -8.618522 -8.909344 -7.652503 -11.381478 -11.090656 -0.000008 0.000008 
1962	(   2.349447  -1.380471  -1.090823 )	15.740334 -12.349447 -8.619529 -8.909177 -7.650553 -11.380471 -11.090823 0.000001 -0.000001 
1963	(   2.350514  -1.380671  -1.089975 )	15.752768 -12.350514 -8.619329 -8.910025 -7.649486 -11.380671 -11.089975 -0.000001 0.000001 
1964	(   2.349078  -1.380841  -1.090568 )	15.739405 -12.349078 -8.619159 -8.909432 -7.650922 -11.380841 -11.090568 0.000001 -0.000001 
1965	(   2.350724  -1.379463  -1.091368 )	15.745634 -12.350724 -8.620537 -8.908632 -7.649276 -11.379463 -11.091368 -0.000002 0.000002 
1966	(   2.347549  -1.380589  -1.090665 )	15.721962 -12.347549 -8.619411 -8.909335 -7.652451 -11.380589 -11.090665 -0.005577 0.005577 

BBE ( SOL ) BBO
1967	(   2.348677  -1.380255  -1.091327 )	15.730828 -12.348677 -8.619745 -8.908673 -7.651323 -11.380255 -11.091327 -0.001024 0.001024 
1968	(   2.349158  -1.379923  -1.090616 )	15.733273 -12.349158 -8.620077 -8.909384 -7.650842 -11.379923 -11.090616 -0.005471 0.005471 
1969	(   2.347036  -1.380699  -1.090458 )	15.717604 -12.347036 -8.619301 -8.909542 -7.652964 -11.380699 -11.090458 -0.007429 0.007429 
1970	(   2.351036  -1.380674  -1.091111 )	15.757988 -12.351036 -8.619326 -8.908889 -7.648964 -11.380674 -11.091111 0.007428 -0.007428 
1971	(   2.349589  -1.380429  -1.090821 )	15.741458 -12.349589 -8.619571 -8.909179 -7.650411 -11.380429 -11.090821 0.000129 -0.000129 
1972	(   2.349012  -1.380455  -1.091087 )	15.735764 -12.349012 -8.619545 -8.908913 -7.650988 -11.380455 -11.091087 0.000000 -0.000000 
1973	(   2.347401  -1.380551  -1.091869 )	15.720056 -12.347401 -8.619449 -8.908131 -7.652599 -11.380551 -11.091869 0.000006 -0.000006 
1974	(   2.34848   -1.381475  -1.09011  )	15.738169 -12.348480 -8.618525 -8.909890 -7.651520 -11.381475 -11.090110 0.000002 -0.000002 
1975	(   2.348474  -1.379916  -1.092059 )	15.726134 -12.348474 -8.620084 -8.907941 -7.651526 -11.379916 -11.092059 -0.000001 0.000001 
1976	(   2.34686   -1.378299  -1.094975 )	15.697279 -12.346860 -8.621701 -8.905025 -7.653140 -11.378299 -11.094975 0.000097 -0.000097 
1977	(   2.347401  -1.380551  -1.091868 )	15.720056 -12.347401 -8.619449 -8.908132 -7.652599 -11.380551 -11.091868 0.000004 -0.000004 
1978	(   2.350178  -1.379974  -1.091035 )	15.743980 -12.350178 -8.620026 -8.908965 -7.649822 -11.379974 -11.091035 -0.000002 0.000002 
1979	(   2.350292  -1.378181  -1.093203 )	15.731389 -12.350292 -8.621819 -8.906797 -7.649708 -11.378181 -11.093203 0.000001 -0.000001 
1980	(   2.347596  -1.381799  -1.090201 )	15.731627 -12.347596 -8.618201 -8.909799 -7.652404 -11.381799 -11.090201 0.000003 -0.000003 
1981	(   2.350343  -1.379707  -1.091277 )	15.743615 -12.350343 -8.620293 -8.908723 -7.649657 -11.379707 -11.091277 0.000003 -0.000003 
1982	(   2.346091  -1.381455  -1.091117 )	15.713661 -12.346091 -8.618545 -8.908883 -7.653909 -11.381455 -11.091117 -0.001852 0.001852 
1983	(   2.344012  -1.37987   -1.091104 )	15.680614 -12.344012 -8.620130 -8.908896 -7.655988 -11.379870 -11.091104 -0.018225 0.018225 
1984	(   2.343947  -1.380916  -1.092895 )	15.687674 -12.343947 -8.619084 -8.907105 -7.656053 -11.380916 -11.092895 -0.002317 0.002317 
1985	(   2.348883  -1.38047   -1.090087 )	15.734664 -12.348883 -8.619530 -8.909913 -7.651117 -11.380470 -11.090087 -0.005466 0.005466 
1986	(   2.353001  -1.378916  -1.091223 )	15.764661 -12.353001 -8.621084 -8.908777 -7.646999 -11.378916 -11.091223 0.002305 -0.002305 
1987	(   2.354111  -1.37984   -1.09116  )	15.782947 -12.354111 -8.620160 -8.908840 -7.645889 -11.379840 -11.091160 0.011199 -0.011199 
1988	(   2.34686   -1.378298  -1.094976 )	15.697277 -12.346860 -8.621702 -8.905024 -7.653140 -11.378298 -11.094976 0.000095 -0.000095 
1989	(   2.348643  -1.379998  -1.091863 )	15.728489 -12.348643 -8.620002 -8.908137 -7.651357 -11.379998 -11.091863 0.000001 -0.000001 
1990	(   2.348956  -1.37968   -1.092084 )	15.729244 -12.348956 -8.620320 -8.907916 -7.651044 -11.379680 -11.092084 -0.000001 0.000001 
1991	(   2.347596  -1.381799  -1.090201 )	15.731630 -12.347596 -8.618201 -8.909799 -7.652404 -11.381799 -11.090201 0.000004 -0.000004 
1992	(   2.350343  -1.379707  -1.091277 )	15.743614 -12.350343 -8.620293 -8.908723 -7.649657 -11.379707 -11.091277 0.000001 -0.000001 
1993	(   2.346474  -1.380201  -1.092398 )	15.707959 -12.346474 -8.619799 -8.907602 -7.653526 -11.380201 -11.092398 -0.002194 0.002194 
1994	(   2.349058  -1.380217  -1.090587 )	15.734487 -12.349058 -8.619783 -8.909413 -7.650942 -11.380217 -11.090587 -0.004001 0.004001 
1995	(   2.347012  -1.380665  -1.090976 )	15.717054 -12.347012 -8.619335 -8.909024 -7.652988 -11.380665 -11.090976 -0.005028 0.005028 
1996	(   2.347967  -1.379955  -1.091319 )	15.721353 -12.347967 -8.620045 -8.908681 -7.652033 -11.379955 -11.091319 -0.005075 0.005075 
1997	(   2.350474  -1.37963   -1.091721 )	15.744323 -12.350474 -8.620370 -8.908279 -7.649526 -11.379630 -11.091721 0.002192 -0.002192 
1998	(   2.349091  -1.380459  -1.091102 )	15.736595 -12.349091 -8.619541 -8.908898 -7.650909 -11.380459 -11.091102 0.000332 -0.000332 
1999	(   2.348206  -1.379999  -1.092042 )	15.724048 -12.348206 -8.620001 -8.907958 -7.651794 -11.379999 -11.092042 -0.000327 0.000327 
2000	(   2.348819  -1.380559  -1.091065 )	15.734596 -12.348819 -8.619441 -8.908935 -7.651181 -11.380559 -11.091065 0.000001 -0.000001 
2001	(   2.348203  -1.379822  -1.092259 )	15.722656 -12.348203 -8.620178 -8.907741 -7.651797 -11.379822 -11.092259 -0.000353 0.000353 
2002	(   2.348745  -1.380009  -1.091859 )	15.729613 -12.348745 -8.619991 -8.908141 -7.651255 -11.380009 -11.091859 0.000352 -0.000352 
2003	(   2.350012  -1.380291  -1.091171 )	15.744681 -12.350012 -8.619709 -8.908829 -7.649988 -11.380291 -11.091171 0.002283 -0.002283 
2004	(   2.349864  -1.380561  -1.090887 )	15.745238 -12.349864 -8.619439 -8.909113 -7.650136 -11.380561 -11.090887 0.002123 -0.002123 
2005	(   2.348574  -1.380255  -1.090907 )	15.729822 -12.348574 -8.619745 -8.909093 -7.651426 -11.380255 -11.090907 -0.003506 0.003506 
2006	(   2.348998  -1.380457  -1.09109  )	15.735641 -12.348998 -8.619543 -8.908910 -7.651002 -11.380457 -11.091090 -0.000008 0.000008 

BBE ( SOL ) BBO
2007	(   2.348421  -1.379914  -1.092096 )	15.725587 -12.348421 -8.620086 -8.907904 -7.651579 -11.379914 -11.092096 0.000031 -0.000031 
2008	(   2.348964  -1.380444  -1.091127 )	15.735193 -12.348964 -8.619556 -8.908873 -7.651036 -11.380444 -11.091127 0.000001 -0.000001 
2009	(   2.350211  -1.38081   -1.089973 )	15.750743 -12.350211 -8.619190 -8.910027 -7.649789 -11.380810 -11.089973 0.000014 -0.000014 
2010	(   2.349035  -1.380201  -1.091391 )	15.734050 -12.349035 -8.619799 -8.908609 -7.650965 -11.380201 -11.091391 -0.000001 0.000001 
2011	(   2.348889  -1.380555  -1.091135 )	15.735270 -12.348889 -8.619445 -8.908865 -7.651111 -11.380555 -11.091135 0.000538 -0.000538 
2012	(   2.34928   -1.380515  -1.090987 )	15.738959 -12.349280 -8.619485 -8.909013 -7.650720 -11.380515 -11.090987 0.000654 -0.000654 
2013	(   2.348346  -1.379816  -1.092063 )	15.724082 -12.348346 -8.620184 -8.907937 -7.651654 -11.379816 -11.092063 -0.000999 0.000999 
2014	(   2.348601  -1.380016  -1.092055 )	15.728187 -12.348601 -8.619984 -8.907945 -7.651399 -11.380016 -11.092055 0.000997 -0.000997 
2015	(   2.348512  -1.380455  -1.091034 )	15.730696 -12.348512 -8.619545 -8.908966 -7.651488 -11.380455 -11.091034 -0.001725 0.001725 
2016	(   2.349003  -1.380345  -1.091127 )	15.734844 -12.349003 -8.619655 -8.908873 -7.650997 -11.380345 -11.091127 -0.000530 0.000530 
2017	(   2.348206  -1.380016  -1.092075 )	15.724167 -12.348206 -8.619984 -8.907925 -7.651794 -11.380016 -11.092075 -0.000049 0.000049 
2018	(   2.349055  -1.380452  -1.091057 )	15.736187 -12.349055 -8.619548 -8.908943 -7.650945 -11.380452 -11.091057 -0.000053 0.000053 
2019	(   2.349819  -1.380607  -1.090446 )	15.745177 -12.349819 -8.619393 -8.909554 -7.650181 -11.380607 -11.090446 0.000005 -0.000005 
2020	(   2.349231  -1.380302  -1.091155 )	15.736831 -12.349231 -8.619698 -8.908845 -7.650769 -11.380302 -11.091155 -0.000001 0.000001 
2021	(   2.348921  -1.380487  -1.091137 )	15.735086 -12.348921 -8.619513 -8.908863 -7.651079 -11.380487 -11.091137 0.000208 -0.000208 
2022	(   2.348664  -1.379866  -1.092083 )	15.727684 -12.348664 -8.620134 -8.907917 -7.651336 -11.379866 -11.092083 0.000348 -0.000348 
2023	(   2.348284  -1.379966  -1.092036 )	15.724585 -12.348284 -8.620034 -8.907964 -7.651716 -11.379966 -11.092036 -0.000350 0.000350 
2024	(   2.349176  -1.380407  -1.091137 )	15.737069 -12.349176 -8.619593 -8.908863 -7.650824 -11.380407 -11.091137 0.000427 -0.000427 
2025	(   2.349212  -1.380494  -1.091084 )	15.738095 -12.349212 -8.619506 -8.908916 -7.650788 -11.380494 -11.091084 0.000822 -0.000822 
2026	(   2.349009  -1.380454  -1.091086 )	15.735734 -12.349009 -8.619546 -8.908914 -7.650991 -11.380454 -11.091086 -0.000014 0.000014 
2027	(   2.348418  -1.379968  -1.092062 )	15.725961 -12.348418 -8.620032 -8.907938 -7.651582 -11.379968 -11.092062 0.000191 -0.000191 
2028	(   2.348998  -1.380459  -1.091091 )	15.735657 -12.348998 -8.619541 -8.908909 -7.651002 -11.380459 -11.091091 0.000007 -0.000007 
2029	(   2.348632  -1.38067   -1.091032 )	15.733538 -12.348632 -8.619330 -8.908968 -7.651368 -11.380670 -11.091032 0.000002 -0.000002 
2030	(   2.349081  -1.380394  -1.091124 )	15.736008 -12.349081 -8.619606 -8.908876 -7.650919 -11.380394 -11.091124 -0.000000 0.000000 
2031	(   2.348912  -1.380466  -1.09109  )	15.734835 -12.348912 -8.619534 -8.908910 -7.651088 -11.380466 -11.091090 -0.000199 0.000199 
2032	(   2.348955  -1.380435  -1.091088 )	15.735035 -12.348955 -8.619565 -8.908912 -7.651045 -11.380435 -11.091088 -0.000291 0.000291 
2033	(   2.348998  -1.380455  -1.091067 )	15.735634 -12.348998 -8.619545 -8.908933 -7.651002 -11.380455 -11.091067 -0.000138 0.000138 
2034	(   2.348519  -1.379936  -1.092059 )	15.726746 -12.348519 -8.620064 -8.907941 -7.651481 -11.379936 -11.092059 0.000259 -0.000259 
2035	(   2.348428  -1.379896  -1.09206  )	15.725523 -12.348428 -8.620104 -8.907940 -7.651572 -11.379896 -11.092060 -0.000261 0.000261 
2036	(   2.349085  -1.380457  -1.091106 )	15.736519 -12.349085 -8.619543 -8.908894 -7.650915 -11.380457 -11.091106 0.000322 -0.000322 
2037	(   2.348476  -1.379915  -1.092059 )	15.726152 -12.348476 -8.620085 -8.907941 -7.651524 -11.379915 -11.092059 0.000002 -0.000002 
2038	(   2.349005  -1.38045   -1.091106 )	15.735653 -12.349005 -8.619550 -8.908894 -7.650995 -11.380450 -11.091106 0.000043 -0.000043 
2039	(   2.34904   -1.380403  -1.091135 )	15.735652 -12.349040 -8.619597 -8.908865 -7.650960 -11.380403 -11.091135 -0.000007 0.000007 
2040	(   2.349029  -1.380417  -1.091124 )	15.735654 -12.349029 -8.619583 -8.908876 -7.650971 -11.380417 -11.091124 -0.000003 0.000003 
2041	(   2.349008  -1.380445  -1.091102 )	15.735656 -12.349008 -8.619555 -8.908898 -7.650992 -11.380445 -11.091102 0.000004 -0.000004 
2042	(   2.349024  -1.380424  -1.091118 )	15.735654 -12.349024 -8.619576 -8.908882 -7.650976 -11.380424 -11.091118 -0.000002 0.000002 
2043	(   2.348508  -1.379915  -1.092049 )	15.726480 -12.348508 -8.620085 -8.907951 -7.651492 -11.379915 -11.092049 0.000042 -0.000042 
2044	(   2.348439  -1.379916  -1.092069 )	15.725789 -12.348439 -8.620084 -8.907931 -7.651561 -11.379916 -11.092069 -0.000043 0.000043 
2045	(   2.348962  -1.380455  -1.091089 )	15.735260 -12.348962 -8.619545 -8.908911 -7.651038 -11.380455 -11.091089 -0.000135 0.000135 
2046	(   2.349015  -1.380446  -1.091097 )	15.735733 -12.349015 -8.619554 -8.908903 -7.650985 -11.380446 -11.091097 0.000005 -0.000005 

BBE ( SOL ) BBO
2047	(   2.34902   -1.380465  -1.091096 )	15.735922 -12.349020 -8.619535 -8.908904 -7.650980 -11.380465 -11.091096 0.000135 -0.000135 
2048	(   2.349011  -1.380457  -1.091084 )	15.735777 -12.349011 -8.619543 -8.908916 -7.650989 -11.380457 -11.091084 -0.000001 0.000001 
2049	(   2.348471  -1.379915  -1.092059 )	15.726095 -12.348471 -8.620085 -8.907941 -7.651529 -11.379915 -11.092059 -0.000020 0.000020 
2050	(   2.348998  -1.380463  -1.091085 )	15.735682 -12.348998 -8.619537 -8.908915 -7.651002 -11.380463 -11.091085 -0.000000 0.000000 
2051	(   2.348956  -1.380486  -1.091079 )	15.735435 -12.348956 -8.619514 -8.908921 -7.651044 -11.380486 -11.091079 -0.000002 0.000002 
2052	(   2.348462  -1.379913  -1.092069 )	15.725993 -12.348462 -8.620087 -8.907931 -7.651538 -11.379913 -11.092069 0.000001 -0.000001 
2053	(   2.348425  -1.379906  -1.092099 )	15.725568 -12.348425 -8.620094 -8.907901 -7.651575 -11.379906 -11.092099 0.000007 -0.000007 
2054	(   2.348462  -1.379926  -1.092057 )	15.726095 -12.348462 -8.620074 -8.907943 -7.651538 -11.379926 -11.092057 0.000019 -0.000019 
2055	(   2.348972  -1.380467  -1.091093 )	15.735456 -12.348972 -8.619533 -8.908907 -7.651028 -11.380467 -11.091093 -0.000001 0.000001 
2056	(   2.349242  -1.380315  -1.091133 )	15.737040 -12.349242 -8.619685 -8.908867 -7.650758 -11.380315 -11.091133 -0.000001 0.000001 
2057	(   2.348924  -1.380498  -1.091082 )	15.735207 -12.348924 -8.619502 -8.908918 -7.651076 -11.380498 -11.091082 0.000000 -0.000000 
2058	(   2.348705  -1.380605  -1.091072 )	15.733783 -12.348705 -8.619395 -8.908928 -7.651295 -11.380605 -11.091072 0.000003 -0.000003 
2059	(   2.348214  -1.379999  -1.092099 )	15.724126 -12.348214 -8.620001 -8.907901 -7.651786 -11.379999 -11.092099 -0.000004 0.000004 
2060	(   2.349062  -1.380431  -1.091089 )	15.736091 -12.349062 -8.619569 -8.908911 -7.650938 -11.380431 -11.091089 -0.000000 0.000000 
2061	(   2.348875  -1.380549  -1.091046 )	15.735094 -12.348875 -8.619451 -8.908954 -7.651125 -11.380549 -11.091046 0.000000 -0.000000 
2062	(   2.348772  -1.380627  -1.091007 )	15.734637 -12.348772 -8.619373 -8.908993 -7.651228 -11.380627 -11.091007 0.000001 -0.000001 
2063	(   2.348726  -1.380703  -1.090937 )	15.734755 -12.348726 -8.619297 -8.909063 -7.651274 -11.380703 -11.090937 0.000000 -0.000000 
2064	(   2.348426  -1.379906  -1.092099 )	15.725573 -12.348426 -8.620094 -8.907901 -7.651574 -11.379906 -11.092099 0.000009 -0.000009 
2065	(   2.34828   -1.381164  -1.090611 )	15.733740 -12.348280 -8.618836 -8.909389 -7.651720 -11.381164 -11.090611 0.000001 -0.000001 
2066	(   2.348141  -1.380057  -1.09207  )	15.723816 -12.348141 -8.619943 -8.907930 -7.651859 -11.380057 -11.092070 0.000001 -0.000001 
2067	(   2.347178  -1.380487  -1.092072 )	15.717287 -12.347178 -8.619513 -8.907928 -7.652822 -11.380487 -11.092072 0.000001 -0.000001 
2068	(   2.344289  -1.381777  -1.092078 )	15.697717 -12.344289 -8.618223 -8.907922 -7.655711 -11.381777 -11.092078 -0.000009 0.000009 
2069	(   2.348001  -1.380087  -1.092111 )	15.722617 -12.348001 -8.619913 -8.907889 -7.651999 -11.380087 -11.092111 0.000000 -0.000000 
2070	(   2.344278  -1.381777  -1.092078 )	15.697605 -12.344278 -8.618223 -8.907922 -7.655722 -11.381777 -11.092078 -0.000041 0.000041 
2071	(   2.350501  -1.378887  -1.092226 )	15.738933 -12.350501 -8.621113 -8.907774 -7.649499 -11.378887 -11.092226 0.000082 -0.000082 
2072	(   2.349378  -1.379642  -1.091893 )	15.733259 -12.349378 -8.620358 -8.908107 -7.650622 -11.379642 -11.091893 -0.000020 0.000020 
2073	(   2.352201  -1.37877   -1.091417 )	15.755403 -12.352201 -8.621230 -8.908583 -7.647799 -11.378770 -11.091417 0.000043 -0.000043 
2074	(   2.348101  -1.380431  -1.091644 )	15.726275 -12.348101 -8.619569 -8.908356 -7.651899 -11.380431 -11.091644 0.000089 -0.000089 
2075	(   2.348801  -1.380455  -1.091225 )	15.733605 -12.348801 -8.619545 -8.908775 -7.651199 -11.380455 -11.091225 0.000100 -0.000100 
2076	(   2.343278  -1.382487  -1.092176 )	15.692816 -12.343278 -8.617513 -8.907824 -7.656722 -11.382487 -11.092176 0.002161 -0.002161 
2077	(   2.351078  -1.378487  -1.091968 )	15.741799 -12.351078 -8.621513 -8.908032 -7.648922 -11.378487 -11.091968 -0.002183 0.002183 
2078	(   2.353901  -1.378087  -1.092579 )	15.767420 -12.353901 -8.621913 -8.907421 -7.646099 -11.378087 -11.092579 0.006594 -0.006594 
2079	(   2.354901  -1.379035  -1.091611 )	15.784852 -12.354901 -8.620965 -8.908389 -7.645099 -11.379035 -11.091611 0.010603 -0.010603 
2080	(   2.338001  -1.378424  -1.091983 )	15.608786 -12.338001 -8.621576 -8.908017 -7.661999 -11.378424 -11.091983 -0.040437 0.040437 
2081	(   2.347601  -1.380248  -1.092088 )	15.719774 -12.347601 -8.619752 -8.907912 -7.652399 -11.380248 -11.092088 -0.000238 0.000238 
2082	(   2.35047   -1.378887  -1.092226 )	15.738618 -12.350470 -8.621113 -8.907774 -7.649530 -11.378887 -11.092226 -0.000008 0.000008 
2083	(   2.346075  -1.380985  -1.092068 )	15.709854 -12.346075 -8.619015 -8.907932 -7.653925 -11.380985 -11.092068 0.000001 -0.000001 
2084	(   2.342775  -1.382479  -1.092056 )	15.687669 -12.342775 -8.617521 -8.907944 -7.657225 -11.382479 -11.092056 0.000018 -0.000018 
2085	(   2.347875  -1.380247  -1.092004 )	15.722556 -12.347875 -8.619753 -8.907996 -7.652125 -11.380247 -11.092004 0.000114 -0.000114 
2086	(   2.354301  -1.37702   -1.092398 )	15.763443 -12.354301 -8.622980 -8.907602 -7.645699 -11.377020 -11.092398 -0.000111 0.000111 

BBE ( SOL ) BBO
2087	(   2.338001  -1.380047  -1.09211  )	15.620994 -12.338001 -8.619953 -8.907890 -7.661999 -11.380047 -11.092110 -0.029307 0.029307 
2088	(   2.348201  -1.378087  -1.092062 )	15.709554 -12.348201 -8.621913 -8.907938 -7.651799 -11.378087 -11.092062 -0.012625 0.012625 
2089	(   2.348001  -1.380571  -1.091911 )	15.726291 -12.348001 -8.619429 -8.908089 -7.651999 -11.380571 -11.091911 0.002096 -0.002096 
2090	(   2.351875  -1.379337  -1.092268 )	15.756293 -12.351875 -8.620663 -8.907732 -7.648125 -11.379337 -11.092268 0.007206 -0.007206 
2091	(   2.340275  -1.382633  -1.091868 )	15.663521 -12.340275 -8.617367 -8.908132 -7.659725 -11.382633 -11.091868 -0.007243 0.007243 
2092	(   2.348101  -1.380103  -1.092113 )	15.723753 -12.348101 -8.619897 -8.907887 -7.651899 -11.380103 -11.092113 0.000407 -0.000407 
2093	(   2.342766  -1.382479  -1.092056 )	15.687577 -12.342766 -8.617521 -8.907944 -7.657234 -11.382479 -11.092056 -0.000008 0.000008 
2094	(   2.346242  -1.380753  -1.092263 )	15.709778 -12.346242 -8.619247 -8.907737 -7.653758 -11.380753 -11.092263 0.000000 -0.000000 
2095	(   2.340942  -1.382751  -1.092721 )	15.671083 -12.340942 -8.617249 -8.907279 -7.659058 -11.382751 -11.092721 -0.000091 0.000091 
2096	(   2.345975  -1.380875  -1.09224  )	15.707993 -12.345975 -8.619125 -8.907760 -7.654025 -11.380875 -11.092240 -0.000109 0.000109 
2097	(   2.354242  -1.37703   -1.09242  )	15.762916 -12.354242 -8.622970 -8.907580 -7.645758 -11.377030 -11.092420 -0.000104 0.000104 
2098	(   2.346442  -1.380479  -1.092495 )	15.709717 -12.346442 -8.619521 -8.907505 -7.653558 -11.380479 -11.092495 0.000014 -0.000014 
2099	(   2.348242  -1.380532  -1.091408 )	15.728492 -12.348242 -8.619468 -8.908592 -7.651758 -11.380532 -11.091408 -0.000073 0.000073 
2100	(   2.336242  -1.380477  -1.092344 )	15.606428 -12.336242 -8.619523 -8.907656 -7.663758 -11.380477 -11.092344 -0.030426 0.030426 
2101	(   2.341042  -1.382394  -1.092063 )	15.669467 -12.341042 -8.617606 -8.907937 -7.658958 -11.382394 -11.092063 -0.005541 0.005541 
2102	(   2.344642  -1.378753  -1.092116 )	15.678475 -12.344642 -8.621247 -8.907884 -7.655358 -11.378753 -11.092116 -0.018360 0.018360 
2103	(   2.350575  -1.380356  -1.092268 )	15.750780 -12.350575 -8.619644 -8.907732 -7.649425 -11.380356 -11.092268 0.010043 -0.010043 
2104	(   2.341575  -1.381614  -1.091868 )	15.669000 -12.341575 -8.618386 -8.908132 -7.658425 -11.381614 -11.091868 -0.010054 0.010054 
2105	(   2.346542  -1.380713  -1.092272 )	15.712520 -12.346542 -8.619287 -8.907728 -7.653458 -11.380713 -11.092272 0.000656 -0.000656 
2106	(   2.340965  -1.382751  -1.092721 )	15.671316 -12.340965 -8.617249 -8.907279 -7.659035 -11.382751 -11.092721 -0.000024 0.000024 
2107	(   2.342424  -1.382633  -1.092058 )	15.685273 -12.342424 -8.617367 -8.907942 -7.657576 -11.382633 -11.092058 0.000001 -0.000001 
2108	(   2.331424  -1.387577  -1.092026 )	15.611281 -12.331424 -8.612423 -8.907974 -7.668576 -11.387577 -11.092026 -0.000261 0.000261 
2109	(   2.344724  -1.381715  -1.091929 )	15.701675 -12.344724 -8.618285 -8.908071 -7.655276 -11.381715 -11.091929 0.000079 -0.000079 
2110	(   2.354242  -1.377025  -1.092418 )	15.762878 -12.354242 -8.622975 -8.907582 -7.645758 -11.377025 -11.092418 -0.000143 0.000143 
2111	(   2.336242  -1.380011  -1.092246 )	15.602929 -12.336242 -8.619989 -8.907754 -7.663758 -11.380011 -11.092246 -0.033942 0.033942 
2112	(   2.342042  -1.382753  -1.092368 )	15.682277 -12.342042 -8.617247 -8.907632 -7.657958 -11.382753 -11.092368 0.001282 -0.001282 
2113	(   2.337324  -1.384633  -1.092005 )	15.648725 -12.337324 -8.615367 -8.907995 -7.662676 -11.384633 -11.092005 -0.002188 0.002188 
2114	(   2.345342  -1.381722  -1.092063 )	15.707983 -12.345342 -8.618278 -8.907937 -7.654658 -11.381722 -11.092063 0.002620 -0.002620 
2115	(   2.347524  -1.380633  -1.09211  )	15.721898 -12.347524 -8.619367 -8.907890 -7.652476 -11.380633 -11.092110 0.002152 -0.002152 
2116	(   2.346442  -1.380711  -1.092266 )	15.711490 -12.346442 -8.619289 -8.907734 -7.653558 -11.380711 -11.092266 0.000324 -0.000324 
2117	(   2.331471  -1.387577  -1.092026 )	15.611756 -12.331471 -8.612423 -8.907974 -7.668529 -11.387577 -11.092026 -0.000124 0.000124 
2118	(   2.342393  -1.382647  -1.092058 )	15.685065 -12.342393 -8.617353 -8.907942 -7.657607 -11.382647 -11.092058 0.000005 -0.000005 
2119	(   2.342718  -1.382253  -1.092365 )	15.685355 -12.342718 -8.617747 -8.907635 -7.657282 -11.382253 -11.092365 -0.000000 0.000000 
2120	(   2.332118  -1.386753  -1.092672 )	15.612012 -12.332118 -8.613247 -8.907328 -7.667882 -11.386753 -11.092672 -0.000194 0.000194 
2121	(   2.343118  -1.38218   -1.09224  )	15.688871 -12.343118 -8.617820 -8.907760 -7.656882 -11.382180 -11.092240 0.000039 -0.000039 
2122	(   2.344724  -1.38164   -1.092016 )	15.701100 -12.344724 -8.618360 -8.907984 -7.655276 -11.381640 -11.092016 0.000044 -0.000044 
2123	(   2.342618  -1.381358  -1.093556 )	15.677474 -12.342618 -8.618642 -8.906444 -7.657382 -11.381358 -11.093556 0.000132 -0.000132 
2124	(   2.347218  -1.380867  -1.091592 )	15.720609 -12.347218 -8.619133 -8.908408 -7.652782 -11.380867 -11.091592 0.000079 -0.000079 
2125	(   2.334818  -1.380253  -1.09245  )	15.590345 -12.334818 -8.619747 -8.907550 -7.665182 -11.380253 -11.092450 -0.035455 0.035455 
2126	(   2.332718  -1.383189  -1.092213 )	15.591263 -12.332718 -8.616811 -8.907787 -7.667282 -11.383189 -11.092213 -0.023862 0.023862 

BBE ( SOL ) BBO
2127	(   2.346818  -1.380761  -1.092165 )	15.715693 -12.346818 -8.619239 -8.907835 -7.653182 -11.380761 -11.092165 0.001216 -0.001216 
2128	(   2.339424  -1.384633  -1.092074 )	15.669976 -12.339424 -8.615367 -8.907926 -7.660576 -11.384633 -11.092074 0.004297 -0.004297 
2129	(   2.345424  -1.380633  -1.092042 )	15.700595 -12.345424 -8.619367 -8.907958 -7.654576 -11.380633 -11.092042 -0.004310 0.004310 
2130	(   2.342818  -1.382279  -1.092368 )	15.686564 -12.342818 -8.617721 -8.907632 -7.657182 -11.382279 -11.092368 0.000473 -0.000473 
2131	(   2.332146  -1.386753  -1.092672 )	15.612295 -12.332146 -8.613247 -8.907328 -7.667854 -11.386753 -11.092672 -0.000112 0.000112 
2132	(   2.340402  -1.383189  -1.092494 )	15.668941 -12.340402 -8.616811 -8.907506 -7.659598 -11.383189 -11.092494 -0.000014 0.000014 
2133	(   2.347177  -1.380652  -1.091868 )	15.718542 -12.347177 -8.619348 -8.908132 -7.652823 -11.380652 -11.091868 0.000006 -0.000006 
2134	(   2.340049  -1.383053  -1.092857 )	15.664304 -12.340049 -8.616947 -8.907143 -7.659951 -11.383053 -11.092857 -0.000028 0.000028 
2135	(   2.348456  -1.38002   -1.091941 )	15.726747 -12.348456 -8.619980 -8.908059 -7.651544 -11.380020 -11.091941 0.000005 -0.000005 
2136	(   2.337718  -1.381924  -1.092313 )	15.632253 -12.337718 -8.618076 -8.907687 -7.662282 -11.381924 -11.092313 -0.016952 0.016952 
2137	(   2.34104   -1.381681  -1.092465 )	15.664029 -12.341040 -8.618319 -8.907535 -7.658960 -11.381681 -11.092465 -0.008064 0.008064 
2138	(   2.340045  -1.383253  -1.092405 )	15.665817 -12.340045 -8.616747 -8.907595 -7.659955 -11.383253 -11.092405 -0.001104 0.001104 
2139	(   2.340697  -1.383479  -1.092158 )	15.674150 -12.340697 -8.616521 -8.907842 -7.659303 -11.383479 -11.092158 0.000971 -0.000971 
2140	(   2.344151  -1.381787  -1.091958 )	15.696405 -12.344151 -8.618213 -8.908042 -7.655849 -11.381787 -11.091958 -0.000974 0.000974 
2141	(   2.346644  -1.382155  -1.092346 )	15.724439 -12.346644 -8.617845 -8.907654 -7.653356 -11.382155 -11.092346 0.010692 -0.010692 
2142	(   2.340279  -1.382772  -1.092346 )	15.664565 -12.340279 -8.617228 -8.907654 -7.659721 -11.382772 -11.092346 -0.003838 0.003838 
2143	(   2.342653  -1.382703  -1.091972 )	15.688131 -12.342653 -8.617297 -8.908028 -7.657347 -11.382703 -11.091972 0.000673 -0.000673 
2144	(   2.348883  -1.379429  -1.092435 )	15.726572 -12.348883 -8.620571 -8.907565 -7.651117 -11.379429 -11.092435 -0.000011 0.000011 
2145	(   2.344039  -1.381832  -1.092152 )	15.695590 -12.344039 -8.618168 -8.907848 -7.655961 -11.381832 -11.092152 0.000005 -0.000005 
2146	(   2.340718  -1.382207  -1.092355 )	15.664748 -12.340718 -8.617793 -8.907645 -7.659282 -11.382207 -11.092355 -0.006174 0.006174 
2147	(   2.342465  -1.381754  -1.092415 )	15.679023 -12.342465 -8.618246 -8.907585 -7.657535 -11.381754 -11.092415 -0.003704 0.003704 
2148	(   2.342117  -1.382753  -1.092413 )	15.683033 -12.342117 -8.617247 -8.907587 -7.657883 -11.382753 -11.092413 0.001739 -0.001739 
2149	(   2.340424  -1.382731  -1.09201  )	15.665760 -12.340424 -8.617269 -8.907990 -7.659576 -11.382731 -11.092010 -0.005432 0.005432 
2150	(   2.344424  -1.382534  -1.092105 )	15.704802 -12.344424 -8.617466 -8.907895 -7.655576 -11.382534 -11.092105 0.005432 -0.005432 
2151	(   2.342788  -1.382219  -1.092361 )	15.685809 -12.342788 -8.617781 -8.907639 -7.657212 -11.382219 -11.092361 -0.000037 0.000037 
2152	(   2.342014  -1.382647  -1.092057 )	15.681224 -12.342014 -8.617353 -8.907943 -7.657986 -11.382647 -11.092057 -0.001107 0.001107 
2153	(   2.342324  -1.382255  -1.092368 )	15.681379 -12.342324 -8.617745 -8.907632 -7.657676 -11.382255 -11.092368 -0.001118 0.001118 
2154	(   2.343453  -1.38191   -1.092387 )	15.690221 -12.343453 -8.618090 -8.907613 -7.656547 -11.381910 -11.092387 0.000035 -0.000035 
2155	(   2.343287  -1.381988  -1.092381 )	15.689120 -12.343287 -8.618012 -8.907619 -7.656713 -11.381988 -11.092381 0.000018 -0.000018 
2156	(   2.341718  -1.382209  -1.092361 )	15.674890 -12.341718 -8.617791 -8.907639 -7.658282 -11.382209 -11.092361 -0.003221 0.003221 
2157	(   2.342503  -1.382231  -1.092385 )	15.683008 -12.342503 -8.617769 -8.907615 -7.657497 -11.382231 -11.092385 -0.000664 0.000664 
2158	(   2.342484  -1.382453  -1.092367 )	15.684493 -12.342484 -8.617547 -8.907633 -7.657516 -11.382453 -11.092367 0.000620 -0.000620 
2159	(   2.341424  -1.382606  -1.092052 )	15.674943 -12.341424 -8.617394 -8.907948 -7.658576 -11.382606 -11.092052 -0.003109 0.003109 
2160	(   2.343424  -1.382659  -1.092063 )	15.695608 -12.343424 -8.617341 -8.907937 -7.656576 -11.382659 -11.092063 0.003111 -0.003111 
2161	(   2.342962  -1.382202  -1.092356 )	15.687450 -12.342962 -8.617798 -8.907644 -7.657038 -11.382202 -11.092356 0.000334 -0.000334 
2162	(   2.342292  -1.382445  -1.092367 )	15.682490 -12.342292 -8.617555 -8.907633 -7.657708 -11.382445 -11.092367 0.000012 -0.000012 
2163	(   2.342234  -1.382534  -1.09206  )	15.682608 -12.342234 -8.617466 -8.907940 -7.657766 -11.382534 -11.092060 -0.001178 0.001178 
2164	(   2.342078  -1.382546  -1.092355 )	15.681090 -12.342078 -8.617454 -8.907645 -7.657922 -11.382546 -11.092355 -0.000016 0.000016 
2165	(   2.342359  -1.382353  -1.092372 )	15.682475 -12.342359 -8.617647 -8.907628 -7.657641 -11.382353 -11.092372 -0.000363 0.000363 
2166	(   2.34305   -1.382353  -1.092357 )	15.689481 -12.343050 -8.617647 -8.907643 -7.656950 -11.382353 -11.092357 0.001572 -0.001572 

BBE ( SOL ) BBO
2167	(   2.343218  -1.382265  -1.092375 )	15.690514 -12.343218 -8.617735 -8.907625 -7.656782 -11.382265 -11.092375 0.001583 -0.001583 
2168	(   2.341973  -1.382533  -1.092059 )	15.679950 -12.341973 -8.617467 -8.907941 -7.658027 -11.382533 -11.092059 -0.001950 0.001950 
2169	(   2.342874  -1.382733  -1.092056 )	15.690598 -12.342874 -8.617267 -8.907944 -7.657126 -11.382733 -11.092056 0.001952 -0.001952 
2170	(   2.342713  -1.38225   -1.092365 )	15.685291 -12.342713 -8.617750 -8.907635 -7.657287 -11.382250 -11.092365 -0.000028 0.000028 
2171	(   2.3424    -1.382647  -1.092059 )	15.685144 -12.342400 -8.617353 -8.907941 -7.657600 -11.382647 -11.092059 0.000029 -0.000029 
2172	(   2.34255   -1.38232   -1.092367 )	15.684167 -12.342550 -8.617680 -8.907633 -7.657450 -11.382320 -11.092367 -0.000042 0.000042 
2173	(   2.341438  -1.382841  -1.092344 )	15.676838 -12.341438 -8.617159 -8.907656 -7.658562 -11.382841 -11.092344 -0.000022 0.000022 
2174	(   2.342825  -1.382201  -1.092371 )	15.686049 -12.342825 -8.617799 -8.907629 -7.657175 -11.382201 -11.092371 0.000008 -0.000008 
2175	(   2.342518  -1.382273  -1.092365 )	15.683485 -12.342518 -8.617727 -8.907635 -7.657482 -11.382273 -11.092365 -0.000453 0.000453 
2176	(   2.342613  -1.382212  -1.09237  )	15.683985 -12.342613 -8.617788 -8.907630 -7.657387 -11.382212 -11.092370 -0.000542 0.000542 
2177	(   2.34267   -1.382203  -1.092361 )	15.684495 -12.342670 -8.617797 -8.907639 -7.657330 -11.382203 -11.092361 -0.000487 0.000487 
2178	(   2.342336  -1.382593  -1.092053 )	15.684089 -12.342336 -8.617407 -8.907947 -7.657664 -11.382593 -11.092053 -0.000535 0.000535 
2179	(   2.342511  -1.382672  -1.092063 )	15.686458 -12.342511 -8.617328 -8.907937 -7.657489 -11.382672 -11.092063 0.000537 -0.000537 
2180	(   2.342721  -1.382253  -1.092365 )	15.685396 -12.342721 -8.617747 -8.907635 -7.657279 -11.382253 -11.092365 0.000015 -0.000015 
2181	(   2.342393  -1.382647  -1.092058 )	15.685065 -12.342393 -8.617353 -8.907942 -7.657607 -11.382647 -11.092058 0.000004 -0.000004 
2182	(   2.342668  -1.382276  -1.092366 )	15.685025 -12.342668 -8.617724 -8.907634 -7.657332 -11.382276 -11.092366 0.000010 -0.000010 
2183	(   2.342752  -1.382233  -1.09237  )	15.685557 -12.342752 -8.617767 -8.907630 -7.657248 -11.382233 -11.092370 -0.000003 0.000003 
2184	(   2.342767  -1.382223  -1.092372 )	15.685637 -12.342767 -8.617777 -8.907628 -7.657233 -11.382223 -11.092372 -0.000011 0.000011 
2185	(   2.342862  -1.382182  -1.092372 )	15.686282 -12.342862 -8.617818 -8.907628 -7.657138 -11.382182 -11.092372 -0.000006 0.000006 
2186	(   2.342813  -1.382205  -1.09237  )	15.685968 -12.342813 -8.617795 -8.907630 -7.657187 -11.382205 -11.092370 -0.000002 0.000002 
2187	(   2.342697  -1.38226   -1.092366 )	15.685204 -12.342697 -8.617740 -8.907634 -7.657303 -11.382260 -11.092366 -0.000012 0.000012 
2188	(   2.342793  -1.382216  -1.09237  )	15.685838 -12.342793 -8.617784 -8.907630 -7.657207 -11.382216 -11.092370 0.000003 -0.000003 
2189	(   2.342729  -1.382245  -1.092367 )	15.685415 -12.342729 -8.617755 -8.907633 -7.657271 -11.382245 -11.092367 -0.000007 0.000007 
2190	(   2.342777  -1.382223  -1.092369 )	15.685732 -12.342777 -8.617777 -8.907631 -7.657223 -11.382223 -11.092369 0.000001 -0.000001 
2191	(   2.342396  -1.382645  -1.09206  )	15.685083 -12.342396 -8.617355 -8.907940 -7.657604 -11.382645 -11.092060 0.000009 -0.000009 
2192	(   2.342684  -1.382273  -1.092365 )	15.685170 -12.342684 -8.617727 -8.907635 -7.657316 -11.382273 -11.092365 0.000030 -0.000030 
2193	(   2.342618  -1.382245  -1.092365 )	15.684281 -12.342618 -8.617755 -8.907635 -7.657382 -11.382245 -11.092365 -0.000345 0.000345 
2194	(   2.342451  -1.382621  -1.092056 )	15.685464 -12.342451 -8.617379 -8.907944 -7.657549 -11.382621 -11.092056 -0.000007 0.000007 
2195	(   2.342748  -1.382248  -1.092363 )	15.685629 -12.342748 -8.617752 -8.907637 -7.657252 -11.382248 -11.092363 0.000050 -0.000050 
2196	(   2.342712  -1.382254  -1.092366 )	15.685310 -12.342712 -8.617746 -8.907634 -7.657288 -11.382254 -11.092366 -0.000006 0.000006 
2197	(   2.342393  -1.382646  -1.092058 )	15.685063 -12.342393 -8.617354 -8.907942 -7.657607 -11.382646 -11.092058 0.000001 -0.000001 
2198	(   2.3423    -1.382688  -1.092058 )	15.684433 -12.342300 -8.617312 -8.907942 -7.657700 -11.382688 -11.092058 0.000002 -0.000002 
2199	(   2.342402  -1.382641  -1.092059 )	15.685119 -12.342402 -8.617359 -8.907941 -7.657598 -11.382641 -11.092059 -0.000001 0.000001 
2200	(   2.342654  -1.382279  -1.092369 )	15.684904 -12.342654 -8.617721 -8.907631 -7.657346 -11.382279 -11.092369 -0.000000 0.000000 
2201	(   2.342462  -1.382357  -1.092379 )	15.683551 -12.342462 -8.617643 -8.907621 -7.657538 -11.382357 -11.092379 -0.000001 0.000001 
2202	(   2.341888  -1.382591  -1.092408 )	15.679494 -12.341888 -8.617409 -8.907592 -7.658112 -11.382591 -11.092408 -0.000005 0.000005 
2203	(   2.342323  -1.382422  -1.092375 )	15.682634 -12.342323 -8.617578 -8.907625 -7.657677 -11.382422 -11.092375 -0.000001 0.000001 
2204	(   2.341905  -1.382618  -1.092365 )	15.679882 -12.341905 -8.617382 -8.907635 -7.658095 -11.382618 -11.092365 0.000000 -0.000000 
2205	(   2.340652  -1.383207  -1.092334 )	15.671631 -12.340652 -8.616793 -8.907666 -7.659348 -11.383207 -11.092334 0.000003 -0.000003 
2206	(   2.341889  -1.382587  -1.092413 )	15.679475 -12.341889 -8.617413 -8.907587 -7.658111 -11.382587 -11.092413 -0.000001 0.000001 

BBE ( SOL ) BBO
2207	(   2.340652  -1.383207  -1.092334 )	15.671634 -12.340652 -8.616793 -8.907666 -7.659348 -11.383207 -11.092334 0.000005 -0.000005 
2208	(   2.340587  -1.383081  -1.092526 )	15.670000 -12.340587 -8.616919 -8.907474 -7.659413 -11.383081 -11.092526 -0.000005 0.000005 
2209	(   2.340224  -1.383253  -1.092516 )	15.667624 -12.340224 -8.616747 -8.907484 -7.659776 -11.383253 -11.092516 0.000001 -0.000001 
2210	(   2.335224  -1.385251  -1.092827 )	15.632067 -12.335224 -8.614749 -8.907173 -7.664776 -11.385251 -11.092827 -0.000029 0.000029 
2211	(   2.340605  -1.383207  -1.092334 )	15.671160 -12.340605 -8.616793 -8.907666 -7.659395 -11.383207 -11.092334 -0.000131 0.000131 
2212	(   2.342724  -1.382055  -1.092624 )	15.683901 -12.342724 -8.617945 -8.907376 -7.657276 -11.382055 -11.092624 0.000085 -0.000085 
2213	(   2.343205  -1.382083  -1.092291 )	15.689027 -12.343205 -8.617917 -8.907709 -7.656795 -11.382083 -11.092291 -0.000067 0.000067 
2214	(   2.338605  -1.384013  -1.09247  )	15.656976 -12.338605 -8.615987 -8.907530 -7.661395 -11.384013 -11.092470 -0.000037 0.000037 
2215	(   2.344305  -1.381568  -1.092315 )	15.696290 -12.344305 -8.618432 -8.907685 -7.655695 -11.381568 -11.092315 -0.000077 0.000077 
2216	(   2.335505  -1.380618  -1.092555 )	15.600033 -12.335505 -8.619382 -8.907445 -7.664495 -11.380618 -11.092555 -0.030549 0.030549 
2217	(   2.339805  -1.38098   -1.092165 )	15.646280 -12.339805 -8.619020 -8.907835 -7.660195 -11.380980 -11.092165 -0.017748 0.017748 
2218	(   2.351905  -1.381677  -1.0924   )	15.774288 -12.351905 -8.618323 -8.907600 -7.648095 -11.381677 -11.092400 0.023184 -0.023184 
2219	(   2.330224  -1.382701  -1.092497 )	15.562398 -12.330224 -8.617299 -8.907503 -7.669776 -11.382701 -11.092497 -0.032790 0.032790 
2220	(   2.350224  -1.383805  -1.092535 )	15.773273 -12.350224 -8.616195 -8.907465 -7.649776 -11.383805 -11.092535 0.032825 -0.032825 
2221	(   2.341905  -1.382787  -1.092377 )	15.681156 -12.341905 -8.617213 -8.907623 -7.658095 -11.382787 -11.092377 0.001159 -0.001159 
2222	(   2.335229  -1.385251  -1.092827 )	15.632118 -12.335229 -8.614749 -8.907173 -7.664771 -11.385251 -11.092827 -0.000014 0.000014 
2223	(   2.338587  -1.384005  -1.092497 )	15.656725 -12.338587 -8.615995 -8.907503 -7.661413 -11.384005 -11.092497 -0.000003 0.000003 
2224	(   2.343149  -1.382072  -1.092348 )	15.688368 -12.343149 -8.617928 -8.907652 -7.656851 -11.382072 -11.092348 -0.000002 0.000002 
2225	(   2.338609  -1.384013  -1.09247  )	15.657015 -12.338609 -8.615987 -8.907530 -7.661391 -11.384013 -11.092470 -0.000026 0.000026 
2226	(   2.344334  -1.381568  -1.092315 )	15.696581 -12.344334 -8.618432 -8.907685 -7.655666 -11.381568 -11.092315 0.000006 -0.000006 
2227	(   2.336905  -1.382695  -1.092374 )	15.629847 -12.336905 -8.617305 -8.907626 -7.663095 -11.382695 -11.092374 -0.014013 0.014013 
2228	(   2.342292  -1.382437  -1.092465 )	15.682428 -12.342292 -8.617563 -8.907535 -7.657708 -11.382437 -11.092465 0.000476 -0.000476 
2229	(   2.341443  -1.381618  -1.092348 )	15.667658 -12.341443 -8.618382 -8.907652 -7.658557 -11.381618 -11.092348 -0.007908 0.007908 
2230	(   2.341641  -1.383433  -1.092616 )	15.683327 -12.341641 -8.616567 -8.907384 -7.658359 -11.383433 -11.092616 0.005817 -0.005817 
2231	(   2.338807  -1.383073  -1.092416 )	15.651930 -12.338807 -8.616927 -8.907584 -7.661193 -11.383073 -11.092416 -0.005813 0.005813 
2232	(   2.342581  -1.383154  -1.092347 )	15.690779 -12.342581 -8.616846 -8.907653 -7.657419 -11.383154 -11.092347 0.005345 -0.005345 
2233	(   2.340316  -1.383253  -1.092465 )	15.668560 -12.340316 -8.616747 -8.907535 -7.659684 -11.383253 -11.092465 0.000001 -0.000001 
2234	(   2.340718  -1.383107  -1.092449 )	15.671536 -12.340718 -8.616893 -8.907551 -7.659282 -11.383107 -11.092449 0.000150 -0.000150 
2235	(   2.338609  -1.384014  -1.09247  )	15.657018 -12.338609 -8.615986 -8.907530 -7.661391 -11.384014 -11.092470 -0.000023 0.000023 
2236	(   2.344334  -1.381568  -1.092315 )	15.696579 -12.344334 -8.618432 -8.907685 -7.655666 -11.381568 -11.092315 0.000004 -0.000004 
2237	(   2.338224  -1.383584  -1.092507 )	15.649878 -12.338224 -8.616416 -8.907493 -7.661776 -11.383584 -11.092507 -0.003728 0.003728 
2238	(   2.339905  -1.382288  -1.092387 )	15.657132 -12.339905 -8.617712 -8.907613 -7.660095 -11.382288 -11.092387 -0.007842 0.007842 
2239	(   2.343119  -1.382118  -1.092359 )	15.688412 -12.343119 -8.617882 -8.907641 -7.656881 -11.382118 -11.092359 0.000265 -0.000265 
2240	(   2.341153  -1.382564  -1.092315 )	15.671857 -12.341153 -8.617436 -8.907685 -7.658847 -11.382564 -11.092315 -0.002803 0.002803 
2241	(   2.342224  -1.382921  -1.092525 )	15.685384 -12.342224 -8.617079 -8.907475 -7.657776 -11.382921 -11.092525 0.003728 -0.003728 
2242	(   2.342079  -1.382653  -1.092363 )	15.681908 -12.342079 -8.617347 -8.907637 -7.657921 -11.382653 -11.092363 0.000726 -0.000726 
2243	(   2.34003   -1.383247  -1.092506 )	15.665619 -12.340030 -8.616753 -8.907494 -7.659970 -11.383247 -11.092506 -0.000652 0.000652 
2244	(   2.342233  -1.382453  -1.092387 )	15.681953 -12.342233 -8.617547 -8.907613 -7.657767 -11.382453 -11.092387 -0.000001 0.000001 
2245	(   2.344627  -1.381514  -1.092216 )	15.699150 -12.344627 -8.618486 -8.907784 -7.655373 -11.381514 -11.092216 -0.000008 0.000008 
2246	(   2.341325  -1.382818  -1.092441 )	15.675503 -12.341325 -8.617182 -8.907559 -7.658675 -11.382818 -11.092441 0.000002 -0.000002 

BBE ( SOL ) BBO
2247	(   2.340905  -1.382742  -1.092355 )	15.670686 -12.340905 -8.617258 -8.907645 -7.659095 -11.382742 -11.092355 -0.002163 0.002163 
2248	(   2.341152  -1.382418  -1.09237  )	15.670743 -12.341152 -8.617582 -8.907630 -7.658848 -11.382418 -11.092370 -0.003459 0.003459 
2249	(   2.342138  -1.38253   -1.092345 )	15.681578 -12.342138 -8.617470 -8.907655 -7.657862 -11.382530 -11.092345 0.000002 -0.000002 
2250	(   2.341174  -1.383053  -1.092512 )	15.675738 -12.341174 -8.616947 -8.907488 -7.658826 -11.383053 -11.092512 0.001453 -0.001453 
2251	(   2.339274  -1.383453  -1.09252  )	15.659513 -12.339274 -8.616547 -8.907480 -7.660726 -11.383453 -11.092520 -0.001451 0.001451 
2252	(   2.342569  -1.38254   -1.092372 )	15.686015 -12.342569 -8.617460 -8.907628 -7.657431 -11.382540 -11.092372 0.001459 -0.001459 
2253	(   2.340652  -1.383207  -1.092334 )	15.671629 -12.340652 -8.616793 -8.907666 -7.659348 -11.383207 -11.092334 0.000002 -0.000002 
2254	(   2.340233  -1.383256  -1.092516 )	15.667734 -12.340233 -8.616744 -8.907484 -7.659767 -11.383256 -11.092516 0.000045 -0.000045 
2255	(   2.341712  -1.382721  -1.092345 )	15.678705 -12.341712 -8.617279 -8.907655 -7.658288 -11.382721 -11.092345 0.000002 -0.000002 
2256	(   2.342962  -1.38218   -1.09232  )	15.687286 -12.342962 -8.617820 -8.907680 -7.657038 -11.382180 -11.092320 0.000001 -0.000001 
2257	(   2.342157  -1.382485  -1.09239  )	15.681427 -12.342157 -8.617515 -8.907610 -7.657843 -11.382485 -11.092390 -0.000001 0.000001 
2258	(   2.341405  -1.382575  -1.092362 )	15.674491 -12.341405 -8.617425 -8.907638 -7.658595 -11.382575 -11.092362 -0.001749 0.001749 
2259	(   2.341685  -1.382654  -1.092375 )	15.677924 -12.341685 -8.617346 -8.907625 -7.658315 -11.382654 -11.092375 -0.000355 0.000355 
2260	(   2.341759  -1.382718  -1.09236  )	15.679160 -12.341759 -8.617282 -8.907640 -7.658241 -11.382718 -11.092360 0.000198 -0.000198 
2261	(   2.339835  -1.383153  -1.092512 )	15.662931 -12.339835 -8.616847 -8.907488 -7.660165 -11.383153 -11.092512 -0.001801 0.001801 
2262	(   2.340613  -1.383353  -1.09252  )	15.672318 -12.340613 -8.616647 -8.907480 -7.659387 -11.383353 -11.092520 0.001804 -0.001804 
2263	(   2.342138  -1.38256   -1.092367 )	15.681804 -12.342138 -8.617440 -8.907633 -7.657862 -11.382560 -11.092367 0.000313 -0.000313 
2264	(   2.340176  -1.383263  -1.092516 )	15.667209 -12.340176 -8.616737 -8.907484 -7.659824 -11.383263 -11.092516 -0.000075 0.000075 
2265	(   2.341929  -1.382603  -1.092361 )	15.680002 -12.341929 -8.617397 -8.907639 -7.658071 -11.382603 -11.092361 -0.000052 0.000052 
2266	(   2.342694  -1.382281  -1.092343 )	15.685333 -12.342694 -8.617719 -8.907657 -7.657306 -11.382281 -11.092343 0.000001 -0.000001 
2267	(   2.342291  -1.382434  -1.092378 )	15.682404 -12.342291 -8.617566 -8.907622 -7.657709 -11.382434 -11.092378 -0.000000 0.000000 
2268	(   2.341705  -1.382622  -1.092364 )	15.677882 -12.341705 -8.617378 -8.907636 -7.658295 -11.382622 -11.092364 -0.000562 0.000562 
2269	(   2.341891  -1.382568  -1.092365 )	15.679364 -12.341891 -8.617432 -8.907635 -7.658109 -11.382568 -11.092365 -0.000364 0.000364 
2270	(   2.341886  -1.382618  -1.09237  )	15.679684 -12.341886 -8.617382 -8.907630 -7.658114 -11.382618 -11.092370 -0.000030 0.000030 
2271	(   2.340424  -1.383284  -1.092514 )	15.669889 -12.340424 -8.616716 -8.907486 -7.659576 -11.383284 -11.092514 0.000778 -0.000778 
2272	(   2.340024  -1.383221  -1.092518 )	15.665359 -12.340024 -8.616779 -8.907482 -7.659976 -11.383221 -11.092518 -0.000775 0.000775 
2273	(   2.341924  -1.382619  -1.092361 )	15.680080 -12.341924 -8.617381 -8.907639 -7.658076 -11.382619 -11.092361 0.000036 -0.000036 
2274	(   2.340205  -1.38327   -1.092517 )	15.667568 -12.340205 -8.616730 -8.907483 -7.659795 -11.383270 -11.092517 0.000063 -0.000063 
2275	(   2.341888  -1.382624  -1.092363 )	15.679753 -12.341888 -8.617376 -8.907637 -7.658112 -11.382624 -11.092363 -0.000018 0.000018 
2276	(   2.342028  -1.382574  -1.092352 )	15.680799 -12.342028 -8.617426 -8.907648 -7.657972 -11.382574 -11.092352 0.000007 -0.000007 
2277	(   2.3421    -1.382552  -1.092343 )	15.681357 -12.342100 -8.617448 -8.907657 -7.657900 -11.382552 -11.092343 0.000025 -0.000025 
2278	(   2.34212   -1.382535  -1.092351 )	15.681428 -12.342120 -8.617465 -8.907649 -7.657880 -11.382535 -11.092351 0.000012 -0.000012 
2279	(   2.342062  -1.382557  -1.092354 )	15.681009 -12.342062 -8.617443 -8.907646 -7.657938 -11.382557 -11.092354 0.000005 -0.000005 
2280	(   2.341919  -1.38262   -1.092359 )	15.680037 -12.341919 -8.617380 -8.907641 -7.658081 -11.382620 -11.092359 0.000024 -0.000024 
2281	(   2.342038  -1.382565  -1.092356 )	15.680827 -12.342038 -8.617435 -8.907644 -7.657962 -11.382565 -11.092356 -0.000006 0.000006 
2282	(   2.341975  -1.382586  -1.092365 )	15.680346 -12.341975 -8.617414 -8.907635 -7.658025 -11.382586 -11.092365 -0.000008 0.000008 
2283	(   2.342015  -1.382577  -1.092355 )	15.680686 -12.342015 -8.617423 -8.907645 -7.657985 -11.382577 -11.092355 0.000003 -0.000003 
2284	(   2.34195   -1.382604  -1.09236  )	15.680225 -12.341950 -8.617396 -8.907640 -7.658050 -11.382604 -11.092360 0.000012 -0.000012 
2285	(   2.342016  -1.382574  -1.092357 )	15.680676 -12.342016 -8.617426 -8.907643 -7.657984 -11.382574 -11.092357 -0.000002 0.000002 
2286	(   2.341896  -1.382623  -1.092364 )	15.679820 -12.341896 -8.617377 -8.907636 -7.658104 -11.382623 -11.092364 -0.000003 0.000003 

BBE ( SOL ) BBO
2287	(   2.341863  -1.382633  -1.092369 )	15.679566 -12.341863 -8.617367 -8.907631 -7.658137 -11.382633 -11.092369 -0.000007 0.000007 
2288	(   2.341977  -1.382591  -1.092359 )	15.680406 -12.341977 -8.617409 -8.907641 -7.658023 -11.382591 -11.092359 0.000001 -0.000001 
2289	(   2.342037  -1.382566  -1.092357 )	15.680822 -12.342037 -8.617434 -8.907643 -7.657963 -11.382566 -11.092357 0.000003 -0.000003 
2290	(   2.341931  -1.382609  -1.092362 )	15.680071 -12.341931 -8.617391 -8.907638 -7.658069 -11.382609 -11.092362 -0.000002 0.000002 
2291	(   2.341861  -1.382633  -1.092363 )	15.679547 -12.341861 -8.617367 -8.907637 -7.658139 -11.382633 -11.092363 -0.000044 0.000044 
2292	(   2.340324  -1.383245  -1.092515 )	15.668576 -12.340324 -8.616755 -8.907485 -7.659676 -11.383245 -11.092515 0.000235 -0.000235 
2293	(   2.341805  -1.382627  -1.092366 )	15.678931 -12.341805 -8.617373 -8.907634 -7.658195 -11.382627 -11.092366 -0.000230 0.000230 
2294	(   2.340124  -1.383261  -1.092517 )	15.666671 -12.340124 -8.616739 -8.907483 -7.659876 -11.383261 -11.092517 -0.000232 0.000232 
2295	(   2.341833  -1.382598  -1.092364 )	15.679003 -12.341833 -8.617402 -8.907636 -7.658167 -11.382598 -11.092364 -0.000343 0.000343 
2296	(   2.341944  -1.382615  -1.092366 )	15.680258 -12.341944 -8.617385 -8.907634 -7.658056 -11.382615 -11.092366 0.000102 -0.000102 
2297	(   2.340156  -1.383263  -1.092515 )	15.667018 -12.340156 -8.616737 -8.907485 -7.659844 -11.383263 -11.092515 -0.000132 0.000132 
2298	(   2.341902  -1.382633  -1.092364 )	15.679958 -12.341902 -8.617367 -8.907636 -7.658098 -11.382633 -11.092364 0.000078 -0.000078 
2299	(   2.341859  -1.382638  -1.092367 )	15.679563 -12.341859 -8.617362 -8.907633 -7.658141 -11.382638 -11.092367 0.000001 -0.000001 
2300	(   2.341781  -1.382669  -1.092371 )	15.679007 -12.341781 -8.617331 -8.907629 -7.658219 -11.382669 -11.092371 0.000003 -0.000003 
2301	(   2.341897  -1.382623  -1.092365 )	15.679830 -12.341897 -8.617377 -8.907635 -7.658103 -11.382623 -11.092365 0.000003 -0.000003 
2302	(   2.341922  -1.382612  -1.092363 )	15.680011 -12.341922 -8.617388 -8.907637 -7.658078 -11.382612 -11.092363 -0.000001 0.000001 
2303	(   2.3419    -1.38262   -1.092364 )	15.679840 -12.341900 -8.617380 -8.907636 -7.658100 -11.382620 -11.092364 -0.000010 0.000010 
2304	(   2.341913  -1.382608  -1.092365 )	15.679890 -12.341913 -8.617392 -8.907635 -7.658087 -11.382608 -11.092365 -0.000042 0.000042 
2305	(   2.340261  -1.383263  -1.092515 )	15.668075 -12.340261 -8.616737 -8.907485 -7.659739 -11.383263 -11.092515 0.000170 -0.000170 
2306	(   2.341855  -1.382616  -1.092365 )	15.679362 -12.341855 -8.617384 -8.907635 -7.658145 -11.382616 -11.092365 -0.000156 0.000156 
2307	(   2.340187  -1.383243  -1.092517 )	15.667173 -12.340187 -8.616757 -8.907483 -7.659813 -11.383243 -11.092517 -0.000167 0.000167 
2308	(   2.341906  -1.382618  -1.092365 )	15.679887 -12.341906 -8.617382 -8.907635 -7.658094 -11.382618 -11.092365 0.000002 -0.000002 
2309	(   2.340196  -1.383263  -1.092516 )	15.667414 -12.340196 -8.616737 -8.907484 -7.659804 -11.383263 -11.092516 -0.000018 0.000018 
2310	(   2.341897  -1.382619  -1.092364 )	15.679805 -12.341897 -8.617381 -8.907636 -7.658103 -11.382619 -11.092364 -0.000022 0.000022 
2311	(   2.341886  -1.382627  -1.092365 )	15.679750 -12.341886 -8.617373 -8.907635 -7.658114 -11.382627 -11.092365 -0.000002 0.000002 
2312	(   2.341891  -1.382625  -1.092365 )	15.679784 -12.341891 -8.617375 -8.907635 -7.658109 -11.382625 -11.092365 -0.000001 0.000001 
2313	(   2.341848  -1.382642  -1.092368 )	15.679475 -12.341848 -8.617358 -8.907632 -7.658152 -11.382642 -11.092368 0.000001 -0.000001 
2314	(   2.34181   -1.382656  -1.092371 )	15.679208 -12.341810 -8.617344 -8.907629 -7.658190 -11.382656 -11.092371 0.000002 -0.000002 
2315	(   2.341851  -1.38264   -1.092368 )	15.679496 -12.341851 -8.617360 -8.907632 -7.658149 -11.382640 -11.092368 0.000002 -0.000002 
2316	(   2.341881  -1.382629  -1.092366 )	15.679712 -12.341881 -8.617371 -8.907634 -7.658119 -11.382629 -11.092366 0.000000 -0.000000 
2317	(   2.341896  -1.382621  -1.092366 )	15.679817 -12.341896 -8.617379 -8.907634 -7.658104 -11.382621 -11.092366 -0.000000 0.000000 
2318	(   2.341887  -1.382625  -1.092366 )	15.679753 -12.341887 -8.617375 -8.907634 -7.658113 -11.382625 -11.092366 0.000000 -0.000000 
2319	(   2.341807  -1.38266   -1.092368 )	15.679203 -12.341807 -8.617340 -8.907632 -7.658193 -11.382660 -11.092368 -0.000001 0.000001 
2320	(   2.340187  -1.38327   -1.092516 )	15.667386 -12.340187 -8.616730 -8.907484 -7.659813 -11.383270 -11.092516 0.000010 -0.000010 
2321	(   2.341859  -1.382638  -1.092367 )	15.679560 -12.341859 -8.617362 -8.907633 -7.658141 -11.382638 -11.092367 -0.000000 0.000000 
2322	(   2.341794  -1.382664  -1.092369 )	15.679105 -12.341794 -8.617336 -8.907631 -7.658206 -11.382664 -11.092369 -0.000002 0.000002 
2323	(   2.340203  -1.383262  -1.092516 )	15.667480 -12.340203 -8.616738 -8.907484 -7.659797 -11.383262 -11.092516 0.000000 -0.000000 
2324	(   2.34014   -1.38329   -1.092517 )	15.667050 -12.340140 -8.616710 -8.907483 -7.659860 -11.383290 -11.092517 -0.000002 0.000002 
2325	(   2.340197  -1.383266  -1.092514 )	15.667447 -12.340197 -8.616734 -8.907486 -7.659803 -11.383266 -11.092514 -0.000005 0.000005 
2326	(   2.340211  -1.383259  -1.092515 )	15.667544 -12.340211 -8.616741 -8.907485 -7.659789 -11.383259 -11.092515 -0.000001 0.000001 

BBE ( SOL ) BBO
2327	(   2.340173  -1.383278  -1.092511 )	15.667303 -12.340173 -8.616722 -8.907489 -7.659827 -11.383278 -11.092511 -0.000009 0.000009 
2328	(   2.340138  -1.38329   -1.092518 )	15.667028 -12.340138 -8.616710 -8.907482 -7.659862 -11.383290 -11.092518 0.000001 -0.000001 
2329	(   2.339916  -1.383382  -1.092529 )	15.665482 -12.339916 -8.616618 -8.907471 -7.660084 -11.383382 -11.092529 0.000008 -0.000008 
2330	(   2.339924  -1.383377  -1.092529 )	15.665525 -12.339924 -8.616623 -8.907471 -7.660076 -11.383377 -11.092529 0.000000 -0.000000 
2331	(   2.339283  -1.38364   -1.09256  )	15.661015 -12.339283 -8.616360 -8.907440 -7.660717 -11.383640 -11.092560 -0.000002 0.000002 
2332	(   2.339917  -1.383382  -1.092529 )	15.665486 -12.339917 -8.616618 -8.907471 -7.660083 -11.383382 -11.092529 0.000010 -0.000010 
2333	(   2.339595  -1.383554  -1.092494 )	15.663525 -12.339595 -8.616446 -8.907506 -7.660405 -11.383554 -11.092494 -0.000000 0.000000 
2334	(   2.337966  -1.384346  -1.09242  )	15.653019 -12.337966 -8.615654 -8.907580 -7.662034 -11.384346 -11.092420 -0.000006 0.000006 
2335	(   2.339917  -1.383382  -1.092529 )	15.665483 -12.339917 -8.616618 -8.907471 -7.660083 -11.383382 -11.092529 0.000007 -0.000007 
2336	(   2.337966  -1.384346  -1.092421 )	15.653016 -12.337966 -8.615654 -8.907579 -7.662034 -11.384346 -11.092421 -0.000001 0.000001 
2337	(   2.33145   -1.387514  -1.09213  )	15.611059 -12.331450 -8.612486 -8.907870 -7.668550 -11.387514 -11.092130 -0.000051 0.000051 
2338	(   2.335796  -1.385134  -1.092656 )	15.636984 -12.335796 -8.614866 -8.907344 -7.664204 -11.385134 -11.092656 -0.000004 0.000004 
2339	(   2.339744  -1.383625  -1.092322 )	15.665585 -12.339744 -8.616375 -8.907678 -7.660256 -11.383625 -11.092322 -0.000002 0.000002 
2340	(   2.337956  -1.384158  -1.09266  )	15.651474 -12.337956 -8.615842 -8.907340 -7.662044 -11.384158 -11.092660 -0.000003 0.000003 
2341	(   2.340884  -1.383018  -1.09244  )	15.672541 -12.340884 -8.616982 -8.907560 -7.659116 -11.383018 -11.092440 0.000004 -0.000004 
2342	(   2.334595  -1.383641  -1.092476 )	15.613604 -12.334595 -8.616359 -8.907524 -7.665405 -11.383641 -11.092476 -0.014104 0.014104 
2343	(   2.338573  -1.382537  -1.092594 )	15.645499 -12.338573 -8.617463 -8.907406 -7.661427 -11.382537 -11.092594 -0.009035 0.009035 
2344	(   2.339833  -1.381554  -1.092444 )	15.650855 -12.339833 -8.618446 -8.907556 -7.660167 -11.381554 -11.092444 -0.012506 0.012506 
2345	(   2.332966  -1.382845  -1.092389 )	15.591161 -12.332966 -8.617155 -8.907611 -7.667034 -11.382845 -11.092389 -0.024442 0.024442 
2346	(   2.342966  -1.385847  -1.092454 )	15.715008 -12.342966 -8.614153 -8.907546 -7.657034 -11.385847 -11.092454 0.024492 -0.024492 
2347	(   2.339806  -1.383944  -1.092482 )	15.668607 -12.339806 -8.616056 -8.907518 -7.660194 -11.383944 -11.092482 0.003078 -0.003078 
2348	(   2.337798  -1.384346  -1.092515 )	15.651306 -12.337798 -8.615654 -8.907485 -7.662202 -11.384346 -11.092515 -0.000002 0.000002 
2349	(   2.340698  -1.383084  -1.092461 )	15.671152 -12.340698 -8.616916 -8.907539 -7.659302 -11.383084 -11.092461 0.000001 -0.000001 
2350	(   2.336483  -1.385346  -1.092471 )	15.645549 -12.336483 -8.614654 -8.907529 -7.663517 -11.385346 -11.092471 0.002404 -0.002404 
2351	(   2.339449  -1.383346  -1.092372 )	15.660488 -12.339449 -8.616654 -8.907628 -7.660551 -11.383346 -11.092372 -0.002409 0.002409 
2352	(   2.341595  -1.383561  -1.092496 )	15.683836 -12.341595 -8.616439 -8.907504 -7.658405 -11.383561 -11.092496 0.005882 -0.005882 
2353	(   2.339579  -1.382554  -1.092516 )	15.655817 -12.339579 -8.617446 -8.907484 -7.660421 -11.382554 -11.092516 -0.006401 0.006401 
2354	(   2.339521  -1.384005  -1.092544 )	15.666173 -12.339521 -8.615995 -8.907456 -7.660479 -11.384005 -11.092544 0.002965 -0.002965 
2355	(   2.339576  -1.383559  -1.092493 )	15.663371 -12.339576 -8.616441 -8.907507 -7.660424 -11.383559 -11.092493 -0.000026 0.000026 
2356	(   2.337798  -1.384346  -1.092516 )	15.651306 -12.337798 -8.615654 -8.907484 -7.662202 -11.384346 -11.092516 0.000000 -0.000000 
2357	(   2.332407  -1.386722  -1.092581 )	15.614708 -12.332407 -8.613278 -8.907419 -7.667593 -11.386722 -11.092581 -0.000026 0.000026 
2358	(   2.335717  -1.385344  -1.09244  )	15.637789 -12.335717 -8.614656 -8.907560 -7.664283 -11.385344 -11.092440 -0.000004 0.000004 
2359	(   2.339457  -1.383641  -1.092462 )	15.662786 -12.339457 -8.616359 -8.907538 -7.660543 -11.383641 -11.092462 -0.000004 0.000004 
2360	(   2.338008  -1.384256  -1.092509 )	15.652753 -12.338008 -8.615744 -8.907491 -7.661992 -11.384256 -11.092509 -0.000003 0.000003 
2361	(   2.339655  -1.383511  -1.092515 )	15.663805 -12.339655 -8.616489 -8.907485 -7.660345 -11.383511 -11.092515 0.000004 -0.000004 
2362	(   2.335798  -1.384239  -1.092517 )	15.630268 -12.335798 -8.615761 -8.907483 -7.664202 -11.384239 -11.092517 -0.006515 0.006515 
2363	(   2.335966  -1.384832  -1.092464 )	15.636443 -12.335966 -8.615168 -8.907536 -7.664034 -11.384832 -11.092464 -0.002467 0.002467 
2364	(   2.337892  -1.38356   -1.092466 )	15.646334 -12.337892 -8.616440 -8.907534 -7.662108 -11.383560 -11.092466 -0.005072 0.005072 
2365	(   2.337524  -1.385346  -1.092476 )	15.656082 -12.337524 -8.614654 -8.907524 -7.662476 -11.385346 -11.092476 0.005469 -0.005469 
2366	(   2.339966  -1.38386   -1.092379 )	15.669601 -12.339966 -8.616140 -8.907621 -7.660034 -11.383860 -11.092379 0.002461 -0.002461 

BBE ( SOL ) BBO
2367	(   2.33782   -1.384345  -1.092516 )	15.651521 -12.337820 -8.615655 -8.907484 -7.662180 -11.384345 -11.092516 0.000063 -0.000063 
2368	(   2.332407  -1.386722  -1.092581 )	15.614707 -12.332407 -8.613278 -8.907419 -7.667593 -11.386722 -11.092581 -0.000027 0.000027 
2369	(   2.335782  -1.385346  -1.092402 )	15.638465 -12.335782 -8.614654 -8.907598 -7.664218 -11.385346 -11.092402 -0.000001 0.000001 
2370	(   2.32923   -1.388346  -1.092345 )	15.594894 -12.329230 -8.611654 -8.907655 -7.670770 -11.388346 -11.092345 -0.000044 0.000044 
2371	(   2.336581  -1.384967  -1.092425 )	15.643686 -12.336581 -8.615033 -8.907575 -7.663419 -11.384967 -11.092425 -0.000001 0.000001 
2372	(   2.338226  -1.3843    -1.092332 )	15.655309 -12.338226 -8.615700 -8.907668 -7.661774 -11.384300 -11.092332 -0.000004 0.000004 
2373	(   2.336087  -1.385346  -1.092552 )	15.641535 -12.336087 -8.614654 -8.907448 -7.663913 -11.385346 -11.092552 0.001671 -0.001671 
2374	(   2.335948  -1.383346  -1.09253  )	15.625052 -12.335948 -8.616654 -8.907470 -7.664052 -11.383346 -11.092530 -0.011785 0.011785 
2375	(   2.335657  -1.385076  -1.092452 )	15.635160 -12.335657 -8.614924 -8.907548 -7.664343 -11.385076 -11.092452 -0.001852 0.001852 
2376	(   2.336657  -1.384588  -1.092466 )	15.641592 -12.336657 -8.615412 -8.907534 -7.663343 -11.384588 -11.092466 -0.002022 0.002022 
2377	(   2.335907  -1.385616  -1.092352 )	15.641771 -12.335907 -8.614384 -8.907648 -7.664093 -11.385616 -11.092352 0.001851 -0.001851 
2378	(   2.340898  -1.384148  -1.092498 )	15.681204 -12.340898 -8.615852 -8.907502 -7.659102 -11.384148 -11.092498 0.007667 -0.007667 
2379	(   2.335717  -1.385346  -1.092402 )	15.637808 -12.335717 -8.614654 -8.907598 -7.664283 -11.385346 -11.092402 -0.000190 0.000190 
2380	(   2.337679  -1.384358  -1.092552 )	15.650190 -12.337679 -8.615642 -8.907448 -7.662321 -11.384358 -11.092552 -0.000078 0.000078 
2381	(   2.338008  -1.384256  -1.092509 )	15.652756 -12.338008 -8.615744 -8.907491 -7.661992 -11.384256 -11.092509 -0.000001 0.000001 
2382	(   2.339655  -1.383511  -1.092515 )	15.663803 -12.339655 -8.616489 -8.907485 -7.660345 -11.383511 -11.092515 0.000002 -0.000002 
2383	(   2.336798  -1.384211  -1.092516 )	15.640173 -12.336798 -8.615789 -8.907484 -7.663202 -11.384211 -11.092516 -0.003787 0.003787 
2384	(   2.3378    -1.384337  -1.092496 )	15.651262 -12.337800 -8.615663 -8.907504 -7.662200 -11.384337 -11.092496 -0.000155 0.000155 
2385	(   2.337529  -1.384846  -1.092515 )	15.652356 -12.337529 -8.615154 -8.907485 -7.662471 -11.384846 -11.092515 0.002451 -0.002451 
2386	(   2.336475  -1.385788  -1.092382 )	15.648816 -12.336475 -8.614212 -8.907618 -7.663525 -11.385788 -11.092382 0.004784 -0.004784 
2387	(   2.335089  -1.384903  -1.092422 )	15.628118 -12.335089 -8.615097 -8.907578 -7.664911 -11.384903 -11.092422 -0.004782 0.004782 
2388	(   2.337816  -1.384332  -1.092517 )	15.651388 -12.337816 -8.615668 -8.907483 -7.662184 -11.384332 -11.092517 -0.000028 0.000028 
2389	(   2.336215  -1.385159  -1.092409 )	15.641436 -12.336215 -8.614841 -8.907591 -7.663785 -11.385159 -11.092409 0.000088 -0.000088 
2390	(   2.336798  -1.384065  -1.092496 )	15.639071 -12.336798 -8.615935 -8.907504 -7.663202 -11.384065 -11.092496 -0.004834 0.004834 
2391	(   2.338008  -1.384256  -1.092509 )	15.652758 -12.338008 -8.615744 -8.907491 -7.661992 -11.384256 -11.092509 -0.000001 0.000001 
2392	(   2.339654  -1.383511  -1.092515 )	15.663798 -12.339654 -8.616489 -8.907485 -7.660346 -11.383511 -11.092515 0.000001 -0.000001 
2393	(   2.337898  -1.384273  -1.092506 )	15.651770 -12.337898 -8.615727 -8.907494 -7.662102 -11.384273 -11.092506 -0.000233 0.000233 
2394	(   2.337994  -1.384146  -1.09252  )	15.651786 -12.337994 -8.615854 -8.907480 -7.662006 -11.384146 -11.092520 -0.000698 0.000698 
2395	(   2.335834  -1.385546  -1.092397 )	15.640502 -12.335834 -8.614454 -8.907603 -7.664166 -11.385546 -11.092397 0.001418 -0.001418 
2396	(   2.335729  -1.385146  -1.092408 )	15.636429 -12.335729 -8.614854 -8.907592 -7.664271 -11.385146 -11.092408 -0.001419 0.001419 
2397	(   2.338298  -1.384429  -1.092516 )	15.656993 -12.338298 -8.615571 -8.907484 -7.661702 -11.384429 -11.092516 0.001998 -0.001998 
2398	(   2.33737   -1.384561  -1.092521 )	15.648604 -12.337370 -8.615439 -8.907479 -7.662630 -11.384561 -11.092521 0.000174 -0.000174 
2399	(   2.335734  -1.38533   -1.092399 )	15.637866 -12.335734 -8.614670 -8.907601 -7.664266 -11.385330 -11.092399 -0.000257 0.000257 
2400	(   2.337877  -1.384182  -1.09251  )	15.650875 -12.337877 -8.615818 -8.907490 -7.662123 -11.384182 -11.092510 -0.000858 0.000858 
2401	(   2.338078  -1.384226  -1.092507 )	15.653240 -12.338078 -8.615774 -8.907493 -7.661922 -11.384226 -11.092507 0.000001 -0.000001 
2402	(   2.337868  -1.384316  -1.092513 )	15.651790 -12.337868 -8.615684 -8.907487 -7.662132 -11.384316 -11.092513 -0.000001 0.000001 
2403	(   2.337998  -1.384262  -1.092518 )	15.652697 -12.337998 -8.615738 -8.907482 -7.662002 -11.384262 -11.092518 0.000051 -0.000051 
2404	(   2.335765  -1.385246  -1.092403 )	15.637545 -12.335765 -8.614754 -8.907597 -7.664235 -11.385246 -11.092403 -0.000693 0.000693 
2405	(   2.335798  -1.385446  -1.092402 )	15.639386 -12.335798 -8.614554 -8.907598 -7.664202 -11.385446 -11.092402 0.000692 -0.000692 
2406	(   2.337962  -1.384392  -1.092511 )	15.653325 -12.337962 -8.615608 -8.907489 -7.662038 -11.384392 -11.092511 0.000755 -0.000755 

BBE ( SOL ) BBO
2407	(   2.337704  -1.384246  -1.092511 )	15.649601 -12.337704 -8.615754 -8.907489 -7.662296 -11.384246 -11.092511 -0.000943 0.000943 
2408	(   2.33777   -1.384346  -1.092516 )	15.651028 -12.337770 -8.615654 -8.907484 -7.662230 -11.384346 -11.092516 -0.000076 0.000076 
2409	(   2.335759  -1.385432  -1.0924   )	15.638887 -12.335759 -8.614568 -8.907600 -7.664241 -11.385432 -11.092400 0.000480 -0.000480 
2410	(   2.337998  -1.38434   -1.092516 )	15.653287 -12.337998 -8.615660 -8.907484 -7.662002 -11.384340 -11.092516 0.000551 -0.000551 
2411	(   2.337774  -1.384356  -1.092516 )	15.651144 -12.337774 -8.615644 -8.907484 -7.662226 -11.384356 -11.092516 -0.000001 0.000001 
2412	(   2.337657  -1.384406  -1.09252  )	15.650337 -12.337657 -8.615594 -8.907480 -7.662343 -11.384406 -11.092520 -0.000001 0.000001 
2413	(   2.337835  -1.384342  -1.092514 )	15.651662 -12.337835 -8.615658 -8.907486 -7.662165 -11.384342 -11.092514 0.000077 -0.000077 
2414	(   2.337804  -1.384296  -1.092516 )	15.650997 -12.337804 -8.615704 -8.907484 -7.662196 -11.384296 -11.092516 -0.000303 0.000303 
2415	(   2.337698  -1.384341  -1.092515 )	15.650256 -12.337698 -8.615659 -8.907485 -7.662302 -11.384341 -11.092515 -0.000328 0.000328 
2416	(   2.335818  -1.385396  -1.092403 )	15.639215 -12.335818 -8.614604 -8.907597 -7.664182 -11.385396 -11.092403 0.000433 -0.000433 
2417	(   2.335745  -1.385296  -1.092402 )	15.637716 -12.335745 -8.614704 -8.907598 -7.664255 -11.385296 -11.092402 -0.000434 0.000434 
2418	(   2.33776   -1.384358  -1.092517 )	15.651013 -12.337760 -8.615642 -8.907483 -7.662240 -11.384358 -11.092517 -0.000023 0.000023 
2419	(   2.335762  -1.385362  -1.092403 )	15.638389 -12.335762 -8.614638 -8.907597 -7.664238 -11.385362 -11.092403 0.000048 -0.000048 
2420	(   2.337819  -1.384337  -1.092514 )	15.651463 -12.337819 -8.615663 -8.907486 -7.662181 -11.384337 -11.092514 -0.000001 0.000001 
2421	(   2.337667  -1.384401  -1.092521 )	15.650396 -12.337667 -8.615599 -8.907479 -7.662333 -11.384401 -11.092521 0.000000 -0.000000 
2422	(   2.33759   -1.384432  -1.092524 )	15.649862 -12.337590 -8.615568 -8.907476 -7.662410 -11.384432 -11.092524 0.000001 -0.000001 
2423	(   2.337274  -1.384565  -1.092536 )	15.647663 -12.337274 -8.615435 -8.907464 -7.662726 -11.384565 -11.092536 -0.000000 0.000000 
2424	(   2.336096  -1.385059  -1.092581 )	15.639469 -12.336096 -8.614941 -8.907419 -7.663904 -11.385059 -11.092581 -0.000004 0.000004 
2425	(   2.335717  -1.385372  -1.092407 )	15.638007 -12.335717 -8.614628 -8.907593 -7.664283 -11.385372 -11.092407 0.000007 -0.000007 
2426	(   2.337491  -1.384488  -1.092535 )	15.649279 -12.337491 -8.615512 -8.907465 -7.662509 -11.384488 -11.092535 0.000129 -0.000129 
2427	(   2.337568  -1.384442  -1.092524 )	15.649715 -12.337568 -8.615558 -8.907476 -7.662432 -11.384442 -11.092524 -0.000000 0.000000 
2428	(   2.337157  -1.384665  -1.092535 )	15.647234 -12.337157 -8.615335 -8.907465 -7.662843 -11.384665 -11.092535 0.000301 -0.000301 
2429	(   2.337074  -1.384513  -1.092537 )	15.645244 -12.337074 -8.615487 -8.907463 -7.662926 -11.384513 -11.092537 -0.000915 0.000915 
2430	(   2.33724   -1.384537  -1.092531 )	15.647103 -12.337240 -8.615463 -8.907469 -7.662760 -11.384537 -11.092531 -0.000312 0.000312 
2431	(   2.335884  -1.385406  -1.092407 )	15.639951 -12.335884 -8.614594 -8.907593 -7.664116 -11.385406 -11.092407 0.000713 -0.000713 
2432	(   2.335679  -1.385286  -1.092397 )	15.636980 -12.335679 -8.614714 -8.907603 -7.664321 -11.385286 -11.092397 -0.000714 0.000714 
2433	(   2.337306  -1.384561  -1.092537 )	15.647950 -12.337306 -8.615439 -8.907463 -7.662694 -11.384561 -11.092537 0.000070 -0.000070 
2434	(   2.335767  -1.385343  -1.092399 )	15.638295 -12.335767 -8.614657 -8.907601 -7.664233 -11.385343 -11.092399 -0.000077 0.000077 
2435	(   2.337074  -1.384601  -1.092535 )	15.645908 -12.337074 -8.615399 -8.907465 -7.662926 -11.384601 -11.092535 -0.000356 0.000356 
2436	(   2.337416  -1.384506  -1.092529 )	15.648653 -12.337416 -8.615494 -8.907471 -7.662584 -11.384506 -11.092529 -0.000001 0.000001 
2437	(   2.337328  -1.384544  -1.092532 )	15.648049 -12.337328 -8.615456 -8.907468 -7.662672 -11.384544 -11.092532 -0.000002 0.000002 
2438	(   2.337174  -1.384568  -1.092537 )	15.646670 -12.337174 -8.615432 -8.907463 -7.662826 -11.384568 -11.092537 -0.000268 0.000268 
2439	(   2.337199  -1.384566  -1.092534 )	15.646908 -12.337199 -8.615434 -8.907466 -7.662801 -11.384566 -11.092534 -0.000225 0.000225 
2440	(   2.335794  -1.385296  -1.092401 )	15.638216 -12.335794 -8.614704 -8.907599 -7.664206 -11.385296 -11.092401 -0.000294 0.000294 
2441	(   2.335769  -1.385396  -1.092403 )	15.638715 -12.335769 -8.614604 -8.907597 -7.664231 -11.385396 -11.092403 0.000293 -0.000293 
2442	(   2.33727   -1.384515  -1.092536 )	15.647246 -12.337270 -8.615485 -8.907464 -7.662730 -11.384515 -11.092536 -0.000335 0.000335 
2443	(   2.337276  -1.384566  -1.092536 )	15.647685 -12.337276 -8.615434 -8.907464 -7.662724 -11.384566 -11.092536 0.000008 -0.000008 
2444	(   2.335782  -1.385358  -1.092403 )	15.638555 -12.335782 -8.614642 -8.907597 -7.664218 -11.385358 -11.092403 0.000078 -0.000078 
2445	(   2.337304  -1.384567  -1.092534 )	15.647986 -12.337304 -8.615433 -8.907466 -7.662696 -11.384567 -11.092534 0.000092 -0.000092 
2446	(   2.337403  -1.384511  -1.092529 )	15.648559 -12.337403 -8.615489 -8.907471 -7.662597 -11.384511 -11.092529 -0.000010 0.000010 

BBE ( SOL ) BBO
2447	(   2.337308  -1.384552  -1.092534 )	15.647903 -12.337308 -8.615448 -8.907466 -7.662692 -11.384552 -11.092534 0.000003 -0.000003 
2448	(   2.337371  -1.384525  -1.092531 )	15.648340 -12.337371 -8.615475 -8.907469 -7.662629 -11.384525 -11.092531 -0.000006 0.000006 
2449	(   2.337324  -1.384545  -1.092533 )	15.648013 -12.337324 -8.615455 -8.907467 -7.662676 -11.384545 -11.092533 0.000001 -0.000001 
2450	(   2.337224  -1.384581  -1.092537 )	15.647274 -12.337224 -8.615419 -8.907463 -7.662776 -11.384581 -11.092537 -0.000041 0.000041 
2451	(   2.337288  -1.384548  -1.092537 )	15.647674 -12.337288 -8.615452 -8.907463 -7.662712 -11.384548 -11.092537 -0.000065 0.000065 
2452	(   2.335732  -1.385337  -1.092403 )	15.637893 -12.335732 -8.614663 -8.907597 -7.664268 -11.385337 -11.092403 -0.000200 0.000200 
2453	(   2.335832  -1.385355  -1.092402 )	15.639038 -12.335832 -8.614645 -8.907598 -7.664168 -11.385355 -11.092402 0.000199 -0.000199 
2454	(   2.337224  -1.384549  -1.092535 )	15.647037 -12.337224 -8.615451 -8.907465 -7.662776 -11.384549 -11.092535 -0.000252 0.000252 
2455	(   2.337275  -1.384565  -1.092536 )	15.647673 -12.337275 -8.615435 -8.907464 -7.662725 -11.384565 -11.092536 0.000003 -0.000003 
2456	(   2.335782  -1.385346  -1.092402 )	15.638465 -12.335782 -8.614654 -8.907598 -7.664218 -11.385346 -11.092402 -0.000001 0.000001 
2457	(   2.337274  -1.384565  -1.092536 )	15.647657 -12.337274 -8.615435 -8.907464 -7.662726 -11.384565 -11.092536 -0.000005 0.000005 
2458	(   2.337342  -1.384537  -1.092531 )	15.648143 -12.337342 -8.615463 -8.907469 -7.662658 -11.384537 -11.092531 -0.000004 0.000004 
2459	(   2.337292  -1.384558  -1.092535 )	15.647791 -12.337292 -8.615442 -8.907465 -7.662708 -11.384558 -11.092535 0.000001 -0.000001 
2460	(   2.337265  -1.384569  -1.092537 )	15.647595 -12.337265 -8.615431 -8.907463 -7.662735 -11.384569 -11.092537 0.000003 -0.000003 
2461	(   2.337312  -1.38455   -1.092533 )	15.647936 -12.337312 -8.615450 -8.907467 -7.662688 -11.384550 -11.092533 -0.000001 0.000001 
2462	(   2.337262  -1.384571  -1.092536 )	15.647580 -12.337262 -8.615429 -8.907464 -7.662738 -11.384571 -11.092536 -0.000001 0.000001 
2463	(   2.337231  -1.384583  -1.092537 )	15.647364 -12.337231 -8.615417 -8.907463 -7.662769 -11.384583 -11.092537 -0.000002 0.000002 
2464	(   2.33724   -1.38458   -1.092538 )	15.647421 -12.337240 -8.615420 -8.907462 -7.662760 -11.384580 -11.092538 0.000001 -0.000001 
2465	(   2.337203  -1.384594  -1.09254  )	15.647163 -12.337203 -8.615406 -8.907460 -7.662797 -11.384594 -11.092540 0.000001 -0.000001 
2466	(   2.337201  -1.384595  -1.09254  )	15.647147 -12.337201 -8.615405 -8.907460 -7.662799 -11.384595 -11.092540 -0.000001 0.000001 
2467	(   2.337156  -1.384613  -1.092542 )	15.646825 -12.337156 -8.615387 -8.907458 -7.662844 -11.384613 -11.092542 -0.000003 0.000003 
2468	(   2.33719   -1.384599  -1.092541 )	15.647068 -12.337190 -8.615401 -8.907459 -7.662810 -11.384599 -11.092541 0.000001 -0.000001 
2469	(   2.337154  -1.384614  -1.092543 )	15.646812 -12.337154 -8.615386 -8.907457 -7.662846 -11.384614 -11.092543 0.000002 -0.000002 
2470	(   2.33724   -1.384579  -1.092538 )	15.647423 -12.337240 -8.615421 -8.907462 -7.662760 -11.384579 -11.092538 -0.000002 0.000002 
2471	(   2.337212  -1.38459   -1.092539 )	15.647228 -12.337212 -8.615410 -8.907461 -7.662788 -11.384590 -11.092539 0.000001 -0.000001 
2472	(   2.337254  -1.384571  -1.092536 )	15.647504 -12.337254 -8.615429 -8.907464 -7.662746 -11.384571 -11.092536 -0.000021 0.000021 
2473	(   2.337261  -1.384555  -1.092535 )	15.647452 -12.337261 -8.615445 -8.907465 -7.662739 -11.384555 -11.092535 -0.000106 0.000106 
2474	(   2.337277  -1.384571  -1.092535 )	15.647733 -12.337277 -8.615429 -8.907465 -7.662723 -11.384571 -11.092535 0.000039 -0.000039 
2475	(   2.335762  -1.385337  -1.092402 )	15.638197 -12.335762 -8.614663 -8.907598 -7.664238 -11.385337 -11.092402 -0.000116 0.000116 
2476	(   2.335802  -1.385355  -1.092402 )	15.638734 -12.335802 -8.614645 -8.907598 -7.664198 -11.385355 -11.092402 0.000115 -0.000115 
2477	(   2.337274  -1.384565  -1.092536 )	15.647666 -12.337274 -8.615435 -8.907464 -7.662726 -11.384565 -11.092536 0.000000 -0.000000 
2478	(   2.335776  -1.385348  -1.092402 )	15.638426 -12.335776 -8.614652 -8.907598 -7.664224 -11.385348 -11.092402 -0.000004 0.000004 
2479	(   2.337254  -1.384569  -1.092536 )	15.647487 -12.337254 -8.615431 -8.907464 -7.662746 -11.384569 -11.092536 -0.000036 0.000036 
2480	(   2.337249  -1.384576  -1.092537 )	15.647482 -12.337249 -8.615424 -8.907463 -7.662751 -11.384576 -11.092537 -0.000002 0.000002 
2481	(   2.337281  -1.384563  -1.092535 )	15.647714 -12.337281 -8.615437 -8.907465 -7.662719 -11.384563 -11.092535 0.000000 -0.000000 
2482	(   2.337264  -1.384567  -1.092536 )	15.647574 -12.337264 -8.615433 -8.907464 -7.662736 -11.384567 -11.092536 -0.000019 0.000019 
2483	(   2.337271  -1.38456   -1.092536 )	15.647595 -12.337271 -8.615440 -8.907464 -7.662729 -11.384560 -11.092536 -0.000042 0.000042 
2484	(   2.337271  -1.384566  -1.092535 )	15.647633 -12.337271 -8.615434 -8.907465 -7.662729 -11.384566 -11.092535 -0.000009 0.000009 
2485	(   2.335783  -1.385351  -1.092402 )	15.638515 -12.335783 -8.614649 -8.907598 -7.664217 -11.385351 -11.092402 0.000035 -0.000035 
2486	(   2.33578   -1.385341  -1.092402 )	15.638416 -12.335780 -8.614659 -8.907598 -7.664220 -11.385341 -11.092402 -0.000036 0.000036 

BBE ( SOL ) BBO
2487	(   2.337274  -1.384565  -1.092536 )	15.647665 -12.337274 -8.615435 -8.907464 -7.662726 -11.384565 -11.092536 0.000000 -0.000000 
2488	(   2.337276  -1.384565  -1.092536 )	15.647676 -12.337276 -8.615435 -8.907464 -7.662724 -11.384565 -11.092536 -0.000001 0.000001 
2489	(   2.337267  -1.384568  -1.092536 )	15.647616 -12.337267 -8.615432 -8.907464 -7.662733 -11.384568 -11.092536 -0.000000 0.000000 
2490	(   2.337261  -1.38457   -1.092537 )	15.647567 -12.337261 -8.615430 -8.907463 -7.662739 -11.384570 -11.092537 -0.000001 0.000001 
2491	(   2.337269  -1.384567  -1.092536 )	15.647630 -12.337269 -8.615433 -8.907464 -7.662731 -11.384567 -11.092536 -0.000001 0.000001 
2492	(   2.337273  -1.384566  -1.092536 )	15.647657 -12.337273 -8.615434 -8.907464 -7.662727 -11.384566 -11.092536 0.000000 -0.000000 
2493	(   2.337269  -1.384567  -1.092536 )	15.647626 -12.337269 -8.615433 -8.907464 -7.662731 -11.384567 -11.092536 -0.000001 0.000001 
2494	(   2.337273  -1.384566  -1.092536 )	15.647655 -12.337273 -8.615434 -8.907464 -7.662727 -11.384566 -11.092536 0.000000 -0.000000 
2495	(   2.337248  -1.384576  -1.092538 )	15.647474 -12.337248 -8.615424 -8.907462 -7.662752 -11.384576 -11.092538 -0.000000 0.000000 
2496	(   2.337188  -1.384599  -1.092542 )	15.647047 -12.337188 -8.615401 -8.907458 -7.662812 -11.384599 -11.092542 -0.000000 0.000000 
2497	(   2.33701   -1.384668  -1.092556 )	15.645768 -12.337010 -8.615332 -8.907444 -7.662990 -11.384668 -11.092556 0.000000 -0.000000 
2498	(   2.336476  -1.384877  -1.092596 )	15.641932 -12.336476 -8.615123 -8.907404 -7.663524 -11.384877 -11.092596 0.000002 -0.000002 
2499	(   2.335761  -1.385356  -1.092401 )	15.638330 -12.335761 -8.614644 -8.907599 -7.664239 -11.385356 -11.092401 -0.000000 0.000000 
2500	(   2.335697  -1.385387  -1.092399 )	15.637924 -12.335697 -8.614613 -8.907601 -7.664303 -11.385387 -11.092399 0.000001 -0.000001 
2501	(   2.335508  -1.385479  -1.092391 )	15.636705 -12.335508 -8.614521 -8.907609 -7.664492 -11.385479 -11.092391 0.000004 -0.000004 
2502	(   2.335551  -1.385445  -1.092409 )	15.636879 -12.335551 -8.614555 -8.907591 -7.664449 -11.385445 -11.092409 0.000001 -0.000001 
2503	(   2.334922  -1.385712  -1.09243  )	15.632528 -12.334922 -8.614288 -8.907570 -7.665078 -11.385712 -11.092430 0.000004 -0.000004 
2504	(   2.335698  -1.385387  -1.092399 )	15.637924 -12.335698 -8.614613 -8.907601 -7.664302 -11.385387 -11.092399 0.000001 -0.000001 
2505	(   2.335695  -1.385378  -1.092411 )	15.637826 -12.335695 -8.614622 -8.907589 -7.664305 -11.385378 -11.092411 -0.000001 0.000001 
2506	(   2.335859  -1.385306  -1.092408 )	15.638954 -12.335859 -8.614694 -8.907592 -7.664141 -11.385306 -11.092408 0.000000 -0.000000 
2507	(   2.335232  -1.385622  -1.092368 )	15.634988 -12.335232 -8.614378 -8.907632 -7.664768 -11.385622 -11.092368 -0.000001 0.000001 
2508	(   2.3367    -1.384854  -1.092499 )	15.644035 -12.336700 -8.615146 -8.907501 -7.663300 -11.384854 -11.092499 0.000001 -0.000001 
2509	(   2.333645  -1.386419  -1.092266 )	15.624965 -12.333645 -8.613581 -8.907734 -7.666355 -11.386419 -11.092266 -0.000007 0.000007 
2510	(   2.335698  -1.385387  -1.092399 )	15.637927 -12.335698 -8.614613 -8.907601 -7.664302 -11.385387 -11.092399 0.000003 -0.000003 
2511	(   2.334922  -1.385787  -1.092337 )	15.633101 -12.334922 -8.614213 -8.907663 -7.665078 -11.385787 -11.092337 -0.000000 0.000000 
2512	(   2.333992  -1.386282  -1.092243 )	15.627441 -12.333992 -8.613718 -8.907757 -7.666008 -11.386282 -11.092243 0.000001 -0.000001 
2513	(   2.331192  -1.387767  -1.091964 )	15.610377 -12.331192 -8.612233 -8.908036 -7.668808 -11.387767 -11.091964 -0.000033 0.000033 
2514	(   2.334022  -1.386282  -1.092243 )	15.627745 -12.334022 -8.613718 -8.907757 -7.665978 -11.386282 -11.092243 0.000088 -0.000088 
2515	(   2.341492  -1.382907  -1.092233 )	15.677880 -12.341492 -8.617093 -8.907767 -7.658508 -11.382907 -11.092233 -0.000023 0.000023 
2516	(   2.341722  -1.382706  -1.09237  )	15.678680 -12.341722 -8.617294 -8.907630 -7.658278 -11.382706 -11.092370 0.000057 -0.000057 
2517	(   2.334022  -1.386298  -1.092208 )	15.627869 -12.334022 -8.613702 -8.907792 -7.665978 -11.386298 -11.092208 0.000007 -0.000007 
2518	(   2.336222  -1.385076  -1.092469 )	15.640872 -12.336222 -8.614924 -8.907531 -7.663778 -11.385076 -11.092469 -0.000117 0.000117 
2519	(   2.325422  -1.380787  -1.092364 )	15.499642 -12.325422 -8.619213 -8.907636 -7.674578 -11.380787 -11.092364 -0.059767 0.059767 
2520	(   2.324922  -1.390316  -1.092273 )	15.566295 -12.324922 -8.609684 -8.907727 -7.675078 -11.390316 -11.092273 -0.000304 0.000304 
2521	(   2.333922  -1.386968  -1.092537 )	15.631878 -12.333922 -8.613032 -8.907463 -7.666078 -11.386968 -11.092537 0.005765 -0.005765 
2522	(   2.331392  -1.381282  -1.092221 )	15.563528 -12.331392 -8.618718 -8.907779 -7.668608 -11.381282 -11.092221 -0.039977 0.039977 
2523	(   2.336592  -1.391282  -1.092266 )	15.691510 -12.336592 -8.608718 -8.907734 -7.663408 -11.391282 -11.092266 0.040167 -0.040167 
2524	(   2.339622  -1.386794  -1.092285 )	15.688279 -12.339622 -8.613206 -8.907715 -7.660378 -11.386794 -11.092285 0.019991 -0.019991 
2525	(   2.331202  -1.387767  -1.091964 )	15.610478 -12.331202 -8.612233 -8.908036 -7.668798 -11.387767 -11.091964 -0.000004 0.000004 
2526	(   2.334591  -1.385865  -1.092425 )	15.630333 -12.334591 -8.614135 -8.907575 -7.665409 -11.385865 -11.092425 -0.000001 0.000001 

BBE ( SOL ) BBO
2527	(   2.336296  -1.385314  -1.092154 )	15.643447 -12.336296 -8.614686 -8.907846 -7.663704 -11.385314 -11.092154 -0.000004 0.000004 
2528	(   2.334018  -1.386298  -1.092208 )	15.627828 -12.334018 -8.613702 -8.907792 -7.665982 -11.386298 -11.092208 -0.000004 0.000004 
2529	(   2.336262  -1.385076  -1.092469 )	15.641276 -12.336262 -8.614924 -8.907531 -7.663738 -11.385076 -11.092469 -0.000000 0.000000 
2530	(   2.329922  -1.386726  -1.092373 )	15.589665 -12.329922 -8.613274 -8.907627 -7.670078 -11.386726 -11.092373 -0.008346 0.008346 
2531	(   2.332371  -1.385173  -1.092237 )	15.602702 -12.332371 -8.614827 -8.907763 -7.667629 -11.385173 -11.092237 -0.011940 0.011940 
2532	(   2.333418  -1.383787  -1.092383 )	15.602820 -12.333418 -8.616213 -8.907617 -7.666582 -11.383787 -11.092383 -0.017078 0.017078 
2533	(   2.329838  -1.385377  -1.092343 )	15.578658 -12.329838 -8.614623 -8.907657 -7.670162 -11.385377 -11.092343 -0.017459 0.017459 
2534	(   2.338146  -1.387187  -1.092143 )	15.676311 -12.338146 -8.612813 -8.907857 -7.661854 -11.387187 -11.092143 0.017485 -0.017485 
2535	(   2.335023  -1.385806  -1.092337 )	15.634265 -12.335023 -8.614194 -8.907663 -7.664977 -11.385806 -11.092337 0.000421 -0.000421 
2536	(   2.333672  -1.386419  -1.092223 )	15.625242 -12.333672 -8.613581 -8.907777 -7.666328 -11.386419 -11.092223 -0.000156 0.000156 
2537	(   2.336075  -1.385199  -1.092421 )	15.640317 -12.336075 -8.614801 -8.907579 -7.663925 -11.385199 -11.092421 0.000003 -0.000003 
2538	(   2.334766  -1.385891  -1.092295 )	15.632312 -12.334766 -8.614109 -8.907705 -7.665234 -11.385891 -11.092295 -0.000000 0.000000 
2539	(   2.334019  -1.386298  -1.092208 )	15.627839 -12.334019 -8.613702 -8.907792 -7.665981 -11.386298 -11.092208 -0.000001 0.000001 
2540	(   2.334298  -1.386203  -1.09217  )	15.629946 -12.334298 -8.613797 -8.907830 -7.665702 -11.386203 -11.092170 0.000001 -0.000001 
2541	(   2.33145   -1.387514  -1.09214  )	15.611057 -12.331450 -8.612486 -8.907860 -7.668550 -11.387514 -11.092140 -0.000001 0.000001 
2542	(   2.321502  -1.392383  -1.091673 )	15.547479 -12.321502 -8.607617 -8.908327 -7.678498 -11.392383 -11.091673 -0.000106 0.000106 
2543	(   2.33672   -1.38535   -1.091872 )	15.648037 -12.336720 -8.614650 -8.908128 -7.663280 -11.385350 -11.091872 -0.000001 0.000001 
2544	(   2.337789  -1.384446  -1.092396 )	15.651981 -12.337789 -8.615554 -8.907604 -7.662211 -11.384446 -11.092396 -0.000000 0.000000 
2545	(   2.33444   -1.386049  -1.092281 )	15.630209 -12.334440 -8.613951 -8.907719 -7.665560 -11.386049 -11.092281 -0.000003 0.000003 
2546	(   2.335505  -1.385492  -1.092376 )	15.636767 -12.335505 -8.614508 -8.907624 -7.664495 -11.385492 -11.092376 -0.000002 0.000002 
2547	(   2.329766  -1.389535  -1.092284 )	15.609278 -12.329766 -8.610465 -8.907716 -7.670234 -11.389535 -11.092284 0.008904 -0.008904 
2548	(   2.32645   -1.383698  -1.092313 )	15.531870 -12.326450 -8.616302 -8.907687 -7.673550 -11.383698 -11.092313 -0.038326 0.038326 
2549	(   2.331079  -1.380891  -1.092328 )	15.557419 -12.331079 -8.619109 -8.907672 -7.668921 -11.380891 -11.092328 -0.042846 0.042846 
2550	(   2.334551  -1.385234  -1.092095 )	15.625204 -12.334551 -8.614766 -8.907905 -7.665449 -11.385234 -11.092095 -0.005921 0.005921 
2551	(   2.33645   -1.39133   -1.091966 )	15.690467 -12.336450 -8.608670 -8.908034 -7.663550 -11.391330 -11.091966 0.038498 -0.038498 
2552	(   2.334863  -1.385917  -1.0923   )	15.633488 -12.334863 -8.614083 -8.907700 -7.665137 -11.385917 -11.092300 0.000477 -0.000477 
2553	(   2.33145   -1.387513  -1.092141 )	15.611049 -12.331450 -8.612487 -8.907859 -7.668550 -11.387513 -11.092141 0.000002 -0.000002 
2554	(   2.332843  -1.387004  -1.091992 )	15.621300 -12.332843 -8.612996 -8.908008 -7.667157 -11.387004 -11.091992 0.000007 -0.000007 
2555	(   2.330073  -1.387933  -1.09224  )	15.600301 -12.330073 -8.612067 -8.907760 -7.669927 -11.387933 -11.092240 -0.000798 0.000798 
2556	(   2.332827  -1.387095  -1.09204  )	15.621819 -12.332827 -8.612905 -8.907960 -7.667173 -11.387095 -11.092040 0.000794 -0.000794 
2557	(   2.334539  -1.385385  -1.092395 )	15.626191 -12.334539 -8.614615 -8.907605 -7.665461 -11.385385 -11.092395 -0.003415 0.003415 
2558	(   2.334244  -1.383891  -1.092267 )	15.611960 -12.334244 -8.616109 -8.907733 -7.665756 -11.383891 -11.092267 -0.014603 0.014603 
2559	(   2.336766  -1.385344  -1.092299 )	15.648414 -12.336766 -8.614656 -8.907701 -7.663234 -11.385344 -11.092299 0.002322 -0.002322 
2560	(   2.334648  -1.385956  -1.092294 )	15.631609 -12.334648 -8.614044 -8.907706 -7.665352 -11.385956 -11.092294 0.000071 -0.000071 
2561	(   2.331396  -1.387562  -1.092167 )	15.610871 -12.331396 -8.612438 -8.907833 -7.668604 -11.387562 -11.092167 0.000295 -0.000295 
2562	(   2.333855  -1.386371  -1.09221  )	15.626731 -12.333855 -8.613629 -8.907790 -7.666145 -11.386371 -11.092210 0.000002 -0.000002 
2563	(   2.330579  -1.387762  -1.09209  )	15.604136 -12.330579 -8.612238 -8.907910 -7.669421 -11.387762 -11.092090 -0.001205 0.001205 
2564	(   2.333907  -1.384891  -1.092288 )	15.616090 -12.333907 -8.615109 -8.907712 -7.666093 -11.384891 -11.092288 -0.009014 0.009014 
2565	(   2.333766  -1.38676   -1.092292 )	15.628757 -12.333766 -8.613240 -8.907708 -7.666234 -11.386760 -11.092292 0.002685 -0.002685 
2566	(   2.334654  -1.38584   -1.092345 )	15.630790 -12.334654 -8.614160 -8.907655 -7.665346 -11.385840 -11.092345 -0.000396 0.000396 

BBE ( SOL ) BBO
2567	(   2.332321  -1.387266  -1.09219  )	15.617981 -12.332321 -8.612734 -8.907810 -7.667679 -11.387266 -11.092190 0.001203 -0.001203 
2568	(   2.334948  -1.385815  -1.092274 )	15.633581 -12.334948 -8.614185 -8.907726 -7.665052 -11.385815 -11.092274 -0.000071 0.000071 
2569	(   2.331432  -1.387513  -1.092167 )	15.610867 -12.331432 -8.612487 -8.907833 -7.668568 -11.387513 -11.092167 0.000084 -0.000084 
2570	(   2.334432  -1.38676   -1.092284 )	15.635497 -12.334432 -8.613240 -8.907716 -7.665568 -11.386760 -11.092284 0.004592 -0.004592 
2571	(   2.334439  -1.386049  -1.092281 )	15.630209 -12.334439 -8.613951 -8.907719 -7.665561 -11.386049 -11.092281 -0.000001 0.000001 
2572	(   2.335504  -1.385492  -1.092376 )	15.636767 -12.335504 -8.614508 -8.907624 -7.664496 -11.385492 -11.092376 0.000000 -0.000000 
2573	(   2.335266  -1.385764  -1.092291 )	15.636414 -12.335266 -8.614236 -8.907709 -7.664734 -11.385764 -11.092291 0.000620 -0.000620 
2574	(   2.334639  -1.385788  -1.092275 )	15.630260 -12.334639 -8.614212 -8.907725 -7.665361 -11.385788 -11.092275 -0.001138 0.001138 
2575	(   2.331505  -1.387014  -1.09212  )	15.607853 -12.331505 -8.612986 -8.907880 -7.668495 -11.387014 -11.092120 -0.003171 0.003171 
2576	(   2.331394  -1.388014  -1.092159 )	15.614262 -12.331394 -8.611986 -8.907841 -7.668606 -11.388014 -11.092159 0.003171 -0.003171 
2577	(   2.334665  -1.385391  -1.0923   )	15.627522 -12.334665 -8.614609 -8.907700 -7.665335 -11.385391 -11.092300 -0.003503 0.003503 
2578	(   2.334759  -1.385899  -1.092295 )	15.632309 -12.334759 -8.614101 -8.907705 -7.665241 -11.385899 -11.092295 0.000036 -0.000036 
2579	(   2.33145   -1.387513  -1.092141 )	15.611055 -12.331450 -8.612487 -8.907859 -7.668550 -11.387513 -11.092141 0.000008 -0.000008 
2580	(   2.334439  -1.386047  -1.092285 )	15.630196 -12.334439 -8.613953 -8.907715 -7.665561 -11.386047 -11.092285 0.000010 -0.000010 
2581	(   2.33468   -1.385924  -1.092302 )	15.631693 -12.334680 -8.614076 -8.907698 -7.665320 -11.385924 -11.092302 0.000001 -0.000001 
2582	(   2.334499  -1.386018  -1.092286 )	15.630580 -12.334499 -8.613982 -8.907714 -7.665501 -11.386018 -11.092286 -0.000000 0.000000 
2583	(   2.333701  -1.386399  -1.09226  )	15.625386 -12.333701 -8.613601 -8.907740 -7.666299 -11.386399 -11.092260 -0.000002 0.000002 
2584	(   2.331449  -1.38751   -1.092154 )	15.611018 -12.331449 -8.612490 -8.907846 -7.668551 -11.387510 -11.092154 0.000044 -0.000044 
2585	(   2.334376  -1.386095  -1.09226  )	15.629915 -12.334376 -8.613905 -8.907740 -7.665624 -11.386095 -11.092260 0.000002 -0.000002 
2586	(   2.333953  -1.386305  -1.092236 )	15.627230 -12.333953 -8.613695 -8.907764 -7.666047 -11.386305 -11.092236 -0.000001 0.000001 
2587	(   2.335117  -1.385695  -1.092341 )	15.634382 -12.335117 -8.614305 -8.907659 -7.664883 -11.385695 -11.092341 0.000000 -0.000000 
2588	(   2.331763  -1.387014  -1.092152 )	15.610451 -12.331763 -8.612986 -8.907848 -7.668237 -11.387014 -11.092152 -0.002254 0.002254 
2589	(   2.331136  -1.388014  -1.092127 )	15.611664 -12.331136 -8.611986 -8.907873 -7.668864 -11.388014 -11.092127 0.002253 -0.002253 
2590	(   2.334557  -1.385518  -1.09227  )	15.627392 -12.334557 -8.614482 -8.907730 -7.665443 -11.385518 -11.092270 -0.003151 0.003151 
2591	(   2.334999  -1.385804  -1.0923   )	15.634022 -12.334999 -8.614196 -8.907700 -7.665001 -11.385804 -11.092300 0.000148 -0.000148 
2592	(   2.333999  -1.38559   -1.092305 )	15.622297 -12.333999 -8.614410 -8.907695 -7.666001 -11.385590 -11.092305 -0.004132 0.004132 
2593	(   2.334462  -1.386055  -1.092286 )	15.630485 -12.334462 -8.613945 -8.907714 -7.665538 -11.386055 -11.092286 0.000127 -0.000127 
2594	(   2.33145   -1.38751   -1.092151 )	15.611025 -12.331450 -8.612490 -8.907849 -7.668550 -11.387510 -11.092151 0.000033 -0.000033 
2595	(   2.33454   -1.386029  -1.092277 )	15.631077 -12.334540 -8.613971 -8.907723 -7.665460 -11.386029 -11.092277 0.000144 -0.000144 
2596	(   2.334341  -1.386101  -1.092271 )	15.629613 -12.334341 -8.613899 -8.907729 -7.665659 -11.386101 -11.092271 -0.000001 0.000001 
2597	(   2.334923  -1.385797  -1.092323 )	15.633190 -12.334923 -8.614203 -8.907677 -7.665077 -11.385797 -11.092323 -0.000000 0.000000 
2598	(   2.334402  -1.385888  -1.092276 )	15.628619 -12.334402 -8.614112 -8.907724 -7.665598 -11.385888 -11.092276 -0.001177 0.001177 
2599	(   2.334623  -1.385818  -1.09229  )	15.630323 -12.334623 -8.614182 -8.907710 -7.665377 -11.385818 -11.092290 -0.000915 0.000915 
2600	(   2.334299  -1.385944  -1.092294 )	15.628005 -12.334299 -8.614056 -8.907706 -7.665701 -11.385944 -11.092294 -0.001021 0.001021 
2601	(   2.33165   -1.387635  -1.092137 )	15.613995 -12.331650 -8.612365 -8.907863 -7.668350 -11.387635 -11.092137 0.001360 -0.001360 
2602	(   2.33125   -1.387392  -1.092142 )	15.608120 -12.331250 -8.612608 -8.907858 -7.668750 -11.387392 -11.092142 -0.001361 0.001361 
2603	(   2.334487  -1.386048  -1.092286 )	15.630685 -12.334487 -8.613952 -8.907714 -7.665513 -11.386048 -11.092286 0.000157 -0.000157 
2604	(   2.33144   -1.387518  -1.092142 )	15.610994 -12.331440 -8.612482 -8.907858 -7.668560 -11.387518 -11.092142 0.000009 -0.000009 
2605	(   2.334374  -1.386055  -1.092294 )	15.629592 -12.334374 -8.613945 -8.907706 -7.665626 -11.386055 -11.092294 -0.000087 0.000087 
2606	(   2.335117  -1.385702  -1.092332 )	15.634441 -12.335117 -8.614298 -8.907668 -7.664883 -11.385702 -11.092332 0.000000 -0.000000 

BBE ( SOL ) BBO
2607	(   2.334535  -1.386002  -1.092286 )	15.630820 -12.334535 -8.613998 -8.907714 -7.665465 -11.386002 -11.092286 -0.000000 0.000000 
2608	(   2.334599  -1.386     -1.092287 )	15.631454 -12.334599 -8.614000 -8.907713 -7.665401 -11.386000 -11.092287 0.000176 -0.000176 
2609	(   2.331435  -1.387614  -1.092142 )	15.611659 -12.331435 -8.612386 -8.907858 -7.668565 -11.387614 -11.092142 0.000613 -0.000613 
2610	(   2.334477  -1.385918  -1.09229  )	15.629604 -12.334477 -8.614082 -8.907710 -7.665523 -11.385918 -11.092290 -0.000694 0.000694 
2611	(   2.334493  -1.385951  -1.092281 )	15.630009 -12.334493 -8.614049 -8.907719 -7.665507 -11.385951 -11.092281 -0.000479 0.000479 
2612	(   2.331465  -1.387414  -1.092138 )	15.610455 -12.331465 -8.612586 -8.907862 -7.668535 -11.387414 -11.092138 -0.000614 0.000614 
2613	(   2.334442  -1.386063  -1.092287 )	15.630339 -12.334442 -8.613937 -8.907713 -7.665558 -11.386063 -11.092287 0.000128 -0.000128 
2614	(   2.331437  -1.38747   -1.09214  )	15.610603 -12.331437 -8.612530 -8.907860 -7.668563 -11.387470 -11.092140 -0.000317 0.000317 
2615	(   2.334466  -1.386029  -1.092286 )	15.630326 -12.334466 -8.613971 -8.907714 -7.665534 -11.386029 -11.092286 -0.000024 0.000024 
2616	(   2.334859  -1.385839  -1.092307 )	15.632862 -12.334859 -8.614161 -8.907693 -7.665141 -11.385839 -11.092307 0.000000 -0.000000 
2617	(   2.334471  -1.386036  -1.09228  )	15.630425 -12.334471 -8.613964 -8.907720 -7.665529 -11.386036 -11.092280 -0.000000 0.000000 
2618	(   2.334384  -1.38609   -1.092261 )	15.629961 -12.334384 -8.613910 -8.907739 -7.665616 -11.386090 -11.092261 -0.000001 0.000001 
2619	(   2.331431  -1.387521  -1.092141 )	15.610924 -12.331431 -8.612479 -8.907859 -7.668569 -11.387521 -11.092141 0.000001 -0.000001 
2620	(   2.331374  -1.387544  -1.092146 )	15.610525 -12.331374 -8.612456 -8.907854 -7.668626 -11.387544 -11.092146 0.000006 -0.000006 
2621	(   2.33139   -1.387534  -1.092152 )	15.610603 -12.331390 -8.612466 -8.907848 -7.668610 -11.387534 -11.092152 0.000020 -0.000020 
2622	(   2.334514  -1.38602   -1.092275 )	15.630748 -12.334514 -8.613980 -8.907725 -7.665486 -11.386020 -11.092275 0.000000 -0.000000 
2623	(   2.334454  -1.386047  -1.092275 )	15.630348 -12.334454 -8.613953 -8.907725 -7.665546 -11.386047 -11.092275 -0.000000 0.000000 
2624	(   2.334414  -1.38607   -1.092269 )	15.630113 -12.334414 -8.613930 -8.907731 -7.665586 -11.386070 -11.092269 0.000000 -0.000000 
2625	(   2.334293  -1.386138  -1.092252 )	15.629405 -12.334293 -8.613862 -8.907748 -7.665707 -11.386138 -11.092252 0.000000 -0.000000 
2626	(   2.331375  -1.387544  -1.092146 )	15.610529 -12.331375 -8.612456 -8.907854 -7.668625 -11.387544 -11.092146 0.000008 -0.000008 
2627	(   2.333929  -1.386344  -1.092202 )	15.627282 -12.333929 -8.613656 -8.907798 -7.666071 -11.386344 -11.092202 0.000001 -0.000001 
2628	(   2.331251  -1.387524  -1.092239 )	15.609116 -12.331251 -8.612476 -8.907761 -7.668749 -11.387524 -11.092239 0.000002 -0.000002 
2629	(   2.33323   -1.386543  -1.092346 )	15.621704 -12.333230 -8.613457 -8.907654 -7.666770 -11.386543 -11.092346 -0.000000 0.000000 
2630	(   2.330041  -1.387757  -1.092625 )	15.598619 -12.330041 -8.612243 -8.907375 -7.669959 -11.387757 -11.092625 -0.000013 0.000013 
2631	(   2.331375  -1.387544  -1.092146 )	15.610532 -12.331375 -8.612456 -8.907854 -7.668625 -11.387544 -11.092146 0.000010 -0.000010 
2632	(   2.331766  -1.387499  -1.09198  )	15.614159 -12.331766 -8.612501 -8.908020 -7.668234 -11.387499 -11.091980 -0.000001 0.000001 
2633	(   2.333559  -1.386237  -1.09254  )	15.622704 -12.333559 -8.613763 -8.907460 -7.666441 -11.386237 -11.092540 -0.000004 0.000004 
2634	(   2.333487  -1.386465  -1.092298 )	15.623721 -12.333487 -8.613535 -8.907702 -7.666513 -11.386465 -11.092298 -0.000000 0.000000 
2635	(   2.33123   -1.386438  -1.092426 )	15.600701 -12.331230 -8.613562 -8.907574 -7.668770 -11.386438 -11.092426 -0.006107 0.006107 
2636	(   2.331678  -1.386327  -1.092246 )	15.604407 -12.331678 -8.613673 -8.907754 -7.668322 -11.386327 -11.092246 -0.006454 0.006454 
2637	(   2.333572  -1.385543  -1.092354 )	15.617619 -12.333572 -8.614457 -8.907646 -7.666428 -11.385543 -11.092354 -0.005426 0.005426 
2638	(   2.330815  -1.386521  -1.092112 )	15.597168 -12.330815 -8.613479 -8.907888 -7.669185 -11.386521 -11.092112 -0.008417 0.008417 
2639	(   2.332047  -1.388521  -1.09217  )	15.624688 -12.332047 -8.611479 -8.907830 -7.667953 -11.388521 -11.092170 0.008427 -0.008427 
2640	(   2.334701  -1.387607  -1.092348 )	15.644605 -12.334701 -8.612393 -8.907652 -7.665299 -11.387607 -11.092348 0.011204 -0.011204 
2641	(   2.330041  -1.387758  -1.092625 )	15.598622 -12.330041 -8.612242 -8.907375 -7.669959 -11.387758 -11.092625 -0.000011 0.000011 
2642	(   2.331431  -1.38745   -1.092229 )	15.610379 -12.331431 -8.612550 -8.907771 -7.668569 -11.387450 -11.092229 -0.000001 0.000001 
2643	(   2.331431  -1.387237  -1.092493 )	15.608745 -12.331431 -8.612763 -8.907507 -7.668569 -11.387237 -11.092493 -0.000005 0.000005 
2644	(   2.332537  -1.386781  -1.092439 )	15.616489 -12.332537 -8.613219 -8.907561 -7.667463 -11.386781 -11.092439 0.000003 -0.000003 
2645	(   2.333106  -1.386792  -1.092107 )	15.622351 -12.333106 -8.613208 -8.907893 -7.666894 -11.386792 -11.092107 0.000003 -0.000003 
2646	(   2.332926  -1.386694  -1.092328 )	15.619773 -12.332926 -8.613306 -8.907672 -7.667074 -11.386694 -11.092328 -0.000002 0.000002 

BBE ( SOL ) BBO
2647	(   2.334042  -1.386226  -1.092284 )	15.627528 -12.334042 -8.613774 -8.907716 -7.665958 -11.386226 -11.092284 0.000001 -0.000001 
2648	(   2.33116   -1.387678  -1.092329 )	15.609350 -12.331160 -8.612322 -8.907671 -7.668840 -11.387678 -11.092329 0.001202 -0.001202 
2649	(   2.333144  -1.386019  -1.092246 )	15.616894 -12.333144 -8.613981 -8.907754 -7.666856 -11.386019 -11.092246 -0.004162 0.004162 
2650	(   2.332627  -1.385543  -1.092403 )	15.608067 -12.332627 -8.614457 -8.907597 -7.667373 -11.385543 -11.092403 -0.007928 0.007928 
2651	(   2.33223   -1.387044  -1.092328 )	15.615380 -12.332230 -8.612956 -8.907672 -7.667770 -11.387044 -11.092328 0.000226 -0.000226 
2652	(   2.331702  -1.387222  -1.092129 )	15.611407 -12.331702 -8.612778 -8.907871 -7.668298 -11.387222 -11.092129 -0.001205 0.001205 
2653	(   2.333847  -1.386998  -1.092363 )	15.631373 -12.333847 -8.613002 -8.907637 -7.666153 -11.386998 -11.092363 0.004839 -0.004839 
2654	(   2.331431  -1.387237  -1.092493 )	15.608742 -12.331431 -8.612763 -8.907507 -7.668569 -11.387237 -11.092493 -0.000007 0.000007 
2655	(   2.33223   -1.387044  -1.092286 )	15.615383 -12.332230 -8.612956 -8.907714 -7.667770 -11.387044 -11.092286 0.000004 -0.000004 
2656	(   2.332292  -1.387026  -1.092272 )	15.615884 -12.332292 -8.612974 -8.907728 -7.667708 -11.387026 -11.092272 -0.000001 0.000001 
2657	(   2.332926  -1.386695  -1.092328 )	15.619775 -12.332926 -8.613305 -8.907672 -7.667074 -11.386695 -11.092328 -0.000000 0.000000 
2658	(   2.332182  -1.387007  -1.092358 )	15.614609 -12.332182 -8.612993 -8.907642 -7.667818 -11.387007 -11.092358 -0.000002 0.000002 
2659	(   2.332014  -1.387149  -1.092276 )	15.613991 -12.332014 -8.612851 -8.907724 -7.667986 -11.387149 -11.092276 -0.000002 0.000002 
2660	(   2.329922  -1.388144  -1.092215 )	15.600373 -12.329922 -8.611856 -8.907785 -7.670078 -11.388144 -11.092215 0.000001 -0.000001 
2661	(   2.325395  -1.390225  -1.092174 )	15.570393 -12.325395 -8.609775 -8.907826 -7.674605 -11.390225 -11.092174 -0.000018 0.000018 
2662	(   2.331065  -1.387609  -1.092237 )	15.607879 -12.331065 -8.612391 -8.907763 -7.668935 -11.387609 -11.092237 -0.000002 0.000002 
2663	(   2.332018  -1.387122  -1.092308 )	15.613825 -12.332018 -8.612878 -8.907692 -7.667982 -11.387122 -11.092308 0.000000 -0.000000 
2664	(   2.329294  -1.388403  -1.092246 )	15.595983 -12.329294 -8.611597 -8.907754 -7.670706 -11.388403 -11.092246 -0.000006 0.000006 
2665	(   2.321502  -1.392365  -1.091715 )	15.547343 -12.321502 -8.607635 -8.908285 -7.678498 -11.392365 -11.091715 -0.000001 0.000001 
2666	(   2.296202  -1.405065  -1.090215 )	15.389341 -12.296202 -8.594935 -8.909785 -7.703798 -11.405065 -11.090215 -0.000563 0.000563 
2667	(   2.329318  -1.388422  -1.092246 )	15.596368 -12.329318 -8.611578 -8.907754 -7.670682 -11.388422 -11.092246 0.000187 -0.000187 
2668	(   2.323402  -1.391265  -1.092047 )	15.558157 -12.323402 -8.608735 -8.907953 -7.676598 -11.391265 -11.092047 0.000197 -0.000197 
2669	(   2.334018  -1.385822  -1.092821 )	15.624180 -12.334018 -8.614178 -8.907179 -7.665982 -11.385822 -11.092821 0.000111 -0.000111 
2670	(   2.331918  -1.387122  -1.092356 )	15.612810 -12.331918 -8.612878 -8.907644 -7.668082 -11.387122 -11.092356 -0.000042 0.000042 
2671	(   2.333118  -1.386622  -1.092313 )	15.621168 -12.333118 -8.613378 -8.907687 -7.666882 -11.386622 -11.092313 0.000007 -0.000007 
2672	(   2.324818  -1.393422  -1.091308 )	15.588778 -12.324818 -8.606578 -8.908692 -7.675182 -11.393422 -11.091308 0.014466 -0.014466 
2673	(   2.324818  -1.394622  -1.093308 )	15.597616 -12.324818 -8.605378 -8.906692 -7.675182 -11.394622 -11.093308 0.032670 -0.032670 
2674	(   2.322418  -1.377122  -1.092368 )	15.441957 -12.322418 -8.622878 -8.907632 -7.677582 -11.377122 -11.092368 -0.091956 0.091956 
2675	(   2.319102  -1.382365  -1.092164 )	15.447978 -12.319102 -8.617635 -8.907836 -7.680898 -11.382365 -11.092164 -0.069065 0.069065 
2676	(   2.323902  -1.402365  -1.091266 )	15.647147 -12.323902 -8.597635 -8.908734 -7.676098 -11.402365 -11.091266 0.069663 -0.069663 
2677	(   2.340818  -1.383322  -1.092313 )	15.674180 -12.340818 -8.616678 -8.907687 -7.659182 -11.383322 -11.092313 0.001115 -0.001115 
2678	(   2.296242  -1.405028  -1.090215 )	15.389463 -12.296242 -8.594972 -8.909785 -7.703758 -11.405028 -11.090215 -0.000682 0.000682 
2679	(   2.319102  -1.392763  -1.092577 )	15.526089 -12.319102 -8.607237 -8.907423 -7.680898 -11.392763 -11.092577 0.000005 -0.000005 
2680	(   2.334843  -1.385216  -1.093088 )	15.627924 -12.334843 -8.614784 -8.906912 -7.665157 -11.385216 -11.093088 -0.000002 0.000002 
2681	(   2.331962  -1.387108  -1.092356 )	15.613148 -12.331962 -8.612892 -8.907644 -7.668038 -11.387108 -11.092356 -0.000001 0.000001 
2682	(   2.333106  -1.386626  -1.092313 )	15.621076 -12.333106 -8.613374 -8.907687 -7.666894 -11.386626 -11.092313 -0.000002 0.000002 
2683	(   2.318573  -1.390844  -1.091215 )	15.506467 -12.318573 -8.609156 -8.908785 -7.681427 -11.390844 -11.091215 -0.021024 0.021024 
2684	(   2.329879  -1.382122  -1.092336 )	15.554578 -12.329879 -8.617878 -8.907664 -7.670121 -11.382122 -11.092336 -0.038367 0.038367 
2685	(   2.327018  -1.389237  -1.092265 )	15.579302 -12.327018 -8.610763 -8.907735 -7.672982 -11.389237 -11.092265 -0.001179 0.001179 
2686	(   2.332279  -1.386728  -1.091808 )	15.613542 -12.332279 -8.613272 -8.908192 -7.667721 -11.386728 -11.091808 -0.004390 0.004390 

BBE ( SOL ) BBO
2687	(   2.324431  -1.393886  -1.092215 )	15.588278 -12.324431 -8.606114 -8.907785 -7.675569 -11.393886 -11.092215 0.021061 -0.021061 
2688	(   2.332087  -1.387155  -1.092313 )	15.614768 -12.332087 -8.612845 -8.907687 -7.667913 -11.387155 -11.092313 0.000442 -0.000442 
2689	(   2.322395  -1.39238   -1.091729 )	15.556449 -12.322395 -8.607620 -8.908271 -7.677605 -11.392380 -11.091729 0.002789 -0.002789 
2690	(   2.331625  -1.387413  -1.092167 )	15.612062 -12.331625 -8.612587 -8.907833 -7.668375 -11.387413 -11.092167 0.000000 -0.000000 
2691	(   2.330445  -1.388286  -1.091745 )	15.606773 -12.330445 -8.611714 -8.908255 -7.669555 -11.388286 -11.091745 -0.000001 0.000001 
2692	(   2.318731  -1.393539  -1.091823 )	15.528284 -12.318731 -8.606461 -8.908177 -7.681269 -11.393539 -11.091823 -0.000001 0.000001 
2693	(   2.310431  -1.397039  -1.092145 )	15.471202 -12.310431 -8.602961 -8.907855 -7.689569 -11.397039 -11.092145 -0.000176 0.000176 
2694	(   2.330425  -1.388313  -1.091745 )	15.606773 -12.330425 -8.611687 -8.908255 -7.669575 -11.388313 -11.091745 0.000114 -0.000114 
2695	(   2.321131  -1.392539  -1.091784 )	15.544911 -12.321131 -8.607461 -8.908216 -7.678869 -11.392539 -11.091784 0.000390 -0.000390 
2696	(   2.329125  -1.387713  -1.093245 )	15.588971 -12.329125 -8.612287 -8.906755 -7.670875 -11.387713 -11.093245 0.000253 -0.000253 
2697	(   2.331125  -1.387613  -1.092189 )	15.608518 -12.331125 -8.612387 -8.907811 -7.668875 -11.387613 -11.092189 -0.000053 0.000053 
2698	(   2.332725  -1.386813  -1.092307 )	15.618636 -12.332725 -8.613187 -8.907693 -7.667275 -11.386813 -11.092307 0.000065 -0.000065 
2699	(   2.322725  -1.377413  -1.092424 )	15.447214 -12.322725 -8.622587 -8.907576 -7.677275 -11.377413 -11.092424 -0.088911 0.088911 
2700	(   2.326325  -1.389613  -1.091167 )	15.575261 -12.326325 -8.610387 -8.908833 -7.673675 -11.389613 -11.091167 -0.006493 0.006493 
2701	(   2.316931  -1.392439  -1.090823 )	15.502006 -12.316931 -8.607561 -8.909177 -7.683069 -11.392439 -11.090823 -0.017596 0.017596 
2702	(   2.320531  -1.394639  -1.092823 )	15.554586 -12.320531 -8.605361 -8.907177 -7.679469 -11.394639 -11.092823 0.017625 -0.017625 
2703	(   2.322425  -1.397413  -1.092871 )	15.594599 -12.322425 -8.602587 -8.907129 -7.677575 -11.397413 -11.092871 0.041438 -0.041438 
2704	(   2.340225  -1.387913  -1.092524 )	15.702824 -12.340225 -8.612087 -8.907476 -7.659775 -11.387913 -11.092524 0.030264 -0.030264 
2705	(   2.310418  -1.397061  -1.092145 )	15.471237 -12.310418 -8.602939 -8.907855 -7.689582 -11.397061 -11.092145 -0.000071 0.000071 
2706	(   2.314298  -1.394777  -1.092786 )	15.492931 -12.314298 -8.605223 -8.907214 -7.685702 -11.394777 -11.092786 -0.000030 0.000030 
2707	(   2.332266  -1.387368  -1.091863 )	15.618232 -12.332266 -8.612632 -8.908137 -7.667734 -11.387368 -11.091863 0.000001 -0.000001 
2708	(   2.331149  -1.38761   -1.092189 )	15.608739 -12.331149 -8.612390 -8.907811 -7.668851 -11.387610 -11.092189 0.000000 -0.000000 
2709	(   2.330109  -1.388143  -1.092111 )	15.602264 -12.330109 -8.611857 -8.907889 -7.669891 -11.388143 -11.092111 -0.000002 0.000002 
2710	(   2.329722  -1.388201  -1.092257 )	15.598779 -12.329722 -8.611799 -8.907743 -7.670278 -11.388201 -11.092257 0.000000 -0.000000 
2711	(   2.325422  -1.390001  -1.09246  )	15.568945 -12.325422 -8.609999 -8.907540 -7.674578 -11.390001 -11.092460 0.000101 -0.000101 
2712	(   2.322931  -1.392239  -1.091075 )	15.560858 -12.322931 -8.607761 -8.908925 -7.677069 -11.392239 -11.091075 0.000052 -0.000052 
2713	(   2.333722  -1.386501  -1.092138 )	15.626378 -12.333722 -8.613499 -8.907862 -7.666278 -11.386501 -11.092138 0.000080 -0.000080 
2714	(   2.329622  -1.388401  -1.092101 )	15.599294 -12.329622 -8.611599 -8.907899 -7.670378 -11.388401 -11.092101 0.000188 -0.000188 
2715	(   2.331422  -1.387401  -1.092256 )	15.609914 -12.331422 -8.612599 -8.907744 -7.668578 -11.387401 -11.092256 -0.000206 0.000206 
2716	(   2.308731  -1.395339  -1.091976 )	15.441378 -12.308731 -8.604661 -8.908024 -7.691269 -11.395339 -11.091976 -0.017034 0.017034 
2717	(   2.319722  -1.384601  -1.093116 )	15.470890 -12.319722 -8.615399 -8.906884 -7.680278 -11.384601 -11.093116 -0.047944 0.047944 
2718	(   2.326122  -1.378201  -1.091421 )	15.487369 -12.326122 -8.621799 -8.908579 -7.673878 -11.378201 -11.091421 -0.079240 0.079240 
2719	(   2.328731  -1.391739  -1.09167  )	15.615528 -12.328731 -8.608261 -8.908330 -7.671269 -11.391739 -11.091670 0.016947 -0.016947 
2720	(   2.339722  -1.378401  -1.093008 )	15.625924 -12.339722 -8.621599 -8.906992 -7.660278 -11.378401 -11.093008 -0.030246 0.030246 
2721	(   2.327122  -1.398401  -1.092229 )	15.649558 -12.327122 -8.601599 -8.907771 -7.672878 -11.398401 -11.092229 0.058388 -0.058388 
2722	(   2.325441  -1.389974  -1.09246  )	15.568934 -12.325441 -8.610026 -8.907540 -7.674559 -11.389974 -11.092460 -0.000018 0.000018 
2723	(   2.321129  -1.391642  -1.092822 )	15.538021 -12.321129 -8.608358 -8.907178 -7.678871 -11.391642 -11.092822 -0.000001 0.000001 
2724	(   2.326768  -1.389304  -1.092548 )	15.577256 -12.326768 -8.610696 -8.907452 -7.673232 -11.389304 -11.092548 0.000001 -0.000001 
2725	(   2.329646  -1.388361  -1.092101 )	15.599233 -12.329646 -8.611639 -8.907899 -7.670354 -11.388361 -11.092101 0.000001 -0.000001 
2726	(   2.331425  -1.387432  -1.092256 )	15.610177 -12.331425 -8.612568 -8.907744 -7.668575 -11.387432 -11.092256 0.000003 -0.000003 

BBE ( SOL ) BBO
2727	(   2.313731  -1.392544  -1.091987 )	15.470521 -12.313731 -8.607456 -8.908013 -7.686269 -11.392544 -11.091987 -0.020271 0.020271 
2728	(   2.328412  -1.383201  -1.092451 )	15.547892 -12.328412 -8.616799 -8.907549 -7.671588 -11.383201 -11.092451 -0.035090 0.035090 
2729	(   2.324722  -1.388621  -1.092027 )	15.551539 -12.324722 -8.611379 -8.907973 -7.675278 -11.388621 -11.092027 -0.013122 0.013122 
2730	(   2.331812  -1.385718  -1.091757 )	15.601216 -12.331812 -8.614282 -8.908243 -7.668188 -11.385718 -11.091757 -0.012547 0.012547 
2731	(   2.323731  -1.394534  -1.091659 )	15.586171 -12.323731 -8.605466 -8.908341 -7.676269 -11.394534 -11.091659 0.020302 -0.020302 
2732	(   2.331428  -1.390591  -1.092228 )	15.634046 -12.331428 -8.609409 -8.907772 -7.668572 -11.390591 -11.092228 0.020325 -0.020325 
2733	(   2.318731  -1.393539  -1.091823 )	15.528284 -12.318731 -8.606461 -8.908177 -7.681269 -11.393539 -11.091823 -0.000002 0.000002 
2734	(   2.329707  -1.388301  -1.092142 )	15.599393 -12.329707 -8.611699 -8.907858 -7.670293 -11.388301 -11.092142 0.000001 -0.000001 
2735	(   2.329484  -1.387791  -1.092057 )	15.593306 -12.329484 -8.612209 -8.907943 -7.670516 -11.387791 -11.092057 -0.004390 0.004390 
2736	(   2.327722  -1.387843  -1.092288 )	15.575896 -12.327722 -8.612157 -8.907712 -7.672278 -11.387843 -11.092288 -0.008005 0.008005 
2737	(   2.319422  -1.391539  -1.091841 )	15.520171 -12.319422 -8.608461 -8.908159 -7.680578 -11.391539 -11.091841 -0.010795 0.010795 
2738	(   2.31804   -1.395539  -1.091805 )	15.536407 -12.318040 -8.604461 -8.908195 -7.681960 -11.395539 -11.091805 0.010803 -0.010803 
2739	(   2.330136  -1.386201  -1.092293 )	15.587881 -12.330136 -8.613799 -8.907707 -7.669864 -11.386201 -11.092293 -0.011529 0.011529 
2740	(   2.329581  -1.390471  -1.092414 )	15.614461 -12.329581 -8.609529 -8.907586 -7.670419 -11.390471 -11.092414 0.015097 -0.015097 
2741	(   2.318731  -1.393535  -1.091823 )	15.528254 -12.318731 -8.606465 -8.908177 -7.681269 -11.393535 -11.091823 -0.000027 0.000027 
2742	(   2.328908  -1.388609  -1.092208 )	15.593643 -12.328908 -8.611391 -8.907792 -7.671092 -11.388609 -11.092208 0.000001 -0.000001 
2743	(   2.318861  -1.393218  -1.091923 )	15.527163 -12.318861 -8.606782 -8.908077 -7.681139 -11.393218 -11.091923 -0.001172 0.001172 
2744	(   2.318601  -1.39386   -1.091723 )	15.529406 -12.318601 -8.606140 -8.908277 -7.681399 -11.393860 -11.091723 0.001170 -0.001170 
2745	(   2.328722  -1.388236  -1.092238 )	15.588952 -12.328722 -8.611764 -8.907762 -7.671278 -11.388236 -11.092238 -0.002802 0.002802 
2746	(   2.329758  -1.387201  -1.092221 )	15.591608 -12.329758 -8.612799 -8.907779 -7.670242 -11.387201 -11.092221 -0.006550 0.006550 
2747	(   2.329515  -1.38783   -1.092357 )	15.593882 -12.329515 -8.612170 -8.907643 -7.670485 -11.387830 -11.092357 -0.002484 0.002484 
2748	(   2.329865  -1.388532  -1.092214 )	15.602723 -12.329865 -8.611468 -8.907786 -7.670135 -11.388532 -11.092214 0.002334 -0.002334 
2749	(   2.31874   -1.393498  -1.091786 )	15.528075 -12.318740 -8.606502 -8.908214 -7.681260 -11.393498 -11.091786 -0.000428 0.000428 
2750	(   2.328722  -1.388608  -1.092313 )	15.591748 -12.328722 -8.611392 -8.907687 -7.671278 -11.388608 -11.092313 -0.000006 0.000006 
2751	(   2.329646  -1.38836   -1.092101 )	15.599231 -12.329646 -8.611640 -8.907899 -7.670354 -11.388360 -11.092101 -0.000001 0.000001 
2752	(   2.331425  -1.387431  -1.092256 )	15.610175 -12.331425 -8.612569 -8.907744 -7.668575 -11.387431 -11.092256 0.000001 -0.000001 
2753	(   2.330222  -1.387957  -1.092217 )	15.601996 -12.330222 -8.612043 -8.907783 -7.669778 -11.387957 -11.092217 -0.000317 0.000317 
2754	(   2.330174  -1.388313  -1.092307 )	15.604182 -12.330174 -8.611687 -8.907693 -7.669826 -11.388313 -11.092307 0.002312 -0.002312 
2755	(   2.31863   -1.394039  -1.091823 )	15.531042 -12.318630 -8.605961 -8.908177 -7.681370 -11.394039 -11.091823 0.002935 -0.002935 
2756	(   2.318831  -1.393039  -1.091823 )	15.525528 -12.318831 -8.606961 -8.908177 -7.681169 -11.393039 -11.091823 -0.002937 0.002937 
2757	(   2.329632  -1.387701  -1.092277 )	15.594102 -12.329632 -8.612299 -8.907723 -7.670368 -11.387701 -11.092277 -0.003395 0.003395 
2758	(   2.329703  -1.388208  -1.092257 )	15.598648 -12.329703 -8.611792 -8.907743 -7.670297 -11.388208 -11.092257 -0.000007 0.000007 
2759	(   2.318731  -1.393539  -1.091823 )	15.528284 -12.318731 -8.606461 -8.908177 -7.681269 -11.393539 -11.091823 -0.000001 0.000001 
2760	(   2.329703  -1.388208  -1.092257 )	15.598648 -12.329703 -8.611792 -8.907743 -7.670297 -11.388208 -11.092257 -0.000005 0.000005 
2761	(   2.330207  -1.387919  -1.092335 )	15.601541 -12.330207 -8.612081 -8.907665 -7.669793 -11.387919 -11.092335 0.000004 -0.000004 
2762	(   2.329786  -1.38825   -1.09216  )	15.599808 -12.329786 -8.611750 -8.907840 -7.670214 -11.388250 -11.092160 0.000000 -0.000000 
2763	(   2.329706  -1.388219  -1.092277 )	15.598757 -12.329706 -8.611781 -8.907723 -7.670294 -11.388219 -11.092277 0.000179 -0.000179 
2764	(   2.329522  -1.388218  -1.092255 )	15.596890 -12.329522 -8.611782 -8.907745 -7.670478 -11.388218 -11.092255 -0.000483 0.000483 
2765	(   2.318712  -1.393739  -1.091825 )	15.529607 -12.318712 -8.606261 -8.908175 -7.681288 -11.393739 -11.091825 0.001251 -0.001251 
2766	(   2.318749  -1.393339  -1.09182  )	15.526962 -12.318749 -8.606661 -8.908180 -7.681251 -11.393339 -11.091820 -0.001253 0.001253 

BBE ( SOL ) BBO
2767	(   2.329703  -1.388001  -1.092259 )	15.597082 -12.329703 -8.611999 -8.907741 -7.670297 -11.388001 -11.092259 -0.001339 0.001339 
2768	(   2.329726  -1.3882    -1.092255 )	15.598817 -12.329726 -8.611800 -8.907745 -7.670274 -11.388200 -11.092255 -0.000002 0.000002 
2769	(   2.318723  -1.393426  -1.091824 )	15.527350 -12.318723 -8.606574 -8.908176 -7.681277 -11.393426 -11.091824 -0.000750 0.000750 
2770	(   2.329628  -1.388191  -1.092275 )	15.597751 -12.329628 -8.611809 -8.907725 -7.670372 -11.388191 -11.092275 -0.000244 0.000244 
2771	(   2.329373  -1.388444  -1.09215  )	15.597106 -12.329373 -8.611556 -8.907850 -7.670627 -11.388444 -11.092150 -0.000005 0.000005 
2772	(   2.329998  -1.38805   -1.092289 )	15.600432 -12.329998 -8.611950 -8.907711 -7.670002 -11.388050 -11.092289 0.000002 -0.000002 
2773	(   2.329746  -1.388222  -1.092267 )	15.599186 -12.329746 -8.611778 -8.907733 -7.670254 -11.388222 -11.092267 0.000263 -0.000263 
2774	(   2.318654  -1.393513  -1.091833 )	15.527315 -12.318654 -8.606487 -8.908167 -7.681346 -11.393513 -11.091833 -0.000343 0.000343 
2775	(   2.3297    -1.388101  -1.09226  )	15.597806 -12.329700 -8.611899 -8.907740 -7.670300 -11.388101 -11.092260 -0.000696 0.000696 
2776	(   2.329622  -1.388227  -1.092259 )	15.597970 -12.329622 -8.611773 -8.907741 -7.670378 -11.388227 -11.092259 -0.000110 0.000110 
2777	(   2.318807  -1.393565  -1.091813 )	15.529254 -12.318807 -8.606435 -8.908187 -7.681193 -11.393565 -11.091813 0.000341 -0.000341 
2778	(   2.329723  -1.388201  -1.092257 )	15.598793 -12.329723 -8.611799 -8.907743 -7.670277 -11.388201 -11.092257 0.000006 -0.000006 
2779	(   2.318679  -1.393552  -1.091825 )	15.527862 -12.318679 -8.606448 -8.908175 -7.681321 -11.393552 -11.091825 -0.000055 0.000055 
2780	(   2.32968   -1.388226  -1.092262 )	15.598553 -12.329680 -8.611774 -8.907738 -7.670320 -11.388226 -11.092262 0.000073 -0.000073 
2781	(   2.329928  -1.388092  -1.092277 )	15.600038 -12.329928 -8.611908 -8.907723 -7.670072 -11.388092 -11.092277 0.000005 -0.000005 
2782	(   2.329759  -1.388179  -1.092262 )	15.598995 -12.329759 -8.611821 -8.907738 -7.670241 -11.388179 -11.092262 -0.000003 0.000003 
2783	(   2.329737  -1.388187  -1.092252 )	15.598837 -12.329737 -8.611813 -8.907748 -7.670263 -11.388187 -11.092252 -0.000065 0.000065 
2784	(   2.31872   -1.393575  -1.091828 )	15.528454 -12.318720 -8.606425 -8.908172 -7.681280 -11.393575 -11.091828 0.000230 -0.000230 
2785	(   2.318741  -1.393503  -1.091818 )	15.528115 -12.318741 -8.606497 -8.908182 -7.681259 -11.393503 -11.091818 -0.000232 0.000232 
2786	(   2.329672  -1.388184  -1.092256 )	15.598146 -12.329672 -8.611816 -8.907744 -7.670328 -11.388184 -11.092256 -0.000262 0.000262 
2787	(   2.329735  -1.388151  -1.092259 )	15.598535 -12.329735 -8.611849 -8.907741 -7.670265 -11.388151 -11.092259 -0.000276 0.000276 
2788	(   2.329699  -1.388253  -1.09226  )	15.598941 -12.329699 -8.611747 -8.907740 -7.670301 -11.388253 -11.092260 0.000284 -0.000284 
2789	(   2.318731  -1.393535  -1.091823 )	15.528254 -12.318731 -8.606465 -8.908177 -7.681269 -11.393535 -11.091823 -0.000027 0.000027 
2790	(   2.329703  -1.388206  -1.092257 )	15.598633 -12.329703 -8.611794 -8.907743 -7.670297 -11.388206 -11.092257 -0.000018 0.000018 
2791	(   2.329768  -1.388178  -1.092259 )	15.599080 -12.329768 -8.611822 -8.907741 -7.670232 -11.388178 -11.092259 0.000002 -0.000002 
2792	(   2.329752  -1.388186  -1.092258 )	15.598972 -12.329752 -8.611814 -8.907742 -7.670248 -11.388186 -11.092258 0.000000 -0.000000 
2793	(   2.329707  -1.388212  -1.092252 )	15.598717 -12.329707 -8.611788 -8.907748 -7.670293 -11.388212 -11.092252 0.000001 -0.000001 
2794	(   2.329681  -1.388228  -1.092246 )	15.598577 -12.329681 -8.611772 -8.907754 -7.670319 -11.388228 -11.092246 0.000003 -0.000003 
2795	(   2.329728  -1.388199  -1.092257 )	15.598828 -12.329728 -8.611801 -8.907743 -7.670272 -11.388199 -11.092257 0.000003 -0.000003 
2796	(   2.329727  -1.3882    -1.092255 )	15.598820 -12.329727 -8.611800 -8.907745 -7.670273 -11.388200 -11.092255 -0.000001 0.000001 
2797	(   2.329702  -1.388194  -1.092259 )	15.598532 -12.329702 -8.611806 -8.907741 -7.670298 -11.388194 -11.092259 -0.000087 0.000087 
2798	(   2.329703  -1.388198  -1.092255 )	15.598566 -12.329703 -8.611802 -8.907745 -7.670297 -11.388198 -11.092255 -0.000082 0.000082 
2799	(   2.329726  -1.388181  -1.092257 )	15.598672 -12.329726 -8.611819 -8.907743 -7.670274 -11.388181 -11.092257 -0.000117 0.000117 
2800	(   2.318734  -1.393519  -1.091823 )	15.528170 -12.318734 -8.606481 -8.908177 -7.681266 -11.393519 -11.091823 -0.000120 0.000120 
2801	(   2.318727  -1.393559  -1.091823 )	15.528398 -12.318727 -8.606441 -8.908177 -7.681273 -11.393559 -11.091823 0.000117 -0.000117 
2802	(   2.329722  -1.388201  -1.092257 )	15.598785 -12.329722 -8.611799 -8.907743 -7.670278 -11.388201 -11.092257 0.000003 -0.000003 
2803	(   2.318728  -1.393544  -1.091823 )	15.528294 -12.318728 -8.606456 -8.908177 -7.681272 -11.393544 -11.091823 0.000025 -0.000025 
2804	(   2.329704  -1.388208  -1.092259 )	15.598660 -12.329704 -8.611792 -8.907741 -7.670296 -11.388208 -11.092259 0.000008 -0.000008 
2805	(   2.329728  -1.388199  -1.092256 )	15.598825 -12.329728 -8.611801 -8.907744 -7.670272 -11.388199 -11.092256 0.000002 -0.000002 
2806	(   2.329727  -1.3882    -1.092255 )	15.598821 -12.329727 -8.611800 -8.907745 -7.670273 -11.388200 -11.092255 -0.000000 0.000000 

BBE ( SOL ) BBO
2807	(   2.329728  -1.388198  -1.092258 )	15.598821 -12.329728 -8.611802 -8.907742 -7.670272 -11.388198 -11.092258 0.000007 -0.000007 
2808	(   2.318741  -1.39354   -1.091822 )	15.528391 -12.318741 -8.606460 -8.908178 -7.681259 -11.393540 -11.091822 0.000030 -0.000030 
2809	(   2.318721  -1.393538  -1.091823 )	15.528178 -12.318721 -8.606462 -8.908177 -7.681279 -11.393538 -11.091823 -0.000032 0.000032 
2810	(   2.329712  -1.388196  -1.092258 )	15.598648 -12.329712 -8.611804 -8.907742 -7.670288 -11.388196 -11.092258 -0.000053 0.000053 
2811	(   2.329724  -1.388191  -1.092257 )	15.598726 -12.329724 -8.611809 -8.907743 -7.670276 -11.388191 -11.092257 -0.000060 0.000060 
2812	(   2.329721  -1.388201  -1.092257 )	15.598780 -12.329721 -8.611799 -8.907743 -7.670279 -11.388201 -11.092257 0.000004 -0.000004 
2813	(   2.31873   -1.393544  -1.091823 )	15.528322 -12.318730 -8.606456 -8.908177 -7.681270 -11.393544 -11.091823 0.000036 -0.000036 
2814	(   2.329719  -1.388201  -1.092257 )	15.598761 -12.329719 -8.611799 -8.907743 -7.670281 -11.388201 -11.092257 -0.000002 0.000002 
2815	(   2.329741  -1.388191  -1.092259 )	15.598895 -12.329741 -8.611809 -8.907741 -7.670259 -11.388191 -11.092259 0.000001 -0.000001 
2816	(   2.32973   -1.388198  -1.092256 )	15.598839 -12.329730 -8.611802 -8.907744 -7.670270 -11.388198 -11.092256 -0.000000 0.000000 
2817	(   2.31873   -1.393542  -1.091823 )	15.528299 -12.318730 -8.606458 -8.908177 -7.681270 -11.393542 -11.091823 0.000020 -0.000020 
2818	(   2.318732  -1.393536  -1.091822 )	15.528270 -12.318732 -8.606464 -8.908178 -7.681268 -11.393536 -11.091822 -0.000022 0.000022 
2819	(   2.329717  -1.388198  -1.092258 )	15.598710 -12.329717 -8.611802 -8.907742 -7.670283 -11.388198 -11.092258 -0.000029 0.000029 
2820	(   2.329719  -1.3882    -1.092257 )	15.598739 -12.329719 -8.611800 -8.907743 -7.670281 -11.388200 -11.092257 -0.000017 0.000017 
2821	(   2.329724  -1.388196  -1.092257 )	15.598762 -12.329724 -8.611804 -8.907743 -7.670276 -11.388196 -11.092257 -0.000027 0.000027 
2822	(   2.329722  -1.388201  -1.092257 )	15.598780 -12.329722 -8.611799 -8.907743 -7.670278 -11.388201 -11.092257 0.000001 -0.000001 
2823	(   2.318731  -1.393539  -1.091823 )	15.528284 -12.318731 -8.606461 -8.908177 -7.681269 -11.393539 -11.091823 -0.000001 0.000001 
2824	(   2.329721  -1.388201  -1.092257 )	15.598767 -12.329721 -8.611799 -8.907743 -7.670279 -11.388201 -11.092257 -0.000003 0.000003 
2825	(   2.32973   -1.388198  -1.092257 )	15.598838 -12.329730 -8.611802 -8.907743 -7.670270 -11.388198 -11.092257 0.000003 -0.000003 
2826	(   2.329722  -1.388201  -1.092257 )	15.598780 -12.329722 -8.611799 -8.907743 -7.670278 -11.388201 -11.092257 -0.000001 0.000001 
2827	(   2.329727  -1.388199  -1.092257 )	15.598819 -12.329727 -8.611801 -8.907743 -7.670273 -11.388199 -11.092257 0.000002 -0.000002 
2828	(   2.329723  -1.3882    -1.092257 )	15.598790 -12.329723 -8.611800 -8.907743 -7.670277 -11.388200 -11.092257 -0.000000 0.000000 
2829	(   2.329728  -1.388198  -1.092256 )	15.598825 -12.329728 -8.611802 -8.907744 -7.670272 -11.388198 -11.092256 -0.000001 0.000001 
2830	(   2.329724  -1.3882    -1.092257 )	15.598791 -12.329724 -8.611800 -8.907743 -7.670276 -11.388200 -11.092257 0.000000 -0.000000 
2831	(   2.329716  -1.388203  -1.092258 )	15.598735 -12.329716 -8.611797 -8.907742 -7.670284 -11.388203 -11.092258 0.000001 -0.000001 
2832	(   2.329727  -1.388199  -1.092257 )	15.598813 -12.329727 -8.611801 -8.907743 -7.670273 -11.388199 -11.092257 -0.000000 0.000000 
2833	(   2.329719  -1.388201  -1.092257 )	15.598761 -12.329719 -8.611799 -8.907743 -7.670281 -11.388201 -11.092257 0.000000 -0.000000 
2834	(   2.329712  -1.388204  -1.092258 )	15.598706 -12.329712 -8.611796 -8.907742 -7.670288 -11.388204 -11.092258 0.000001 -0.000001 
2835	(   2.318721  -1.393543  -1.091823 )	15.528212 -12.318721 -8.606457 -8.908177 -7.681279 -11.393543 -11.091823 -0.000003 0.000003 
2836	(   2.329712  -1.388204  -1.092258 )	15.598704 -12.329712 -8.611796 -8.907742 -7.670288 -11.388204 -11.092258 -0.000001 0.000001 
2837	(   2.32972   -1.388201  -1.092257 )	15.598762 -12.329720 -8.611799 -8.907743 -7.670280 -11.388201 -11.092257 -0.000000 0.000000 
2838	(   2.329717  -1.388202  -1.092258 )	15.598744 -12.329717 -8.611798 -8.907742 -7.670283 -11.388202 -11.092258 0.000001 -0.000001 
2839	(   2.329722  -1.388201  -1.092257 )	15.598778 -12.329722 -8.611799 -8.907743 -7.670278 -11.388201 -11.092257 -0.000000 0.000000 
2840	(   2.32972   -1.388201  -1.092257 )	15.598762 -12.329720 -8.611799 -8.907743 -7.670280 -11.388201 -11.092257 -0.000003 0.000003 
2841	(   2.318726  -1.393543  -1.091823 )	15.528268 -12.318726 -8.606457 -8.908177 -7.681274 -11.393543 -11.091823 0.000014 -0.000014 
2842	(   2.318736  -1.393535  -1.091823 )	15.528301 -12.318736 -8.606465 -8.908177 -7.681264 -11.393535 -11.091823 -0.000016 0.000016 
2843	(   2.329714  -1.388201  -1.092257 )	15.598709 -12.329714 -8.611799 -8.907743 -7.670286 -11.388201 -11.092257 -0.000016 0.000016 
2844	(   2.32972   -1.388196  -1.092257 )	15.598725 -12.329720 -8.611804 -8.907743 -7.670280 -11.388196 -11.092257 -0.000031 0.000031 
2845	(   2.32972   -1.388202  -1.092257 )	15.598762 -12.329720 -8.611798 -8.907743 -7.670280 -11.388202 -11.092257 0.000001 -0.000001 
2846	(   2.318731  -1.393539  -1.091823 )	15.528284 -12.318731 -8.606461 -8.908177 -7.681269 -11.393539 -11.091823 -0.000001 0.000001 

BBE ( SOL ) BBO
2847	(   2.329717  -1.388202  -1.092257 )	15.598740 -12.329717 -8.611798 -8.907743 -7.670283 -11.388202 -11.092257 -0.000003 0.000003 
2848	(   2.329719  -1.388202  -1.092257 )	15.598755 -12.329719 -8.611798 -8.907743 -7.670281 -11.388202 -11.092257 -0.000000 0.000000 
2849	(   2.329717  -1.388202  -1.092257 )	15.598743 -12.329717 -8.611798 -8.907743 -7.670283 -11.388202 -11.092257 -0.000001 0.000001 
2850	(   2.329717  -1.388203  -1.092258 )	15.598740 -12.329717 -8.611797 -8.907742 -7.670283 -11.388203 -11.092258 -0.000000 0.000000 
2851	(   2.329714  -1.388203  -1.092258 )	15.598720 -12.329714 -8.611797 -8.907742 -7.670286 -11.388203 -11.092258 0.000000 -0.000000 
2852	(   2.329715  -1.388203  -1.092258 )	15.598729 -12.329715 -8.611797 -8.907742 -7.670285 -11.388203 -11.092258 0.000000 -0.000000 
2853	(   2.329712  -1.388204  -1.092258 )	15.598709 -12.329712 -8.611796 -8.907742 -7.670288 -11.388204 -11.092258 -0.000000 0.000000 
2854	(   2.329709  -1.388205  -1.092258 )	15.598683 -12.329709 -8.611795 -8.907742 -7.670291 -11.388205 -11.092258 -0.000001 0.000001 
2855	(   2.329709  -1.388205  -1.092258 )	15.598684 -12.329709 -8.611795 -8.907742 -7.670291 -11.388205 -11.092258 0.000000 -0.000000 
2856	(   2.329704  -1.388207  -1.092259 )	15.598648 -12.329704 -8.611793 -8.907741 -7.670296 -11.388207 -11.092259 0.000001 -0.000001 
2857	(   2.329708  -1.388206  -1.092258 )	15.598679 -12.329708 -8.611794 -8.907742 -7.670292 -11.388206 -11.092258 -0.000000 0.000000 
2858	(   2.329705  -1.388207  -1.092259 )	15.598655 -12.329705 -8.611793 -8.907741 -7.670295 -11.388207 -11.092259 -0.000000 0.000000 
2859	(   2.329704  -1.388207  -1.092259 )	15.598644 -12.329704 -8.611793 -8.907741 -7.670296 -11.388207 -11.092259 -0.000000 0.000000 
2860	(   2.329698  -1.388209  -1.092259 )	15.598607 -12.329698 -8.611791 -8.907741 -7.670302 -11.388209 -11.092259 -0.000000 0.000000 
2861	(   2.329696  -1.38821   -1.09226  )	15.598588 -12.329696 -8.611790 -8.907740 -7.670304 -11.388210 -11.092260 -0.000000 0.000000 
2862	(   2.329688  -1.388213  -1.092261 )	15.598528 -12.329688 -8.611787 -8.907739 -7.670312 -11.388213 -11.092261 -0.000000 0.000000 
2863	(   2.329685  -1.388214  -1.092261 )	15.598509 -12.329685 -8.611786 -8.907739 -7.670315 -11.388214 -11.092261 -0.000001 0.000001 
2864	(   2.329703  -1.388208  -1.092259 )	15.598640 -12.329703 -8.611792 -8.907741 -7.670297 -11.388208 -11.092259 0.000000 -0.000000 
2865	(   2.329688  -1.388213  -1.092261 )	15.598528 -12.329688 -8.611787 -8.907739 -7.670312 -11.388213 -11.092261 0.000000 -0.000000 
2866	(   2.32968   -1.388216  -1.092261 )	15.598468 -12.329680 -8.611784 -8.907739 -7.670320 -11.388216 -11.092261 -0.000000 0.000000 
2867	(   2.329668  -1.38822   -1.092263 )	15.598383 -12.329668 -8.611780 -8.907737 -7.670332 -11.388220 -11.092263 -0.000000 0.000000 
2868	(   2.329664  -1.388222  -1.092263 )	15.598353 -12.329664 -8.611778 -8.907737 -7.670336 -11.388222 -11.092263 0.000000 -0.000000 
2869	(   2.329647  -1.388228  -1.092265 )	15.598226 -12.329647 -8.611772 -8.907735 -7.670353 -11.388228 -11.092265 0.000001 -0.000001 
2870	(   2.329659  -1.388224  -1.092264 )	15.598314 -12.329659 -8.611776 -8.907736 -7.670341 -11.388224 -11.092264 -0.000000 0.000000 
2871	(   2.329644  -1.388229  -1.092265 )	15.598206 -12.329644 -8.611771 -8.907735 -7.670356 -11.388229 -11.092265 -0.000001 0.000001 
2872	(   2.329639  -1.388231  -1.092266 )	15.598171 -12.329639 -8.611769 -8.907734 -7.670361 -11.388231 -11.092266 -0.000000 0.000000 
2873	(   2.329615  -1.38824   -1.092268 )	15.597993 -12.329615 -8.611760 -8.907732 -7.670385 -11.388240 -11.092268 -0.000000 0.000000 
2874	(   2.329624  -1.388237  -1.092268 )	15.598057 -12.329624 -8.611763 -8.907732 -7.670376 -11.388237 -11.092268 0.000000 -0.000000 
2875	(   2.329601  -1.388245  -1.09227  )	15.597890 -12.329601 -8.611755 -8.907730 -7.670399 -11.388245 -11.092270 -0.000001 0.000001 
2876	(   2.329648  -1.388228  -1.092265 )	15.598237 -12.329648 -8.611772 -8.907735 -7.670352 -11.388228 -11.092265 0.000000 -0.000000 
2877	(   2.329599  -1.388246  -1.09227  )	15.597878 -12.329599 -8.611754 -8.907730 -7.670401 -11.388246 -11.092270 0.000000 -0.000000 
2878	(   2.329569  -1.388257  -1.092273 )	15.597660 -12.329569 -8.611743 -8.907727 -7.670431 -11.388257 -11.092273 0.000000 -0.000000 
2879	(   2.329557  -1.388261  -1.092274 )	15.597570 -12.329557 -8.611739 -8.907726 -7.670443 -11.388261 -11.092274 0.000000 -0.000000 
2880	(   2.329511  -1.388278  -1.092279 )	15.597236 -12.329511 -8.611722 -8.907721 -7.670489 -11.388278 -11.092279 0.000000 -0.000000 
2881	(   2.329507  -1.38828   -1.09228  )	15.597202 -12.329507 -8.611720 -8.907720 -7.670493 -11.388280 -11.092280 -0.000000 0.000000 
2882	(   2.329448  -1.388301  -1.092286 )	15.596775 -12.329448 -8.611699 -8.907714 -7.670552 -11.388301 -11.092286 -0.000000 0.000000 
2883	(   2.329405  -1.388318  -1.09229  )	15.596454 -12.329405 -8.611682 -8.907710 -7.670595 -11.388318 -11.092290 0.000001 -0.000001 
2884	(   2.329562  -1.388259  -1.092274 )	15.597608 -12.329562 -8.611741 -8.907726 -7.670438 -11.388259 -11.092274 -0.000000 0.000000 
2885	(   2.329445  -1.388302  -1.092286 )	15.596753 -12.329445 -8.611698 -8.907714 -7.670555 -11.388302 -11.092286 -0.000000 0.000000 
2886	(   2.329384  -1.388325  -1.092292 )	15.596300 -12.329384 -8.611675 -8.907708 -7.670616 -11.388325 -11.092292 -0.000001 0.000001 

BBE ( SOL ) BBO
2887	(   2.329375  -1.388329  -1.092293 )	15.596234 -12.329375 -8.611671 -8.907707 -7.670625 -11.388329 -11.092293 -0.000000 0.000000 
2888	(   2.329281  -1.388363  -1.092303 )	15.595547 -12.329281 -8.611637 -8.907697 -7.670719 -11.388363 -11.092303 -0.000000 0.000000 
2889	(   2.329272  -1.388367  -1.092304 )	15.595481 -12.329272 -8.611633 -8.907696 -7.670728 -11.388367 -11.092304 -0.000001 0.000001 
2890	(   2.329452  -1.3883    -1.092285 )	15.596797 -12.329452 -8.611700 -8.907715 -7.670548 -11.388300 -11.092285 -0.000000 0.000000 
2891	(   2.329332  -1.388344  -1.092298 )	15.595919 -12.329332 -8.611656 -8.907702 -7.670668 -11.388344 -11.092298 -0.000001 0.000001 
2892	(   2.329422  -1.388311  -1.092288 )	15.596578 -12.329422 -8.611689 -8.907712 -7.670578 -11.388311 -11.092288 -0.000000 0.000000 
2893	(   2.329317  -1.38835   -1.092299 )	15.595810 -12.329317 -8.611650 -8.907701 -7.670683 -11.388350 -11.092299 -0.000001 0.000001 
2894	(   2.329415  -1.388314  -1.092289 )	15.596534 -12.329415 -8.611686 -8.907711 -7.670585 -11.388314 -11.092289 -0.000000 0.000000 
2895	(   2.3293    -1.388356  -1.092301 )	15.595686 -12.329300 -8.611644 -8.907699 -7.670700 -11.388356 -11.092301 0.000000 -0.000000 
2896	(   2.329243  -1.388377  -1.092307 )	15.595267 -12.329243 -8.611623 -8.907693 -7.670757 -11.388377 -11.092307 -0.000000 0.000000 
2897	(   2.329153  -1.38841   -1.092316 )	15.594611 -12.329153 -8.611590 -8.907684 -7.670847 -11.388410 -11.092316 -0.000000 0.000000 
2898	(   2.329074  -1.38844   -1.092325 )	15.594029 -12.329074 -8.611560 -8.907675 -7.670926 -11.388440 -11.092325 -0.000000 0.000000 
2899	(   2.328903  -1.388503  -1.092342 )	15.592777 -12.328903 -8.611497 -8.907658 -7.671097 -11.388503 -11.092342 -0.000000 0.000000 
2900	(   2.328925  -1.388495  -1.09234  )	15.592938 -12.328925 -8.611505 -8.907660 -7.671075 -11.388495 -11.092340 -0.000000 0.000000 
2901	(   2.328706  -1.388575  -1.092363 )	15.591338 -12.328706 -8.611425 -8.907637 -7.671294 -11.388575 -11.092363 -0.000000 0.000000 
2902	(   2.328418  -1.388681  -1.092393 )	15.589233 -12.328418 -8.611319 -8.907607 -7.671582 -11.388681 -11.092393 -0.000000 0.000000 
2903	(   2.328344  -1.388709  -1.0924   )	15.588688 -12.328344 -8.611291 -8.907600 -7.671656 -11.388709 -11.092400 -0.000001 0.000001 
2904	(   2.328951  -1.388485  -1.092337 )	15.593130 -12.328951 -8.611515 -8.907663 -7.671049 -11.388485 -11.092337 -0.000000 0.000000 
2905	(   2.327556  -1.388999  -1.092482 )	15.582922 -12.327556 -8.611001 -8.907518 -7.672444 -11.388999 -11.092482 -0.000001 0.000001 
2906	(   2.318721  -1.393543  -1.091823 )	15.528215 -12.318721 -8.606457 -8.908177 -7.681279 -11.393543 -11.091823 -0.000000 0.000000 
2907	(   2.318691  -1.393556  -1.091825 )	15.528008 -12.318691 -8.606444 -8.908175 -7.681309 -11.393556 -11.091825 0.000002 -0.000002 
2908	(   2.318721  -1.393543  -1.091823 )	15.528215 -12.318721 -8.606457 -8.908177 -7.681279 -11.393543 -11.091823 -0.000001 0.000001 
2909	(   2.318691  -1.393556  -1.091825 )	15.528007 -12.318691 -8.606444 -8.908175 -7.681309 -11.393556 -11.091825 0.000001 -0.000001 
2910	(   2.318601  -1.393593  -1.09183  )	15.527384 -12.318601 -8.606407 -8.908170 -7.681399 -11.393593 -11.091830 0.000006 -0.000006 
2911	(   2.318601  -1.393589  -1.091833 )	15.527354 -12.318601 -8.606411 -8.908167 -7.681399 -11.393589 -11.091833 -0.000007 0.000007 
2912	(   2.318668  -1.39356   -1.091832 )	15.527807 -12.318668 -8.606440 -8.908168 -7.681332 -11.393560 -11.091832 -0.000002 0.000002 
2913	(   2.318691  -1.393556  -1.091825 )	15.528008 -12.318691 -8.606444 -8.908175 -7.681309 -11.393556 -11.091825 0.000001 -0.000001 
2914	(   2.318706  -1.393493  -1.091821 )	15.527689 -12.318706 -8.606507 -8.908179 -7.681294 -11.393493 -11.091821 -0.000381 0.000381 
2915	(   2.318771  -1.393519  -1.091825 )	15.528539 -12.318771 -8.606481 -8.908175 -7.681229 -11.393519 -11.091825 0.000002 -0.000002 
2916	(   2.318685  -1.393563  -1.09183  )	15.527998 -12.318685 -8.606437 -8.908170 -7.681315 -11.393563 -11.091830 0.000054 -0.000054 
2917	(   2.318697  -1.393549  -1.09182  )	15.528017 -12.318697 -8.606451 -8.908180 -7.681303 -11.393549 -11.091820 -0.000052 0.000052 
2918	(   2.318747  -1.393561  -1.091818 )	15.528610 -12.318747 -8.606439 -8.908182 -7.681253 -11.393561 -11.091818 0.000164 -0.000164 
2919	(   2.318652  -1.393547  -1.091827 )	15.527548 -12.318652 -8.606453 -8.908173 -7.681348 -11.393547 -11.091827 -0.000163 0.000163 
2920	(   2.318662  -1.393568  -1.091825 )	15.527813 -12.318662 -8.606432 -8.908175 -7.681338 -11.393568 -11.091825 -0.000002 0.000002 
2921	(   2.318691  -1.393555  -1.091825 )	15.528006 -12.318691 -8.606445 -8.908175 -7.681309 -11.393555 -11.091825 -0.000000 0.000000 
2922	(   2.318601  -1.393592  -1.09183  )	15.527377 -12.318601 -8.606408 -8.908170 -7.681399 -11.393592 -11.091830 -0.000000 0.000000 
2923	(   2.318331  -1.393703  -1.091846 )	15.525490 -12.318331 -8.606297 -8.908154 -7.681669 -11.393703 -11.091846 0.000000 -0.000000 
2924	(   2.317521  -1.394034  -1.091893 )	15.519830 -12.317521 -8.605966 -8.908107 -7.682479 -11.394034 -11.091893 0.000001 -0.000001 
2925	(   2.315091  -1.395026  -1.092035 )	15.502861 -12.315091 -8.604974 -8.907965 -7.684909 -11.395026 -11.092035 -0.000003 0.000003 
2926	(   2.317521  -1.394038  -1.091887 )	15.519862 -12.317521 -8.605962 -8.908113 -7.682479 -11.394038 -11.091887 -0.000004 0.000004 

BBE ( SOL ) BBO
2927	(   2.317615  -1.394005  -1.091869 )	15.520570 -12.317615 -8.605995 -8.908131 -7.682385 -11.394005 -11.091869 -0.000029 0.000029 
2928	(   2.318361  -1.39369   -1.091844 )	15.525699 -12.318361 -8.606310 -8.908156 -7.681639 -11.393690 -11.091844 0.000000 -0.000000 
2929	(   2.317831  -1.393775  -1.091832 )	15.521009 -12.317831 -8.606225 -8.908168 -7.682169 -11.393775 -11.091832 -0.001076 0.001076 
2930	(   2.318261  -1.393203  -1.091845 )	15.521019 -12.318261 -8.606797 -8.908155 -7.681739 -11.393203 -11.091845 -0.003441 0.003441 
2931	(   2.318188  -1.393713  -1.091896 )	15.524128 -12.318188 -8.606287 -8.908104 -7.681812 -11.393713 -11.091896 -0.000093 0.000093 
2932	(   2.317611  -1.393534  -1.091923 )	15.516971 -12.317611 -8.606466 -8.908077 -7.682389 -11.393534 -11.091923 -0.002807 0.002807 
2933	(   2.31743   -1.394534  -1.091863 )	15.522689 -12.317430 -8.605466 -8.908137 -7.682570 -11.394534 -11.091863 0.002810 -0.002810 
2934	(   2.318346  -1.393706  -1.091843 )	15.525670 -12.318346 -8.606294 -8.908157 -7.681654 -11.393706 -11.091843 0.000052 -0.000052 
2935	(   2.317521  -1.394038  -1.091893 )	15.519862 -12.317521 -8.605962 -8.908107 -7.682479 -11.394038 -11.091893 0.000026 -0.000026 
2936	(   2.318331  -1.39372   -1.091822 )	15.525624 -12.318331 -8.606280 -8.908178 -7.681669 -11.393720 -11.091822 -0.000011 0.000011 
2937	(   2.318171  -1.393768  -1.091855 )	15.524371 -12.318171 -8.606232 -8.908145 -7.681829 -11.393768 -11.091855 0.000001 -0.000001 
2938	(   2.318561  -1.393609  -1.091833 )	15.527097 -12.318561 -8.606391 -8.908167 -7.681439 -11.393609 -11.091833 -0.000000 0.000000 
2939	(   2.31748   -1.39399   -1.091913 )	15.519094 -12.317480 -8.606010 -8.908087 -7.682520 -11.393990 -11.091913 -0.000293 0.000293 
2940	(   2.317561  -1.394077  -1.091873 )	15.520566 -12.317561 -8.605923 -8.908127 -7.682439 -11.394077 -11.091873 0.000295 -0.000295 
2941	(   2.318335  -1.393503  -1.091833 )	15.524028 -12.318335 -8.606497 -8.908167 -7.681665 -11.393503 -11.091833 -0.001347 0.001347 
2942	(   2.318531  -1.393635  -1.091857 )	15.526988 -12.318531 -8.606365 -8.908143 -7.681469 -11.393635 -11.091857 0.000207 -0.000207 
2943	(   2.318174  -1.393569  -1.091866 )	15.522906 -12.318174 -8.606431 -8.908134 -7.681826 -11.393569 -11.091866 -0.001219 0.001219 
2944	(   2.318229  -1.393885  -1.091845 )	15.525839 -12.318229 -8.606115 -8.908155 -7.681771 -11.393885 -11.091845 0.000874 -0.000874 
2945	(   2.317512  -1.394036  -1.091908 )	15.519752 -12.317512 -8.605964 -8.908092 -7.682488 -11.394036 -11.091908 0.000063 -0.000063 
2946	(   2.318171  -1.393832  -1.091858 )	15.524855 -12.318171 -8.606168 -8.908142 -7.681829 -11.393832 -11.091858 0.000430 -0.000430 
2947	(   2.318234  -1.393742  -1.091852 )	15.524814 -12.318234 -8.606258 -8.908148 -7.681766 -11.393742 -11.091852 0.000000 -0.000000 
2948	(   2.318051  -1.393817  -1.091862 )	15.523533 -12.318051 -8.606183 -8.908138 -7.681949 -11.393817 -11.091862 0.000001 -0.000001 
2949	(   2.317944  -1.393861  -1.091869 )	15.522788 -12.317944 -8.606139 -8.908131 -7.682056 -11.393861 -11.091869 0.000001 -0.000001 
2950	(   2.317565  -1.394021  -1.091885 )	15.520180 -12.317565 -8.605979 -8.908115 -7.682435 -11.394021 -11.091885 0.000004 -0.000004 
2951	(   2.318165  -1.393781  -1.091842 )	15.524409 -12.318165 -8.606219 -8.908158 -7.681835 -11.393781 -11.091842 -0.000001 0.000001 
2952	(   2.318056  -1.393815  -1.091862 )	15.523572 -12.318056 -8.606185 -8.908138 -7.681944 -11.393815 -11.091862 0.000001 -0.000001 
2953	(   2.318435  -1.39366   -1.09184  )	15.526216 -12.318435 -8.606340 -8.908160 -7.681565 -11.393660 -11.091840 0.000000 -0.000000 
2954	(   2.317488  -1.394044  -1.091873 )	15.519575 -12.317488 -8.605956 -8.908127 -7.682512 -11.394044 -11.091873 -0.000135 0.000135 
2955	(   2.318272  -1.393593  -1.091832 )	15.524070 -12.318272 -8.606407 -8.908168 -7.681728 -11.393593 -11.091832 -0.000957 0.000957 
2956	(   2.318064  -1.393542  -1.091863 )	15.521597 -12.318064 -8.606458 -8.908137 -7.681936 -11.393542 -11.091863 -0.001731 0.001731 
2957	(   2.318034  -1.393845  -1.09184  )	15.523579 -12.318034 -8.606155 -8.908160 -7.681966 -11.393845 -11.091840 0.000017 -0.000017 
2958	(   2.317554  -1.394023  -1.091913 )	15.520085 -12.317554 -8.605977 -8.908087 -7.682446 -11.394023 -11.091913 0.000137 -0.000137 
2959	(   2.318241  -1.393749  -1.091852 )	15.524933 -12.318241 -8.606251 -8.908148 -7.681759 -11.393749 -11.091852 0.000063 -0.000063 
2960	(   2.3175    -1.394028  -1.091913 )	15.519574 -12.317500 -8.605972 -8.908087 -7.682500 -11.394028 -11.091913 0.000006 -0.000006 
2961	(   2.318055  -1.393813  -1.091865 )	15.523544 -12.318055 -8.606187 -8.908135 -7.681945 -11.393813 -11.091865 0.000002 -0.000002 
2962	(   2.318182  -1.393763  -1.091855 )	15.524453 -12.318182 -8.606237 -8.908145 -7.681818 -11.393763 -11.091855 0.000000 -0.000000 
2963	(   2.318027  -1.393827  -1.091864 )	15.523370 -12.318027 -8.606173 -8.908136 -7.681973 -11.393827 -11.091864 0.000001 -0.000001 
2964	(   2.317536  -1.394006  -1.091913 )	15.519771 -12.317536 -8.605994 -8.908087 -7.682464 -11.394006 -11.091913 -0.000029 0.000029 
2965	(   2.318094  -1.393826  -1.091826 )	15.524043 -12.318094 -8.606174 -8.908174 -7.681906 -11.393826 -11.091826 -0.000001 0.000001 
2966	(   2.318137  -1.393782  -1.091857 )	15.524138 -12.318137 -8.606218 -8.908143 -7.681863 -11.393782 -11.091857 0.000001 -0.000001 

BBE ( SOL ) BBO
2967	(   2.318305  -1.393713  -1.091848 )	15.525309 -12.318305 -8.606287 -8.908152 -7.681695 -11.393713 -11.091848 0.000000 -0.000000 
2968	(   2.317453  -1.394048  -1.091873 )	15.519266 -12.317453 -8.605952 -8.908127 -7.682547 -11.394048 -11.091873 -0.000206 0.000206 
2969	(   2.317588  -1.394019  -1.091913 )	15.520394 -12.317588 -8.605981 -8.908087 -7.682412 -11.394019 -11.091913 0.000208 -0.000208 
2970	(   2.317982  -1.393688  -1.091852 )	15.521875 -12.317982 -8.606312 -8.908148 -7.682018 -11.393688 -11.091852 -0.001086 0.001086 
2971	(   2.318209  -1.39363   -1.091875 )	15.523714 -12.318209 -8.606370 -8.908125 -7.681791 -11.393630 -11.091875 -0.000678 0.000678 
2972	(   2.318275  -1.393563  -1.09184  )	15.523877 -12.318275 -8.606437 -8.908160 -7.681725 -11.393563 -11.091840 -0.001096 0.001096 
2973	(   2.31818   -1.393778  -1.091854 )	15.524543 -12.318180 -8.606222 -8.908146 -7.681820 -11.393778 -11.091854 0.000087 -0.000087 
2974	(   2.3175    -1.39404   -1.091896 )	15.519673 -12.317500 -8.605960 -8.908104 -7.682500 -11.394040 -11.091896 0.000000 -0.000000 
2975	(   2.317438  -1.39406   -1.091906 )	15.519203 -12.317438 -8.605940 -8.908094 -7.682562 -11.394060 -11.091906 -0.000002 0.000002 
2976	(   2.317442  -1.394053  -1.091913 )	15.519184 -12.317442 -8.605947 -8.908087 -7.682558 -11.394053 -11.091913 0.000000 -0.000000 
2977	(   2.317207  -1.394112  -1.091973 )	15.517249 -12.317207 -8.605888 -8.908027 -7.682793 -11.394112 -11.091973 -0.000002 0.000002 
2978	(   2.317744  -1.393921  -1.091907 )	15.521224 -12.317744 -8.606079 -8.908093 -7.682256 -11.393921 -11.091907 -0.000000 0.000000 
2979	(   2.317825  -1.393874  -1.091919 )	15.521684 -12.317825 -8.606126 -8.908081 -7.682175 -11.393874 -11.091919 -0.000000 0.000000 
2980	(   2.3173    -1.394135  -1.091892 )	15.518371 -12.317300 -8.605865 -8.908108 -7.682700 -11.394135 -11.091892 0.000001 -0.000001 
2981	(   2.317693  -1.39394   -1.091912 )	15.520855 -12.317693 -8.606060 -8.908088 -7.682307 -11.393940 -11.091912 -0.000000 0.000000 
2982	(   2.316872  -1.394382  -1.091829 )	15.515930 -12.316872 -8.605618 -8.908171 -7.683128 -11.394382 -11.091829 0.000002 -0.000002 
2983	(   2.317207  -1.394112  -1.091973 )	15.517254 -12.317207 -8.605888 -8.908027 -7.682793 -11.394112 -11.091973 -0.000001 0.000001 
2984	(   2.316501  -1.394288  -1.092153 )	15.511460 -12.316501 -8.605712 -8.907847 -7.683499 -11.394288 -11.092153 -0.000005 0.000005 
2985	(   2.317207  -1.394112  -1.091973 )	15.517256 -12.317207 -8.605888 -8.908027 -7.682793 -11.394112 -11.091973 0.000001 -0.000001 
2986	(   2.317388  -1.39406   -1.091936 )	15.518689 -12.317388 -8.605940 -8.908064 -7.682612 -11.394060 -11.091936 0.000001 -0.000001 
2987	(   2.317388  -1.394064  -1.09193  )	15.518720 -12.317388 -8.605936 -8.908070 -7.682612 -11.394064 -11.091930 -0.000003 0.000003 
2988	(   2.317347  -1.394101  -1.091908 )	15.518588 -12.317347 -8.605899 -8.908092 -7.682653 -11.394101 -11.091908 0.000001 -0.000001 
2989	(   2.317645  -1.393966  -1.091907 )	15.520569 -12.317645 -8.606034 -8.908093 -7.682355 -11.393966 -11.091907 0.000001 -0.000001 
2990	(   2.315442  -1.39387   -1.091957 )	15.497694 -12.315442 -8.606130 -8.908043 -7.684558 -11.393870 -11.091957 -0.006838 0.006838 
2991	(   2.317076  -1.393845  -1.091713 )	15.513959 -12.317076 -8.606155 -8.908287 -7.682924 -11.393845 -11.091713 -0.003462 0.003462 
2992	(   2.317883  -1.393053  -1.091947 )	15.516084 -12.317883 -8.606947 -8.908053 -7.682117 -11.393053 -11.091947 -0.004987 0.004987 
2993	(   2.317254  -1.39426   -1.092173 )	15.518819 -12.317254 -8.605740 -8.907827 -7.682746 -11.394260 -11.092173 0.002136 -0.002136 
2994	(   2.31716   -1.393964  -1.091773 )	15.515688 -12.317160 -8.606036 -8.908227 -7.682840 -11.393964 -11.091773 -0.002137 0.002137 
2995	(   2.31746   -1.394075  -1.091915 )	15.519529 -12.317460 -8.605925 -8.908085 -7.682540 -11.394075 -11.091915 0.000204 -0.000204 
2996	(   2.316501  -1.394287  -1.092153 )	15.511459 -12.316501 -8.605713 -8.907847 -7.683499 -11.394287 -11.092153 -0.000006 0.000006 
2997	(   2.316539  -1.394421  -1.091967 )	15.512869 -12.316539 -8.605579 -8.908033 -7.683461 -11.394421 -11.091967 -0.000000 0.000000 
2998	(   2.31383   -1.395525  -1.092129 )	15.493938 -12.313830 -8.604475 -8.907871 -7.686170 -11.395525 -11.092129 -0.000009 0.000009 
2999	(   2.31499   -1.395246  -1.09182  )	15.503525 -12.314990 -8.604754 -8.908180 -7.685010 -11.395246 -11.091820 0.000001 -0.000001 
3000	(   2.310342  -1.39772   -1.09138  )	15.475527 -12.310342 -8.602280 -8.908620 -7.689658 -11.397720 -11.091380 -0.000021 0.000021 
3001	(   2.316527  -1.394485  -1.091894 )	15.513237 -12.316527 -8.605515 -8.908106 -7.683473 -11.394485 -11.091894 -0.000001 0.000001 
3002	(   2.316764  -1.394304  -1.091986 )	15.514244 -12.316764 -8.605696 -8.908014 -7.683236 -11.394304 -11.091986 0.000002 -0.000002 
3003	(   2.316628  -1.394403  -1.091939 )	15.513630 -12.316628 -8.605597 -8.908061 -7.683372 -11.394403 -11.091939 -0.000001 0.000001 
3004	(   2.317427  -1.394056  -1.091919 )	15.519052 -12.317427 -8.605944 -8.908081 -7.682573 -11.394056 -11.091919 0.000003 -0.000003 
3005	(   2.311539  -1.394261  -1.092017 )	15.461435 -12.311539 -8.605739 -8.907983 -7.688461 -11.394261 -11.092017 -0.015494 0.015494 
3006	(   2.31613   -1.393968  -1.091467 )	15.505401 -12.316130 -8.606032 -8.908533 -7.683870 -11.393968 -11.091467 -0.006732 0.006732 

BBE ( SOL ) BBO
3007	(   2.317049  -1.392421  -1.092076 )	15.502925 -12.317049 -8.607579 -8.907924 -7.682951 -11.392421 -11.092076 -0.010845 0.010845 
3008	(   2.31138   -1.395363  -1.09132  )	15.468206 -12.311380 -8.604637 -8.908680 -7.688620 -11.395363 -11.091320 -0.012483 0.012483 
3009	(   2.3186    -1.395129  -1.09232  )	15.538896 -12.318600 -8.604871 -8.907680 -7.681400 -11.395129 -11.092320 0.012487 -0.012487 
3010	(   2.316645  -1.394449  -1.09197  )	15.514142 -12.316645 -8.605551 -8.908030 -7.683355 -11.394449 -11.091970 0.000506 -0.000506 
3011	(   2.313969  -1.39553   -1.092046 )	15.495380 -12.313969 -8.604470 -8.907954 -7.686031 -11.395530 -11.092046 0.000004 -0.000004 
3012	(   2.31705   -1.394072  -1.092111 )	15.515361 -12.317050 -8.605928 -8.907889 -7.682950 -11.394072 -11.092111 0.000000 -0.000000 
3013	(   2.316521  -1.394324  -1.092098 )	15.511940 -12.316521 -8.605676 -8.907902 -7.683479 -11.394324 -11.092098 0.000000 -0.000000 
3014	(   2.316031  -1.394466  -1.092199 )	15.508073 -12.316031 -8.605534 -8.907801 -7.683969 -11.394466 -11.092199 0.000001 -0.000001 
3015	(   2.316467  -1.394032  -1.092491 )	15.509156 -12.316467 -8.605968 -8.907509 -7.683533 -11.394032 -11.092491 0.000004 -0.000004 
3016	(   2.315687  -1.394148  -1.092786 )	15.502156 -12.315687 -8.605852 -8.907214 -7.684313 -11.394148 -11.092786 -0.000002 0.000002 
3017	(   2.315162  -1.394414  -1.092753 )	15.498886 -12.315162 -8.605586 -8.907247 -7.684838 -11.394414 -11.092753 -0.000003 0.000003 
3018	(   2.315965  -1.394492  -1.092204 )	15.507605 -12.315965 -8.605508 -8.907796 -7.684035 -11.394492 -11.092204 0.000004 -0.000004 
3019	(   2.317073  -1.394163  -1.091986 )	15.516289 -12.317073 -8.605837 -8.908014 -7.682927 -11.394163 -11.091986 0.000002 -0.000002 
3020	(   2.314521  -1.394449  -1.091832 )	15.492809 -12.314521 -8.605551 -8.908168 -7.685479 -11.394449 -11.091832 -0.006468 0.006468 
3021	(   2.314756  -1.394949  -1.09232  )	15.498881 -12.314756 -8.605051 -8.907680 -7.685244 -11.394949 -11.092320 -0.000002 0.000002 
3022	(   2.315437  -1.394249  -1.092598 )	15.500423 -12.315437 -8.605751 -8.907402 -7.684563 -11.394249 -11.092598 -0.001068 0.001068 
3023	(   2.316388  -1.393324  -1.092043 )	15.503079 -12.316388 -8.606676 -8.907957 -7.683612 -11.393324 -11.092043 -0.007137 0.007137 
3024	(   2.315224  -1.395543  -1.09132  )	15.508171 -12.315224 -8.604457 -8.908680 -7.684776 -11.395543 -11.091320 0.000008 -0.000008 
3025	(   2.316578  -1.394336  -1.092087 )	15.512606 -12.316578 -8.605664 -8.907913 -7.683422 -11.394336 -11.092087 0.000187 -0.000187 
3026	(   2.310342  -1.39772   -1.09138  )	15.475530 -12.310342 -8.602280 -8.908620 -7.689658 -11.397720 -11.091380 -0.000018 0.000018 
3027	(   2.316467  -1.394032  -1.092491 )	15.509158 -12.316467 -8.605968 -8.907509 -7.683533 -11.394032 -11.092491 0.000006 -0.000006 
3028	(   2.315332  -1.394924  -1.092025 )	15.504515 -12.315332 -8.605076 -8.907975 -7.684668 -11.394924 -11.092025 -0.000004 0.000004 
3029	(   2.316361  -1.394353  -1.092152 )	15.510545 -12.316361 -8.605647 -8.907848 -7.683639 -11.394353 -11.092152 -0.000000 0.000000 
3030	(   2.315882  -1.39444   -1.092315 )	15.506366 -12.315882 -8.605560 -8.907685 -7.684118 -11.394440 -11.092315 -0.000001 0.000001 
3031	(   2.31354   -1.395128  -1.092786 )	15.487957 -12.313540 -8.604872 -8.907214 -7.686460 -11.395128 -11.092786 0.000000 -0.000000 
3032	(   2.30919   -1.394773  -1.095684 )	15.441316 -12.309190 -8.605227 -8.904316 -7.690810 -11.394773 -11.095684 0.000084 -0.000084 
3033	(   2.310342  -1.39772   -1.09138  )	15.475527 -12.310342 -8.602280 -8.908620 -7.689658 -11.397720 -11.091380 -0.000020 0.000020 
3034	(   2.309245  -1.397061  -1.092822 )	15.459391 -12.309245 -8.602939 -8.907178 -7.690755 -11.397061 -11.092822 -0.000003 0.000003 
3035	(   2.316632  -1.393374  -1.093211 )	15.505783 -12.316632 -8.606626 -8.906789 -7.683368 -11.393374 -11.093211 0.000003 -0.000003 
3036	(   2.314409  -1.394782  -1.092724 )	15.494089 -12.314409 -8.605218 -8.907276 -7.685591 -11.394782 -11.092724 0.000003 -0.000003 
3037	(   2.316007  -1.394512  -1.092156 )	15.508179 -12.316007 -8.605488 -8.907844 -7.683993 -11.394512 -11.092156 0.000003 -0.000003 
3038	(   2.31854   -1.394316  -1.093034 )	15.532082 -12.318540 -8.605684 -8.906966 -7.681460 -11.394316 -11.093034 0.010775 -0.010775 
3039	(   2.30854   -1.394139  -1.09358  )	15.430265 -12.308540 -8.605861 -8.906420 -7.691460 -11.394139 -11.093580 -0.016951 0.016951 
3040	(   2.31243   -1.39455   -1.091786 )	15.472571 -12.312430 -8.605450 -8.908214 -7.687570 -11.394550 -11.091786 -0.012212 0.012212 
3041	(   2.310712  -1.394635  -1.09082  )	15.456081 -12.310712 -8.605365 -8.909180 -7.689288 -11.394635 -11.090820 -0.021743 0.021743 
3042	(   2.319268  -1.395857  -1.09282  )	15.551054 -12.319268 -8.604143 -8.907180 -7.680732 -11.395857 -11.092820 0.021776 -0.021776 
3043	(   2.313551  -1.395152  -1.092786 )	15.488249 -12.313551 -8.604848 -8.907214 -7.686449 -11.395152 -11.092786 0.000188 -0.000188 
3044	(   2.30919   -1.394772  -1.095685 )	15.441315 -12.309190 -8.605228 -8.904315 -7.690810 -11.394772 -11.095685 0.000083 -0.000083 
3045	(   2.313465  -1.395163  -1.092784 )	15.487475 -12.313465 -8.604837 -8.907216 -7.686535 -11.395163 -11.092784 -0.000003 0.000003 
3046	(   2.314712  -1.395442  -1.091735 )	15.502215 -12.314712 -8.604558 -8.908265 -7.685288 -11.395442 -11.091735 0.000002 -0.000002 

BBE ( SOL ) BBO
3047	(   2.314409  -1.394782  -1.092724 )	15.494090 -12.314409 -8.605218 -8.907276 -7.685591 -11.394782 -11.092724 0.000002 -0.000002 
3048	(   2.316007  -1.394511  -1.092156 )	15.508177 -12.316007 -8.605489 -8.907844 -7.683993 -11.394511 -11.092156 0.000001 -0.000001 
3049	(   2.31154   -1.394952  -1.092913 )	15.466542 -12.311540 -8.605048 -8.907087 -7.688460 -11.394952 -11.092913 -0.006363 0.006363 
3050	(   2.312859  -1.395628  -1.092807 )	15.484879 -12.312859 -8.604372 -8.907193 -7.687141 -11.395628 -11.092807 0.001329 -0.001329 
3051	(   2.313062  -1.395107  -1.092286 )	15.483061 -12.313062 -8.604893 -8.907714 -7.686938 -11.395107 -11.092286 -0.004146 0.004146 
3052	(   2.31699   -1.395502  -1.092154 )	15.525530 -12.316990 -8.604498 -8.907846 -7.683010 -11.395502 -11.092154 0.009289 -0.009289 
3053	(   2.31299   -1.394989  -1.091487 )	15.481539 -12.312990 -8.605011 -8.908513 -7.687010 -11.394989 -11.091487 -0.009282 0.009282 
3054	(   2.313652  -1.395105  -1.09279  )	15.488916 -12.313652 -8.604895 -8.907210 -7.686348 -11.395105 -11.092790 0.000208 -0.000208 
3055	(   2.313037  -1.395163  -1.0929   )	15.483163 -12.313037 -8.604837 -8.907100 -7.686963 -11.395163 -11.092900 -0.000659 0.000659 
3056	(   2.314903  -1.395345  -1.091747 )	15.503406 -12.314903 -8.604655 -8.908253 -7.685097 -11.395345 -11.091747 0.000005 -0.000005 
3057	(   2.31348   -1.394928  -1.0928   )	15.485847 -12.313480 -8.605072 -8.907200 -7.686520 -11.394928 -11.092800 -0.001396 0.001396 
3058	(   2.313405  -1.395115  -1.092586 )	15.486532 -12.313405 -8.604885 -8.907414 -7.686595 -11.395115 -11.092586 -0.001520 0.001520 
3059	(   2.31254   -1.395141  -1.092813 )	15.478016 -12.312540 -8.604859 -8.907187 -7.687460 -11.395141 -11.092813 -0.002720 0.002720 
3060	(   2.314609  -1.395046  -1.091758 )	15.498197 -12.314609 -8.604954 -8.908242 -7.685391 -11.395046 -11.091758 -0.002740 0.002740 
3061	(   2.315371  -1.395446  -1.091883 )	15.508855 -12.315371 -8.604554 -8.908117 -7.684629 -11.395446 -11.091883 0.002743 -0.002743 
3062	(   2.314015  -1.395257  -1.092801 )	15.493700 -12.314015 -8.604743 -8.907199 -7.685985 -11.395257 -11.092801 0.002308 -0.002308 
3063	(   2.310342  -1.39772   -1.09138  )	15.475535 -12.310342 -8.602280 -8.908620 -7.689658 -11.397720 -11.091380 -0.000016 0.000016 
3064	(   2.313271  -1.39518   -1.092864 )	15.485645 -12.313271 -8.604820 -8.907136 -7.686729 -11.395180 -11.092864 -0.000050 0.000050 
3065	(   2.31479   -1.395446  -1.091809 )	15.503026 -12.314790 -8.604554 -8.908191 -7.685210 -11.395446 -11.091809 0.000648 -0.000648 
3066	(   2.314491  -1.394814  -1.092637 )	15.495170 -12.314491 -8.605186 -8.907363 -7.685509 -11.394814 -11.092637 -0.000001 0.000001 
3067	(   2.313721  -1.394988  -1.092856 )	15.488721 -12.313721 -8.605012 -8.907144 -7.686279 -11.394988 -11.092856 -0.000002 0.000002 
3068	(   2.317344  -1.393874  -1.092188 )	15.516820 -12.317344 -8.606126 -8.907812 -7.682656 -11.393874 -11.092188 -0.000012 0.000012 
3069	(   2.313966  -1.394947  -1.09277  )	15.490875 -12.313966 -8.605053 -8.907230 -7.686034 -11.394947 -11.092770 0.000001 -0.000001 
3070	(   2.315243  -1.394404  -1.09272  )	15.499628 -12.315243 -8.605596 -8.907280 -7.684757 -11.394404 -11.092720 0.000000 -0.000000 
3071	(   2.312299  -1.395615  -1.092885 )	15.479154 -12.312299 -8.604385 -8.907115 -7.687701 -11.395615 -11.092885 0.000007 -0.000007 
3072	(   2.314173  -1.395041  -1.092536 )	15.493695 -12.314173 -8.604959 -8.907464 -7.685827 -11.395041 -11.092536 0.000002 -0.000002 
3073	(   2.313575  -1.394932  -1.093008 )	15.486817 -12.313575 -8.605068 -8.906992 -7.686425 -11.394932 -11.093008 0.000001 -0.000001 
3074	(   2.315785  -1.394476  -1.092326 )	15.505662 -12.315785 -8.605524 -8.907674 -7.684215 -11.394476 -11.092326 0.000002 -0.000002 
3075	(   2.30919   -1.394773  -1.095685 )	15.441316 -12.309190 -8.605227 -8.904315 -7.690810 -11.394773 -11.095685 0.000085 -0.000085 
3076	(   2.31368   -1.394347  -1.093673 )	15.483395 -12.313680 -8.605653 -8.906327 -7.686320 -11.394347 -11.093673 0.000010 -0.000010 
3077	(   2.314742  -1.394067  -1.09342  )	15.491977 -12.314742 -8.605933 -8.906580 -7.685258 -11.394067 -11.093420 0.000000 -0.000000 
3078	(   2.315523  -1.39484   -1.092022 )	15.505805 -12.315523 -8.605160 -8.907978 -7.684477 -11.394840 -11.092022 0.000003 -0.000003 
3079	(   2.312655  -1.394713  -1.093799 )	15.475836 -12.312655 -8.605287 -8.906201 -7.687345 -11.394713 -11.093799 0.000007 -0.000007 
3080	(   2.315435  -1.394443  -1.092564 )	15.501865 -12.315435 -8.605557 -8.907436 -7.684565 -11.394443 -11.092564 -0.000002 0.000002 
3081	(   2.312149  -1.396128  -1.092844 )	15.481509 -12.312149 -8.603872 -8.907156 -7.687851 -11.396128 -11.092844 0.002654 -0.002654 
3082	(   2.31154   -1.394426  -1.092816 )	15.462592 -12.311540 -8.605574 -8.907184 -7.688460 -11.394426 -11.092816 -0.010264 0.010264 
3083	(   2.313352  -1.395177  -1.092286 )	15.486493 -12.313352 -8.604823 -8.907714 -7.686648 -11.395177 -11.092286 -0.002846 0.002846 
3084	(   2.313709  -1.393932  -1.093038 )	15.480633 -12.313709 -8.606068 -8.906962 -7.686291 -11.393932 -11.093038 -0.005903 0.005903 
3085	(   2.313441  -1.395932  -1.092979 )	15.493002 -12.313441 -8.604068 -8.907021 -7.686559 -11.395932 -11.092979 0.005909 -0.005909 
3086	(   2.315282  -1.394798  -1.092933 )	15.502960 -12.315282 -8.605202 -8.907067 -7.684718 -11.394798 -11.092933 0.003764 -0.003764 

BBE ( SOL ) BBO
3087	(   2.31368   -1.394347  -1.093673 )	15.483392 -12.313680 -8.605653 -8.906327 -7.686320 -11.394347 -11.093673 0.000008 -0.000008 
3088	(   2.313246  -1.395232  -1.092823 )	15.485786 -12.313246 -8.604768 -8.907177 -7.686754 -11.395232 -11.092823 -0.000002 0.000002 
3089	(   2.31404   -1.394753  -1.092967 )	15.490144 -12.314040 -8.605247 -8.907033 -7.685960 -11.394753 -11.092967 0.000000 -0.000000 
3090	(   2.312972  -1.394894  -1.093395 )	15.480431 -12.312972 -8.605106 -8.906605 -7.687028 -11.394894 -11.093395 0.000001 -0.000001 
3091	(   2.314675  -1.394527  -1.092889 )	15.494826 -12.314675 -8.605473 -8.907111 -7.685325 -11.394527 -11.092889 0.000000 -0.000000 
3092	(   2.311268  -1.394194  -1.095221 )	15.457866 -12.311268 -8.605806 -8.904779 -7.688732 -11.394194 -11.095221 0.000040 -0.000040 
3093	(   2.313973  -1.394607  -1.093186 )	15.488342 -12.313973 -8.605393 -8.906814 -7.686027 -11.394607 -11.093186 -0.000001 0.000001 
3094	(   2.314244  -1.394119  -1.093635 )	15.487348 -12.314244 -8.605881 -8.906365 -7.685756 -11.394119 -11.093635 -0.000000 0.000000 
3095	(   2.311268  -1.394194  -1.095221 )	15.457866 -12.311268 -8.605806 -8.904779 -7.688732 -11.394194 -11.095221 0.000041 -0.000041 
3096	(   2.31806   -1.391794  -1.094354 )	15.508128 -12.318060 -8.608206 -8.905646 -7.681940 -11.391794 -11.094354 -0.000017 0.000017 
3097	(   2.315332  -1.394405  -1.092668 )	15.500538 -12.315332 -8.605595 -8.907332 -7.684668 -11.394405 -11.092668 -0.000004 0.000004 
3098	(   2.322284  -1.391633  -1.092183 )	15.549657 -12.322284 -8.608367 -8.907817 -7.677716 -11.391633 -11.092183 0.000002 -0.000002 
3099	(   2.313141  -1.395267  -1.092839 )	15.484996 -12.313141 -8.604733 -8.907161 -7.686859 -11.395267 -11.092839 0.000000 -0.000000 
3100	(   2.31234   -1.395867  -1.092549 )	15.481501 -12.312340 -8.604133 -8.907451 -7.687660 -11.395867 -11.092549 -0.000001 0.000001 
3101	(   2.311272  -1.394194  -1.095221 )	15.457904 -12.311272 -8.605806 -8.904779 -7.688728 -11.394194 -11.095221 0.000052 -0.000052 
3102	(   2.309841  -1.398711  -1.090451 )	15.478073 -12.309841 -8.601289 -8.909549 -7.690159 -11.398711 -11.090451 0.000076 -0.000076 
3103	(   2.312941  -1.396881  -1.09096  )	15.495354 -12.312941 -8.603119 -8.909040 -7.687059 -11.396881 -11.090960 0.000050 -0.000050 
3104	(   2.328772  -1.386539  -1.094838 )	15.576413 -12.328772 -8.613461 -8.905162 -7.671228 -11.386539 -11.094838 -0.000015 0.000015 
3105	(   2.313241  -1.394922  -1.093207 )	15.483363 -12.313241 -8.605078 -8.906793 -7.686759 -11.394922 -11.093207 -0.000010 0.000010 
3106	(   2.313841  -1.394795  -1.093027 )	15.488454 -12.313841 -8.605205 -8.906973 -7.686159 -11.394795 -11.093027 -0.000003 0.000003 
3107	(   2.309941  -1.39388   -1.094839 )	15.442234 -12.309941 -8.606120 -8.905161 -7.690059 -11.393880 -11.094839 -0.007896 0.007896 
3108	(   2.303141  -1.397075  -1.092403 )	15.398393 -12.303141 -8.602925 -8.907597 -7.696859 -11.397075 -11.092403 -0.020115 0.020115 
3109	(   2.310341  -1.390267  -1.092105 )	15.419398 -12.310341 -8.609733 -8.907895 -7.689659 -11.390267 -11.092105 -0.044257 0.044257 
3110	(   2.314472  -1.389894  -1.092264 )	15.458013 -12.314472 -8.610106 -8.907736 -7.685528 -11.389894 -11.092264 -0.033711 0.033711 
3111	(   2.311472  -1.399894  -1.094526 )	15.502894 -12.311472 -8.600106 -8.905474 -7.688528 -11.399894 -11.094526 0.033806 -0.033806 
3112	(   2.316241  -1.39714   -1.091869 )	15.530375 -12.316241 -8.602860 -8.908131 -7.683759 -11.397140 -11.091869 0.016192 -0.016192 
3113	(   2.309832  -1.398711  -1.090451 )	15.477983 -12.309832 -8.601289 -8.909549 -7.690168 -11.398711 -11.090451 0.000049 -0.000049 
3114	(   2.309868  -1.395014  -1.094992 )	15.450009 -12.309868 -8.604986 -8.905008 -7.690132 -11.395014 -11.094992 -0.000001 0.000001 
3115	(   2.300568  -1.395374  -1.099783 )	15.359100 -12.300568 -8.604626 -8.900217 -7.699432 -11.395374 -11.099783 0.000238 -0.000238 
3116	(   2.318341  -1.392253  -1.093659 )	15.514482 -12.318341 -8.607747 -8.906341 -7.681659 -11.392253 -11.093659 0.000131 -0.000131 
3117	(   2.321368  -1.392868  -1.09119  )	15.549847 -12.321368 -8.607132 -8.908810 -7.678632 -11.392868 -11.091190 0.000127 -0.000127 
3118	(   2.305341  -1.394984  -1.094839 )	15.404438 -12.305341 -8.605016 -8.905161 -7.694659 -11.394984 -11.094839 -0.014335 0.014335 
3119	(   2.312041  -1.393267  -1.092377 )	15.458957 -12.312041 -8.606733 -8.907623 -7.687959 -11.393267 -11.092377 -0.018546 0.018546 
3120	(   2.308968  -1.393014  -1.094206 )	15.426041 -12.308968 -8.606986 -8.905794 -7.691032 -11.393014 -11.094206 -0.019651 0.019651 
3121	(   2.310768  -1.397014  -1.095778 )	15.473996 -12.310768 -8.602986 -8.904222 -7.689232 -11.397014 -11.095778 0.019686 -0.019686 
3122	(   2.323141  -1.394695  -1.094325 )	15.581149 -12.323141 -8.605305 -8.905675 -7.676859 -11.394695 -11.094325 0.033534 -0.033534 
3123	(   2.313141  -1.395478  -1.092844 )	15.486584 -12.313141 -8.604522 -8.907156 -7.686859 -11.395478 -11.092844 0.001388 -0.001388 
3124	(   2.300556  -1.395374  -1.099783 )	15.358979 -12.300556 -8.604626 -8.900217 -7.699444 -11.395374 -11.099783 0.000202 -0.000202 
3125	(   2.311835  -1.393474  -1.095778 )	15.458082 -12.311835 -8.606526 -8.904222 -7.688165 -11.393474 -11.095778 -0.000002 0.000002 
3126	(   2.313214  -1.395185  -1.092899 )	15.485106 -12.313214 -8.604815 -8.907101 -7.686786 -11.395185 -11.092899 -0.000001 0.000001 

BBE ( SOL ) BBO
3127	(   2.313243  -1.394922  -1.093207 )	15.483384 -12.313243 -8.605078 -8.906793 -7.686757 -11.394922 -11.093207 -0.000004 0.000004 
3128	(   2.313841  -1.394795  -1.093027 )	15.488452 -12.313841 -8.605205 -8.906973 -7.686159 -11.394795 -11.093027 -0.000003 0.000003 
3129	(   2.311958  -1.394622  -1.093839 )	15.468156 -12.311958 -8.605378 -8.906161 -7.688042 -11.394622 -11.093839 -0.002418 0.002418 
3130	(   2.306357  -1.396014  -1.095151 )	15.422315 -12.306357 -8.603986 -8.904849 -7.693643 -11.396014 -11.095151 -0.003073 0.003073 
3131	(   2.309047  -1.394267  -1.092    )	15.436488 -12.309047 -8.605733 -8.908000 -7.690953 -11.394267 -11.092000 -0.022880 0.022880 
3132	(   2.313379  -1.394014  -1.094833 )	15.477741 -12.313379 -8.605986 -8.905167 -7.686621 -11.394014 -11.094833 0.003056 -0.003056 
3133	(   2.318141  -1.394607  -1.09265  )	15.530309 -12.318141 -8.605393 -8.907350 -7.681859 -11.394607 -11.092650 0.009479 -0.009479 
3134	(   2.314288  -1.395914  -1.091872 )	15.501499 -12.314288 -8.604086 -8.908128 -7.685712 -11.395914 -11.091872 0.002518 -0.002518 
3135	(   2.300556  -1.395374  -1.099783 )	15.358979 -12.300556 -8.604626 -8.900217 -7.699444 -11.395374 -11.099783 0.000201 -0.000201 
3136	(   2.310489  -1.394229  -1.095177 )	15.450311 -12.310489 -8.605771 -8.904823 -7.689511 -11.394229 -11.095177 -0.002264 0.002264 
3137	(   2.313114  -1.395188  -1.092952 )	15.484120 -12.313114 -8.604812 -8.907048 -7.686886 -11.395188 -11.092952 -0.000000 0.000000 
3138	(   2.313034  -1.394951  -1.09329  )	15.481492 -12.313034 -8.605049 -8.906710 -7.686966 -11.394951 -11.093290 -0.000001 0.000001 
3139	(   2.308337  -1.396637  -1.093856 )	15.446984 -12.308337 -8.603363 -8.906144 -7.691663 -11.396637 -11.093856 -0.000009 0.000009 
3140	(   2.313145  -1.395245  -1.092864 )	15.484869 -12.313145 -8.604755 -8.907136 -7.686855 -11.395245 -11.092864 -0.000001 0.000001 
3141	(   2.31346   -1.394589  -1.093497 )	15.483025 -12.313460 -8.605411 -8.906503 -7.686540 -11.394589 -11.093497 0.000001 -0.000001 
3142	(   2.31352   -1.394993  -1.092965 )	15.486725 -12.313520 -8.605007 -8.907035 -7.686480 -11.394993 -11.092965 0.000004 -0.000004 
3143	(   2.311114  -1.395652  -1.093395 )	15.467485 -12.311114 -8.604348 -8.906605 -7.688886 -11.395652 -11.093395 -0.000586 0.000586 
3144	(   2.308487  -1.395389  -1.093992 )	15.439089 -12.308487 -8.604611 -8.906008 -7.691513 -11.395389 -11.093992 -0.006899 0.006899 
3145	(   2.311249  -1.394639  -1.095992 )	15.460936 -12.311249 -8.605361 -8.904008 -7.688751 -11.394639 -11.095992 0.006908 -0.006908 
3146	(   2.312262  -1.394188  -1.093038 )	15.468032 -12.312262 -8.605812 -8.906962 -7.687738 -11.394188 -11.093038 -0.008511 0.008511 
3147	(   2.312308  -1.395274  -1.091952 )	15.476786 -12.312308 -8.604726 -8.908048 -7.687692 -11.395274 -11.091952 -0.007035 0.007035 
3148	(   2.314609  -1.395217  -1.093112 )	15.499339 -12.314609 -8.604783 -8.906888 -7.685391 -11.395217 -11.093112 0.005428 -0.005428 
3149	(   2.313034  -1.394951  -1.09329  )	15.481493 -12.313034 -8.605049 -8.906710 -7.686966 -11.394951 -11.093290 0.000000 -0.000000 
3150	(   2.312793  -1.39424   -1.094304 )	15.473615 -12.312793 -8.605760 -8.905696 -7.687207 -11.394240 -11.094304 0.000012 -0.000012 
3151	(   2.311786  -1.395429  -1.093404 )	15.472546 -12.311786 -8.604571 -8.906596 -7.688214 -11.395429 -11.093404 0.000004 -0.000004 
3152	(   2.313619  -1.396124  -1.091507 )	15.496400 -12.313619 -8.603876 -8.908493 -7.686381 -11.396124 -11.091507 0.000002 -0.000002 
3153	(   2.311949  -1.396152  -1.092419 )	15.479737 -12.311949 -8.603848 -8.907581 -7.688051 -11.396152 -11.092419 0.000007 -0.000007 
3154	(   2.31367   -1.394627  -1.093331 )	15.485441 -12.313670 -8.605373 -8.906669 -7.686330 -11.394627 -11.093331 -0.000002 0.000002 
3155	(   2.312034  -1.394352  -1.093458 )	15.466928 -12.312034 -8.605648 -8.906542 -7.687966 -11.394352 -11.093458 -0.005930 0.005930 
3156	(   2.313585  -1.393951  -1.092999 )	15.479533 -12.313585 -8.606049 -8.907001 -7.686415 -11.393951 -11.092999 -0.006349 0.006349 
3157	(   2.312777  -1.3951    -1.09229  )	15.480144 -12.312777 -8.604900 -8.907710 -7.687223 -11.395100 -11.092290 -0.005015 0.005015 
3158	(   2.308868  -1.394548  -1.094082 )	15.436577 -12.308868 -8.605452 -8.905918 -7.691132 -11.394548 -11.094082 -0.010722 0.010722 
3159	(   2.310868  -1.39548   -1.095902 )	15.463446 -12.310868 -8.604520 -8.904098 -7.689132 -11.395480 -11.095902 0.010735 -0.010735 
3160	(   2.313041  -1.394966  -1.093301 )	15.481675 -12.313041 -8.605034 -8.906699 -7.686959 -11.394966 -11.093301 0.000176 -0.000176 
3161	(   2.312793  -1.394241  -1.094304 )	15.473613 -12.312793 -8.605759 -8.905696 -7.687207 -11.394241 -11.094304 0.000014 -0.000014 
3162	(   2.309385  -1.394751  -1.095815 )	15.443096 -12.309385 -8.605249 -8.904185 -7.690615 -11.394751 -11.095815 0.001205 -0.001205 
3163	(   2.312034  -1.394995  -1.093799 )	15.471726 -12.312034 -8.605005 -8.906201 -7.687966 -11.394995 -11.093799 0.000000 -0.000000 
3164	(   2.309034  -1.395126  -1.095327 )	15.442449 -12.309034 -8.604874 -8.904673 -7.690966 -11.395126 -11.095327 0.000022 -0.000022 
3165	(   2.309676  -1.395264  -1.094793 )	15.449984 -12.309676 -8.604736 -8.905207 -7.690324 -11.395264 -11.094793 -0.000000 0.000000 
3166	(   2.3091    -1.396014  -1.094196 )	15.449913 -12.309100 -8.603986 -8.905804 -7.690900 -11.396014 -11.094196 0.000005 -0.000005 

BBE ( SOL ) BBO
3167	(   2.306607  -1.396871  -1.094544 )	15.431329 -12.306607 -8.603129 -8.905456 -7.693393 -11.396871 -11.094544 -0.000001 0.000001 
3168	(   2.297401  -1.401692  -1.093797 )	15.375525 -12.297401 -8.598308 -8.906203 -7.702599 -11.401692 -11.093797 -0.000089 0.000089 
3169	(   2.310033  -1.391569  -1.099099 )	15.425362 -12.310033 -8.608431 -8.900901 -7.689967 -11.391569 -11.099099 -0.000001 0.000001 
3170	(   2.3091    -1.396014  -1.094193 )	15.449914 -12.309100 -8.603986 -8.905807 -7.690900 -11.396014 -11.094193 -0.000010 0.000010 
3171	(   2.311104  -1.380484  -1.111999 )	15.352013 -12.311104 -8.619516 -8.888001 -7.688896 -11.380484 -11.111999 0.001854 -0.001854 
3172	(   2.300556  -1.399894  -1.094199 )	15.393509 -12.300556 -8.600106 -8.905801 -7.699444 -11.399894 -11.094199 -0.000218 0.000218 
3173	(   2.310544  -1.394603  -1.095093 )	15.453688 -12.310544 -8.605397 -8.904907 -7.689456 -11.394603 -11.095093 -0.000128 0.000128 
3174	(   2.310048  -1.394952  -1.094993 )	15.451349 -12.310048 -8.605048 -8.905007 -7.689952 -11.394952 -11.094993 0.000135 -0.000135 
3175	(   2.312348  -1.395129  -1.093493 )	15.475922 -12.312348 -8.604871 -8.906507 -7.687652 -11.395129 -11.093493 0.000191 -0.000191 
3176	(   2.30642   -1.398638  -1.084793 )	15.443891 -12.306420 -8.601362 -8.915207 -7.693580 -11.398638 -11.084793 -0.039626 0.039626 
3177	(   2.306731  -1.390264  -1.091893 )	15.383245 -12.306731 -8.609736 -8.908107 -7.693269 -11.390264 -11.091893 -0.055967 0.055967 
3178	(   2.314676  -1.393595  -1.085993 )	15.488601 -12.314676 -8.606405 -8.914007 -7.685324 -11.393595 -11.085993 -0.041676 0.041676 
3179	(   2.310405  -1.39246   -1.089099 )	15.436841 -12.310405 -8.607540 -8.910901 -7.689595 -11.392460 -11.089099 -0.045567 0.045567 
3180	(   2.309661  -1.390678  -1.109099 )	15.414008 -12.309661 -8.609322 -8.890901 -7.690339 -11.390678 -11.109099 0.047019 -0.047019 
3181	(   2.309688  -1.395297  -1.094993 )	15.450331 -12.309688 -8.604703 -8.905007 -7.690312 -11.395297 -11.094993 0.001298 -0.001298 
3182	(   2.311104  -1.380484  -1.112017 )	15.352012 -12.311104 -8.619516 -8.887983 -7.688896 -11.380484 -11.112017 0.001953 -0.001953 
3183	(   2.307305  -1.3987    -1.091894 )	15.452381 -12.307305 -8.601300 -8.908106 -7.692695 -11.398700 -11.091894 0.000007 -0.000007 
3184	(   2.311278  -1.390753  -1.099398 )	15.431690 -12.311278 -8.609247 -8.900602 -7.688722 -11.390753 -11.099398 -0.000004 0.000004 
3185	(   2.310048  -1.394952  -1.094969 )	15.451352 -12.310048 -8.605048 -8.905031 -7.689952 -11.394952 -11.094969 0.000009 -0.000009 
3186	(   2.312348  -1.395129  -1.093456 )	15.475926 -12.312348 -8.604871 -8.906544 -7.687652 -11.395129 -11.093456 -0.000003 0.000003 
3187	(   2.309329  -1.393264  -1.097125 )	15.431230 -12.309329 -8.606736 -8.902875 -7.690671 -11.393264 -11.097125 -0.001623 0.001623 
3188	(   2.311676  -1.39458   -1.092985 )	15.465102 -12.311676 -8.605420 -8.907015 -7.688324 -11.394580 -11.092985 -0.007984 0.007984 
3189	(   2.309548  -1.389569  -1.099335 )	15.405480 -12.309548 -8.610431 -8.900665 -7.690452 -11.389569 -11.099335 -0.013018 0.013018 
3190	(   2.308692  -1.394502  -1.089793 )	15.434943 -12.308692 -8.605498 -8.910207 -7.691308 -11.394502 -11.089793 -0.033872 0.033872 
3191	(   2.310518  -1.393569  -1.098863 )	15.445262 -12.310518 -8.606431 -8.901137 -7.689482 -11.393569 -11.098863 0.013040 -0.013040 
3192	(   2.309669  -1.395298  -1.094838 )	15.450164 -12.309669 -8.604702 -8.905162 -7.690331 -11.395298 -11.094838 0.000434 -0.000434 
3193	(   2.309162  -1.396163  -1.093977 )	15.451678 -12.309162 -8.603837 -8.906023 -7.690838 -11.396163 -11.093977 0.000001 -0.000001 
3194	(   2.311817  -1.393358  -1.095779 )	15.457030 -12.311817 -8.606642 -8.904221 -7.688183 -11.393358 -11.095779 -0.000797 0.000797 
3195	(   2.30911   -1.390569  -1.100724 )	15.408453 -12.309110 -8.609431 -8.899276 -7.690890 -11.390569 -11.100724 -0.000486 0.000486 
3196	(   2.308872  -1.394264  -1.095306 )	15.434351 -12.308872 -8.605736 -8.904694 -7.691128 -11.394264 -11.095306 -0.006116 0.006116 
3197	(   2.310956  -1.392569  -1.097474 )	15.442287 -12.310956 -8.607431 -8.902526 -7.689044 -11.392569 -11.097474 0.000532 -0.000532 
3198	(   2.308676  -1.396099  -1.095036 )	15.446207 -12.308676 -8.603901 -8.904964 -7.691324 -11.396099 -11.095036 0.003710 -0.003710 
3199	(   2.309475  -1.395169  -1.092793 )	15.447473 -12.309475 -8.604831 -8.907207 -7.690525 -11.395169 -11.092793 -0.011674 0.011674 
3200	(   2.30977   -1.395205  -1.094788 )	15.450485 -12.309770 -8.604795 -8.905212 -7.690230 -11.395205 -11.094788 -0.000130 0.000130 
3201	(   2.3091    -1.396014  -1.094196 )	15.449912 -12.309100 -8.603986 -8.905804 -7.690900 -11.396014 -11.094196 0.000004 -0.000004 
3202	(   2.310076  -1.391559  -1.099153 )	15.425708 -12.310076 -8.608441 -8.900847 -7.689924 -11.391559 -11.099153 0.000345 -0.000345 
3203	(   2.310519  -1.395282  -1.094313 )	15.458625 -12.310519 -8.604718 -8.905687 -7.689481 -11.395282 -11.094313 0.000080 -0.000080 
3204	(   2.310048  -1.394952  -1.094969 )	15.451352 -12.310048 -8.605048 -8.905031 -7.689952 -11.394952 -11.094969 0.000009 -0.000009 
3205	(   2.312348  -1.395129  -1.093456 )	15.475924 -12.312348 -8.604871 -8.906544 -7.687652 -11.395129 -11.093456 -0.000003 0.000003 
3206	(   2.310366  -1.391069  -1.099306 )	15.424930 -12.310366 -8.608931 -8.900694 -7.689634 -11.391069 -11.099306 -0.001137 0.001137 

BBE ( SOL ) BBO
3207	(   2.3097    -1.392069  -1.098892 )	15.425794 -12.309700 -8.607931 -8.901108 -7.690300 -11.392069 -11.098892 0.001136 -0.001136 
3208	(   2.309358  -1.394764  -1.095309 )	15.442979 -12.309358 -8.605236 -8.904691 -7.690642 -11.394764 -11.095309 -0.001449 0.001449 
3209	(   2.309176  -1.395651  -1.09506  )	15.447851 -12.309176 -8.604349 -8.904940 -7.690824 -11.395651 -11.095060 0.002423 -0.002423 
3210	(   2.309453  -1.395148  -1.093793 )	15.446983 -12.309453 -8.604852 -8.906207 -7.690547 -11.395148 -11.093793 -0.006646 0.006646 
3211	(   2.310256  -1.395025  -1.094399 )	15.454041 -12.310256 -8.604975 -8.905601 -7.689744 -11.395025 -11.094399 -0.001904 0.001904 
3212	(   2.3091    -1.396014  -1.094196 )	15.449912 -12.309100 -8.603986 -8.905804 -7.690900 -11.396014 -11.094196 0.000005 -0.000005 
3213	(   2.311104  -1.380484  -1.112017 )	15.352012 -12.311104 -8.619516 -8.887983 -7.688896 -11.380484 -11.112017 0.001952 -0.001952 
3214	(   2.309453  -1.395233  -1.094993 )	15.447492 -12.309453 -8.604767 -8.905007 -7.690547 -11.395233 -11.094993 0.000194 -0.000194 
3215	(   2.309834  -1.391495  -1.099103 )	15.422808 -12.309834 -8.608505 -8.900897 -7.690166 -11.391495 -11.099103 -0.001042 0.001042 
3216	(   2.310037  -1.394947  -1.094979 )	15.451203 -12.310037 -8.605053 -8.905021 -7.689963 -11.394947 -11.094979 -0.000005 0.000005 
3217	(   2.309334  -1.395747  -1.094392 )	15.450234 -12.309334 -8.604253 -8.905608 -7.690666 -11.395747 -11.094392 0.000001 -0.000001 
3218	(   2.309476  -1.395329  -1.095052 )	15.448437 -12.309476 -8.604671 -8.904948 -7.690524 -11.395329 -11.095052 0.001189 -0.001189 
3219	(   2.309742  -1.395149  -1.095293 )	15.449730 -12.309742 -8.604851 -8.904707 -7.690258 -11.395149 -11.095293 0.002080 -0.002080 
3220	(   2.309782  -1.395464  -1.094993 )	15.452531 -12.309782 -8.604536 -8.905007 -7.690218 -11.395464 -11.094993 0.002650 -0.002650 
3221	(   2.309833  -1.391483  -1.098688 )	15.422751 -12.309833 -8.608517 -8.901312 -7.690167 -11.391483 -11.098688 -0.003327 0.003327 
3222	(   2.310233  -1.391656  -1.09951  )	15.427974 -12.310233 -8.608344 -8.900490 -7.689767 -11.391656 -11.099510 0.003327 -0.003327 
3223	(   2.309673  -1.395268  -1.094762 )	15.449987 -12.309673 -8.604732 -8.905238 -7.690327 -11.395268 -11.094762 -0.000147 0.000147 
3224	(   2.309883  -1.391564  -1.099149 )	15.423814 -12.309883 -8.608436 -8.900851 -7.690117 -11.391564 -11.099149 -0.000214 0.000214 
3225	(   2.309476  -1.395248  -1.094836 )	15.447853 -12.309476 -8.604752 -8.905164 -7.690524 -11.395248 -11.094836 -0.000467 0.000467 
3226	(   2.310152  -1.39467   -1.095255 )	15.450241 -12.310152 -8.605330 -8.904745 -7.689848 -11.394670 -11.095255 -0.000001 0.000001 
3227	(   2.309363  -1.395678  -1.094461 )	15.449993 -12.309363 -8.604322 -8.905539 -7.690637 -11.395678 -11.094461 0.000001 -0.000001 
3228	(   2.309741  -1.395164  -1.094813 )	15.449880 -12.309741 -8.604836 -8.905187 -7.690259 -11.395164 -11.094813 -0.000350 0.000350 
3229	(   2.310026  -1.391469  -1.099057 )	15.424546 -12.310026 -8.608531 -8.900943 -7.689974 -11.391469 -11.099057 -0.000890 0.000890 
3230	(   2.309576  -1.395199  -1.094782 )	15.448491 -12.309576 -8.604801 -8.905218 -7.690424 -11.395199 -11.094782 -0.000773 0.000773 
3231	(   2.31004   -1.391669  -1.099141 )	15.426178 -12.310040 -8.608331 -8.900859 -7.689960 -11.391669 -11.099141 0.000888 -0.000888 
3232	(   2.309684  -1.39526   -1.094593 )	15.450055 -12.309684 -8.604740 -8.905407 -7.690316 -11.395260 -11.094593 -0.001054 0.001054 
3233	(   2.309676  -1.395266  -1.094795 )	15.449999 -12.309676 -8.604734 -8.905205 -7.690324 -11.395266 -11.094795 0.000021 -0.000021 
3234	(   2.310026  -1.39157   -1.099104 )	15.425294 -12.310026 -8.608430 -8.900896 -7.689974 -11.391570 -11.099104 0.000008 -0.000008 
3235	(   2.309639  -1.395281  -1.094794 )	15.449747 -12.309639 -8.604719 -8.905206 -7.690361 -11.395281 -11.094794 0.000006 -0.000006 
3236	(   2.310081  -1.394869  -1.095049 )	15.451050 -12.310081 -8.605131 -8.904951 -7.689919 -11.394869 -11.095049 -0.000011 0.000011 
3237	(   2.30975   -1.395178  -1.094858 )	15.450072 -12.309750 -8.604822 -8.905142 -7.690250 -11.395178 -11.094858 0.000002 -0.000002 
3238	(   2.309626  -1.395244  -1.094783 )	15.449333 -12.309626 -8.604756 -8.905217 -7.690374 -11.395244 -11.094783 -0.000328 0.000328 
3239	(   2.309653  -1.395314  -1.094848 )	15.450126 -12.309653 -8.604686 -8.905152 -7.690347 -11.395314 -11.094848 0.000541 -0.000541 
3240	(   2.309986  -1.391586  -1.099199 )	15.425004 -12.309986 -8.608414 -8.900801 -7.690014 -11.391586 -11.099199 0.000499 -0.000499 
3241	(   2.31008   -1.391552  -1.098999 )	15.425720 -12.310080 -8.608448 -8.901001 -7.689920 -11.391552 -11.098999 -0.000501 0.000501 
3242	(   2.309671  -1.395289  -1.094693 )	15.450131 -12.309671 -8.604711 -8.905307 -7.690329 -11.395289 -11.094693 -0.000380 0.000380 
3243	(   2.30969   -1.395242  -1.094894 )	15.449948 -12.309690 -8.604758 -8.905106 -7.690310 -11.395242 -11.094894 0.000430 -0.000430 
3244	(   2.310024  -1.391569  -1.099103 )	15.425276 -12.310024 -8.608431 -8.900897 -7.689976 -11.391569 -11.099103 -0.000005 0.000005 
3245	(   2.309639  -1.395288  -1.094742 )	15.449805 -12.309639 -8.604712 -8.905258 -7.690361 -11.395288 -11.094742 -0.000219 0.000219 
3246	(   2.309701  -1.395217  -1.094835 )	15.449870 -12.309701 -8.604783 -8.905165 -7.690299 -11.395217 -11.094835 -0.000016 0.000016 

BBE ( SOL ) BBO
3247	(   2.309695  -1.395229  -1.094825 )	15.449902 -12.309695 -8.604771 -8.905175 -7.690305 -11.395229 -11.094825 -0.000007 0.000007 
3248	(   2.309682  -1.395254  -1.094805 )	15.449967 -12.309682 -8.604746 -8.905195 -7.690318 -11.395254 -11.094805 0.000012 -0.000012 
3249	(   2.309692  -1.395235  -1.09482  )	15.449918 -12.309692 -8.604765 -8.905180 -7.690308 -11.395235 -11.094820 -0.000002 0.000002 
3250	(   2.309772  -1.39517   -1.094853 )	15.450236 -12.309772 -8.604830 -8.905147 -7.690228 -11.395170 -11.094853 -0.000007 0.000007 
3251	(   2.309673  -1.395254  -1.094809 )	15.449869 -12.309673 -8.604746 -8.905191 -7.690327 -11.395254 -11.094809 0.000003 -0.000003 
3252	(   2.309739  -1.395198  -1.094838 )	15.450114 -12.309739 -8.604802 -8.905162 -7.690261 -11.395198 -11.094838 -0.000003 0.000003 
3253	(   2.309689  -1.39524   -1.094816 )	15.449930 -12.309689 -8.604760 -8.905184 -7.690311 -11.395240 -11.094816 0.000001 -0.000001 
3254	(   2.309656  -1.39525   -1.094776 )	15.449679 -12.309656 -8.604750 -8.905224 -7.690344 -11.395250 -11.094776 -0.000240 0.000240 
3255	(   2.309684  -1.395244  -1.09484  )	15.449906 -12.309684 -8.604756 -8.905160 -7.690316 -11.395244 -11.094840 0.000139 -0.000139 
3256	(   2.310026  -1.391562  -1.099149 )	15.425237 -12.310026 -8.608438 -8.900851 -7.689974 -11.391562 -11.099149 0.000199 -0.000199 
3257	(   2.31004   -1.391576  -1.099049 )	15.425487 -12.310040 -8.608424 -8.900951 -7.689960 -11.391576 -11.099049 -0.000202 0.000202 
3258	(   2.30966   -1.395277  -1.094843 )	15.449915 -12.309660 -8.604723 -8.905157 -7.690340 -11.395277 -11.094843 0.000297 -0.000297 
3259	(   2.309676  -1.395264  -1.094792 )	15.449989 -12.309676 -8.604736 -8.905208 -7.690324 -11.395264 -11.094792 -0.000003 0.000003 
3260	(   2.310024  -1.391569  -1.099104 )	15.425277 -12.310024 -8.608431 -8.900896 -7.689976 -11.391569 -11.099104 0.000002 -0.000002 
3261	(   2.309671  -1.39525   -1.094809 )	15.449825 -12.309671 -8.604750 -8.905191 -7.690329 -11.395250 -11.094809 -0.000025 0.000025 
3262	(   2.309699  -1.395239  -1.094811 )	15.450019 -12.309699 -8.604761 -8.905189 -7.690301 -11.395239 -11.094811 -0.000004 0.000004 
3263	(   2.309679  -1.39525   -1.094809 )	15.449907 -12.309679 -8.604750 -8.905191 -7.690321 -11.395250 -11.094809 0.000001 -0.000001 
3264	(   2.309671  -1.395267  -1.094792 )	15.449962 -12.309671 -8.604733 -8.905208 -7.690329 -11.395267 -11.094792 0.000004 -0.000004 
3265	(   2.309686  -1.395243  -1.094813 )	15.449929 -12.309686 -8.604757 -8.905187 -7.690314 -11.395243 -11.094813 -0.000001 0.000001 
3266	(   2.309672  -1.395265  -1.094794 )	15.449950 -12.309672 -8.604735 -8.905206 -7.690328 -11.395265 -11.094794 -0.000001 0.000001 
3267	(   2.309685  -1.395246  -1.094811 )	15.449935 -12.309685 -8.604754 -8.905189 -7.690315 -11.395246 -11.094811 0.000001 -0.000001 
3268	(   2.309666  -1.395265  -1.094802 )	15.449886 -12.309666 -8.604735 -8.905198 -7.690334 -11.395265 -11.094802 0.000021 -0.000021 
3269	(   2.309676  -1.395254  -1.094797 )	15.449913 -12.309676 -8.604746 -8.905203 -7.690324 -11.395254 -11.094797 -0.000043 0.000043 
3270	(   2.310027  -1.391559  -1.099101 )	15.425226 -12.310027 -8.608441 -8.900899 -7.689973 -11.391559 -11.099101 -0.000070 0.000070 
3271	(   2.310039  -1.391579  -1.099097 )	15.425498 -12.310039 -8.608421 -8.900903 -7.689961 -11.391579 -11.099097 0.000068 -0.000068 
3272	(   2.309671  -1.395262  -1.094773 )	15.449922 -12.309671 -8.604738 -8.905227 -7.690329 -11.395262 -11.094773 -0.000133 0.000133 
3273	(   2.309676  -1.395264  -1.094793 )	15.449986 -12.309676 -8.604736 -8.905207 -7.690324 -11.395264 -11.094793 0.000001 -0.000001 
3274	(   2.309666  -1.395262  -1.094802 )	15.449864 -12.309666 -8.604738 -8.905198 -7.690334 -11.395262 -11.094802 0.000002 -0.000002 
3275	(   2.310024  -1.391576  -1.0991   )	15.425324 -12.310024 -8.608424 -8.900900 -7.689976 -11.391576 -11.099100 0.000022 -0.000022 
3276	(   2.309674  -1.395259  -1.094802 )	15.449922 -12.309674 -8.604741 -8.905198 -7.690326 -11.395259 -11.094802 0.000005 -0.000005 
3277	(   2.310028  -1.391567  -1.099098 )	15.425292 -12.310028 -8.608433 -8.900902 -7.689972 -11.391567 -11.099098 -0.000040 0.000040 
3278	(   2.309671  -1.395268  -1.094798 )	15.449966 -12.309671 -8.604732 -8.905202 -7.690329 -11.395268 -11.094798 0.000037 -0.000037 
3279	(   2.310038  -1.391572  -1.0991   )	15.425432 -12.310038 -8.608428 -8.900900 -7.689962 -11.391572 -11.099100 0.000037 -0.000037 
3280	(   2.30968   -1.395266  -1.094803 )	15.450042 -12.309680 -8.604734 -8.905197 -7.690320 -11.395266 -11.094803 0.000079 -0.000079 
3281	(   2.309676  -1.395264  -1.094793 )	15.449985 -12.309676 -8.604736 -8.905207 -7.690324 -11.395264 -11.094793 -0.000002 0.000002 
3282	(   2.309676  -1.395264  -1.094793 )	15.449984 -12.309676 -8.604736 -8.905207 -7.690324 -11.395264 -11.094793 -0.000000 0.000000 
3283	(   2.310027  -1.391567  -1.099104 )	15.425280 -12.310027 -8.608433 -8.900896 -7.689973 -11.391567 -11.099104 -0.000009 0.000009 
3284	(   2.309682  -1.395254  -1.094803 )	15.449967 -12.309682 -8.604746 -8.905197 -7.690318 -11.395254 -11.094803 0.000002 -0.000002 
3285	(   2.309674  -1.395262  -1.094796 )	15.449954 -12.309674 -8.604738 -8.905204 -7.690326 -11.395262 -11.094796 -0.000000 0.000000 
3286	(   2.30967   -1.395257  -1.094806 )	15.449864 -12.309670 -8.604743 -8.905194 -7.690330 -11.395257 -11.094806 -0.000001 0.000001 

BBE ( SOL ) BBO
3287	(   2.309666  -1.395256  -1.094809 )	15.449822 -12.309666 -8.604744 -8.905191 -7.690334 -11.395256 -11.094809 0.000000 -0.000000 
3288	(   2.309641  -1.395238  -1.094846 )	15.449428 -12.309641 -8.604762 -8.905154 -7.690359 -11.395238 -11.094846 0.000003 -0.000003 
3289	(   2.309656  -1.395244  -1.094829 )	15.449629 -12.309656 -8.604756 -8.905171 -7.690344 -11.395244 -11.094829 0.000003 -0.000003 
3290	(   2.310024  -1.391573  -1.0991   )	15.425303 -12.310024 -8.608427 -8.900900 -7.689976 -11.391573 -11.099100 0.000000 -0.000000 
3291	(   2.309998  -1.391584  -1.099101 )	15.425125 -12.309998 -8.608416 -8.900899 -7.690002 -11.391584 -11.099101 0.000005 -0.000005 
3292	(   2.309998  -1.391581  -1.099104 )	15.425103 -12.309998 -8.608419 -8.900896 -7.690002 -11.391581 -11.099104 -0.000000 0.000000 
3293	(   2.30992   -1.391605  -1.099117 )	15.424503 -12.309920 -8.608395 -8.900883 -7.690080 -11.391605 -11.099117 -0.000002 0.000002 
3294	(   2.30992   -1.391651  -1.09907  )	15.424847 -12.309920 -8.608349 -8.900930 -7.690080 -11.391651 -11.099070 0.000039 -0.000039 
3295	(   2.310033  -1.391555  -1.099117 )	15.425253 -12.310033 -8.608445 -8.900883 -7.689967 -11.391555 -11.099117 0.000000 -0.000000 
3296	(   2.310004  -1.39157   -1.099115 )	15.425077 -12.310004 -8.608430 -8.900885 -7.689996 -11.391570 -11.099115 0.000001 -0.000001 
3297	(   2.30999   -1.39157   -1.099122 )	15.424935 -12.309990 -8.608430 -8.900878 -7.690010 -11.391570 -11.099122 0.000003 -0.000003 
3298	(   2.310022  -1.391537  -1.099146 )	15.425001 -12.310022 -8.608463 -8.900854 -7.689978 -11.391537 -11.099146 0.000006 -0.000006 
3299	(   2.309834  -1.39163   -1.099135 )	15.423821 -12.309834 -8.608370 -8.900865 -7.690166 -11.391630 -11.099135 0.000000 -0.000000 
3300	(   2.309341  -1.391778  -1.09923  )	15.419977 -12.309341 -8.608222 -8.900770 -7.690659 -11.391778 -11.099230 0.000001 -0.000001 
3301	(   2.307861  -1.392221  -1.099512 )	15.408449 -12.307861 -8.607779 -8.900488 -7.692139 -11.392221 -11.099512 0.000002 -0.000002 
3302	(   2.309754  -1.391612  -1.099201 )	15.422875 -12.309754 -8.608388 -8.900799 -7.690246 -11.391612 -11.099201 -0.000000 0.000000 
3303	(   2.307861  -1.392221  -1.099512 )	15.408446 -12.307861 -8.607779 -8.900488 -7.692139 -11.392221 -11.099512 -0.000001 0.000001 
3304	(   2.303422  -1.39355   -1.100358 )	15.373898 -12.303422 -8.606450 -8.899642 -7.696578 -11.393550 -11.100358 -0.000013 0.000013 
3305	(   2.309513  -1.391558  -1.099399 )	15.420035 -12.309513 -8.608442 -8.900601 -7.690487 -11.391558 -11.099399 -0.000003 0.000003 
3306	(   2.310418  -1.392572  -1.09767  )	15.436893 -12.310418 -8.607428 -8.902330 -7.689582 -11.392572 -11.097670 0.000002 -0.000002 
3307	(   2.310821  -1.391137  -1.099187 )	15.430008 -12.310821 -8.608863 -8.900813 -7.689179 -11.391137 -11.099187 0.000004 -0.000004 
3308	(   2.309691  -1.391661  -1.099177 )	15.422613 -12.309691 -8.608339 -8.900823 -7.690309 -11.391661 -11.099177 0.000002 -0.000002 
3309	(   2.309948  -1.391581  -1.099131 )	15.424594 -12.309948 -8.608419 -8.900869 -7.690052 -11.391581 -11.099131 -0.000001 0.000001 
3310	(   2.305861  -1.392248  -1.099234 )	15.388652 -12.305861 -8.607752 -8.900766 -7.694139 -11.392248 -11.099234 -0.007182 0.007182 
3311	(   2.307754  -1.391569  -1.098053 )	15.402631 -12.307754 -8.608431 -8.901947 -7.692246 -11.391569 -11.098053 -0.012238 0.012238 
3312	(   2.309678  -1.390612  -1.099485 )	15.414584 -12.309678 -8.609388 -8.900515 -7.690322 -11.390612 -11.099485 -0.005140 0.005140 
3313	(   2.308592  -1.391776  -1.101201 )	15.412263 -12.308592 -8.608224 -8.898799 -7.691408 -11.391776 -11.101201 0.008295 -0.008295 
3314	(   2.309861  -1.392194  -1.09979  )	15.428255 -12.309861 -8.607806 -8.900210 -7.690139 -11.392194 -11.099790 0.007180 -0.007180 
3315	(   2.309795  -1.39162   -1.099175 )	15.423348 -12.309795 -8.608380 -8.900825 -7.690205 -11.391620 -11.099175 0.000034 -0.000034 
3316	(   2.303422  -1.393549  -1.100358 )	15.373895 -12.303422 -8.606451 -8.899642 -7.696578 -11.393549 -11.100358 -0.000016 0.000016 
3317	(   2.309513  -1.391559  -1.099399 )	15.420038 -12.309513 -8.608441 -8.900601 -7.690487 -11.391559 -11.099399 -0.000000 0.000000 
3318	(   2.30879   -1.391398  -1.099993 )	15.411527 -12.308790 -8.608602 -8.900007 -7.691210 -11.391398 -11.099993 0.000002 -0.000002 
3319	(   2.307801  -1.393072  -1.098515 )	15.414330 -12.307801 -8.606928 -8.901485 -7.692199 -11.393072 -11.098515 -0.000001 0.000001 
3320	(   2.308169  -1.392259  -1.099295 )	15.411834 -12.308169 -8.607741 -8.900705 -7.691831 -11.392259 -11.099295 -0.000001 0.000001 
3321	(   2.309402  -1.39162   -1.099386 )	15.419384 -12.309402 -8.608380 -8.900614 -7.690598 -11.391620 -11.099386 -0.000003 0.000003 
3322	(   2.30985   -1.391591  -1.099174 )	15.423678 -12.309850 -8.608409 -8.900826 -7.690150 -11.391591 -11.099174 -0.000000 0.000000 
3323	(   2.309728  -1.390559  -1.09984  )	15.414648 -12.309728 -8.609441 -8.900160 -7.690272 -11.390559 -11.099840 -0.003449 0.003449 
3324	(   2.307658  -1.391221  -1.099749 )	15.398890 -12.307658 -8.608779 -8.900251 -7.692342 -11.391221 -11.099749 -0.005760 0.005760 
3325	(   2.307513  -1.391409  -1.099011 )	15.398917 -12.307513 -8.608591 -8.900989 -7.692487 -11.391409 -11.099011 -0.008897 0.008897 
3326	(   2.308064  -1.393221  -1.099275 )	15.418005 -12.308064 -8.606779 -8.900725 -7.691936 -11.393221 -11.099275 0.005765 -0.005765 

BBE ( SOL ) BBO
3327	(   2.309959  -1.391363  -1.097399 )	15.423238 -12.309959 -8.608637 -8.902601 -7.690041 -11.391363 -11.097399 -0.010552 0.010552 
3328	(   2.309526  -1.391572  -1.099418 )	15.420264 -12.309526 -8.608428 -8.900582 -7.690474 -11.391572 -11.099418 0.000223 -0.000223 
3329	(   2.30879   -1.391398  -1.099993 )	15.411529 -12.308790 -8.608602 -8.900007 -7.691210 -11.391398 -11.099993 0.000004 -0.000004 
3330	(   2.307513  -1.391674  -1.100364 )	15.400769 -12.307513 -8.608326 -8.899636 -7.692487 -11.391674 -11.100364 0.000001 -0.000001 
3331	(   2.301513  -1.392019  -1.103259 )	15.343060 -12.301513 -8.607981 -8.896741 -7.698487 -11.392019 -11.103259 0.000080 -0.000080 
3332	(   2.307841  -1.392483  -1.099206 )	15.410237 -12.307841 -8.607517 -8.900794 -7.692159 -11.392483 -11.099206 0.000001 -0.000001 
3333	(   2.310029  -1.391532  -1.099147 )	15.425032 -12.310029 -8.608468 -8.900853 -7.689971 -11.391532 -11.099147 0.000003 -0.000003 
3334	(   2.309577  -1.391545  -1.099381 )	15.420576 -12.309577 -8.608455 -8.900619 -7.690423 -11.391545 -11.099381 0.000002 -0.000002 
3335	(   2.30977   -1.391609  -1.099196 )	15.423009 -12.309770 -8.608391 -8.900804 -7.690230 -11.391609 -11.099196 -0.000003 0.000003 
3336	(   2.306218  -1.39127   -1.102364 )	15.384582 -12.306218 -8.608730 -8.897636 -7.693782 -11.391270 -11.102364 0.004293 -0.004293 
3337	(   2.308195  -1.390559  -1.1004   )	15.399237 -12.308195 -8.609441 -8.899600 -7.691805 -11.390559 -11.100400 -0.004964 0.004964 
3338	(   2.307513  -1.392011  -1.098572 )	15.403476 -12.307513 -8.607989 -8.901428 -7.692487 -11.392011 -11.098572 -0.007360 0.007360 
3339	(   2.308808  -1.392078  -1.098364 )	15.416971 -12.308808 -8.607922 -8.901636 -7.691192 -11.392078 -11.098364 -0.004229 0.004229 
3340	(   2.309802  -1.390964  -1.097399 )	15.418671 -12.309802 -8.609036 -8.902601 -7.690198 -11.390964 -11.097399 -0.013577 0.013577 
3341	(   2.310092  -1.391447  -1.099645 )	15.424976 -12.310092 -8.608553 -8.900355 -7.689908 -11.391447 -11.099645 0.002288 -0.002288 
3342	(   2.301513  -1.392018  -1.103259 )	15.343058 -12.301513 -8.607982 -8.896741 -7.698487 -11.392018 -11.103259 0.000078 -0.000078 
3343	(   2.305861  -1.392476  -1.100305 )	15.390250 -12.305861 -8.607524 -8.899695 -7.694139 -11.392476 -11.100305 -0.000016 0.000016 
3344	(   2.309108  -1.391815  -1.099313 )	15.417911 -12.309108 -8.608185 -8.900687 -7.690892 -11.391815 -11.099313 0.000001 -0.000001 
3345	(   2.309577  -1.391544  -1.099381 )	15.420573 -12.309577 -8.608456 -8.900619 -7.690423 -11.391544 -11.099381 -0.000000 0.000000 
3346	(   2.308513  -1.391595  -1.099698 )	15.410260 -12.308513 -8.608405 -8.900302 -7.691487 -11.391595 -11.099698 -0.001115 0.001115 
3347	(   2.309462  -1.391059  -1.099468 )	15.415769 -12.309462 -8.608941 -8.900532 -7.690538 -11.391059 -11.099468 -0.002996 0.002996 
3348	(   2.30921   -1.391532  -1.098399 )	15.416901 -12.309210 -8.608468 -8.901601 -7.690790 -11.391532 -11.098399 -0.006370 0.006370 
3349	(   2.306918  -1.39173   -1.099364 )	15.395337 -12.306918 -8.608270 -8.900636 -7.693082 -11.391730 -11.099364 -0.006703 0.006703 
3350	(   2.308108  -1.391617  -1.101364 )	15.406203 -12.308108 -8.608383 -8.898636 -7.691892 -11.391617 -11.101364 0.006720 -0.006720 
3351	(   2.309527  -1.391564  -1.099405 )	15.420214 -12.309527 -8.608436 -8.900595 -7.690473 -11.391564 -11.099405 0.000104 -0.000104 
3352	(   2.306944  -1.391598  -1.100363 )	15.394507 -12.306944 -8.608402 -8.899637 -7.693056 -11.391598 -11.100363 -0.002166 0.002166 
3353	(   2.309292  -1.391815  -1.099212 )	15.419768 -12.309292 -8.608185 -8.900788 -7.690708 -11.391815 -11.099212 -0.000000 0.000000 
3354	(   2.308631  -1.392583  -1.098648 )	15.418960 -12.308631 -8.607417 -8.901352 -7.691369 -11.392583 -11.098648 -0.000001 0.000001 
3355	(   2.306923  -1.391542  -1.100848 )	15.393827 -12.306923 -8.608458 -8.899152 -7.693077 -11.391542 -11.100848 0.000004 -0.000004 
3356	(   2.310005  -1.391539  -1.099152 )	15.424849 -12.310005 -8.608461 -8.900848 -7.689995 -11.391539 -11.099152 0.000002 -0.000002 
3357	(   2.309167  -1.391666  -1.099461 )	15.417375 -12.309167 -8.608334 -8.900539 -7.690833 -11.391666 -11.099461 0.000001 -0.000001 
3358	(   2.309607  -1.391626  -1.099267 )	15.421500 -12.309607 -8.608374 -8.900733 -7.690393 -11.391626 -11.099267 0.000002 -0.000002 
3359	(   2.30833   -1.391972  -1.100212 )	15.411207 -12.308330 -8.608028 -8.899788 -7.691670 -11.391972 -11.100212 0.003503 -0.003503 
3360	(   2.309065  -1.391315  -1.099307 )	15.413733 -12.309065 -8.608685 -8.900693 -7.690935 -11.391315 -11.099307 -0.003375 0.003375 
3361	(   2.306745  -1.391665  -1.099364 )	15.393114 -12.306745 -8.608335 -8.900636 -7.693255 -11.391665 -11.099364 -0.007633 0.007633 
3362	(   2.308281  -1.391682  -1.101364 )	15.408428 -12.308281 -8.608318 -8.898636 -7.691719 -11.391682 -11.101364 0.007649 -0.007649 
3363	(   2.308296  -1.39188   -1.098212 )	15.410382 -12.308296 -8.608120 -8.901788 -7.691704 -11.391880 -11.098212 -0.007810 0.007810 
3364	(   2.309337  -1.391825  -1.09919  )	15.420299 -12.309337 -8.608175 -8.900810 -7.690663 -11.391825 -11.099190 0.000081 -0.000081 
3365	(   2.308631  -1.392583  -1.098648 )	15.418960 -12.308631 -8.607417 -8.901352 -7.691369 -11.392583 -11.098648 0.000002 -0.000002 
3366	(   2.307895  -1.391566  -1.100283 )	15.403804 -12.307895 -8.608434 -8.899717 -7.692105 -11.391566 -11.100283 -0.000000 0.000000 

BBE ( SOL ) BBO
3367	(   2.309043  -1.391243  -1.100038 )	15.412908 -12.309043 -8.608757 -8.899962 -7.690957 -11.391243 -11.100038 -0.000007 0.000007 
3368	(   2.307291  -1.392581  -1.099391 )	15.405447 -12.307291 -8.607419 -8.900609 -7.692709 -11.392581 -11.099391 -0.000001 0.000001 
3369	(   2.308245  -1.392427  -1.09905  )	15.413887 -12.308245 -8.607573 -8.900950 -7.691755 -11.392427 -11.099050 -0.000001 0.000001 
3370	(   2.308223  -1.391749  -1.099881 )	15.408498 -12.308223 -8.608251 -8.900119 -7.691777 -11.391749 -11.099881 -0.000004 0.000004 
3371	(   2.309238  -1.391595  -1.099506 )	15.417555 -12.309238 -8.608405 -8.900494 -7.690762 -11.391595 -11.099506 -0.000003 0.000003 
3372	(   2.307774  -1.391066  -1.100517 )	15.398821 -12.307774 -8.608934 -8.899483 -7.692226 -11.391066 -11.100517 -0.002319 0.002319 
3373	(   2.308895  -1.391507  -1.100297 )	15.413376 -12.308895 -8.608493 -8.899703 -7.691105 -11.391507 -11.100297 0.002630 -0.002630 
3374	(   2.307693  -1.391174  -1.100263 )	15.398833 -12.307693 -8.608826 -8.899737 -7.692307 -11.391174 -11.100263 -0.003220 0.003220 
3375	(   2.307333  -1.392174  -1.100465 )	15.402705 -12.307333 -8.607826 -8.899535 -7.692667 -11.392174 -11.100465 0.003222 -0.003222 
3376	(   2.307881  -1.39145   -1.099283 )	15.402892 -12.307881 -8.608550 -8.900717 -7.692119 -11.391450 -11.099283 -0.006108 0.006108 
3377	(   2.306941  -1.391817  -1.100195 )	15.396141 -12.306941 -8.608183 -8.899805 -7.693059 -11.391817 -11.100195 -0.001660 0.001660 
3378	(   2.309044  -1.391243  -1.100038 )	15.412912 -12.309044 -8.608757 -8.899962 -7.690956 -11.391243 -11.100038 -0.000005 0.000005 
3379	(   2.308516  -1.39153   -1.099984 )	15.409776 -12.308516 -8.608470 -8.900016 -7.691484 -11.391530 -11.099984 -0.000000 0.000000 
3380	(   2.308466  -1.391632  -1.099889 )	15.410056 -12.308466 -8.608368 -8.900111 -7.691534 -11.391632 -11.099889 0.000003 -0.000003 
3381	(   2.307623  -1.391715  -1.100253 )	15.402196 -12.307623 -8.608285 -8.899747 -7.692377 -11.391715 -11.100253 -0.000002 0.000002 
3382	(   2.30904   -1.391598  -1.099613 )	15.415576 -12.309040 -8.608402 -8.900387 -7.690960 -11.391598 -11.099613 -0.000001 0.000001 
3383	(   2.307127  -1.391874  -1.100523 )	15.398397 -12.307127 -8.608126 -8.899477 -7.692873 -11.391874 -11.100523 0.001000 -0.001000 
3384	(   2.307523  -1.391766  -1.100575 )	15.401541 -12.307523 -8.608234 -8.899425 -7.692477 -11.391766 -11.100575 0.001746 -0.001746 
3385	(   2.307395  -1.391525  -1.099821 )	15.398535 -12.307395 -8.608475 -8.900179 -7.692605 -11.391525 -11.099821 -0.004195 0.004195 
3386	(   2.308211  -1.391766  -1.09983  )	15.408512 -12.308211 -8.608234 -8.900170 -7.691789 -11.391766 -11.099830 -0.000199 0.000199 
3387	(   2.307898  -1.391474  -1.100206 )	15.403141 -12.307898 -8.608526 -8.899794 -7.692102 -11.391474 -11.100206 -0.000998 0.000998 
3388	(   2.308217  -1.391355  -1.10105  )	15.405366 -12.308217 -8.608645 -8.898950 -7.691783 -11.391355 -11.101050 0.003678 -0.003678 
3389	(   2.307295  -1.391803  -1.100359 )	15.399557 -12.307295 -8.608197 -8.899641 -7.692705 -11.391803 -11.100359 0.000160 -0.000160 
3390	(   2.307599  -1.391724  -1.100313 )	15.402022 -12.307599 -8.608276 -8.899687 -7.692401 -11.391724 -11.100313 0.000305 -0.000305 
3391	(   2.309623  -1.3916    -1.099288 )	15.421466 -12.309623 -8.608400 -8.900712 -7.690377 -11.391600 -11.099288 -0.000001 0.000001 
3392	(   2.30804   -1.391655  -1.100095 )	15.405941 -12.308040 -8.608345 -8.899905 -7.691960 -11.391655 -11.100095 -0.000001 0.000001 
3393	(   2.307606  -1.391574  -1.100402 )	15.400947 -12.307606 -8.608426 -8.899598 -7.692394 -11.391574 -11.100402 -0.000167 0.000167 
3394	(   2.30742   -1.391774  -1.100327 )	15.400591 -12.307420 -8.608226 -8.899673 -7.692580 -11.391774 -11.100327 0.000169 -0.000169 
3395	(   2.307695  -1.391563  -1.10029  )	15.401781 -12.307695 -8.608437 -8.899710 -7.692305 -11.391563 -11.100290 -0.000566 0.000566 
3396	(   2.307903  -1.391466  -1.100346 )	15.403123 -12.307903 -8.608534 -8.899654 -7.692097 -11.391466 -11.100346 -0.000285 0.000285 
3397	(   2.30789   -1.391534  -1.100083 )	15.403532 -12.307890 -8.608466 -8.899917 -7.692110 -11.391534 -11.100083 -0.001285 0.001285 
3398	(   2.307897  -1.391567  -1.100284 )	15.403834 -12.307897 -8.608433 -8.899716 -7.692103 -11.391567 -11.100284 0.000021 -0.000021 
3399	(   2.307432  -1.391751  -1.100258 )	15.400557 -12.307432 -8.608249 -8.899742 -7.692568 -11.391751 -11.100258 -0.000304 0.000304 
3400	(   2.308034  -1.391621  -1.100151 )	15.405617 -12.308034 -8.608379 -8.899849 -7.691966 -11.391621 -11.100151 0.000055 -0.000055 
3401	(   2.307909  -1.391525  -1.100326 )	15.403624 -12.307909 -8.608475 -8.899674 -7.692091 -11.391525 -11.100326 0.000001 -0.000001 
3402	(   2.307942  -1.391557  -1.100268 )	15.404204 -12.307942 -8.608443 -8.899732 -7.692058 -11.391557 -11.100268 0.000000 -0.000000 
3403	(   2.307838  -1.391616  -1.100262 )	15.403608 -12.307838 -8.608384 -8.899738 -7.692162 -11.391616 -11.100262 0.000042 -0.000042 
3404	(   2.307995  -1.391591  -1.100248 )	15.404997 -12.307995 -8.608409 -8.899752 -7.692005 -11.391591 -11.100248 0.000270 -0.000270 
3405	(   2.307488  -1.391704  -1.100264 )	15.400769 -12.307488 -8.608296 -8.899736 -7.692512 -11.391704 -11.100264 -0.000405 0.000405 
3406	(   2.307537  -1.391643  -1.100464 )	15.400769 -12.307537 -8.608357 -8.899536 -7.692463 -11.391643 -11.100464 0.000407 -0.000407 

BBE ( SOL ) BBO
3407	(   2.307877  -1.39155   -1.100183 )	15.403508 -12.307877 -8.608450 -8.899817 -7.692123 -11.391550 -11.100183 -0.000689 0.000689 
3408	(   2.30782   -1.391545  -1.100398 )	15.402879 -12.307820 -8.608455 -8.899602 -7.692180 -11.391545 -11.100398 0.000259 -0.000259 
3409	(   2.307512  -1.391676  -1.100373 )	15.400777 -12.307512 -8.608324 -8.899627 -7.692488 -11.391676 -11.100373 0.000055 -0.000055 
3410	(   2.30792   -1.391569  -1.100255 )	15.404074 -12.307920 -8.608431 -8.899745 -7.692080 -11.391569 -11.100255 -0.000060 0.000060 
3411	(   2.307658  -1.391673  -1.100285 )	15.402227 -12.307658 -8.608327 -8.899715 -7.692342 -11.391673 -11.100285 -0.000000 0.000000 
3412	(   2.307532  -1.391748  -1.100264 )	15.401528 -12.307532 -8.608252 -8.899736 -7.692468 -11.391748 -11.100264 -0.000001 0.000001 
3413	(   2.306944  -1.391995  -1.10029  )	15.397496 -12.306944 -8.608005 -8.899710 -7.693056 -11.391995 -11.100290 -0.000001 0.000001 
3414	(   2.304803  -1.392962  -1.100305 )	15.383311 -12.304803 -8.607038 -8.899695 -7.695197 -11.392962 -11.100305 -0.000007 0.000007 
3415	(   2.307009  -1.391851  -1.100367 )	15.397052 -12.307009 -8.608149 -8.899633 -7.692991 -11.391851 -11.100367 -0.000328 0.000328 
3416	(   2.307341  -1.391749  -1.100368 )	15.399615 -12.307341 -8.608251 -8.899632 -7.692659 -11.391749 -11.100368 0.000000 -0.000000 
3417	(   2.306393  -1.391974  -1.10062  )	15.391783 -12.306393 -8.608026 -8.899380 -7.693607 -11.391974 -11.100620 0.000003 -0.000003 
3418	(   2.306632  -1.391864  -1.10062  )	15.393354 -12.306632 -8.608136 -8.899380 -7.693368 -11.391864 -11.100620 -0.000001 0.000001 
3419	(   2.305697  -1.391468  -1.101612 )	15.380935 -12.305697 -8.608532 -8.898388 -7.694303 -11.391468 -11.101612 0.000011 -0.000011 
3420	(   2.306392  -1.391974  -1.10062  )	15.391779 -12.306392 -8.608026 -8.899380 -7.693608 -11.391974 -11.100620 0.000002 -0.000002 
3421	(   2.306443  -1.392027  -1.100528 )	15.392693 -12.306443 -8.607973 -8.899472 -7.693557 -11.392027 -11.100528 0.000001 -0.000001 
3422	(   2.305876  -1.392517  -1.100252 )	15.390719 -12.305876 -8.607483 -8.899748 -7.694124 -11.392517 -11.100252 0.000011 -0.000011 
3423	(   2.306392  -1.391974  -1.10062  )	15.391776 -12.306392 -8.608026 -8.899380 -7.693608 -11.391974 -11.100620 0.000001 -0.000001 
3424	(   2.303545  -1.392649  -1.101376 )	15.368277 -12.303545 -8.607351 -8.898624 -7.696455 -11.392649 -11.101376 0.000004 -0.000004 
3425	(   2.306133  -1.392446  -1.100194 )	15.392765 -12.306133 -8.607554 -8.899806 -7.693867 -11.392446 -11.100194 0.000001 -0.000001 
3426	(   2.306668  -1.392529  -1.099798 )	15.398782 -12.306668 -8.607471 -8.900202 -7.693332 -11.392529 -11.099798 -0.000002 0.000002 
3427	(   2.307321  -1.391769  -1.100355 )	15.399566 -12.307321 -8.608231 -8.899645 -7.692679 -11.391769 -11.100355 0.000001 -0.000001 
3428	(   2.307786  -1.39161   -1.10029  )	15.403037 -12.307786 -8.608390 -8.899710 -7.692214 -11.391610 -11.100290 -0.000001 0.000001 
3429	(   2.308783  -1.392681  -1.098368 )	15.421251 -12.308783 -8.607319 -8.901632 -7.691217 -11.392681 -11.098368 -0.000403 0.000403 
3430	(   2.303871  -1.392946  -1.10262  )	15.373640 -12.303871 -8.607054 -8.897380 -7.696129 -11.392946 -11.102620 0.009527 -0.009527 
3431	(   2.308913  -1.391002  -1.09862  )	15.409932 -12.308913 -8.608998 -8.901380 -7.691087 -11.391002 -11.098620 -0.009476 0.009476 
3432	(   2.312341  -1.391219  -1.100698 )	15.445719 -12.312341 -8.608781 -8.899302 -7.687659 -11.391219 -11.100698 0.013034 -0.013034 
3433	(   2.306444  -1.389749  -1.099332 )	15.375752 -12.306444 -8.610251 -8.900668 -7.693556 -11.389749 -11.099332 -0.020978 0.020978 
3434	(   2.301393  -1.3917    -1.101409 )	15.339660 -12.301393 -8.608300 -8.898591 -7.698607 -11.391700 -11.101409 -0.012227 0.012227 
3435	(   2.307373  -1.393171  -1.098631 )	15.410776 -12.307373 -8.606829 -8.901369 -7.692627 -11.393171 -11.098631 -0.000003 0.000003 
3436	(   2.308141  -1.391437  -1.100304 )	15.405294 -12.308141 -8.608563 -8.899696 -7.691859 -11.391437 -11.100304 0.000005 -0.000005 
3437	(   2.305341  -1.392021  -1.100896 )	15.381584 -12.305341 -8.607979 -8.899104 -7.694659 -11.392021 -11.100896 -0.001312 0.001312 
3438	(   2.306723  -1.392554  -1.099368 )	15.399564 -12.306723 -8.607446 -8.900632 -7.693277 -11.392554 -11.099368 -0.001967 0.001967 
3439	(   2.305271  -1.391701  -1.09962  )	15.378612 -12.305271 -8.608299 -8.900380 -7.694729 -11.391701 -11.099620 -0.010369 0.010369 
3440	(   2.306141  -1.390749  -1.099748 )	15.380170 -12.306141 -8.609251 -8.900252 -7.693859 -11.390749 -11.099748 -0.013242 0.013242 
3441	(   2.307513  -1.392247  -1.10162  )	15.404948 -12.307513 -8.607753 -8.898380 -7.692487 -11.392247 -11.101620 0.010388 -0.010388 
3442	(   2.307492  -1.39165   -1.100487 )	15.400373 -12.307492 -8.608350 -8.899513 -7.692508 -11.391650 -11.100487 0.000442 -0.000442 
3443	(   2.306277  -1.392838  -1.099641 )	15.397207 -12.306277 -8.607162 -8.900359 -7.693723 -11.392838 -11.099641 -0.000001 0.000001 
3444	(   2.307245  -1.39258   -1.099417 )	15.404987 -12.307245 -8.607420 -8.900583 -7.692755 -11.392580 -11.099417 -0.000001 0.000001 
3445	(   2.307321  -1.391768  -1.100356 )	15.399563 -12.307321 -8.608232 -8.899644 -7.692679 -11.391768 -11.100356 -0.000000 0.000000 
3446	(   2.30701   -1.391874  -1.1004   )	15.397236 -12.307010 -8.608126 -8.899600 -7.692990 -11.391874 -11.100400 -0.000003 0.000003 

BBE ( SOL ) BBO
3447	(   2.307261  -1.391827  -1.100318 )	15.399408 -12.307261 -8.608173 -8.899682 -7.692739 -11.391827 -11.100318 -0.000002 0.000002 
3448	(   2.306443  -1.392282  -1.10022  )	15.394638 -12.306443 -8.607718 -8.899780 -7.693557 -11.392282 -11.100220 -0.000001 0.000001 
3449	(   2.307296  -1.391077  -1.101201 )	15.394048 -12.307296 -8.608923 -8.898799 -7.692704 -11.391077 -11.101201 -0.000000 0.000000 
3450	(   2.307221  -1.389003  -1.103738 )	15.377523 -12.307221 -8.610997 -8.896262 -7.692779 -11.389003 -11.103738 0.000075 -0.000075 
3451	(   2.306974  -1.391552  -1.100807 )	15.394423 -12.306974 -8.608448 -8.899193 -7.693026 -11.391552 -11.100807 0.000001 -0.000001 
3452	(   2.306852  -1.392869  -1.099286 )	15.403226 -12.306852 -8.607131 -8.900714 -7.693148 -11.392869 -11.099286 0.000001 -0.000001 
3453	(   2.306981  -1.391389  -1.100999 )	15.393253 -12.306981 -8.608611 -8.899001 -7.693019 -11.391389 -11.100999 -0.000001 0.000001 
3454	(   2.307488  -1.391602  -1.100463 )	15.399978 -12.307488 -8.608398 -8.899537 -7.692512 -11.391602 -11.100463 -0.000004 0.000004 
3455	(   2.306296  -1.391098  -1.101511 )	15.384166 -12.306296 -8.608902 -8.898489 -7.693704 -11.391098 -11.101511 -0.001144 0.001144 
3456	(   2.307369  -1.390077  -1.101503 )	15.387257 -12.307369 -8.609923 -8.898497 -7.692631 -11.390077 -11.101503 -0.004589 0.004589 
3457	(   2.305392  -1.39276   -1.099894 )	15.387733 -12.305392 -8.607240 -8.900106 -7.694608 -11.392760 -11.099894 -0.001758 0.001758 
3458	(   2.306979  -1.390751  -1.100201 )	15.388530 -12.306979 -8.609249 -8.899799 -7.693021 -11.390751 -11.100201 -0.008357 0.008357 
3459	(   2.307392  -1.391188  -1.101346 )	15.395825 -12.307392 -8.608812 -8.898654 -7.692608 -11.391188 -11.101346 0.001767 -0.001767 
3460	(   2.307308  -1.39109   -1.101205 )	15.394266 -12.307308 -8.608910 -8.898795 -7.692692 -11.391090 -11.101205 0.000140 -0.000140 
3461	(   2.307221  -1.389003  -1.103739 )	15.377524 -12.307221 -8.610997 -8.896261 -7.692779 -11.389003 -11.103739 0.000076 -0.000076 
3462	(   2.306231  -1.391917  -1.100777 )	15.389729 -12.306231 -8.608083 -8.899223 -7.693769 -11.391917 -11.100777 -0.000000 0.000000 
3463	(   2.305748  -1.391748  -1.101245 )	15.383583 -12.305748 -8.608252 -8.898755 -7.694252 -11.391748 -11.101245 -0.000005 0.000005 
3464	(   2.305861  -1.3932    -1.099434 )	15.395772 -12.305861 -8.606800 -8.900566 -7.694139 -11.393200 -11.099434 0.000000 -0.000000 
3465	(   2.306688  -1.392768  -1.099499 )	15.400812 -12.306688 -8.607232 -8.900501 -7.693312 -11.392768 -11.099499 0.000002 -0.000002 
3466	(   2.305604  -1.392361  -1.100586 )	15.386801 -12.305604 -8.607639 -8.899414 -7.694396 -11.392361 -11.100586 -0.000011 0.000011 
3467	(   2.306892  -1.391916  -1.100414 )	15.396374 -12.306892 -8.608084 -8.899586 -7.693108 -11.391916 -11.100414 -0.000001 0.000001 
3468	(   2.305756  -1.390917  -1.101154 )	15.377446 -12.305756 -8.609083 -8.898846 -7.694244 -11.390917 -11.101154 -0.005800 0.005800 
3469	(   2.305231  -1.392188  -1.100234 )	15.381807 -12.305231 -8.607812 -8.899766 -7.694769 -11.392188 -11.100234 -0.004093 0.004093 
3470	(   2.305392  -1.391825  -1.100171 )	15.380697 -12.305392 -8.608175 -8.899829 -7.694608 -11.391825 -11.100171 -0.006286 0.006286 
3471	(   2.306621  -1.391355  -1.099777 )	15.389519 -12.306621 -8.608645 -8.900223 -7.693379 -11.391355 -11.099777 -0.007791 0.007791 
3472	(   2.307392  -1.392123  -1.101069 )	15.402861 -12.307392 -8.607877 -8.898931 -7.692608 -11.392123 -11.101069 0.006292 -0.006292 
3473	(   2.306242  -1.39193   -1.100789 )	15.389935 -12.306242 -8.608070 -8.899211 -7.693758 -11.391930 -11.100789 0.000180 -0.000180 
3474	(   2.305749  -1.391748  -1.101245 )	15.383587 -12.305749 -8.608252 -8.898755 -7.694251 -11.391748 -11.101245 -0.000002 0.000002 
3475	(   2.305346  -1.391755  -1.10146  )	15.379579 -12.305346 -8.608245 -8.898540 -7.694654 -11.391755 -11.101460 0.000001 -0.000001 
3476	(   2.302689  -1.391267  -1.103509 )	15.349160 -12.302689 -8.608733 -8.896491 -7.697311 -11.391267 -11.103509 0.000053 -0.000053 
3477	(   2.305818  -1.393166  -1.0995   )	15.395074 -12.305818 -8.606834 -8.900500 -7.694182 -11.393166 -11.099500 -0.000001 0.000001 
3478	(   2.306378  -1.391454  -1.101252 )	15.387684 -12.306378 -8.608546 -8.898748 -7.693622 -11.391454 -11.101252 -0.000005 0.000005 
3479	(   2.305231  -1.391669  -1.101309 )	15.377812 -12.305231 -8.608331 -8.898691 -7.694769 -11.391669 -11.101309 -0.001689 0.001689 
3480	(   2.305931  -1.39098   -1.099777 )	15.379804 -12.305931 -8.609020 -8.900223 -7.694069 -11.390980 -11.099777 -0.012222 0.012222 
3481	(   2.306875  -1.390917  -1.101521 )	15.388608 -12.306875 -8.609083 -8.898479 -7.693125 -11.390917 -11.101521 -0.000555 0.000555 
3482	(   2.305926  -1.390755  -1.10094  )	15.377941 -12.305926 -8.609245 -8.899060 -7.694074 -11.390755 -11.100940 -0.007489 0.007489 
3483	(   2.304766  -1.392755  -1.10198  )	15.381218 -12.304766 -8.607245 -8.898020 -7.695234 -11.392755 -11.101980 0.007497 -0.007497 
3484	(   2.306238  -1.391939  -1.100774 )	15.389964 -12.306238 -8.608061 -8.899226 -7.693762 -11.391939 -11.100774 0.000146 -0.000146 
3485	(   2.302688  -1.391267  -1.103508 )	15.349156 -12.302688 -8.608733 -8.896492 -7.697312 -11.391267 -11.103508 0.000052 -0.000052 
3486	(   2.304766  -1.392744  -1.100596 )	15.381275 -12.304766 -8.607256 -8.899404 -7.695234 -11.392744 -11.100596 0.000035 -0.000035 

BBE ( SOL ) BBO
3487	(   2.306021  -1.391319  -1.101611 )	15.383056 -12.306021 -8.608681 -8.898389 -7.693979 -11.391319 -11.101611 -0.000000 0.000000 
3488	(   2.305389  -1.389524  -1.104116 )	15.363058 -12.305389 -8.610476 -8.895884 -7.694611 -11.389524 -11.104116 0.000079 -0.000079 
3489	(   2.305208  -1.392227  -1.100968 )	15.381783 -12.305208 -8.607773 -8.899032 -7.694792 -11.392227 -11.100968 -0.000003 0.000003 
3490	(   2.307566  -1.392171  -1.099735 )	15.405095 -12.307566 -8.607829 -8.900265 -7.692434 -11.392171 -11.099735 0.000002 -0.000002 
3491	(   2.307171  -1.389676  -1.102958 )	15.382131 -12.307171 -8.610324 -8.897042 -7.692829 -11.389676 -11.102958 0.000051 -0.000051 
3492	(   2.306189  -1.392319  -1.100315 )	15.392358 -12.306189 -8.607681 -8.899685 -7.693811 -11.392319 -11.100315 -0.000006 0.000006 
3493	(   2.305021  -1.392158  -1.101693 )	15.379328 -12.305021 -8.607842 -8.898307 -7.694979 -11.392158 -11.101693 0.002886 -0.002886 
3494	(   2.305163  -1.390319  -1.101383 )	15.367004 -12.305163 -8.609681 -8.898617 -7.694837 -11.390319 -11.101383 -0.010150 0.010150 
3495	(   2.304872  -1.392367  -1.10046  )	15.379521 -12.304872 -8.607633 -8.899540 -7.695128 -11.392367 -11.100460 -0.002802 0.002802 
3496	(   2.30582   -1.391143  -1.10246  )	15.379640 -12.305820 -8.608857 -8.897540 -7.694180 -11.391143 -11.102460 0.002819 -0.002819 
3497	(   2.306085  -1.391492  -1.100611 )	15.385090 -12.306085 -8.608508 -8.899389 -7.693915 -11.391492 -11.100611 -0.004042 0.004042 
3498	(   2.306078  -1.391286  -1.101619 )	15.383378 -12.306078 -8.608714 -8.898381 -7.693922 -11.391286 -11.101619 -0.000002 0.000002 
3499	(   2.305389  -1.389524  -1.104116 )	15.363056 -12.305389 -8.610476 -8.895884 -7.694611 -11.389524 -11.104116 0.000075 -0.000075 
3500	(   2.306041  -1.391782  -1.101044 )	15.386782 -12.306041 -8.608218 -8.898956 -7.693959 -11.391782 -11.101044 0.000001 -0.000001 
3501	(   2.306481  -1.391106  -1.101614 )	15.386064 -12.306481 -8.608894 -8.898386 -7.693519 -11.391106 -11.101614 0.000000 -0.000000 
3502	(   2.305192  -1.391818  -1.101467 )	15.378519 -12.305192 -8.608182 -8.898533 -7.694808 -11.391818 -11.101467 -0.000004 0.000004 
3503	(   2.30677   -1.391262  -1.101268 )	15.390165 -12.306770 -8.608738 -8.898732 -7.693230 -11.391262 -11.101268 -0.000001 0.000001 
3504	(   2.305846  -1.391542  -1.10139  )	15.382994 -12.305846 -8.608458 -8.898610 -7.694154 -11.391542 -11.101390 -0.000265 0.000265 
3505	(   2.304846  -1.391967  -1.101529 )	15.376164 -12.304846 -8.608033 -8.898471 -7.695154 -11.391967 -11.101529 0.000268 -0.000268 
3506	(   2.306521  -1.391176  -1.101607 )	15.386986 -12.306521 -8.608824 -8.898393 -7.693479 -11.391176 -11.101607 0.000524 -0.000524 
3507	(   2.305877  -1.390819  -1.101579 )	15.377877 -12.305877 -8.609181 -8.898421 -7.694123 -11.390819 -11.101579 -0.003804 0.003804 
3508	(   2.306025  -1.39135   -1.101111 )	15.383385 -12.306025 -8.608650 -8.898889 -7.693975 -11.391350 -11.101111 -0.002457 0.002457 
3509	(   2.305885  -1.391363  -1.101633 )	15.382025 -12.305885 -8.608637 -8.898367 -7.694115 -11.391363 -11.101633 -0.000000 0.000000 
3510	(   2.302689  -1.391267  -1.103508 )	15.349160 -12.302689 -8.608733 -8.896492 -7.697311 -11.391267 -11.103508 0.000053 -0.000053 
3511	(   2.305477  -1.391497  -1.101696 )	15.378939 -12.305477 -8.608503 -8.898304 -7.694523 -11.391497 -11.101696 0.000000 -0.000000 
3512	(   2.304253  -1.391898  -1.101887 )	15.369680 -12.304253 -8.608102 -8.898113 -7.695747 -11.391898 -11.101887 -0.000001 0.000001 
3513	(   2.300581  -1.393101  -1.10246  )	15.341931 -12.300581 -8.606899 -8.897540 -7.699419 -11.393101 -11.102460 -0.000010 0.000010 
3514	(   2.300578  -1.393236  -1.102302 )	15.342927 -12.300578 -8.606764 -8.897698 -7.699422 -11.393236 -11.102302 -0.000000 0.000000 
3515	(   2.285878  -1.398453  -1.10412  )	15.235280 -12.285878 -8.601547 -8.895880 -7.714122 -11.398453 -11.104120 -0.000178 0.000178 
3516	(   2.300553  -1.393101  -1.10246  )	15.341651 -12.300553 -8.606899 -8.897540 -7.699447 -11.393101 -11.102460 -0.000093 0.000093 
3517	(   2.298078  -1.399916  -1.095601 )	15.368740 -12.298078 -8.600084 -8.904399 -7.701922 -11.399916 -11.095601 -0.000050 0.000050 
3518	(   2.304853  -1.389055  -1.104963 )	15.354109 -12.304853 -8.610945 -8.895037 -7.695147 -11.389055 -11.104963 0.000069 -0.000069 
3519	(   2.301978  -1.392746  -1.102142 )	15.353262 -12.301978 -8.607254 -8.897858 -7.698022 -11.392746 -11.102142 0.000118 -0.000118 
3520	(   2.304978  -1.391675  -1.101744 )	15.375275 -12.304978 -8.608325 -8.898256 -7.695022 -11.391675 -11.101744 -0.000067 0.000067 
3521	(   2.294378  -1.388236  -1.10591  )	15.243411 -12.294378 -8.611764 -8.894090 -7.705622 -11.388236 -11.105910 -0.030719 0.030719 
3522	(   2.290578  -1.39292   -1.097544 )	15.241359 -12.290578 -8.607080 -8.902456 -7.709422 -11.392920 -11.097544 -0.056754 0.056754 
3523	(   2.299553  -1.396898  -1.098441 )	15.360520 -12.299553 -8.603102 -8.901559 -7.700447 -11.396898 -11.098441 -0.000096 0.000096 
3524	(   2.308953  -1.386898  -1.105333 )	15.378955 -12.308953 -8.613102 -8.894667 -7.691047 -11.386898 -11.105333 0.000252 -0.000252 
3525	(   2.308178  -1.388236  -1.098649 )	15.381836 -12.308178 -8.611764 -8.901351 -7.691822 -11.388236 -11.098649 -0.029222 0.029222 
3526	(   2.300678  -1.393339  -1.10235  )	15.344692 -12.300678 -8.606661 -8.897650 -7.699322 -11.393339 -11.102350 0.001211 -0.001211 

BBE ( SOL ) BBO
3527	(   2.285881  -1.398453  -1.10412  )	15.235310 -12.285881 -8.601547 -8.895880 -7.714119 -11.398453 -11.104120 -0.000170 0.000170 
3528	(   2.305866  -1.391042  -1.102029 )	15.379389 -12.305866 -8.608958 -8.897971 -7.694134 -11.391042 -11.102029 0.000004 -0.000004 
3529	(   2.306266  -1.392984  -1.099471 )	15.398200 -12.306266 -8.607016 -8.900529 -7.693734 -11.392984 -11.099471 0.000000 -0.000000 
3530	(   2.301939  -1.392746  -1.102142 )	15.352872 -12.301939 -8.607254 -8.897858 -7.698061 -11.392746 -11.102142 0.000003 -0.000003 
3531	(   2.305001  -1.391675  -1.101744 )	15.375505 -12.305001 -8.608325 -8.898256 -7.694999 -11.391675 -11.101744 0.000001 -0.000001 
3532	(   2.299692  -1.391236  -1.102536 )	15.319093 -12.299692 -8.608764 -8.897464 -7.700308 -11.391236 -11.102536 -0.014159 0.014159 
3533	(   2.300528  -1.393006  -1.100302 )	15.340904 -12.300528 -8.606994 -8.899698 -7.699472 -11.393006 -11.100302 -0.012307 0.012307 
3534	(   2.305578  -1.392884  -1.102322 )	15.390280 -12.305578 -8.607116 -8.897678 -7.694422 -11.392884 -11.102322 0.012551 -0.012551 
3535	(   2.299663  -1.389898  -1.101144 )	15.308934 -12.299663 -8.610102 -8.898856 -7.700337 -11.389898 -11.101144 -0.030250 0.030250 
3536	(   2.308843  -1.393898  -1.10263  )	15.430556 -12.308843 -8.606102 -8.897370 -7.691157 -11.393898 -11.102630 0.030326 -0.030326 
3537	(   2.299389  -1.393343  -1.102322 )	15.331852 -12.299389 -8.606657 -8.897678 -7.700611 -11.393343 -11.102322 -0.002705 0.002705 
3538	(   2.301234  -1.393485  -1.101644 )	15.351410 -12.301234 -8.606515 -8.898356 -7.698766 -11.393485 -11.101644 0.000004 -0.000004 
3539	(   2.304363  -1.39273   -1.100827 )	15.377117 -12.304363 -8.607270 -8.899173 -7.695637 -11.392730 -11.100827 -0.000003 0.000003 
3540	(   2.298578  -1.393738  -1.101593 )	15.326784 -12.298578 -8.606262 -8.898407 -7.701422 -11.393738 -11.101593 -0.006461 0.006461 
3541	(   2.298578  -1.392413  -1.103129 )	15.316720 -12.298578 -8.607587 -8.896871 -7.701422 -11.392413 -11.103129 -0.006717 0.006717 
3542	(   2.300798  -1.392236  -1.10144  )	15.337724 -12.300798 -8.607764 -8.898560 -7.699202 -11.392236 -11.101440 -0.010375 0.010375 
3543	(   2.304587  -1.390898  -1.102559 )	15.365466 -12.304587 -8.609102 -8.897441 -7.695413 -11.390898 -11.102559 -0.001833 0.001833 
3544	(   2.303919  -1.392898  -1.101215 )	15.373897 -12.303919 -8.607102 -8.898785 -7.696081 -11.392898 -11.101215 0.001841 -0.001841 
3545	(   2.300616  -1.393249  -1.102309 )	15.343403 -12.300616 -8.606751 -8.897691 -7.699384 -11.393249 -11.102309 0.000232 -0.000232 
3546	(   2.285881  -1.398453  -1.10412  )	15.235308 -12.285881 -8.601547 -8.895880 -7.714119 -11.398453 -11.104120 -0.000171 0.000171 
3547	(   2.300581  -1.393101  -1.10246  )	15.341929 -12.300581 -8.606899 -8.897540 -7.699419 -11.393101 -11.102460 -0.000012 0.000012 
3548	(   2.301696  -1.39224   -1.103129 )	15.346559 -12.301696 -8.607760 -8.896871 -7.698304 -11.392240 -11.103129 0.001337 -0.001337 
3549	(   2.304902  -1.391617  -1.101868 )	15.374066 -12.304902 -8.608383 -8.898132 -7.695098 -11.391617 -11.101868 -0.000001 0.000001 
3550	(   2.301939  -1.392746  -1.102143 )	15.352868 -12.301939 -8.607254 -8.897857 -7.698061 -11.392746 -11.102143 0.000002 -0.000002 
3551	(   2.305001  -1.391675  -1.101744 )	15.375508 -12.305001 -8.608325 -8.898256 -7.694999 -11.391675 -11.101744 0.000003 -0.000003 
3552	(   2.300812  -1.392736  -1.102321 )	15.341520 -12.300812 -8.607264 -8.897679 -7.699188 -11.392736 -11.102321 -0.002419 0.002419 
3553	(   2.299578  -1.39312   -1.102325 )	15.332070 -12.299578 -8.606880 -8.897675 -7.700422 -11.393120 -11.102325 -0.003561 0.003561 
3554	(   2.300542  -1.393213  -1.101802 )	15.342448 -12.300542 -8.606787 -8.898198 -7.699458 -11.393213 -11.101802 -0.002928 0.002928 
3555	(   2.304471  -1.391398  -1.101801 )	15.368123 -12.304471 -8.608602 -8.898199 -7.695529 -11.391398 -11.101801 -0.003027 0.003027 
3556	(   2.304035  -1.392398  -1.101973 )	15.371236 -12.304035 -8.607602 -8.898027 -7.695965 -11.392398 -11.101973 0.003027 -0.003027 
3557	(   2.300586  -1.393242  -1.102307 )	15.343054 -12.300586 -8.606758 -8.897693 -7.699414 -11.393242 -11.102307 0.000089 -0.000089 
3558	(   2.300139  -1.393339  -1.102388 )	15.339309 -12.300139 -8.606661 -8.897612 -7.699861 -11.393339 -11.102388 -0.000169 0.000169 
3559	(   2.304618  -1.3919    -1.101805 )	15.373357 -12.304618 -8.608100 -8.898195 -7.695382 -11.391900 -11.101805 0.000646 -0.000646 
3560	(   2.302574  -1.392507  -1.102079 )	15.357438 -12.302574 -8.607493 -8.897921 -7.697426 -11.392507 -11.102079 0.000000 -0.000000 
3561	(   2.302098  -1.392686  -1.102127 )	15.354013 -12.302098 -8.607314 -8.897873 -7.697902 -11.392686 -11.102127 0.000002 -0.000002 
3562	(   2.300078  -1.393301  -1.102293 )	15.338419 -12.300078 -8.606699 -8.897707 -7.699922 -11.393301 -11.102293 -0.001107 0.001107 
3563	(   2.300416  -1.393036  -1.102301 )	15.339813 -12.300416 -8.606964 -8.897699 -7.699584 -11.393036 -11.102301 -0.001767 0.001767 
3564	(   2.300555  -1.393237  -1.102502 )	15.342689 -12.300555 -8.606763 -8.897498 -7.699445 -11.393237 -11.102502 0.001013 -0.001013 
3565	(   2.303975  -1.392098  -1.101935 )	15.368398 -12.303975 -8.607902 -8.898065 -7.696025 -11.392098 -11.101935 0.000720 -0.000720 
3566	(   2.30453   -1.391698  -1.10184  )	15.370961 -12.304530 -8.608302 -8.898160 -7.695470 -11.391698 -11.101840 -0.000721 0.000721 

BBE ( SOL ) BBO
3567	(   2.300588  -1.393241  -1.102293 )	15.343069 -12.300588 -8.606759 -8.897707 -7.699412 -11.393241 -11.102293 0.000014 -0.000014 
3568	(   2.300442  -1.393191  -1.102502 )	15.341216 -12.300442 -8.606809 -8.897498 -7.699558 -11.393191 -11.102502 0.000386 -0.000386 
3569	(   2.304173  -1.391857  -1.101896 )	15.368570 -12.304173 -8.608143 -8.898104 -7.695827 -11.391857 -11.101896 -0.000455 0.000455 
3570	(   2.301137  -1.393033  -1.102239 )	15.347000 -12.301137 -8.606967 -8.897761 -7.698863 -11.393033 -11.102239 0.000000 -0.000000 
3571	(   2.301738  -1.392818  -1.102166 )	15.351404 -12.301738 -8.607182 -8.897834 -7.698262 -11.392818 -11.102166 0.000002 -0.000002 
3572	(   2.300378  -1.393234  -1.102221 )	15.340922 -12.300378 -8.606766 -8.897779 -7.699622 -11.393234 -11.102221 -0.001035 0.001035 
3573	(   2.300416  -1.393242  -1.102402 )	15.341342 -12.300416 -8.606758 -8.897598 -7.699584 -11.393242 -11.102402 0.000096 -0.000096 
3574	(   2.300575  -1.393136  -1.102307 )	15.342147 -12.300575 -8.606864 -8.897693 -7.699425 -11.393136 -11.102307 -0.000627 0.000627 
3575	(   2.304409  -1.391998  -1.101908 )	15.371985 -12.304409 -8.608002 -8.898092 -7.695591 -11.391998 -11.101908 0.001211 -0.001211 
3576	(   2.304097  -1.391798  -1.101866 )	15.367374 -12.304097 -8.608202 -8.898134 -7.695903 -11.391798 -11.101866 -0.001213 0.001213 
3577	(   2.300756  -1.393274  -1.102249 )	15.345002 -12.300756 -8.606726 -8.897751 -7.699244 -11.393274 -11.102249 0.000483 -0.000483 
3578	(   2.300464  -1.393221  -1.102402 )	15.341673 -12.300464 -8.606779 -8.897598 -7.699536 -11.393221 -11.102402 0.000107 -0.000107 
3579	(   2.304309  -1.391851  -1.101896 )	15.369888 -12.304309 -8.608149 -8.898104 -7.695691 -11.391851 -11.101896 -0.000090 0.000090 
3580	(   2.30095   -1.393146  -1.102207 )	15.345976 -12.300950 -8.606854 -8.897793 -7.699050 -11.393146 -11.102207 0.000005 -0.000005 
3581	(   2.300858  -1.393134  -1.102271 )	15.344964 -12.300858 -8.606866 -8.897729 -7.699142 -11.393134 -11.102271 0.000001 -0.000001 
3582	(   2.301697  -1.39283   -1.102175 )	15.351077 -12.301697 -8.607170 -8.897825 -7.698303 -11.392830 -11.102175 0.000003 -0.000003 
3583	(   2.300683  -1.393145  -1.102355 )	15.343293 -12.300683 -8.606855 -8.897645 -7.699317 -11.393145 -11.102355 0.000004 -0.000004 
3584	(   2.300619  -1.39305   -1.102502 )	15.341925 -12.300619 -8.606950 -8.897498 -7.699381 -11.393050 -11.102502 -0.000002 0.000002 
3585	(   2.301096  -1.393219  -1.102039 )	15.348003 -12.301096 -8.606781 -8.897961 -7.698904 -11.393219 -11.102039 0.000003 -0.000003 
3586	(   2.300738  -1.393092  -1.102386 )	15.343444 -12.300738 -8.606908 -8.897614 -7.699262 -11.393092 -11.102386 -0.000001 0.000001 
3587	(   2.30122   -1.39266   -1.102639 )	15.344996 -12.301220 -8.607340 -8.897361 -7.698780 -11.392660 -11.102639 -0.000003 0.000003 
3588	(   2.300287  -1.393281  -1.102408 )	15.340351 -12.300287 -8.606719 -8.897592 -7.699713 -11.393281 -11.102408 -0.000001 0.000001 
3589	(   2.299416  -1.393416  -1.102725 )	15.332631 -12.299416 -8.606584 -8.897275 -7.700584 -11.393416 -11.102725 0.000000 -0.000000 
3590	(   2.296802  -1.393821  -1.103675 )	15.309481 -12.296802 -8.606179 -8.896325 -7.703198 -11.393821 -11.103675 0.000005 -0.000005 
3591	(   2.299416  -1.393416  -1.102725 )	15.332631 -12.299416 -8.606584 -8.897275 -7.700584 -11.393416 -11.102725 0.000002 -0.000002 
3592	(   2.296802  -1.39382   -1.103675 )	15.309473 -12.296802 -8.606180 -8.896325 -7.703198 -11.393820 -11.103675 -0.000001 0.000001 
3593	(   2.28896   -1.395032  -1.106525 )	15.240143 -12.288960 -8.604968 -8.893475 -7.711040 -11.395032 -11.106525 0.000044 -0.000044 
3594	(   2.300269  -1.391628  -1.104389 )	15.327611 -12.300269 -8.608372 -8.895611 -7.699731 -11.391628 -11.104389 0.000001 -0.000001 
3595	(   2.30305   -1.392702  -1.101584 )	15.363706 -12.303050 -8.607298 -8.898416 -7.696950 -11.392702 -11.101584 -0.000001 0.000001 
3596	(   2.29818   -1.393949  -1.102765 )	15.324276 -12.298180 -8.606051 -8.897235 -7.701820 -11.393949 -11.102765 -0.000007 0.000007 
3597	(   2.301476  -1.392868  -1.102251 )	15.349151 -12.301476 -8.607132 -8.897749 -7.698524 -11.392868 -11.102251 0.000005 -0.000005 
3598	(   2.294416  -1.393199  -1.101155 )	15.281292 -12.294416 -8.606801 -8.898845 -7.705584 -11.393199 -11.101155 -0.024498 0.024498 
3599	(   2.295774  -1.392593  -1.105675 )	15.289858 -12.295774 -8.607407 -8.894325 -7.704226 -11.392593 -11.105675 -0.000091 0.000091 
3600	(   2.295315  -1.394062  -1.104725 )	15.296352 -12.295315 -8.605938 -8.895275 -7.704685 -11.394062 -11.104725 0.002826 -0.002826 
3601	(   2.298975  -1.391416  -1.103227 )	15.313220 -12.298975 -8.608584 -8.896773 -7.701025 -11.391416 -11.103227 -0.011407 0.011407 
3602	(   2.29783   -1.395047  -1.101675 )	15.329111 -12.297830 -8.604953 -8.898325 -7.702170 -11.395047 -11.101675 0.000161 -0.000161 
3603	(   2.299589  -1.393488  -1.102669 )	15.334902 -12.299589 -8.606512 -8.897331 -7.700411 -11.393488 -11.102669 0.000670 -0.000670 
3604	(   2.297025  -1.393722  -1.10367  )	15.310964 -12.297025 -8.606278 -8.896330 -7.702975 -11.393722 -11.103670 0.000000 -0.000000 
3605	(   2.297694  -1.393428  -1.103655 )	15.315442 -12.297694 -8.606572 -8.896345 -7.702306 -11.393428 -11.103655 0.000006 -0.000006 
3606	(   2.295315  -1.394995  -1.10309  )	15.303489 -12.295315 -8.605005 -8.896910 -7.704685 -11.394995 -11.103090 0.000001 -0.000001 

BBE ( SOL ) BBO
3607	(   2.290815  -1.39852   -1.101335 )	15.285196 -12.290815 -8.601480 -8.898665 -7.709185 -11.398520 -11.101335 -0.000098 0.000098 
3608	(   2.297725  -1.393428  -1.103655 )	15.315751 -12.297725 -8.606572 -8.896345 -7.702275 -11.393428 -11.103655 0.000097 -0.000097 
3609	(   2.300515  -1.394315  -1.101034 )	15.350506 -12.300515 -8.605685 -8.898966 -7.699485 -11.394315 -11.101034 -0.000051 0.000051 
3610	(   2.300625  -1.391678  -1.104123 )	15.331564 -12.300625 -8.608322 -8.895877 -7.699375 -11.391678 -11.104123 -0.000067 0.000067 
3611	(   2.296925  -1.393883  -1.103559 )	15.311183 -12.296925 -8.606117 -8.896441 -7.703075 -11.393883 -11.103559 0.000141 -0.000141 
3612	(   2.300025  -1.393245  -1.102569 )	15.337447 -12.300025 -8.606755 -8.897431 -7.699975 -11.393245 -11.102569 -0.000141 0.000141 
3613	(   2.289225  -1.391722  -1.105007 )	15.218229 -12.289225 -8.608278 -8.894993 -7.710775 -11.391722 -11.105007 -0.028501 0.028501 
3614	(   2.307025  -1.39175   -1.103068 )	15.396195 -12.307025 -8.608250 -8.896932 -7.692975 -11.391750 -11.103068 0.013518 -0.013518 
3615	(   2.288715  -1.396223  -1.10109  )	15.247141 -12.288715 -8.603777 -8.898910 -7.711285 -11.396223 -11.101090 -0.022306 0.022306 
3616	(   2.291625  -1.393235  -1.10167  )	15.253714 -12.291625 -8.606765 -8.898330 -7.708375 -11.393235 -11.101670 -0.029725 0.029725 
3617	(   2.301915  -1.393767  -1.10509  )	15.359993 -12.301915 -8.606233 -8.894910 -7.698085 -11.393767 -11.105090 0.022329 -0.022329 
3618	(   2.297025  -1.393766  -1.103683 )	15.311293 -12.297025 -8.606234 -8.896317 -7.702975 -11.393766 -11.103683 0.000353 -0.000353 
3619	(   2.290854  -1.39852   -1.101335 )	15.285585 -12.290854 -8.601480 -8.898665 -7.709146 -11.398520 -11.101335 0.000017 -0.000017 
3620	(   2.294958  -1.395222  -1.103015 )	15.301635 -12.294958 -8.604778 -8.896985 -7.705042 -11.395222 -11.103015 0.000000 -0.000000 
3621	(   2.293887  -1.395903  -1.10279  )	15.296075 -12.293887 -8.604097 -8.897210 -7.706113 -11.395903 -11.102790 -0.000003 0.000003 
3622	(   2.294682  -1.394714  -1.103771 )	15.295009 -12.294682 -8.605286 -8.896229 -7.705318 -11.394714 -11.103771 -0.000003 0.000003 
3623	(   2.295543  -1.39488   -1.103101 )	15.304902 -12.295543 -8.605120 -8.896899 -7.704457 -11.394880 -11.103101 -0.000004 0.000004 
3624	(   2.293688  -1.395004  -1.103971 )	15.287251 -12.293688 -8.604996 -8.896029 -7.706312 -11.395004 -11.103971 0.000001 -0.000001 
3625	(   2.298855  -1.393678  -1.10272  )	15.328991 -12.298855 -8.606322 -8.897280 -7.701145 -11.393678 -11.102720 0.000002 -0.000002 
3626	(   2.289888  -1.39435   -1.106839 )	15.244254 -12.289888 -8.605650 -8.893161 -7.710112 -11.394350 -11.106839 0.000125 -0.000125 
3627	(   2.293858  -1.395903  -1.10279  )	15.295786 -12.293858 -8.604097 -8.897210 -7.706142 -11.395903 -11.102790 -0.000088 0.000088 
3628	(   2.296288  -1.393514  -1.10434  )	15.301994 -12.296288 -8.606486 -8.895660 -7.703712 -11.393514 -11.104340 0.000107 -0.000107 
3629	(   2.305558  -1.390533  -1.102804 )	15.372424 -12.305558 -8.609467 -8.897196 -7.694442 -11.390533 -11.102804 -0.000014 0.000014 
3630	(   2.293658  -1.395004  -1.103971 )	15.286952 -12.293658 -8.604996 -8.896029 -7.706342 -11.395004 -11.103971 -0.000087 0.000087 
3631	(   2.298858  -1.393678  -1.10272  )	15.329021 -12.298858 -8.606322 -8.897280 -7.701142 -11.393678 -11.102720 0.000010 -0.000010 
3632	(   2.284958  -1.398478  -1.101462 )	15.226600 -12.284958 -8.601522 -8.898538 -7.715042 -11.398478 -11.101462 -0.017000 0.017000 
3633	(   2.289758  -1.390222  -1.102681 )	15.212564 -12.289758 -8.609778 -8.897319 -7.710242 -11.390222 -11.102681 -0.049004 0.049004 
3634	(   2.288358  -1.39611   -1.105015 )	15.242351 -12.288358 -8.603890 -8.894985 -7.711642 -11.396110 -11.105015 -0.003010 0.003010 
3635	(   2.296088  -1.39156   -1.105971 )	15.285244 -12.296088 -8.608440 -8.894029 -7.703912 -11.391560 -11.105971 -0.004171 0.004171 
3636	(   2.291288  -1.398448  -1.101971 )	15.289302 -12.291288 -8.601552 -8.898029 -7.708712 -11.398448 -11.101971 0.004240 -0.004240 
3637	(   2.298458  -1.394444  -1.102922 )	15.330741 -12.298458 -8.605556 -8.897078 -7.701542 -11.394444 -11.102922 0.004826 -0.004826 
3638	(   2.289878  -1.39435   -1.106839 )	15.244154 -12.289878 -8.605650 -8.893161 -7.710122 -11.394350 -11.106839 0.000095 -0.000095 
3639	(   2.294339  -1.395229  -1.103346 )	15.295482 -12.294339 -8.604771 -8.896654 -7.705661 -11.395229 -11.103346 -0.000002 0.000002 
3640	(   2.29449   -1.3947    -1.103893 )	15.292979 -12.294490 -8.605300 -8.896107 -7.705510 -11.394700 -11.103893 -0.000001 0.000001 
3641	(   2.299958  -1.394777  -1.102885 )	15.348217 -12.299958 -8.605223 -8.897115 -7.700042 -11.394777 -11.102885 0.011180 -0.011180 
3642	(   2.294224  -1.393222  -1.103596 )	15.279310 -12.294224 -8.606778 -8.896404 -7.705776 -11.393222 -11.103596 -0.011836 0.011836 
3643	(   2.293036  -1.394269  -1.102971 )	15.275360 -12.293036 -8.605731 -8.897029 -7.706964 -11.394269 -11.102971 -0.011995 0.011995 
3644	(   2.293703  -1.394134  -1.102015 )	15.281091 -12.293703 -8.605866 -8.897985 -7.706297 -11.394134 -11.102015 -0.016019 0.016019 
3645	(   2.29434   -1.395739  -1.104971 )	15.299147 -12.294340 -8.604261 -8.895029 -7.705660 -11.395739 -11.104971 0.012017 -0.012017 
3646	(   2.294928  -1.395257  -1.10302  )	15.301596 -12.294928 -8.604743 -8.896980 -7.705072 -11.395257 -11.103020 0.000163 -0.000163 

BBE ( SOL ) BBO
3647	(   2.294144  -1.394657  -1.104131 )	15.289186 -12.294144 -8.605343 -8.895869 -7.705856 -11.394657 -11.104131 -0.000010 0.000010 
3648	(   2.295223  -1.395884  -1.10207  )	15.309326 -12.295223 -8.604116 -8.897930 -7.704777 -11.395884 -11.102070 -0.000043 0.000043 
3649	(   2.293688  -1.395004  -1.10397  )	15.287251 -12.293688 -8.604996 -8.896030 -7.706312 -11.395004 -11.103970 -0.000001 0.000001 
3650	(   2.298855  -1.393678  -1.102719 )	15.328991 -12.298855 -8.606322 -8.897281 -7.701145 -11.393678 -11.102719 -0.000000 0.000000 
3651	(   2.292958  -1.395361  -1.103149 )	15.282728 -12.292958 -8.604639 -8.896851 -7.707042 -11.395361 -11.103149 -0.004280 0.004280 
3652	(   2.29439   -1.395116  -1.102515 )	15.295230 -12.294390 -8.604884 -8.897485 -7.705610 -11.395116 -11.102515 -0.005034 0.005034 
3653	(   2.293431  -1.394004  -1.104135 )	15.277200 -12.293431 -8.605996 -8.895865 -7.706569 -11.394004 -11.104135 -0.006270 0.006270 
3654	(   2.294752  -1.394222  -1.103082 )	15.292097 -12.294752 -8.605778 -8.896918 -7.705248 -11.394222 -11.103082 -0.006645 0.006645 
3655	(   2.293945  -1.396004  -1.103807 )	15.297306 -12.293945 -8.603996 -8.896193 -7.706055 -11.396004 -11.103807 0.006279 -0.006279 
3656	(   2.294993  -1.395231  -1.103017 )	15.302051 -12.294993 -8.604769 -8.896983 -7.705007 -11.395231 -11.103017 0.000174 -0.000174 
3657	(   2.289878  -1.39435   -1.106839 )	15.244152 -12.289878 -8.605650 -8.893161 -7.710122 -11.394350 -11.106839 0.000093 -0.000093 
3658	(   2.29408   -1.39408   -1.10386  )	15.284263 -12.294080 -8.605920 -8.896140 -7.705920 -11.394080 -11.103860 -0.005352 0.005352 
3659	(   2.293947  -1.395903  -1.102959 )	15.296656 -12.293947 -8.604097 -8.897041 -7.706053 -11.395903 -11.102959 0.001083 -0.001083 
3660	(   2.294476  -1.394999  -1.103544 )	15.295107 -12.294476 -8.605001 -8.896456 -7.705524 -11.394999 -11.103544 -0.000004 0.000004 
3661	(   2.298181  -1.393812  -1.10293  )	15.323243 -12.298181 -8.606188 -8.897070 -7.701819 -11.393812 -11.102930 0.000001 -0.000001 
3662	(   2.293958  -1.395024  -1.102927 )	15.290192 -12.293958 -8.604976 -8.897073 -7.706042 -11.395024 -11.102927 -0.004685 0.004685 
3663	(   2.294589  -1.395137  -1.103215 )	15.297298 -12.294589 -8.604863 -8.896785 -7.705411 -11.395137 -11.103215 -0.000560 0.000560 
3664	(   2.294552  -1.395722  -1.103019 )	15.301327 -12.294552 -8.604278 -8.896981 -7.705448 -11.395722 -11.103019 0.002029 -0.002029 
3665	(   2.292738  -1.394504  -1.103805 )	15.274066 -12.292738 -8.605496 -8.896195 -7.707262 -11.394504 -11.103805 -0.006885 0.006885 
3666	(   2.294638  -1.395504  -1.104136 )	15.300442 -12.294638 -8.604496 -8.895864 -7.705362 -11.395504 -11.104136 0.006891 -0.006891 
3667	(   2.294984  -1.395211  -1.103013 )	15.301816 -12.294984 -8.604789 -8.896987 -7.705016 -11.395211 -11.103013 -0.000002 0.000002 
3668	(   2.294644  -1.394928  -1.104095 )	15.296204 -12.294644 -8.605072 -8.895905 -7.705356 -11.394928 -11.104095 0.003003 -0.003003 
3669	(   2.295248  -1.395136  -1.103163 )	15.303869 -12.295248 -8.604864 -8.896837 -7.704752 -11.395136 -11.103163 0.001105 -0.001105 
3670	(   2.298577  -1.39342   -1.103179 )	15.324237 -12.298577 -8.606580 -8.896821 -7.701423 -11.393420 -11.103179 -0.000004 0.000004 
3671	(   2.29613   -1.394601  -1.103112 )	15.308674 -12.296131 -8.605399 -8.896888 -7.703869 -11.394601 -11.103112 0.000002 -0.000002 
3672	(   2.293425  -1.394973  -1.104071 )	15.284395 -12.293425 -8.605027 -8.895929 -7.706575 -11.394973 -11.104071 -0.000431 0.000431 
3673	(   2.294606  -1.395033  -1.103115 )	15.296706 -12.294606 -8.604967 -8.896885 -7.705394 -11.395033 -11.103115 -0.001709 0.001709 
3674	(   2.29465   -1.395102  -1.102915 )	15.297679 -12.294650 -8.604898 -8.897085 -7.705350 -11.395102 -11.102915 -0.002212 0.002212 
3675	(   2.294458  -1.395393  -1.103025 )	15.297926 -12.294458 -8.604607 -8.896975 -7.705542 -11.395393 -11.103025 -0.000324 0.000324 
3676	(   2.293951  -1.395035  -1.103871 )	15.290107 -12.293951 -8.604965 -8.896129 -7.706049 -11.395035 -11.103871 0.000433 -0.000433 
3677	(   2.295549  -1.395236  -1.103041 )	15.307630 -12.295549 -8.604764 -8.896959 -7.704451 -11.395236 -11.103041 0.001970 -0.001970 
3678	(   2.293638  -1.395002  -1.104052 )	15.286727 -12.293638 -8.604998 -8.895948 -7.706362 -11.395002 -11.104052 0.000277 -0.000277 
3679	(   2.294886  -1.395257  -1.103006 )	15.301181 -12.294886 -8.604743 -8.896994 -7.705114 -11.395257 -11.103006 -0.000032 0.000032 
3680	(   2.294757  -1.395086  -1.103287 )	15.298588 -12.294757 -8.604914 -8.896713 -7.705243 -11.395086 -11.103287 0.000002 -0.000002 
3681	(   2.294814  -1.395117  -1.103219 )	15.299395 -12.294814 -8.604883 -8.896781 -7.705186 -11.395117 -11.103219 0.000001 -0.000001 
3682	(   2.293682  -1.39497   -1.103921 )	15.286945 -12.293682 -8.605030 -8.896079 -7.706318 -11.394970 -11.103921 -0.000501 0.000501 
3683	(   2.294989  -1.395122  -1.103012 )	15.301197 -12.294989 -8.604878 -8.896988 -7.705011 -11.395122 -11.103012 -0.000561 0.000561 
3684	(   2.294758  -1.395207  -1.103012 )	15.299527 -12.294758 -8.604793 -8.896988 -7.705242 -11.395207 -11.103012 -0.000701 0.000701 
3685	(   2.294967  -1.395227  -1.102965 )	15.301771 -12.294967 -8.604773 -8.897035 -7.705033 -11.395227 -11.102965 -0.000207 0.000207 
3686	(   2.293694  -1.395037  -1.104021 )	15.287557 -12.293694 -8.604963 -8.895979 -7.706306 -11.395037 -11.104021 0.000503 -0.000503 

BBE ( SOL ) BBO
3687	(   2.29496   -1.395223  -1.103015 )	15.301659 -12.294960 -8.604777 -8.896985 -7.705040 -11.395223 -11.103015 0.000015 -0.000015 
3688	(   2.293688  -1.395004  -1.10397  )	15.287251 -12.293688 -8.604996 -8.896030 -7.706312 -11.395004 -11.103970 0.000000 -0.000000 
3689	(   2.293688  -1.395004  -1.10397  )	15.287251 -12.293688 -8.604996 -8.896030 -7.706312 -11.395004 -11.103970 -0.000003 0.000003 
3690	(   2.293718  -1.395006  -1.103889 )	15.287576 -12.293718 -8.604994 -8.896111 -7.706282 -11.395006 -11.103889 -0.000334 0.000334 
3691	(   2.293658  -1.395003  -1.104011 )	15.286939 -12.293658 -8.604997 -8.895989 -7.706342 -11.395003 -11.104011 0.000124 -0.000124 
3692	(   2.293788  -1.394973  -1.103971 )	15.288019 -12.293788 -8.605027 -8.896029 -7.706212 -11.394973 -11.103971 0.000101 -0.000101 
3693	(   2.293627  -1.394954  -1.103972 )	15.286267 -12.293627 -8.605046 -8.896028 -7.706373 -11.394954 -11.103972 -0.000494 0.000494 
3694	(   2.293687  -1.395002  -1.10395  )	15.287222 -12.293687 -8.604998 -8.896050 -7.706313 -11.395002 -11.103950 -0.000127 0.000127 
3695	(   2.293651  -1.394954  -1.103989 )	15.286503 -12.293651 -8.605046 -8.896011 -7.706349 -11.394954 -11.103989 -0.000329 0.000329 
3696	(   2.293725  -1.395054  -1.103952 )	15.287999 -12.293725 -8.604946 -8.896048 -7.706275 -11.395054 -11.103952 0.000331 -0.000331 
3697	(   2.293661  -1.395015  -1.103986 )	15.287067 -12.293661 -8.604985 -8.896014 -7.706339 -11.395015 -11.103986 0.000073 -0.000073 
3698	(   2.293658  -1.395003  -1.103982 )	15.286947 -12.293658 -8.604997 -8.896018 -7.706342 -11.395003 -11.103982 -0.000030 0.000030 
3699	(   2.293753  -1.394996  -1.103965 )	15.287840 -12.293753 -8.605004 -8.896035 -7.706247 -11.394996 -11.103965 0.000111 -0.000111 
3700	(   2.293695  -1.394993  -1.103963 )	15.287233 -12.293695 -8.605007 -8.896037 -7.706305 -11.394993 -11.103963 -0.000093 0.000093 
3701	(   2.29367   -1.395009  -1.10398  )	15.287108 -12.293670 -8.604991 -8.896020 -7.706330 -11.395009 -11.103980 0.000032 -0.000032 
3702	(   2.293638  -1.395006  -1.103971 )	15.286768 -12.293638 -8.604994 -8.896029 -7.706362 -11.395006 -11.103971 -0.000131 0.000131 
3703	(   2.293683  -1.394984  -1.103971 )	15.287054 -12.293683 -8.605016 -8.896029 -7.706317 -11.394984 -11.103971 -0.000138 0.000138 
3704	(   2.293685  -1.395003  -1.10396  )	15.287208 -12.293685 -8.604997 -8.896040 -7.706315 -11.395003 -11.103960 -0.000072 0.000072 
3705	(   2.293701  -1.395003  -1.103981 )	15.287373 -12.293701 -8.604997 -8.896019 -7.706299 -11.395003 -11.103981 0.000089 -0.000089 
3706	(   2.293675  -1.395004  -1.103961 )	15.287129 -12.293675 -8.604996 -8.896039 -7.706325 -11.395004 -11.103961 -0.000087 0.000087 
3707	(   2.293692  -1.395004  -1.10397  )	15.287295 -12.293692 -8.604996 -8.896030 -7.706308 -11.395004 -11.103970 0.000013 -0.000013 
3708	(   2.293658  -1.394999  -1.103979 )	15.286917 -12.293658 -8.605001 -8.896021 -7.706342 -11.394999 -11.103979 -0.000073 0.000073 
3709	(   2.293662  -1.395009  -1.10398  )	15.287034 -12.293662 -8.604991 -8.896020 -7.706338 -11.395009 -11.103980 0.000010 -0.000010 
3710	(   2.293666  -1.395007  -1.103977 )	15.287063 -12.293666 -8.604993 -8.896023 -7.706334 -11.395007 -11.103977 -0.000006 0.000006 
3711	(   2.293673  -1.395007  -1.103975 )	15.287121 -12.293673 -8.604993 -8.896025 -7.706327 -11.395007 -11.103975 -0.000001 0.000001 
3712	(   2.293704  -1.395     -1.103964 )	15.287381 -12.293704 -8.605000 -8.896036 -7.706296 -11.395000 -11.103964 -0.000010 0.000010 
3713	(   2.293673  -1.395007  -1.103976 )	15.287121 -12.293673 -8.604993 -8.896024 -7.706327 -11.395007 -11.103976 0.000005 -0.000005 
3714	(   2.293628  -1.395015  -1.10399  )	15.286730 -12.293628 -8.604985 -8.896010 -7.706372 -11.395015 -11.103990 -0.000005 0.000005 
3715	(   2.293684  -1.394998  -1.10398  )	15.287161 -12.293684 -8.605002 -8.896020 -7.706316 -11.394998 -11.103980 -0.000000 0.000000 
3716	(   2.293716  -1.394971  -1.103995 )	15.287283 -12.293716 -8.605029 -8.896005 -7.706284 -11.394971 -11.103995 0.000002 -0.000002 
3717	(   2.29368   -1.395014  -1.103962 )	15.287249 -12.293680 -8.604986 -8.896038 -7.706320 -11.395014 -11.103962 -0.000001 0.000001 
3718	(   2.293747  -1.394978  -1.103969 )	15.287645 -12.293747 -8.605022 -8.896031 -7.706253 -11.394978 -11.103969 0.000001 -0.000001 
3719	(   2.293683  -1.394991  -1.103988 )	15.287106 -12.293683 -8.605009 -8.896012 -7.706317 -11.394991 -11.103988 -0.000001 0.000001 
3720	(   2.293685  -1.39498   -1.104001 )	15.287034 -12.293685 -8.605020 -8.895999 -7.706315 -11.394980 -11.104001 -0.000001 0.000001 
3721	(   2.293687  -1.394926  -1.104063 )	15.286654 -12.293687 -8.605074 -8.895937 -7.706313 -11.394926 -11.104063 -0.000001 0.000001 
3722	(   2.293695  -1.394766  -1.104249 )	15.285512 -12.293695 -8.605234 -8.895751 -7.706305 -11.394766 -11.104249 -0.000001 0.000001 
3723	(   2.293718  -1.394285  -1.104809 )	15.282088 -12.293718 -8.605715 -8.895191 -7.706282 -11.394285 -11.104809 0.000003 -0.000003 
3724	(   2.293627  -1.394892  -1.104137 )	15.285788 -12.293627 -8.605108 -8.895863 -7.706373 -11.394892 -11.104137 0.000001 -0.000001 
3725	(   2.293717  -1.39492   -1.104055 )	15.286899 -12.293717 -8.605080 -8.895945 -7.706283 -11.394920 -11.104055 -0.000000 0.000000 
3726	(   2.293718  -1.394285  -1.104809 )	15.282090 -12.293718 -8.605715 -8.895191 -7.706282 -11.394285 -11.104809 0.000004 -0.000004 

BBE ( SOL ) BBO
3727	(   2.293815  -1.394687  -1.104279 )	15.286115 -12.293815 -8.605313 -8.895721 -7.706185 -11.394687 -11.104279 0.000004 -0.000004 
3728	(   2.293437  -1.394752  -1.104408 )	15.282822 -12.293437 -8.605248 -8.895592 -7.706563 -11.394752 -11.104408 0.000003 -0.000003 
3729	(   2.294014  -1.394859  -1.103964 )	15.289412 -12.294014 -8.605141 -8.896036 -7.705986 -11.394859 -11.103964 -0.000003 0.000003 
3730	(   2.292434  -1.394726  -1.104989 )	15.272583 -12.292434 -8.605274 -8.895011 -7.707566 -11.394726 -11.104989 0.000017 -0.000017 
3731	(   2.294327  -1.395098  -1.103508 )	15.294368 -12.294327 -8.604902 -8.896492 -7.705673 -11.395098 -11.103508 -0.000002 0.000002 
3732	(   2.293917  -1.394814  -1.104207 )	15.288085 -12.293917 -8.605186 -8.895793 -7.706083 -11.394814 -11.104207 0.000731 -0.000731 
3733	(   2.293742  -1.39392   -1.103673 )	15.279715 -12.293742 -8.606080 -8.896327 -7.706258 -11.393920 -11.103673 -0.008374 0.008374 
3734	(   2.293638  -1.394108  -1.104555 )	15.280003 -12.293638 -8.605892 -8.895445 -7.706362 -11.394108 -11.104555 -0.002731 0.002731 
3735	(   2.293895  -1.394268  -1.104531 )	15.283755 -12.293895 -8.605732 -8.895469 -7.706105 -11.394268 -11.104531 -0.001081 0.001081 
3736	(   2.293495  -1.395264  -1.103968 )	15.287270 -12.293495 -8.604736 -8.896032 -7.706505 -11.395264 -11.103968 0.001081 -0.001081 
3737	(   2.293697  -1.39496   -1.104034 )	15.287006 -12.293697 -8.605040 -8.895966 -7.706303 -11.394960 -11.104034 0.000088 -0.000088 
3738	(   2.293815  -1.394686  -1.104279 )	15.286112 -12.293815 -8.605314 -8.895721 -7.706185 -11.394686 -11.104279 0.000001 -0.000001 
3739	(   2.293601  -1.394677  -1.104407 )	15.283899 -12.293601 -8.605323 -8.895593 -7.706399 -11.394677 -11.104407 0.000003 -0.000003 
3740	(   2.293678  -1.395052  -1.103919 )	15.287513 -12.293678 -8.604948 -8.896081 -7.706322 -11.395052 -11.103919 0.000000 -0.000000 
3741	(   2.293715  -1.394896  -1.104085 )	15.286695 -12.293715 -8.605104 -8.895915 -7.706285 -11.394896 -11.104085 -0.000000 0.000000 
3742	(   2.293733  -1.394817  -1.104167 )	15.286286 -12.293733 -8.605183 -8.895833 -7.706267 -11.394817 -11.104167 -0.000000 0.000000 
3743	(   2.293789  -1.394582  -1.104416 )	15.285058 -12.293789 -8.605418 -8.895584 -7.706211 -11.394582 -11.104416 -0.000002 0.000002 
3744	(   2.293425  -1.39494   -1.104189 )	15.284139 -12.293425 -8.605060 -8.895811 -7.706575 -11.394940 -11.104189 -0.000003 0.000003 
3745	(   2.293425  -1.395078  -1.104026 )	15.285183 -12.293425 -8.604922 -8.895974 -7.706575 -11.395078 -11.104026 -0.000001 0.000001 
3746	(   2.292618  -1.396014  -1.103355 )	15.284199 -12.292618 -8.603986 -8.896645 -7.707382 -11.396014 -11.103355 0.000001 -0.000001 
3747	(   2.290194  -1.398822  -1.101342 )	15.281266 -12.290194 -8.601178 -8.898658 -7.709806 -11.398822 -11.101342 0.000039 -0.000039 
3748	(   2.293789  -1.394582  -1.104416 )	15.285062 -12.293789 -8.605418 -8.895584 -7.706211 -11.394582 -11.104416 0.000002 -0.000002 
3749	(   2.290815  -1.398519  -1.101354 )	15.285182 -12.290815 -8.601481 -8.898646 -7.709185 -11.398519 -11.101354 -0.000002 0.000002 
3750	(   2.294355  -1.39582   -1.102631 )	15.300139 -12.294355 -8.604180 -8.897369 -7.705645 -11.395820 -11.102631 -0.000000 0.000000 
3751	(   2.293759  -1.394757  -1.104224 )	15.286091 -12.293759 -8.605243 -8.895776 -7.706241 -11.394757 -11.104224 -0.000001 0.000001 
3752	(   2.293703  -1.394937  -1.104041 )	15.286896 -12.293703 -8.605063 -8.895959 -7.706297 -11.394937 -11.104041 0.000000 -0.000000 
3753	(   2.294733  -1.392414  -1.103718 )	15.278337 -12.294733 -8.607586 -8.896282 -7.705267 -11.392414 -11.103718 -0.014841 0.014841 
3754	(   2.293458  -1.389817  -1.106    )	15.246041 -12.293458 -8.610183 -8.894000 -7.706542 -11.389817 -11.106000 -0.022848 0.022848 
3755	(   2.293145  -1.391041  -1.102167 )	15.252418 -12.293145 -8.608959 -8.897833 -7.706855 -11.391041 -11.102167 -0.036595 0.036595 
3756	(   2.293459  -1.391014  -1.105122 )	15.255054 -12.293459 -8.608986 -8.894878 -7.706541 -11.391014 -11.105122 -0.019962 0.019962 
3757	(   2.291777  -1.401014  -1.101588 )	15.313427 -12.291777 -8.598986 -8.898412 -7.708223 -11.401014 -11.101588 0.020100 -0.020100 
3758	(   2.293769  -1.395603  -1.103952 )	15.292542 -12.293769 -8.604397 -8.896048 -7.706231 -11.395603 -11.103952 0.003979 -0.003979 
3759	(   2.290194  -1.398822  -1.101342 )	15.281269 -12.290194 -8.601178 -8.898658 -7.709806 -11.398822 -11.101342 0.000040 -0.000040 
3760	(   2.293789  -1.394582  -1.104416 )	15.285058 -12.293789 -8.605418 -8.895584 -7.706211 -11.394582 -11.104416 0.000001 -0.000001 
3761	(   2.292715  -1.394622  -1.104958 )	15.274608 -12.292715 -8.605378 -8.895042 -7.707285 -11.394622 -11.104958 0.000013 -0.000013 
3762	(   2.293223  -1.394267  -1.105099 )	15.277003 -12.293223 -8.605733 -8.894901 -7.706777 -11.394267 -11.105099 0.000004 -0.000004 
3763	(   2.293717  -1.394847  -1.10414  )	15.286355 -12.293717 -8.605153 -8.895860 -7.706283 -11.394847 -11.104140 -0.000001 0.000001 
3764	(   2.293717  -1.394901  -1.104076 )	15.286760 -12.293717 -8.605099 -8.895924 -7.706283 -11.394901 -11.104076 -0.000001 0.000001 
3765	(   2.293233  -1.394445  -1.104155 )	15.278526 -12.293233 -8.605555 -8.895845 -7.706767 -11.394445 -11.104155 -0.003917 0.003917 
3766	(   2.292118  -1.395051  -1.103595 )	15.271996 -12.292118 -8.604949 -8.896405 -7.707882 -11.395051 -11.103595 -0.006345 0.006345 

BBE ( SOL ) BBO
3767	(   2.293827  -1.392817  -1.104031 )	15.272289 -12.293827 -8.607183 -8.895969 -7.706173 -11.392817 -11.104031 -0.013245 0.013245 
3768	(   2.293727  -1.395084  -1.103167 )	15.288320 -12.293727 -8.604916 -8.896833 -7.706273 -11.395084 -11.103167 -0.003687 0.003687 
3769	(   2.293118  -1.396977  -1.103115 )	15.296408 -12.293118 -8.603023 -8.896885 -7.706882 -11.396977 -11.103115 0.006354 -0.006354 
3770	(   2.293737  -1.394838  -1.104178 )	15.286483 -12.293737 -8.605162 -8.895822 -7.706263 -11.394838 -11.104178 0.000205 -0.000205 
3771	(   2.290194  -1.398822  -1.101342 )	15.281269 -12.290194 -8.601178 -8.898658 -7.709806 -11.398822 -11.101342 0.000041 -0.000041 
3772	(   2.293443  -1.39441   -1.104809 )	15.280290 -12.293443 -8.605590 -8.895191 -7.706557 -11.394410 -11.104809 -0.000003 0.000003 
3773	(   2.292618  -1.396014  -1.103356 )	15.284199 -12.292618 -8.603986 -8.896644 -7.707382 -11.396014 -11.103356 0.000004 -0.000004 
3774	(   2.293717  -1.394847  -1.104141 )	15.286355 -12.293717 -8.605153 -8.895859 -7.706283 -11.394847 -11.104141 0.000002 -0.000002 
3775	(   2.293717  -1.394901  -1.104076 )	15.286760 -12.293717 -8.605099 -8.895924 -7.706283 -11.394901 -11.104076 -0.000002 0.000002 
3776	(   2.293933  -1.394879  -1.104138 )	15.288746 -12.293933 -8.605121 -8.895862 -7.706067 -11.394879 -11.104138 0.000829 -0.000829 
3777	(   2.293721  -1.394883  -1.103667 )	15.286705 -12.293721 -8.605117 -8.896333 -7.706279 -11.394883 -11.103667 -0.002305 0.002305 
3778	(   2.293745  -1.393817  -1.104132 )	15.278932 -12.293745 -8.606183 -8.895868 -7.706255 -11.393817 -11.104132 -0.006551 0.006551 
3779	(   2.292818  -1.395278  -1.103622 )	15.280662 -12.292818 -8.604722 -8.896377 -7.707182 -11.395278 -11.103623 -0.002682 0.002682 
3780	(   2.292418  -1.39675   -1.103087 )	15.287738 -12.292418 -8.603250 -8.896912 -7.707582 -11.396750 -11.103088 0.002686 -0.002686 
3781	(   2.293651  -1.394797  -1.104216 )	15.285316 -12.293651 -8.605203 -8.895784 -7.706349 -11.394797 -11.104216 -0.000110 0.000110 
3782	(   2.290194  -1.398822  -1.101342 )	15.281270 -12.290194 -8.601178 -8.898658 -7.709806 -11.398822 -11.101342 0.000043 -0.000043 
3783	(   2.293789  -1.394583  -1.104416 )	15.285061 -12.293789 -8.605417 -8.895584 -7.706211 -11.394583 -11.104416 0.000000 -0.000000 
3784	(   2.293955  -1.393879  -1.105161 )	15.281385 -12.293955 -8.606121 -8.894839 -7.706045 -11.393879 -11.105161 0.000008 -0.000008 
3785	(   2.292447  -1.395681  -1.103449 )	15.279996 -12.292447 -8.604319 -8.896551 -7.707553 -11.395681 -11.103449 -0.002129 0.002129 
3786	(   2.294129  -1.394277  -1.104593 )	15.286152 -12.294129 -8.605723 -8.895407 -7.705871 -11.394277 -11.104593 -0.000002 0.000002 
3787	(   2.293788  -1.394593  -1.104404 )	15.285130 -12.293788 -8.605407 -8.895596 -7.706212 -11.394593 -11.104404 -0.000003 0.000003 
3788	(   2.293724  -1.394852  -1.104132 )	15.286458 -12.293724 -8.605148 -8.895868 -7.706276 -11.394852 -11.104132 0.000003 -0.000003 
3789	(   2.293589  -1.394015  -1.104786 )	15.278787 -12.293589 -8.605985 -8.895214 -7.706411 -11.394015 -11.104786 -0.002224 0.002224 
3790	(   2.293918  -1.393583  -1.10447  )	15.278874 -12.293918 -8.606417 -8.895530 -7.706082 -11.393583 -11.104470 -0.005723 0.005723 
3791	(   2.292818  -1.395239  -1.103578 )	15.280375 -12.292818 -8.604761 -8.896422 -7.707182 -11.395239 -11.103578 -0.003170 0.003170 
3792	(   2.293689  -1.394153  -1.103916 )	15.280906 -12.293689 -8.605847 -8.896084 -7.706311 -11.394153 -11.103916 -0.005735 0.005735 
3793	(   2.292418  -1.396789  -1.103132 )	15.288025 -12.292418 -8.603211 -8.896868 -7.707582 -11.396789 -11.103132 0.003174 -0.003174 
3794	(   2.293786  -1.39465   -1.10442  )	15.285534 -12.293786 -8.605350 -8.895580 -7.706214 -11.394650 -11.104420 0.000441 -0.000441 
3795	(   2.293955  -1.393879  -1.105161 )	15.281385 -12.293955 -8.606121 -8.894839 -7.706045 -11.393879 -11.105161 0.000008 -0.000008 
3796	(   2.293704  -1.394291  -1.104809 )	15.281995 -12.293704 -8.605709 -8.895191 -7.706296 -11.394291 -11.104809 -0.000000 0.000000 
3797	(   2.29345   -1.393415  -1.105987 )	15.272804 -12.293450 -8.606585 -8.894013 -7.706550 -11.393415 -11.105987 0.000016 -0.000016 
3798	(   2.293583  -1.394049  -1.105161 )	15.278945 -12.293583 -8.605951 -8.894839 -7.706417 -11.394049 -11.105161 -0.000001 0.000001 
3799	(   2.293219  -1.393323  -1.106219 )	15.269799 -12.293219 -8.606677 -8.893781 -7.706781 -11.393323 -11.106219 0.000009 -0.000009 
3800	(   2.29345   -1.393415  -1.105987 )	15.272804 -12.293450 -8.606585 -8.894013 -7.706550 -11.393415 -11.105987 0.000015 -0.000015 
3801	(   2.292715  -1.394744  -1.104812 )	15.275531 -12.292715 -8.605256 -8.895188 -7.707285 -11.394744 -11.104812 0.000002 -0.000002 
3802	(   2.292841  -1.39422   -1.105363 )	15.272820 -12.292841 -8.605780 -8.894637 -7.707159 -11.394220 -11.105363 0.000001 -0.000001 
3803	(   2.290617  -1.394733  -1.105969 )	15.254451 -12.290617 -8.605267 -8.894031 -7.709383 -11.394733 -11.105969 0.000008 -0.000008 
3804	(   2.29345   -1.393415  -1.105987 )	15.272809 -12.293450 -8.606585 -8.894013 -7.706550 -11.393415 -11.105987 0.000016 -0.000016 
3805	(   2.292118  -1.39475   -1.105131 )	15.269598 -12.292118 -8.605250 -8.894869 -7.707882 -11.394750 -11.105131 0.000003 -0.000003 
3806	(   2.294182  -1.395332  -1.10331  )	15.294694 -12.294182 -8.604668 -8.896690 -7.705818 -11.395332 -11.103310 0.000006 -0.000006 

BBE ( SOL ) BBO
3807	(   2.293781  -1.39419   -1.104887 )	15.282002 -12.293781 -8.605810 -8.895113 -7.706219 -11.394190 -11.104887 0.000002 -0.000002 
3808	(   2.293722  -1.394751  -1.104253 )	15.285669 -12.293722 -8.605249 -8.895747 -7.706278 -11.394751 -11.104253 -0.000001 0.000001 
3809	(   2.294704  -1.394186  -1.103994 )	15.291255 -12.294704 -8.605814 -8.896006 -7.705296 -11.394186 -11.103994 -0.002120 0.002120 
3810	(   2.293754  -1.392291  -1.105311 )	15.267505 -12.293754 -8.607709 -8.894689 -7.706246 -11.392291 -11.105311 -0.009927 0.009927 
3811	(   2.293841  -1.392285  -1.106256 )	15.268244 -12.293841 -8.607715 -8.893744 -7.706159 -11.392285 -11.106256 -0.004593 0.004593 
3812	(   2.293282  -1.393747  -1.102809 )	15.273921 -12.293282 -8.606253 -8.897191 -7.706718 -11.393747 -11.102809 -0.015480 0.015480 
3813	(   2.291841  -1.396155  -1.10447  )	15.277408 -12.291841 -8.603845 -8.895530 -7.708159 -11.396155 -11.104470 0.004614 -0.004614 
3814	(   2.293585  -1.394335  -1.104922 )	15.281130 -12.293585 -8.605665 -8.895078 -7.706415 -11.394335 -11.104922 0.000541 -0.000541 
3815	(   2.290618  -1.394733  -1.105969 )	15.254455 -12.290618 -8.605267 -8.894031 -7.709382 -11.394733 -11.105969 0.000009 -0.000009 
3816	(   2.292256  -1.39455   -1.105291 )	15.269465 -12.292256 -8.605450 -8.894709 -7.707744 -11.394550 -11.105291 -0.000001 0.000001 
3817	(   2.290501  -1.39554   -1.105075 )	15.259409 -12.290501 -8.604460 -8.894925 -7.709499 -11.395540 -11.105075 -0.000008 0.000008 
3818	(   2.292252  -1.395185  -1.104542 )	15.274240 -12.292252 -8.604815 -8.895458 -7.707748 -11.395185 -11.104542 0.000002 -0.000002 
3819	(   2.292249  -1.393737  -1.106256 )	15.263230 -12.292249 -8.606263 -8.893744 -7.707751 -11.393737 -11.106256 0.000002 -0.000002 
3820	(   2.292704  -1.394158  -1.105003 )	15.271021 -12.292704 -8.605842 -8.894997 -7.707296 -11.394158 -11.105003 -0.002748 0.002748 
3821	(   2.291256  -1.393074  -1.105489 )	15.248470 -12.291256 -8.606926 -8.894511 -7.708744 -11.393074 -11.105489 -0.011303 0.011303 
3822	(   2.293769  -1.392291  -1.104803 )	15.267703 -12.293769 -8.607709 -8.895197 -7.706231 -11.392291 -11.104803 -0.012625 0.012625 
3823	(   2.29351   -1.394278  -1.103809 )	15.280063 -12.293510 -8.605722 -8.896191 -7.706490 -11.394278 -11.103809 -0.006042 0.006042 
3824	(   2.293256  -1.396026  -1.105093 )	15.290477 -12.293256 -8.603974 -8.894907 -7.706744 -11.396026 -11.105093 0.011321 -0.011321 
3825	(   2.293715  -1.394312  -1.104817 )	15.282264 -12.293715 -8.605688 -8.895183 -7.706285 -11.394312 -11.104817 0.000210 -0.000210 
3826	(   2.290501  -1.39554   -1.105075 )	15.259405 -12.290501 -8.604460 -8.894925 -7.709499 -11.395540 -11.105075 -0.000009 0.000009 
3827	(   2.291267  -1.395136  -1.10514  )	15.264012 -12.291267 -8.604864 -8.894860 -7.708733 -11.395136 -11.105140 0.000014 -0.000014 
3828	(   2.294668  -1.393755  -1.104919 )	15.287584 -12.294668 -8.606245 -8.895081 -7.705332 -11.393755 -11.104919 0.000001 -0.000001 
3829	(   2.293769  -1.394232  -1.104843 )	15.282201 -12.293769 -8.605768 -8.895157 -7.706231 -11.394232 -11.104843 0.000002 -0.000002 
3830	(   2.293728  -1.39473   -1.104274 )	15.285572 -12.293728 -8.605270 -8.895726 -7.706272 -11.394730 -11.104274 -0.000000 0.000000 
3831	(   2.291756  -1.394775  -1.105322 )	15.266164 -12.291756 -8.605225 -8.894678 -7.708244 -11.394775 -11.105322 0.000132 -0.000132 
3832	(   2.292756  -1.394325  -1.105261 )	15.272766 -12.292756 -8.605675 -8.894739 -7.707244 -11.394325 -11.105261 -0.000133 0.000133 
3833	(   2.294204  -1.39427   -1.104875 )	15.286814 -12.294204 -8.605730 -8.895125 -7.705796 -11.394270 -11.104875 0.001693 -0.001693 
3834	(   2.293714  -1.393291  -1.10465  )	15.274645 -12.293714 -8.606709 -8.895350 -7.706286 -11.393291 -11.104650 -0.007219 0.007219 
3835	(   2.293635  -1.393971  -1.105309 )	15.278866 -12.293635 -8.606029 -8.894691 -7.706365 -11.393971 -11.105309 0.000448 -0.000448 
3836	(   2.293675  -1.39431   -1.104802 )	15.281849 -12.293675 -8.605690 -8.895198 -7.706325 -11.394310 -11.104802 -0.000000 0.000000 
3837	(   2.293588  -1.394367  -1.104782 )	15.281411 -12.293588 -8.605633 -8.895218 -7.706412 -11.394367 -11.104782 0.000001 -0.000001 
3838	(   2.291769  -1.394519  -1.105594 )	15.264356 -12.291769 -8.605481 -8.894406 -7.708231 -11.394519 -11.105594 0.000003 -0.000003 
3839	(   2.29361   -1.394359  -1.104779 )	15.281571 -12.293610 -8.605641 -8.895221 -7.706390 -11.394359 -11.104779 -0.000000 0.000000 
3840	(   2.293415  -1.394506  -1.104711 )	15.280735 -12.293415 -8.605494 -8.895289 -7.706585 -11.394506 -11.104711 -0.000001 0.000001 
3841	(   2.292207  -1.393758  -1.106254 )	15.262969 -12.292207 -8.606242 -8.893746 -7.707793 -11.393758 -11.106254 -0.000001 0.000001 
3842	(   2.29206   -1.391382  -1.109142 )	15.243510 -12.292060 -8.608618 -8.890858 -7.707940 -11.391382 -11.109142 0.000099 -0.000099 
3843	(   2.293415  -1.394506  -1.104711 )	15.280735 -12.293415 -8.605494 -8.895289 -7.706585 -11.394506 -11.104711 -0.000000 0.000000 
3844	(   2.292831  -1.394947  -1.104507 )	15.278231 -12.292831 -8.605053 -8.895493 -7.707169 -11.394947 -11.104507 -0.000000 0.000000 
3845	(   2.291078  -1.39627   -1.103895 )	15.270724 -12.291078 -8.603730 -8.896105 -7.708922 -11.396270 -11.103895 0.000001 -0.000001 
3846	(   2.293979  -1.393411  -1.1057   )	15.278079 -12.293979 -8.606589 -8.894300 -7.706021 -11.393411 -11.105700 -0.000003 0.000003 

BBE ( SOL ) BBO
3847	(   2.298836  -1.392655  -1.103949 )	15.321026 -12.298836 -8.607345 -8.896051 -7.701164 -11.392655 -11.103949 -0.000003 0.000003 
3848	(   2.29291   -1.394884  -1.104538 )	15.278546 -12.292910 -8.605116 -8.895462 -7.707090 -11.394884 -11.104538 -0.000003 0.000003 
3849	(   2.293505  -1.394439  -1.104741 )	15.281127 -12.293505 -8.605561 -8.895259 -7.706495 -11.394439 -11.104741 -0.000003 0.000003 
3850	(   2.287831  -1.393282  -1.103317 )	15.216167 -12.287831 -8.606718 -8.896683 -7.712169 -11.393282 -11.103317 -0.031754 0.031754 
3851	(   2.289999  -1.39452   -1.106507 )	15.246655 -12.289999 -8.605480 -8.893493 -7.710001 -11.394520 -11.106507 -0.000262 0.000262 
3852	(   2.287207  -1.395167  -1.105817 )	15.223790 -12.287207 -8.604833 -8.894183 -7.712793 -11.395167 -11.105817 -0.008091 0.008091 
3853	(   2.294266  -1.389947  -1.104661 )	15.255170 -12.294266 -8.610053 -8.895339 -7.705734 -11.389947 -11.104661 -0.026889 0.026889 
3854	(   2.297207  -1.392349  -1.106691 )	15.302228 -12.297207 -8.607651 -8.893309 -7.702793 -11.392349 -11.106691 0.008062 -0.008062 
3855	(   2.294759  -1.398216  -1.102884 )	15.322070 -12.294759 -8.601784 -8.897116 -7.705241 -11.398216 -11.102884 0.017905 -0.017905 
3856	(   2.288358  -1.395978  -1.105728 )	15.241295 -12.288358 -8.604022 -8.894272 -7.711642 -11.395978 -11.105728 -0.000001 0.000001 
3857	(   2.276811  -1.402638  -1.10415  )	15.176529 -12.276811 -8.597362 -8.895850 -7.723189 -11.402638 -11.104150 -0.000129 0.000129 
3858	(   2.291464  -1.39411   -1.106242 )	15.258202 -12.291464 -8.605890 -8.893758 -7.708536 -11.394110 -11.106242 -0.000004 0.000004 
3859	(   2.29381   -1.39456   -1.104431 )	15.285100 -12.293810 -8.605440 -8.895569 -7.706190 -11.394560 -11.104431 -0.000002 0.000002 
3860	(   2.287831  -1.398346  -1.104378 )	15.253874 -12.287831 -8.601654 -8.895622 -7.712169 -11.398346 -11.104378 0.006297 -0.006297 
3861	(   2.289364  -1.389947  -1.10493  )	15.206384 -12.289364 -8.610053 -8.895070 -7.710636 -11.389947 -11.104930 -0.039810 0.039810 
3862	(   2.292561  -1.394077  -1.102507 )	15.269237 -12.292561 -8.605923 -8.897493 -7.707439 -11.394077 -11.102507 -0.017108 0.017108 
3863	(   2.283358  -1.392181  -1.103736 )	15.163517 -12.283358 -8.607819 -8.896264 -7.716642 -11.392181 -11.103736 -0.049661 0.049661 
3864	(   2.293358  -1.399775  -1.10772  )	15.319282 -12.293358 -8.600225 -8.892280 -7.706642 -11.399775 -11.107720 0.049889 -0.049889 
3865	(   2.293634  -1.394485  -1.104543 )	15.282775 -12.293634 -8.605515 -8.895457 -7.706366 -11.394485 -11.104543 -0.000396 0.000396 
3866	(   2.290881  -1.396363  -1.103892 )	15.269456 -12.290881 -8.603637 -8.896108 -7.709119 -11.396363 -11.103892 -0.000001 0.000001 
3867	(   2.291105  -1.394219  -1.106309 )	15.255436 -12.291105 -8.605781 -8.893691 -7.708895 -11.394219 -11.106309 -0.000001 0.000001 
3868	(   2.292867  -1.394917  -1.104523 )	15.278363 -12.292867 -8.605083 -8.895477 -7.707133 -11.394917 -11.104523 0.000000 -0.000000 
3869	(   2.292362  -1.39421   -1.103507 )	15.268151 -12.292362 -8.605790 -8.896493 -7.707638 -11.394210 -11.103507 -0.011476 0.011476 
3870	(   2.292041  -1.392947  -1.104968 )	15.255381 -12.292041 -8.607053 -8.895032 -7.707959 -11.392947 -11.104968 -0.012621 0.012621 
3871	(   2.290831  -1.395807  -1.104583 )	15.264734 -12.290831 -8.604193 -8.895417 -7.709169 -11.395807 -11.104583 0.000016 -0.000016 
3872	(   2.288809  -1.393978  -1.105044 )	15.230918 -12.288809 -8.606022 -8.894956 -7.711191 -11.393978 -11.105044 -0.015138 0.015138 
3873	(   2.287907  -1.397978  -1.106412 )	15.251679 -12.287907 -8.602022 -8.893588 -7.712093 -11.397978 -11.106412 0.015156 -0.015156 
3874	(   2.293088  -1.39487   -1.104504 )	15.280216 -12.293088 -8.605130 -8.895496 -7.706912 -11.394870 -11.104504 0.000248 -0.000248 
3875	(   2.288773  -1.396571  -1.105028 )	15.249921 -12.288773 -8.603429 -8.894972 -7.711227 -11.396571 -11.105028 0.001230 -0.001230 
3876	(   2.293156  -1.394711  -1.104609 )	15.279694 -12.293156 -8.605289 -8.895391 -7.706844 -11.394711 -11.104609 -0.000003 0.000003 
3877	(   2.292465  -1.395221  -1.104382 )	15.276646 -12.292465 -8.604779 -8.895618 -7.707535 -11.395221 -11.104382 -0.000001 0.000001 
3878	(   2.293324  -1.394575  -1.10468  )	15.280346 -12.293324 -8.605425 -8.895320 -7.706676 -11.394575 -11.104680 0.000004 -0.000004 
3879	(   2.287358  -1.396162  -1.106057 )	15.232693 -12.287358 -8.603838 -8.893943 -7.712642 -11.396162 -11.106057 0.000005 -0.000005 
3880	(   2.289358  -1.395794  -1.105399 )	15.249901 -12.289358 -8.604206 -8.894601 -7.710642 -11.395794 -11.105399 -0.000006 0.000006 
3881	(   2.292805  -1.393947  -1.104767 )	15.270475 -12.292805 -8.606053 -8.895233 -7.707195 -11.393947 -11.104767 -0.005073 0.005073 
3882	(   2.291831  -1.394729  -1.104272 )	15.266666 -12.291831 -8.605271 -8.895728 -7.708169 -11.394729 -11.104272 -0.005609 0.005609 
3883	(   2.293419  -1.394413  -1.104007 )	15.280147 -12.293419 -8.605587 -8.895993 -7.706581 -11.394413 -11.104007 -0.004377 0.004377 
3884	(   2.292835  -1.394965  -1.104512 )	15.278406 -12.292835 -8.605035 -8.895488 -7.707165 -11.394965 -11.104512 0.000153 -0.000153 
3885	(   2.287358  -1.396005  -1.105597 )	15.231572 -12.287358 -8.603995 -8.894403 -7.712642 -11.396005 -11.105597 -0.003479 0.003479 
3886	(   2.293665  -1.394243  -1.104886 )	15.281246 -12.293665 -8.605757 -8.895114 -7.706335 -11.394243 -11.104886 -0.000000 0.000000 

BBE ( SOL ) BBO
3887	(   2.29241   -1.395336  -1.104275 )	15.276975 -12.292410 -8.604664 -8.895725 -7.707590 -11.395336 -11.104275 0.000001 -0.000001 
3888	(   2.293351  -1.394516  -1.104733 )	15.280178 -12.293351 -8.605484 -8.895267 -7.706649 -11.394516 -11.104733 -0.000000 0.000000 
3889	(   2.287858  -1.396236  -1.105541 )	15.238268 -12.287858 -8.603764 -8.894459 -7.712142 -11.396236 -11.105541 -0.000838 0.000838 
3890	(   2.293331  -1.394943  -1.104522 )	15.283181 -12.293331 -8.605057 -8.895478 -7.706669 -11.394943 -11.104522 0.001528 -0.001528 
3891	(   2.292835  -1.394447  -1.104465 )	15.274538 -12.292835 -8.605553 -8.895535 -7.707165 -11.394447 -11.104465 -0.003414 0.003414 
3892	(   2.292793  -1.394841  -1.104707 )	15.277043 -12.292793 -8.605159 -8.895293 -7.707207 -11.394841 -11.104707 0.000290 -0.000290 
3893	(   2.288858  -1.39572   -1.105915 )	15.244323 -12.288858 -8.604280 -8.894085 -7.711142 -11.395720 -11.105915 0.000836 -0.000836 
3894	(   2.292522  -1.395319  -1.104336 )	15.277955 -12.292522 -8.604681 -8.895664 -7.707478 -11.395319 -11.104336 0.000551 -0.000551 
3895	(   2.288391  -1.395979  -1.105717 )	15.241629 -12.288391 -8.604021 -8.894283 -7.711609 -11.395979 -11.105717 0.000041 -0.000041 
3896	(   2.29261   -1.394969  -1.104586 )	15.276195 -12.292610 -8.605031 -8.895414 -7.707390 -11.394969 -11.104586 -0.000080 0.000080 
3897	(   2.292618  -1.395081  -1.104465 )	15.277113 -12.292618 -8.604919 -8.895535 -7.707382 -11.395081 -11.104465 0.000000 -0.000000 
3898	(   2.292219  -1.395368  -1.104341 )	15.275302 -12.292219 -8.604632 -8.895659 -7.707781 -11.395368 -11.104341 0.000000 -0.000000 
3899	(   2.291022  -1.396231  -1.103971 )	15.269873 -12.291022 -8.603769 -8.896029 -7.708978 -11.396231 -11.103971 0.000001 -0.000001 
3900	(   2.288295  -1.396011  -1.105732 )	15.240915 -12.288295 -8.603989 -8.894268 -7.711705 -11.396011 -11.105732 0.000047 -0.000047 
3901	(   2.291831  -1.395418  -1.104493 )	15.271798 -12.291831 -8.604582 -8.895507 -7.708169 -11.395418 -11.104493 -0.000005 0.000005 
3902	(   2.292245  -1.395347  -1.104352 )	15.275401 -12.292245 -8.604653 -8.895648 -7.707755 -11.395347 -11.104352 0.000000 -0.000000 
3903	(   2.291719  -1.395522  -1.104502 )	15.271453 -12.291719 -8.604478 -8.895498 -7.708281 -11.395522 -11.104502 0.000374 -0.000374 
3904	(   2.292369  -1.394868  -1.104492 )	15.273043 -12.292369 -8.605132 -8.895508 -7.707631 -11.394868 -11.104492 -0.001943 0.001943 
3905	(   2.288481  -1.396478  -1.105595 )	15.246261 -12.288481 -8.603522 -8.894405 -7.711519 -11.396478 -11.105595 0.002836 -0.002836 
3906	(   2.288236  -1.395478  -1.105861 )	15.236331 -12.288236 -8.604522 -8.894139 -7.711764 -11.395478 -11.105861 -0.002837 0.002837 
3907	(   2.292719  -1.395849  -1.104517 )	15.283859 -12.292719 -8.604151 -8.895483 -7.707281 -11.395849 -11.104517 0.005496 -0.005496 
3908	(   2.292217  -1.395367  -1.104336 )	15.275278 -12.292217 -8.604633 -8.895664 -7.707783 -11.395367 -11.104336 -0.000039 0.000039 
3909	(   2.288321  -1.395978  -1.105732 )	15.240927 -12.288321 -8.604022 -8.894268 -7.711679 -11.395978 -11.105732 -0.000087 0.000087 
3910	(   2.29211   -1.395418  -1.104459 )	15.274576 -12.292110 -8.604582 -8.895541 -7.707890 -11.395418 -11.104459 0.000632 -0.000632 
3911	(   2.29189   -1.395584  -1.104265 )	15.273647 -12.291890 -8.604416 -8.895735 -7.708110 -11.395584 -11.104265 0.000000 -0.000000 
3912	(   2.291419  -1.395903  -1.104144 )	15.271356 -12.291419 -8.604097 -8.895856 -7.708581 -11.395903 -11.104144 0.000000 -0.000000 
3913	(   2.290007  -1.39686   -1.10378  )	15.264487 -12.290007 -8.603140 -8.896220 -7.709993 -11.396860 -11.103780 -0.000001 0.000001 
3914	(   2.288278  -1.396015  -1.105729 )	15.240771 -12.288278 -8.603985 -8.894271 -7.711722 -11.396015 -11.105729 0.000003 -0.000003 
3915	(   2.290881  -1.396218  -1.104049 )	15.268362 -12.290881 -8.603782 -8.895951 -7.709119 -11.396218 -11.104049 -0.000083 0.000083 
3916	(   2.29144   -1.39589   -1.104148 )	15.271469 -12.291440 -8.604110 -8.895852 -7.708560 -11.395890 -11.104148 0.000001 -0.000001 
3917	(   2.292044  -1.395483  -1.104301 )	15.274418 -12.292044 -8.604517 -8.895699 -7.707956 -11.395483 -11.104301 0.000000 -0.000000 
3918	(   2.288552  -1.395585  -1.105928 )	15.240270 -12.288552 -8.604415 -8.894072 -7.711448 -11.395585 -11.105928 -0.000856 0.000856 
3919	(   2.288165  -1.39637   -1.105528 )	15.242320 -12.288165 -8.603630 -8.894472 -7.711835 -11.396370 -11.105528 0.000855 -0.000855 
3920	(   2.291118  -1.395463  -1.104344 )	15.265054 -12.291118 -8.604537 -8.895656 -7.708882 -11.395463 -11.104344 -0.002623 0.002623 
3921	(   2.291013  -1.395613  -1.103944 )	15.265162 -12.291013 -8.604387 -8.896056 -7.708987 -11.395613 -11.103944 -0.004133 0.004133 
3922	(   2.290919  -1.396387  -1.104194 )	15.269986 -12.290919 -8.603613 -8.895806 -7.709081 -11.396387 -11.104194 0.001887 -0.001887 
3923	(   2.292101  -1.39596   -1.104118 )	15.278579 -12.292101 -8.604040 -8.895882 -7.707899 -11.395960 -11.104118 0.002236 -0.002236 
3924	(   2.288351  -1.395997  -1.105701 )	15.241370 -12.288351 -8.604003 -8.894299 -7.711649 -11.395997 -11.105701 -0.000044 0.000044 
3925	(   2.291035  -1.396231  -1.103971 )	15.269997 -12.291035 -8.603769 -8.896029 -7.708965 -11.396231 -11.103971 0.000037 -0.000037 
3926	(   2.291084  -1.396231  -1.103971 )	15.270484 -12.291084 -8.603769 -8.896029 -7.708916 -11.396231 -11.103971 0.000182 -0.000182 

BBE ( SOL ) BBO
3927	(   2.291349  -1.395946  -1.104132 )	15.270978 -12.291349 -8.604054 -8.895868 -7.708651 -11.395946 -11.104132 0.000000 -0.000000 
3928	(   2.290915  -1.396234  -1.104027 )	15.268817 -12.290915 -8.603766 -8.895973 -7.709085 -11.396234 -11.104027 -0.000000 0.000000 
3929	(   2.289611  -1.3971    -1.103713 )	15.262338 -12.289611 -8.602900 -8.896287 -7.710389 -11.397100 -11.103713 -0.000002 0.000002 
3930	(   2.288322  -1.395985  -1.105739 )	15.240986 -12.288322 -8.604015 -8.894261 -7.711678 -11.395985 -11.105739 -0.000000 0.000000 
3931	(   2.288212  -1.396007  -1.105773 )	15.240056 -12.288212 -8.603993 -8.894227 -7.711788 -11.396007 -11.105773 0.000002 -0.000002 
3932	(   2.288116  -1.395952  -1.105892 )	15.238676 -12.288116 -8.604048 -8.894108 -7.711884 -11.395952 -11.105892 0.000009 -0.000009 
3933	(   2.288314  -1.395998  -1.105728 )	15.241014 -12.288314 -8.604002 -8.894272 -7.711686 -11.395998 -11.105728 0.000001 -0.000001 
3934	(   2.288183  -1.396061  -1.105727 )	15.240169 -12.288183 -8.603939 -8.894273 -7.711817 -11.396061 -11.105727 0.000006 -0.000006 
3935	(   2.287358  -1.396449  -1.105719 )	15.234868 -12.287358 -8.603551 -8.894281 -7.712642 -11.396449 -11.105719 0.000007 -0.000007 
3936	(   2.288403  -1.39587   -1.105832 )	15.240922 -12.288403 -8.604130 -8.894168 -7.711597 -11.395870 -11.105832 -0.000000 0.000000 
3937	(   2.288182  -1.39606   -1.105727 )	15.240164 -12.288182 -8.603940 -8.894273 -7.711818 -11.396060 -11.105727 0.000004 -0.000004 
3938	(   2.288646  -1.395524  -1.106108 )	15.240730 -12.288646 -8.604476 -8.893892 -7.711354 -11.395524 -11.106108 0.000003 -0.000003 
3939	(   2.288018  -1.395483  -1.106497 )	15.234151 -12.288018 -8.604517 -8.893503 -7.711982 -11.395483 -11.106497 0.000003 -0.000003 
3940	(   2.28813   -1.395408  -1.106525 )	15.234693 -12.288130 -8.604592 -8.893475 -7.711870 -11.395408 -11.106525 -0.000003 0.000003 
3941	(   2.287077  -1.396114  -1.106267 )	15.229518 -12.287077 -8.603886 -8.893733 -7.712923 -11.396114 -11.106267 0.000005 -0.000005 
3942	(   2.290281  -1.395988  -1.104666 )	15.260604 -12.290281 -8.604012 -8.895334 -7.709719 -11.395988 -11.104666 -0.000005 0.000005 
3943	(   2.2885    -1.39487   -1.106286 )	15.234378 -12.288500 -8.605130 -8.893714 -7.711500 -11.394870 -11.106286 -0.003643 0.003643 
3944	(   2.287403  -1.395205  -1.105519 )	15.226046 -12.287403 -8.604795 -8.894481 -7.712597 -11.395205 -11.105519 -0.008885 0.008885 
3945	(   2.289403  -1.395181  -1.105399 )	15.245766 -12.289403 -8.604819 -8.894601 -7.710597 -11.395181 -11.105399 -0.003795 0.003795 
3946	(   2.288589  -1.395132  -1.105228 )	15.237332 -12.288589 -8.604868 -8.894772 -7.711411 -11.395132 -11.105228 -0.007422 0.007422 
3947	(   2.288039  -1.396864  -1.106228 )	15.244696 -12.288039 -8.603136 -8.893772 -7.711961 -11.396864 -11.106228 0.007429 -0.007429 
3948	(   2.288395  -1.395964  -1.105803 )	15.241549 -12.288395 -8.604036 -8.894197 -7.711605 -11.395964 -11.105803 0.000421 -0.000421 
3949	(   2.288646  -1.395523  -1.106108 )	15.240731 -12.288646 -8.604477 -8.893892 -7.711354 -11.395523 -11.106108 0.000002 -0.000002 
3950	(   2.287906  -1.39592   -1.106042 )	15.236339 -12.287906 -8.604080 -8.893958 -7.712094 -11.395920 -11.106042 0.000000 -0.000000 
3951	(   2.28668   -1.395686  -1.106986 )	15.222315 -12.286680 -8.604314 -8.893014 -7.713320 -11.395686 -11.106986 0.000007 -0.000007 
3952	(   2.286825  -1.396735  -1.105669 )	15.231714 -12.286825 -8.603265 -8.894331 -7.713175 -11.396735 -11.105669 -0.000001 0.000001 
3953	(   2.283583  -1.39918   -1.104549 )	15.217867 -12.283583 -8.600820 -8.895451 -7.716417 -11.399180 -11.104549 -0.000004 0.000004 
3954	(   2.28668   -1.395686  -1.106986 )	15.222315 -12.286680 -8.604314 -8.893014 -7.713320 -11.395686 -11.106986 0.000008 -0.000008 
3955	(   2.286906  -1.397518  -1.104698 )	15.238464 -12.286906 -8.602482 -8.895302 -7.713094 -11.397518 -11.104698 -0.000001 0.000001 
3956	(   2.288551  -1.395916  -1.105695 )	15.242760 -12.288551 -8.604084 -8.894305 -7.711449 -11.395916 -11.105695 0.000000 -0.000000 
3957	(   2.287869  -1.395933  -1.106046 )	15.236070 -12.287869 -8.604067 -8.893954 -7.712131 -11.395933 -11.106046 -0.000003 0.000003 
3958	(   2.288381  -1.39592   -1.105783 )	15.241089 -12.288381 -8.604080 -8.894217 -7.711619 -11.395920 -11.105783 -0.000000 0.000000 
3959	(   2.28678   -1.39392   -1.106715 )	15.210161 -12.286780 -8.606080 -8.893285 -7.713220 -11.393920 -11.106715 -0.012434 0.012434 
3960	(   2.285906  -1.395866  -1.105165 )	15.216143 -12.285906 -8.604134 -8.894835 -7.714094 -11.395866 -11.105165 -0.010982 0.010982 
3961	(   2.28753   -1.394735  -1.106153 )	15.223748 -12.287530 -8.605265 -8.893847 -7.712470 -11.394735 -11.106153 -0.008073 0.008073 
3962	(   2.289441  -1.39392   -1.105198 )	15.236757 -12.289441 -8.606080 -8.894802 -7.710559 -11.393920 -11.105198 -0.012811 0.012811 
3963	(   2.28612   -1.398735  -1.105185 )	15.239690 -12.286120 -8.601265 -8.894815 -7.713880 -11.398735 -11.105185 0.008085 -0.008085 
3964	(   2.287922  -1.395961  -1.106052 )	15.236804 -12.287922 -8.604039 -8.893948 -7.712078 -11.395961 -11.106052 0.000364 -0.000364 
3965	(   2.283583  -1.39918   -1.104549 )	15.217867 -12.283583 -8.600820 -8.895451 -7.716417 -11.399180 -11.104549 -0.000003 0.000003 
3966	(   2.286295  -1.396511  -1.106223 )	15.224719 -12.286295 -8.603489 -8.893777 -7.713705 -11.396511 -11.106223 0.000003 -0.000003 

BBE ( SOL ) BBO
3967	(   2.287516  -1.395792  -1.106405 )	15.231472 -12.287516 -8.604208 -8.893595 -7.712484 -11.395792 -11.106405 -0.000004 0.000004 
3968	(   2.288039  -1.395929  -1.105959 )	15.237738 -12.288039 -8.604071 -8.894041 -7.711961 -11.395929 -11.105959 -0.000002 0.000002 
3969	(   2.288296  -1.395922  -1.105827 )	15.240254 -12.288296 -8.604078 -8.894173 -7.711704 -11.395922 -11.105827 -0.000001 0.000001 
3970	(   2.288403  -1.39492   -1.106391 )	15.233783 -12.288403 -8.605080 -8.893609 -7.711597 -11.394920 -11.106391 -0.003031 0.003031 
3971	(   2.288397  -1.395466  -1.105542 )	15.237881 -12.288397 -8.604534 -8.894458 -7.711603 -11.395466 -11.105542 -0.004156 0.004156 
3972	(   2.285825  -1.396314  -1.105604 )	15.218639 -12.285825 -8.603686 -8.894396 -7.714175 -11.396314 -11.105604 -0.005989 0.005989 
3973	(   2.286906  -1.395282  -1.105941 )	15.221646 -12.286906 -8.604718 -8.894059 -7.713094 -11.395282 -11.105941 -0.007567 0.007567 
3974	(   2.287825  -1.397156  -1.105734 )	15.244794 -12.287825 -8.602844 -8.894266 -7.712175 -11.397156 -11.105734 0.005990 -0.005990 
3975	(   2.287875  -1.396003  -1.106023 )	15.236653 -12.287875 -8.603997 -8.893977 -7.712125 -11.396003 -11.106023 0.000337 -0.000337 
3976	(   2.283583  -1.39918   -1.104549 )	15.217863 -12.283583 -8.600820 -8.895451 -7.716417 -11.399180 -11.104549 -0.000004 0.000004 
3977	(   2.28668   -1.395687  -1.106986 )	15.222319 -12.286680 -8.604313 -8.893014 -7.713320 -11.395687 -11.106986 0.000009 -0.000009 
3978	(   2.286933  -1.396518  -1.105823 )	15.231146 -12.286933 -8.603482 -8.894177 -7.713067 -11.396518 -11.105823 -0.000237 0.000237 
3979	(   2.287963  -1.395828  -1.10612  )	15.236215 -12.287963 -8.604172 -8.893880 -7.712037 -11.395828 -11.106120 -0.000000 0.000000 
3980	(   2.288136  -1.395551  -1.106352 )	15.235845 -12.288136 -8.604449 -8.893648 -7.711864 -11.395551 -11.106352 -0.000003 0.000003 
3981	(   2.287341  -1.395768  -1.10653  )	15.229544 -12.287341 -8.604232 -8.893470 -7.712659 -11.395768 -11.106530 0.000003 -0.000003 
3982	(   2.28838   -1.396245  -1.105401 )	15.243543 -12.288380 -8.603755 -8.894599 -7.711620 -11.396245 -11.105401 0.000004 -0.000004 
3983	(   2.287859  -1.39576   -1.106256 )	15.234660 -12.287859 -8.604240 -8.893744 -7.712141 -11.395760 -11.106256 -0.000001 0.000001 
3984	(   2.288206  -1.395929  -1.105869 )	15.239410 -12.288206 -8.604071 -8.894131 -7.711794 -11.395929 -11.105869 0.000002 -0.000002 
3985	(   2.288963  -1.395839  -1.10612  )	15.246243 -12.288963 -8.604161 -8.893880 -7.711037 -11.395839 -11.106120 0.003022 -0.003022 
3986	(   2.287975  -1.394828  -1.106003 )	15.228882 -12.287975 -8.605172 -8.893997 -7.712025 -11.394828 -11.106003 -0.006982 0.006982 
3987	(   2.287962  -1.396062  -1.10562  )	15.238001 -12.287962 -8.603938 -8.894380 -7.712038 -11.396062 -11.105620 -0.001213 0.001213 
3988	(   2.285873  -1.396115  -1.105169 )	15.217674 -12.285873 -8.603885 -8.894831 -7.714127 -11.396115 -11.105169 -0.009470 0.009470 
3989	(   2.287777  -1.397355  -1.106169 )	15.245760 -12.287777 -8.602645 -8.893831 -7.712223 -11.397355 -11.106169 0.009477 -0.009477 
3990	(   2.287759  -1.395795  -1.106215 )	15.233931 -12.287759 -8.604205 -8.893785 -7.712241 -11.395795 -11.106215 -0.000295 0.000295 
3991	(   2.288136  -1.395552  -1.106352 )	15.235845 -12.288136 -8.604448 -8.893648 -7.711864 -11.395552 -11.106352 -0.000002 0.000002 
3992	(   2.286912  -1.396667  -1.105852 )	15.232049 -12.286912 -8.603333 -8.894148 -7.713088 -11.396667 -11.105852 0.000808 -0.000808 
3993	(   2.288944  -1.395506  -1.105966 )	15.243573 -12.288944 -8.604494 -8.894034 -7.711056 -11.395506 -11.105966 -0.000001 0.000001 
3994	(   2.28786   -1.39576   -1.106256 )	15.234665 -12.287860 -8.604240 -8.893744 -7.712140 -11.395760 -11.106256 0.000001 -0.000001 
3995	(   2.288206  -1.395929  -1.105869 )	15.239405 -12.288206 -8.604071 -8.894131 -7.711794 -11.395929 -11.105869 -0.000000 0.000000 
3996	(   2.28767   -1.395485  -1.10632  )	15.230718 -12.287670 -8.604515 -8.893680 -7.712330 -11.395485 -11.106320 -0.001975 0.001975 
3997	(   2.288275  -1.395328  -1.106055 )	15.235584 -12.288275 -8.604672 -8.893945 -7.711725 -11.395328 -11.106055 -0.002625 0.002625 
3998	(   2.287463  -1.395651  -1.105954 )	15.229934 -12.287463 -8.604349 -8.894046 -7.712537 -11.395651 -11.105954 -0.003507 0.003507 
3999	(   2.286697  -1.396235  -1.105681 )	15.226705 -12.286697 -8.603765 -8.894319 -7.713303 -11.396235 -11.105681 -0.003511 0.003511 
4000	(   2.286953  -1.397235  -1.105658 )	15.236724 -12.286953 -8.602765 -8.894342 -7.713047 -11.397235 -11.105658 0.003511 -0.003511 
A termination criterion is reached: Maximum number of blackbox evaluations (Eval Global) No more points to evaluate 4000

Best feasible solution:     #1476779 ( 2.28796 -1.39583 -1.10612 )	Evaluation OK	 f =  15.23621499999999962   	 h =   0                     

Best infeasible solution:   #1468160 ( 2.28683 -1.39674 -1.10567 )	Evaluation OK	 f =  15.231714000000000198  	 h =   0.000000000001        

Blackbox evaluations:         4000
Total model evaluations:      1272157
Cache hits:                   770
Total number of evaluations:  4770
