1	(   3.43       6.58      -1.59       2.36       2.87     )	68.717696 24.448560 32.762713 -24.448560 -32.762713 
2	(   3.43       7.58      -0.59       1.36       3.87     )	584.517310 12.581406 -1.610091 -12.581406 1.610091 
3	(   3.43       7.58      -1.59       2.36       2.87     )	76.017696 24.448560 33.762713 -24.448560 -33.762713 
4	(   4.43       6.58      -0.59       2.36       2.87     )	65.097696 42.998160 -2.159325 -42.998160 2.159325 
5	(   2.43       6.58      -1.59       3.36       2.87     )	99.757120 17.482663 69.320890 -17.482663 -69.320890 
6	(   4.43       6.58      -1.59       2.36       3.87     )	585.361534 42.488184 32.762713 -42.488184 -32.762713 
7	(   2.43       5.58      -3.59       3.36       1.87     )	64.489570 18.008775 1871.403588 -18.008775 -1871.403588 
8	(   3.43      10.58       2.41      -1.64       6.87     )	41017.508682 -22.915290 91.896822 22.915290 -91.896822 
9	(   5.43       7.58      -0.59       1.36       3.87     )	585.637310 36.680606 -1.610091 -36.680606 1.610091 
10	(   4.43       7.58      -0.59       1.36       3.87     )	583.077310 23.271006 -1.610091 -23.271006 1.610091 
11	(   3.43       7.58      -0.59       1.36       2.87     )	68.433472 12.173684 -1.610091 -12.173684 1.610091 
12	(   2.43       8.58       0.41       1.36       1.87     )	40.665922 4.714060 -0.781948 -4.714060 0.781948 

BBE ( SOL ) BBO
13	(   2.43       8.58      -0.59       1.36       2.87     )	85.173472 4.204084 -0.610091 -4.204084 0.610091 
14	(   3.43       7.58       0.41       0.36       2.87     )	66.404448 0.816506 -1.830551 -0.816506 1.830551 
15	(   2.43       8.58       1.41       0.36       3.87     )	599.048286 -0.342533 -0.321964 0.342533 0.321964 
16	(  -0.57      11.58       4.41       0.36       6.87     )	41071.801130 -2.936338 51.184212 2.936338 -51.184212 
17	(   1.43       8.58       1.41       0.36       1.87     )	52.076898 -3.090416 -0.321964 3.090416 0.321964 
18	(   1.43       9.58       1.41       0.36       2.87     )	109.704448 -2.682694 0.678036 2.682694 -0.678036 
19	(   2.43       8.58       1.41       0.36       2.87     )	82.964448 -1.293094 -0.321964 1.293094 0.321964 
20	(   2.43       8.58       1.41      -0.64       3.87     )	606.114462 -5.627974 0.784747 5.627974 -0.784747 
21	(   2.43       8.58       0.41       1.36       2.87     )	82.993472 4.204084 -0.781948 -4.204084 0.781948 
22	(   2.43       8.58       1.41      -0.64       2.87     )	90.030624 -6.247433 0.784747 6.247433 -0.784747 
23	(   2.43       8.58       0.41       0.36       2.87     )	83.144448 -1.293094 -0.830551 1.293094 0.830551 
24	(   3.43       8.58       1.41       0.36       3.87     )	591.608286 1.767067 -0.321964 -1.767067 0.321964 
25	(   2.43       7.58       1.41       0.36       3.87     )	587.748286 -0.342533 -1.321964 0.342533 1.321964 
26	(   2.43       8.58       1.41       1.36       2.87     )	82.813472 4.204084 6.476407 -4.204084 -6.476407 
27	(   2.43       8.58       2.41      -0.64       3.87     )	607.934462 -5.627974 12.983243 5.627974 -12.983243 
28	(   3.42       9.58       1.46       0.21       3.13     )	137.788208 -0.591967 0.366164 0.591967 -0.366164 
29	(   1.83       8.58       1.03       0.3        2.77     )	77.242009 -2.445991 -0.732918 2.445991 0.732918 
30	(   3.03       8.58       1.32       0.35       3.6      )	344.120082 0.493083 -0.462309 -0.493083 0.462309 
31	(   3.07       8.58       2.39       0.3        4.07     )	874.019192 0.586900 2.102314 -0.586900 -2.102314 
32	(   2.59       8.58       0.91       0.34       3.17     )	143.019968 -0.854248 -0.754941 0.854248 0.754941 
33	(   3.13       9.98       1.19       0.29       2.79     )	84.643730 -0.585798 0.734435 0.585798 -0.734435 
34	(   3.41       9.54       1.11       0.26       3.75     )	476.206976 0.536280 0.228408 -0.536280 -0.228408 
35	(   3.17       9.3        1.18       0.29       3.53     )	304.826924 0.184002 0.048838 -0.184002 -0.048838 
36	(   3.48       9.83       1.71       0.26       3.6      )	356.192642 0.517385 0.993791 -0.517385 -0.993791 
37	(   2.81       8.89       1.11       0.32       3.28     )	180.946662 -0.482271 -0.368763 0.482271 0.368763 
38	(   2.81       7.99       1.4        0.32       4.17     )	1045.224167 0.348950 -1.030834 -0.348950 1.030834 
39	(   3.05       9.48       1.24       0.3        3.14     )	141.891843 -0.334718 0.278566 0.334718 -0.278566 
40	(   2.38       8.35       1.04       0.44       3.84     )	562.344008 -0.080550 -0.837729 0.080550 0.837729 
41	(   3.16       9.27       1.36       0.27       3.31     )	194.351197 -0.233733 0.105179 0.233733 -0.105179 
42	(   2.82       9.63       1.2        0.27       3.25     )	179.758820 -0.842169 0.366952 0.842169 -0.366952 
43	(   2.98       8.84       1.29       0.33       3.51     )	288.604518 0.140503 -0.272645 -0.140503 0.272645 
44	(   3.11       9.3        1.48       0.3        3.66     )	397.472355 0.289878 0.317593 -0.289878 -0.317593 
45	(   3.03       9.2        1.39       0.31       3.57     )	330.705379 0.135783 0.144529 -0.135783 -0.144529 
46	(   3.73       9.86       1.17       0.24       2.95     )	100.372693 0.092351 0.553722 -0.092351 -0.553722 
47	(   2.75       8.9        1.35       0.33       3.64     )	379.759590 -0.165190 -0.152502 0.165190 0.152502 
48	(   2.99       8.72       1.39       0.31       3.88     )	607.802200 0.358426 -0.335471 -0.358426 0.335471 
49	(   3.03       9.29       1.28       0.3        3.33     )	203.632727 -0.185518 0.117378 0.185518 -0.117378 
50	(   3.08       9.54       1.33       0.27       3.44     )	257.478336 -0.238696 0.353891 0.238696 -0.353891 
51	(   3          9.02       1.3        0.32       3.49     )	278.883746 0.079976 -0.101749 -0.079976 0.101749 
52	(   2.83       9.01       1.24       0.35       3.71     )	437.887350 0.191363 -0.114597 -0.191363 0.114597 

BBE ( SOL ) BBO
53	(   2.91       9.08       1.27       0.33       3.61     )	358.104912 0.104012 -0.050916 -0.104012 0.050916 
54	(   3.31       9.46       1.22       0.29       3.37     )	220.671872 0.287288 0.232096 -0.287288 -0.232096 
55	(   2.89       9.04       1.32       0.32       3.57     )	329.847621 -0.047560 -0.063331 0.047560 0.063331 
56	(   2.97       8.97       1.3        0.33       3.78     )	501.775574 0.386011 -0.133184 -0.386011 0.133184 
57	(   3.02       9.21       1.29       0.31       3.44     )	253.734725 -0.012696 0.061909 0.012696 -0.061909 
58	(   2.97       9.06       1.15       0.32       3.49     )	279.544846 0.022664 -0.175115 -0.022664 0.175115 
59	(   2.75       8.86       1.35       0.35       3.51     )	290.754513 -0.163146 -0.147329 0.163146 0.147329 
60	(   3.06       9.19       1.22       0.31       3.53     )	304.350179 0.152616 -0.011320 -0.152616 0.011320 
61	(   2.98       9.16       1.41       0.32       3.57     )	330.631521 0.121496 0.150527 -0.121496 -0.150527 
62	(   2.97       9.08       1.22       0.32       3.51     )	291.534121 0.042649 -0.107363 -0.042649 0.107363 
63	(   2.86       8.98       1.34       0.33       3.52     )	297.327376 -0.080771 -0.083100 0.080771 0.083100 
64	(   2.91       9.03       1.31       0.33       3.52     )	297.496376 0.014434 -0.063503 -0.014434 0.063503 
65	(   2.88       9.16       1.26       0.32       3.57     )	331.391021 -0.066024 0.003883 0.066024 -0.003883 
66	(   2.91       9.12       1.27       0.32       3.55     )	317.440911 -0.030343 -0.027825 0.030343 0.027825 
67	(   2.97       9.11       1.29       0.31       3.43     )	247.782403 -0.115539 -0.038091 0.115539 0.038091 
68	(   2.93       9.09       1.28       0.33       3.56     )	323.425388 0.092882 -0.031887 -0.092882 0.031887 
69	(   2.89       9.12       1.37       0.32       3.55     )	317.677711 -0.067463 0.066516 0.067463 -0.066516 
70	(   2.91       9.11       1.33       0.32       3.54     )	310.946680 -0.040308 0.016197 0.040308 -0.016197 
71	(   2.93       9.11       1.33       0.31       3.49     )	280.592403 -0.128710 -0.003516 0.128710 0.003516 
72	(   2.93       9.1        1.29       0.33       3.54     )	310.615278 0.072944 -0.012645 -0.072944 0.012645 
73	(   2.98       9.19       1.28       0.32       3.47     )	269.858196 0.021708 0.050664 -0.021708 -0.050664 
74	(   2.96       9.16       1.3        0.31       3.47     )	269.679753 -0.093925 0.020258 0.093925 -0.020258 
75	(   2.94       9.12       1.29       0.33       3.52     )	298.337876 0.072349 0.007355 -0.072349 -0.007355 
76	(   2.95       9.14       1.3        0.31       3.49     )	280.774803 -0.092254 0.000258 0.092254 -0.000258 
77	(   2.94       9.13       1.29       0.33       3.51     )	292.424218 0.062359 0.017355 -0.062359 -0.017355 
78	(   2.91       9.12       1.21       0.35       3.55     )	317.376803 0.193782 -0.031624 -0.193782 0.031624 
79	(   2.91      10.12       0.49       0.41       4.55     )	2057.580410 1.484103 0.715477 -1.484103 -0.715477 
80	(   2.91       9.12       1.27       0.31       3.55     )	317.453768 -0.105068 -0.044215 0.105068 0.044215 
81	(   2.91       9.12       1.3        0.33       3.55     )	317.445708 0.044373 0.016816 -0.044373 -0.016816 
82	(   3.91       8.12       1.42       0.52       3.55     )	301.363681 5.010024 -0.194803 -5.010024 0.194803 
83	(   2.91      10.12       1.77       0.2        3.55     )	331.576697 -0.927905 1.098389 0.927905 -1.098389 
84	(   2.91       8.12       1.41      -0.18       3.55     )	307.841075 -3.797648 -1.166151 3.797648 1.166151 
85	(   2.91       9.12       1.22       0.25       4.55     )	2044.143943 0.204764 -0.155755 -0.204764 0.155755 
86	(   1.91       9.12       1.63       0.8        3.55     )	328.152697 -0.291608 4.223622 0.291608 -4.223622 
87	(   2.91       9.12       1.02       0.27       3.55     )	317.438579 -0.404074 -0.215304 0.404074 0.215304 
88	(   2.58       8.85       1.21       0.35       3.88     )	612.662335 -0.119972 -0.301624 0.119972 0.301624 
89	(   3.37       9.19       1.18       0.32       2.79     )	72.629627 0.183547 -0.025683 -0.183547 0.025683 
90	(   2.95       9.17       1.3        0.31       3.51     )	292.866478 -0.072278 0.030258 0.072278 -0.030258 
91	(   2.94       9.14       1.29       0.33       3.51     )	292.548118 0.062359 0.027355 -0.062359 -0.027355 
92	(   2.97       9.62       1.26       0.33       3.54     )	316.908378 0.150824 0.480266 -0.150824 -0.480266 

BBE ( SOL ) BBO
93	(   2.41       9.16       1.35       0.51       3.67     )	410.030109 0.152110 0.609710 -0.152110 -0.609710 
94	(   2.57       9.15       1.07       0.25       3.63     )	377.011350 -0.941047 -0.182289 0.941047 0.182289 
95	(   2.73       9.14       1.3        0.28       3.05     )	118.660117 -1.104715 -0.050295 1.104715 0.050295 
96	(   2.65       9.2        1.43       0.12       3.79     )	518.065439 -1.481569 -0.153998 1.481569 0.153998 
97	(   3.31       8.92       1.39       0.33       3.45     )	253.431924 0.765495 -0.087689 -0.765495 0.087689 
98	(   2.84       8.91       1.43       0.35       3.49     )	278.933438 -0.007060 0.008034 0.007060 -0.008034 
99	(   2.63       8.28       1.91       0.44       3.31     )	187.445760 -0.053257 1.442338 0.053257 -1.442338 
100	(   2.98       8.95       1.43       0.33       3.32     )	195.877076 -0.048908 -0.008836 0.048908 0.008836 
101	(   2.84       8.89       1.42       0.34       3.51     )	290.413155 -0.057720 -0.054199 0.057720 0.054199 
102	(   2.95       9.12       1.32       0.33       3.48     )	274.829076 0.051805 0.036402 -0.051805 -0.036402 
103	(   2.59       9.28       1.5        0.15       3.34     )	212.226715 -1.773824 -0.020307 1.773824 0.020307 
104	(   3.3        9.41       1.52       0.46       3.29     )	187.193347 1.874398 1.125296 -1.874398 -1.125296 
105	(   3.03       8.63       1.63       0.29       3.6      )	345.047693 0.001646 -0.190542 -0.001646 0.190542 
106	(   3.34       8.97       1.29       0.18       3.79     )	509.364565 -0.368953 -0.354491 0.368953 0.354491 
107	(   2.69       9.13       1.47       0.4        3.99     )	759.221161 0.499544 0.462905 -0.499544 -0.462905 
108	(   2.34       8.61       1.4        0.44       2.74     )	69.118922 -1.164868 -0.060480 1.164868 0.060480 
109	(   2.76       9.01       1.35       0.35       3.67     )	404.760467 0.015195 0.002671 -0.015195 -0.002671 
110	(   2.75       9.16       1.24       0.34       3.8      )	526.288251 0.055877 0.019090 -0.055877 -0.019090 
111	(   2.92       9          1.38       0.33       3.44     )	252.026165 -0.046303 -0.019262 0.046303 0.019262 
112	(   3.04       9.05       1.39       0.3        3.44     )	251.701353 -0.057540 -0.028243 0.057540 0.028243 
113	(   2.9        8.71       1.42       0.29       3.47     )	264.878099 -0.351129 -0.362274 0.351129 0.362274 
114	(   2.66       8.98       1.41       0.25       3.46     )	264.803370 -0.991173 -0.187180 0.991173 0.187180 
115	(   2.82       8.9        1.43       0.37       3.29     )	184.837046 -0.105823 0.058250 0.105823 -0.058250 
116	(   2.87       8.93       1.53       0.32       3.48     )	273.368979 -0.174213 0.076919 0.174213 -0.076919 
117	(   2.84       8.91       1.43       0.35       3.51     )	290.652813 0.012939 0.008034 -0.012939 -0.008034 
118	(   2.85       8.99       1.3368     0.3656     3.54     )	309.933378 0.173960 0.002639 -0.173960 -0.002639 
119	(   2.79       8.9        1.424      0.346      3.55     )	315.840914 -0.072762 -0.021956 0.072762 0.021956 
120	(   2.88       9.07       1.331      0.334      3.55     )	317.098800 0.016241 0.005897 -0.016241 -0.005897 
121	(   2.78       8.9        1.3944     0.3616     3.57     )	329.081260 0.032920 -0.019896 -0.032920 0.019896 
122	(   2.81       8.95       1.3783     0.3512     3.56     )	322.770979 0.011840 -0.019086 -0.011840 0.019086 
123	(   2.74       8.82       1.4977     0.3741     3.56     )	321.870151 0.024459 0.109952 -0.024459 -0.109952 
124	(   2.87       9.05       1.3269     0.3335     3.55     )	316.935494 -0.006584 -0.019432 0.006584 0.019432 
125	(   2.87       9.03       1.3689     0.3358     3.55     )	316.715208 0.010067 0.011744 -0.010067 -0.011744 
126	(   2.81       8.92       1.4371     0.3544     3.56     )	322.447955 0.033914 0.041503 -0.033914 -0.041503 
127	(   2.85       9.02       1.3544     0.3387     3.55     )	316.750243 -0.007685 -0.008186 0.007685 0.008186 
128	(   2.78       8.88       1.4423     0.3558     3.56     )	322.221226 -0.016096 0.013602 0.016096 -0.013602 
129	(   2.86       9.02       1.3588     0.3395     3.55     )	316.666257 0.017400 -0.001296 -0.017400 0.001296 
130	(   2.81       8.81       1.4174     0.3786     3.54     )	308.135292 0.180842 -0.025677 -0.180842 0.025677 
131	(   2.94       8.87       1.425      0.3355     3.51     )	289.363008 0.104402 -0.080078 -0.104402 0.080078 
132	(   2.89       8.91       1.4471     0.4        3.43     )	246.033131 0.401052 0.197426 -0.401052 -0.197426 

BBE ( SOL ) BBO
133	(   2.85       8.94       1.38       0.3603     3.48     )	273.476223 0.076219 -0.003404 -0.076219 0.003404 
134	(   2.82       8.85       1.4222     0.3273     3.39     )	226.431224 -0.304417 -0.125951 0.304417 0.125951 
135	(   2.84       8.91       1.4307     0.3497     3.49     )	278.934371 -0.009179 0.008159 0.009179 -0.008159 
136	(   2.8074     8.9195     1.4201     0.3496     3.5378   )	308.123235 -0.026466 0.002358 0.026466 -0.002358 
137	(   2.782      8.874      1.4291     0.3596     3.534    )	305.392559 -0.012493 -0.000840 0.012493 0.000840 
138	(   2.9008     8.8396     1.4797     0.3492     3.3596   )	211.887725 -0.020851 0.009965 0.020851 -0.009965 
139	(   2.7952     8.9674     1.3824     0.3498     3.5924   )	345.181059 0.005446 0.000050 -0.005446 -0.000050 
140	(   2.8029     8.9626     1.3806     0.3491     3.5526   )	318.144994 -0.023943 -0.008851 0.023943 0.008851 
141	(   2.8307     8.9231     1.4177     0.3498     3.5206   )	297.284334 0.003675 0.003171 -0.003675 -0.003171 
142	(   2.8804     9.0182     1.377      0.3356     3.5232   )	299.599160 0.001938 0.008916 -0.001938 -0.008916 
143	(   2.8385     9.0255     1.3539     0.3399     3.5805   )	337.246781 0.009021 -0.000520 -0.009021 0.000520 
144	(   2.8389     8.9966     1.3731     0.3423     3.5579   )	321.717572 0.004229 -0.001106 -0.004229 0.001106 
145	(   2.8635     9.2171     1.2393     0.3198     3.6698   )	406.248756 0.000717 0.044134 -0.000717 -0.044134 
146	(   2.8172     9.0011     1.3502     0.3591     3.491    )	280.748614 0.011919 0.015458 -0.011919 -0.015458 
147	(   2.8335     9.0623     1.3316     0.337      3.6198   )	365.765175 0.017991 0.005158 -0.017991 -0.005158 
148	(   2.8384     8.9481     1.4054     0.3467     3.5225   )	298.679090 -0.001033 0.002816 0.001033 -0.002816 
149	(   2.8369     8.7981     1.5023     0.3599     3.4125   )	236.483535 -0.020827 0.043653 0.020827 -0.043653 
150	(   2.8369     8.9881     1.3619     0.3517     3.4925   )	281.298002 0.001262 -0.000588 -0.001262 0.000588 
151	(   2.8369     9.1081     1.2319     0.3717     3.4025   )	235.212249 0.052449 0.012077 -0.052449 -0.012077 
152	(   2.7869     9.0081     1.3319     0.3617     3.5425   )	312.298111 0.020026 0.005589 -0.020026 -0.005589 
153	(   2.8169     8.9081     1.4219     0.3517     3.4925   )	280.537410 -0.038506 -0.000497 0.038506 0.000497 
154	(   2.8369     8.9981     1.3719     0.3417     3.5625   )	324.788973 0.000700 -0.002514 -0.000700 0.002514 
155	(   2.9369     8.9981     1.3819     0.3617     3.4125   )	237.954817 0.200705 0.060980 -0.200705 -0.060980 
156	(   2.8369     8.7881     1.3719     0.3517     3.4725   )	267.569952 -0.018736 -0.187952 0.018736 0.187952 
157	(   2.8569     8.9781     1.4519     0.3317     3.6925   )	422.329010 0.096324 0.052806 -0.096324 -0.052806 
158	(   2.7869     9.0181     1.4619     0.4017     3.3625   )	216.234856 0.111692 0.340898 -0.111692 -0.340898 
159	(   2.8269     8.9981     1.3819     0.2517     3.4125   )	239.033914 -0.797795 -0.185081 0.797795 0.185081 
160	(   2.8269     9.1781     1.2719     0.3517     3.4225   )	246.033513 -0.088598 0.087597 0.088598 -0.087597 
161	(   2.8324     9.1081     1.2314     0.3667     3.4025   )	235.256987 0.007824 0.003071 -0.007824 -0.003071 
162	(   2.9143     9.1281     1.2813     0.3232     3.5525   )	319.128074 0.004152 -0.004570 -0.004152 0.004570 
163	(   2.8775     8.9781     1.3896     0.3431     3.4725   )	269.544336 0.000251 0.002822 -0.000251 -0.002822 
164	(   2.8869     9.0181     1.3599     0.3511     3.4625   )	264.434482 0.067519 0.025476 -0.067519 -0.025476 
165	(   2.8203     9.0081     1.3543     0.3495     3.3925   )	229.454618 -0.146905 0.004803 0.146905 -0.004803 
166	(   2.835      8.9981     1.4119     0.3514     3.4825   )	275.762158 -0.014639 0.074590 0.014639 -0.074590 
167	(   2.8363     8.9881     1.3616     0.4017     3.4925   )	281.254454 0.352317 0.128514 -0.352317 -0.128514 
168	(   2.8237     9.0881     1.3559     0.3499     3.5225   )	300.498303 -0.007573 0.087694 0.007573 -0.087694 
169	(   2.8368     8.9881     1.3616     0.3513     3.4925   )	281.299084 -0.001756 -0.001929 0.001756 0.001929 
170	(   2.8137     8.9595     1.3489     0.3585     3.4778   )	272.769637 -0.012507 -0.029216 0.012507 0.029216 
171	(   2.8517     8.9636     1.3831     0.3515     3.4591   )	262.242568 -0.003947 0.001518 0.003947 -0.001518 
172	(   2.8485     8.9719     1.3806     0.3492     3.4838   )	276.038112 -0.002028 0.000703 0.002028 -0.000703 

BBE ( SOL ) BBO
173	(   2.8569     8.9628     1.3646     0.3492     3.4764   )	271.677177 0.007308 -0.028580 -0.007308 0.028580 
174	(   2.8257     8.9749     1.3701     0.3438     3.4425   )	253.796311 -0.126208 -0.022808 0.126208 0.022808 
175	(   2.8393     9.0052     1.3819     0.3534     3.5034   )	287.861594 0.028958 0.046435 -0.028958 -0.046435 
176	(   2.8346     8.9717     1.3636     0.3717     3.4821   )	275.156096 0.126979 0.035162 -0.126979 -0.035162 
177	(   2.844      9.0381     1.3567     0.3567     3.4589   )	263.092640 0.017300 0.054950 -0.017300 -0.054950 
178	(   2.8351     8.9903     1.3613     0.3518     3.4955   )	283.076897 0.001375 0.001104 -0.001375 -0.001104 
179	(   2.8201     9.0024     1.3682     0.3492     3.4864   )	278.128022 -0.055645 0.015500 0.055645 -0.015500 
180	(   2.8002     8.9965     1.3453     0.3552     3.5382   )	309.323030 -0.001866 -0.004454 0.001866 0.004454 
181	(   2.8582     8.9827     1.3785     0.3461     3.4889   )	278.996985 0.000177 0.001030 -0.000177 -0.001030 
182	(   2.8493     8.9703     1.3657     0.3583     3.4188   )	241.452408 -0.000569 0.002682 0.000569 -0.002682 
183	(   2.84       8.9912     1.3703     0.3459     3.5266   )	301.690114 0.000561 -0.001158 -0.000561 0.001158 
184	(   2.8507     8.9816     1.3794     0.3466     3.5024   )	286.889495 0.002421 0.002315 -0.002421 -0.002315 
185	(   2.8403     8.9865     1.3661     0.3501     3.495    )	282.700451 -0.000757 -0.000825 0.000757 0.000825 
186	(   2.8357     9.0036     1.3546     0.349      3.5156   )	295.143169 0.002954 -0.000508 -0.002954 0.000508 
187	(   2.8453     8.9798     1.3741     0.3492     3.4918   )	280.731724 -0.000390 0.000319 0.000390 -0.000319 
188	(   2.8532     8.981      1.3791     0.3454     3.5024   )	286.861867 -0.001205 -0.001667 0.001205 0.001667 
189	(   2.8396     8.988      1.3657     0.3502     3.4972   )	284.003561 0.000758 0.000419 -0.000758 -0.000419 
190	(   2.8525     8.9832     1.38       0.3449     3.5073   )	289.795129 -0.001254 0.000409 0.001254 -0.000409 
191	(   2.8486     8.9844     1.3755     0.3466     3.5036   )	287.646243 -0.000527 0.000217 0.000527 -0.000217 
192	(   2.8528     8.9774     1.3737     0.351      3.464    )	265.052482 -0.000414 0.001901 0.000414 -0.001901 
193	(   2.8432     8.9877     1.3711     0.3472     3.511    )	292.128837 0.000469 -0.000488 -0.000469 0.000488 
194	(   2.8537     8.9825     1.3799     0.3456     3.502    )	286.640952 0.000809 0.001336 -0.000809 -0.001336 
195	(   2.8436     8.9855     1.3695     0.349      3.4968   )	283.709549 -0.000185 -0.000265 0.000185 0.000265 
196	(   2.8299     8.9875     1.3639     0.3508     3.5113   )	292.411614 -0.000197 -0.000871 0.000197 0.000871 
197	(   2.8511     8.9839     1.3748     0.3473     3.4945   )	282.295414 0.000302 0.000578 -0.000302 -0.000578 
198	(   2.8531     8.9805     1.3803     0.3455     3.5019   )	286.563163 -0.001188 -0.000412 0.001188 0.000412 
199	(   2.843      8.9861     1.3694     0.349      3.4984   )	284.655014 0.000225 0.000210 -0.000225 -0.000210 
200	(   2.8412     8.9879     1.3691     0.349      3.5032   )	287.509416 0.001454 0.001635 -0.001454 -0.001635 
201	(   2.8435     8.9749     1.3768     0.3496     3.4931   )	281.438933 0.000168 -0.000150 -0.000168 0.000150 
202	(   2.845      8.9413     1.399      0.3514     3.4772   )	271.987238 0.000021 0.000101 -0.000021 -0.000101 
203	(   2.8495     8.8413     1.4656     0.3568     3.4272   )	244.182035 -0.002468 0.014456 0.002468 -0.014456 
204	(   2.8532     8.8513     1.4622     0.3512     3.4672   )	265.343705 0.005014 0.000901 -0.005014 -0.000901 
205	(   2.8393     8.9613     1.3832     0.351      3.4872   )	277.922133 -0.004190 -0.001937 0.004190 0.001937 
206	(   2.8482     8.9813     1.3769     0.3482     3.4972   )	283.857891 0.003663 0.002866 -0.003663 -0.002866 
207	(   2.8416     8.9313     1.4261     0.357      3.3772   )	221.293996 -0.066857 0.044239 0.066857 -0.044239 
208	(   2.825      8.9513     1.3754     0.3465     3.4572   )	261.297139 -0.094028 -0.033256 0.094028 0.033256 
209	(   2.8571     8.9713     1.3753     0.3314     3.4072   )	235.741676 -0.188947 -0.050002 0.188947 0.050002 
210	(   2.8512     8.9613     1.349      0.3705     3.4472   )	255.830443 0.118647 0.001681 -0.118647 -0.001681 
211	(   2.8465     8.8413     1.3868     0.3489     3.4672   )	265.217852 -0.024734 -0.122660 0.024734 0.122660 
212	(   2.8444     8.9813     1.4083     0.3572     3.6172   )	362.782731 0.179670 0.068971 -0.179670 -0.068971 

BBE ( SOL ) BBO
213	(   2.8495     8.8405     1.4656     0.3568     3.4295   )	245.337744 -0.000174 0.013656 0.000174 -0.013656 
214	(   2.8273     8.9234     1.4266     0.3443     3.5625   )	323.996575 0.000311 0.000188 -0.000311 -0.000188 
215	(   2.8333     8.9376     1.4029     0.3508     3.505    )	288.048425 0.000258 0.000065 -0.000258 -0.000065 
216	(   2.8371     8.9493     1.3961     0.3498     3.5046   )	287.917913 0.000368 -0.000071 -0.000368 0.000071 
217	(   2.855      8.935      1.3807     0.3485     3.468    )	266.713000 -0.009886 -0.037844 0.009886 0.037844 
218	(   2.8441     8.9913     1.3948     0.3507     3.4751   )	271.431658 -0.008840 0.042586 0.008840 -0.042586 
219	(   2.835      8.9256     1.3843     0.3443     3.4545   )	259.459639 -0.092598 -0.053307 0.092598 0.053307 
220	(   2.8426     8.9375     1.3881     0.3614     3.4717   )	268.880754 0.060533 0.008194 -0.060533 -0.008194 
221	(   2.8436     8.9391     1.3927     0.3504     3.5272   )	301.404227 0.040129 -0.013202 -0.040129 0.013202 
222	(   2.8455     8.9374     1.4023     0.3497     3.4772   )	271.939962 -0.011044 -0.003929 0.011044 0.003929 
223	(   2.849285   8.963      1.4023     0.357352   3.504    )	287.623549 0.077763 0.042592 -0.077763 -0.042592 
224	(   2.83998    8.9558     1.3938     0.34824    3.5092   )	290.705394 -0.000336 -0.000736 0.000336 0.000736 
225	(   2.83782    8.9509     1.3955     0.34941    3.5058   )	288.641739 0.000246 -0.000304 -0.000246 0.000304 
226	(   2.848689   8.9442     1.393      0.350122   3.4572   )	261.017382 -0.021685 -0.008438 0.021685 0.008438 
227	(   2.84044    8.9377     1.389      0.35298    3.4737   )	270.020491 -0.001421 -0.012737 0.001421 0.012737 
228	(   2.845484   8.9213     1.4001     0.351232   3.4746   )	270.289342 -0.002803 -0.018863 0.002803 0.018863 
229	(   2.844125   8.9406     1.3971     0.3464     3.4819   )	274.633259 -0.032474 -0.016456 0.032474 0.016456 
230	(   2.849057   8.9384     1.3909     0.352678   3.4972   )	283.332082 0.037234 -0.010291 -0.037234 0.010291 
231	(   2.844958   8.9416     1.3993     0.351431   3.4771   )	271.935494 0.000057 0.000890 -0.000057 -0.000890 
232	(   2.845362   8.9442     1.398965   0.351368   3.477    )	271.907613 0.000318 0.002867 -0.000318 -0.002867 
233	(   2.84318    8.9645     1.38222    0.35083    3.4849   )	276.617057 0.000045 -0.000449 -0.000045 0.000449 
234	(   2.83916    8.9543     1.39218    0.349765   3.5006   )	285.602415 0.000211 -0.000362 -0.000211 0.000362 
235	(   2.847      8.9425     1.397823   0.350209   3.4745   )	270.478152 -0.007141 -0.003479 0.007141 0.003479 
236	(   2.84566    8.9417     1.404      0.351815   3.4763   )	271.486792 0.003387 0.008433 -0.003387 -0.008433 
237	(   2.844221   8.9408     1.399458   0.350911   3.4672   )	266.447831 -0.015001 -0.001097 0.015001 0.001097 
238	(   2.844262   8.9394     1.400874   0.3494     3.4815   )	274.391226 -0.011334 -0.004657 0.011334 0.004657 
239	(   2.844691   8.9513     1.399182   0.351206   3.4776   )	272.336226 -0.001573 0.009825 0.001573 -0.009825 
240	(   2.844992   8.9412     1.398937   0.351435   3.4773   )	272.041974 0.000354 0.000010 -0.000354 -0.000010 
241	(   2.846264   8.9513     1.400548   0.3494     3.473347 )	269.953573 -0.015506 0.006805 0.015506 -0.006805 
242	(   2.841649   8.939      1.398887   0.352484   3.477    )	271.874513 0.000794 0.000570 -0.000794 -0.000570 
243	(   2.840397   8.9516     1.395072   0.349301   3.50115  )	285.884447 -0.000061 -0.000460 0.000061 0.000460 
244	(   2.846      8.941735   1.398944   0.351241   3.477547 )	272.178454 0.001239 0.000032 -0.001239 -0.000032 
245	(   2.844971   8.941953   1.401      0.351162   3.477721 )	272.289065 -0.001204 0.002820 0.001204 -0.002820 
246	(   2.845218   8.9363     1.399641   0.351822   3.473213 )	269.701930 -0.000535 -0.002893 0.000535 0.002893 
247	(   2.844909   8.943375   1.398734   0.350643   3.4722   )	269.229507 -0.010530 -0.000218 0.010530 0.000218 
248	(   2.84488    8.937032   1.398648   0.3504     3.479386 )	273.163261 -0.005126 -0.007329 0.005126 0.007329 
249	(   2.844213   8.943915   1.396915   0.351579   3.478759 )	272.897917 0.001276 0.000381 -0.001276 -0.000381 
250	(   2.845012   8.941237   1.398996   0.351384   3.477221 )	271.998224 -0.000045 -0.000010 0.000045 0.000010 
251	(   2.842644   8.94       1.399104   0.352013   3.476781 )	271.756420 -0.000767 0.000593 0.000767 -0.000593 
252	(   2.840966   8.939132   1.399184   0.352399   3.476399 )	271.546052 -0.001778 0.000876 0.001778 -0.000876 

BBE ( SOL ) BBO
253	(   2.845079   8.943237   1.399024   0.351305   3.477127 )	271.969539 -0.000567 0.001814 0.000567 -0.001814 
254	(   2.844928   8.941294   1.399996   0.351482   3.477336 )	272.064694 0.000599 0.001665 -0.000599 -0.001665 
255	(   2.845512   8.940897   1.399203   0.351344   3.476527 )	271.601861 -0.000030 -0.000180 0.000030 0.000180 
256	(   2.84516    8.941136   1.399058   0.35121    3.479221 )	273.117683 0.001012 -0.000498 -0.001012 0.000498 
257	(   2.844889   8.940948   1.399172   0.350884   3.476631 )	271.666389 -0.004427 -0.001406 0.004427 0.001406 
258	(   2.844549   8.94068    1.398209   0.351541   3.476058 )	271.344285 -0.001025 -0.001210 0.001025 0.001210 
259	(   2.845046   8.941047   1.398984   0.351338   3.477285 )	272.031390 -0.000242 -0.000341 0.000242 0.000341 
260	(   2.845167   8.941554   1.399268   0.351263   3.478579 )	272.762116 0.000760 0.000348 -0.000760 -0.000348 
261	(   2.845058   8.940718   1.39878    0.351498   3.475634 )	271.104262 -0.000737 -0.000516 0.000737 0.000516 
262	(   2.84514    8.941345   1.399146   0.351321   3.477843 )	272.346796 0.000386 0.000132 -0.000386 -0.000132 
263	(   2.845488   8.941626   1.398991   0.351041   3.475221 )	270.882095 -0.003527 -0.000551 0.003527 0.000551 
264	(   2.845077   8.943237   1.398997   0.351459   3.477654 )	272.264445 0.001046 0.002192 -0.001046 -0.002192 
265	(   2.84501    8.941239   1.399996   0.351383   3.47721  )	271.992907 -0.000072 0.001341 0.000072 -0.001341 
266	(   2.844711   8.941626   1.398991   0.351723   3.475221 )	270.887959 -0.000245 0.001284 0.000245 -0.001284 
267	(   2.844573   8.941804   1.398988   0.350884   3.477033 )	271.904199 -0.004655 -0.000799 0.004655 0.000799 
268	(   2.844769   8.939472   1.398984   0.351675   3.478284 )	272.574131 0.002592 -0.001009 -0.002592 0.001009 
269	(   2.844978   8.939472   1.398977   0.35165    3.475646 )	271.096513 0.000198 -0.001084 -0.000198 0.001084 
270	(   2.845216   8.941345   1.399129   0.351416   3.477151 )	271.958611 0.000516 0.000362 -0.000516 -0.000362 
271	(   2.845089   8.941121   1.39902    0.351357   3.477252 )	272.013473 -0.000052 -0.000165 0.000052 0.000165 
272	(   2.845212   8.94138    1.398919   0.351275   3.477159 )	271.963624 -0.000480 -0.000265 0.000480 0.000265 
273	(   2.844984   8.940237   1.398929   0.35129    3.477167 )	271.956093 -0.000821 -0.001353 0.000821 0.001353 
274	(   2.845168   8.940542   1.399374   0.351584   3.477524 )	272.158157 0.001989 0.000346 -0.001989 -0.000346 
275	(   2.845001   8.941286   1.39897    0.351347   3.478221 )	272.559225 0.000669 -0.000097 -0.000669 0.000097 
276	(   2.844981   8.941374   1.399496   0.35128    3.477161 )	271.967087 -0.000908 0.000522 0.000908 -0.000522 
277	(   2.845004   8.941271   1.398943   0.351384   3.477175 )	271.972836 -0.000106 -0.000046 0.000106 0.000046 
278	(   2.845046   8.941047   1.398984   0.351338   3.477285 )	272.031185 -0.000242 -0.000341 0.000242 0.000341 
279	(   2.844958   8.940237   1.399374   0.35144    3.478221 )	272.547020 0.001242 -0.000349 -0.001242 0.000349 
280	(   2.845254   8.94113    1.399128   0.351313   3.47685  )	271.787450 -0.000438 -0.000130 0.000438 0.000130 
281	(   2.845058   8.941183   1.398985   0.351404   3.477188 )	271.978322 0.000156 -0.000025 -0.000156 0.000025 
282	(   2.844553   8.941548   1.398775   0.351429   3.477887 )	272.378700 0.000019 0.000122 -0.000019 -0.000122 
283	(   2.844793   8.941385   1.398882   0.351407   3.477547 )	272.184293 0.000007 0.000046 -0.000007 -0.000046 
284	(   2.844858   8.941429   1.398902   0.351435   3.47728  )	272.034870 0.000065 0.000192 -0.000065 -0.000192 
285	(   2.845031   8.941198   1.398991   0.351377   3.477259 )	272.018822 -0.000023 -0.000076 0.000023 0.000076 
286	(   2.844878   8.941374   1.39894    0.351377   3.477373 )	272.086232 -0.000214 0.000031 0.000214 -0.000031 
287	(   2.845013   8.94123    1.398974   0.351398   3.477234 )	272.005296 0.000063 -0.000011 -0.000063 0.000011 
288	(   2.844935   8.941269   1.398993   0.351402   3.47741  )	272.104710 0.000116 0.000066 -0.000116 -0.000066 
289	(   2.844987   8.941271   1.398956   0.351389   3.477234 )	272.005799 -0.000051 -0.000018 0.000051 0.000018 
290	(   2.844934   8.941228   1.398919   0.351382   3.477398 )	272.097729 -0.000040 -0.000128 0.000040 0.000128 
291	(   2.844983   8.941282   1.39898    0.351396   3.47725  )	272.014857 0.000006 0.000044 -0.000006 -0.000044 
292	(   2.844884   8.941364   1.398924   0.351413   3.477335 )	272.064549 0.000015 0.000097 -0.000015 -0.000097 

BBE ( SOL ) BBO
293	(   2.844994   8.94124    1.398974   0.351386   3.477278 )	272.030253 -0.000013 -0.000033 0.000013 0.000033 
294	(   2.844895   8.941335   1.398941   0.351387   3.477378 )	272.088064 -0.000102 0.000023 0.000102 -0.000023 
295	(   2.844983   8.941257   1.398966   0.351395   3.47727  )	272.025985 0.000022 -0.000003 -0.000022 0.000003 
296	(   2.844919   8.941289   1.398963   0.351398   3.477393 )	272.095638 0.000042 0.000036 -0.000042 -0.000036 
297	(   2.84497    8.941275   1.398958   0.351391   3.477273 )	272.028256 -0.000028 -0.000005 0.000028 0.000005 
298	(   2.845184   8.941131   1.399067   0.351373   3.47697  )	271.854831 -0.000030 -0.000049 0.000030 0.000049 
299	(   2.844891   8.941322   1.398928   0.351399   3.477403 )	272.101892 -0.000002 0.000023 0.000002 -0.000023 
300	(   2.844917   8.941314   1.398926   0.351402   3.477368 )	272.082276 0.000038 0.000020 -0.000038 -0.000020 
301	(   2.844988   8.941256   1.398979   0.351389   3.477258 )	272.019235 -0.000024 -0.000002 0.000024 0.000002 
302	(   2.844947   8.941258   1.398942   0.351388   3.477343 )	272.067391 -0.000024 -0.000051 0.000024 0.000051 
303	(   2.844974   8.941276   1.39897    0.351394   3.477273 )	272.027989 -0.000002 0.000020 0.000002 -0.000020 
304	(   2.844928   8.941315   1.398946   0.351401   3.477313 )	272.051087 -0.000000 0.000046 0.000000 -0.000046 
305	(   2.844978   8.941258   1.398967   0.35139    3.477287 )	272.035461 -0.000010 -0.000013 0.000010 0.000013 
306	(   2.844956   8.941272   1.398966   0.351395   3.477323 )	272.055967 0.000022 0.000014 -0.000022 -0.000014 
307	(   2.844959   8.941273   1.398964   0.351394   3.47731  )	272.049039 0.000009 0.000010 -0.000009 -0.000010 
308	(   2.844904   8.941316   1.398955   0.351408   3.477381 )	272.089775 0.000067 0.000078 -0.000067 -0.000078 
309	(   2.845099   8.941049   1.399156   0.351378   3.4771   )	271.927524 -0.000037 0.000002 0.000037 -0.000002 
310	(   2.844926   8.941298   1.39894    0.3514     3.477359 )	272.076912 0.000031 0.000017 -0.000031 -0.000017 
311	(   2.844972   8.941266   1.398969   0.351392   3.477283 )	272.033653 -0.000010 0.000003 0.000010 -0.000003 
312	(   2.845056   8.94121    1.399006   0.351387   3.477167 )	271.966975 0.000006 -0.000016 -0.000006 0.000016 
313	(   2.845139   8.941155   1.399045   0.351381   3.477048 )	271.899540 0.000010 -0.000035 -0.000010 0.000035 
314	(   2.844993   8.941257   1.398985   0.351387   3.477258 )	272.019259 -0.000025 0.000004 0.000025 -0.000004 
315	(   2.844986   8.941257   1.39897    0.351393   3.477267 )	272.024304 0.000010 -0.000001 -0.000010 0.000001 
316	(   2.845025   8.941228   1.398975   0.351398   3.477218 )	271.996258 0.000072 -0.000012 -0.000072 0.000012 
317	(   2.845005   8.941187   1.399104   0.351353   3.477503 )	272.155788 0.000000 0.000002 -0.000000 -0.000002 
318	(   2.844904   8.941286   1.398984   0.351382   3.477494 )	272.152345 -0.000006 0.000016 0.000006 -0.000016 
319	(   2.845018   8.941229   1.399001   0.351386   3.477248 )	272.013306 0.000003 -0.000008 -0.000003 0.000008 
320	(   2.845205   8.941148   1.399149   0.351308   3.477438 )	272.116891 0.000017 -0.000097 -0.000017 0.000097 
321	(   2.845031   8.941228   1.399058   0.351399   3.477003 )	271.876094 -0.000120 0.000105 0.000120 -0.000105 
322	(   2.84499    8.941687   1.39913    0.351327   3.477466 )	272.140978 -0.000248 0.000468 0.000248 -0.000468 
323	(   2.84489    8.94101    1.399304   0.351298   3.477209 )	271.989863 -0.000915 -0.000053 0.000915 0.000053 
324	(   2.845062   8.941276   1.399295   0.351453   3.47765  )	272.238842 0.000971 0.000618 -0.000971 -0.000618 
325	(   2.844827   8.9412     1.399043   0.351389   3.477706 )	272.270921 0.000100 0.000028 -0.000100 -0.000028 
326	(   2.845061   8.940978   1.399506   0.351233   3.478212 )	272.550621 -0.000031 0.000012 0.000031 -0.000012 
327	(   2.844946   8.940894   1.399271   0.351377   3.477449 )	272.122458 0.000001 0.000000 -0.000001 -0.000000 
328	(   2.84477    8.940013   1.399772   0.35145    3.477286 )	272.022211 0.000002 -0.000006 -0.000002 0.000006 
329	(   2.844588   8.940299   1.399702   0.351382   3.478127 )	272.498444 -0.000000 0.000002 0.000000 -0.000002 
330	(   2.844745   8.940192   1.399769   0.351386   3.477779 )	272.300788 -0.000008 -0.000003 0.000008 0.000003 
331	(   2.844805   8.940458   1.39957    0.351388   3.477651 )	272.231453 -0.000004 -0.000002 0.000004 0.000002 
332	(   2.844878   8.939986   1.399076   0.351455   3.476449 )	271.552304 -0.000584 -0.000963 0.000584 0.000963 

BBE ( SOL ) BBO
333	(   2.844883   8.941664   1.39909    0.351177   3.47652  )	271.612717 -0.002472 -0.000014 0.002472 0.000014 
334	(   2.844927   8.940645   1.399771   0.351318   3.477175 )	271.966651 -0.000729 0.000269 0.000729 -0.000269 
335	(   2.845446   8.940815   1.399254   0.351359   3.477362 )	272.068537 0.000781 -0.000152 -0.000781 0.000152 
336	(   2.845009   8.941737   1.399453   0.351577   3.476913 )	271.832140 0.001009 0.001628 -0.001009 -0.001628 
337	(   2.844781   8.94079    1.399205   0.351391   3.478504 )	272.714028 0.000822 -0.000157 -0.000822 0.000157 
338	(   2.84477    8.940013   1.399772   0.35145    3.477286 )	272.022487 0.000002 -0.000006 -0.000002 0.000006 
339	(   2.844936   8.940826   1.399203   0.351437   3.477048 )	271.897140 -0.000000 -0.000000 0.000000 0.000000 
340	(   2.844905   8.940623   1.398998   0.351614   3.475845 )	271.222276 -0.000003 -0.000002 0.000003 0.000002 
341	(   2.844804   8.940648   1.399356   0.351426   3.477387 )	272.085988 0.000000 0.000000 -0.000000 -0.000000 
342	(   2.845003   8.94145    1.398752   0.351431   3.476953 )	271.850601 0.000001 -0.000000 -0.000001 0.000000 
343	(   2.845205   8.943323   1.3974     0.351415   3.476668 )	271.711269 0.000005 0.000004 -0.000005 -0.000004 
344	(   2.845312   8.941302   1.399108   0.351307   3.477215 )	271.993201 0.000000 -0.000001 -0.000000 0.000001 
345	(   2.845231   8.941657   1.398621   0.35142    3.476575 )	271.639591 -0.000000 -0.000000 0.000000 0.000000 
346	(   2.845916   8.942278   1.398228   0.351387   3.47544  )	271.007529 -0.000002 0.000000 0.000002 -0.000000 
347	(   2.845205   8.943323   1.3974     0.351415   3.476668 )	271.711273 0.000004 0.000004 -0.000004 -0.000004 
348	(   2.845127   8.944219   1.396915   0.351323   3.477471 )	272.171902 -0.000002 0.000000 0.000002 -0.000000 
349	(   2.846      8.939472   1.400288   0.351394   3.475221 )	270.852143 -0.000001 0.000001 0.000001 -0.000001 
350	(   2.845169   8.94146    1.398745   0.351431   3.476622 )	271.664255 0.000001 -0.000001 -0.000001 0.000001 
351	(   2.845001   8.941035   1.399139   0.351391   3.477242 )	272.007631 -0.000001 -0.000001 0.000001 0.000001 
352	(   2.84592    8.941405   1.399176   0.351427   3.474575 )	270.515360 -0.000570 0.000518 0.000570 -0.000518 
353	(   2.844361   8.942565   1.396621   0.351394   3.474793 )	270.662161 -0.003708 -0.001860 0.003708 0.001860 
354	(   2.844404   8.941959   1.400621   0.351411   3.475982 )	271.320629 -0.002309 0.002987 0.002309 -0.002987 
355	(   2.845117   8.936657   1.39853    0.351419   3.476493 )	271.533715 -0.000319 -0.005126 0.000319 0.005126 
356	(   2.845149   8.941687   1.398555   0.35162    3.476516 )	271.607405 0.001196 0.000479 -0.001196 -0.000479 
357	(   2.844236   8.936834   1.397205   0.351231   3.476708 )	271.662818 -0.003195 -0.007240 0.003195 0.007240 
358	(   2.84577    8.946066   1.400299   0.351631   3.477198 )	272.038487 0.003200 0.007251 -0.003200 -0.007251 
359	(   2.845265   8.941705   1.398636   0.351372   3.476638 )	271.675290 -0.000210 -0.000061 0.000210 0.000061 
360	(   2.845916   8.942278   1.398228   0.351387   3.47544  )	271.007532 -0.000003 0.000000 0.000003 -0.000000 
361	(   2.845028   8.941328   1.398905   0.3514     3.477125 )	271.945292 0.000000 0.000000 -0.000000 -0.000000 
362	(   2.845253   8.941842   1.398477   0.351423   3.476508 )	271.604200 0.000000 -0.000000 -0.000000 0.000000 
363	(   2.845317   8.942398   1.398045   0.351434   3.476308 )	271.498328 0.000001 -0.000001 -0.000001 0.000001 
364	(   2.844464   8.941766   1.39831    0.351536   3.477284 )	272.043905 -0.000000 0.000000 0.000000 -0.000000 
365	(   2.844845   8.941647   1.398497   0.351486   3.476878 )	271.812278 -0.000000 -0.000001 0.000000 0.000001 
366	(   2.845317   8.942398   1.398045   0.351434   3.476308 )	271.498329 0.000001 -0.000001 -0.000001 0.000001 
367	(   2.843623   8.941061   1.398557   0.351674   3.477989 )	272.437446 -0.000003 -0.000001 0.000003 0.000001 
368	(   2.84452    8.942315   1.397998   0.351488   3.477513 )	272.178047 -0.000000 -0.000000 0.000000 0.000000 
369	(   2.845972   8.939802   1.39988    0.351476   3.474694 )	270.562353 0.000001 -0.000000 -0.000001 0.000000 
370	(   2.849352   8.934266   1.404029   0.351447   3.468142 )	266.844853 0.000008 0.000034 -0.000008 -0.000034 
371	(   2.846482   8.940172   1.399576   0.351492   3.473562 )	269.932521 -0.000000 0.000000 0.000000 -0.000000 
372	(   2.848012   8.941284   1.398664   0.351538   3.470162 )	268.049720 -0.000006 0.000003 0.000006 -0.000003 

BBE ( SOL ) BBO
373	(   2.849352   8.934266   1.404029   0.351447   3.468094 )	266.818661 -0.000039 0.000034 0.000039 -0.000034 
374	(   2.846317   8.941211   1.39881    0.351491   3.473894 )	270.130583 -0.000002 0.000001 0.000002 -0.000001 
375	(   2.846754   8.940421   1.399656   0.351359   3.473962 )	270.155785 0.000002 0.000000 -0.000002 -0.000000 
376	(   2.846308   8.940565   1.399603   0.351332   3.475062 )	270.773648 0.000019 -0.000000 -0.000019 0.000000 
377	(   2.844925   8.941466   1.398633   0.351485   3.476762 )	271.744467 0.000038 -0.000000 -0.000038 0.000000 
378	(   2.848036   8.935925   1.404576   0.351475   3.469062 )	267.382762 -0.001506 0.002519 0.001506 -0.002519 
379	(   2.841482   8.944727   1.404073   0.351477   3.469562 )	267.820803 -0.014101 0.010637 0.014101 -0.010637 
380	(   2.846191   8.93995    1.399838   0.351692   3.473362 )	269.821181 0.000638 0.000673 -0.000638 -0.000673 
381	(   2.848276   8.941543   1.397962   0.351497   3.463562 )	264.432515 -0.006369 -0.000797 0.006369 0.000797 
382	(   2.84944    8.940892   1.399862   0.351276   3.471594 )	268.825476 0.002420 0.000526 -0.002420 -0.000526 
383	(   2.851482   8.943992   1.402193   0.351507   3.477562 )	272.170133 0.014119 0.007416 -0.014119 -0.007416 
384	(   2.842504   8.938712   1.399898   0.351676   3.477794 )	272.310078 -0.002417 -0.000526 0.002417 0.000526 
385	(   2.84635    8.940257   1.399306   0.35148    3.474162 )	270.268042 0.000248 -0.000313 -0.000248 0.000313 
386	(   2.848012   8.941284   1.398664   0.351538   3.470166 )	268.051927 -0.000002 0.000003 0.000002 -0.000003 
387	(   2.845709   8.940084   1.399631   0.351497   3.475074 )	270.779311 -0.000000 0.000000 0.000000 -0.000000 
388	(   2.843564   8.938515   1.400616   0.351583   3.47875  )	272.835675 -0.000002 0.000001 0.000002 -0.000001 
389	(   2.846016   8.940505   1.399298   0.351508   3.474382 )	270.396088 -0.000001 -0.000001 0.000001 0.000001 
390	(   2.845275   8.941122   1.399003   0.351427   3.476439 )	271.557195 -0.000000 -0.000001 0.000000 0.000001 
391	(   2.847121   8.940082   1.39791    0.35145    3.468562 )	267.160696 -0.004019 -0.002455 0.004019 0.002455 
392	(   2.846878   8.938374   1.401576   0.351466   3.470462 )	268.191896 -0.002492 0.000847 0.002492 -0.000847 
393	(   2.846626   8.939518   1.3992     0.351592   3.472435 )	269.297466 -0.000129 -0.000893 0.000129 0.000893 
394	(   2.845506   8.9392     1.399312   0.351576   3.472762 )	269.484624 -0.002153 -0.001102 0.002153 0.001102 
395	(   2.848482   8.940651   1.399851   0.351499   3.474387 )	270.380344 0.004877 0.000871 -0.004877 -0.000871 
396	(   2.846438   8.940404   1.400448   0.351376   3.476626 )	271.644282 0.002155 0.001102 -0.002155 -0.001102 
397	(   2.846922   8.938172   1.398427   0.351463   3.477139 )	271.898124 0.004251 -0.003632 -0.004251 0.003632 
398	(   2.846108   8.941169   1.399037   0.351453   3.475181 )	270.848397 0.000595 0.000164 -0.000595 -0.000164 
399	(   2.846287   8.9404     1.399504   0.351443   3.474297 )	270.345743 -0.000001 -0.000000 0.000001 0.000000 
400	(   2.845701   8.941084   1.399288   0.351297   3.476503 )	271.589066 -0.000003 -0.000002 0.000003 0.000002 
401	(   2.846539   8.940408   1.399464   0.351461   3.473671 )	269.995268 -0.000000 0.000001 0.000000 -0.000001 
402	(   2.847294   8.940434   1.399344   0.351513   3.471771 )	268.935153 -0.000018 0.000004 0.000018 -0.000004 
403	(   2.842506   8.939371   1.399521   0.351816   3.479262 )	273.141406 0.000046 0.000001 -0.000046 -0.000001 
404	(   2.842988   8.940523   1.398912   0.351695   3.479071 )	273.043500 -0.000040 -0.000000 0.000040 0.000000 
405	(   2.846016   8.940505   1.399298   0.351508   3.474362 )	270.385136 -0.000020 -0.000001 0.000020 0.000001 
406	(   2.845275   8.941122   1.399003   0.351427   3.476462 )	271.569954 0.000023 -0.000001 -0.000023 0.000001 
407	(   2.844912   8.941767   1.400391   0.351292   3.473062 )	269.688518 -0.005060 0.002160 0.005060 -0.002160 
408	(   2.846052   8.941458   1.398576   0.351437   3.473462 )	269.895557 -0.001350 -0.000214 0.001350 0.000214 
409	(   2.845887   8.941952   1.399885   0.351692   3.473362 )	269.848206 0.000029 0.002739 -0.000029 -0.002739 
410	(   2.846726   8.939962   1.400464   0.3515     3.468771 )	267.279394 -0.004244 0.001017 0.004244 -0.001017 
411	(   2.851482   8.940588   1.399648   0.351474   3.473562 )	269.895242 0.009887 0.000466 -0.009887 -0.000466 
412	(   2.846352   8.940854   1.398464   0.351421   3.478571 )	272.738116 0.004244 -0.001012 -0.004244 0.001012 

BBE ( SOL ) BBO
413	(   2.846459   8.940241   1.399588   0.351489   3.483562 )	275.546067 0.009932 0.000078 -0.009932 -0.000078 
414	(   2.844644   8.937395   1.400158   0.351393   3.473262 )	269.748236 -0.004676 -0.002254 0.004676 0.002254 
415	(   2.847294   8.940434   1.399344   0.351513   3.471791 )	268.946491 0.000003 0.000004 -0.000003 -0.000004 
416	(   2.844555   8.939501   1.399764   0.351646   3.476322 )	271.478295 -0.000001 0.000001 0.000001 -0.000001 
417	(   2.845555   8.939656   1.400135   0.351403   3.476052 )	271.321398 0.000001 0.000000 -0.000001 -0.000000 
418	(   2.846016   8.940505   1.399298   0.351508   3.474382 )	270.396088 -0.000001 -0.000001 0.000001 0.000001 
419	(   2.845275   8.941122   1.399004   0.351427   3.476439 )	271.557195 -0.000000 -0.000000 0.000000 0.000000 
420	(   2.846462   8.939172   1.399511   0.351584   3.472381 )	269.264966 -0.000563 -0.000837 0.000563 0.000837 
421	(   2.846477   8.940268   1.400076   0.351515   3.47327  )	269.771920 -0.000140 0.000836 0.000140 -0.000836 
422	(   2.84643    8.941172   1.39941    0.35158    3.470533 )	268.267142 -0.002509 0.001012 0.002509 -0.001012 
423	(   2.848482   8.940179   1.399575   0.351494   3.47354  )	269.903400 0.003993 0.000010 -0.003993 -0.000010 
424	(   2.846492   8.939983   1.399608   0.351447   3.468562 )	267.166189 -0.005299 -0.000267 0.005299 0.000267 
425	(   2.844738   8.941408   1.39925    0.351448   3.47205  )	269.123251 -0.005312 0.000677 0.005312 -0.000677 
426	(   2.84834    8.939408   1.399678   0.351473   3.475292 )	270.870259 0.005315 -0.000675 -0.005315 0.000675 
427	(   2.84572    8.940177   1.399251   0.35136    3.478842 )	272.888195 0.002815 -0.000791 -0.002815 0.000791 
428	(   2.846632   8.940073   1.399615   0.351509   3.473119 )	269.683955 -0.000021 -0.000001 0.000021 0.000001 
429	(   2.844868   8.940175   1.399711   0.351429   3.477256 )	272.006685 0.000017 0.000015 -0.000017 -0.000015 
430	(   2.846244   8.941125   1.398921   0.351467   3.474215 )	270.308694 -0.000001 -0.000001 0.000001 0.000001 
431	(   2.845263   8.940901   1.399132   0.351444   3.47634  )	271.499179 -0.000000 -0.000000 0.000000 0.000000 
432	(   2.847482   8.940442   1.39954    0.351501   3.473328 )	269.797299 0.001830 0.000246 -0.001830 -0.000246 
433	(   2.845535   8.940652   1.399376   0.351541   3.472257 )	269.222095 -0.002851 0.000342 0.002851 -0.000342 
434	(   2.846038   8.940203   1.399264   0.351462   3.472218 )	269.190580 -0.002448 -0.000472 0.002448 0.000472 
435	(   2.846299   8.940463   1.399776   0.351501   3.47331  )	269.797792 -0.000551 0.000588 0.000551 -0.000588 
436	(   2.846303   8.940456   1.399539   0.351442   3.473316 )	269.800885 -0.000960 0.000099 0.000960 -0.000099 
437	(   2.846375   8.940343   1.399554   0.351497   3.475562 )	271.048943 0.001825 0.000155 -0.001825 -0.000155 
438	(   2.84704    8.940613   1.399664   0.35146    3.475124 )	270.802329 0.002448 0.000474 -0.002448 -0.000474 
439	(   2.846429   8.93971    1.399569   0.351534   3.473806 )	270.063017 0.000440 -0.000356 -0.000440 0.000356 
440	(   2.847294   8.940434   1.399344   0.351513   3.471791 )	268.946488 0.000004 0.000004 -0.000004 -0.000004 
441	(   2.846402   8.940428   1.399464   0.351461   3.473667 )	269.994610 -0.000275 0.000021 0.000275 -0.000021 
442	(   2.84643    8.940301   1.399549   0.351456   3.473845 )	270.091817 -0.000078 -0.000004 0.000078 0.000004 
443	(   2.846038   8.939914   1.399713   0.351519   3.47426  )	270.321417 -0.000001 0.000000 0.000001 -0.000000 
444	(   2.845281   8.940975   1.399107   0.351429   3.476409 )	271.538455 -0.000000 -0.000000 0.000000 0.000000 
445	(   2.846387   8.939972   1.399567   0.351491   3.472779 )	269.496187 -0.000979 -0.000214 0.000979 0.000214 
446	(   2.846982   8.94005    1.399582   0.351492   3.474092 )	270.221416 0.001535 -0.000112 -0.001535 0.000112 
447	(   2.846464   8.940167   1.399576   0.351512   3.473543 )	269.922037 0.000086 0.000049 -0.000086 -0.000049 
448	(   2.846517   8.940182   1.399476   0.351492   3.4736   )	269.953371 0.000109 -0.000125 -0.000109 0.000125 
449	(   2.846033   8.940051   1.399571   0.351491   3.474562 )	270.491015 0.000098 -0.000130 -0.000098 0.000130 
450	(   2.847039   8.940454   1.39945    0.351464   3.4737   )	270.007673 0.001053 0.000036 -0.001053 -0.000036 
451	(   2.846039   8.940363   1.399478   0.351457   3.473642 )	269.982865 -0.001053 -0.000035 0.001053 0.000035 
452	(   2.846485   8.940177   1.399577   0.351489   3.473557 )	269.929863 -0.000022 -0.000001 0.000022 0.000001 

BBE ( SOL ) BBO
453	(   2.848012   8.941284   1.398664   0.351538   3.470166 )	268.051658 -0.000002 0.000003 0.000002 -0.000003 
454	(   2.846539   8.940402   1.399549   0.351461   3.473434 )	269.863988 -0.000236 0.000108 0.000236 -0.000108 
455	(   2.846509   8.940173   1.399592   0.351495   3.473517 )	269.907322 0.000029 0.000030 -0.000029 -0.000030 
456	(   2.845594   8.940162   1.399531   0.351519   3.475149 )	270.822875 0.000000 0.000001 -0.000000 -0.000001 
457	(   2.846114   8.940341   1.399511   0.351462   3.47451  )	270.464950 -0.000001 -0.000000 0.000001 0.000000 
458	(   2.846682   8.940212   1.399591   0.351491   3.473995 )	270.171912 0.000826 0.000057 -0.000826 -0.000057 
459	(   2.846559   8.940272   1.399563   0.351493   3.473162 )	269.710919 -0.000240 0.000084 0.000240 -0.000084 
460	(   2.846531   8.940149   1.399626   0.351492   3.473308 )	269.790865 -0.000153 0.000046 0.000153 -0.000046 
461	(   2.846468   8.940179   1.399579   0.351502   3.473634 )	269.972968 0.000115 0.000037 -0.000115 -0.000037 
462	(   2.846682   8.940076   1.399541   0.351494   3.473337 )	269.804754 0.000192 -0.000137 -0.000192 0.000137 
463	(   2.846518   8.940508   1.399463   0.351468   3.47345  )	269.873930 -0.000212 0.000117 0.000212 -0.000117 
464	(   2.846559   8.940308   1.399466   0.351454   3.473892 )	270.116662 0.000212 -0.000116 -0.000212 0.000116 
465	(   2.846431   8.940177   1.399578   0.351491   3.47354  )	269.920994 -0.000126 0.000007 0.000126 -0.000007 
466	(   2.846438   8.940094   1.39959    0.351491   3.473629 )	269.969202 -0.000028 -0.000061 0.000028 0.000061 
467	(   2.846544   8.94041    1.39948    0.351457   3.473576 )	269.942697 -0.000109 0.000015 0.000109 -0.000015 
468	(   2.845721   8.940295   1.399544   0.351463   3.475312 )	270.914436 0.000021 0.000001 -0.000021 -0.000001 
469	(   2.846404   8.940128   1.399597   0.351497   3.473667 )	269.991068 -0.000011 -0.000000 0.000011 0.000000 
470	(   2.846582   8.940166   1.399573   0.351492   3.473593 )	269.948567 0.000229 -0.000010 -0.000229 0.000010 
471	(   2.846502   8.940122   1.399596   0.351493   3.473364 )	269.821987 -0.000149 -0.000019 0.000149 0.000019 
472	(   2.846502   8.94021    1.39957    0.351493   3.473362 )	269.821711 -0.000151 0.000033 0.000151 -0.000033 
473	(   2.846486   8.94018    1.39958    0.351487   3.473522 )	269.910632 -0.000067 -0.000000 0.000067 0.000000 
474	(   2.846519   8.940404   1.399452   0.351457   3.473471 )	269.884247 -0.000267 -0.000032 0.000267 0.000032 
475	(   2.846502   8.94021    1.399596   0.351493   3.473633 )	269.972022 0.000119 0.000069 -0.000119 -0.000069 
476	(   2.846558   8.940413   1.399477   0.351464   3.473871 )	270.106335 0.000266 0.000033 -0.000266 -0.000033 
477	(   2.846477   8.940171   1.399575   0.351493   3.473571 )	269.937818 0.000006 0.000000 -0.000006 -0.000000 
478	(   2.84649    8.94017    1.39958    0.351491   3.473549 )	269.925235 -0.000005 0.000001 0.000005 -0.000001 
479	(   2.846488   8.940404   1.399459   0.35146    3.473798 )	270.066411 0.000022 -0.000012 -0.000022 0.000012 
480	(   2.846426   8.940154   1.399571   0.35149    3.473646 )	269.979283 -0.000042 -0.000030 0.000042 0.000030 
481	(   2.846488   8.940169   1.399586   0.351493   3.473549 )	269.925310 0.000011 0.000015 -0.000011 -0.000015 
482	(   2.846452   8.940147   1.399589   0.351498   3.473602 )	269.954917 0.000022 0.000008 -0.000022 -0.000008 
483	(   2.846477   8.94017    1.39958    0.351491   3.473568 )	269.936126 -0.000011 0.000001 0.000011 -0.000001 
484	(   2.846444   8.940156   1.399577   0.351492   3.473618 )	269.963796 -0.000020 -0.000014 0.000020 0.000014 
485	(   2.846477   8.940165   1.399584   0.351493   3.473566 )	269.934931 0.000004 0.000008 -0.000004 -0.000008 
486	(   2.846455   8.940153   1.399585   0.351495   3.473598 )	269.952502 0.000008 0.000003 -0.000008 -0.000003 
487	(   2.846461   8.940157   1.399584   0.351494   3.473591 )	269.948408 0.000003 0.000002 -0.000003 -0.000002 
488	(   2.846551   8.940206   1.399563   0.351488   3.473469 )	269.880508 0.000014 0.000005 -0.000014 -0.000005 
489	(   2.846441   8.940148   1.399588   0.351495   3.473618 )	269.963424 -0.000005 0.000001 0.000005 -0.000001 
490	(   2.846463   8.940162   1.399578   0.351493   3.47359  )	269.948031 -0.000004 -0.000006 0.000004 0.000006 
491	(   2.846474   8.940164   1.399583   0.351493   3.473572 )	269.938206 0.000002 0.000004 -0.000002 -0.000004 
492	(   2.846461   8.940154   1.399589   0.351493   3.473585 )	269.945299 -0.000008 0.000004 0.000008 -0.000004 

BBE ( SOL ) BBO
493	(   2.846473   8.940167   1.399579   0.351493   3.473575 )	269.939688 0.000002 0.000001 -0.000002 -0.000001 
494	(   2.846532   8.940186   1.39958    0.351491   3.473503 )	269.899456 0.000039 0.000019 -0.000039 -0.000019 
495	(   2.846489   8.94017    1.399577   0.351494   3.473554 )	269.927761 0.000020 0.000004 -0.000020 -0.000004 
496	(   2.846459   8.940179   1.399586   0.351492   3.473589 )	269.947596 -0.000018 0.000021 0.000018 -0.000021 
497	(   2.846484   8.940192   1.399571   0.351492   3.473644 )	269.978032 0.000087 0.000014 -0.000087 -0.000014 
498	(   2.846526   8.940388   1.399468   0.35146    3.473642 )	269.979090 -0.000059 -0.000016 0.000059 0.000016 
499	(   2.846526   8.940159   1.39958    0.351492   3.473662 )	269.987564 0.000185 -0.000008 -0.000185 0.000008 
500	(   2.846551   8.940428   1.399461   0.351461   3.4737   )	270.011447 0.000059 0.000018 -0.000059 -0.000018 
501	(   2.846481   8.940172   1.399576   0.351492   3.473561 )	269.931955 -0.000004 -0.000000 0.000004 0.000000 
502	(   2.846471   8.940166   1.399583   0.351494   3.473578 )	269.941384 0.000008 0.000008 -0.000008 -0.000008 
503	(   2.846508   8.940422   1.399469   0.351458   3.473762 )	270.046403 0.000015 0.000014 -0.000015 -0.000014 
504	(   2.846458   8.940163   1.399579   0.351495   3.473595 )	269.951077 0.000006 0.000002 -0.000006 -0.000002 
505	(   2.846482   8.940168   1.39958    0.351492   3.473561 )	269.931695 -0.000002 0.000002 0.000002 -0.000002 
506	(   2.846462   8.940173   1.399577   0.351491   3.473555 )	269.928857 -0.000049 0.000001 0.000049 -0.000001 
507	(   2.846483   8.940162   1.399577   0.351492   3.473557 )	269.929778 -0.000005 -0.000009 0.000005 0.000009 
508	(   2.846478   8.940171   1.399581   0.351493   3.473584 )	269.944607 0.000020 0.000008 -0.000020 -0.000008 
509	(   2.846491   8.940175   1.399581   0.351491   3.473513 )	269.905369 -0.000035 0.000009 0.000035 -0.000009 
510	(   2.846486   8.940173   1.399578   0.351491   3.473612 )	269.960290 0.000051 0.000002 -0.000051 -0.000002 
511	(   2.846535   8.940418   1.399467   0.351461   3.473664 )	269.991965 -0.000012 0.000016 0.000012 -0.000016 
512	(   2.846543   8.940398   1.399461   0.35146    3.473677 )	269.998572 0.000012 -0.000014 -0.000012 0.000014 
513	(   2.846482   8.940178   1.399576   0.351492   3.473563 )	269.933283 0.000001 0.000006 -0.000001 -0.000006 
514	(   2.846483   8.940166   1.399579   0.351492   3.473559 )	269.930967 0.000002 -0.000000 -0.000002 0.000000 
515	(   2.846539   8.940406   1.399464   0.351461   3.47367  )	269.995106 0.000000 -0.000001 -0.000000 0.000001 
516	(   2.84654    8.9404     1.399464   0.351461   3.47367  )	269.994620 0.000001 -0.000008 -0.000001 0.000008 
517	(   2.846463   8.940167   1.39958    0.351493   3.473556 )	269.929065 -0.000038 0.000003 0.000038 -0.000003 
518	(   2.846538   8.940406   1.399463   0.351461   3.473677 )	269.998601 0.000006 -0.000003 -0.000006 0.000003 
519	(   2.846471   8.94016    1.399583   0.351493   3.473578 )	269.941357 0.000006 0.000002 -0.000006 -0.000002 
520	(   2.846478   8.940169   1.399578   0.351492   3.473565 )	269.934305 -0.000001 0.000000 0.000001 -0.000000 
521	(   2.846499   8.940179   1.399573   0.35149    3.473538 )	269.919264 -0.000003 -0.000001 0.000003 0.000001 
522	(   2.846489   8.940174   1.399576   0.351491   3.473551 )	269.926550 -0.000001 -0.000000 0.000001 0.000000 
523	(   2.84648    8.940171   1.399575   0.351492   3.473565 )	269.933917 0.000003 -0.000001 -0.000003 0.000001 
524	(   2.846482   8.940169   1.399579   0.351492   3.473562 )	269.932251 -0.000001 0.000001 0.000001 -0.000001 
525	(   2.846492   8.940173   1.399577   0.351491   3.473545 )	269.922949 -0.000003 -0.000001 0.000003 0.000001 
526	(   2.846478   8.940168   1.399578   0.351492   3.473567 )	269.935504 0.000001 0.000001 -0.000001 -0.000001 
527	(   2.846481   8.940175   1.399575   0.351491   3.473564 )	269.933486 -0.000003 0.000001 0.000003 -0.000001 
528	(   2.846482   8.940168   1.399578   0.351492   3.47356  )	269.931596 0.000001 0.000000 -0.000001 -0.000000 
529	(   2.846487   8.940173   1.399577   0.351491   3.473553 )	269.927386 -0.000002 -0.000000 0.000002 0.000000 
530	(   2.84648    8.940169   1.399578   0.351492   3.473564 )	269.933474 0.000000 0.000000 -0.000000 -0.000000 
531	(   2.846511   8.940179   1.399574   0.351489   3.473519 )	269.908635 -0.000005 -0.000002 0.000005 0.000002 
532	(   2.846475   8.940179   1.399572   0.351492   3.473575 )	269.939939 -0.000001 0.000001 0.000001 -0.000001 

BBE ( SOL ) BBO
533	(   2.846484   8.940178   1.399575   0.35149    3.473566 )	269.934889 -0.000001 0.000001 0.000001 -0.000001 
534	(   2.846483   8.940172   1.399576   0.351492   3.47356  )	269.931128 -0.000000 -0.000000 0.000000 0.000000 
535	(   2.846484   8.940174   1.399574   0.351492   3.473558 )	269.930566 0.000000 -0.000001 -0.000000 0.000001 
536	(   2.846488   8.940172   1.399574   0.351492   3.473552 )	269.926948 0.000001 -0.000003 -0.000001 0.000003 
537	(   2.846473   8.940154   1.399588   0.351493   3.473575 )	269.939813 0.000001 0.000000 -0.000001 -0.000000 
538	(   2.846489   8.940165   1.399584   0.35149    3.473559 )	269.930487 -0.000000 0.000000 0.000000 -0.000000 
539	(   2.846486   8.940138   1.399608   0.351489   3.47358  )	269.942298 0.000004 0.000001 -0.000004 -0.000001 
540	(   2.846517   8.940157   1.39959    0.351491   3.473495 )	269.894977 -0.000001 0.000002 0.000001 -0.000002 
541	(   2.846526   8.940179   1.39958    0.351488   3.473502 )	269.898996 0.000000 0.000001 -0.000000 -0.000001 
542	(   2.846637   8.940219   1.399567   0.351481   3.473333 )	269.804544 0.000002 0.000004 -0.000002 -0.000004 
543	(   2.846414   8.9401     1.399617   0.351498   3.473655 )	269.983867 -0.000000 -0.000001 0.000000 0.000001 
544	(   2.84658    8.940095   1.399617   0.351498   3.473321 )	269.797148 -0.000003 -0.000005 0.000003 0.000005 
545	(   2.846495   8.940169   1.399582   0.351491   3.473547 )	269.924092 0.000002 0.000001 -0.000002 -0.000001 
546	(   2.846491   8.940173   1.399577   0.351491   3.47355  )	269.925935 -0.000001 0.000000 0.000001 -0.000000 
547	(   2.8465     8.940065   1.399629   0.35149    3.473464 )	269.876668 -0.000073 -0.000040 0.000073 0.000040 
548	(   2.846439   8.940149   1.399587   0.35149    3.473552 )	269.927215 -0.000106 -0.000012 0.000106 0.000012 
549	(   2.846489   8.940161   1.399585   0.351495   3.473557 )	269.929582 0.000034 0.000011 -0.000034 -0.000011 
550	(   2.846549   8.94019    1.399533   0.351489   3.473302 )	269.787814 -0.000143 -0.000047 0.000143 0.000047 
551	(   2.846492   8.940085   1.399534   0.35149    3.473527 )	269.912157 -0.000024 -0.000148 0.000024 0.000148 
552	(   2.846502   8.940167   1.399626   0.351487   3.473702 )	270.010223 0.000143 0.000049 -0.000143 -0.000049 
553	(   2.84649    8.94013    1.39959    0.35149    3.473759 )	270.041194 0.000203 -0.000026 -0.000203 0.000026 
554	(   2.846491   8.940169   1.399583   0.351489   3.473557 )	269.929892 -0.000007 -0.000000 0.000007 0.000000 
555	(   2.846486   8.940141   1.399596   0.351493   3.473547 )	269.923822 0.000000 -0.000001 -0.000000 0.000001 
556	(   2.846491   8.940138   1.399576   0.351489   3.473554 )	269.927371 -0.000010 -0.000041 0.000010 0.000041 
557	(   2.846498   8.940202   1.399561   0.351489   3.473551 )	269.926820 -0.000000 0.000001 0.000000 -0.000001 
558	(   2.846489   8.940156   1.399587   0.351492   3.473548 )	269.924571 0.000000 -0.000000 -0.000000 0.000000 
559	(   2.846491   8.94013    1.399598   0.351496   3.473517 )	269.906826 0.000001 -0.000001 -0.000001 0.000001 
560	(   2.846489   8.940127   1.399597   0.351498   3.473504 )	269.899770 -0.000001 0.000000 0.000001 -0.000000 
561	(   2.846523   8.940173   1.399569   0.351495   3.473459 )	269.874909 -0.000001 -0.000000 0.000001 0.000000 
562	(   2.846515   8.940157   1.399539   0.351515   3.473329 )	269.802660 -0.000004 -0.000004 0.000004 0.000004 
563	(   2.84652    8.940191   1.399548   0.351499   3.473437 )	269.862779 -0.000000 0.000000 0.000000 -0.000000 
564	(   2.846509   8.940246   1.399483   0.351511   3.47337  )	269.826392 0.000000 0.000001 -0.000000 -0.000001 
565	(   2.846479   8.940411   1.39929    0.351548   3.47317  )	269.717458 0.000003 0.000003 -0.000003 -0.000003 
566	(   2.846526   8.940225   1.399429   0.351546   3.473089 )	269.670041 0.000000 0.000000 -0.000000 -0.000000 
567	(   2.846574   8.94016    1.399267   0.351651   3.472247 )	269.201520 -0.000000 -0.000001 0.000000 0.000001 
568	(   2.84672    8.939967   1.398781   0.351965   3.46972  )	267.800493 -0.000002 -0.000006 0.000002 0.000006 
569	(   2.845684   8.940781   1.39858    0.351767   3.473208 )	269.749109 0.000000 0.000001 -0.000000 -0.000001 
570	(   2.846561   8.940146   1.399705   0.351436   3.473799 )	270.063275 -0.000000 -0.000000 0.000000 0.000000 
571	(   2.846521   8.940192   1.399513   0.351516   3.473315 )	269.795061 0.000000 -0.000001 -0.000000 0.000001 
572	(   2.846492   8.940177   1.39956    0.351498   3.4735   )	269.898150 -0.000000 -0.000000 0.000000 0.000000 

BBE ( SOL ) BBO
573	(   2.847074   8.940357   1.398344   0.351587   3.469798 )	267.845303 -0.001902 -0.001225 0.001902 0.001225 
574	(   2.846391   8.940435   1.397981   0.351851   3.468835 )	267.321007 -0.002357 -0.000929 0.002357 0.000929 
575	(   2.846859   8.939733   1.401267   0.351789   3.470222 )	268.075536 -0.000472 0.002664 0.000472 -0.002664 
576	(   2.846859   8.941225   1.398724   0.351595   3.472534 )	269.370891 0.000459 0.000178 -0.000459 -0.000178 
577	(   2.846663   8.94116    1.399889   0.351694   3.473897 )	270.129245 0.002133 0.001959 -0.002133 -0.001959 
578	(   2.846306   8.940563   1.400314   0.35152    3.467247 )	266.453016 -0.006462 0.001470 0.006462 -0.001470 
579	(   2.846193   8.939225   1.400134   0.351497   3.473644 )	269.969539 -0.000458 -0.000176 0.000458 0.000176 
580	(   2.846224   8.939789   1.399428   0.351614   3.476378 )	271.498715 0.003163 -0.000255 -0.003163 0.000255 
581	(   2.84643    8.941008   1.398798   0.351572   3.473096 )	269.683661 0.000001 0.000000 -0.000001 -0.000000 
582	(   2.846697   8.939265   1.400362   0.351432   3.473554 )	269.915956 -0.000002 -0.000002 0.000002 0.000002 
583	(   2.846522   8.940194   1.399508   0.351518   3.473294 )	269.783497 0.000000 0.000001 -0.000000 -0.000001 
584	(   2.846493   8.940178   1.399558   0.351498   3.473493 )	269.894155 -0.000000 -0.000001 0.000000 0.000001 
585	(   2.84655    8.940589   1.400267   0.351721   3.470616 )	268.305375 -0.001184 0.001972 0.001184 -0.001972 
586	(   2.846442   8.93966    1.399629   0.351676   3.471656 )	268.869515 -0.000676 0.000058 0.000676 -0.000058 
587	(   2.846671   8.940046   1.399001   0.351751   3.472681 )	269.439583 0.001338 -0.000206 -0.001338 0.000206 
588	(   2.846748   8.939956   1.400267   0.351618   3.473023 )	269.628738 0.000887 0.001062 -0.000887 -0.001062 
589	(   2.846452   8.940304   1.399602   0.351674   3.474247 )	270.315046 0.001921 0.000659 -0.001921 -0.000659 
590	(   2.846388   8.93977    1.399181   0.351571   3.471089 )	268.557537 -0.002096 -0.000723 0.002096 0.000723 
591	(   2.846663   8.94068    1.399677   0.351521   3.475089 )	270.787034 0.002097 0.000724 -0.002097 -0.000724 
592	(   2.846543   8.940312   1.398794   0.351655   3.471916 )	269.019910 -0.000365 -0.000478 0.000365 0.000478 
593	(   2.846574   8.94016    1.399267   0.351651   3.472247 )	269.201520 -0.000000 -0.000001 0.000000 0.000001 
594	(   2.84639    8.940199   1.398977   0.35166    3.472288 )	269.226217 -0.000265 -0.000332 0.000265 0.000332 
595	(   2.846509   8.940155   1.399595   0.351489   3.473531 )	269.914824 -0.000000 0.000000 0.000000 -0.000000 
596	(   2.846526   8.940197   1.399504   0.351519   3.473283 )	269.777393 -0.000001 0.000000 0.000001 -0.000000 
597	(   2.846498   8.940173   1.399564   0.351498   3.47349  )	269.892269 -0.000000 0.000000 0.000000 -0.000000 
598	(   2.846674   8.940162   1.399272   0.351652   3.472227 )	269.189605 0.000186 0.000009 -0.000186 -0.000009 
599	(   2.846575   8.94036    1.399187   0.351638   3.472559 )	269.376845 0.000219 0.000055 -0.000219 -0.000055 
600	(   2.846573   8.9402     1.398767   0.351679   3.471585 )	268.834992 -0.000465 -0.000563 0.000465 0.000563 
601	(   2.846572   8.94022    1.399523   0.351632   3.471247 )	268.648915 -0.001135 0.000356 0.001135 -0.000356 
602	(   2.846577   8.940091   1.398966   0.351601   3.472204 )	269.176637 -0.000394 -0.000613 0.000394 0.000613 
603	(   2.846539   8.940025   1.39961    0.351538   3.472953 )	269.592167 -0.000171 0.000022 0.000171 -0.000022 
604	(   2.846513   8.940425   1.399249   0.351555   3.473225 )	269.747936 0.000171 -0.000021 -0.000171 0.000021 
605	(   2.846559   8.940145   1.399305   0.351657   3.472249 )	269.202521 0.000017 0.000051 -0.000017 -0.000051 
606	(   2.84672    8.939967   1.398781   0.351965   3.46972  )	267.800721 -0.000001 -0.000006 0.000001 0.000006 
607	(   2.846559   8.940174   1.39921    0.351636   3.47245  )	269.314180 0.000065 -0.000106 -0.000065 0.000106 
608	(   2.846526   8.940264   1.399605   0.351549   3.47329  )	269.782418 0.000219 0.000284 -0.000219 -0.000284 
609	(   2.846528   8.940212   1.399491   0.35152    3.473271 )	269.770646 -0.000000 0.000001 0.000000 -0.000001 
610	(   2.846499   8.94017    1.399563   0.351499   3.473479 )	269.886082 0.000000 -0.000000 -0.000000 0.000000 
611	(   2.846624   8.940151   1.399291   0.351647   3.472218 )	269.184710 0.000043 0.000011 -0.000043 -0.000011 
612	(   2.84658    8.94006    1.399176   0.351666   3.472362 )	269.263671 0.000233 -0.000184 -0.000233 0.000184 

BBE ( SOL ) BBO
613	(   2.846561   8.940082   1.399467   0.351646   3.471995 )	269.061399 -0.000312 0.000179 0.000312 -0.000179 
614	(   2.846577   8.940179   1.399219   0.351659   3.471747 )	268.924752 -0.000437 -0.000026 0.000437 0.000026 
615	(   2.846582   8.940208   1.399428   0.351671   3.472399 )	269.286648 0.000310 0.000319 -0.000310 -0.000319 
616	(   2.846491   8.9402     1.399229   0.351552   3.473005 )	269.623404 -0.000113 -0.000280 0.000113 0.000280 
617	(   2.84656    8.94025    1.399629   0.351541   3.473173 )	269.716686 0.000113 0.000281 -0.000113 -0.000281 
618	(   2.846574   8.94017    1.399262   0.35165    3.472255 )	269.205960 -0.000001 -0.000001 0.000001 0.000001 
619	(   2.846577   8.940098   1.399301   0.35164    3.472208 )	269.178963 -0.000108 -0.000046 0.000108 0.000046 
620	(   2.846484   8.940131   1.399434   0.351548   3.473312 )	269.792702 0.000150 -0.000083 -0.000150 0.000083 
621	(   2.846504   8.94022    1.39947    0.351527   3.473267 )	269.768896 -0.000000 -0.000000 0.000000 0.000000 
622	(   2.846567   8.94011    1.399303   0.351651   3.472274 )	269.215825 0.000011 -0.000003 -0.000011 0.000003 
623	(   2.846594   8.940142   1.399274   0.351652   3.472167 )	269.156926 -0.000033 -0.000007 0.000033 0.000007 
624	(   2.84657    8.940143   1.399167   0.351652   3.472173 )	269.160109 -0.000077 -0.000151 0.000077 0.000151 
625	(   2.846573   8.940162   1.399275   0.351661   3.472253 )	269.204898 0.000074 0.000038 -0.000074 -0.000038 
626	(   2.846582   8.940154   1.399227   0.351651   3.472447 )	269.312189 0.000217 -0.000061 -0.000217 0.000061 
627	(   2.846527   8.940182   1.399449   0.351537   3.472889 )	269.558548 -0.000261 -0.000039 0.000261 0.000039 
628	(   2.846524   8.940267   1.399409   0.351555   3.473289 )	269.781579 0.000261 0.000040 -0.000261 -0.000040 
629	(   2.846579   8.940203   1.39923    0.351641   3.472227 )	269.190789 -0.000079 -0.000035 0.000079 0.000035 
630	(   2.846522   8.940232   1.399429   0.351545   3.47307  )	269.659330 -0.000036 0.000004 0.000036 -0.000004 
631	(   2.846559   8.940153   1.399238   0.351654   3.4723   )	269.230699 0.000044 -0.000039 -0.000044 0.000039 
632	(   2.846522   8.940227   1.399448   0.351536   3.473167 )	269.713128 -0.000001 0.000001 0.000001 -0.000001 
633	(   2.846521   8.940201   1.399497   0.351521   3.473278 )	269.774576 0.000000 -0.000000 -0.000000 0.000000 
634	(   2.84658    8.940171   1.399217   0.351653   3.472214 )	269.183259 -0.000007 -0.000053 0.000007 0.000053 
635	(   2.846579   8.94018    1.399301   0.35165    3.47227  )	269.214260 0.000023 0.000062 -0.000023 -0.000062 
636	(   2.846584   8.940146   1.399263   0.351648   3.47229  )	269.225004 0.000044 -0.000028 -0.000044 0.000028 
637	(   2.846577   8.940156   1.399289   0.351656   3.472261 )	269.209283 0.000056 0.000037 -0.000056 -0.000037 
638	(   2.846577   8.940157   1.399284   0.35165    3.472147 )	269.146060 -0.000100 0.000017 0.000100 -0.000017 
639	(   2.846516   8.940227   1.399419   0.351546   3.473089 )	269.670067 -0.000023 -0.000013 0.000023 0.000013 
640	(   2.846536   8.940223   1.39944    0.351547   3.473089 )	269.670016 0.000023 0.000014 -0.000023 -0.000014 
641	(   2.846558   8.940151   1.39925    0.351651   3.472269 )	269.214002 -0.000009 -0.000032 0.000009 0.000032 
642	(   2.846574   8.940155   1.399273   0.351651   3.472263 )	269.210187 0.000015 0.000001 -0.000015 -0.000001 
643	(   2.846521   8.940271   1.399417   0.351551   3.473312 )	269.794533 0.000246 0.000042 -0.000246 -0.000042 
644	(   2.846526   8.940205   1.399441   0.351541   3.472995 )	269.617526 -0.000134 -0.000019 0.000134 0.000019 
645	(   2.846579   8.940159   1.399271   0.351649   3.472211 )	269.181711 -0.000039 -0.000002 0.000039 0.000002 
646	(   2.846574   8.94017    1.399268   0.351651   3.472243 )	269.199324 -0.000007 0.000009 0.000007 -0.000009 
647	(   2.846574   8.94016    1.399247   0.35165    3.472238 )	269.196776 -0.000013 -0.000029 0.000013 0.000029 
648	(   2.846571   8.940159   1.399272   0.351649   3.472273 )	269.216074 0.000006 -0.000002 -0.000006 0.000002 
649	(   2.846578   8.940162   1.399262   0.351651   3.472297 )	269.229207 0.000057 -0.000007 -0.000057 0.000007 
650	(   2.846521   8.940223   1.399418   0.351546   3.47305  )	269.648103 -0.000052 -0.000017 0.000052 0.000017 
651	(   2.846531   8.940226   1.399441   0.351546   3.473129 )	269.691981 0.000052 0.000018 -0.000052 -0.000018 
652	(   2.846575   8.940161   1.399266   0.351652   3.472231 )	269.192381 -0.000007 0.000000 0.000007 -0.000000 

BBE ( SOL ) BBO
653	(   2.846575   8.940162   1.39927    0.351652   3.472253 )	269.204801 0.000016 0.000007 -0.000016 -0.000007 
654	(   2.846517   8.940225   1.399413   0.351545   3.473026 )	269.635045 -0.000087 -0.000023 0.000087 0.000023 
655	(   2.846527   8.940226   1.399434   0.351546   3.473103 )	269.677746 0.000017 0.000008 -0.000017 -0.000008 
656	(   2.846576   8.940162   1.399269   0.351651   3.472241 )	269.198153 -0.000003 0.000003 0.000003 -0.000003 
657	(   2.846574   8.940164   1.399257   0.351651   3.472231 )	269.192944 -0.000018 -0.000011 0.000018 0.000011 
658	(   2.846574   8.940161   1.399268   0.351652   3.472244 )	269.199959 0.000004 0.000004 -0.000004 -0.000004 
659	(   2.846575   8.940155   1.399261   0.351651   3.472241 )	269.198227 -0.000003 -0.000014 0.000003 0.000014 
660	(   2.846575   8.940162   1.399261   0.351651   3.472267 )	269.212610 0.000022 -0.000008 -0.000022 0.000008 
661	(   2.846526   8.94022    1.399435   0.351546   3.473087 )	269.668749 0.000000 0.000004 -0.000000 -0.000004 
662	(   2.846525   8.94023    1.399423   0.351546   3.473091 )	269.671334 0.000000 -0.000003 -0.000000 0.000003 
663	(   2.846572   8.940159   1.399269   0.35165    3.472246 )	269.201119 -0.000012 -0.000003 0.000012 0.000003 
664	(   2.846574   8.940163   1.399258   0.351652   3.472238 )	269.196751 -0.000002 -0.000008 0.000002 0.000008 
665	(   2.846523   8.94022    1.399428   0.351546   3.473103 )	269.677654 0.000009 -0.000006 -0.000009 0.000006 
666	(   2.846529   8.940216   1.399431   0.351547   3.47312  )	269.686880 0.000047 -0.000003 -0.000047 0.000003 
667	(   2.846524   8.940228   1.39943    0.351545   3.473082 )	269.666217 -0.000015 0.000002 0.000015 -0.000002 
668	(   2.846575   8.94016    1.399265   0.351651   3.472241 )	269.197978 -0.000003 -0.000004 0.000003 0.000004 
669	(   2.846574   8.940162   1.399266   0.351651   3.472242 )	269.198841 -0.000005 -0.000001 0.000005 0.000001 
670	(   2.846574   8.94016    1.399272   0.351651   3.472239 )	269.196878 -0.000008 0.000006 0.000008 -0.000006 
671	(   2.846574   8.94016    1.399265   0.35165    3.472239 )	269.196980 -0.000013 -0.000006 0.000013 0.000006 
672	(   2.846575   8.940162   1.399272   0.35165    3.472245 )	269.200473 -0.000004 0.000006 0.000004 -0.000006 
673	(   2.846527   8.940225   1.399424   0.351546   3.473091 )	269.671311 0.000006 -0.000006 -0.000006 0.000006 
674	(   2.846525   8.940225   1.399434   0.351546   3.473087 )	269.668771 -0.000005 0.000007 0.000005 -0.000007 
675	(   2.846575   8.94016    1.399269   0.351651   3.472255 )	269.205795 0.000009 0.000000 -0.000009 -0.000000 
676	(   2.846574   8.940162   1.399265   0.351651   3.472241 )	269.198016 -0.000007 -0.000002 0.000007 0.000002 
677	(   2.846524   8.940228   1.399434   0.351545   3.473103 )	269.677796 0.000006 0.000009 -0.000006 -0.000009 
678	(   2.846528   8.94023    1.39943    0.351546   3.473075 )	269.662429 -0.000009 0.000006 0.000009 -0.000006 
679	(   2.846527   8.940227   1.39943    0.351546   3.473082 )	269.666235 -0.000004 0.000003 0.000004 -0.000003 
680	(   2.846575   8.94016    1.399267   0.351651   3.472245 )	269.200343 -0.000000 -0.000001 0.000000 0.000001 
681	(   2.846576   8.940161   1.399265   0.351651   3.472239 )	269.196814 -0.000001 -0.000003 0.000001 0.000003 
682	(   2.846576   8.94016    1.399267   0.351652   3.47224  )	269.197659 0.000002 0.000001 -0.000002 -0.000001 
683	(   2.846526   8.940226   1.399424   0.351546   3.473086 )	269.668015 -0.000005 -0.000006 0.000005 0.000006 
684	(   2.846525   8.940226   1.399432   0.351546   3.473083 )	269.666438 -0.000009 0.000005 0.000009 -0.000005 
685	(   2.846526   8.940225   1.399426   0.351546   3.473089 )	269.670093 0.000002 -0.000003 -0.000002 0.000003 
686	(   2.846576   8.94016    1.399266   0.351651   3.472247 )	269.201489 0.000003 -0.000002 -0.000003 0.000002 
687	(   2.846575   8.94016    1.399269   0.351651   3.472235 )	269.194801 -0.000009 0.000002 0.000009 -0.000002 
688	(   2.846575   8.940161   1.399262   0.351651   3.47224  )	269.197534 -0.000005 -0.000007 0.000005 0.000007 
689	(   2.846575   8.940161   1.399267   0.351651   3.472243 )	269.199152 -0.000006 -0.000002 0.000006 0.000002 
690	(   2.846575   8.940161   1.399269   0.351651   3.472248 )	269.201958 0.000004 0.000003 -0.000004 -0.000003 
691	(   2.846527   8.940225   1.39943    0.351546   3.473086 )	269.668505 0.000000 0.000001 -0.000000 -0.000001 
692	(   2.846525   8.940225   1.399429   0.351546   3.473092 )	269.671578 0.000000 -0.000000 -0.000000 0.000000 

BBE ( SOL ) BBO
693	(   2.846574   8.94016    1.399266   0.351651   3.472243 )	269.199574 -0.000001 -0.000002 0.000001 0.000002 
694	(   2.846527   8.940225   1.399427   0.351546   3.473085 )	269.667493 -0.000001 -0.000002 0.000001 0.000002 
695	(   2.846575   8.940161   1.399269   0.351651   3.472245 )	269.200252 -0.000001 0.000003 0.000001 -0.000003 
696	(   2.846525   8.940223   1.399427   0.351546   3.473094 )	269.672849 0.000005 -0.000005 -0.000005 0.000005 
697	(   2.846527   8.940226   1.399429   0.351546   3.473085 )	269.667889 -0.000002 0.000001 0.000002 -0.000001 
698	(   2.846575   8.940161   1.399267   0.351651   3.472244 )	269.199766 -0.000001 -0.000001 0.000001 0.000001 
699	(   2.846575   8.94016    1.399269   0.351651   3.472247 )	269.201492 0.000001 0.000001 -0.000001 -0.000001 
700	(   2.846574   8.940161   1.399266   0.351651   3.472246 )	269.201076 -0.000001 -0.000003 0.000001 0.000003 
701	(   2.846574   8.94016    1.399266   0.351651   3.472248 )	269.201812 0.000003 -0.000001 -0.000003 0.000001 
702	(   2.846575   8.940161   1.399266   0.351651   3.47225  )	269.203112 0.000005 -0.000002 -0.000005 0.000002 
703	(   2.846526   8.940225   1.399428   0.351546   3.473087 )	269.668850 -0.000000 -0.000001 0.000000 0.000001 
704	(   2.846525   8.940225   1.399431   0.351546   3.473091 )	269.671233 0.000001 0.000002 -0.000001 -0.000002 
705	(   2.846575   8.94016    1.399268   0.351651   3.472242 )	269.198792 -0.000002 0.000000 0.000002 -0.000000 
706	(   2.846575   8.94016    1.399268   0.351651   3.472245 )	269.200505 0.000001 -0.000000 -0.000001 0.000000 
707	(   2.846527   8.940226   1.399427   0.351546   3.473085 )	269.667512 -0.000001 -0.000002 0.000001 0.000002 
708	(   2.846527   8.940226   1.399425   0.351546   3.473081 )	269.665651 -0.000002 -0.000004 0.000002 0.000004 
709	(   2.846575   8.94016    1.399268   0.351651   3.472244 )	269.199857 -0.000001 -0.000000 0.000001 0.000000 
710	(   2.846575   8.94016    1.399271   0.351651   3.472241 )	269.198397 -0.000001 0.000004 0.000001 -0.000004 
711	(   2.846527   8.940225   1.399427   0.351546   3.473086 )	269.668500 0.000000 -0.000002 -0.000000 0.000002 
712	(   2.846576   8.940161   1.399267   0.351651   3.472237 )	269.195879 -0.000005 -0.000001 0.000005 0.000001 
713	(   2.846525   8.940225   1.39943    0.351546   3.473092 )	269.671496 0.000002 0.000001 -0.000002 -0.000001 
714	(   2.846527   8.940225   1.399428   0.351546   3.473086 )	269.668494 -0.000001 -0.000001 0.000001 0.000001 
715	(   2.846575   8.94016    1.399267   0.351651   3.472243 )	269.199541 -0.000001 -0.000001 0.000001 0.000001 
716	(   2.846575   8.940161   1.399267   0.351651   3.472243 )	269.199382 -0.000002 -0.000001 0.000002 0.000001 
717	(   2.846575   8.94016    1.399268   0.351651   3.472241 )	269.198395 -0.000005 -0.000000 0.000005 0.000000 
718	(   2.846575   8.94016    1.399266   0.351651   3.472242 )	269.198497 -0.000003 -0.000003 0.000003 0.000003 
719	(   2.846575   8.94016    1.399267   0.351651   3.472249 )	269.202626 0.000003 -0.000002 -0.000003 0.000002 
720	(   2.846526   8.940225   1.399427   0.351546   3.473088 )	269.669191 -0.000001 -0.000002 0.000001 0.000002 
721	(   2.846526   8.940225   1.399431   0.351546   3.473091 )	269.670891 0.000002 0.000003 -0.000002 -0.000003 
722	(   2.846575   8.94016    1.399269   0.351651   3.472244 )	269.199747 -0.000001 0.000001 0.000001 -0.000001 
723	(   2.846575   8.94016    1.399269   0.351651   3.472246 )	269.200951 0.000002 0.000001 -0.000002 -0.000001 
724	(   2.846526   8.940225   1.399431   0.351546   3.473087 )	269.668850 0.000000 0.000003 -0.000000 -0.000003 
725	(   2.846525   8.940225   1.39943    0.351546   3.47309  )	269.670487 -0.000000 0.000002 0.000000 -0.000002 
726	(   2.846526   8.940225   1.399428   0.351546   3.473087 )	269.668997 0.000000 -0.000001 -0.000000 0.000001 
727	(   2.846575   8.94016    1.399267   0.351651   3.472243 )	269.199302 -0.000001 -0.000001 0.000001 0.000001 
728	(   2.846575   8.94016    1.399268   0.351651   3.472244 )	269.200045 -0.000000 0.000000 0.000000 -0.000000 
729	(   2.846575   8.94016    1.399269   0.351651   3.472245 )	269.200609 0.000001 0.000001 -0.000001 -0.000001 
730	(   2.846576   8.94016    1.399269   0.351651   3.472239 )	269.197152 -0.000003 0.000001 0.000003 -0.000001 
731	(   2.846576   8.940161   1.399266   0.351651   3.47224  )	269.197412 -0.000003 -0.000002 0.000003 0.000002 
732	(   2.846575   8.94016    1.399268   0.351651   3.472243 )	269.199388 -0.000000 0.000000 0.000000 -0.000000 

BBE ( SOL ) BBO
733	(   2.846576   8.94016    1.399268   0.351651   3.472241 )	269.198323 -0.000000 0.000001 0.000000 -0.000001 
734	(   2.846576   8.940161   1.399267   0.351651   3.47224  )	269.197419 0.000000 0.000000 -0.000000 -0.000000 
735	(   2.846577   8.94016    1.399269   0.351652   3.472236 )	269.195126 0.000000 0.000003 -0.000000 -0.000003 
736	(   2.84658    8.940163   1.399264   0.351652   3.472229 )	269.191510 0.000002 0.000001 -0.000002 -0.000001 
737	(   2.846577   8.940161   1.399266   0.351652   3.472233 )	269.193925 0.000000 0.000001 -0.000000 -0.000001 
738	(   2.846582   8.940162   1.399261   0.351654   3.47221  )	269.180733 0.000001 0.000001 -0.000001 -0.000001 
739	(   2.84658    8.940157   1.399266   0.351652   3.472227 )	269.190256 -0.000001 -0.000003 0.000001 0.000003 
740	(   2.84658    8.940155   1.399265   0.351652   3.472226 )	269.189906 -0.000001 -0.000006 0.000001 0.000006 
741	(   2.846577   8.940161   1.399267   0.351652   3.472237 )	269.195783 0.000001 0.000001 -0.000001 -0.000001 
742	(   2.846575   8.94016    1.399267   0.351651   3.472242 )	269.198838 -0.000000 0.000000 0.000000 -0.000000 
743	(   2.846575   8.940158   1.399247   0.35165    3.472228 )	269.191048 -0.000021 -0.000032 0.000021 0.000032 
744	(   2.846579   8.940166   1.399259   0.351651   3.472235 )	269.195109 -0.000002 -0.000006 0.000002 0.000006 
745	(   2.846581   8.940158   1.399251   0.351652   3.472231 )	269.192368 0.000007 -0.000021 -0.000007 0.000021 
746	(   2.846581   8.940158   1.399283   0.351651   3.472231 )	269.192395 -0.000004 0.000017 0.000004 -0.000017 
747	(   2.846576   8.940161   1.399269   0.351652   3.47219  )	269.169726 -0.000050 0.000004 0.000050 -0.000004 
748	(   2.846579   8.940156   1.399248   0.351653   3.472232 )	269.193039 0.000008 -0.000026 -0.000008 0.000026 
749	(   2.846576   8.940166   1.399284   0.351651   3.472235 )	269.194811 -0.000008 0.000028 0.000008 -0.000028 
750	(   2.846571   8.94016    1.399283   0.351652   3.472272 )	269.215528 0.000025 0.000023 -0.000025 -0.000023 
751	(   2.846576   8.940158   1.399266   0.351652   3.472236 )	269.195128 0.000001 -0.000001 -0.000001 0.000001 
752	(   2.846577   8.940159   1.399268   0.351652   3.472237 )	269.195783 0.000001 0.000000 -0.000001 -0.000000 
753	(   2.846575   8.940162   1.399267   0.351651   3.472244 )	269.200063 -0.000001 0.000000 0.000001 -0.000000 
754	(   2.846576   8.94016    1.399268   0.351652   3.472239 )	269.196853 0.000001 0.000000 -0.000001 -0.000000 
755	(   2.846576   8.940161   1.399258   0.351651   3.47222  )	269.186333 -0.000019 -0.000012 0.000019 0.000012 
756	(   2.846576   8.940162   1.399277   0.351652   3.472224 )	269.188606 -0.000014 0.000015 0.000014 -0.000015 
757	(   2.846577   8.940161   1.399271   0.351651   3.472232 )	269.193129 -0.000005 0.000006 0.000005 -0.000006 
758	(   2.846578   8.940161   1.399267   0.351651   3.472239 )	269.197019 0.000004 0.000001 -0.000004 -0.000001 
759	(   2.846576   8.940159   1.399268   0.351651   3.472234 )	269.194380 -0.000005 0.000000 0.000005 -0.000000 
760	(   2.846576   8.940161   1.399268   0.351651   3.472233 )	269.193983 -0.000009 0.000001 0.000009 -0.000001 
761	(   2.846578   8.940161   1.399262   0.351652   3.472235 )	269.194722 0.000005 -0.000004 -0.000005 0.000004 
762	(   2.846576   8.940161   1.399267   0.351651   3.47224  )	269.197765 0.000001 0.000000 -0.000001 -0.000000 
763	(   2.846578   8.940159   1.399267   0.351652   3.472233 )	269.193819 -0.000000 -0.000001 0.000000 0.000001 
764	(   2.846584   8.940153   1.399266   0.351652   3.472214 )	269.183020 -0.000003 -0.000006 0.000003 0.000006 
765	(   2.846577   8.940159   1.399268   0.351652   3.472235 )	269.195026 -0.000000 0.000000 0.000000 -0.000000 
766	(   2.846578   8.940153   1.39927    0.351653   3.472223 )	269.187849 -0.000002 0.000000 0.000002 -0.000000 
767	(   2.846579   8.940153   1.399269   0.351653   3.472221 )	269.186941 -0.000000 0.000000 0.000000 -0.000000 
768	(   2.846583   8.940137   1.399276   0.351657   3.472184 )	269.166308 -0.000001 0.000006 0.000001 -0.000006 
769	(   2.846574   8.940169   1.399256   0.351654   3.472225 )	269.189567 0.000000 0.000000 -0.000000 -0.000000 
770	(   2.846594   8.940168   1.399265   0.35165    3.472217 )	269.184611 -0.000000 -0.000000 0.000000 0.000000 
771	(   2.846638   8.940212   1.399253   0.351639   3.472204 )	269.177621 -0.000001 -0.000002 0.000001 0.000002 
772	(   2.846571   8.940178   1.399244   0.351657   3.47221  )	269.181190 -0.000001 0.000001 0.000001 -0.000001 

BBE ( SOL ) BBO
773	(   2.846583   8.940138   1.399302   0.351644   3.47228  )	269.219482 -0.000002 0.000003 0.000002 -0.000003 
774	(   2.846585   8.940164   1.399262   0.351653   3.472213 )	269.182587 -0.000000 0.000000 0.000000 -0.000000 
775	(   2.84659    8.940165   1.39926    0.351653   3.472198 )	269.174462 0.000000 0.000000 -0.000000 -0.000000 
776	(   2.846604   8.94017    1.399252   0.351656   3.472154 )	269.150089 0.000000 0.000000 -0.000000 -0.000000 
777	(   2.846647   8.940184   1.399228   0.351662   3.472023 )	269.076981 0.000001 0.000000 -0.000001 -0.000000 
778	(   2.846776   8.940227   1.399158   0.351682   3.471628 )	268.857772 0.000005 0.000000 -0.000005 -0.000000 
779	(   2.846647   8.940184   1.399228   0.351662   3.472022 )	269.076748 0.000001 0.000000 -0.000001 -0.000000 
780	(   2.846776   8.940227   1.399158   0.351682   3.471626 )	268.856845 0.000003 0.000000 -0.000003 -0.000000 
781	(   2.84636    8.940375   1.399184   0.351613   3.472941 )	269.591016 -0.000000 -0.000000 0.000000 0.000000 
782	(   2.845989   8.940089   1.399339   0.351641   3.473486 )	269.893376 -0.000000 -0.000000 0.000000 0.000000 
783	(   2.846607   8.940159   1.399267   0.351652   3.472176 )	269.162144 0.000000 0.000000 -0.000000 -0.000000 
784	(   2.846467   8.940217   1.399463   0.351634   3.470154 )	268.046213 -0.002426 0.000275 0.002426 -0.000275 
785	(   2.847104   8.940137   1.399105   0.351671   3.471215 )	268.625571 0.000169 -0.000191 -0.000169 0.000191 
786	(   2.846499   8.93997    1.399283   0.351652   3.471861 )	268.986294 -0.000526 -0.000166 0.000526 0.000166 
787	(   2.846509   8.940176   1.39928    0.351756   3.47189  )	269.004662 0.000257 0.000314 -0.000257 -0.000314 
788	(   2.846482   8.940029   1.399728   0.351648   3.473417 )	269.850428 0.000964 0.000485 -0.000964 -0.000485 
789	(   2.846812   8.940339   1.398728   0.351676   3.470627 )	268.305250 -0.000961 -0.000484 0.000961 0.000484 
790	(   2.846401   8.940183   1.398752   0.35165    3.471591 )	268.839842 -0.001011 -0.000680 0.001011 0.000680 
791	(   2.84676    8.94036    1.399199   0.351598   3.472791 )	269.504251 0.000542 -0.000035 -0.000542 0.000035 
792	(   2.846366   8.940131   1.399334   0.351628   3.472823 )	269.522629 -0.000001 -0.000001 0.000001 0.000001 
793	(   2.846605   8.940016   1.399163   0.351756   3.471441 )	268.753282 0.000001 -0.000005 -0.000001 0.000005 
794	(   2.846612   8.940177   1.399253   0.351652   3.472162 )	269.154540 0.000000 -0.000000 -0.000000 0.000000 
795	(   2.846581   8.940179   1.399339   0.351606   3.472029 )	269.081274 -0.000526 -0.000007 0.000526 0.000007 
796	(   2.846588   8.94007    1.399258   0.351652   3.472146 )	269.144587 -0.000065 -0.000101 0.000065 0.000101 
797	(   2.846404   8.940177   1.399323   0.35167    3.472052 )	269.095415 -0.000399 0.000143 0.000399 -0.000143 
798	(   2.846696   8.940166   1.399452   0.351674   3.472201 )	269.175448 0.000364 0.000318 -0.000364 -0.000318 
799	(   2.846591   8.940229   1.399155   0.351707   3.471022 )	268.524355 -0.000794 0.000067 0.000794 -0.000067 
800	(   2.846703   8.940139   1.399301   0.351617   3.473022 )	269.630262 0.000796 -0.000067 -0.000796 0.000067 
801	(   2.846581   8.940171   1.39926    0.351651   3.473154 )	269.704890 0.000921 -0.000000 -0.000921 0.000000 
802	(   2.846606   8.940197   1.399232   0.351655   3.472145 )	269.145401 -0.000008 -0.000001 0.000008 0.000001 
803	(   2.846569   8.940149   1.399312   0.351633   3.472385 )	269.278159 -0.000001 0.000000 0.000001 -0.000000 
804	(   2.846765   8.940221   1.399249   0.351638   3.471953 )	269.037616 -0.000003 0.000001 0.000003 -0.000001 
805	(   2.846605   8.940166   1.399253   0.351657   3.472145 )	269.144919 0.000001 0.000000 -0.000001 -0.000000 
806	(   2.846597   8.940167   1.399262   0.351651   3.472199 )	269.174687 -0.000000 0.000000 0.000000 -0.000000 
807	(   2.846631   8.940165   1.399324   0.351651   3.471654 )	268.872997 -0.000480 0.000080 0.000480 -0.000080 
808	(   2.846511   8.940166   1.399152   0.351651   3.4717   )	268.899058 -0.000671 -0.000151 0.000671 0.000151 
809	(   2.846584   8.940169   1.399266   0.351676   3.472056 )	269.095838 0.000004 0.000072 -0.000004 -0.000072 
810	(   2.846597   8.94022    1.399257   0.351655   3.472121 )	269.132096 -0.000049 0.000056 0.000049 -0.000056 
811	(   2.846504   8.940166   1.399323   0.351651   3.472308 )	269.236164 -0.000080 0.000079 0.000080 -0.000079 
812	(   2.84661    8.940134   1.399153   0.351673   3.471687 )	268.890706 -0.000335 -0.000124 0.000335 0.000124 

BBE ( SOL ) BBO
813	(   2.846685   8.940234   1.399304   0.351652   3.472358 )	269.262917 0.000338 0.000124 -0.000338 -0.000124 
814	(   2.846613   8.94017    1.399252   0.351652   3.472198 )	269.173972 0.000039 -0.000009 -0.000039 0.000009 
815	(   2.846593   8.940152   1.399243   0.351667   3.472097 )	269.118109 0.000000 0.000000 -0.000000 -0.000000 
816	(   2.84656    8.940097   1.399217   0.3517     3.471925 )	269.022193 0.000001 0.000001 -0.000001 -0.000001 
817	(   2.846592   8.940061   1.39929    0.351677   3.472025 )	269.077108 -0.000001 0.000001 0.000001 -0.000001 
818	(   2.846637   8.940134   1.399247   0.351671   3.471975 )	269.049726 -0.000001 0.000000 0.000001 -0.000000 
819	(   2.846607   8.939985   1.399302   0.351699   3.471831 )	268.968673 -0.000008 0.000000 0.000008 -0.000000 
820	(   2.846704   8.940012   1.399171   0.351755   3.471247 )	268.644847 0.000000 0.000001 -0.000000 -0.000001 
821	(   2.84656    8.940097   1.399217   0.3517     3.471925 )	269.022411 0.000001 0.000001 -0.000001 -0.000001 
822	(   2.847035   8.939591   1.398955   0.352021   3.468697 )	267.229908 -0.000000 0.000002 0.000000 -0.000002 
823	(   2.846781   8.94004    1.399437   0.351611   3.47212  )	269.128115 0.000000 0.000000 -0.000000 -0.000000 
824	(   2.847031   8.939673   1.399576   0.351676   3.471152 )	268.585829 -0.000000 -0.000001 0.000000 0.000001 
825	(   2.84656    8.940097   1.399217   0.3517     3.471925 )	269.022411 0.000001 0.000001 -0.000001 -0.000001 
826	(   2.848012   8.938657   1.400792   0.35144    3.470867 )	268.408843 -0.000004 -0.000006 0.000004 0.000006 
827	(   2.846417   8.939199   1.399874   0.351702   3.472197 )	269.163873 0.000000 -0.000000 -0.000000 0.000000 
828	(   2.847073   8.939835   1.399677   0.351566   3.471852 )	268.974971 0.000000 -0.000000 -0.000000 0.000000 
829	(   2.848513   8.938884   1.400979   0.351263   3.471117 )	268.545975 -0.000005 -0.000003 0.000005 0.000003 
830	(   2.846341   8.940209   1.398498   0.352021   3.470088 )	268.009328 -0.000001 0.000001 0.000001 -0.000001 
831	(   2.847078   8.940048   1.399609   0.351521   3.472161 )	269.148643 0.000000 -0.000000 -0.000000 0.000000 
832	(   2.847039   8.939921   1.399634   0.351556   3.471991 )	269.053424 0.000000 0.000000 -0.000000 -0.000000 
833	(   2.84821    8.939034   1.399802   0.351495   3.469152 )	267.464844 -0.000927 -0.000822 0.000927 0.000822 
834	(   2.845548   8.940673   1.399789   0.351506   3.469272 )	267.573489 -0.006057 0.000828 0.006057 -0.000828 
835	(   2.846433   8.939431   1.399662   0.352176   3.470394 )	268.168704 0.001596 0.001224 -0.001596 -0.001224 
836	(   2.846865   8.939606   1.397576   0.351657   3.470941 )	268.468211 -0.000679 -0.002826 0.000679 0.002826 
837	(   2.847299   8.94075    1.399588   0.351177   3.469852 )	267.879421 -0.004312 -0.000255 0.004312 0.000255 
838	(   2.845031   8.938863   1.399863   0.351447   3.471372 )	268.715092 -0.005413 -0.001042 0.005413 0.001042 
839	(   2.846847   8.93892    1.399766   0.351955   3.473852 )	270.075002 0.004311 0.000256 -0.004311 -0.000256 
840	(   2.8471     8.939684   1.399594   0.351658   3.471246 )	268.637384 0.000102 -0.000015 -0.000102 0.000015 
841	(   2.846589   8.94067    1.398371   0.351912   3.470359 )	268.162419 -0.000001 -0.000000 0.000001 0.000000 
842	(   2.845263   8.943663   1.394756   0.352621   3.46798  )	266.896448 -0.000008 0.000003 0.000008 -0.000003 
843	(   2.846937   8.939788   1.399055   0.351896   3.46978  )	267.829910 -0.000001 -0.000000 0.000001 0.000000 
844	(   2.847981   8.937141   1.401107   0.351846   3.468043 )	266.834392 -0.000000 0.000007 0.000000 -0.000007 
845	(   2.847043   8.940039   1.399741   0.351458   3.472676 )	269.434605 0.000000 0.000000 -0.000000 -0.000000 
846	(   2.847485   8.938805   1.399891   0.35184    3.469082 )	267.429313 0.000000 -0.000000 -0.000000 0.000000 
847	(   2.847937   8.937141   1.401155   0.351846   3.46808  )	266.855198 -0.000052 0.000072 0.000052 -0.000072 
848	(   2.849085   8.935856   1.402391   0.351671   3.466982 )	266.228232 -0.000095 -0.000004 0.000095 0.000004 
849	(   2.848537   8.940014   1.399855   0.351394   3.47018  )	268.040903 0.000035 -0.000044 -0.000035 0.000044 
850	(   2.848285   8.939123   1.401391   0.350963   3.473682 )	269.973102 -0.000036 -0.000018 0.000036 0.000018 
851	(   2.846885   8.939452   1.399591   0.351775   3.470682 )	268.324499 -0.000064 0.000064 0.000064 -0.000064 
852	(   2.847085   8.939899   1.399591   0.351585   3.471782 )	268.936745 0.000086 -0.000002 -0.000086 0.000002 

BBE ( SOL ) BBO
853	(   2.846185   8.933826   1.391491   0.352219   3.459082 )	261.922187 -0.009908 -0.015287 0.009908 0.015287 
854	(   2.856285   8.941204   1.403991   0.351658   3.459082 )	261.937003 0.006362 0.007495 -0.006362 -0.007495 
855	(   2.849937   8.942392   1.401055   0.352354   3.45978  )	262.379094 -0.000720 0.006565 0.000720 -0.006565 
856	(   2.838785   8.943805   1.395891   0.352021   3.464282 )	264.930928 -0.020926 0.000073 0.020926 -0.000073 
857	(   2.840985   8.937037   1.409891   0.351974   3.465482 )	265.496045 -0.015660 0.012335 0.015660 -0.012335 
858	(   2.845185   8.938162   1.398791   0.35084    3.467782 )	266.726396 -0.013001 -0.004826 0.013001 0.004826 
859	(   2.843937   8.937184   1.397055   0.351438   3.47978  )	273.392378 0.000744 -0.006539 -0.000744 0.006539 
860	(   2.850385   8.941075   1.399791   0.35267    3.477082 )	271.871934 0.019726 0.004379 -0.019726 -0.004379 
861	(   2.849129   8.935856   1.402399   0.351671   3.466987 )	266.230819 0.000002 0.000008 -0.000002 -0.000008 
862	(   2.846937   8.939921   1.400173   0.351285   3.474121 )	270.237196 -0.000000 0.000000 0.000000 -0.000000 
863	(   2.847989   8.939515   1.40019    0.351427   3.471009 )	268.497628 -0.000000 -0.000000 0.000000 0.000000 
864	(   2.847691   8.939251   1.400017   0.351611   3.470293 )	268.100982 -0.000000 -0.000000 0.000000 0.000000 
865	(   2.847679   8.936805   1.399373   0.351884   3.467415 )	266.486556 -0.000961 -0.002583 0.000961 0.002583 
866	(   2.848975   8.939782   1.395917   0.352182   3.464082 )	264.685983 0.000422 -0.003485 -0.000422 0.003485 
867	(   2.847838   8.939037   1.404891   0.351921   3.46605  )	265.768805 -0.001747 0.007282 0.001747 -0.007282 
868	(   2.847775   8.938995   1.399118   0.35134    3.466595 )	266.063218 -0.005460 -0.002207 0.005460 0.002207 
869	(   2.842485   8.93888    1.399587   0.351866   3.468104 )	266.934499 -0.010802 -0.000267 0.010802 0.000267 
870	(   2.849385   8.938021   1.404055   0.352085   3.469837 )	267.822853 0.006311 0.005569 -0.006311 -0.005569 
871	(   2.844489   8.941555   1.394055   0.351707   3.469723 )	267.837068 -0.006303 -0.005482 0.006303 0.005482 
872	(   2.846793   8.940412   1.400099   0.352065   3.474438 )	270.419865 0.005567 0.002498 -0.005567 -0.002498 
873	(   2.846529   8.941039   1.398341   0.351791   3.471346 )	268.712919 0.000000 0.000000 -0.000000 -0.000000 
874	(   2.846597   8.940586   1.398581   0.351838   3.470872 )	268.444946 -0.000000 -0.000000 0.000000 0.000000 
875	(   2.847443   8.939844   1.399131   0.351837   3.469189 )	267.500612 0.000001 -0.000001 -0.000001 0.000001 
876	(   2.847166   8.939837   1.39954    0.351634   3.471186 )	268.605636 0.000000 -0.000001 -0.000000 0.000001 
877	(   2.84823    8.939448   1.400297   0.351865   3.467082 )	266.332167 -0.000325 0.001263 0.000325 -0.001263 
878	(   2.847996   8.937805   1.39843    0.351857   3.467711 )	266.657797 -0.000222 -0.002935 0.000222 0.002935 
879	(   2.84514    8.940034   1.39958    0.352096   3.468138 )	266.944531 -0.003822 0.001498 0.003822 -0.001498 
880	(   2.845485   8.939003   1.399237   0.351847   3.468468 )	267.110325 -0.004564 -0.000669 0.004564 0.000669 
881	(   2.847556   8.938866   1.399688   0.35164    3.468892 )	267.324917 -0.001469 -0.000755 0.001469 0.000755 
882	(   2.848184   8.939409   1.397891   0.351864   3.469744 )	267.793852 0.002232 -0.002043 -0.002232 0.002043 
883	(   2.848734   8.939542   1.39853    0.351696   3.471422 )	268.718314 0.003820 -0.001496 -0.003820 0.001496 
884	(   2.847474   8.938791   1.399955   0.35186    3.469137 )	267.459708 0.000176 0.000127 -0.000176 -0.000127 
885	(   2.846935   8.939726   1.399089   0.351902   3.469741 )	267.807690 0.000002 0.000001 -0.000002 -0.000001 
886	(   2.845486   8.937807   1.401192   0.351846   3.469887 )	267.878793 -0.003151 0.000790 0.003151 -0.000790 
887	(   2.847933   8.939305   1.399401   0.351808   3.468922 )	267.343164 0.000515 -0.000250 -0.000515 0.000250 
888	(   2.848136   8.938623   1.399178   0.35194    3.46885  )	267.293181 0.001784 -0.000881 -0.001784 0.000881 
889	(   2.847237   8.938875   1.400163   0.351857   3.468082 )	266.882430 -0.001373 0.000486 0.001373 -0.000486 
890	(   2.848485   8.938525   1.400225   0.35177    3.468725 )	267.221269 0.001149 -0.000016 -0.001149 0.000016 
891	(   2.846969   8.938549   1.398891   0.351776   3.468756 )	267.250414 -0.001814 -0.001785 0.001814 0.001785 
892	(   2.847098   8.940288   1.399362   0.351965   3.470017 )	267.965512 0.001047 0.001102 -0.001047 -0.001102 

BBE ( SOL ) BBO
893	(   2.846776   8.939288   1.398748   0.351827   3.469543 )	267.694371 -0.001048 -0.001102 0.001048 0.001102 
894	(   2.847474   8.938805   1.399905   0.35184    3.469116 )	267.448188 0.000013 0.000019 -0.000013 -0.000019 
895	(   2.847981   8.937141   1.401107   0.351846   3.468043 )	266.834652 0.000000 0.000007 -0.000000 -0.000007 
896	(   2.84788    8.938821   1.400208   0.35186    3.469115 )	267.444809 0.000967 0.000500 -0.000967 -0.000500 
897	(   2.847443   8.939947   1.399103   0.351837   3.469189 )	267.501841 0.000001 0.000064 -0.000001 -0.000064 
898	(   2.847572   8.939146   1.399948   0.351685   3.470006 )	267.942273 0.000000 -0.000000 -0.000000 0.000000 
899	(   2.84753    8.938676   1.399884   0.351847   3.468582 )	267.152178 -0.000358 -0.000121 0.000358 0.000121 
900	(   2.847567   8.939005   1.399878   0.351852   3.468784 )	267.267021 -0.000043 0.000216 0.000043 -0.000216 
901	(   2.847495   8.938829   1.39989    0.35179    3.468974 )	267.370007 -0.000443 -0.000113 0.000443 0.000113 
902	(   2.847484   8.938803   1.399391   0.35184    3.469093 )	267.434910 0.000008 -0.000682 -0.000008 0.000682 
903	(   2.847985   8.93879    1.399892   0.351839   3.469151 )	267.463113 0.001065 -0.000017 -0.001065 0.000017 
904	(   2.847331   8.939691   1.39925    0.351859   3.46928  )	267.550033 0.000030 0.000068 -0.000030 -0.000068 
905	(   2.846542   8.939885   1.39886    0.351932   3.47028  )	268.110067 -0.000031 -0.000069 0.000031 0.000069 
906	(   2.847475   8.938802   1.399897   0.351845   3.469101 )	267.439918 0.000039 0.000019 -0.000039 -0.000019 
907	(   2.847214   8.939857   1.398913   0.351852   3.469478 )	267.661772 -0.000056 -0.000242 0.000056 0.000242 
908	(   2.847573   8.93881    1.399883   0.35184    3.46902  )	267.394432 0.000116 -0.000007 -0.000116 0.000007 
909	(   2.847183   8.939194   1.39981    0.351754   3.470175 )	268.039151 -0.000120 0.000047 0.000120 -0.000047 
910	(   2.847476   8.938906   1.399864   0.351818   3.469309 )	267.555472 0.000057 0.000007 -0.000057 -0.000007 
911	(   2.848107   8.938333   1.400211   0.351837   3.467964 )	266.803492 0.000108 -0.000046 -0.000108 0.000046 
912	(   2.84719    8.939173   1.399746   0.35179    3.470002 )	267.943473 -0.000021 0.000037 0.000021 -0.000037 
913	(   2.847402   8.938986   1.39989    0.351782   3.469614 )	267.725601 -0.000044 0.000023 0.000044 -0.000023 
914	(   2.847421   8.938966   1.399884   0.351791   3.469538 )	267.683059 -0.000019 0.000019 0.000019 -0.000019 
915	(   2.847382   8.939156   1.399853   0.351733   3.469997 )	267.938645 -0.000049 0.000011 0.000049 -0.000011 
916	(   2.847451   8.93889    1.399886   0.351817   3.469325 )	267.564516 0.000017 0.000017 -0.000017 -0.000017 
917	(   2.847455   8.938803   1.399855   0.35182    3.469002 )	267.385438 -0.000282 -0.000106 0.000282 0.000106 
918	(   2.847489   8.938905   1.39989    0.351839   3.46908  )	267.429583 0.000004 0.000098 -0.000004 -0.000098 
919	(   2.847451   8.938805   1.399691   0.351843   3.469096 )	267.437305 -0.000028 -0.000262 0.000028 0.000262 
920	(   2.847399   8.938806   1.399908   0.351849   3.468882 )	267.319959 -0.000308 0.000047 0.000308 -0.000047 
921	(   2.847685   8.938803   1.399853   0.351841   3.468998 )	267.381337 0.000325 -0.000051 -0.000325 0.000051 
922	(   2.847002   8.939813   1.399076   0.351916   3.469803 )	267.842093 0.000294 0.000107 -0.000294 -0.000107 
923	(   2.846872   8.939763   1.399034   0.351876   3.469758 )	267.817728 -0.000295 -0.000108 0.000295 0.000108 
924	(   2.847451   8.938737   1.399997   0.351833   3.469235 )	267.513319 0.000039 0.000058 -0.000039 -0.000058 
925	(   2.847499   8.938825   1.399877   0.351838   3.468995 )	267.381837 -0.000068 -0.000005 0.000068 0.000005 
926	(   2.84752    8.938721   1.399895   0.351871   3.46885  )	267.300524 0.000064 0.000007 -0.000064 -0.000007 
927	(   2.847432   8.93892    1.399891   0.351804   3.469423 )	267.619271 -0.000017 0.000019 0.000017 -0.000019 
928	(   2.847503   8.938855   1.399923   0.351841   3.469076 )	267.426565 0.000041 0.000096 -0.000041 -0.000096 
929	(   2.84747    8.938808   1.399867   0.351839   3.468982 )	267.374397 -0.000135 -0.000033 0.000135 0.000033 
930	(   2.84756    8.938817   1.399791   0.351836   3.4691   )	267.438909 0.000142 -0.000135 -0.000142 0.000135 
931	(   2.847585   8.938785   1.399925   0.351846   3.469051 )	267.411129 0.000218 0.000043 -0.000218 -0.000043 
932	(   2.847447   8.938812   1.399829   0.35185    3.469093 )	267.436017 0.000008 -0.000051 -0.000008 0.000051 

BBE ( SOL ) BBO
933	(   2.846946   8.939808   1.398955   0.3519     3.469743 )	267.809751 0.000012 -0.000104 -0.000012 0.000104 
934	(   2.846927   8.939768   1.399155   0.351892   3.469817 )	267.850070 -0.000013 0.000104 0.000013 -0.000104 
935	(   2.847477   8.9388     1.399894   0.351839   3.469088 )	267.432782 -0.000010 -0.000002 0.000010 0.000002 
936	(   2.847001   8.939752   1.399055   0.351887   3.469767 )	267.821628 0.000052 -0.000060 -0.000052 0.000060 
937	(   2.847451   8.938825   1.399868   0.351841   3.469058 )	267.416651 -0.000079 -0.000007 0.000079 0.000007 
938	(   2.847453   8.938886   1.39989    0.351811   3.469313 )	267.557700 -0.000037 0.000002 0.000037 -0.000002 
939	(   2.847458   8.938865   1.399892   0.351819   3.46926  )	267.528250 -0.000018 0.000006 0.000018 -0.000006 
940	(   2.847506   8.938746   1.399896   0.351858   3.468925 )	267.342007 0.000018 -0.000003 -0.000018 0.000003 
941	(   2.847509   8.938718   1.399906   0.351861   3.468863 )	267.307747 -0.000015 -0.000009 0.000015 0.000009 
942	(   2.847537   8.938632   1.399916   0.351884   3.468633 )	267.179451 -0.000031 -0.000021 0.000031 0.000021 
943	(   2.8475     8.938768   1.399886   0.351847   3.468971 )	267.367836 -0.000024 -0.000023 0.000024 0.000023 
944	(   2.84748    8.938796   1.3999     0.351842   3.46908  )	267.428097 0.000004 0.000009 -0.000004 -0.000009 
945	(   2.847525   8.938681   1.399903   0.351877   3.468756 )	267.247789 0.000017 -0.000008 -0.000017 0.000008 
946	(   2.847508   8.938727   1.3999     0.351862   3.468882 )	267.317878 0.000008 -0.000005 -0.000008 0.000005 
947	(   2.847477   8.938792   1.399901   0.35184    3.469073 )	267.424314 -0.000023 -0.000000 0.000023 0.000000 
948	(   2.847499   8.938758   1.399897   0.351854   3.468962 )	267.362581 0.000008 -0.000002 -0.000008 0.000002 
949	(   2.847478   8.938806   1.399849   0.351835   3.46905  )	267.411760 -0.000081 -0.000071 0.000081 0.000071 
950	(   2.84748    8.938825   1.399863   0.351844   3.469061 )	267.417947 -0.000001 -0.000008 0.000001 0.000008 
951	(   2.847487   8.938794   1.399906   0.351841   3.469032 )	267.401643 -0.000032 0.000014 0.000032 -0.000014 
952	(   2.847535   8.938807   1.399888   0.351839   3.46908  )	267.427786 0.000096 -0.000003 -0.000096 0.000003 
953	(   2.847489   8.938788   1.399841   0.351842   3.4691   )	267.438991 0.000046 -0.000078 -0.000046 0.000078 
954	(   2.846987   8.939783   1.399086   0.351897   3.469795 )	267.837492 0.000121 0.000039 -0.000121 -0.000039 
955	(   2.846887   8.939793   1.399024   0.351895   3.469766 )	267.822328 -0.000122 -0.000040 0.000122 0.000040 
956	(   2.847488   8.938799   1.399914   0.351839   3.469117 )	267.448769 0.000037 0.000023 -0.000037 -0.000023 
957	(   2.847488   8.938797   1.399875   0.35184    3.469079 )	267.427375 0.000007 -0.000028 -0.000007 0.000028 
958	(   2.847491   8.938801   1.399878   0.351847   3.469036 )	267.403972 0.000023 -0.000001 -0.000023 0.000001 
959	(   2.847481   8.938794   1.399895   0.351842   3.469064 )	267.419228 -0.000011 -0.000000 0.000011 0.000000 
960	(   2.847488   8.938799   1.399883   0.351846   3.469045 )	267.409057 0.000012 -0.000001 -0.000012 0.000001 
961	(   2.847482   8.938795   1.399892   0.351843   3.469059 )	267.416686 -0.000006 -0.000001 0.000006 0.000001 
962	(   2.847493   8.938792   1.399884   0.351849   3.469009 )	267.389067 0.000012 0.000002 -0.000012 -0.000002 
963	(   2.847481   8.938798   1.399891   0.351842   3.469068 )	267.421853 -0.000004 -0.000001 0.000004 0.000001 
964	(   2.847491   8.938796   1.399874   0.351847   3.469013 )	267.391254 -0.000006 -0.000014 0.000006 0.000014 
965	(   2.847483   8.938796   1.399894   0.351843   3.469063 )	267.418886 0.000002 0.000003 -0.000002 -0.000003 
966	(   2.847465   8.93885    1.399876   0.351831   3.469171 )	267.479305 -0.000012 -0.000000 0.000012 0.000000 
967	(   2.847491   8.938781   1.399892   0.351848   3.469014 )	267.391758 0.000003 -0.000002 -0.000003 0.000002 
968	(   2.847489   8.938765   1.399921   0.351842   3.469054 )	267.413450 -0.000001 0.000007 0.000001 -0.000007 
969	(   2.847487   8.93878    1.399906   0.351843   3.469056 )	267.414574 -0.000001 0.000004 0.000001 -0.000004 
970	(   2.847488   8.938788   1.399898   0.351843   3.469054 )	267.413867 0.000006 0.000002 -0.000006 -0.000002 
971	(   2.847484   8.938794   1.399894   0.351843   3.469058 )	267.415981 -0.000003 0.000000 0.000003 -0.000000 
972	(   2.84749    8.938785   1.399899   0.351845   3.469041 )	267.406352 0.000005 0.000003 -0.000005 -0.000003 

BBE ( SOL ) BBO
973	(   2.847484   8.938794   1.399893   0.351843   3.469062 )	267.417977 -0.000002 -0.000000 0.000002 0.000000 
974	(   2.847484   8.938808   1.399879   0.351844   3.469056 )	267.414991 0.000001 -0.000003 -0.000001 0.000003 
975	(   2.847484   8.938801   1.399886   0.351843   3.469056 )	267.414887 0.000000 -0.000001 -0.000000 0.000001 
976	(   2.847488   8.938794   1.399889   0.351844   3.469045 )	267.409080 -0.000002 -0.000005 0.000002 0.000005 
977	(   2.847484   8.938796   1.399892   0.351843   3.469059 )	267.416434 0.000001 0.000001 -0.000001 -0.000001 
978	(   2.847478   8.938815   1.399891   0.351837   3.469112 )	267.446082 -0.000004 0.000001 0.000004 -0.000001 
979	(   2.847487   8.938789   1.399891   0.351845   3.469039 )	267.405338 0.000001 -0.000001 -0.000001 0.000001 
980	(   2.847486   8.9388     1.399888   0.351843   3.469061 )	267.417598 0.000003 -0.000001 -0.000003 0.000001 
981	(   2.847484   8.938795   1.399892   0.351843   3.469059 )	267.416385 -0.000001 -0.000000 0.000001 0.000000 
982	(   2.847486   8.9388     1.399888   0.351843   3.469056 )	267.414965 0.000003 -0.000000 -0.000003 0.000000 
983	(   2.847484   8.938796   1.399892   0.351843   3.46906  )	267.417224 -0.000001 -0.000000 0.000001 0.000000 
984	(   2.847484   8.938789   1.39987    0.351855   3.468978 )	267.371614 0.000001 -0.000005 -0.000001 0.000005 
985	(   2.847471   8.938802   1.399873   0.35185    3.469037 )	267.404473 -0.000001 -0.000001 0.000001 0.000001 
986	(   2.847498   8.938813   1.399867   0.351849   3.468991 )	267.379348 -0.000001 -0.000001 0.000001 0.000001 
987	(   2.847503   8.938802   1.399898   0.351837   3.469062 )	267.418389 0.000000 -0.000000 -0.000000 0.000000 
988	(   2.847519   8.938802   1.399911   0.351831   3.469075 )	267.425348 0.000001 0.000000 -0.000001 -0.000000 
989	(   2.847559   8.938792   1.39992    0.35183    3.469004 )	267.385622 -0.000000 -0.000000 0.000000 0.000000 
990	(   2.847725   8.938763   1.399986   0.351807   3.468828 )	267.287342 -0.000002 -0.000000 0.000002 0.000000 
991	(   2.847587   8.938742   1.399961   0.351827   3.468962 )	267.361699 -0.000001 -0.000001 0.000001 0.000001 
992	(   2.847579   8.938872   1.399875   0.351824   3.469004 )	267.386479 -0.000000 0.000002 0.000000 -0.000002 
993	(   2.847557   8.938943   1.399925   0.351771   3.469425 )	267.619682 0.000002 -0.000001 -0.000002 0.000001 
994	(   2.847502   8.938832   1.3999     0.351825   3.46915  )	267.467195 -0.000001 -0.000000 0.000001 0.000000 
995	(   2.847488   8.93878    1.40012    0.351845   3.468849 )	267.301083 -0.000190 0.000300 0.000190 -0.000300 
996	(   2.847551   8.938892   1.399927   0.35183    3.468999 )	267.384156 -0.000017 0.000110 0.000017 -0.000110 
997	(   2.847613   8.938795   1.399874   0.35185    3.46904  )	267.404786 0.000286 -0.000006 -0.000286 0.000006 
998	(   2.847641   8.938797   1.40012    0.351824   3.469058 )	267.415024 0.000181 0.000261 -0.000181 -0.000261 
999	(   2.847503   8.938789   1.399968   0.351833   3.469204 )	267.496217 0.000113 0.000071 -0.000113 -0.000071 
1000	(   2.847532   8.938739   1.399923   0.351863   3.469073 )	267.423418 0.000256 0.000041 -0.000256 -0.000041 
1001	(   2.847436   8.938863   1.399848   0.351823   3.469038 )	267.406356 -0.000256 -0.000044 0.000256 0.000044 
1002	(   2.847432   8.938773   1.399782   0.351814   3.468919 )	267.339576 -0.000449 -0.000250 0.000449 0.000250 
1003	(   2.847633   8.93885    1.399878   0.35183    3.468852 )	267.301870 -0.000001 0.000001 0.000001 -0.000001 
1004	(   2.847579   8.938889   1.399856   0.351826   3.468985 )	267.376324 -0.000001 -0.000000 0.000001 0.000000 
1005	(   2.847865   8.939155   1.399765   0.351775   3.468774 )	267.260668 -0.000005 0.000003 0.000005 -0.000003 
1006	(   2.847406   8.938721   1.399907   0.351863   3.469074 )	267.424444 0.000000 -0.000001 -0.000000 0.000001 
1007	(   2.847537   8.93885    1.399883   0.351827   3.469065 )	267.419918 -0.000000 -0.000000 0.000000 0.000000 
1008	(   2.847483   8.938869   1.399961   0.351781   3.469502 )	267.661794 0.000001 -0.000000 -0.000001 0.000000 
1009	(   2.847555   8.938884   1.399882   0.351815   3.469115 )	267.447663 -0.000000 -0.000000 0.000000 0.000000 
1010	(   2.847511   8.938785   1.399977   0.351838   3.468804 )	267.275891 -0.000234 0.000092 0.000234 -0.000092 
1011	(   2.847536   8.938809   1.399789   0.35181    3.468901 )	267.329123 -0.000292 -0.000216 0.000292 0.000216 
1012	(   2.847546   8.938892   1.399936   0.351832   3.469016 )	267.393615 0.000002 0.000127 -0.000002 -0.000127 

BBE ( SOL ) BBO
1013	(   2.847659   8.938808   1.399801   0.351838   3.46891  )	267.333393 0.000167 -0.000124 -0.000167 0.000124 
1014	(   2.847628   8.938803   1.40012    0.351817   3.468939 )	267.349415 -0.000016 0.000248 0.000016 -0.000248 
1015	(   2.847679   8.938943   1.399657   0.351822   3.469082 )	267.429330 0.000267 -0.000227 -0.000267 0.000227 
1016	(   2.847479   8.938836   1.400054   0.35183    3.468888 )	267.323328 -0.000269 0.000226 0.000269 -0.000226 
1017	(   2.847494   8.938765   1.399914   0.35183    3.469141 )	267.461511 0.000011 -0.000035 -0.000011 0.000035 
1018	(   2.847577   8.938811   1.399902   0.351832   3.468951 )	267.356552 -0.000000 -0.000000 0.000000 0.000000 
1019	(   2.84757    8.938575   1.400042   0.351849   3.468848 )	267.297246 0.000001 -0.000001 -0.000001 0.000001 
1020	(   2.847596   8.938872   1.399877   0.351822   3.468983 )	267.374975 -0.000000 -0.000000 0.000000 0.000000 
1021	(   2.847485   8.9389     1.399833   0.351834   3.469123 )	267.453076 0.000000 0.000000 -0.000000 -0.000000 
1022	(   2.847624   8.938846   1.399901   0.351819   3.468944 )	267.352873 -0.000001 -0.000000 0.000001 0.000000 
1023	(   2.84752    8.938815   1.399894   0.351835   3.469048 )	267.410201 0.000000 -0.000000 -0.000000 0.000000 
1024	(   2.847766   8.938951   1.399898   0.351782   3.468924 )	267.341835 -0.000002 -0.000000 0.000002 0.000000 
1025	(   2.847552   8.938831   1.399875   0.351838   3.46896  )	267.361751 0.000000 -0.000000 -0.000000 0.000000 
1026	(   2.847522   8.938839   1.399851   0.351847   3.468953 )	267.358324 0.000000 -0.000000 -0.000000 0.000000 
1027	(   2.847603   8.938843   1.399877   0.351833   3.468893 )	267.324695 -0.000000 -0.000000 0.000000 0.000000 
1028	(   2.847644   8.938857   1.399868   0.351832   3.468816 )	267.281952 -0.000000 -0.000000 0.000000 0.000000 
1029	(   2.847769   8.938898   1.399843   0.35183    3.468584 )	267.153764 -0.000001 -0.000000 0.000001 0.000000 
1030	(   2.847769   8.938898   1.399843   0.35183    3.468584 )	267.153747 -0.000001 -0.000000 0.000001 0.000000 
1031	(   2.848143   8.939023   1.399766   0.351822   3.467888 )	266.769487 -0.000001 0.000000 0.000001 -0.000000 
1032	(   2.847769   8.938898   1.399842   0.35183    3.468584 )	267.153743 -0.000000 -0.000001 0.000000 0.000001 
1033	(   2.849265   8.939398   1.399536   0.351799   3.4658   )	265.619941 -0.000003 0.000001 0.000003 -0.000001 
1034	(   2.846632   8.937172   1.400815   0.351979   3.469799 )	267.812092 0.000000 0.000001 -0.000000 -0.000001 
1035	(   2.846886   8.938586   1.400371   0.351679   3.471421 )	268.722953 0.000000 -0.000001 -0.000000 0.000001 
1036	(   2.847562   8.938801   1.399872   0.351851   3.468846 )	267.298457 -0.000000 0.000000 0.000000 -0.000000 
1037	(   2.848829   8.939758   1.399836   0.351722   3.467638 )	266.635504 0.000412 0.000560 -0.000412 -0.000560 
1038	(   2.84821    8.938968   1.398766   0.351812   3.467863 )	266.753729 0.000038 -0.001438 -0.000038 0.001438 
1039	(   2.849377   8.938023   1.399892   0.351771   3.467438 )	266.499942 0.001659 -0.000967 -0.001659 0.000967 
1040	(   2.847416   8.939857   1.400654   0.351769   3.471401 )	268.723007 0.001681 0.001899 -0.001681 -0.001899 
1041	(   2.847872   8.937857   1.399082   0.351895   3.466231 )	265.848350 -0.001682 -0.001898 0.001682 0.001898 
1042	(   2.850143   8.939341   1.399726   0.351879   3.468031 )	266.834858 0.004559 0.000418 -0.004559 -0.000418 
1043	(   2.848191   8.938984   1.399771   0.351815   3.472888 )	269.528864 0.005044 -0.000051 -0.005044 0.000051 
1044	(   2.84779    8.938939   1.399771   0.351831   3.467738 )	266.689071 -0.000793 -0.000053 0.000793 0.000053 
1045	(   2.847769   8.938898   1.399843   0.35183    3.468584 )	267.153744 -0.000000 -0.000000 0.000000 0.000000 
1046	(   2.848144   8.939023   1.399766   0.351822   3.467888 )	266.769475 0.000001 0.000000 -0.000001 -0.000000 
1047	(   2.848144   8.939023   1.399766   0.351822   3.467884 )	266.767278 -0.000003 -0.000000 0.000003 0.000000 
1048	(   2.849269   8.939398   1.399536   0.351799   3.465788 )	265.613341 -0.000006 0.000001 0.000006 -0.000001 
1049	(   2.846418   8.939786   1.399583   0.351631   3.472688 )	269.442788 -0.000012 -0.000000 0.000012 0.000000 
1050	(   2.846797   8.938686   1.40035    0.351653   3.471784 )	268.925831 -0.000000 -0.000000 0.000000 0.000000 
1051	(   2.84774    8.938845   1.399894   0.351824   3.468684 )	267.208393 0.000000 -0.000000 -0.000000 0.000000 
1052	(   2.852091   8.939567   1.400272   0.351825   3.457888 )	261.305779 -0.002058 0.001239 0.002058 -0.001239 

BBE ( SOL ) BBO
1053	(   2.843394   8.938092   1.400272   0.351825   3.457888 )	261.361619 -0.019485 -0.000236 0.019485 0.000236 
1054	(   2.849931   8.938602   1.398766   0.351823   3.463388 )	264.287961 -0.000905 -0.001774 0.000905 0.001774 
1055	(   2.848226   8.939004   1.399776   0.351722   3.467688 )	266.658835 -0.000746 -0.000275 0.000746 0.000275 
1056	(   2.843904   8.940023   1.399223   0.351819   3.463888 )	264.629093 -0.012510 0.000255 0.012510 -0.000255 
1057	(   2.851384   8.938461   1.398843   0.351922   3.466584 )	266.019026 0.005907 -0.001545 -0.005907 0.001545 
1058	(   2.844154   8.939335   1.400843   0.351737   3.470584 )	268.292978 -0.005895 0.001546 0.005895 -0.001546 
1059	(   2.848126   8.939033   1.39978    0.351863   3.468288 )	266.989509 0.000656 0.000140 -0.000656 -0.000140 
1060	(   2.849269   8.939398   1.399536   0.351799   3.4658   )	265.619904 0.000006 0.000001 -0.000006 -0.000001 
1061	(   2.847583   8.938921   1.399829   0.351828   3.468966 )	267.365782 -0.000000 -0.000000 0.000000 0.000000 
1062	(   2.848412   8.938388   1.400038   0.35192    3.466647 )	266.078792 -0.000001 0.000000 0.000001 -0.000000 
1063	(   2.849216   8.93648    1.400855   0.352216   3.462947 )	264.029509 0.000017 0.000006 -0.000017 -0.000006 
1064	(   2.847276   8.939818   1.398942   0.351942   3.468784 )	267.278312 0.000014 0.000000 -0.000014 -0.000000 
1065	(   2.847866   8.938787   1.400136   0.351723   3.469147 )	267.461756 0.000001 -0.000001 -0.000001 0.000001 
1066	(   2.84775    8.938887   1.39984    0.351836   3.468584 )	267.153751 0.000006 0.000001 -0.000006 -0.000001 
1067	(   2.84762    8.93883    1.399887   0.351833   3.468884 )	267.319264 0.000025 0.000000 -0.000025 -0.000000 
1068	(   2.846635   8.937757   1.399407   0.351846   3.456647 )	260.662186 -0.014085 -0.001688 0.014085 0.001688 
1069	(   2.847377   8.938936   1.401038   0.351877   3.460847 )	262.936012 -0.008180 0.001792 0.008180 -0.001792 
1070	(   2.846995   8.939139   1.399535   0.35202    3.458647 )	261.751796 -0.010127 0.000338 0.010127 -0.000338 
1071	(   2.850299   8.937388   1.400708   0.351999   3.461547 )	263.271279 -0.000753 0.000125 0.000753 -0.000125 
1072	(   2.853412   8.938635   1.399872   0.351901   3.464047 )	264.618580 0.007294 -0.000031 -0.007294 0.000031 
1073	(   2.845147   8.939499   1.400492   0.35173    3.466084 )	265.812352 -0.008461 0.001212 0.008461 -0.001212 
1074	(   2.850391   8.938297   1.399194   0.35193    3.471084 )	268.502134 0.008468 -0.001212 -0.008468 0.001212 
1075	(   2.844544   8.938135   1.399909   0.351898   3.478547 )	272.707397 0.003987 -0.000489 -0.003987 0.000489 
1076	(   2.849216   8.93648    1.400855   0.352216   3.462924 )	264.017002 -0.000006 0.000006 0.000006 -0.000006 
1077	(   2.84915    8.939166   1.39932    0.351994   3.464628 )	264.977446 -0.000013 0.000003 0.000013 -0.000003 
1078	(   2.849451   8.938023   1.400647   0.351749   3.465788 )	265.596001 0.000002 0.000000 -0.000002 -0.000000 
1079	(   2.84775    8.938887   1.399839   0.351836   3.468578 )	267.150451 0.000000 0.000000 -0.000000 -0.000000 
1080	(   2.847837   8.938925   1.399808   0.351838   3.468391 )	267.047311 0.000001 0.000001 -0.000001 -0.000001 
1081	(   2.847693   8.938851   1.399829   0.351854   3.46856  )	267.140572 0.000001 0.000001 -0.000001 -0.000001 
1082	(   2.847407   8.938769   1.40001    0.351794   3.469565 )	267.695535 -0.000001 0.000000 0.000001 -0.000000 
1083	(   2.848677   8.937583   1.400784   0.351842   3.466673 )	266.081680 0.000001 0.000000 -0.000001 -0.000000 
1084	(   2.847784   8.938872   1.39985    0.351836   3.46851  )	267.112594 0.000001 0.000000 -0.000001 -0.000000 
1085	(   2.847648   8.93885    1.39987    0.351834   3.468797 )	267.271385 -0.000001 -0.000000 0.000001 0.000000 
1086	(   2.84945    8.938051   1.399538   0.351877   3.461674 )	263.354621 -0.003202 -0.001134 0.003202 0.001134 
1087	(   2.850412   8.938672   1.40046    0.351957   3.462278 )	263.682476 -0.000094 0.000958 0.000094 -0.000958 
1088	(   2.846412   8.938103   1.400468   0.351884   3.46245  )	263.802993 -0.008467 0.000201 0.008467 -0.000201 
1089	(   2.847845   8.938307   1.399919   0.35202    3.465457 )	265.431224 -0.001616 0.000028 0.001616 -0.000028 
1090	(   2.848818   8.938677   1.400183   0.351859   3.463578 )	264.402834 -0.002692 0.000320 0.002692 -0.000320 
1091	(   2.847392   8.938888   1.399823   0.351902   3.464507 )	264.923462 -0.004319 0.000157 0.004319 -0.000157 
1092	(   2.846682   8.939096   1.399496   0.351813   3.473578 )	269.925924 0.002694 -0.000319 -0.002694 0.000319 

BBE ( SOL ) BBO
1093	(   2.849251   8.938135   1.400245   0.351886   3.468933 )	267.324168 0.003718 -0.000065 -0.003718 0.000065 
1094	(   2.847459   8.938738   1.399963   0.351828   3.469226 )	267.507872 0.000008 -0.000001 -0.000008 0.000001 
1095	(   2.847185   8.939052   1.399758   0.351815   3.469855 )	267.860509 -0.000001 -0.000000 0.000001 0.000000 
1096	(   2.849412   8.938401   1.400082   0.351944   3.465723 )	265.564719 0.001248 0.000137 -0.001248 -0.000137 
1097	(   2.847937   8.938417   1.400133   0.35191    3.464647 )	264.989727 -0.003029 0.000130 0.003029 -0.000130 
1098	(   2.848878   8.938358   1.399945   0.35187    3.466148 )	265.801211 0.000079 -0.000290 -0.000079 0.000290 
1099	(   2.848469   8.938588   1.400027   0.351914   3.466887 )	266.212265 0.000310 0.000168 -0.000310 -0.000168 
1100	(   2.848194   8.938401   1.399838   0.351944   3.465728 )	265.577588 -0.001190 -0.000195 0.001190 0.000195 
1101	(   2.848013   8.939053   1.399888   0.351794   3.466578 )	266.052500 -0.001766 0.000122 0.001766 -0.000122 
1102	(   2.847487   8.93872    1.39979    0.351877   3.470578 )	268.252858 0.001766 -0.000121 -0.001766 0.000121 
1103	(   2.848344   8.938328   1.400054   0.351927   3.466675 )	266.093993 -0.000063 -0.000019 0.000063 0.000019 
1104	(   2.847784   8.938922   1.399807   0.351839   3.468489 )	267.101616 -0.000000 0.000000 0.000000 -0.000000 
1105	(   2.847885   8.939027   1.399712   0.351848   3.468222 )	266.955166 -0.000001 -0.000000 0.000001 0.000000 
1106	(   2.847796   8.939111   1.399658   0.351844   3.468429 )	267.070703 -0.000000 -0.000000 0.000000 0.000000 
1107	(   2.847831   8.939679   1.399208   0.351859   3.468249 )	266.977989 0.000000 -0.000001 -0.000000 0.000001 
1108	(   2.847333   8.939434   1.399142   0.351984   3.468362 )	267.041166 -0.000000 0.000000 0.000000 -0.000000 
1109	(   2.849216   8.93648    1.400855   0.352216   3.462924 )	264.017002 -0.000006 0.000006 0.000006 -0.000006 
1110	(   2.845944   8.940403   1.397595   0.352404   3.468161 )	266.952596 -0.000004 0.000001 0.000004 -0.000001 
1111	(   2.848173   8.939743   1.399336   0.351771   3.468188 )	266.942540 -0.000000 -0.000000 0.000000 0.000000 
1112	(   2.850693   8.94067    1.399918   0.351135   3.467666 )	266.646879 -0.000010 -0.000003 0.000010 0.000003 
1113	(   2.848951   8.938933   1.400026   0.351725   3.466961 )	266.253153 0.000000 0.000000 -0.000000 -0.000000 
1114	(   2.849216   8.93648    1.400855   0.352216   3.462924 )	264.017001 -0.000003 0.000007 0.000003 -0.000007 
1115	(   2.850567   8.940568   1.39999    0.351138   3.467903 )	266.776900 -0.000001 0.000002 0.000001 -0.000002 
1116	(   2.852937   8.938728   1.400851   0.351386   3.461379 )	263.174960 -0.000000 0.000001 0.000000 -0.000001 
1117	(   2.866537   8.939751   1.40329    0.349784   3.445579 )	254.648136 -0.000019 -0.000012 0.000019 0.000012 
1118	(   2.850551   8.940568   1.39999    0.351138   3.467861 )	266.753971 -0.000076 0.000002 0.000076 -0.000002 
1119	(   2.850451   8.938078   1.400395   0.351856   3.463061 )	264.100522 0.000042 0.000001 -0.000042 -0.000001 
1120	(   2.848137   8.941541   1.397356   0.3521     3.465879 )	265.696763 -0.000040 0.000001 0.000040 -0.000001 
1121	(   2.848251   8.93957    1.399348   0.35183    3.467561 )	266.595343 -0.000056 0.000001 0.000056 -0.000001 
1122	(   2.847851   8.939058   1.399716   0.351834   3.468361 )	267.032252 -0.000029 -0.000001 0.000029 0.000001 
1123	(   2.847437   8.94067    1.398241   0.353386   3.464879 )	265.144935 0.006698 0.003797 -0.006698 -0.003797 
1124	(   2.859237   8.942448   1.395851   0.350007   3.467979 )	266.766108 0.009347 -0.006703 -0.009347 0.006703 
1125	(   2.859337   8.943728   1.403846   0.352212   3.457379 )	261.023761 0.014776 0.011338 -0.014776 -0.011338 
1126	(   2.862937   8.935221   1.397101   0.352686   3.455179 )	259.703845 0.023244 -0.005090 -0.023244 0.005090 
1127	(   2.847737   8.940539   1.398417   0.350715   3.451379 )	257.874098 -0.025181 -0.003285 0.025181 0.003285 
1128	(   2.842251   8.941986   1.404565   0.349725   3.464061 )	264.767950 -0.030468 0.003787 0.030468 -0.003787 
1129	(   2.855651   8.93588    1.395487   0.353725   3.469861 )	267.748042 0.030652 -0.003836 -0.030652 0.003836 
1130	(   2.844837   8.933916   1.40301    0.351372   3.465479 )	265.418484 -0.012219 -0.001911 0.012219 0.001911 
1131	(   2.866512   8.939751   1.40329    0.349784   3.445575 )	254.646247 -0.000073 -0.000012 0.000073 0.000012 
1132	(   2.846142   8.937551   1.399861   0.352319   3.468371 )	267.033488 0.000001 0.000000 -0.000001 -0.000000 

BBE ( SOL ) BBO
1133	(   2.845593   8.935251   1.400681   0.352754   3.46638  )	265.917873 0.000002 0.000000 -0.000002 -0.000000 
1134	(   2.848264   8.93957    1.399348   0.35183    3.467594 )	266.613345 0.000003 0.000001 -0.000003 -0.000001 
1135	(   2.847879   8.939058   1.399716   0.351834   3.468332 )	267.016070 -0.000002 -0.000001 0.000002 0.000001 
1136	(   2.854875   8.936728   1.400011   0.350683   3.456399 )	260.448510 -0.006118 -0.005034 0.006118 0.005034 
1137	(   2.853785   8.939321   1.402851   0.351078   3.459199 )	261.997877 -0.002679 0.002477 0.002679 -0.002477 
1138	(   2.854883   8.940088   1.400008   0.352302   3.456379 )	260.476823 0.005456 0.002694 -0.005456 -0.002694 
1139	(   2.847937   8.939261   1.400521   0.351109   3.45942  )	262.164095 -0.013944 -0.000662 0.013944 0.000662 
1140	(   2.855694   8.940655   1.399656   0.350386   3.462405 )	263.731949 -0.000600 -0.002385 0.000600 0.002385 
1141	(   2.848243   8.940848   1.398026   0.351985   3.467301 )	266.467074 0.000771 -0.000096 -0.000771 0.000096 
1142	(   2.849659   8.937018   1.402026   0.351465   3.466621 )	266.039385 -0.000772 0.000100 0.000772 -0.000100 
1143	(   2.849466   8.937955   1.400807   0.351538   3.471271 )	268.610916 0.004015 -0.000421 -0.004015 0.000421 
1144	(   2.850567   8.940568   1.39999    0.351138   3.467903 )	266.776900 -0.000002 0.000001 0.000002 -0.000001 
1145	(   2.851265   8.938587   1.401995   0.350865   3.468448 )	267.048284 -0.000001 0.000001 0.000001 -0.000001 
1146	(   2.852458   8.937995   1.40114    0.351179   3.461343 )	263.151031 -0.002478 -0.000902 0.002478 0.000902 
1147	(   2.848264   8.93957    1.399348   0.351829   3.467594 )	266.613346 0.000000 0.000000 -0.000000 -0.000000 
1148	(   2.853163   8.938704   1.400898   0.351403   3.459379 )	262.090865 -0.001429 0.000085 0.001429 -0.000085 
1149	(   2.851224   8.938911   1.401851   0.351262   3.461254 )	263.124886 -0.004447 0.001205 0.004447 -0.001205 
1150	(   2.851914   8.938837   1.40064    0.351886   3.461304 )	263.143584 0.001441 0.001177 -0.001441 -0.001177 
1151	(   2.853639   8.939728   1.400996   0.351437   3.46143  )	263.208896 0.001823 0.001336 -0.001823 -0.001336 
1152	(   2.854616   8.938212   1.401851   0.351738   3.461733 )	263.346849 0.006237 0.001800 -0.006237 -0.001800 
1153	(   2.850064   8.939933   1.400777   0.351762   3.466805 )	266.170945 0.002339 0.002121 -0.002339 -0.002121 
1154	(   2.847838   8.937933   1.399275   0.351688   3.467117 )	266.335393 -0.002338 -0.002119 0.002338 0.002119 
1155	(   2.85298    8.938716   1.400807   0.351382   3.4614   )	263.185802 0.000072 -0.000084 -0.000072 0.000084 
1156	(   2.848838   8.938966   1.399909   0.351771   3.466857 )	266.197365 0.000000 -0.000000 -0.000000 0.000000 
1157	(   2.8485     8.939067   1.399557   0.35191    3.466545 )	266.030072 0.000000 -0.000002 -0.000000 0.000002 
1158	(   2.848175   8.939693   1.399601   0.351657   3.468999 )	267.388337 -0.000001 -0.000000 0.000001 0.000000 
1159	(   2.851475   8.938996   1.399847   0.351596   3.461432 )	263.218303 -0.001387 -0.000528 0.001387 0.000528 
1160	(   2.848828   8.939547   1.399447   0.351788   3.466756 )	266.148788 0.000001 0.000000 -0.000001 -0.000000 
1161	(   2.848054   8.93922    1.399605   0.35183    3.468011 )	266.840067 0.000001 -0.000000 -0.000001 0.000000 
1162	(   2.853575   8.938686   1.399851   0.351534   3.46007  )	262.459473 0.001025 -0.000999 -0.001025 0.000999 
1163	(   2.853071   8.939228   1.400809   0.351393   3.461324 )	263.150060 0.000258 0.000461 -0.000258 -0.000461 
1164	(   2.854937   8.938702   1.401498   0.351479   3.460557 )	262.712933 0.003852 0.001105 -0.003852 -0.001105 
1165	(   2.853421   8.938722   1.400699   0.350886   3.46118  )	263.063362 -0.002800 -0.001563 0.002800 0.001563 
1166	(   2.851635   8.938746   1.401259   0.351326   3.459379 )	262.104681 -0.005039 0.000410 0.005039 -0.000410 
1167	(   2.848574   8.938755   1.399688   0.352056   3.464857 )	265.102533 -0.000500 0.000258 0.000500 -0.000258 
1168	(   2.849102   8.939178   1.40013    0.351486   3.468857 )	267.296641 0.000500 -0.000259 -0.000500 0.000259 
1169	(   2.852352   8.938722   1.401307   0.351559   3.463482 )	264.322395 0.002158 0.001081 -0.002158 -0.001081 
1170	(   2.8485     8.939067   1.399557   0.35191    3.466545 )	266.030072 0.000000 -0.000002 -0.000000 0.000002 
1171	(   2.848785   8.9387     1.40005    0.351796   3.466795 )	266.160679 0.000013 -0.000006 -0.000013 0.000006 
1172	(   2.852664   8.938779   1.399907   0.35127    3.460427 )	262.661726 -0.002328 -0.001541 0.002328 0.001541 

BBE ( SOL ) BBO
1173	(   2.848828   8.939547   1.399447   0.351788   3.466756 )	266.148788 0.000001 0.000000 -0.000001 -0.000000 
1174	(   2.848054   8.93922    1.399605   0.35183    3.468011 )	266.840067 0.000001 -0.000000 -0.000001 0.000000 
1175	(   2.85305    8.938853   1.400836   0.351404   3.460379 )	262.633989 -0.000645 0.000155 0.000645 -0.000155 
1176	(   2.853641   8.938528   1.400843   0.351396   3.460838 )	262.873460 0.000940 -0.000183 -0.000940 0.000183 
1177	(   2.852962   8.938731   1.401351   0.351387   3.46136  )	263.164880 0.000033 0.000684 -0.000033 -0.000684 
1178	(   2.852861   8.938721   1.400852   0.351586   3.461437 )	263.206738 0.001333 0.000537 -0.001333 -0.000537 
1179	(   2.851937   8.938632   1.400863   0.351373   3.460959 )	262.954717 -0.002523 -0.000117 0.002523 0.000117 
1180	(   2.848688   8.938854   1.400409   0.351787   3.466772 )	266.151064 -0.000269 0.000611 0.000269 -0.000611 
1181	(   2.848988   8.939079   1.399409   0.351755   3.466942 )	266.243675 0.000269 -0.000611 -0.000269 0.000611 
1182	(   2.852988   8.938929   1.400814   0.351348   3.462012 )	263.520326 0.000461 0.000048 -0.000461 -0.000048 
1183	(   2.853253   8.938695   1.400817   0.351378   3.460817 )	262.867606 0.000010 -0.000102 -0.000010 0.000102 
1184	(   2.848693   8.938957   1.399606   0.351759   3.466621 )	266.069423 -0.000614 -0.000455 0.000614 0.000455 
1185	(   2.848828   8.939547   1.399447   0.351788   3.466755 )	266.148682 0.000000 0.000000 -0.000000 -0.000000 
1186	(   2.849344   8.939766   1.399342   0.351761   3.465919 )	265.688839 0.000001 0.000001 -0.000001 -0.000001 
1187	(   2.848796   8.941291   1.398061   0.35184    3.466452 )	266.002708 0.000001 0.000005 -0.000001 -0.000005 
1188	(   2.848938   8.939483   1.399442   0.351779   3.466445 )	265.976954 -0.000155 -0.000096 0.000155 0.000096 
1189	(   2.852996   8.938843   1.400754   0.351535   3.459741 )	262.289206 -0.000458 0.000387 0.000458 -0.000387 
1190	(   2.849889   8.93927    1.400085   0.35157    3.46618  )	265.821869 -0.000001 -0.000001 0.000001 0.000001 
1191	(   2.847972   8.939393   1.399377   0.35188    3.467816 )	266.735843 0.000000 0.000000 -0.000000 -0.000000 
1192	(   2.853204   8.938785   1.401351   0.351296   3.461167 )	263.058994 -0.000320 0.000493 0.000320 -0.000493 
1193	(   2.852822   8.938928   1.400787   0.351398   3.461406 )	263.192941 -0.000122 0.000146 0.000122 -0.000146 
1194	(   2.853437   8.93876    1.400493   0.351337   3.461262 )	263.107463 0.000529 -0.000588 -0.000529 0.000588 
1195	(   2.852852   8.938723   1.400804   0.351395   3.460379 )	262.634064 -0.001110 -0.000045 0.001110 0.000045 
1196	(   2.853132   8.938741   1.400959   0.351586   3.461333 )	263.148397 0.001772 0.000701 -0.001772 -0.000701 
1197	(   2.848752   8.939601   1.398947   0.351698   3.466625 )	266.078439 -0.000924 -0.000868 0.000924 0.000868 
1198	(   2.848903   8.939494   1.399947   0.351879   3.466885 )	266.218944 0.000925 0.000870 -0.000925 -0.000870 
1199	(   2.852566   8.938617   1.400845   0.35135    3.461524 )	263.255396 -0.000863 -0.000217 0.000863 0.000217 
1200	(   2.852927   8.938757   1.400829   0.351416   3.461524 )	263.253954 0.000334 0.000080 -0.000334 -0.000080 
1201	(   2.84932    8.939589   1.3994     0.351785   3.466763 )	266.149069 0.000975 -0.000029 -0.000975 0.000029 
1202	(   2.848968   8.938821   1.399907   0.351826   3.466205 )	265.837706 0.000001 0.000001 -0.000001 -0.000001 
1203	(   2.848371   8.939513   1.399479   0.351785   3.467692 )	266.665921 -0.000000 -0.000000 0.000000 0.000000 
1204	(   2.852737   8.938689   1.400936   0.351332   3.461015 )	262.979051 -0.001151 -0.000070 0.001151 0.000070 
1205	(   2.853007   8.938828   1.400915   0.351346   3.461107 )	263.028448 -0.000419 0.000078 0.000419 -0.000078 
1206	(   2.853064   8.938674   1.400966   0.351486   3.460885 )	262.905719 0.000476 0.000375 -0.000476 -0.000375 
1207	(   2.853015   8.938695   1.400651   0.351341   3.461076 )	263.009630 -0.000468 -0.000425 0.000468 0.000425 
1208	(   2.853111   8.938655   1.401008   0.351286   3.461583 )	263.283588 -0.000162 -0.000130 0.000162 0.000130 
1209	(   2.848845   8.939447   1.399439   0.351775   3.46668  )	266.105987 -0.000132 -0.000146 0.000132 0.000146 
1210	(   2.84881    8.939647   1.399455   0.351801   3.466831 )	266.191382 0.000133 0.000146 -0.000133 -0.000146 
1211	(   2.852705   8.938735   1.400669   0.351426   3.461803 )	263.406774 0.000239 -0.000134 -0.000239 0.000134 
1212	(   2.848882   8.939647   1.399451   0.351778   3.466709 )	266.124056 -0.000010 0.000079 0.000010 -0.000079 

BBE ( SOL ) BBO
1213	(   2.85298    8.938655   1.400974   0.351403   3.461496 )	263.237549 0.000319 0.000138 -0.000319 -0.000138 
1214	(   2.848157   8.939621   1.399376   0.351797   3.468038 )	266.859030 -0.000001 -0.000000 0.000001 0.000000 
1215	(   2.84866    8.939566   1.399429   0.35179    3.467076 )	266.326177 0.000001 0.000000 -0.000001 -0.000000 
1216	(   2.853018   8.938739   1.400848   0.351397   3.461179 )	263.066002 0.000036 0.000036 -0.000036 -0.000036 
1217	(   2.852849   8.938695   1.400861   0.351355   3.461179 )	263.066950 -0.000604 -0.000106 0.000604 0.000106 
1218	(   2.85289    8.938778   1.400853   0.351381   3.461341 )	263.155808 -0.000174 0.000038 0.000174 -0.000038 
1219	(   2.852943   8.938729   1.400951   0.351387   3.461383 )	263.177515 0.000021 0.000140 -0.000021 -0.000140 
1220	(   2.85298    8.938734   1.40085    0.351336   3.461413 )	263.193430 -0.000236 -0.000130 0.000236 0.000130 
1221	(   2.848807   8.939497   1.399499   0.351795   3.466716 )	266.126830 -0.000034 0.000038 0.000034 -0.000038 
1222	(   2.848848   8.939597   1.399395   0.351782   3.466794 )	266.170535 0.000035 -0.000038 -0.000035 0.000038 
1223	(   2.852934   8.938728   1.400845   0.351387   3.461388 )	263.180329 0.000007 -0.000006 -0.000007 0.000006 
1224	(   2.84884    8.939597   1.399499   0.351783   3.466692 )	266.114712 -0.000071 0.000108 0.000071 -0.000108 
1225	(   2.852849   8.938746   1.40086    0.351374   3.461464 )	263.222280 -0.000182 -0.000003 0.000182 0.000003 
1226	(   2.848732   8.939485   1.399512   0.351798   3.466829 )	266.189151 -0.000047 0.000053 0.000047 -0.000053 
1227	(   2.848819   8.939569   1.399424   0.351786   3.466803 )	266.175189 0.000015 -0.000015 -0.000015 0.000015 
1228	(   2.852987   8.938744   1.400812   0.351383   3.461331 )	263.148842 0.000025 -0.000047 -0.000025 0.000047 
1229	(   2.852957   8.938718   1.400878   0.351389   3.461279 )	263.120480 -0.000042 0.000034 0.000042 -0.000034 
1230	(   2.8529     8.938748   1.400875   0.351382   3.461318 )	263.142928 -0.000169 0.000041 0.000169 -0.000041 
1231	(   2.852943   8.938725   1.400859   0.351366   3.461388 )	263.180295 -0.000121 -0.000045 0.000121 0.000045 
1232	(   2.852974   8.938738   1.400901   0.351391   3.461439 )	263.207465 0.000168 0.000092 -0.000168 -0.000092 
1233	(   2.848815   8.93955    1.399497   0.351784   3.46677  )	266.156767 -0.000037 0.000061 0.000037 -0.000061 
1234	(   2.84884    8.939545   1.399397   0.351792   3.466741 )	266.140596 0.000038 -0.000060 -0.000038 0.000060 
1235	(   2.852935   8.938728   1.400848   0.351389   3.461377 )	263.174298 0.000009 0.000003 -0.000009 -0.000003 
1236	(   2.852915   8.938726   1.400845   0.351389   3.461388 )	263.180506 -0.000018 -0.000003 0.000018 0.000003 
1237	(   2.848815   8.939557   1.399404   0.351791   3.466776 )	266.160360 0.000016 -0.000041 -0.000016 0.000041 
1238	(   2.84884    8.93961    1.399369   0.351782   3.466822 )	266.185896 0.000048 -0.000060 -0.000048 0.000060 
1239	(   2.848815   8.939526   1.399466   0.351792   3.466743 )	266.141595 -0.000014 0.000013 0.000014 -0.000013 
1240	(   2.852949   8.938738   1.400856   0.351385   3.461337 )	263.152603 -0.000028 0.000014 0.000028 -0.000014 
1241	(   2.85294    8.938726   1.400871   0.351387   3.461386 )	263.179219 0.000016 0.000027 -0.000016 -0.000027 
1242	(   2.852935   8.93873    1.400852   0.351396   3.461374 )	263.172350 0.000062 0.000030 -0.000062 -0.000030 
1243	(   2.85292    8.938738   1.400856   0.351385   3.461413 )	263.193734 -0.000011 0.000014 0.000011 -0.000014 
1244	(   2.852957   8.938731   1.400846   0.351388   3.461427 )	263.200903 0.000100 0.000001 -0.000100 -0.000001 
1245	(   2.84883    8.939555   1.399451   0.351778   3.46676  )	266.151561 -0.000060 -0.000014 0.000060 0.000014 
1246	(   2.848825   8.93954    1.399443   0.351798   3.46675  )	266.145803 0.000061 0.000014 -0.000061 -0.000014 
1247	(   2.852938   8.938727   1.400851   0.351386   3.461375 )	263.172941 -0.000002 -0.000001 0.000002 0.000001 
1248	(   2.852937   8.938727   1.400851   0.351387   3.461374 )	263.172307 -0.000002 0.000001 0.000002 -0.000001 
1249	(   2.848827   8.939548   1.399447   0.351787   3.466753 )	266.147194 -0.000012 -0.000002 0.000012 0.000002 
1250	(   2.848831   8.939517   1.399477   0.351791   3.466702 )	266.118832 -0.000024 0.000020 0.000024 -0.000020 
1251	(   2.848822   8.939556   1.399438   0.351787   3.466778 )	266.161099 0.000005 -0.000006 -0.000005 0.000006 
1252	(   2.852933   8.938729   1.400861   0.351384   3.461373 )	263.172170 -0.000028 0.000009 0.000028 -0.000009 

BBE ( SOL ) BBO
1253	(   2.852947   8.938728   1.400856   0.351388   3.461376 )	263.173470 0.000031 0.000013 -0.000031 -0.000013 
1254	(   2.852937   8.938733   1.400851   0.351386   3.461379 )	263.175120 -0.000001 0.000005 0.000001 -0.000005 
1255	(   2.852942   8.938728   1.40085    0.351381   3.461385 )	263.178622 -0.000019 -0.000014 0.000019 0.000014 
1256	(   2.852936   8.938728   1.400854   0.351388   3.461399 )	263.185813 0.000026 0.000009 -0.000026 -0.000009 
1257	(   2.848818   8.939549   1.399446   0.351789   3.466745 )	266.142871 -0.000026 0.000002 0.000026 -0.000002 
1258	(   2.848838   8.939546   1.399448   0.351788   3.466766 )	266.154493 0.000027 -0.000002 -0.000027 0.000002 
1259	(   2.85293    8.938724   1.40085    0.351389   3.461369 )	263.169965 -0.000005 0.000002 0.000005 -0.000002 
1260	(   2.848829   8.939547   1.399446   0.351789   3.466753 )	266.147513 0.000006 0.000001 -0.000006 -0.000001 
1261	(   2.852947   8.938727   1.40085    0.351385   3.461375 )	263.173140 0.000003 -0.000007 -0.000003 0.000007 
1262	(   2.848827   8.93955    1.399443   0.351789   3.466766 )	266.154754 0.000018 0.000000 -0.000018 -0.000000 
1263	(   2.848827   8.939549   1.399446   0.351788   3.466756 )	266.149084 -0.000005 -0.000002 0.000005 0.000002 
1264	(   2.852938   8.938728   1.400854   0.351386   3.461369 )	263.169529 -0.000015 0.000001 0.000015 -0.000001 
1265	(   2.852938   8.938726   1.400851   0.351387   3.461381 )	263.176137 0.000006 -0.000001 -0.000006 0.000001 
1266	(   2.852935   8.938728   1.400846   0.351386   3.461374 )	263.172697 -0.000012 -0.000007 0.000012 0.000007 
1267	(   2.852935   8.938728   1.400852   0.351388   3.461374 )	263.172772 0.000005 0.000008 -0.000005 -0.000008 
1268	(   2.852932   8.938728   1.400853   0.351386   3.461382 )	263.176668 -0.000013 0.000001 0.000013 -0.000001 
1269	(   2.848829   8.939548   1.399449   0.351788   3.466745 )	266.143197 -0.000011 0.000002 0.000011 -0.000002 
1270	(   2.848826   8.939547   1.399445   0.351789   3.466765 )	266.154167 0.000012 -0.000001 -0.000012 0.000001 
1271	(   2.852942   8.93873    1.400849   0.351386   3.461377 )	263.174382 0.000002 -0.000002 -0.000002 0.000002 
1272	(   2.852938   8.938726   1.400851   0.351386   3.461375 )	263.172970 -0.000003 -0.000001 0.000003 0.000001 
1273	(   2.848828   8.939549   1.399446   0.351789   3.466745 )	266.143209 -0.000004 0.000002 0.000004 -0.000002 
1274	(   2.848826   8.939548   1.399447   0.351788   3.466754 )	266.147908 -0.000008 -0.000000 0.000008 0.000000 
1275	(   2.848828   8.939548   1.399446   0.351789   3.466753 )	266.147611 0.000002 0.000001 -0.000002 -0.000001 
1276	(   2.852937   8.938727   1.40085    0.351387   3.461378 )	263.174621 -0.000000 -0.000001 0.000000 0.000001 
1277	(   2.852936   8.938724   1.400847   0.351387   3.461376 )	263.173602 -0.000001 -0.000007 0.000001 0.000007 
1278	(   2.852941   8.938726   1.400852   0.351387   3.461369 )	263.169475 -0.000001 0.000001 0.000001 -0.000001 
1279	(   2.848837   8.939547   1.399445   0.351787   3.466745 )	266.142743 0.000003 -0.000005 -0.000003 0.000005 
1280	(   2.848829   8.939547   1.399447   0.351789   3.46675  )	266.145747 0.000006 0.000003 -0.000006 -0.000003 
1281	(   2.848828   8.939548   1.399446   0.351788   3.466755 )	266.148250 -0.000002 -0.000000 0.000002 0.000000 
1282	(   2.852937   8.938728   1.400851   0.351387   3.461368 )	263.169206 -0.000007 0.000002 0.000007 -0.000002 
1283	(   2.852938   8.938725   1.40085    0.351387   3.461375 )	263.173254 0.000001 -0.000002 -0.000001 0.000002 
1284	(   2.852936   8.938727   1.400855   0.351387   3.461379 )	263.175097 -0.000001 0.000006 0.000001 -0.000006 
1285	(   2.852936   8.938727   1.40085    0.351389   3.46138  )	263.175777 0.000014 0.000004 -0.000014 -0.000004 
1286	(   2.852932   8.938727   1.40085    0.351386   3.461376 )	263.173857 -0.000015 -0.000003 0.000015 0.000003 
1287	(   2.848824   8.939547   1.399442   0.351789   3.466758 )	266.150320 -0.000001 -0.000006 0.000001 0.000006 
1288	(   2.848832   8.939548   1.399452   0.351788   3.466752 )	266.147044 0.000002 0.000006 -0.000002 -0.000006 
1289	(   2.852937   8.938728   1.40085    0.351387   3.461378 )	263.174886 0.000000 -0.000001 -0.000000 0.000001 
1290	(   2.852937   8.938725   1.400849   0.351387   3.461372 )	263.171533 -0.000003 -0.000003 0.000003 0.000003 
1291	(   2.848829   8.939547   1.399445   0.351788   3.466745 )	266.143180 -0.000012 -0.000004 0.000012 0.000004 
1292	(   2.848828   8.939547   1.399447   0.351788   3.466764 )	266.153639 0.000005 -0.000002 -0.000005 0.000002 

BBE ( SOL ) BBO
1293	(   2.848828   8.939548   1.399446   0.351789   3.46675  )	266.145816 -0.000002 0.000001 0.000002 -0.000001 
1294	(   2.852935   8.938728   1.400849   0.351387   3.461375 )	263.172929 -0.000005 -0.000001 0.000005 0.000001 
1295	(   2.852938   8.938727   1.400849   0.351388   3.461376 )	263.173664 0.000008 0.000001 -0.000008 -0.000001 
1296	(   2.852937   8.938728   1.40085    0.351387   3.461378 )	263.174735 -0.000001 -0.000000 0.000001 0.000000 
1297	(   2.852936   8.938727   1.400852   0.351387   3.461377 )	263.174126 0.000001 0.000003 -0.000001 -0.000003 
1298	(   2.852936   8.938727   1.40085    0.351387   3.461383 )	263.177336 0.000007 0.000000 -0.000007 -0.000000 
1299	(   2.848827   8.939548   1.399447   0.351788   3.466757 )	266.149441 -0.000001 0.000001 0.000001 -0.000001 
1300	(   2.848828   8.939546   1.399446   0.351789   3.466754 )	266.147923 0.000002 -0.000001 -0.000002 0.000001 
1301	(   2.852937   8.938727   1.40085    0.351387   3.461378 )	263.174621 -0.000001 -0.000001 0.000001 0.000001 
1302	(   2.848826   8.939546   1.399446   0.351789   3.466753 )	266.147525 -0.000001 -0.000001 0.000001 0.000001 
1303	(   2.852938   8.938727   1.400852   0.351386   3.461375 )	263.172901 -0.000003 0.000001 0.000003 -0.000001 
1304	(   2.848827   8.939547   1.399447   0.351789   3.466756 )	266.149040 0.000003 0.000001 -0.000003 -0.000001 
1305	(   2.848827   8.939548   1.399446   0.351788   3.466755 )	266.148447 -0.000001 -0.000000 0.000001 0.000000 
1306	(   2.848828   8.939546   1.399446   0.351789   3.466753 )	266.147452 0.000001 -0.000001 -0.000001 0.000001 
1307	(   2.848828   8.939545   1.399445   0.351789   3.466751 )	266.146457 0.000002 -0.000002 -0.000002 0.000002 
1308	(   2.848829   8.939548   1.399447   0.351788   3.466757 )	266.149337 0.000003 0.000000 -0.000003 -0.000000 
1309	(   2.848827   8.939547   1.399446   0.351789   3.466754 )	266.147978 -0.000000 -0.000000 0.000000 0.000000 
1310	(   2.848828   8.939549   1.399447   0.351788   3.466757 )	266.149622 -0.000000 0.000001 0.000000 -0.000001 
1311	(   2.848828   8.939547   1.399446   0.351789   3.466754 )	266.147994 0.000001 -0.000001 -0.000001 0.000001 
1312	(   2.848825   8.939545   1.399445   0.351789   3.46675  )	266.145868 -0.000002 -0.000002 0.000002 0.000002 
1313	(   2.852937   8.938727   1.400849   0.351388   3.461368 )	263.169194 -0.000001 0.000000 0.000001 -0.000000 
1314	(   2.852937   8.938727   1.400844   0.351392   3.461338 )	263.152915 -0.000004 0.000004 0.000004 -0.000004 
1315	(   2.852938   8.938724   1.400851   0.351387   3.461368 )	263.169149 -0.000001 -0.000001 0.000001 0.000001 
1316	(   2.848827   8.939546   1.399447   0.351789   3.466751 )	266.146370 -0.000002 0.000000 0.000002 -0.000000 
1317	(   2.848828   8.939548   1.399447   0.351788   3.466756 )	266.149079 -0.000000 0.000001 0.000000 -0.000001 
1318	(   2.852936   8.938727   1.400848   0.351387   3.461358 )	263.163775 -0.000017 -0.000003 0.000017 0.000003 
1319	(   2.852939   8.938727   1.400849   0.351388   3.461363 )	263.166657 0.000001 0.000003 -0.000001 -0.000003 
1320	(   2.852936   8.938729   1.400849   0.351388   3.461367 )	263.168590 -0.000004 0.000002 0.000004 -0.000002 
1321	(   2.852936   8.938727   1.400854   0.351388   3.461367 )	263.168496 -0.000004 0.000007 0.000004 -0.000007 
1322	(   2.852936   8.938727   1.400848   0.35139    3.461366 )	263.168218 0.000010 0.000005 -0.000010 -0.000005 
1323	(   2.848825   8.939548   1.399449   0.351789   3.466755 )	266.148629 -0.000002 0.000004 0.000002 -0.000004 
1324	(   2.848829   8.939546   1.399444   0.351788   3.466753 )	266.147328 0.000002 -0.000005 -0.000002 0.000005 
1325	(   2.852937   8.938726   1.400849   0.351388   3.461369 )	263.169525 -0.000000 -0.000000 0.000000 0.000000 
1326	(   2.852937   8.938724   1.400849   0.351388   3.46137  )	263.170516 0.000003 -0.000003 -0.000003 0.000003 
1327	(   2.852941   8.938724   1.400849   0.351388   3.461358 )	263.163704 0.000000 -0.000001 -0.000000 0.000001 
1328	(   2.852952   8.938715   1.40085    0.35139    3.461328 )	263.147232 0.000005 -0.000004 -0.000005 0.000004 
1329	(   2.852949   8.938733   1.400844   0.351388   3.461352 )	263.160352 0.000004 -0.000001 -0.000004 0.000001 
1330	(   2.852934   8.938729   1.400844   0.351389   3.461364 )	263.167317 0.000000 -0.000000 -0.000000 0.000000 
1331	(   2.852926   8.938735   1.400831   0.351394   3.461352 )	263.160693 0.000002 0.000000 -0.000002 -0.000000 
1332	(   2.852953   8.938715   1.400854   0.351389   3.461328 )	263.147228 0.000001 -0.000001 -0.000001 0.000001 

BBE ( SOL ) BBO
1333	(   2.85293    8.938725   1.400845   0.35139    3.461366 )	263.168001 0.000000 0.000001 -0.000000 -0.000001 
1334	(   2.852935   8.938725   1.400844   0.351391   3.461352 )	263.160476 0.000000 0.000001 -0.000000 -0.000001 
1335	(   2.852934   8.938724   1.400841   0.351393   3.461339 )	263.153403 0.000000 0.000001 -0.000000 -0.000001 
1336	(   2.852931   8.938711   1.400832   0.351405   3.461262 )	263.111667 0.000001 0.000006 -0.000001 -0.000006 
1337	(   2.852945   8.938722   1.400841   0.351394   3.461313 )	263.139121 0.000000 0.000000 -0.000000 -0.000000 
1338	(   2.852979   8.938715   1.400841   0.351395   3.461234 )	263.096280 0.000001 -0.000003 -0.000001 0.000003 
1339	(   2.852917   8.938712   1.400812   0.351412   3.461234 )	263.096729 -0.000000 0.000001 0.000000 -0.000001 
1340	(   2.852832   8.938681   1.400724   0.351469   3.460999 )	262.969592 -0.000002 0.000004 0.000002 -0.000004 
1341	(   2.853018   8.938781   1.400893   0.351343   3.461516 )	263.249702 -0.000010 -0.000007 0.000010 0.000007 
1342	(   2.852974   8.938776   1.400849   0.351369   3.461429 )	263.202523 -0.000003 -0.000002 0.000003 0.000002 
1343	(   2.852932   8.93872    1.400831   0.3514     3.461296 )	263.129961 0.000000 0.000000 -0.000000 -0.000000 
1344	(   2.852931   8.938717   1.400824   0.351404   3.461268 )	263.114704 0.000000 0.000000 -0.000000 -0.000000 
1345	(   2.852927   8.938709   1.400804   0.351417   3.461183 )	263.068941 0.000000 -0.000001 -0.000000 0.000001 
1346	(   2.852914   8.938685   1.400743   0.351456   3.46093  )	262.931440 -0.000000 -0.000002 0.000000 0.000002 
1347	(   2.852927   8.938709   1.400804   0.351417   3.461184 )	263.069091 0.000000 -0.000001 -0.000000 0.000001 
1348	(   2.852958   8.938751   1.400881   0.351362   3.461508 )	263.245352 -0.000000 -0.000001 0.000000 0.000001 
1349	(   2.853016   8.938786   1.400651   0.351468   3.460647 )	262.778287 0.000006 0.000007 -0.000006 -0.000007 
1350	(   2.852945   8.938736   1.400872   0.351373   3.461461 )	263.219504 0.000000 0.000001 -0.000000 -0.000001 
1351	(   2.852931   8.938716   1.400821   0.351406   3.461253 )	263.106551 0.000000 -0.000000 -0.000000 0.000000 
1352	(   2.852933   8.938712   1.400811   0.351412   3.461208 )	263.082093 0.000000 -0.000001 -0.000000 0.000001 
1353	(   2.853011   8.938799   1.400654   0.351459   3.460709 )	262.812304 -0.000000 0.000001 0.000000 -0.000001 
1354	(   2.853265   8.939068   1.400203   0.351587   3.459286 )	262.043877 -0.000001 0.000004 0.000001 -0.000004 
1355	(   2.85306    8.938831   1.400654   0.351447   3.460699 )	262.806854 -0.000000 0.000000 0.000000 -0.000000 
1356	(   2.853208   8.938929   1.400656   0.35141    3.460669 )	262.790504 -0.000000 -0.000001 0.000000 0.000001 
1357	(   2.853652   8.939222   1.40066    0.351298   3.460578 )	262.741462 -0.000001 -0.000005 0.000001 0.000005 
1358	(   2.852913   8.938491   1.400635   0.351582   3.46003  )	262.441911 0.000001 0.000000 -0.000001 -0.000000 
1359	(   2.852471   8.937471   1.400579   0.351988   3.458023 )	261.350037 0.000006 0.000003 -0.000006 -0.000003 
1360	(   2.853208   8.938929   1.400656   0.35141    3.460669 )	262.790502 0.000002 -0.000000 -0.000002 0.000000 
1361	(   2.853115   8.938333   1.400958   0.351478   3.460366 )	262.620183 -0.000002 -0.000001 0.000002 0.000001 
1362	(   2.852662   8.93833    1.400778   0.35157    3.46062  )	262.761250 0.000001 -0.000000 -0.000001 0.000000 
1363	(   2.852985   8.938754   1.400744   0.351431   3.460967 )	262.951744 0.000003 0.000001 -0.000003 -0.000001 
1364	(   2.852947   8.938735   1.400819   0.3514     3.461265 )	263.113354 0.000004 0.000001 -0.000004 -0.000001 
1365	(   2.853091   8.937892   1.400154   0.351959   3.459023 )	261.888518 0.002043 -0.000233 -0.002043 0.000233 
1366	(   2.853224   8.939321   1.400135   0.351101   3.459907 )	262.383024 -0.002933 -0.001147 0.002933 0.001147 
1367	(   2.852513   8.936491   1.400416   0.351371   3.459976 )	262.391823 -0.002361 -0.002868 0.002361 0.002868 
1368	(   2.851913   8.939399   1.400701   0.351056   3.459895 )	262.389092 -0.005892 -0.000425 0.005892 0.000425 
1369	(   2.852418   8.938941   1.400364   0.352582   3.459963 )	262.414059 0.006078 0.002790 -0.006078 -0.002790 
1370	(   2.853029   8.93977    1.401154   0.350935   3.462375 )	263.728283 -0.002043 0.000232 0.002043 -0.000232 
1371	(   2.852893   8.938509   1.400624   0.351571   3.46503  )	265.158932 0.004880 -0.000026 -0.004880 0.000026 
1372	(   2.853122   8.938314   1.400683   0.351473   3.46001  )	262.427254 -0.000378 -0.000407 0.000378 0.000407 

BBE ( SOL ) BBO
1373	(   2.852471   8.937471   1.400579   0.351988   3.458023 )	261.350034 0.000003 0.000002 -0.000003 -0.000002 
1374	(   2.853085   8.938239   1.400664   0.351661   3.459122 )	261.946981 0.000000 -0.000000 -0.000000 0.000000 
1375	(   2.853602   8.937483   1.400749   0.351897   3.456398 )	260.467608 0.000001 -0.000001 -0.000001 0.000001 
1376	(   2.852537   8.937907   1.400723   0.351754   3.459557 )	262.182420 0.000002 0.000000 -0.000002 -0.000000 
1377	(   2.852185   8.938474   1.400347   0.351734   3.460411 )	262.653557 0.000003 0.000001 -0.000003 -0.000001 
1378	(   2.853031   8.938568   1.400676   0.351533   3.460142 )	262.502514 -0.000004 -0.000002 0.000004 0.000002 
1379	(   2.852966   8.938683   1.4008     0.351429   3.46102  )	262.979831 0.000001 0.000001 -0.000001 -0.000001 
1380	(   2.854085   8.93888    1.400634   0.351761   3.458706 )	261.721818 0.002306 0.000871 -0.002306 -0.000871 
1381	(   2.853026   8.938875   1.401164   0.351761   3.45871  )	261.733301 0.000184 0.001587 -0.000184 -0.001587 
1382	(   2.852972   8.939445   1.400608   0.350661   3.45834  )	261.542052 -0.008148 -0.001573 0.008148 0.001573 
1383	(   2.853913   8.938877   1.40021    0.35155    3.459355 )	262.073204 0.001104 -0.000278 -0.001104 0.000278 
1384	(   2.851913   8.938105   1.40106    0.351614   3.460705 )	262.811122 -0.001102 0.000279 0.001102 -0.000279 
1385	(   2.853573   8.936239   1.400906   0.350843   3.462509 )	263.753448 -0.001479 -0.003884 0.001479 0.003884 
1386	(   2.852997   8.939182   1.40062    0.351809   3.464122 )	264.670632 0.005878 0.001284 -0.005878 -0.001284 
1387	(   2.853021   8.938183   1.400655   0.351671   3.459074 )	261.921003 -0.000105 -0.000042 0.000105 0.000042 
1388	(   2.853602   8.937483   1.400749   0.351897   3.456398 )	260.467612 -0.000001 -0.000002 0.000001 0.000002 
1389	(   2.853041   8.938013   1.400662   0.351745   3.458607 )	261.666734 -0.000001 0.000000 0.000001 -0.000000 
1390	(   2.853602   8.937483   1.400749   0.351897   3.456398 )	260.467611 0.000000 -0.000001 -0.000000 0.000001 
1391	(   2.853602   8.937483   1.400749   0.351897   3.456422 )	260.480362 0.000025 -0.000001 -0.000025 0.000001 
1392	(   2.855151   8.935216   1.401005   0.352605   3.448198 )	256.062861 -0.000017 0.000001 0.000017 -0.000001 
1393	(   2.852001   8.937488   1.401018   0.351761   3.460622 )	262.757783 0.000038 0.000000 -0.000038 -0.000000 
1394	(   2.855151   8.936716   1.399905   0.352605   3.448198 )	256.080230 -0.000017 -0.000000 0.000017 0.000000 
1395	(   2.853031   8.938568   1.400676   0.351533   3.460122 )	262.491710 -0.000024 -0.000002 0.000024 0.000002 
1396	(   2.852966   8.938683   1.4008     0.351429   3.461022 )	262.980930 0.000003 0.000001 -0.000003 -0.000001 
1397	(   2.854602   8.937522   1.400726   0.351825   3.454998 )	259.709526 0.000095 -0.000189 -0.000095 0.000189 
1398	(   2.85361    8.942483   1.400765   0.351945   3.457298 )	261.011744 0.001259 0.005150 -0.001259 -0.005150 
1399	(   2.853545   8.937674   1.401249   0.351538   3.449498 )	256.794620 -0.009573 -0.000103 0.009573 0.000103 
1400	(   2.853562   8.937619   1.400667   0.353897   3.451498 )	257.851142 0.009311 0.005456 -0.009311 -0.005456 
1401	(   2.853399   8.938163   1.400337   0.350619   3.446398 )	255.167053 -0.019527 -0.003334 0.019527 0.003334 
1402	(   2.852253   8.937515   1.400164   0.350609   3.451822 )	258.036181 -0.016471 -0.004243 0.016471 0.004243 
1403	(   2.853917   8.938963   1.401164   0.352713   3.466422 )	265.916252 0.016483 0.004260 -0.016483 -0.004260 
1404	(   2.852737   8.937142   1.400745   0.35155    3.463598 )	264.363045 0.002982 -0.001288 -0.002982 0.001288 
1405	(   2.855151   8.935216   1.401005   0.352605   3.448227 )	256.078004 0.000012 0.000001 -0.000012 -0.000001 
1406	(   2.852091   8.937423   1.400986   0.351801   3.460119 )	262.484012 0.000001 0.000001 -0.000001 -0.000001 
1407	(   2.853348   8.939716   1.401008   0.350942   3.46373  )	264.461698 -0.000002 -0.000001 0.000002 0.000001 
1408	(   2.852966   8.938683   1.4008     0.351429   3.46102  )	262.979828 0.000002 0.000001 -0.000002 -0.000001 
1409	(   2.853102   8.938512   1.400754   0.351126   3.455956 )	260.248142 -0.006951 -0.001052 0.006951 0.001052 
1410	(   2.853593   8.937433   1.400949   0.351934   3.456419 )	260.478467 0.000268 0.000322 -0.000268 -0.000322 
1411	(   2.853958   8.939483   1.400758   0.351661   3.455539 )	260.028669 -0.001829 0.001373 0.001829 -0.001373 
1412	(   2.853364   8.938674   1.400743   0.352897   3.456971 )	260.790673 0.007238 0.003895 -0.007238 -0.003895 

BBE ( SOL ) BBO
1413	(   2.853531   8.93768    1.400464   0.351365   3.45729  )	260.949906 -0.003050 -0.001632 0.003050 0.001632 
1414	(   2.852639   8.938798   1.400864   0.351957   3.460954 )	262.947741 0.003049 0.001633 -0.003049 -0.001633 
1415	(   2.853634   8.937667   1.40075    0.351759   3.461398 )	263.166380 0.004077 -0.000190 -0.004077 0.000190 
1416	(   2.853602   8.934119   1.40065    0.351708   3.454344 )	259.326733 -0.003403 -0.004012 0.003403 0.004012 
1417	(   2.853431   8.93812    1.400583   0.351745   3.457826 )	261.244051 0.000002 -0.000001 -0.000002 0.000001 
1418	(   2.853617   8.937447   1.400759   0.351745   3.456332 )	260.431488 -0.001122 -0.000436 0.001122 0.000436 
1419	(   2.853031   8.938568   1.400676   0.351533   3.460142 )	262.502513 -0.000000 -0.000000 0.000000 0.000000 
1420	(   2.853802   8.937479   1.400749   0.351749   3.456159 )	260.337817 -0.000891 -0.000404 0.000891 0.000404 
1421	(   2.853602   8.936483   1.400749   0.351908   3.456417 )	260.465621 0.000103 -0.000970 -0.000103 0.000970 
1422	(   2.853603   8.937483   1.400849   0.351912   3.456423 )	260.481081 0.000137 0.000177 -0.000137 -0.000177 
1423	(   2.853633   8.937496   1.400747   0.352365   3.454398 )	259.395989 0.001408 0.001278 -0.001408 -0.001278 
1424	(   2.853684   8.937517   1.400744   0.352396   3.458398 )	261.542151 0.005730 0.001380 -0.005730 -0.001380 
1425	(   2.852907   8.937586   1.400681   0.352161   3.45873  )	261.728585 0.002820 0.000725 -0.002820 -0.000725 
1426	(   2.853264   8.938892   1.400646   0.351161   3.459514 )	262.165546 -0.002821 -0.000723 0.002821 0.000723 
1427	(   2.853406   8.937496   1.400652   0.351983   3.456686 )	260.623688 0.000510 0.000112 -0.000510 -0.000112 
1428	(   2.853068   8.938446   1.400656   0.351602   3.459589 )	262.201758 0.000013 0.000037 -0.000013 -0.000037 
1429	(   2.853438   8.937389   1.400652   0.351785   3.456578 )	260.564279 -0.000945 -0.000530 0.000945 0.000530 
1430	(   2.853083   8.938509   1.400625   0.351581   3.459698 )	262.261266 0.000000 -0.000001 -0.000000 0.000001 
1431	(   2.85297    8.938667   1.400779   0.351445   3.460896 )	262.912476 0.000000 0.000000 -0.000000 -0.000000 
1432	(   2.853702   8.937176   1.400736   0.351957   3.455699 )	260.088134 -0.000065 -0.000163 0.000065 0.000163 
1433	(   2.853658   8.937749   1.400699   0.351845   3.457002 )	260.794689 0.000344 0.000055 -0.000344 -0.000055 
1434	(   2.85365    8.937983   1.400777   0.351926   3.456059 )	260.291434 -0.000032 0.000616 0.000032 -0.000616 
1435	(   2.853541   8.937669   1.400714   0.35186    3.455398 )	259.934341 -0.001380 0.000038 0.001380 -0.000038 
1436	(   2.853582   8.937543   1.400738   0.352097   3.456534 )	260.541262 0.001526 0.000585 -0.001526 -0.000585 
1437	(   2.853096   8.937801   1.400614   0.35147    3.459104 )	261.932012 -0.001360 -0.001023 0.001360 0.001023 
1438	(   2.853074   8.938677   1.400714   0.351852   3.45914  )	261.961950 0.001361 0.001023 -0.001361 -0.001023 
1439	(   2.853598   8.937411   1.400748   0.351893   3.456496 )	260.519192 0.000064 -0.000084 -0.000064 0.000084 
1440	(   2.853108   8.938427   1.40067    0.351712   3.459205 )	261.993765 0.000493 0.000334 -0.000493 -0.000334 
1441	(   2.853699   8.937392   1.400734   0.35209    3.456107 )	260.308984 0.001282 0.000409 -0.001282 -0.000409 
1442	(   2.85299    8.939195   1.400775   0.351252   3.462238 )	263.646433 0.000001 -0.000000 -0.000001 0.000000 
1443	(   2.853028   8.938309   1.40069    0.351622   3.459515 )	262.160300 -0.000000 -0.000000 0.000000 0.000000 
1444	(   2.853604   8.937477   1.400769   0.351894   3.456398 )	260.467357 -0.000016 0.000013 0.000016 -0.000013 
1445	(   2.853652   8.937615   1.400748   0.351831   3.45639  )	260.464602 -0.000379 -0.000049 0.000379 0.000049 
1446	(   2.853601   8.937486   1.400749   0.351898   3.455898 )	260.199485 -0.000493 0.000004 0.000493 -0.000004 
1447	(   2.853652   8.937342   1.400748   0.351978   3.45639  )	260.461113 0.000671 0.000075 -0.000671 -0.000075 
1448	(   2.8536     8.937683   1.40075    0.35199    3.45641  )	260.475967 0.000672 0.000453 -0.000672 -0.000453 
1449	(   2.853135   8.938361   1.400663   0.351718   3.459041 )	261.904402 0.000431 0.000277 -0.000431 -0.000277 
1450	(   2.853035   8.938117   1.400664   0.351603   3.459203 )	261.989566 -0.000431 -0.000277 0.000431 0.000277 
1451	(   2.8536     8.937479   1.400749   0.351897   3.456404 )	260.470368 0.000003 -0.000005 -0.000003 0.000005 
1452	(   2.853075   8.938237   1.400652   0.351671   3.458951 )	261.854683 -0.000118 0.000009 0.000118 -0.000009 

BBE ( SOL ) BBO
1453	(   2.853604   8.937529   1.400766   0.351902   3.456398 )	260.467978 0.000045 0.000084 -0.000045 -0.000084 
1454	(   2.853015   8.938275   1.400714   0.351622   3.459536 )	262.171496 -0.000001 0.000000 0.000001 -0.000000 
1455	(   2.853032   8.938334   1.400692   0.351612   3.459576 )	262.193936 -0.000001 0.000000 0.000001 -0.000000 
1456	(   2.853622   8.937488   1.400747   0.35189    3.45639  )	260.463018 -0.000017 -0.000017 0.000017 0.000017 
1457	(   2.853597   8.93752    1.400746   0.351847   3.456337 )	260.435250 -0.000428 -0.000104 0.000428 0.000104 
1458	(   2.853598   8.937508   1.400739   0.351923   3.456358 )	260.446188 0.000140 0.000080 -0.000140 -0.000080 
1459	(   2.853601   8.937383   1.400746   0.351886   3.456385 )	260.459083 -0.000095 -0.000136 0.000095 0.000136 
1460	(   2.853601   8.93749    1.400746   0.351888   3.456598 )	260.575048 0.000134 -0.000023 -0.000134 0.000023 
1461	(   2.853073   8.938181   1.400654   0.351691   3.458969 )	261.863876 0.000040 0.000010 -0.000040 -0.000010 
1462	(   2.853098   8.938298   1.400674   0.35163    3.459275 )	262.030110 -0.000039 -0.000011 0.000039 0.000011 
1463	(   2.853602   8.937483   1.400749   0.351898   3.456398 )	260.467434 0.000006 0.000002 -0.000006 -0.000002 
1464	(   2.853622   8.937477   1.400749   0.351892   3.456395 )	260.465689 0.000002 -0.000020 -0.000002 0.000020 
1465	(   2.853073   8.938218   1.400655   0.35166    3.459188 )	261.982454 0.000037 -0.000034 -0.000037 0.000034 
1466	(   2.85304    8.938115   1.400677   0.351686   3.459018 )	261.889843 -0.000013 -0.000037 0.000013 0.000037 
1467	(   2.853047   8.938198   1.400672   0.351665   3.459161 )	261.967789 -0.000007 -0.000019 0.000007 0.000019 
1468	(   2.853611   8.937433   1.400752   0.3519     3.456354 )	260.443268 -0.000002 -0.000038 0.000002 0.000038 
1469	(   2.853596   8.937437   1.400744   0.3519     3.456357 )	260.445029 -0.000031 -0.000046 0.000031 0.000046 
1470	(   2.853612   8.937484   1.400744   0.351892   3.456467 )	260.504423 0.000053 -0.000020 -0.000053 0.000020 
1471	(   2.853605   8.937511   1.400747   0.351895   3.456298 )	260.414264 -0.000105 0.000020 0.000105 -0.000020 
1472	(   2.853601   8.937475   1.400749   0.351877   3.456391 )	260.463597 -0.000152 -0.000063 0.000152 0.000063 
1473	(   2.853089   8.938271   1.400669   0.351644   3.459067 )	261.917669 -0.000166 -0.000007 0.000166 0.000007 
1474	(   2.853082   8.938208   1.400659   0.351677   3.459177 )	261.976296 0.000167 0.000006 -0.000167 -0.000006 
1475	(   2.8536     8.937504   1.400753   0.3519     3.456387 )	260.461862 0.000007 0.000034 -0.000007 -0.000034 
1476	(   2.8536     8.937501   1.400748   0.351894   3.456316 )	260.423586 -0.000108 0.000007 0.000108 -0.000007 
1477	(   2.853075   8.938217   1.400676   0.351652   3.459335 )	262.061830 0.000130 -0.000030 -0.000130 0.000030 
1478	(   2.853075   8.938232   1.400658   0.351666   3.459047 )	261.906455 -0.000056 -0.000001 0.000056 0.000001 
1479	(   2.853607   8.937481   1.400749   0.351896   3.456392 )	260.464151 0.000001 -0.000004 -0.000001 0.000004 
1480	(   2.853601   8.937502   1.400751   0.351894   3.456351 )	260.442307 -0.000069 0.000012 0.000069 -0.000012 
1481	(   2.853601   8.937467   1.400748   0.351894   3.456348 )	260.440595 -0.000073 -0.000026 0.000073 0.000026 
1482	(   2.853601   8.93748    1.400749   0.351907   3.456387 )	260.461633 0.000060 0.000023 -0.000060 -0.000023 
1483	(   2.853601   8.937468   1.400751   0.351894   3.456419 )	260.478777 -0.000001 -0.000022 0.000001 0.000022 
1484	(   2.853087   8.938238   1.400663   0.351664   3.459072 )	261.919962 -0.000025 0.000005 0.000025 -0.000005 
1485	(   2.853083   8.938241   1.400664   0.351658   3.459172 )	261.974002 0.000025 -0.000006 -0.000025 0.000006 
1486	(   2.853602   8.937485   1.400749   0.351896   3.456399 )	260.467742 -0.000002 -0.000001 0.000002 0.000001 
1487	(   2.853602   8.937483   1.400749   0.351897   3.456392 )	260.464384 -0.000001 -0.000000 0.000001 0.000000 
1488	(   2.853603   8.937481   1.400749   0.351899   3.456374 )	260.454701 -0.000004 0.000003 0.000004 -0.000003 
1489	(   2.853603   8.937481   1.400748   0.351907   3.456353 )	260.443111 0.000029 0.000023 -0.000029 -0.000023 
1490	(   2.853086   8.938281   1.400668   0.35164    3.459015 )	261.889737 -0.000255 -0.000009 0.000255 0.000009 
1491	(   2.853083   8.938226   1.400661   0.351668   3.459137 )	261.954653 0.000061 0.000002 -0.000061 -0.000002 
1492	(   2.8536     8.937485   1.400749   0.351899   3.456342 )	260.437600 -0.000045 0.000006 0.000045 -0.000006 

BBE ( SOL ) BBO
1493	(   2.853603   8.937473   1.40075    0.351892   3.456367 )	260.450419 -0.000066 -0.000024 0.000066 0.000024 
1494	(   2.853607   8.937492   1.400749   0.351894   3.456376 )	260.455875 -0.000032 -0.000000 0.000032 0.000000 
1495	(   2.853606   8.937479   1.400748   0.351895   3.456381 )	260.458250 -0.000023 -0.000012 0.000023 0.000012 
1496	(   2.853604   8.93748    1.400749   0.351907   3.456385 )	260.460552 0.000068 0.000025 -0.000068 -0.000025 
1497	(   2.853086   8.938237   1.400664   0.351656   3.459072 )	261.919971 -0.000084 -0.000016 0.000084 0.000016 
1498	(   2.853084   8.938242   1.400663   0.351666   3.459172 )	261.973992 0.000084 0.000016 -0.000084 -0.000016 
1499	(   2.853597   8.937483   1.400749   0.351899   3.456421 )	260.480045 0.000032 0.000005 -0.000032 -0.000005 
1500	(   2.853603   8.937481   1.400748   0.351898   3.456384 )	260.459996 -0.000001 -0.000001 0.000001 0.000001 
1501	(   2.853085   8.938239   1.400664   0.351661   3.459116 )	261.943693 -0.000003 0.000001 0.000003 -0.000001 
1502	(   2.853083   8.938236   1.400662   0.351669   3.459175 )	261.975746 0.000107 0.000017 -0.000107 -0.000017 
1503	(   2.853086   8.938237   1.400664   0.351659   3.459098 )	261.933914 -0.000036 -0.000008 0.000036 0.000008 
1504	(   2.853604   8.937478   1.400749   0.3519     3.456384 )	260.459979 0.000013 0.000002 -0.000013 -0.000002 
1505	(   2.853603   8.937485   1.400749   0.3519     3.456385 )	260.460514 0.000012 0.000009 -0.000012 -0.000009 
1506	(   2.853603   8.937478   1.400749   0.351892   3.456407 )	260.472431 -0.000019 -0.000018 0.000019 0.000018 
1507	(   2.853601   8.937481   1.400749   0.351896   3.456372 )	260.453643 -0.000034 -0.000006 0.000034 0.000006 
1508	(   2.853604   8.937485   1.400749   0.351892   3.456384 )	260.460186 -0.000041 -0.000011 0.000041 0.000011 
1509	(   2.853083   8.938242   1.400664   0.351659   3.459102 )	261.936240 -0.000039 -0.000004 0.000039 0.000004 
1510	(   2.853087   8.938237   1.400664   0.351663   3.459142 )	261.957722 0.000040 0.000003 -0.000040 -0.000003 
1511	(   2.853602   8.937483   1.400749   0.351897   3.456393 )	260.464530 -0.000000 0.000000 0.000000 -0.000000 
1512	(   2.853602   8.937483   1.400749   0.351898   3.456393 )	260.464970 0.000002 0.000001 -0.000002 -0.000001 
1513	(   2.853604   8.937485   1.400749   0.351895   3.456403 )	260.470063 -0.000001 -0.000003 0.000001 0.000003 
1514	(   2.853605   8.937479   1.400748   0.351899   3.45638  )	260.457439 0.000008 0.000000 -0.000008 -0.000000 
1515	(   2.853602   8.937482   1.400749   0.351897   3.456393 )	260.464682 -0.000002 -0.000002 0.000002 0.000002 
1516	(   2.853602   8.937483   1.400749   0.351897   3.456393 )	260.464898 0.000001 0.000000 -0.000001 -0.000000 
1517	(   2.8536     8.937484   1.400749   0.351897   3.456387 )	260.461445 -0.000013 -0.000000 0.000013 0.000000 
1518	(   2.853601   8.937478   1.400749   0.351899   3.456392 )	260.464361 0.000013 0.000001 -0.000013 -0.000001 
1519	(   2.853602   8.93748    1.400749   0.351896   3.456373 )	260.453756 -0.000029 -0.000007 0.000029 0.000007 
1520	(   2.853601   8.937478   1.400749   0.351899   3.456389 )	260.462675 0.000009 0.000001 -0.000009 -0.000001 
1521	(   2.853602   8.937486   1.400749   0.351896   3.456376 )	260.455682 -0.000024 0.000001 0.000024 -0.000001 
1522	(   2.853602   8.937484   1.400749   0.351902   3.456386 )	260.461098 0.000030 0.000015 -0.000030 -0.000015 
1523	(   2.853603   8.937488   1.400749   0.351895   3.456395 )	260.466092 -0.000010 -0.000001 0.000010 0.000001 
1524	(   2.853602   8.937483   1.400749   0.351897   3.456393 )	260.464793 0.000000 0.000000 -0.000000 -0.000000 
1525	(   2.8536     8.937483   1.400749   0.351898   3.45638  )	260.457775 -0.000015 0.000000 0.000015 -0.000000 
1526	(   2.853602   8.937481   1.400749   0.351899   3.456373 )	260.453830 -0.000008 0.000003 0.000008 -0.000003 
1527	(   2.853601   8.937485   1.40075    0.351896   3.456404 )	260.470491 0.000001 0.000001 -0.000001 -0.000001 
1528	(   2.853603   8.937482   1.400748   0.351898   3.456389 )	260.462620 -0.000000 -0.000001 0.000000 0.000001 
1529	(   2.853604   8.937479   1.400747   0.351899   3.456378 )	260.456888 -0.000001 -0.000003 0.000001 0.000003 
1530	(   2.853601   8.937478   1.40075    0.3519     3.45638  )	260.457510 0.000001 0.000002 -0.000001 -0.000002 
1531	(   2.853606   8.937478   1.400748   0.3519     3.456369 )	260.451696 0.000000 0.000000 -0.000000 -0.000000 
1532	(   2.853615   8.937465   1.400746   0.351906   3.456308 )	260.418928 0.000003 0.000003 -0.000003 -0.000003 

BBE ( SOL ) BBO
1533	(   2.853607   8.937473   1.400747   0.351902   3.45635  )	260.441243 0.000000 -0.000000 -0.000000 0.000000 
1534	(   2.85362    8.937444   1.400743   0.351915   3.456231 )	260.377123 0.000003 0.000001 -0.000003 -0.000001 
1535	(   2.853612   8.937473   1.400747   0.351902   3.45634  )	260.436341 -0.000000 -0.000000 0.000000 0.000000 
1536	(   2.853639   8.937448   1.400741   0.351915   3.456195 )	260.357519 -0.000001 0.000002 0.000001 -0.000002 
1537	(   2.853632   8.937514   1.400747   0.351887   3.456409 )	260.473295 0.000002 0.000001 -0.000002 -0.000001 
1538	(   2.853596   8.937517   1.400745   0.351887   3.456478 )	260.510816 -0.000001 0.000000 0.000001 -0.000000 
1539	(   2.853609   8.937474   1.400747   0.351902   3.456349 )	260.440822 0.000001 0.000001 -0.000001 -0.000001 
1540	(   2.853604   8.93748    1.400748   0.351899   3.456379 )	260.457170 -0.000000 -0.000000 0.000000 0.000000 
1541	(   2.853613   8.937523   1.400746   0.351898   3.456343 )	260.438142 -0.000021 0.000039 0.000021 -0.000039 
1542	(   2.853592   8.93748    1.400745   0.35195    3.456311 )	260.420634 0.000274 0.000135 -0.000274 -0.000135 
1543	(   2.853596   8.937432   1.400748   0.351919   3.456315 )	260.422195 0.000065 0.000007 -0.000065 -0.000007 
1544	(   2.853594   8.937479   1.400752   0.35187    3.456315 )	260.422745 -0.000291 -0.000075 0.000291 0.000075 
1545	(   2.8536     8.937468   1.400742   0.35186    3.456366 )	260.450260 -0.000297 -0.000126 0.000297 0.000126 
1546	(   2.853609   8.937532   1.400749   0.351876   3.456463 )	260.503050 -0.000066 -0.000008 0.000066 0.000008 
1547	(   2.85361    8.937474   1.400747   0.351906   3.45654  )	260.543686 0.000227 0.000013 -0.000227 -0.000013 
1548	(   2.853618   8.937424   1.400748   0.351895   3.456342 )	260.436510 -0.000036 -0.000067 0.000036 0.000067 
1549	(   2.853594   8.937494   1.400745   0.351896   3.456418 )	260.478235 -0.000002 0.000002 0.000002 -0.000002 
1550	(   2.853612   8.937493   1.400746   0.351895   3.456389 )	260.462578 0.000000 0.000000 -0.000000 -0.000000 
1551	(   2.853614   8.937476   1.400745   0.351902   3.456338 )	260.435081 0.000000 -0.000000 -0.000000 0.000000 
1552	(   2.85362    8.937473   1.400743   0.351904   3.456311 )	260.420358 0.000000 -0.000000 -0.000000 0.000000 
1553	(   2.853638   8.937462   1.400738   0.35191    3.456229 )	260.376192 0.000001 -0.000001 -0.000001 0.000001 
1554	(   2.853592   8.937479   1.400743   0.351902   3.456384 )	260.459924 -0.000000 -0.000000 0.000000 0.000000 
1555	(   2.853592   8.937468   1.400738   0.351908   3.456337 )	260.434771 -0.000000 -0.000001 0.000000 0.000001 
1556	(   2.853506   8.937453   1.400722   0.35192    3.456417 )	260.478015 -0.000003 -0.000004 0.000003 0.000004 
1557	(   2.853524   8.937383   1.400723   0.351948   3.456186 )	260.352858 -0.000001 0.000003 0.000001 -0.000003 
1558	(   2.853623   8.937448   1.400749   0.35191    3.456262 )	260.393669 -0.000000 -0.000001 0.000000 0.000001 
1559	(   2.853631   8.937375   1.400766   0.351928   3.456114 )	260.313619 -0.000003 -0.000001 0.000003 0.000001 
1560	(   2.853637   8.937459   1.400747   0.351907   3.456252 )	260.388596 -0.000000 -0.000000 0.000000 0.000000 
1561	(   2.85368    8.937491   1.40074    0.351899   3.456224 )	260.373376 -0.000000 0.000000 0.000000 -0.000000 
1562	(   2.85381    8.937587   1.40072    0.351874   3.456138 )	260.327723 -0.000001 0.000002 0.000001 -0.000002 
1563	(   2.853595   8.937183   1.400917   0.351922   3.45623  )	260.373826 0.000001 -0.000004 -0.000001 0.000004 
1564	(   2.853596   8.937574   1.400652   0.351912   3.4563   )	260.415700 -0.000001 -0.000001 0.000001 0.000001 
1565	(   2.853658   8.937476   1.400742   0.351903   3.456237 )	260.380259 -0.000001 0.000000 0.000001 -0.000000 
1566	(   2.85362    8.937473   1.400746   0.351902   3.456321 )	260.425996 0.000000 -0.000000 -0.000000 0.000000 
1567	(   2.853592   8.937432   1.400747   0.351916   3.456275 )	260.400907 -0.000001 -0.000001 0.000001 0.000001 
1568	(   2.853596   8.937174   1.400797   0.351987   3.455761 )	260.121915 -0.000001 -0.000000 0.000001 0.000000 
1569	(   2.85341    8.936266   1.400961   0.352239   3.454333 )	259.348363 -0.000002 -0.000001 0.000002 0.000001 
1570	(   2.85381    8.937587   1.40072    0.351874   3.456138 )	260.327461 -0.000000 0.000002 0.000000 -0.000002 
1571	(   2.853419   8.936404   1.400864   0.352237   3.454333 )	259.349888 0.000003 -0.000001 -0.000003 0.000001 
1572	(   2.853345   8.936882   1.400806   0.35209    3.455531 )	259.997310 0.000001 -0.000000 -0.000001 0.000000 

BBE ( SOL ) BBO
1573	(   2.85234    8.935054   1.401004   0.352664   3.453453 )	258.872251 0.000002 0.000001 -0.000002 -0.000001 
1574	(   2.852188   8.935667   1.401258   0.35231    3.456285 )	260.396632 -0.000001 -0.000001 0.000001 0.000001 
1575	(   2.852492   8.936891   1.400828   0.352076   3.457347 )	260.979051 -0.000001 -0.000000 0.000001 0.000000 
1576	(   2.853657   8.937475   1.400742   0.351904   3.456238 )	260.381019 0.000001 -0.000000 -0.000001 0.000000 
1577	(   2.853623   8.937474   1.400745   0.351902   3.456315 )	260.422507 0.000001 -0.000000 -0.000001 0.000000 
1578	(   2.853202   8.93675    1.400306   0.352057   3.454543 )	259.467863 -0.001514 -0.000904 0.001514 0.000904 
1579	(   2.855345   8.93681    1.400839   0.352072   3.454994 )	259.692082 0.003354 -0.000077 -0.003354 0.000077 
1580	(   2.853273   8.938882   1.400837   0.352073   3.455036 )	259.757288 -0.000759 0.001996 0.000759 -0.001996 
1581	(   2.853272   8.936814   1.400837   0.35259    3.455027 )	259.726754 0.002922 0.001331 -0.002922 -0.001331 
1582	(   2.85269    8.936274   1.401085   0.351936   3.453531 )	258.926732 -0.004416 -0.000647 0.004416 0.000647 
1583	(   2.852443   8.93567    1.400571   0.352399   3.455225 )	259.825685 0.000086 -0.000696 -0.000086 0.000696 
1584	(   2.854917   8.939312   1.40091    0.351399   3.457223 )	260.922162 -0.000093 0.000698 0.000093 -0.000698 
1585	(   2.852467   8.935596   1.401098   0.351978   3.457032 )	260.794746 -0.001064 -0.001192 0.001064 0.001192 
1586	(   2.854151   8.937147   1.400731   0.35203    3.454336 )	259.354265 -0.000001 -0.000000 0.000001 0.000000 
1587	(   2.855564   8.936114   1.400703   0.352425   3.448672 )	256.320176 0.000002 -0.000002 -0.000002 0.000002 
1588	(   2.853469   8.936247   1.401079   0.352187   3.454587 )	259.483655 -0.000001 0.000000 0.000001 -0.000000 
1589	(   2.853629   8.936786   1.401098   0.351979   3.455751 )	260.111913 -0.000000 0.000000 0.000000 -0.000000 
1590	(   2.855564   8.936114   1.400703   0.352424   3.448672 )	256.320176 -0.000001 -0.000003 0.000001 0.000003 
1591	(   2.853476   8.934671   1.40217    0.35222    3.454332 )	259.328806 -0.000004 0.000005 0.000004 -0.000005 
1592	(   2.853528   8.937056   1.400719   0.35207    3.455306 )	259.877343 0.000002 0.000001 -0.000002 -0.000001 
1593	(   2.852724   8.937983   1.40013    0.352023   3.457253 )	260.939684 -0.000003 -0.000001 0.000003 0.000001 
1594	(   2.85366    8.937197   1.400884   0.351935   3.456006 )	260.253264 0.000002 0.000001 -0.000002 -0.000001 
1595	(   2.853625   8.937406   1.40078    0.35191    3.456255 )	260.389550 0.000002 0.000001 -0.000002 -0.000001 
1596	(   2.854206   8.937162   1.401231   0.35218    3.452881 )	258.577900 -0.000273 0.001103 0.000273 -0.001103 
1597	(   2.856151   8.93714    1.400744   0.351955   3.455065 )	259.727191 0.004211 -0.000193 -0.004211 0.000193 
1598	(   2.854148   8.942147   1.400732   0.352022   3.454412 )	259.455768 0.000011 0.004980 -0.000011 -0.004980 
1599	(   2.853787   8.93705    1.400906   0.35103    3.45768  )	261.150339 -0.004536 -0.002567 0.004536 0.002567 
1600	(   2.853963   8.937097   1.400821   0.352779   3.459336 )	262.039871 0.009970 0.002106 -0.009970 -0.002106 
1601	(   2.851629   8.93472    1.400807   0.351172   3.454114 )	259.228561 -0.011408 -0.004646 0.011408 0.004646 
1602	(   2.855629   8.938852   1.401388   0.352786   3.457388 )	260.998200 0.011429 0.004656 -0.011429 -0.004656 
1603	(   2.853587   8.937102   1.400715   0.352071   3.453991 )	259.174174 -0.001186 0.000045 0.001186 -0.000045 
1604	(   2.853476   8.934671   1.40217    0.352221   3.454332 )	259.328805 -0.000001 0.000006 0.000001 -0.000006 
1605	(   2.85376    8.93733    1.400901   0.351877   3.45622  )	260.368850 0.000000 0.000000 -0.000000 -0.000000 
1606	(   2.853985   8.936819   1.400748   0.352143   3.453866 )	259.100686 0.000001 0.000000 -0.000001 -0.000000 
1607	(   2.853487   8.935835   1.400799   0.352481   3.452457 )	258.341389 0.000006 0.000003 -0.000006 -0.000003 
1608	(   2.853691   8.937634   1.4007     0.351866   3.456435 )	260.488361 0.000000 0.000000 -0.000000 -0.000000 
1609	(   2.854354   8.941269   1.400416   0.350664   3.463705 )	264.458390 0.000004 0.000001 -0.000004 -0.000001 
1610	(   2.853711   8.937142   1.400946   0.351924   3.455982 )	260.239225 0.000002 0.000001 -0.000002 -0.000001 
1611	(   2.853642   8.937391   1.400796   0.351907   3.456236 )	260.379083 -0.000004 -0.000001 0.000004 0.000001 
1612	(   2.851629   8.937897   1.400974   0.352715   3.452152 )	258.219859 -0.002363 0.002941 0.002363 -0.002941 

BBE ( SOL ) BBO
1613	(   2.855985   8.938967   1.400787   0.352235   3.4535   )	258.914527 0.004315 0.002451 -0.004315 -0.002451 
1614	(   2.854485   8.932013   1.400948   0.351937   3.454686 )	259.476511 0.000352 -0.005092 -0.000352 0.005092 
1615	(   2.855138   8.9332     1.400548   0.351667   3.455755 )	260.057642 0.000802 -0.005180 -0.000802 0.005180 
1616	(   2.854123   8.935495   1.400724   0.352086   3.448866 )	256.427851 -0.005125 -0.001511 0.005125 0.001511 
1617	(   2.853807   8.93853    1.400779   0.351143   3.453574 )	258.968292 -0.007794 -0.000954 0.007794 0.000954 
1618	(   2.855629   8.935675   1.401221   0.351243   3.45935  )	262.018129 0.002349 -0.002937 -0.002349 0.002937 
1619	(   2.853786   8.936754   1.400746   0.352158   3.453903 )	259.121313 -0.000255 -0.000026 0.000255 0.000026 
1620	(   2.853487   8.935835   1.400799   0.352481   3.452457 )	258.341389 0.000005 0.000003 -0.000005 -0.000003 
1621	(   2.853338   8.936935   1.400959   0.351994   3.45615  )	260.330016 -0.000082 -0.000000 0.000082 0.000000 
1622	(   2.853209   8.937453   1.400575   0.351995   3.45648  )	260.514229 -0.000001 0.000000 0.000001 -0.000000 
1623	(   2.853711   8.937142   1.400946   0.351924   3.455982 )	260.239225 0.000000 0.000000 -0.000000 -0.000000 
1624	(   2.853983   8.934819   1.400735   0.352219   3.452693 )	258.450844 -0.000631 -0.001810 0.000631 0.001810 
1625	(   2.853984   8.93705    1.400848   0.352193   3.453097 )	258.693334 -0.000413 0.000503 0.000413 -0.000503 
1626	(   2.854985   8.936822   1.400748   0.352144   3.453857 )	259.087461 0.002006 0.000005 -0.002006 -0.000005 
1627	(   2.853978   8.938326   1.400694   0.352469   3.451866 )	258.053191 0.000317 0.002318 -0.000317 -0.002318 
1628	(   2.853984   8.937111   1.400737   0.351643   3.452894 )	258.586411 -0.004546 -0.001077 0.004546 0.001077 
1629	(   2.85328    8.934786   1.401064   0.352062   3.454496 )	259.418740 -0.001365 -0.001820 0.001365 0.001820 
1630	(   2.853978   8.938786   1.401131   0.351897   3.457006 )	260.806810 0.001364 0.001821 -0.001364 -0.001821 
1631	(   2.853075   8.937651   1.400674   0.352294   3.455736 )	260.118442 0.001115 0.001141 -0.001115 -0.001141 
1632	(   2.85389    8.936523   1.400721   0.352221   3.453216 )	258.750981 -0.000284 -0.000121 0.000284 0.000121 
1633	(   2.853655   8.93677    1.401036   0.352016   3.45544  )	259.944855 0.000001 -0.000001 -0.000001 0.000001 
1634	(   2.853747   8.937011   1.401029   0.351931   3.455861 )	260.172653 -0.000000 0.000001 0.000000 -0.000001 
1635	(   2.853652   8.937357   1.400815   0.351911   3.456198 )	260.358358 0.000000 -0.000000 -0.000000 0.000000 
1636	(   2.854008   8.935819   1.400743   0.352219   3.453866 )	259.088240 0.000592 -0.000799 -0.000592 0.000799 
1637	(   2.853944   8.936738   1.400798   0.352149   3.453866 )	259.100085 -0.000039 0.000004 0.000039 -0.000004 
1638	(   2.853485   8.936922   1.400743   0.352217   3.453866 )	259.106084 -0.000475 0.000298 0.000475 -0.000298 
1639	(   2.853985   8.936819   1.400748   0.352143   3.452866 )	258.567398 -0.000999 0.000000 0.000999 -0.000000 
1640	(   2.854189   8.937216   1.40075    0.352343   3.453866 )	259.103572 0.001841 0.000942 -0.001841 -0.000942 
1641	(   2.854036   8.936762   1.401136   0.352007   3.454751 )	259.572837 0.000015 0.000104 -0.000015 -0.000104 
1642	(   2.853222   8.93681    1.401059   0.351952   3.456751 )	260.652080 -0.000016 -0.000103 0.000016 0.000103 
1643	(   2.853988   8.936825   1.400747   0.352139   3.454046 )	259.196841 0.000161 -0.000004 -0.000161 0.000004 
1644	(   2.853476   8.934671   1.40217    0.352221   3.454332 )	259.328993 -0.000001 0.000006 0.000001 -0.000006 
1645	(   2.853845   8.936415   1.400727   0.352086   3.454258 )	259.306164 -0.000293 -0.000586 0.000293 0.000586 
1646	(   2.853685   8.936819   1.401087   0.352057   3.45586  )	260.170137 0.000774 0.000229 -0.000774 -0.000229 
1647	(   2.854945   8.938528   1.401071   0.351351   3.457596 )	261.113081 -0.000011 0.000002 0.000011 -0.000002 
1648	(   2.852991   8.935922   1.401021   0.352336   3.454488 )	259.430702 0.000002 0.000000 -0.000002 -0.000000 
1649	(   2.854012   8.936696   1.400746   0.35214    3.453366 )	258.832189 -0.000470 -0.000135 0.000470 0.000135 
1650	(   2.854163   8.937319   1.400756   0.352157   3.453776 )	259.057287 0.000365 0.000549 -0.000365 -0.000549 
1651	(   2.854066   8.93644    1.400768   0.352133   3.453934 )	259.131769 0.000159 -0.000379 -0.000159 0.000379 
1652	(   2.854185   8.936598   1.400732   0.352118   3.454034 )	259.185859 0.000390 -0.000311 -0.000390 0.000311 

BBE ( SOL ) BBO
1653	(   2.854005   8.936728   1.400746   0.352243   3.453882 )	259.108001 0.000771 0.000179 -0.000771 -0.000179 
1654	(   2.853701   8.936854   1.401078   0.351986   3.455301 )	259.871022 -0.000257 0.000061 0.000257 -0.000061 
1655	(   2.853558   8.936717   1.401118   0.351972   3.456201 )	260.353025 0.000256 -0.000060 -0.000256 0.000060 
1656	(   2.85398    8.936822   1.400748   0.352142   3.453869 )	259.102520 -0.000012 0.000002 0.000012 -0.000002 
1657	(   2.853792   8.936731   1.400741   0.352118   3.45404  )	259.194355 -0.000392 -0.000166 0.000392 0.000166 
1658	(   2.853775   8.936284   1.401046   0.352228   3.4537   )	259.007603 0.000018 0.000103 -0.000018 -0.000103 
1659	(   2.85336    8.936678   1.401056   0.352021   3.455988 )	260.240009 -0.000008 -0.000051 0.000008 0.000051 
1660	(   2.854085   8.936777   1.400745   0.352137   3.453903 )	259.119072 0.000198 -0.000060 -0.000198 0.000060 
1661	(   2.853955   8.936945   1.400738   0.352118   3.454027 )	259.188486 -0.000076 0.000046 0.000076 -0.000046 
1662	(   2.854018   8.937019   1.400743   0.35217    3.453689 )	259.008516 0.000084 0.000268 -0.000084 -0.000268 
1663	(   2.853998   8.936896   1.400752   0.352093   3.453798 )	259.065086 -0.000399 -0.000052 0.000399 0.000052 
1664	(   2.854015   8.937001   1.400758   0.352168   3.454054 )	259.203276 0.000426 0.000263 -0.000426 -0.000263 
1665	(   2.853705   8.936765   1.401088   0.351983   3.455771 )	260.122011 0.000199 -0.000024 -0.000199 0.000024 
1666	(   2.853554   8.936807   1.401108   0.351976   3.45573  )	260.101815 -0.000200 0.000025 0.000200 -0.000025 
1667	(   2.853889   8.936579   1.400751   0.352167   3.453837 )	259.083232 -0.000052 -0.000170 0.000052 0.000170 
1668	(   2.853955   8.937019   1.400741   0.35213    3.454054 )	259.204029 0.000031 0.000155 -0.000031 -0.000155 
1669	(   2.853989   8.936823   1.400748   0.352143   3.453766 )	259.047330 -0.000089 0.000006 0.000089 -0.000006 
1670	(   2.854035   8.936759   1.400748   0.352148   3.453871 )	259.102334 0.000143 -0.000045 -0.000143 0.000045 
1671	(   2.853962   8.936719   1.400747   0.352135   3.453857 )	259.095014 -0.000116 -0.000124 0.000116 0.000124 
1672	(   2.853978   8.93681    1.400753   0.352142   3.453865 )	259.100228 -0.000021 -0.000004 0.000021 0.000004 
1673	(   2.853966   8.936795   1.400748   0.352163   3.453864 )	259.099449 0.000102 0.000031 -0.000102 -0.000031 
1674	(   2.853679   8.936692   1.401099   0.351986   3.455827 )	260.151289 0.000227 -0.000072 -0.000227 0.000072 
1675	(   2.853579   8.93688    1.401096   0.351972   3.455674 )	260.072543 -0.000228 0.000073 0.000228 -0.000073 
1676	(   2.853985   8.936833   1.400747   0.352141   3.453899 )	259.118658 0.000020 0.000009 -0.000020 -0.000009 
1677	(   2.853963   8.936829   1.400747   0.352149   3.453899 )	259.118792 0.000029 0.000025 -0.000029 -0.000025 
1678	(   2.853989   8.936814   1.400749   0.352151   3.453816 )	259.073904 0.000012 0.000017 -0.000012 -0.000017 
1679	(   2.853965   8.936818   1.400747   0.352144   3.453858 )	259.096641 -0.000039 0.000002 0.000039 -0.000002 
1680	(   2.853985   8.936769   1.400748   0.352143   3.45387  )	259.101953 -0.000000 -0.000051 0.000000 0.000051 
1681	(   2.853989   8.936814   1.400746   0.352151   3.453879 )	259.107289 0.000079 0.000015 -0.000079 -0.000015 
1682	(   2.853982   8.936823   1.40075    0.352152   3.453916 )	259.127455 0.000106 0.000031 -0.000106 -0.000031 
1683	(   2.853635   8.936786   1.401096   0.35198    3.455746 )	260.109298 0.000012 -0.000000 -0.000012 0.000000 
1684	(   2.853623   8.936785   1.4011     0.351979   3.455756 )	260.114528 -0.000013 0.000001 0.000013 -0.000001 
1685	(   2.854001   8.936865   1.400747   0.352135   3.453849 )	259.092074 -0.000045 0.000022 0.000045 -0.000022 
1686	(   2.853965   8.936827   1.400746   0.352145   3.453861 )	259.098487 -0.000027 0.000013 0.000027 -0.000013 
1687	(   2.853995   8.936816   1.400748   0.352142   3.453866 )	259.100787 0.000013 -0.000006 -0.000013 0.000006 
1688	(   2.853983   8.936839   1.400748   0.35214    3.453867 )	259.101536 -0.000025 0.000013 0.000025 -0.000013 
1689	(   2.853988   8.936831   1.400748   0.352148   3.453864 )	259.099884 0.000041 0.000026 -0.000041 -0.000026 
1690	(   2.853988   8.93683    1.400747   0.352141   3.453864 )	259.099971 -0.000007 0.000006 0.000007 -0.000006 
1691	(   2.853985   8.936819   1.400748   0.352143   3.453886 )	259.111370 0.000023 0.000002 -0.000023 -0.000002 
1692	(   2.853633   8.936785   1.401098   0.351984   3.455732 )	260.101876 0.000024 0.000014 -0.000024 -0.000014 

BBE ( SOL ) BBO
1693	(   2.853626   8.936787   1.401097   0.351974   3.45577  )	260.121950 -0.000025 -0.000013 0.000025 0.000013 
1694	(   2.853975   8.936796   1.400748   0.352144   3.453847 )	259.090439 -0.000030 -0.000019 0.000030 0.000019 
1695	(   2.85363    8.936786   1.401098   0.35198    3.455751 )	260.111914 0.000002 0.000002 -0.000002 -0.000002 
1696	(   2.853995   8.936816   1.400747   0.352143   3.453864 )	259.099735 0.000021 -0.000003 -0.000021 0.000003 
1697	(   2.853634   8.936784   1.401098   0.351987   3.455725 )	260.097862 0.000034 0.000019 -0.000034 -0.000019 
1698	(   2.853628   8.936786   1.401097   0.351977   3.455758 )	260.115928 -0.000010 -0.000005 0.000010 0.000005 
1699	(   2.853984   8.936829   1.400748   0.352141   3.453857 )	259.095789 -0.000025 0.000005 0.000025 -0.000005 
1700	(   2.853986   8.936818   1.400747   0.352143   3.453867 )	259.101236 0.000006 -0.000001 -0.000006 0.000001 
1701	(   2.853981   8.936823   1.400748   0.352145   3.453862 )	259.098688 0.000003 0.000010 -0.000003 -0.000010 
1702	(   2.853989   8.936829   1.400748   0.352144   3.45387  )	259.102834 0.000018 0.000013 -0.000018 -0.000013 
1703	(   2.853982   8.936822   1.400748   0.352142   3.453876 )	259.106101 -0.000002 0.000002 0.000002 -0.000002 
1704	(   2.853634   8.936788   1.401098   0.351979   3.455752 )	260.112280 0.000009 0.000002 -0.000009 -0.000002 
1705	(   2.853624   8.936784   1.401097   0.35198    3.45575  )	260.111546 -0.000010 -0.000001 0.000010 0.000001 
1706	(   2.853985   8.936805   1.400748   0.352143   3.453852 )	259.093128 -0.000015 -0.000014 0.000015 0.000014 
1707	(   2.853983   8.936811   1.400748   0.352145   3.453852 )	259.093211 -0.000003 -0.000002 0.000003 0.000002 
1708	(   2.853631   8.936785   1.401098   0.35198    3.45575  )	260.111500 0.000005 0.000000 -0.000005 -0.000000 
1709	(   2.853632   8.936785   1.401098   0.351982   3.455743 )	260.107733 0.000012 0.000006 -0.000012 -0.000006 
1710	(   2.853629   8.936786   1.401098   0.351978   3.455755 )	260.113879 -0.000004 -0.000002 0.000004 0.000002 
1711	(   2.853985   8.936819   1.400748   0.352143   3.453865 )	259.100069 0.000001 0.000001 -0.000001 -0.000001 
1712	(   2.853987   8.936819   1.400748   0.352143   3.453866 )	259.100468 0.000005 0.000000 -0.000005 -0.000000 
1713	(   2.853985   8.936814   1.400748   0.352143   3.453866 )	259.100769 0.000001 -0.000005 -0.000001 0.000005 
1714	(   2.853985   8.936818   1.400748   0.352143   3.453861 )	259.098015 -0.000005 -0.000000 0.000005 0.000000 
1715	(   2.853985   8.936819   1.400748   0.352142   3.453866 )	259.100655 -0.000006 -0.000002 0.000006 0.000002 
1716	(   2.853631   8.936786   1.401098   0.351979   3.455751 )	260.111700 0.000002 0.000000 -0.000002 -0.000000 
1717	(   2.853627   8.936786   1.401098   0.35198    3.455751 )	260.112126 -0.000003 0.000001 0.000003 -0.000001 
1718	(   2.853985   8.936824   1.400748   0.352143   3.453871 )	259.103434 0.000005 0.000006 -0.000005 -0.000006 
1719	(   2.853629   8.936786   1.401098   0.35198    3.45575  )	260.111527 0.000000 0.000001 -0.000000 -0.000001 
1720	(   2.853985   8.936817   1.400748   0.352143   3.453863 )	259.098816 -0.000003 -0.000001 0.000003 0.000001 
1721	(   2.85363    8.936786   1.401098   0.351981   3.455747 )	260.109792 0.000005 0.000004 -0.000005 -0.000004 
1722	(   2.853629   8.936786   1.401098   0.351979   3.455753 )	260.112858 -0.000002 -0.000001 0.000002 0.000001 
1723	(   2.853986   8.93682    1.400748   0.352143   3.453864 )	259.099724 0.000002 0.000002 -0.000002 -0.000002 
1724	(   2.853986   8.936818   1.400748   0.352143   3.453868 )	259.101472 0.000002 -0.000001 -0.000002 0.000001 
1725	(   2.853986   8.936817   1.400748   0.352143   3.453866 )	259.100395 -0.000000 -0.000003 0.000000 0.000003 
1726	(   2.853986   8.936821   1.400748   0.352143   3.453868 )	259.101516 0.000002 0.000002 -0.000002 -0.000002 
1727	(   2.853986   8.936818   1.400748   0.352144   3.453867 )	259.101108 0.000006 0.000001 -0.000006 -0.000001 
1728	(   2.85363    8.936787   1.401098   0.35198    3.45575  )	260.111515 0.000002 0.000002 -0.000002 -0.000002 
1729	(   2.853628   8.936785   1.401098   0.351979   3.455752 )	260.112311 -0.000003 -0.000001 0.000003 0.000001 
1730	(   2.853984   8.936818   1.400748   0.352143   3.453863 )	259.099180 -0.000007 -0.000001 0.000007 0.000001 
1731	(   2.853985   8.936821   1.400748   0.352143   3.453864 )	259.099744 0.000000 0.000003 -0.000000 -0.000003 
1732	(   2.853631   8.936785   1.401098   0.35198    3.45575  )	260.111490 0.000004 0.000000 -0.000004 -0.000000 

BBE ( SOL ) BBO
1733	(   2.85363    8.936786   1.401097   0.351979   3.455751 )	260.111891 -0.000001 -0.000000 0.000001 0.000000 
1734	(   2.853629   8.936785   1.401098   0.351979   3.455752 )	260.112440 -0.000003 -0.000001 0.000003 0.000001 
1735	(   2.85363    8.936786   1.401098   0.351979   3.455751 )	260.111747 0.000001 0.000001 -0.000001 -0.000001 
1736	(   2.853631   8.936786   1.401098   0.35198    3.455749 )	260.110653 0.000003 0.000002 -0.000003 -0.000002 
1737	(   2.85363    8.936786   1.401098   0.351979   3.455752 )	260.112307 -0.000001 -0.000000 0.000001 0.000000 
1738	(   2.853628   8.936786   1.401097   0.351979   3.455751 )	260.112053 -0.000003 0.000001 0.000003 -0.000001 
1739	(   2.85363    8.936786   1.401098   0.351979   3.455751 )	260.111788 0.000001 0.000000 -0.000001 -0.000000 
1740	(   2.853629   8.936786   1.401098   0.351979   3.455751 )	260.112024 -0.000002 -0.000000 0.000002 0.000000 
1741	(   2.85363    8.936786   1.401098   0.351979   3.455751 )	260.111816 0.000000 0.000001 -0.000000 -0.000001 
1742	(   2.85363    8.936786   1.401097   0.35198    3.45575  )	260.111267 0.000001 0.000001 -0.000001 -0.000001 
1743	(   2.85363    8.936786   1.401098   0.351979   3.455751 )	260.112047 -0.000000 0.000000 0.000000 -0.000000 
1744	(   2.853985   8.936819   1.400748   0.352143   3.453865 )	259.100155 -0.000000 0.000001 0.000000 -0.000001 
1745	(   2.853985   8.93682    1.400748   0.352143   3.453862 )	259.098563 -0.000003 0.000001 0.000003 -0.000001 
1746	(   2.85363    8.936786   1.401098   0.35198    3.45575  )	260.111259 0.000002 0.000001 -0.000002 -0.000001 
1747	(   2.853985   8.936821   1.400748   0.352143   3.453861 )	259.098043 -0.000002 0.000003 0.000002 -0.000003 
1748	(   2.853629   8.936786   1.401098   0.35198    3.455751 )	260.111745 0.000001 0.000001 -0.000001 -0.000001 
1749	(   2.85363    8.936786   1.401097   0.351979   3.455751 )	260.111855 -0.000001 0.000000 0.000001 -0.000000 
1750	(   2.853629   8.936786   1.401098   0.35198    3.455751 )	260.111782 0.000001 0.000001 -0.000001 -0.000001 
1751	(   2.85363    8.936786   1.401098   0.351979   3.455751 )	260.111836 -0.000000 0.000000 0.000000 -0.000000 
1752	(   2.853629   8.936786   1.401098   0.351979   3.455751 )	260.111829 -0.000000 0.000000 0.000000 -0.000000 
1753	(   2.853629   8.936786   1.401098   0.351979   3.455751 )	260.111835 -0.000001 0.000000 0.000001 -0.000000 
1754	(   2.853628   8.936786   1.401098   0.35198    3.455751 )	260.111872 -0.000001 0.000001 0.000001 -0.000001 
1755	(   2.85363    8.936786   1.401098   0.351979   3.455751 )	260.111809 0.000000 0.000000 -0.000000 -0.000000 
1756	(   2.85363    8.936786   1.401098   0.351979   3.455752 )	260.112247 -0.000001 -0.000000 0.000001 0.000000 
1757	(   2.853629   8.936786   1.401098   0.35198    3.455751 )	260.111707 0.000000 0.000001 -0.000000 -0.000001 
1758	(   2.853631   8.936787   1.401098   0.351979   3.455751 )	260.111752 0.000002 0.000001 -0.000002 -0.000001 
1759	(   2.853985   8.936817   1.400748   0.352143   3.453864 )	259.099846 0.000001 -0.000001 -0.000001 0.000001 
1760	(   2.85363    8.936786   1.401097   0.35198    3.455749 )	260.110661 0.000001 0.000001 -0.000001 -0.000001 
1761	(   2.853985   8.936818   1.400748   0.352143   3.453864 )	259.099865 -0.000000 -0.000000 0.000000 0.000000 
1762	(   2.853985   8.936816   1.400747   0.352144   3.453863 )	259.098995 0.000000 -0.000002 -0.000000 0.000002 
1763	(   2.853984   8.936814   1.400748   0.352143   3.453864 )	259.099764 -0.000002 -0.000003 0.000002 0.000003 
1764	(   2.853986   8.936822   1.400748   0.352143   3.453861 )	259.098042 -0.000002 0.000003 0.000002 -0.000003 
1765	(   2.853986   8.936821   1.400748   0.352143   3.453867 )	259.101254 0.000001 0.000002 -0.000001 -0.000002 
1766	(   2.853985   8.936817   1.400748   0.352143   3.453864 )	259.099559 0.000000 -0.000001 -0.000000 0.000001 
1767	(   2.853984   8.936813   1.400747   0.352144   3.453862 )	259.098643 0.000002 -0.000003 -0.000002 0.000003 
1768	(   2.853979   8.936812   1.400747   0.352145   3.453866 )	259.100479 0.000001 -0.000001 -0.000001 0.000001 
1769	(   2.853984   8.936817   1.400748   0.352144   3.453864 )	259.099509 -0.000000 -0.000000 0.000000 0.000000 
1770	(   2.853982   8.936816   1.400749   0.352144   3.453864 )	259.099357 -0.000001 0.000002 0.000001 -0.000002 
1771	(   2.853993   8.936819   1.400747   0.352144   3.453847 )	259.090638 0.000001 0.000002 -0.000001 -0.000002 
1772	(   2.853982   8.93681    1.400749   0.352145   3.453855 )	259.094581 -0.000000 -0.000000 0.000000 0.000000 

BBE ( SOL ) BBO
1773	(   2.853973   8.936791   1.400752   0.352152   3.453827 )	259.079644 -0.000002 0.000002 0.000002 -0.000002 
1774	(   2.853971   8.936819   1.400747   0.352143   3.453893 )	259.114977 0.000000 -0.000001 -0.000000 0.000001 
1775	(   2.853973   8.936812   1.400746   0.352147   3.453861 )	259.098175 -0.000001 0.000001 0.000001 -0.000001 
1776	(   2.853983   8.936814   1.400748   0.352144   3.453859 )	259.096782 -0.000001 -0.000001 0.000001 0.000001 
1777	(   2.853985   8.936817   1.400748   0.352143   3.453864 )	259.099710 0.000000 0.000000 -0.000000 -0.000000 
1778	(   2.853987   8.936783   1.400748   0.352141   3.453835 )	259.083525 -0.000038 -0.000040 0.000038 0.000040 
1779	(   2.853965   8.936791   1.400748   0.35215    3.45384  )	259.086845 -0.000013 -0.000007 0.000013 0.000007 
1780	(   2.853973   8.93686    1.400749   0.352144   3.453847 )	259.091195 -0.000037 0.000045 0.000037 -0.000045 
1781	(   2.853987   8.936817   1.400747   0.352146   3.453859 )	259.096998 0.000021 0.000006 -0.000021 -0.000006 
1782	(   2.854002   8.936833   1.400749   0.352149   3.453842 )	259.087902 0.000051 0.000033 -0.000051 -0.000033 
1783	(   2.85398    8.936802   1.400746   0.352142   3.453846 )	259.089987 -0.000035 -0.000022 0.000035 0.000022 
1784	(   2.853989   8.936832   1.40075    0.352145   3.453882 )	259.109133 0.000036 0.000020 -0.000036 -0.000020 
1785	(   2.853972   8.936792   1.400749   0.352144   3.453869 )	259.102291 -0.000014 -0.000022 0.000014 0.000022 
1786	(   2.853989   8.936809   1.40075    0.352145   3.453846 )	259.090009 0.000001 -0.000001 -0.000001 0.000001 
1787	(   2.853987   8.936811   1.400748   0.352146   3.453842 )	259.087756 -0.000001 0.000000 0.000001 -0.000000 
1788	(   2.854002   8.936812   1.400746   0.352147   3.453804 )	259.067282 -0.000003 0.000001 0.000003 -0.000001 
1789	(   2.85399    8.936812   1.400748   0.352145   3.453839 )	259.086258 -0.000000 -0.000000 0.000000 0.000000 
1790	(   2.854013   8.936815   1.400745   0.352146   3.453793 )	259.061290 0.000000 -0.000000 -0.000000 0.000000 
1791	(   2.854082   8.936827   1.400736   0.352146   3.453653 )	258.986403 0.000002 -0.000000 -0.000002 0.000000 
1792	(   2.854005   8.936813   1.400746   0.352146   3.453804 )	259.067150 0.000000 0.000000 -0.000000 -0.000000 
1793	(   2.854034   8.936833   1.40074    0.352141   3.453785 )	259.057095 0.000000 -0.000003 -0.000000 0.000003 
1794	(   2.854004   8.936809   1.400746   0.352147   3.453797 )	259.063806 -0.000000 -0.000000 0.000000 0.000000 
1795	(   2.854036   8.936785   1.400741   0.352149   3.453693 )	259.007351 -0.000028 -0.000026 0.000028 0.000026 
1796	(   2.854025   8.936865   1.40075    0.352147   3.45374  )	259.033778 -0.000015 0.000062 0.000015 -0.000062 
1797	(   2.854028   8.936795   1.400752   0.352141   3.453726 )	259.025360 -0.000071 -0.000024 0.000071 0.000024 
1798	(   2.853991   8.936844   1.400735   0.352142   3.453744 )	259.035912 -0.000115 0.000006 0.000115 -0.000006 
1799	(   2.854113   8.93682    1.400743   0.352145   3.453808 )	259.068909 0.000213 0.000001 -0.000213 -0.000001 
1800	(   2.853887   8.93682    1.400747   0.352147   3.453822 )	259.077814 -0.000211 0.000012 0.000211 -0.000012 
1801	(   2.854087   8.936802   1.400749   0.352144   3.453862 )	259.097697 0.000209 -0.000012 -0.000209 0.000012 
1802	(   2.853902   8.93678    1.40074    0.352147   3.453938 )	259.139464 -0.000064 -0.000037 0.000064 0.000037 
1803	(   2.854      8.936808   1.400751   0.352145   3.453823 )	259.077486 0.000000 -0.000001 -0.000000 0.000001 
1804	(   2.85404    8.9368     1.40076    0.352142   3.453766 )	259.046680 0.000004 -0.000005 -0.000004 0.000005 
1805	(   2.854025   8.936807   1.400739   0.352151   3.453725 )	259.025202 -0.000000 -0.000001 0.000000 0.000001 
1806	(   2.854062   8.936783   1.400721   0.352169   3.453524 )	258.916967 -0.000002 -0.000002 0.000002 0.000002 
1807	(   2.854049   8.936756   1.400759   0.35216    3.453612 )	258.963875 -0.000002 -0.000000 0.000002 0.000000 
1808	(   2.853953   8.93678    1.400742   0.35216    3.453805 )	259.068164 -0.000000 0.000001 0.000000 -0.000001 
1809	(   2.854013   8.936807   1.400745   0.352148   3.453771 )	259.049727 0.000000 -0.000000 -0.000000 0.000000 
1810	(   2.854028   8.936803   1.400744   0.352151   3.453725 )	259.024839 0.000000 -0.000000 -0.000000 0.000000 
1811	(   2.854072   8.936789   1.40074    0.352158   3.453586 )	258.950191 0.000000 0.000000 -0.000000 -0.000000 
1812	(   2.854204   8.936748   1.400729   0.352179   3.45317  )	258.726631 0.000002 0.000001 -0.000002 -0.000001 

BBE ( SOL ) BBO
1813	(   2.854062   8.936783   1.400721   0.352169   3.453523 )	258.916783 -0.000002 -0.000002 0.000002 0.000002 
1814	(   2.85422    8.936662   1.4008     0.352174   3.45317  )	258.725503 -0.000000 0.000000 0.000000 -0.000000 
1815	(   2.854062   8.936783   1.400721   0.352169   3.453523 )	258.916780 -0.000002 -0.000002 0.000002 0.000002 
1816	(   2.854665   8.936283   1.400981   0.352223   3.451922 )	258.052797 -0.000000 -0.000000 0.000000 0.000000 
1817	(   2.856      8.935144   1.401522   0.352371   3.448178 )	256.044809 0.000001 0.000001 -0.000001 -0.000001 
1818	(   2.853266   8.936983   1.400764   0.352075   3.455802 )	260.144661 0.000001 0.000000 -0.000001 -0.000000 
1819	(   2.854306   8.936199   1.401193   0.352147   3.453189 )	258.729743 0.000001 -0.000000 -0.000001 0.000000 
1820	(   2.856      8.935144   1.401522   0.352371   3.448222 )	256.067975 0.000045 0.000001 -0.000045 -0.000001 
1821	(   2.853229   8.935949   1.40183    0.351919   3.456989 )	260.770196 0.000006 -0.000001 -0.000006 0.000001 
1822	(   2.855266   8.935168   1.401838   0.352203   3.450822 )	257.450635 -0.000038 0.000000 0.000038 -0.000000 
1823	(   2.851623   8.936548   1.401232   0.351999   3.459689 )	262.245046 0.000048 -0.000000 -0.000048 0.000000 
1824	(   2.854387   8.936522   1.400859   0.352196   3.452722 )	258.483717 0.000045 0.000000 -0.000045 -0.000000 
1825	(   2.854106   8.936742   1.400773   0.352158   3.453522 )	258.915161 0.000009 -0.000000 -0.000009 0.000000 
1826	(   2.854742   8.936368   1.400875   0.352723   3.447922 )	255.934320 -0.000266 0.001298 0.000266 -0.001298 
1827	(   2.855053   8.935283   1.400973   0.352258   3.451622 )	257.877844 0.000729 -0.000916 -0.000729 0.000916 
1828	(   2.855664   8.936298   1.401481   0.352313   3.451222 )	257.672900 0.001951 0.000941 -0.001951 -0.000941 
1829	(   2.849665   8.936207   1.401076   0.352325   3.455522 )	260.015396 -0.005727 0.000329 0.005727 -0.000329 
1830	(   2.852599   8.936252   1.40102    0.352038   3.441922 )	252.806829 -0.015465 -0.000480 0.015465 0.000480 
1831	(   2.854536   8.937199   1.401269   0.351998   3.446889 )	255.403162 -0.006899 0.000698 0.006899 -0.000698 
1832	(   2.854076   8.935199   1.401117   0.352297   3.459489 )	262.099451 0.006902 -0.000698 -0.006902 0.000698 
1833	(   2.854272   8.937074   1.400908   0.352178   3.452422 )	258.331733 -0.000618 0.000569 0.000618 -0.000569 
1834	(   2.853229   8.935949   1.40183    0.351919   3.456991 )	260.771069 0.000007 -0.000001 -0.000007 0.000001 
1835	(   2.85383    8.935326   1.400954   0.352589   3.450988 )	257.551800 0.000001 0.000000 -0.000001 -0.000000 
1836	(   2.851325   8.932457   1.400874   0.353686   3.448188 )	256.055088 -0.000011 0.000006 0.000011 -0.000006 
1837	(   2.850627   8.934244   1.401373   0.352776   3.456088 )	260.286606 -0.000014 -0.000000 0.000014 0.000000 
1838	(   2.855957   8.937674   1.40176    0.35132    3.455822 )	260.142385 0.000030 0.000001 -0.000030 -0.000001 
1839	(   2.84883    8.935096   1.401004   0.352407   3.446488 )	255.214304 -0.015845 -0.000657 0.015845 0.000657 
1840	(   2.854272   8.935214   1.400454   0.3525     3.448788 )	256.381451 -0.001941 -0.001036 0.001941 0.001036 
1841	(   2.855859   8.934811   1.401065   0.35284    3.440988 )	252.274944 -0.004107 0.000319 0.004107 -0.000319 
1842	(   2.856735   8.937162   1.401128   0.352723   3.443722 )	253.721743 -0.000446 0.002439 0.000446 -0.002439 
1843	(   2.855125   8.936326   1.401025   0.352329   3.444588 )	254.178904 -0.005644 0.000392 0.005644 -0.000392 
1844	(   2.856323   8.934694   1.401091   0.352089   3.451888 )	258.001780 0.002340 -0.001803 -0.002340 0.001803 
1845	(   2.852595   8.935404   1.400833   0.351723   3.460122 )	262.456773 0.000464 -0.002436 -0.000464 0.002436 
1846	(   2.853612   8.935865   1.401213   0.352949   3.459588 )	262.164348 0.010728 0.001872 -0.010728 -0.001872 
1847	(   2.851325   8.932457   1.400874   0.353686   3.448187 )	256.054478 -0.000012 0.000006 0.000012 -0.000006 
1848	(   2.852506   8.935489   1.400839   0.35251    3.446856 )	255.381148 -0.007355 -0.000209 0.007355 0.000209 
1849	(   2.854798   8.936356   1.400801   0.352287   3.451202 )	257.669794 0.000000 0.000000 -0.000000 -0.000000 
1850	(   2.855197   8.936576   1.400263   0.352476   3.449002 )	256.503007 -0.000038 0.000000 0.000038 -0.000000 
1851	(   2.852608   8.934281   1.401029   0.352936   3.450988 )	257.549098 0.000018 -0.000000 -0.000018 0.000000 
1852	(   2.854949   8.935693   1.401759   0.352049   3.452602 )	258.405857 0.000007 -0.000000 -0.000007 0.000000 

BBE ( SOL ) BBO
1853	(   2.8547     8.93635    1.400881   0.352249   3.451702 )	257.936257 0.000031 0.000000 -0.000031 -0.000000 
1854	(   2.854185   8.936693   1.400779   0.352173   3.453202 )	258.743231 -0.000044 -0.000000 0.000044 0.000000 
1855	(   2.85466    8.936326   1.40113    0.352585   3.448488 )	256.233694 -0.000857 0.001228 0.000857 -0.001228 
1856	(   2.85583    8.934927   1.400716   0.352579   3.444988 )	254.365029 -0.002041 -0.000753 0.002041 0.000753 
1857	(   2.853868   8.935319   1.400962   0.353089   3.450888 )	257.497792 0.003550 0.001363 -0.003550 -0.001363 
1858	(   2.852236   8.935644   1.400617   0.352597   3.440988 )	252.315609 -0.013135 -0.000120 0.013135 0.000120 
1859	(   2.856228   8.937356   1.400791   0.352366   3.442602 )	253.143542 -0.005145 0.001202 0.005145 -0.001202 
1860	(   2.853548   8.934855   1.401454   0.352577   3.443888 )	253.808011 -0.007747 0.000179 0.007747 -0.000179 
1861	(   2.853368   8.935356   1.400811   0.352207   3.459802 )	262.276151 0.005151 -0.001202 -0.005151 0.001202 
1862	(   2.853178   8.934306   1.400841   0.352093   3.455788 )	260.105265 -0.000056 -0.002520 0.000056 0.002520 
1863	(   2.855197   8.936576   1.400263   0.352476   3.449042 )	256.524151 0.000002 0.000000 -0.000002 -0.000000 
1864	(   2.854619   8.936345   1.400703   0.35234    3.451176 )	257.657239 -0.000001 0.000000 0.000001 -0.000000 
1865	(   2.854047   8.93546    1.400852   0.352591   3.450575 )	257.332112 0.000039 0.000000 -0.000039 -0.000000 
1866	(   2.8547     8.93635    1.400881   0.352249   3.451671 )	257.919655 0.000000 0.000000 -0.000000 -0.000000 
1867	(   2.853519   8.935826   1.400924   0.352552   3.447696 )	255.819286 -0.004181 0.000357 0.004181 -0.000357 
1868	(   2.85371    8.935365   1.401154   0.352586   3.450737 )	257.420268 -0.000512 0.000304 0.000512 -0.000304 
1869	(   2.853679   8.935375   1.400951   0.352789   3.450671 )	257.385263 0.000809 0.000588 -0.000809 -0.000588 
1870	(   2.854499   8.935113   1.400967   0.352605   3.445988 )	254.903491 -0.003533 -0.000152 0.003533 0.000152 
1871	(   2.85456    8.93667    1.400793   0.352087   3.450639 )	257.377084 -0.002471 -0.000240 0.002471 0.000240 
1872	(   2.855036   8.936042   1.40081    0.352487   3.451765 )	257.962848 0.002472 0.000241 -0.002472 -0.000241 
1873	(   2.85483    8.935638   1.400973   0.352613   3.453084 )	258.661875 0.004279 0.000402 -0.004279 -0.000402 
1874	(   2.853825   8.935306   1.400941   0.352588   3.451232 )	257.680994 0.000227 -0.000040 -0.000227 0.000040 
1875	(   2.853756   8.935483   1.400863   0.352587   3.450675 )	257.388005 -0.000479 0.000026 0.000479 -0.000026 
1876	(   2.854618   8.936392   1.400747   0.352304   3.451399 )	257.776491 -0.000038 0.000010 0.000038 -0.000010 
1877	(   2.854955   8.936173   1.400937   0.352286   3.450895 )	257.503412 -0.000000 0.000000 0.000000 -0.000000 
1878	(   2.855418   8.935859   1.401034   0.352353   3.449481 )	256.746473 0.000002 0.000001 -0.000002 -0.000001 
1879	(   2.855424   8.935625   1.401346   0.352282   3.449974 )	257.004876 0.000001 0.000001 -0.000001 -0.000001 
1880	(   2.852625   8.934949   1.400995   0.352701   3.4527   )	258.467329 0.000087 -0.000016 -0.000087 0.000016 
1881	(   2.853781   8.936099   1.400975   0.352294   3.4532   )	258.738243 0.000001 0.000000 -0.000001 -0.000000 
1882	(   2.855264   8.935941   1.40102    0.35233    3.449958 )	257.001175 0.000000 0.000000 -0.000000 -0.000000 
1883	(   2.85586    8.935517   1.40116    0.352416   3.448144 )	256.032201 0.000003 0.000001 -0.000003 -0.000001 
1884	(   2.856191   8.935243   1.401268   0.352462   3.447158 )	255.506281 0.000015 0.000001 -0.000015 -0.000001 
1885	(   2.854202   8.934541   1.401834   0.352435   3.451358 )	257.736164 0.000018 0.000001 -0.000018 -0.000001 
1886	(   2.85265    8.936229   1.400755   0.352357   3.454988 )	259.704375 -0.000035 -0.000000 0.000035 0.000000 
1887	(   2.855533   8.935779   1.401048   0.352375   3.449058 )	256.520705 -0.000030 0.000000 0.000030 -0.000000 
1888	(   2.854549   8.936441   1.400862   0.352224   3.452158 )	258.181025 0.000008 0.000000 -0.000008 -0.000000 
1889	(   2.855253   8.934941   1.400894   0.352332   3.448558 )	256.248629 -0.001405 -0.001165 0.001405 0.001165 
1890	(   2.855186   8.936236   1.400708   0.352346   3.439958 )	251.762947 -0.010028 -0.000087 0.010028 0.000087 
1891	(   2.855261   8.935952   1.400987   0.35213    3.449558 )	256.789773 -0.001836 -0.000577 0.001836 0.000577 
1892	(   2.857264   8.935946   1.401004   0.35233    3.449758 )	256.878431 0.003828 -0.000016 -0.003828 0.000016 

BBE ( SOL ) BBO
1893	(   2.855306   8.935781   1.40152    0.352321   3.443158 )	253.422932 -0.006771 0.000499 0.006771 -0.000499 
1894	(   2.854626   8.936101   1.400627   0.352389   3.449588 )	256.812517 -0.001225 -0.000215 0.001225 0.000215 
1895	(   2.853034   8.934551   1.401281   0.352789   3.452388 )	258.293206 0.001226 0.000217 -0.001226 -0.000217 
1896	(   2.85336    8.936929   1.401129   0.35241    3.452458 )	258.356668 -0.000754 0.001357 0.000754 -0.001357 
1897	(   2.856191   8.935243   1.401268   0.352462   3.447146 )	255.500160 0.000003 0.000001 -0.000003 -0.000001 
1898	(   2.855327   8.93594    1.401068   0.352306   3.450001 )	257.023594 0.000001 0.000000 -0.000001 -0.000000 
1899	(   2.855516   8.935938   1.40121    0.352235   3.450131 )	257.090862 0.000002 -0.000001 -0.000002 0.000001 
1900	(   2.855274   8.935854   1.401053   0.352345   3.449825 )	256.929635 -0.000000 0.000000 0.000000 -0.000000 
1901	(   2.855304   8.935592   1.401151   0.352392   3.449426 )	256.715131 -0.000002 0.000001 0.000002 -0.000001 
1902	(   2.855497   8.935962   1.400878   0.352394   3.44903  )	256.508277 -0.000000 0.000000 0.000000 -0.000000 
1903	(   2.855516   8.935938   1.401211   0.352235   3.450101 )	257.075128 -0.000028 -0.000000 0.000028 0.000000 
1904	(   2.856007   8.936028   1.400308   0.352657   3.44613  )	254.975635 0.000012 0.000001 -0.000012 -0.000001 
1905	(   2.854346   8.936031   1.400984   0.352315   3.45193  )	258.056487 0.000016 0.000000 -0.000016 -0.000000 
1906	(   2.854776   8.936737   1.400566   0.352265   3.451401 )	257.780142 -0.000004 0.000000 0.000004 -0.000000 
1907	(   2.855615   8.935764   1.400995   0.352408   3.44873  )	256.346428 0.000038 0.000001 -0.000038 -0.000001 
1908	(   2.854929   8.936203   1.40091    0.352288   3.45093  )	257.522433 0.000003 0.000000 -0.000003 -0.000000 
1909	(   2.857497   8.935078   1.400117   0.352171   3.44423  )	253.955424 -0.002362 -0.002524 0.002362 0.002524 
1910	(   2.853732   8.936468   1.399878   0.352101   3.44263  )	253.167898 -0.012032 -0.001648 0.012032 0.001648 
1911	(   2.853978   8.934962   1.401685   0.352142   3.44353  )	253.618887 -0.010347 -0.000580 0.010347 0.000580 
1912	(   2.854851   8.935537   1.400512   0.352894   3.44673  )	255.294818 -0.000022 0.000433 0.000022 -0.000433 
1913	(   2.856231   8.936445   1.401294   0.352515   3.43903  )	251.275885 -0.007641 0.001382 0.007641 -0.001382 
1914	(   2.855836   8.935576   1.400474   0.351806   3.450201 )	257.120885 -0.002354 -0.002529 0.002354 0.002529 
1915	(   2.854818   8.936304   1.401662   0.352806   3.449801 )	256.926350 0.002352 0.002536 -0.002352 -0.002536 
1916	(   2.855345   8.937371   1.401628   0.352317   3.46493  )	265.069623 0.015035 0.002227 -0.015035 -0.002227 
1917	(   2.856007   8.936028   1.400308   0.352657   3.446116 )	254.968430 -0.000002 0.000001 0.000002 -0.000001 
1918	(   2.854488   8.936619   1.400381   0.352401   3.451009 )	257.572706 0.000000 0.000000 -0.000000 -0.000000 
1919	(   2.855788   8.935468   1.400733   0.352648   3.446621 )	255.229281 -0.000001 0.000000 0.000001 -0.000000 
1920	(   2.856661   8.933987   1.4003     0.353411   3.439421 )	251.443292 0.000032 -0.000001 -0.000032 0.000001 
1921	(   2.854623   8.936005   1.400999   0.352317   3.45133  )	257.734988 -0.000009 0.000001 0.000009 -0.000001 
1922	(   2.853427   8.935027   1.401146   0.352602   3.451721 )	257.940864 0.000015 -0.000000 -0.000015 0.000000 
1923	(   2.855392   8.935863   1.400907   0.352415   3.44913  )	256.560829 0.000045 0.000001 -0.000045 -0.000001 
1924	(   2.854947   8.936233   1.400828   0.352319   3.45063  )	257.363394 -0.000043 0.000000 0.000043 -0.000000 
1925	(   2.85597    8.935552   1.401733   0.352683   3.446321 )	255.071778 0.000319 0.001549 -0.000319 -0.001549 
1926	(   2.85639    8.934468   1.400857   0.35223    3.449621 )	256.795434 0.001214 -0.001966 -0.001214 0.001966 
1927	(   2.857788   8.93502    1.400618   0.353037   3.443821 )	253.737845 0.004019 0.000451 -0.004019 -0.000451 
1928	(   2.857788   8.936397   1.400618   0.352213   3.443821 )	253.755477 -0.001882 -0.000407 0.001882 0.000407 
1929	(   2.855322   8.935252   1.40076    0.352557   3.436621 )	250.024179 -0.011573 -0.000425 0.011573 0.000425 
1930	(   2.854397   8.936634   1.401589   0.351894   3.44393  )	253.845033 -0.010882 0.000285 0.010882 -0.000285 
1931	(   2.856597   8.93529    1.400167   0.352894   3.45413  )	259.199602 0.010890 -0.000286 -0.010890 0.000286 
1932	(   2.855444   8.935513   1.400145   0.352627   3.447021 )	255.442774 -0.000441 -0.000814 0.000441 0.000814 

BBE ( SOL ) BBO
1933	(   2.856661   8.933987   1.400301   0.353411   3.439395 )	251.429816 0.000006 -0.000001 -0.000006 0.000001 
1934	(   2.855812   8.936624   1.400235   0.352472   3.447831 )	255.880314 0.000001 -0.000000 -0.000001 0.000000 
1935	(   2.857695   8.935325   1.401598   0.352265   3.445521 )	254.634651 0.000000 -0.000000 -0.000000 0.000000 
1936	(   2.863416   8.934897   1.404192   0.351117   3.442221 )	252.858506 -0.000032 -0.000013 0.000032 0.000013 
1937	(   2.855528   8.935552   1.401074   0.352445   3.448621 )	256.287193 0.000025 0.000000 -0.000025 -0.000000 
1938	(   2.857242   8.934604   1.399877   0.353398   3.438321 )	250.876074 0.000012 -0.000000 -0.000012 0.000000 
1939	(   2.856986   8.935083   1.401813   0.352247   3.447121 )	255.478966 0.000038 0.000001 -0.000038 -0.000001 
1940	(   2.855113   8.936235   1.400739   0.352362   3.450021 )	257.039293 -0.000005 -0.000000 0.000005 0.000000 
1941	(   2.858209   8.934325   1.400906   0.3523     3.439721 )	251.591617 -0.004508 -0.001851 0.004508 0.001851 
1942	(   2.854875   8.936256   1.400947   0.352148   3.446921 )	255.405142 -0.005115 -0.000277 0.005115 0.000277 
1943	(   2.859695   8.93511    1.401999   0.352245   3.448821 )	256.353262 0.007180 0.000278 -0.007180 -0.000278 
1944	(   2.858588   8.93597    1.401675   0.352326   3.435521 )	249.440136 -0.007753 0.000914 0.007753 -0.000914 
1945	(   2.857766   8.935376   1.401503   0.351765   3.444721 )	254.215629 -0.004240 -0.001437 0.004240 0.001437 
1946	(   2.856952   8.934788   1.402598   0.352215   3.441021 )	252.284413 -0.006350 0.000694 0.006350 -0.000694 
1947	(   2.856701   8.93468    1.400519   0.353148   3.446321 )	255.053526 0.005120 0.000277 -0.005120 -0.000277 
1948	(   2.857219   8.935375   1.401517   0.352365   3.445121 )	254.429263 -0.000643 0.000210 0.000643 -0.000210 
1949	(   2.863416   8.934897   1.404192   0.351117   3.442221 )	252.858458 -0.000032 -0.000013 0.000032 0.000013 
1950	(   2.855854   8.934866   1.400845   0.352813   3.445303 )	254.528984 -0.000000 -0.000000 0.000000 0.000000 
1951	(   2.856052   8.933061   1.401178   0.35331    3.441303 )	252.415328 -0.000043 0.000001 0.000043 -0.000001 
1952	(   2.85741    8.934567   1.399878   0.353411   3.437921 )	250.667414 0.000047 -0.000001 -0.000047 0.000001 
1953	(   2.854338   8.934541   1.401146   0.352781   3.448603 )	256.275094 0.000014 0.000000 -0.000014 -0.000000 
1954	(   2.856879   8.935006   1.40122    0.352573   3.445003 )	254.365258 0.000046 -0.000000 -0.000046 0.000000 
1955	(   2.855436   8.935881   1.401008   0.352358   3.449403 )	256.705311 -0.000008 -0.000001 0.000008 0.000001 
1956	(   2.856256   8.93569    1.400363   0.353313   3.440403 )	251.977063 -0.000504 0.001522 0.000504 -0.001522 
1957	(   2.856089   8.93446    1.401845   0.353106   3.442503 )	253.057914 -0.000231 0.001761 0.000231 -0.001761 
1958	(   2.856854   8.935178   1.401061   0.352589   3.447503 )	255.681432 0.002605 -0.000003 -0.002605 0.000003 
1959	(   2.855616   8.935278   1.40113    0.352517   3.435303 )	249.344058 -0.012583 -0.000002 0.012583 0.000002 
1960	(   2.85636    8.934468   1.400497   0.35255    3.449121 )	256.530571 0.002944 -0.001589 -0.002944 0.001589 
1961	(   2.855216   8.936468   1.400969   0.352746   3.444121 )	253.934715 -0.002946 0.001590 0.002946 -0.001590 
1962	(   2.855276   8.935866   1.401538   0.352854   3.452303 )	258.245004 0.006119 0.002060 -0.006119 -0.002060 
1963	(   2.85557    8.934726   1.400795   0.352844   3.445103 )	254.424707 -0.000551 -0.000125 0.000551 0.000125 
1964	(   2.856052   8.933061   1.401178   0.35331    3.441349 )	252.439264 0.000002 0.000002 -0.000002 -0.000002 
1965	(   2.855802   8.935063   1.400543   0.352902   3.444736 )	254.234197 -0.000032 0.000026 0.000032 -0.000026 
1966	(   2.856469   8.935518   1.400975   0.352508   3.446249 )	255.028810 -0.000001 0.000000 0.000001 -0.000000 
1967	(   2.856052   8.933061   1.401178   0.35331    3.441349 )	252.439263 0.000002 0.000001 -0.000002 -0.000001 
1968	(   2.858515   8.935667   1.4017     0.352088   3.445133 )	254.428559 -0.000006 -0.000001 0.000006 0.000001 
1969	(   2.855306   8.935122   1.401041   0.352621   3.447788 )	255.844014 -0.000001 -0.000001 0.000001 0.000001 
1970	(   2.856214   8.934593   1.401537   0.352566   3.446351 )	255.073793 0.000000 0.000001 -0.000000 -0.000001 
1971	(   2.856879   8.935006   1.40122    0.352573   3.44496  )	254.342716 0.000003 -0.000000 -0.000003 0.000000 
1972	(   2.855436   8.935881   1.401008   0.352358   3.449411 )	256.709622 -0.000000 -0.000001 0.000000 0.000001 

BBE ( SOL ) BBO
1973	(   2.854854   8.934838   1.401643   0.35272    3.445042 )	254.400953 -0.002941 0.000812 0.002941 -0.000812 
1974	(   2.856248   8.934841   1.401565   0.353313   3.445068 )	254.402138 0.004139 0.002323 -0.004139 -0.002323 
1975	(   2.855815   8.935366   1.400876   0.352835   3.445293 )	254.530148 0.000066 0.000601 -0.000066 -0.000601 
1976	(   2.854953   8.934841   1.399942   0.353313   3.445068 )	254.411777 0.001526 0.000096 -0.001526 -0.000096 
1977	(   2.85589    8.934867   1.400816   0.352793   3.440303 )	251.919145 -0.005066 -0.000094 0.005066 0.000094 
1978	(   2.85594    8.93567    1.400372   0.352419   3.441249 )	252.420135 -0.006699 -0.000914 0.006699 0.000914 
1979	(   2.856998   8.935366   1.401578   0.352597   3.451249 )	257.664345 0.006699 0.000916 -0.006699 -0.000916 
1980	(   2.855888   8.934863   1.400859   0.352794   3.445411 )	254.585346 0.000036 -0.000038 -0.000036 0.000038 
1981	(   2.858515   8.935667   1.4017     0.352088   3.445133 )	254.428561 -0.000006 -0.000001 0.000006 0.000001 
1982	(   2.855042   8.935237   1.400685   0.352844   3.446597 )	255.219978 -0.000127 0.000234 0.000127 -0.000234 
1983	(   2.85554    8.935778   1.401044   0.352377   3.448999 )	256.489552 -0.000065 -0.000003 0.000065 0.000003 
1984	(   2.856878   8.935006   1.40122    0.352573   3.44496  )	254.342720 0.000003 0.000000 -0.000003 -0.000000 
1985	(   2.855435   8.935881   1.401008   0.352358   3.449411 )	256.709623 -0.000000 0.000000 0.000000 -0.000000 
1986	(   2.855383   8.93495    1.400967   0.352977   3.443303 )	253.486868 -0.001772 0.000697 0.001772 -0.000697 
1987	(   2.8557     8.934765   1.400695   0.352613   3.443667 )	253.672353 -0.003375 -0.000850 0.003375 0.000850 
1988	(   2.856354   8.934778   1.400714   0.35293    3.443876 )	253.775961 0.000415 0.000048 -0.000415 -0.000048 
1989	(   2.856061   8.935066   1.40079    0.352741   3.444711 )	254.219332 -0.000692 -0.000071 0.000692 0.000071 
1990	(   2.855962   8.934847   1.401345   0.352775   3.444992 )	254.365178 -0.000363 0.000562 0.000363 -0.000562 
1991	(   2.855991   8.93566    1.400981   0.352653   3.444249 )	253.985373 -0.001922 0.000545 0.001922 -0.000545 
1992	(   2.856948   8.935376   1.400969   0.352363   3.448249 )	256.076546 0.001920 -0.000544 -0.001920 0.000544 
1993	(   2.855826   8.934867   1.400783   0.352819   3.445449 )	254.605762 0.000131 -0.000069 -0.000131 0.000069 
1994	(   2.855726   8.935066   1.400569   0.352804   3.445262 )	254.510769 -0.000369 -0.000205 0.000369 0.000205 
1995	(   2.855905   8.935404   1.401138   0.352479   3.447359 )	255.616468 -0.000232 0.000031 0.000232 -0.000031 
1996	(   2.855852   8.935083   1.400531   0.352891   3.444747 )	254.239623 -0.000002 -0.000002 0.000002 0.000002 
1997	(   2.855963   8.935129   1.401274   0.352501   3.44732  )	255.592325 0.000000 0.000001 -0.000000 -0.000001 
1998	(   2.855904   8.934966   1.400987   0.352821   3.445791 )	254.786008 0.000644 0.000316 -0.000644 -0.000316 
1999	(   2.856054   8.934794   1.400934   0.352818   3.445608 )	254.686532 0.000742 0.000063 -0.000742 -0.000063 
2000	(   2.855715   8.934823   1.401045   0.35281    3.445091 )	254.418604 -0.000516 0.000221 0.000516 -0.000221 
2001	(   2.855842   8.934863   1.400839   0.352913   3.445285 )	254.519483 0.000674 0.000261 -0.000674 -0.000261 
2002	(   2.855935   8.934892   1.400881   0.352815   3.444303 )	254.004586 -0.000821 0.000080 0.000821 -0.000080 
2003	(   2.856269   8.935544   1.400926   0.352543   3.446082 )	254.942973 -0.000316 0.000056 0.000316 -0.000056 
2004	(   2.856669   8.935492   1.401024   0.352472   3.446416 )	255.114677 0.000314 -0.000056 -0.000314 0.000056 
2005	(   2.855854   8.934867   1.400836   0.352812   3.445311 )	254.533266 0.000002 -0.000014 -0.000002 0.000014 
2006	(   2.858515   8.935667   1.4017     0.352088   3.445133 )	254.428301 -0.000007 -0.000001 0.000007 0.000001 
2007	(   2.85596    8.934871   1.400875   0.352796   3.445185 )	254.466473 -0.000025 0.000000 0.000025 -0.000000 
2008	(   2.855485   8.934674   1.400822   0.352895   3.445457 )	254.610670 -0.000005 -0.000002 0.000005 0.000002 
2009	(   2.856014   8.935101   1.401157   0.35257    3.446724 )	255.277500 0.000001 0.000000 -0.000001 -0.000000 
2010	(   2.855754   8.934873   1.400856   0.352813   3.445259 )	254.507050 -0.000247 0.000021 0.000247 -0.000021 
2011	(   2.85587    8.934859   1.400945   0.352812   3.444913 )	254.324511 -0.000369 0.000125 0.000369 -0.000125 
2012	(   2.855868   8.934916   1.400804   0.352812   3.44496  )	254.349557 -0.000325 -0.000010 0.000325 0.000010 

BBE ( SOL ) BBO
2013	(   2.855854   8.934868   1.400847   0.352863   3.445294 )	254.524359 0.000350 0.000140 -0.000350 -0.000140 
2014	(   2.855839   8.934816   1.400757   0.352815   3.44482  )	254.275233 -0.000501 -0.000167 0.000501 0.000167 
2015	(   2.856466   8.935509   1.40092    0.352558   3.44598  )	254.887228 0.000081 0.000051 -0.000081 -0.000051 
2016	(   2.856473   8.935527   1.401031   0.352458   3.446518 )	255.170470 -0.000083 -0.000051 0.000083 0.000051 
2017	(   2.855851   8.934865   1.400853   0.352765   3.446059 )	254.926161 0.000406 -0.000121 -0.000406 0.000121 
2018	(   2.855795   8.934863   1.400865   0.352794   3.445175 )	254.462249 -0.000386 -0.000029 0.000386 0.000029 
2019	(   2.856459   8.935517   1.400986   0.352512   3.446222 )	255.014776 -0.000023 0.000024 0.000023 -0.000024 
2020	(   2.855999   8.934861   1.400824   0.352801   3.445404 )	254.580880 0.000304 -0.000069 -0.000304 0.000069 
2021	(   2.855815   8.93487    1.400848   0.35281    3.445296 )	254.525505 -0.000109 -0.000002 0.000109 0.000002 
2022	(   2.855922   8.934868   1.400922   0.352791   3.445153 )	254.450085 -0.000169 0.000047 0.000169 -0.000047 
2023	(   2.85585    8.934867   1.400818   0.352812   3.445375 )	254.566834 0.000056 -0.000040 -0.000056 0.000040 
2024	(   2.855947   8.934864   1.400845   0.352801   3.445339 )	254.546851 0.000136 -0.000035 -0.000136 0.000035 
2025	(   2.855848   8.934868   1.400847   0.352808   3.445306 )	254.530841 -0.000048 -0.000010 0.000048 0.000010 
2026	(   2.855911   8.934867   1.400887   0.352797   3.445232 )	254.491130 -0.000070 0.000015 0.000070 -0.000015 
2027	(   2.855865   8.934867   1.400835   0.352808   3.445339 )	254.547906 0.000024 -0.000026 -0.000024 0.000026 
2028	(   2.855865   8.934873   1.400837   0.352822   3.445167 )	254.457655 -0.000054 0.000018 0.000054 -0.000018 
2029	(   2.855882   8.934865   1.400853   0.352801   3.44535  )	254.553417 0.000013 -0.000024 -0.000013 0.000024 
2030	(   2.855918   8.934866   1.400851   0.352805   3.445289 )	254.521174 0.000053 -0.000016 -0.000053 0.000016 
2031	(   2.855866   8.934868   1.400848   0.352807   3.445302 )	254.528424 -0.000022 -0.000011 0.000022 0.000011 
2032	(   2.855901   8.934868   1.400868   0.352803   3.445241 )	254.496319 -0.000037 0.000006 0.000037 -0.000006 
2033	(   2.855874   8.934867   1.400843   0.352807   3.445315 )	254.535008 0.000009 -0.000018 -0.000009 0.000018 
2034	(   2.855881   8.934871   1.400846   0.352814   3.445217 )	254.483447 -0.000028 0.000007 0.000028 -0.000007 
2035	(   2.855882   8.934867   1.400851   0.352804   3.445317 )	254.535923 0.000003 -0.000016 -0.000003 0.000016 
2036	(   2.855771   8.934863   1.400814   0.352821   3.445434 )	254.598186 0.000021 -0.000024 -0.000021 0.000024 
2037	(   2.855913   8.934869   1.40086    0.352803   3.445247 )	254.499395 -0.000013 -0.000006 0.000013 0.000006 
2038	(   2.855885   8.934867   1.400846   0.352809   3.445295 )	254.524606 0.000022 -0.000010 -0.000022 0.000010 
2039	(   2.85588    8.934867   1.400847   0.352808   3.445297 )	254.525560 0.000011 -0.000011 -0.000011 0.000011 
2040	(   2.855879   8.934867   1.400852   0.352809   3.445275 )	254.514243 -0.000008 -0.000001 0.000008 0.000001 
2041	(   2.855881   8.934867   1.400857   0.35281    3.445256 )	254.503861 -0.000016 0.000008 0.000016 -0.000008 
2042	(   2.85587    8.934868   1.400845   0.352814   3.445257 )	254.504657 -0.000006 0.000004 0.000006 -0.000004 
2043	(   2.855864   8.934869   1.400841   0.352819   3.445227 )	254.489025 -0.000011 0.000014 0.000011 -0.000014 
2044	(   2.855868   8.934868   1.400849   0.352812   3.445261 )	254.506657 -0.000022 0.000004 0.000022 -0.000004 
2045	(   2.855877   8.934867   1.400847   0.352809   3.445288 )	254.520834 0.000003 -0.000007 -0.000003 0.000007 
2046	(   2.855821   8.934866   1.40083    0.352821   3.445326 )	254.541400 0.000009 -0.000001 -0.000009 0.000001 
2047	(   2.855844   8.934866   1.400837   0.352816   3.445307 )	254.530898 0.000004 -0.000002 -0.000004 0.000002 
2048	(   2.855875   8.934867   1.400854   0.352813   3.445261 )	254.506581 -0.000005 0.000011 0.000005 -0.000011 
2049	(   2.85587    8.934867   1.40085    0.352812   3.445273 )	254.513252 -0.000003 0.000005 0.000003 -0.000005 
2050	(   2.855847   8.934867   1.400837   0.352817   3.445296 )	254.525207 0.000007 0.000000 -0.000007 -0.000000 
2051	(   2.855855   8.934867   1.400841   0.352815   3.445291 )	254.522466 0.000003 0.000000 -0.000003 -0.000000 
2052	(   2.855804   8.934873   1.400845   0.352823   3.445256 )	254.504768 -0.000080 0.000032 0.000080 -0.000032 

BBE ( SOL ) BBO
2053	(   2.855839   8.934846   1.400845   0.352815   3.445297 )	254.525603 -0.000026 -0.000017 0.000026 0.000017 
2054	(   2.855854   8.934866   1.400895   0.352813   3.445303 )	254.529039 -0.000000 0.000068 0.000000 -0.000068 
2055	(   2.855832   8.934868   1.400845   0.352793   3.445293 )	254.524214 -0.000197 -0.000053 0.000197 0.000053 
2056	(   2.855843   8.934867   1.400845   0.352814   3.445503 )	254.634015 0.000185 0.000003 -0.000185 -0.000003 
2057	(   2.85646    8.935538   1.400965   0.352515   3.446239 )	255.023795 0.000022 0.000026 -0.000022 -0.000026 
2058	(   2.856478   8.935498   1.400985   0.352501   3.446259 )	255.033826 -0.000024 -0.000026 0.000024 0.000026 
2059	(   2.855859   8.93487    1.400844   0.352814   3.445303 )	254.529051 0.000018 0.000006 -0.000018 -0.000006 
2060	(   2.85585    8.93486    1.400857   0.352809   3.445331 )	254.543686 -0.000010 -0.000002 0.000010 0.000002 
2061	(   2.855837   8.934865   1.400839   0.352816   3.445331 )	254.543667 0.000010 -0.000003 -0.000010 0.000003 
2062	(   2.855862   8.934867   1.400843   0.352815   3.445275 )	254.514409 -0.000002 0.000002 0.000002 -0.000002 
2063	(   2.855867   8.934867   1.400849   0.352811   3.445284 )	254.518796 -0.000006 0.000001 0.000006 -0.000001 
2064	(   2.855862   8.934867   1.400846   0.352813   3.445287 )	254.520399 -0.000003 0.000001 0.000003 -0.000001 
2065	(   2.85584    8.934867   1.400835   0.352816   3.445312 )	254.533611 0.000004 -0.000004 -0.000004 0.000004 
2066	(   2.855863   8.934867   1.400846   0.352813   3.445283 )	254.518341 -0.000001 0.000003 0.000001 -0.000003 
2067	(   2.855874   8.934867   1.400851   0.352812   3.445269 )	254.510942 -0.000005 0.000005 0.000005 -0.000005 
2068	(   2.855851   8.934867   1.400841   0.352815   3.445297 )	254.525909 0.000002 -0.000001 -0.000002 0.000001 
2069	(   2.855852   8.934867   1.40084    0.352816   3.445293 )	254.523645 0.000003 0.000000 -0.000003 -0.000000 
2070	(   2.855859   8.934867   1.400845   0.352814   3.445288 )	254.521210 -0.000001 0.000001 0.000001 -0.000001 
2071	(   2.855867   8.934865   1.400835   0.352803   3.44526  )	254.506134 -0.000089 -0.000042 0.000089 0.000042 
2072	(   2.855851   8.934876   1.400843   0.352812   3.445296 )	254.525407 -0.000024 0.000003 0.000024 -0.000003 
2073	(   2.855844   8.934865   1.400865   0.352807   3.445275 )	254.514531 -0.000092 0.000009 0.000092 -0.000009 
2074	(   2.855834   8.934864   1.400831   0.352813   3.445242 )	254.497266 -0.000104 -0.000022 0.000104 0.000022 
2075	(   2.855846   8.934866   1.400839   0.352808   3.445403 )	254.581506 0.000044 -0.000023 -0.000044 0.000023 
2076	(   2.856489   8.935521   1.400971   0.352508   3.446174 )	254.989464 -0.000033 -0.000002 0.000033 0.000002 
2077	(   2.856449   8.935515   1.400979   0.352508   3.446323 )	255.068162 0.000031 0.000002 -0.000031 -0.000002 
2078	(   2.855854   8.934866   1.400845   0.352814   3.445303 )	254.529185 0.000002 0.000001 -0.000002 -0.000001 
2079	(   2.855853   8.934865   1.400845   0.352814   3.4453   )	254.527566 -0.000001 -0.000000 0.000001 0.000000 
2080	(   2.855851   8.934859   1.400847   0.352815   3.445292 )	254.523310 -0.000005 -0.000000 0.000005 0.000000 
2081	(   2.855853   8.934847   1.400863   0.352814   3.445251 )	254.501505 -0.000047 0.000008 0.000047 -0.000008 
2082	(   2.855856   8.934874   1.400845   0.35281    3.445322 )	254.538937 -0.000003 -0.000002 0.000003 0.000002 
2083	(   2.855846   8.934865   1.400845   0.352813   3.445322 )	254.538733 0.000002 -0.000002 -0.000002 0.000002 
2084	(   2.855858   8.934867   1.400844   0.352814   3.445287 )	254.520490 -0.000001 0.000001 0.000001 -0.000001 
2085	(   2.855856   8.934866   1.400843   0.352814   3.445287 )	254.520478 -0.000003 -0.000000 0.000003 0.000000 
2086	(   2.855854   8.934866   1.400844   0.352814   3.445299 )	254.527009 0.000001 0.000000 -0.000001 -0.000000 
2087	(   2.85586    8.934866   1.400848   0.352812   3.445294 )	254.524194 -0.000003 0.000001 0.000003 -0.000001 
2088	(   2.855853   8.934866   1.400843   0.352814   3.445296 )	254.525480 0.000000 -0.000000 -0.000000 0.000000 
2089	(   2.85585    8.934865   1.400843   0.352814   3.445306 )	254.530601 0.000001 -0.000001 -0.000001 0.000001 
2090	(   2.855857   8.934867   1.400844   0.352814   3.445293 )	254.523558 -0.000001 0.000001 0.000001 -0.000001 
2091	(   2.855853   8.934866   1.400837   0.352818   3.445276 )	254.514969 0.000002 0.000000 -0.000002 -0.000000 
2092	(   2.855857   8.934866   1.400843   0.352815   3.445288 )	254.521082 0.000004 0.000002 -0.000004 -0.000002 

BBE ( SOL ) BBO
2093	(   2.855867   8.934855   1.400851   0.352815   3.445265 )	254.508731 0.000001 0.000001 -0.000001 -0.000001 
2094	(   2.855844   8.934867   1.40086    0.352806   3.445375 )	254.566774 0.000001 0.000001 -0.000001 -0.000001 
2095	(   2.855855   8.934861   1.400847   0.352814   3.445299 )	254.526618 0.000001 -0.000001 -0.000001 0.000001 
2096	(   2.855857   8.934865   1.400845   0.352814   3.44529  )	254.522022 -0.000000 0.000001 0.000000 -0.000001 
2097	(   2.855868   8.934862   1.40085    0.352813   3.44527  )	254.511646 -0.000003 0.000003 0.000003 -0.000003 
2098	(   2.855872   8.934857   1.400849   0.352814   3.445259 )	254.505629 0.000000 -0.000000 -0.000000 0.000000 
2099	(   2.855915   8.934832   1.400864   0.352815   3.445166 )	254.456456 0.000001 -0.000003 -0.000001 0.000003 
2100	(   2.855881   8.934833   1.40086    0.352818   3.445214 )	254.481839 0.000000 -0.000000 -0.000000 0.000000 
2101	(   2.855908   8.934761   1.40089    0.352829   3.44508  )	254.410483 0.000001 -0.000000 -0.000001 0.000000 
2102	(   2.855908   8.934761   1.40089    0.352829   3.44508  )	254.410299 0.000001 -0.000000 -0.000001 0.000000 
2103	(   2.855991   8.934544   1.400983   0.352862   3.444677 )	254.195797 0.000001 -0.000001 -0.000001 0.000001 
2104	(   2.85619    8.935418   1.400765   0.352651   3.445792 )	254.789526 0.000001 0.000000 -0.000001 -0.000000 
2105	(   2.856353   8.934631   1.401021   0.352811   3.44431  )	254.001743 -0.000001 -0.000000 0.000001 0.000000 
2106	(   2.855908   8.934761   1.400891   0.352829   3.44508  )	254.410303 -0.000000 -0.000000 0.000000 0.000000 
2107	(   2.85599    8.934544   1.400984   0.352862   3.444677 )	254.195808 -0.000001 0.000001 0.000001 -0.000001 
2108	(   2.85777    8.934025   1.401505   0.35279    3.441598 )	252.566897 -0.000002 0.000000 0.000002 -0.000000 
2109	(   2.856035   8.93502    1.400753   0.352804   3.445008 )	254.374548 0.000001 0.000001 -0.000001 -0.000001 
2110	(   2.855881   8.935165   1.400946   0.352653   3.446399 )	255.108070 -0.000000 0.000000 0.000000 -0.000000 
2111	(   2.854052   8.934348   1.400117   0.353371   3.44494  )	254.346342 -0.000010 -0.000002 0.000010 0.000002 
2112	(   2.856784   8.935081   1.401228   0.352542   3.445376 )	254.562534 0.000001 -0.000000 -0.000001 0.000000 
2113	(   2.856391   8.935631   1.40101    0.352777   3.443475 )	253.576842 -0.001002 0.000892 0.001002 -0.000892 
2114	(   2.856367   8.93462    1.402021   0.352798   3.443999 )	253.839545 -0.000374 0.001325 0.000374 -0.001325 
2115	(   2.857353   8.93467    1.401036   0.352857   3.445436 )	254.583900 0.003469 0.000184 -0.003469 -0.000184 
2116	(   2.856581   8.934459   1.400955   0.352816   3.43931  )	251.393422 -0.004502 -0.000250 0.004502 0.000250 
2117	(   2.85613    8.9348     1.401086   0.353011   3.444001 )	253.843800 0.000673 0.000802 -0.000673 -0.000802 
2118	(   2.855992   8.934205   1.40043    0.352629   3.440258 )	251.886726 -0.006078 -0.001730 0.006078 0.001730 
2119	(   2.855824   8.935317   1.401352   0.353029   3.449902 )	256.958813 0.006079 0.001732 -0.006079 -0.001732 
2120	(   2.856341   8.934579   1.40101    0.352811   3.444399 )	254.047590 0.000059 -0.000069 -0.000059 0.000069 
2121	(   2.85599    8.934544   1.400984   0.352862   3.444677 )	254.195810 -0.000002 0.000001 0.000002 -0.000001 
2122	(   2.85777    8.934025   1.401505   0.35279    3.441598 )	252.566898 -0.000002 0.000001 0.000002 -0.000001 
2123	(   2.856385   8.934938   1.400771   0.352824   3.444154 )	253.923324 -0.000000 0.000000 0.000000 -0.000000 
2124	(   2.856479   8.935858   1.400022   0.352863   3.443686 )	253.688226 0.000002 0.000002 -0.000002 -0.000002 
2125	(   2.856462   8.935743   1.400022   0.352905   3.443418 )	253.546805 -0.000000 0.000000 0.000000 -0.000000 
2126	(   2.856693   8.938157   1.397775   0.353148   3.44121  )	252.420937 -0.000000 0.000004 0.000000 -0.000004 
2127	(   2.85598    8.934856   1.400773   0.352853   3.444762 )	254.244141 -0.000000 -0.000001 0.000000 0.000001 
2128	(   2.856154   8.935439   1.400036   0.35301    3.443287 )	253.477086 -0.000000 -0.000000 0.000000 0.000000 
2129	(   2.85777    8.934025   1.401505   0.35279    3.441598 )	252.566898 -0.000003 -0.000000 0.000003 0.000000 
2130	(   2.855231   8.934527   1.400078   0.353325   3.442893 )	253.267808 -0.000001 0.000000 0.000001 -0.000000 
2131	(   2.852462   8.931827   1.400204   0.35427    3.441711 )	252.641199 -0.000020 0.000043 0.000020 -0.000043 
2132	(   2.855231   8.934539   1.400078   0.353325   3.442893 )	253.267953 -0.000001 0.000012 0.000001 -0.000012 

BBE ( SOL ) BBO
2133	(   2.852975   8.936827   1.398817   0.353106   3.449013 )	256.528853 -0.000002 -0.000018 0.000002 0.000018 
2134	(   2.859497   8.938339   1.402547   0.350689   3.45321  )	258.725566 -0.000002 0.000024 0.000002 -0.000024 
2135	(   2.856444   8.935439   1.400182   0.35294    3.443202 )	253.430679 -0.000001 0.000010 0.000001 -0.000010 
2136	(   2.856015   8.935039   1.400682   0.352846   3.444745 )	254.236904 0.000001 0.000039 -0.000001 -0.000039 
2137	(   2.855103   8.924527   1.400069   0.35341    3.442893 )	253.147302 0.000349 -0.009781 -0.000349 0.009781 
2138	(   2.860231   8.934027   1.40043    0.352284   3.442903 )	253.226174 0.002629 -0.002842 -0.002629 0.002842 
2139	(   2.857974   8.939139   1.402036   0.352135   3.441872 )	252.771100 -0.004015 0.004057 0.004015 -0.004057 
2140	(   2.857933   8.934827   1.399866   0.355325   3.442887 )	253.243187 0.019785 0.005452 -0.019785 -0.005452 
2141	(   2.855703   8.934527   1.398078   0.353011   3.442894 )	253.263087 -0.001295 -0.003582 0.001295 0.003582 
2142	(   2.855226   8.934527   1.400078   0.353329   3.447893 )	255.891256 0.005011 0.000011 -0.005011 -0.000011 
2143	(   2.854334   8.931739   1.398036   0.353885   3.444702 )	254.185238 0.003999 -0.004067 -0.003999 0.004067 
2144	(   2.855125   8.934627   1.400095   0.353323   3.442843 )	253.243785 -0.000280 0.000118 0.000280 -0.000118 
2145	(   2.852462   8.931791   1.400204   0.35427    3.441711 )	252.640765 -0.000020 0.000008 0.000020 -0.000008 
2146	(   2.854951   8.93143    1.40161    0.353689   3.440851 )	252.169738 -0.000002 -0.000000 0.000002 0.000000 
2147	(   2.856207   8.935483   1.399905   0.35306    3.442822 )	253.234451 0.000001 0.000001 -0.000001 -0.000001 
2148	(   2.856444   8.935428   1.400182   0.35294    3.443202 )	253.430551 -0.000001 -0.000001 0.000001 0.000001 
2149	(   2.856015   8.935      1.400682   0.352846   3.444745 )	254.236431 0.000001 -0.000000 -0.000001 0.000000 
2150	(   2.855022   8.934815   1.401078   0.353837   3.442159 )	252.890461 0.002506 0.003055 -0.002506 -0.003055 
2151	(   2.857231   8.934669   1.399985   0.353578   3.442531 )	253.063403 0.005487 0.000702 -0.005487 -0.000702 
2152	(   2.855176   8.929527   1.400029   0.353459   3.4427   )	253.106593 0.000654 -0.004703 -0.000654 0.004703 
2153	(   2.855801   8.933741   1.40059    0.353118   3.444893 )	254.300219 0.001665 -0.000646 -0.001665 0.000646 
2154	(   2.854822   8.93509    1.399711   0.354325   3.443835 )	253.768939 0.007266 0.002777 -0.007266 -0.002777 
2155	(   2.85523    8.936509   1.399036   0.352046   3.442002 )	252.827719 -0.010043 -0.002900 0.010043 0.002900 
2156	(   2.857078   8.934369   1.401036   0.353974   3.444572 )	254.128234 0.010053 0.002925 -0.010053 -0.002925 
2157	(   2.855115   8.934708   1.399981   0.353343   3.442537 )	253.085013 -0.000462 0.000098 0.000462 -0.000098 
2158	(   2.852462   8.931791   1.400204   0.35427    3.441711 )	252.640765 -0.000021 0.000007 0.000021 -0.000007 
2159	(   2.855231   8.934527   1.400078   0.353325   3.442893 )	253.267808 -0.000002 0.000000 0.000002 -0.000000 
2160	(   2.856244   8.933745   1.400691   0.353307   3.440988 )	252.257932 0.000010 0.000010 -0.000010 -0.000010 
2161	(   2.855804   8.935448   1.399589   0.353232   3.442401 )	253.017023 -0.000001 -0.000001 0.000001 0.000001 
2162	(   2.856444   8.935428   1.400183   0.35294    3.443202 )	253.430551 -0.000000 0.000000 0.000000 -0.000000 
2163	(   2.85673    8.935714   1.399849   0.353003   3.442174 )	252.894712 -0.000000 0.000000 0.000000 -0.000000 
2164	(   2.857588   8.93657    1.398849   0.353192   3.439089 )	251.293960 0.000004 0.000002 -0.000004 -0.000002 
2165	(   2.855357   8.931761   1.401625   0.35356    3.440953 )	252.223431 -0.000003 -0.000001 0.000003 0.000001 
2166	(   2.857304   8.93391    1.401442   0.352864   3.442013 )	252.785542 0.000001 -0.000000 -0.000001 0.000000 
2167	(   2.857588   8.936614   1.398849   0.353192   3.439089 )	251.294486 0.000004 0.000045 -0.000004 -0.000045 
2168	(   2.859026   8.92851    1.406221   0.352447   3.441531 )	252.458631 0.000001 0.000035 -0.000001 -0.000035 
2169	(   2.858718   8.931614   1.40329    0.352781   3.439756 )	251.573782 0.000003 0.000015 -0.000003 -0.000015 
2170	(   2.852237   8.93121    1.400028   0.35456    3.440113 )	251.804366 -0.000001 -0.000026 0.000001 0.000026 
2171	(   2.856962   8.936114   1.399454   0.353044   3.441414 )	252.501489 0.000002 -0.000029 -0.000002 0.000029 
2172	(   2.856171   8.935114   1.400531   0.352883   3.444164 )	253.932177 0.000001 0.000007 -0.000001 -0.000007 

BBE ( SOL ) BBO
2173	(   2.856891   8.93721    1.399442   0.353395   3.441501 )	252.560325 0.002460 0.002002 -0.002460 -0.002002 
2174	(   2.857433   8.93641    1.402068   0.352698   3.440013 )	251.775528 -0.002926 0.002906 0.002926 -0.002906 
2175	(   2.85678    8.92391    1.401144   0.353537   3.441365 )	252.330129 0.003118 -0.008576 -0.003118 0.008576 
2176	(   2.862304   8.93321    1.401253   0.352914   3.441965 )	252.709684 0.010404 -0.000823 -0.010404 0.000823 
2177	(   2.857169   8.93131    1.400789   0.350864   3.441846 )	252.669741 -0.014768 -0.008914 0.014768 0.008914 
2178	(   2.852768   8.929214   1.401849   0.352941   3.442206 )	252.867515 -0.008396 -0.003928 0.008396 0.003928 
2179	(   2.860692   8.942214   1.397849   0.353065   3.442142 )	252.921962 0.008410 0.003939 -0.008410 -0.003939 
2180	(   2.857204   8.93381    1.401425   0.352912   3.442244 )	252.905411 0.000373 0.000007 -0.000373 -0.000007 
2181	(   2.859026   8.928499   1.406221   0.352447   3.441531 )	252.458501 0.000001 0.000024 -0.000001 -0.000024 
2182	(   2.854626   8.931604   1.401447   0.353708   3.441376 )	252.447368 0.000002 0.000001 -0.000002 -0.000001 
2183	(   2.856833   8.935419   1.399672   0.353201   3.440545 )	252.042215 -0.000001 0.000000 0.000001 -0.000000 
2184	(   2.857142   8.934536   1.399141   0.353795   3.435658 )	249.501645 -0.000001 0.000000 0.000001 -0.000000 
2185	(   2.858069   8.931836   1.397548   0.355577   3.420997 )	242.029859 0.000025 -0.000059 -0.000025 0.000059 
2186	(   2.858375   8.932636   1.402761   0.352663   3.441293 )	252.387349 0.000001 -0.000013 -0.000001 0.000013 
2187	(   2.855727   8.934014   1.401612   0.352731   3.44615  )	254.964957 0.000001 -0.000026 -0.000001 0.000026 
2188	(   2.861824   8.930536   1.400628   0.35352    3.430658 )	246.856656 0.002505 -0.002706 -0.002505 0.002706 
2189	(   2.852142   8.933136   1.399655   0.3537     3.431412 )	247.353078 -0.015016 -0.000953 0.015016 0.000953 
2190	(   2.85769    8.944536   1.399315   0.353763   3.434219 )	248.879817 -0.000558 0.010152 0.000558 -0.010152 
2191	(   2.85754    8.934236   1.394141   0.353772   3.434613 )	248.953811 -0.000404 -0.007182 0.000404 0.007182 
2192	(   2.857214   8.934436   1.399164   0.358795   3.435469 )	249.397318 0.035784 0.013586 -0.035784 -0.013586 
2193	(   2.85853    8.927714   1.394987   0.348003   3.439407 )	251.345782 -0.034995 -0.027886 0.034995 0.027886 
2194	(   2.85493    8.943714   1.404711   0.358003   3.444941 )	254.452184 0.034894 0.028524 -0.034894 -0.028524 
2195	(   2.857162   8.934536   1.399366   0.353727   3.436084 )	249.720960 -0.000022 0.000124 0.000022 -0.000124 
2196	(   2.858069   8.931885   1.397548   0.355577   3.420997 )	242.030459 0.000025 -0.000009 -0.000025 0.000009 
2197	(   2.857017   8.936019   1.399614   0.353009   3.441554 )	252.572833 0.000002 0.000000 -0.000002 -0.000000 
2198	(   2.857384   8.934208   1.399491   0.353499   3.435953 )	249.648020 -0.001338 -0.000651 0.001338 0.000651 
2199	(   2.856962   8.936144   1.399454   0.353044   3.441414 )	252.501852 0.000002 0.000001 -0.000002 -0.000001 
2200	(   2.856171   8.935106   1.400531   0.352883   3.444164 )	253.932088 0.000001 0.000000 -0.000001 -0.000000 
2201	(   2.859142   8.934729   1.399115   0.353617   3.435623 )	249.469288 0.002732 -0.000325 -0.002732 0.000325 
2202	(   2.857115   8.935065   1.401141   0.353307   3.435561 )	249.460547 -0.003648 0.001948 0.003648 -0.001948 
2203	(   2.856886   8.939536   1.398461   0.352071   3.434744 )	249.096286 -0.013780 -0.000586 0.013780 0.000586 
2204	(   2.857252   8.939536   1.399433   0.355775   3.436051 )	249.761829 0.014802 0.010789 -0.014802 -0.010789 
2205	(   2.857104   8.935268   1.399041   0.353119   3.437658 )	250.542267 -0.002924 -0.001236 0.002924 0.001236 
2206	(   2.855758   8.939622   1.398727   0.351003   3.441427 )	252.562673 -0.017020 -0.003013 0.017020 0.003013 
2207	(   2.857702   8.931806   1.400971   0.355003   3.442921 )	253.227418 0.017042 0.003083 -0.017042 -0.003083 
2208	(   2.855475   8.933178   1.398373   0.354561   3.435338 )	249.333136 0.001792 -0.000336 -0.001792 0.000336 
2209	(   2.856344   8.935856   1.399759   0.352996   3.443005 )	253.333283 0.000001 0.000000 -0.000001 -0.000000 
2210	(   2.857288   8.934276   1.398373   0.35362    3.435853 )	249.597008 -0.000765 -0.001786 0.000765 0.001786 
2211	(   2.858142   8.934178   1.398941   0.353727   3.435508 )	249.411633 0.001384 -0.000816 -0.001384 0.000816 
2212	(   2.8569     8.935584   1.398141   0.353455   3.434905 )	249.129014 -0.003677 -0.001241 0.003677 0.001241 

BBE ( SOL ) BBO
2213	(   2.857384   8.936328   1.400141   0.354135   3.434722 )	249.040878 0.001991 0.004090 -0.001991 -0.004090 
2214	(   2.856872   8.932536   1.399445   0.353416   3.434817 )	249.048100 -0.004101 -0.002611 0.004101 0.002611 
2215	(   2.857071   8.934009   1.398847   0.354795   3.435437 )	249.380888 0.006800 0.001783 -0.006800 -0.001783 
2216	(   2.85573    8.937355   1.399122   0.352217   3.441551 )	252.598865 -0.008264 -0.001476 0.008264 0.001476 
2217	(   2.85773    8.934073   1.400576   0.353789   3.442797 )	253.190993 0.008273 0.001492 -0.008273 -0.001492 
2218	(   2.856696   8.93389    1.39956    0.353812   3.436352 )	249.855281 -0.000087 -0.000024 0.000087 0.000024 
2219	(   2.857588   8.93657    1.398849   0.353192   3.439089 )	251.293961 0.000001 0.000001 -0.000001 -0.000001 
2220	(   2.856691   8.935565   1.399927   0.35302    3.442085 )	252.846878 -0.000048 0.000003 0.000048 -0.000003 
2221	(   2.857609   8.934503   1.399215   0.353416   3.434792 )	249.052659 -0.002638 -0.000960 0.002638 0.000960 
2222	(   2.856962   8.936144   1.399454   0.353044   3.441414 )	252.501852 0.000001 0.000000 -0.000001 -0.000000 
2223	(   2.856171   8.935106   1.400532   0.352883   3.444164 )	253.931842 -0.000000 -0.000000 0.000000 0.000000 
2224	(   2.857642   8.934398   1.399107   0.353794   3.435619 )	249.475654 0.000961 -0.000189 -0.000961 0.000189 
2225	(   2.857047   8.934164   1.398698   0.353776   3.435158 )	249.240568 -0.000827 -0.001030 0.000827 0.001030 
2226	(   2.857192   8.935462   1.398641   0.353805   3.435919 )	249.646442 0.000431 0.000267 -0.000431 -0.000267 
2227	(   2.857143   8.934563   1.399148   0.353295   3.435666 )	249.506405 -0.003573 -0.001319 0.003573 0.001319 
2228	(   2.857088   8.933536   1.398891   0.353784   3.436076 )	249.704948 0.000232 -0.001372 -0.000232 0.001372 
2229	(   2.856379   8.936503   1.400349   0.352683   3.442404 )	253.028035 -0.002771 0.000604 0.002771 -0.000604 
2230	(   2.857081   8.934925   1.399349   0.353323   3.441944 )	252.761449 0.002772 -0.000605 -0.002772 0.000605 
2231	(   2.85713    8.934543   1.399154   0.3538     3.435657 )	249.501419 0.000011 0.000040 -0.000011 -0.000040 
2232	(   2.856357   8.937206   1.400349   0.3532     3.442652 )	253.165709 0.001135 0.002711 -0.001135 -0.002711 
2233	(   2.856774   8.934582   1.39903    0.353572   3.436124 )	249.745355 -0.001879 -0.000711 0.001879 0.000711 
2234	(   2.855797   8.937477   1.398376   0.353097   3.443385 )	253.554731 -0.000002 0.000004 0.000002 -0.000004 
2235	(   2.856927   8.934802   1.400676   0.352922   3.442356 )	252.977644 0.000000 -0.000001 -0.000000 0.000001 
2236	(   2.856954   8.934146   1.399341   0.353874   3.435523 )	249.429336 0.000052 0.000099 -0.000052 -0.000099 
2237	(   2.857031   8.9348     1.399006   0.353741   3.435458 )	249.402904 -0.000810 -0.000067 0.000810 0.000067 
2238	(   2.857342   8.934062   1.399033   0.353891   3.435494 )	249.409732 0.000929 -0.000362 -0.000929 0.000362 
2239	(   2.857295   8.935036   1.399327   0.353868   3.435533 )	249.442206 0.000709 0.000954 -0.000709 -0.000954 
2240	(   2.857092   8.934655   1.39908    0.353995   3.435699 )	249.524472 0.001372 0.000578 -0.001372 -0.000578 
2241	(   2.8569     8.935429   1.399697   0.353193   3.441974 )	252.785265 0.001502 0.000021 -0.001502 -0.000021 
2242	(   2.85656    8.935998   1.400002   0.352813   3.442374 )	253.004202 -0.001502 -0.000021 0.001502 0.000021 
2243	(   2.857121   8.935123   1.399129   0.353427   3.435905 )	249.636492 -0.002430 -0.000425 0.002430 0.000425 
2244	(   2.857123   8.934146   1.399006   0.353808   3.43557  )	249.451652 -0.000036 -0.000541 0.000036 0.000541 
2245	(   2.856589   8.935687   1.399857   0.35302    3.442337 )	252.980695 0.000000 0.000030 -0.000000 -0.000030 
2246	(   2.856869   8.936007   1.399555   0.353038   3.441645 )	252.621205 0.000002 -0.000014 -0.000002 0.000014 
2247	(   2.857143   8.934463   1.399138   0.353801   3.435558 )	249.449327 -0.000057 -0.000061 0.000057 0.000061 
2248	(   2.857142   8.934575   1.399041   0.353792   3.435654 )	249.500198 -0.000028 -0.000106 0.000028 0.000106 
2249	(   2.857042   8.934529   1.399141   0.353796   3.435658 )	249.502701 -0.000199 -0.000005 0.000199 0.000005 
2250	(   2.857146   8.934336   1.399119   0.35383    3.435697 )	249.519182 0.000296 -0.000136 -0.000296 0.000136 
2251	(   2.857141   8.9346     1.399145   0.353895   3.435652 )	249.499343 0.000709 0.000340 -0.000709 -0.000340 
2252	(   2.856807   8.935818   1.399949   0.352948   3.442081 )	252.846825 -0.000336 0.000091 0.000336 -0.000091 

BBE ( SOL ) BBO
2253	(   2.856653   8.935609   1.399749   0.353058   3.442267 )	252.942608 0.000335 -0.000091 -0.000335 0.000091 
2254	(   2.857143   8.934537   1.399143   0.353794   3.435659 )	249.502028 -0.000008 0.000000 0.000008 -0.000000 
2255	(   2.856709   8.935716   1.399843   0.352997   3.442136 )	252.875121 -0.000122 -0.000022 0.000122 0.000022 
2256	(   2.857133   8.934392   1.399041   0.353792   3.435558 )	249.448472 -0.000142 -0.000290 0.000142 0.000290 
2257	(   2.856542   8.935499   1.399741   0.353092   3.442319 )	252.969187 0.000401 -0.000123 -0.000401 0.000123 
2258	(   2.856741   8.935738   1.399897   0.352984   3.44214  )	252.877410 -0.000151 0.000037 0.000151 -0.000037 
2259	(   2.857096   8.934586   1.399145   0.353769   3.435608 )	249.476961 -0.000330 -0.000016 0.000330 0.000016 
2260	(   2.857164   8.934436   1.399144   0.353776   3.435622 )	249.481900 -0.000124 -0.000147 0.000124 0.000147 
2261	(   2.857144   8.934539   1.399091   0.353793   3.435654 )	249.499831 -0.000013 -0.000070 0.000013 0.000070 
2262	(   2.857092   8.934454   1.399136   0.353837   3.435662 )	249.502967 0.000203 0.000025 -0.000203 -0.000025 
2263	(   2.857119   8.934498   1.399139   0.353745   3.435696 )	249.520958 -0.000368 -0.000177 0.000368 0.000177 
2264	(   2.85678    8.93565    1.399892   0.352955   3.442149 )	252.880587 -0.000268 -0.000135 0.000268 0.000135 
2265	(   2.85668    8.935778   1.399806   0.353051   3.442199 )	252.908838 0.000267 0.000136 -0.000267 -0.000136 
2266	(   2.857145   8.93454    1.399142   0.353794   3.435658 )	249.501860 -0.000001 0.000003 0.000001 -0.000003 
2267	(   2.857153   8.934526   1.399154   0.3538     3.435623 )	249.483646 0.000024 0.000022 -0.000024 -0.000022 
2268	(   2.85668    8.935778   1.399837   0.353018   3.442166 )	252.891477 -0.000006 0.000086 0.000006 -0.000086 
2269	(   2.856741   8.935627   1.399935   0.352957   3.442081 )	252.845404 -0.000399 -0.000094 0.000399 0.000094 
2270	(   2.856695   8.93574    1.399838   0.353028   3.44217  )	252.892978 0.000101 0.000078 -0.000101 -0.000078 
2271	(   2.856662   8.935667   1.39982    0.353042   3.442152 )	252.883055 0.000121 0.000020 -0.000121 -0.000020 
2272	(   2.856681   8.935685   1.39984    0.353028   3.442149 )	252.881644 0.000053 0.000025 -0.000053 -0.000025 
2273	(   2.856702   8.935643   1.399879   0.352998   3.442114 )	252.862954 -0.000150 -0.000042 0.000150 0.000042 
2274	(   2.856697   8.935716   1.399849   0.35302    3.442156 )	252.885472 0.000038 0.000048 -0.000038 -0.000048 
2275	(   2.856682   8.935667   1.399877   0.353038   3.442156 )	252.884951 0.000137 0.000087 -0.000137 -0.000087 
2276	(   2.856703   8.935704   1.399851   0.353007   3.442141 )	252.877578 -0.000057 0.000005 0.000057 -0.000005 
2277	(   2.856721   8.935576   1.39989    0.353014   3.442116 )	252.863037 -0.000000 -0.000054 0.000000 0.000054 
2278	(   2.856714   8.935582   1.399894   0.353008   3.44211  )	252.860068 -0.000059 -0.000057 0.000059 0.000057 
2279	(   2.856701   8.935682   1.39986    0.353017   3.442144 )	252.879121 0.000014 0.000022 -0.000014 -0.000022 
2280	(   2.856737   8.935611   1.399911   0.352997   3.442115 )	252.862886 -0.000090 -0.000034 0.000090 0.000034 
2281	(   2.856695   8.935666   1.399857   0.35302    3.442141 )	252.876954 0.000017 0.000010 -0.000017 -0.000010 
2282	(   2.856713   8.935578   1.399902   0.353022   3.442123 )	252.866701 0.000050 -0.000013 -0.000050 0.000013 
2283	(   2.85671    8.935609   1.399889   0.353018   3.442128 )	252.869421 0.000023 -0.000008 -0.000023 0.000008 
2284	(   2.85669    8.935719   1.399863   0.353018   3.442152 )	252.883797 0.000002 0.000064 -0.000002 -0.000064 
2285	(   2.856713   8.935611   1.399883   0.353015   3.442125 )	252.868227 0.000000 -0.000024 -0.000000 0.000024 
2286	(   2.856729   8.935748   1.399809   0.35301    3.4422   )	252.908499 0.000070 -0.000003 -0.000070 0.000003 
2287	(   2.8567     8.935611   1.399897   0.353017   3.442114 )	252.862282 -0.000019 0.000001 0.000019 -0.000001 
2288	(   2.856719   8.935602   1.399891   0.353012   3.442128 )	252.869517 -0.000005 -0.000030 0.000005 0.000030 
2289	(   2.856705   8.935662   1.399868   0.353016   3.44214  )	252.876720 0.000009 0.000009 -0.000009 -0.000009 
2290	(   2.856708   8.935697   1.399853   0.35301    3.44215  )	252.882137 -0.000020 0.000007 0.000020 -0.000007 
2291	(   2.856709   8.935631   1.39988    0.353016   3.442133 )	252.872600 0.000012 -0.000005 -0.000012 0.000005 
2292	(   2.856703   8.935702   1.399858   0.353014   3.442155 )	252.885080 0.000007 0.000031 -0.000007 -0.000031 

BBE ( SOL ) BBO
2293	(   2.856711   8.935634   1.399877   0.353015   3.442133 )	252.872440 0.000002 -0.000011 -0.000002 0.000011 
2294	(   2.856727   8.935634   1.399891   0.353007   3.442137 )	252.874547 -0.000015 -0.000012 0.000015 0.000012 
2295	(   2.856719   8.935642   1.399883   0.35301    3.442138 )	252.875149 -0.000007 -0.000006 0.000007 0.000006 
2296	(   2.856729   8.935702   1.399845   0.353007   3.442174 )	252.894367 0.000025 -0.000006 -0.000025 0.000006 
2297	(   2.856708   8.935634   1.399884   0.353015   3.442129 )	252.870303 -0.000008 -0.000001 0.000008 0.000001 
2298	(   2.85672    8.935684   1.399864   0.353007   3.442152 )	252.883129 -0.000014 0.000001 0.000014 -0.000001 
2299	(   2.856712   8.935644   1.399876   0.353014   3.442138 )	252.875232 0.000006 -0.000003 -0.000006 0.000003 
2300	(   2.856726   8.935645   1.39988    0.353007   3.442144 )	252.878414 -0.000012 -0.000017 0.000012 0.000017 
2301	(   2.856711   8.935658   1.399871   0.353014   3.442141 )	252.877143 0.000004 0.000002 -0.000004 -0.000002 
2302	(   2.856721   8.935683   1.399868   0.353008   3.442155 )	252.884575 -0.000005 0.000008 0.000005 -0.000008 
2303	(   2.856713   8.935646   1.399875   0.353013   3.442138 )	252.875474 0.000001 -0.000006 -0.000001 0.000006 
2304	(   2.85671    8.935676   1.399859   0.353013   3.44215  )	252.881997 0.000008 0.000004 -0.000008 -0.000004 
2305	(   2.856717   8.935651   1.399877   0.353011   3.442141 )	252.876861 -0.000003 -0.000004 0.000003 0.000004 
2306	(   2.856725   8.935691   1.399855   0.353007   3.442164 )	252.889466 0.000010 -0.000004 -0.000010 0.000004 
2307	(   2.856712   8.935648   1.399877   0.353013   3.442138 )	252.875093 -0.000003 -0.000001 0.000003 0.000001 
2308	(   2.856721   8.935683   1.399863   0.353007   3.442155 )	252.884481 -0.000007 -0.000000 0.000007 0.000000 
2309	(   2.856714   8.935654   1.399873   0.353012   3.442142 )	252.877544 0.000003 -0.000002 -0.000003 0.000002 
2310	(   2.85672    8.935683   1.399864   0.353008   3.442156 )	252.885068 -0.000001 0.000004 0.000001 -0.000004 
2311	(   2.856715   8.935656   1.399872   0.353012   3.442143 )	252.877872 0.000000 -0.000004 -0.000000 0.000004 
2312	(   2.857122   8.93454    1.399142   0.353795   3.435657 )	249.501500 -0.000039 0.000006 0.000039 -0.000006 
2313	(   2.857142   8.93452    1.399161   0.353794   3.435661 )	249.502814 -0.000009 0.000008 0.000009 -0.000008 
2314	(   2.857139   8.93449    1.399132   0.353784   3.435678 )	249.511404 -0.000064 -0.000088 0.000064 0.000088 
2315	(   2.857142   8.934516   1.39914    0.353815   3.435661 )	249.503006 0.000145 0.000033 -0.000145 -0.000033 
2316	(   2.857143   8.93458    1.399145   0.353799   3.435678 )	249.512461 0.000050 0.000060 -0.000050 -0.000060 
2317	(   2.856744   8.935664   1.399849   0.35302    3.442178 )	252.896024 0.000154 -0.000004 -0.000154 0.000004 
2318	(   2.856716   8.935764   1.39985    0.352986   3.44217  )	252.893400 -0.000155 0.000004 0.000155 -0.000004 
2319	(   2.857161   8.934497   1.399139   0.353784   3.435636 )	249.489809 -0.000063 -0.000072 0.000063 0.000072 
2320	(   2.857145   8.934528   1.399147   0.353794   3.435657 )	249.501101 -0.000004 -0.000004 0.000004 0.000004 
2321	(   2.85672    8.935683   1.399864   0.353006   3.442165 )	252.889878 -0.000006 -0.000003 0.000006 0.000003 
2322	(   2.856726   8.935684   1.399863   0.353006   3.44216  )	252.886972 -0.000004 -0.000004 0.000004 0.000004 
2323	(   2.856715   8.935664   1.399869   0.353012   3.442146 )	252.879601 0.000002 0.000001 -0.000002 -0.000001 
2324	(   2.857141   8.934531   1.399151   0.353798   3.435655 )	249.499876 0.000018 0.000018 -0.000018 -0.000018 
2325	(   2.857152   8.934534   1.399141   0.353796   3.435656 )	249.500755 0.000029 0.000001 -0.000029 -0.000001 
2326	(   2.857143   8.934516   1.399144   0.353787   3.435666 )	249.505368 -0.000044 -0.000036 0.000044 0.000036 
2327	(   2.857144   8.934549   1.399145   0.353798   3.435668 )	249.506931 0.000037 0.000028 -0.000037 -0.000028 
2328	(   2.85714    8.934522   1.399137   0.353805   3.435661 )	249.502971 0.000070 0.000008 -0.000070 -0.000008 
2329	(   2.856726   8.935702   1.399839   0.352994   3.442173 )	252.894090 -0.000074 -0.000050 0.000074 0.000050 
2330	(   2.856734   8.935726   1.399859   0.353012   3.442175 )	252.895334 0.000074 0.000050 -0.000074 -0.000050 
2331	(   2.857139   8.934553   1.399134   0.353793   3.435648 )	249.496753 -0.000028 0.000003 0.000028 -0.000003 
2332	(   2.857139   8.934546   1.399134   0.353796   3.435652 )	249.498625 -0.000005 0.000004 0.000005 -0.000004 

BBE ( SOL ) BBO
2333	(   2.856723   8.935699   1.399863   0.353004   3.442159 )	252.886976 -0.000022 0.000006 0.000022 -0.000006 
2334	(   2.856714   8.935651   1.399872   0.353012   3.442141 )	252.876861 0.000001 -0.000006 -0.000001 0.000006 
2335	(   2.856719   8.935675   1.399866   0.353009   3.442152 )	252.883016 -0.000000 0.000001 0.000000 -0.000001 
2336	(   2.856721   8.935687   1.399862   0.353008   3.442158 )	252.886114 -0.000000 0.000003 0.000000 -0.000003 
2337	(   2.856716   8.935663   1.399869   0.353011   3.442147 )	252.879933 0.000000 -0.000002 -0.000000 0.000002 
2338	(   2.856722   8.935692   1.399859   0.353007   3.44216  )	252.887398 -0.000003 0.000002 0.000003 -0.000002 
2339	(   2.856716   8.935663   1.399869   0.353011   3.442147 )	252.880008 0.000001 -0.000001 -0.000001 0.000001 
2340	(   2.857143   8.934541   1.399137   0.353792   3.435653 )	249.499124 -0.000027 -0.000009 0.000027 0.000009 
2341	(   2.857145   8.934537   1.399146   0.353794   3.435656 )	249.500770 -0.000004 0.000005 0.000004 -0.000005 
2342	(   2.85714    8.934546   1.399142   0.353796   3.435659 )	249.502289 0.000002 0.000013 -0.000002 -0.000013 
2343	(   2.857145   8.934537   1.39914    0.3538     3.435656 )	249.500890 0.000039 0.000014 -0.000039 -0.000014 
2344	(   2.857147   8.934538   1.399139   0.353793   3.435663 )	249.504208 0.000001 -0.000005 -0.000001 0.000005 
2345	(   2.856731   8.935717   1.399846   0.353004   3.442169 )	252.892135 0.000002 0.000001 -0.000002 -0.000001 
2346	(   2.856729   8.93571    1.399852   0.353002   3.442179 )	252.897289 -0.000003 -0.000001 0.000003 0.000001 
2347	(   2.857139   8.93453    1.399143   0.353795   3.435655 )	249.500138 -0.000013 -0.000006 0.000013 0.000006 
2348	(   2.857143   8.93453    1.399141   0.353795   3.435659 )	249.502070 0.000001 -0.000007 -0.000001 0.000007 
2349	(   2.856735   8.935724   1.399845   0.353002   3.442172 )	252.893524 0.000002 0.000002 -0.000002 -0.000002 
2350	(   2.856731   8.935714   1.399849   0.353003   3.44217  )	252.892613 0.000000 0.000001 -0.000000 -0.000001 
2351	(   2.857142   8.934535   1.399143   0.353795   3.435656 )	249.500603 0.000000 0.000002 -0.000000 -0.000002 
2352	(   2.857144   8.934536   1.399141   0.353795   3.435658 )	249.501596 0.000003 -0.000000 -0.000003 0.000000 
2353	(   2.857142   8.934541   1.399143   0.353795   3.435658 )	249.501932 0.000003 0.000008 -0.000003 -0.000008 
2354	(   2.857142   8.934541   1.399139   0.353793   3.435656 )	249.500700 -0.000015 -0.000002 0.000015 0.000002 
2355	(   2.857142   8.934537   1.39914    0.353797   3.435658 )	249.501473 0.000013 0.000005 -0.000013 -0.000005 
2356	(   2.856729   8.935719   1.399849   0.353003   3.442174 )	252.894638 -0.000001 0.000005 0.000001 -0.000005 
2357	(   2.856731   8.935709   1.399849   0.353003   3.442174 )	252.894786 0.000000 -0.000005 -0.000000 0.000005 
2358	(   2.857142   8.934535   1.399141   0.353795   3.435658 )	249.501627 -0.000001 -0.000001 0.000001 0.000001 
2359	(   2.857144   8.934537   1.399141   0.353795   3.435659 )	249.502009 0.000000 -0.000001 -0.000000 0.000001 
2360	(   2.856732   8.935723   1.399847   0.353003   3.442171 )	252.893323 0.000000 0.000007 -0.000000 -0.000007 
2361	(   2.856731   8.935712   1.399849   0.353003   3.442174 )	252.894420 0.000000 -0.000002 -0.000000 0.000002 
2362	(   2.857143   8.934535   1.399141   0.353795   3.435658 )	249.501469 0.000001 -0.000000 -0.000001 0.000000 
2363	(   2.857146   8.934535   1.399141   0.353795   3.435657 )	249.500942 0.000007 -0.000001 -0.000007 0.000001 
2364	(   2.856731   8.935709   1.399848   0.353003   3.442171 )	252.893164 -0.000002 -0.000007 0.000002 0.000007 
2365	(   2.857145   8.93453    1.399141   0.353797   3.435655 )	249.500083 0.000016 -0.000001 -0.000016 0.000001 
2366	(   2.856735   8.935723   1.399843   0.353004   3.442164 )	252.889673 0.000005 0.000002 -0.000005 -0.000002 
2367	(   2.85673    8.935713   1.39985    0.353003   3.442175 )	252.895385 -0.000001 -0.000000 0.000001 0.000000 
2368	(   2.857141   8.934538   1.399141   0.353795   3.435657 )	249.501357 -0.000001 0.000002 0.000001 -0.000002 
2369	(   2.857143   8.934534   1.399142   0.353795   3.435656 )	249.500421 -0.000003 -0.000002 0.000003 0.000002 
2370	(   2.857144   8.934535   1.399139   0.353796   3.435657 )	249.500932 0.000010 -0.000000 -0.000010 0.000000 
2371	(   2.857144   8.93454    1.39914    0.353794   3.435657 )	249.501168 -0.000004 0.000001 0.000004 -0.000001 
2372	(   2.857144   8.93454    1.399143   0.353796   3.435657 )	249.501206 0.000006 0.000008 -0.000006 -0.000008 

BBE ( SOL ) BBO
2373	(   2.856732   8.935716   1.39985    0.353003   3.442174 )	252.894955 0.000006 0.000004 -0.000006 -0.000004 
2374	(   2.856728   8.935711   1.399849   0.353003   3.442174 )	252.894469 -0.000007 -0.000004 0.000007 0.000004 
2375	(   2.857143   8.934535   1.399141   0.353795   3.435658 )	249.501521 0.000001 -0.000000 -0.000001 0.000000 
2376	(   2.85673    8.935711   1.399849   0.353003   3.442174 )	252.894579 0.000001 -0.000002 -0.000001 0.000002 
2377	(   2.857143   8.934534   1.399143   0.353795   3.435656 )	249.500421 -0.000005 -0.000002 0.000005 0.000002 
2378	(   2.856731   8.935717   1.399848   0.353003   3.442171 )	252.893127 -0.000001 0.000002 0.000001 -0.000002 
2379	(   2.856731   8.935716   1.399849   0.353003   3.442172 )	252.893490 -0.000000 0.000001 0.000000 -0.000001 
2380	(   2.85673    8.93571    1.399852   0.353002   3.442177 )	252.896113 -0.000002 -0.000001 0.000002 0.000001 
2381	(   2.856731   8.935716   1.399848   0.353003   3.442171 )	252.893130 0.000001 0.000001 -0.000001 -0.000001 
2382	(   2.856731   8.935716   1.399849   0.353003   3.442171 )	252.893311 -0.000001 0.000003 0.000001 -0.000003 
2383	(   2.856731   8.935713   1.399849   0.353003   3.442173 )	252.894143 0.000000 -0.000001 -0.000000 0.000001 
2384	(   2.85673    8.935712   1.399851   0.353003   3.442175 )	252.895007 -0.000001 -0.000000 0.000001 0.000000 
2385	(   2.856731   8.935713   1.39985    0.353003   3.442174 )	252.894538 -0.000001 0.000000 0.000001 -0.000000 
2386	(   2.856731   8.935715   1.399848   0.353003   3.44217  )	252.892413 0.000000 0.000001 -0.000000 -0.000001 
2387	(   2.856732   8.935715   1.399848   0.353004   3.442167 )	252.890928 0.000001 0.000001 -0.000001 -0.000001 
2388	(   2.856731   8.935715   1.399848   0.353003   3.44217  )	252.892410 0.000001 0.000001 -0.000001 -0.000001 
2389	(   2.856731   8.935714   1.399849   0.353003   3.442173 )	252.894006 -0.000000 0.000000 0.000000 -0.000000 
2390	(   2.856731   8.935715   1.399849   0.353003   3.44217  )	252.892750 -0.000000 0.000002 0.000000 -0.000002 
2391	(   2.856731   8.935714   1.399849   0.353003   3.442172 )	252.893795 0.000000 -0.000000 -0.000000 0.000000 
2392	(   2.856731   8.935712   1.39985    0.353003   3.442172 )	252.893526 0.000000 -0.000000 -0.000000 0.000000 
2393	(   2.85673    8.935711   1.39985    0.353003   3.442172 )	252.893544 0.000001 -0.000001 -0.000001 0.000001 
2394	(   2.85673    8.935713   1.399849   0.353003   3.442174 )	252.894768 -0.000000 -0.000001 0.000000 0.000001 
2395	(   2.856731   8.935714   1.399849   0.353003   3.442171 )	252.893151 0.000000 0.000001 -0.000000 -0.000001 
2396	(   2.85673    8.935708   1.399852   0.353004   3.44217  )	252.892718 0.000001 -0.000000 -0.000001 0.000000 
2397	(   2.857141   8.934537   1.39914    0.353795   3.435655 )	249.500206 -0.000003 -0.000000 0.000003 0.000000 
2398	(   2.856731   8.935718   1.399848   0.353003   3.442169 )	252.892140 -0.000003 0.000002 0.000003 -0.000002 
2399	(   2.857143   8.934537   1.399139   0.353795   3.435657 )	249.501147 0.000001 -0.000001 -0.000001 0.000001 
2400	(   2.857143   8.934535   1.399142   0.353795   3.435656 )	249.500434 0.000002 0.000001 -0.000002 -0.000001 
2401	(   2.857145   8.934535   1.399141   0.353795   3.435658 )	249.501462 0.000006 -0.000000 -0.000006 0.000000 
2402	(   2.857143   8.934537   1.399141   0.353794   3.435657 )	249.501162 -0.000006 -0.000001 0.000006 0.000001 
2403	(   2.857143   8.93453    1.399141   0.353795   3.435657 )	249.501301 -0.000001 -0.000007 0.000001 0.000007 
2404	(   2.85673    8.935717   1.399852   0.353002   3.442171 )	252.892985 -0.000008 0.000005 0.000008 -0.000005 
2405	(   2.856731   8.935708   1.399848   0.353004   3.442173 )	252.894067 0.000008 -0.000005 -0.000008 0.000005 
2406	(   2.857142   8.934535   1.399141   0.353795   3.435658 )	249.501489 0.000000 -0.000000 -0.000000 0.000000 
2407	(   2.857141   8.934536   1.399141   0.353795   3.435658 )	249.501550 -0.000003 -0.000000 0.000003 0.000000 
2408	(   2.857139   8.93453    1.399142   0.353796   3.435655 )	249.500136 0.000001 -0.000002 -0.000001 0.000002 
2409	(   2.857142   8.934534   1.399142   0.353795   3.435656 )	249.500484 -0.000000 -0.000001 0.000000 0.000001 
2410	(   2.857141   8.934528   1.399144   0.353796   3.43565  )	249.497529 -0.000005 -0.000002 0.000005 0.000002 
2411	(   2.857143   8.934528   1.399146   0.353796   3.435648 )	249.496407 0.000001 0.000002 -0.000001 -0.000002 
2412	(   2.857149   8.934536   1.399145   0.353795   3.435648 )	249.496464 0.000001 0.000005 -0.000001 -0.000005 

BBE ( SOL ) BBO
2413	(   2.857141   8.934533   1.399142   0.353796   3.435656 )	249.500634 0.000001 -0.000000 -0.000001 0.000000 
2414	(   2.857143   8.934533   1.399142   0.353795   3.435656 )	249.500594 0.000002 -0.000001 -0.000002 0.000001 
2415	(   2.857142   8.934535   1.399141   0.353795   3.435657 )	249.501382 -0.000000 -0.000000 0.000000 0.000000 
2416	(   2.857142   8.934534   1.399142   0.353795   3.435657 )	249.501061 -0.000001 0.000000 0.000001 -0.000000 
2417	(   2.857144   8.934528   1.399145   0.353796   3.435648 )	249.496398 -0.000000 -0.000001 0.000000 0.000001 
2418	(   2.85715    8.934509   1.399156   0.353797   3.435625 )	249.484142 -0.000001 -0.000000 0.000001 0.000000 
2419	(   2.857168   8.934455   1.399187   0.353802   3.435555 )	249.447377 -0.000003 0.000001 0.000003 -0.000001 
2420	(   2.857144   8.934508   1.399159   0.353796   3.435647 )	249.495467 0.000001 -0.000001 -0.000001 0.000001 
2421	(   2.857129   8.934498   1.399154   0.353802   3.435639 )	249.491736 0.000004 -0.000001 -0.000004 0.000001 
2422	(   2.857147   8.934523   1.399148   0.353796   3.435641 )	249.492924 -0.000001 -0.000001 0.000001 0.000001 
2423	(   2.857143   8.934531   1.399144   0.353796   3.435652 )	249.498706 0.000000 -0.000000 -0.000000 0.000000 
2424	(   2.857145   8.934517   1.39915    0.353797   3.435637 )	249.490680 0.000001 -0.000000 -0.000001 0.000000 
2425	(   2.857159   8.93451    1.399163   0.353795   3.435628 )	249.485774 0.000000 0.000002 -0.000000 -0.000002 
2426	(   2.857141   8.934508   1.399149   0.353801   3.435614 )	249.478804 -0.000000 -0.000000 0.000000 0.000000 
2427	(   2.857113   8.934504   1.399127   0.353814   3.435583 )	249.462791 0.000002 -0.000000 -0.000002 0.000000 
2428	(   2.857106   8.934532   1.399109   0.353813   3.435602 )	249.473159 -0.000000 0.000002 0.000000 -0.000002 
2429	(   2.857111   8.934561   1.399099   0.353808   3.435631 )	249.488325 -0.000001 0.000002 0.000001 -0.000002 
2430	(   2.857143   8.93453    1.399142   0.353797   3.435645 )	249.495129 -0.000001 -0.000000 0.000001 0.000000 
2431	(   2.857144   8.93452    1.399148   0.353797   3.435639 )	249.491792 0.000000 -0.000000 -0.000000 0.000000 
2432	(   2.857241   8.934504   1.399125   0.35379    3.435596 )	249.468828 0.000100 -0.000068 -0.000100 0.000068 
2433	(   2.857135   8.934558   1.399141   0.353798   3.435609 )	249.476629 -0.000045 0.000030 0.000045 -0.000030 
2434	(   2.857116   8.934503   1.399249   0.353787   3.435592 )	249.467517 -0.000181 0.000092 0.000181 -0.000092 
2435	(   2.857056   8.934492   1.399049   0.353786   3.435539 )	249.440421 -0.000360 -0.000195 0.000360 0.000195 
2436	(   2.857124   8.934505   1.399129   0.353791   3.435714 )	249.530337 -0.000006 -0.000058 0.000006 0.000058 
2437	(   2.857199   8.934504   1.399256   0.353806   3.435648 )	249.495553 0.000181 0.000155 -0.000181 -0.000155 
2438	(   2.857102   8.934514   1.399056   0.353789   3.435602 )	249.472732 -0.000183 -0.000155 0.000183 0.000155 
2439	(   2.857141   8.934508   1.399149   0.353802   3.435614 )	249.478907 0.000005 0.000002 -0.000005 -0.000002 
2440	(   2.857104   8.934498   1.399158   0.3538     3.435706 )	249.526080 0.000004 -0.000002 -0.000004 0.000002 
2441	(   2.857141   8.934509   1.399147   0.353802   3.435611 )	249.477230 -0.000000 -0.000000 0.000000 0.000000 
2442	(   2.85714    8.934513   1.39914    0.353804   3.435602 )	249.472509 -0.000000 -0.000001 0.000000 0.000001 
2443	(   2.857137   8.934523   1.399121   0.353808   3.435574 )	249.458344 0.000000 -0.000004 -0.000000 0.000004 
2444	(   2.857131   8.934518   1.399128   0.353809   3.435583 )	249.462713 -0.000000 0.000000 0.000000 -0.000000 
2445	(   2.857103   8.934543   1.399071   0.353828   3.435497 )	249.419166 -0.000000 0.000002 0.000000 -0.000002 
2446	(   2.857101   8.934397   1.399232   0.3538     3.435708 )	249.525865 -0.000000 -0.000002 0.000000 0.000002 
2447	(   2.857042   8.934594   1.399051   0.353819   3.435691 )	249.520068 -0.000000 -0.000000 0.000000 0.000000 
2448	(   2.857138   8.934499   1.399144   0.353807   3.435582 )	249.462317 -0.000000 -0.000000 0.000000 0.000000 
2449	(   2.857135   8.934481   1.399146   0.353813   3.435545 )	249.442787 -0.000000 -0.000000 0.000000 0.000000 
2450	(   2.857129   8.934427   1.39915    0.35383    3.435432 )	249.384206 -0.000000 -0.000000 0.000000 0.000000 
2451	(   2.857109   8.934265   1.399164   0.353883   3.435094 )	249.208543 -0.000000 -0.000001 0.000000 0.000001 
2452	(   2.857048   8.93378    1.399203   0.354041   3.434079 )	248.682277 -0.000001 -0.000002 0.000001 0.000002 

BBE ( SOL ) BBO
2453	(   2.857363   8.934057   1.399188   0.353948   3.434097 )	248.692319 -0.000013 0.000001 0.000013 -0.000001 
2454	(   2.856975   8.933889   1.39927    0.353968   3.434757 )	249.032004 0.000003 0.000000 -0.000003 -0.000000 
2455	(   2.857127   8.934443   1.399143   0.353828   3.43545  )	249.393631 -0.000000 -0.000000 0.000000 0.000000 
2456	(   2.85723    8.934595   1.399106   0.354018   3.433094 )	248.185997 -0.000783 0.000617 0.000783 -0.000617 
2457	(   2.857095   8.933265   1.399336   0.353474   3.433413 )	248.335007 -0.004636 -0.001872 0.004636 0.001872 
2458	(   2.857226   8.934543   1.399058   0.354107   3.433432 )	248.358367 0.000185 0.000740 -0.000185 -0.000740 
2459	(   2.856945   8.935265   1.39924    0.353702   3.434347 )	248.838877 -0.002377 0.000612 0.002377 -0.000612 
2460	(   2.857235   8.93461    1.399364   0.354024   3.435674 )	249.509809 0.001847 0.001002 -0.001847 -0.001002 
2461	(   2.856992   8.933948   1.399218   0.354383   3.434562 )	248.932025 0.002815 0.001115 -0.002815 -0.001115 
2462	(   2.857031   8.934311   1.399243   0.353553   3.437432 )	250.414267 -0.000185 -0.000741 0.000185 0.000741 
2463	(   2.857109   8.934264   1.399159   0.353882   3.435141 )	249.232810 0.000040 -0.000012 -0.000040 0.000012 
2464	(   2.857111   8.934526   1.399074   0.353832   3.435453 )	249.396258 -0.000000 -0.000001 0.000000 0.000001 
2465	(   2.857281   8.933793   1.399086   0.354098   3.433207 )	248.233577 0.000002 0.000002 -0.000002 -0.000002 
2466	(   2.857123   8.934439   1.399136   0.353833   3.435422 )	249.379271 -0.000000 -0.000000 0.000000 0.000000 
2467	(   2.857114   8.934405   1.39913    0.353849   3.435326 )	249.329560 -0.000001 -0.000000 0.000001 0.000000 
2468	(   2.857106   8.934475   1.399093   0.353842   3.435392 )	249.364468 -0.000002 0.000000 0.000002 -0.000000 
2469	(   2.857283   8.934475   1.399016   0.353881   3.434752 )	249.034186 -0.000001 0.000001 0.000001 -0.000001 
2470	(   2.857285   8.934326   1.399124   0.353882   3.434748 )	249.030096 0.000001 0.000001 -0.000001 -0.000001 
2471	(   2.85713    8.934398   1.39916    0.353836   3.43539  )	249.362178 -0.000000 -0.000001 0.000000 0.000001 
2472	(   2.857131   8.934488   1.399136   0.353815   3.435534 )	249.437398 -0.000001 -0.000000 0.000001 0.000000 
2473	(   2.857105   8.933962   1.399172   0.353998   3.434094 )	248.691570 -0.000180 0.000019 0.000180 -0.000019 
2474	(   2.857209   8.934279   1.399164   0.353888   3.435055 )	249.187825 0.000195 0.000025 -0.000195 -0.000025 
2475	(   2.857109   8.93425    1.399364   0.353878   3.435139 )	249.231634 0.000008 0.000244 -0.000008 -0.000244 
2476	(   2.857105   8.934612   1.399172   0.353683   3.4341   )	248.702892 -0.002433 -0.000185 0.002433 0.000185 
2477	(   2.857216   8.934939   1.398963   0.353757   3.434459 )	248.889949 -0.001320 0.000057 0.001320 -0.000057 
2478	(   2.857103   8.934765   1.399175   0.354048   3.434966 )	249.148746 0.001044 0.000963 -0.001044 -0.000963 
2479	(   2.85703    8.933939   1.399309   0.353909   3.436385 )	249.869573 0.001319 -0.000057 -0.001319 0.000057 
2480	(   2.85701    8.93425    1.399159   0.353885   3.435429 )	249.381622 0.000148 -0.000018 -0.000148 0.000018 
2481	(   2.857033   8.934479   1.399038   0.353868   3.435357 )	249.346917 0.000001 -0.000000 -0.000001 0.000000 
2482	(   2.857028   8.934256   1.399075   0.353932   3.434903 )	249.111218 0.000002 0.000001 -0.000002 -0.000001 
2483	(   2.857131   8.934488   1.399136   0.353815   3.435534 )	249.437576 -0.000000 -0.000000 0.000000 0.000000 
2484	(   2.857059   8.934307   1.399185   0.353904   3.43503  )	249.176490 -0.000014 0.000127 0.000014 -0.000127 
2485	(   2.857126   8.934116   1.399263   0.353983   3.43479  )	249.050665 0.000448 0.000257 -0.000448 -0.000257 
2486	(   2.857101   8.934177   1.399119   0.353838   3.434594 )	248.950812 -0.000835 -0.000272 0.000835 0.000272 
2487	(   2.857136   8.934639   1.399069   0.353806   3.435806 )	249.579278 0.000214 0.000035 -0.000214 -0.000035 
2488	(   2.85711    8.934239   1.399202   0.35386    3.435038 )	249.179420 -0.000215 -0.000035 0.000215 0.000035 
2489	(   2.857092   8.934067   1.399238   0.353783   3.435397 )	249.362427 -0.000448 -0.000368 0.000448 0.000368 
2490	(   2.857091   8.934065   1.399064   0.353956   3.4354   )	249.363316 0.000795 -0.000139 -0.000795 0.000139 
2491	(   2.857163   8.934389   1.399154   0.353847   3.434985 )	249.153587 -0.000261 0.000011 0.000261 -0.000011 
2492	(   2.857094   8.934354   1.399171   0.353908   3.435178 )	249.253055 0.000232 0.000165 -0.000232 -0.000165 

BBE ( SOL ) BBO
2493	(   2.857117   8.934336   1.399228   0.353824   3.435502 )	249.419291 0.000000 -0.000002 -0.000000 0.000002 
2494	(   2.85712    8.934412   1.39914    0.353841   3.435371 )	249.352680 -0.000000 -0.000000 0.000000 0.000000 
2495	(   2.857111   8.934368   1.399138   0.353858   3.435265 )	249.297879 -0.000001 -0.000000 0.000001 0.000000 
2496	(   2.857112   8.93433    1.399152   0.353865   3.435218 )	249.272923 -0.000000 -0.000000 0.000000 0.000000 
2497	(   2.857086   8.934086   1.399189   0.353936   3.434758 )	249.033858 0.000000 -0.000000 -0.000000 0.000000 
2498	(   2.857009   8.933352   1.399301   0.354151   3.433378 )	248.318002 0.000002 0.000000 -0.000002 -0.000000 
2499	(   2.857186   8.933805   1.399174   0.354047   3.433758 )	248.516634 -0.000000 0.000000 0.000000 -0.000000 
2500	(   2.857048   8.93378    1.399203   0.354041   3.434079 )	248.682278 -0.000004 -0.000003 0.000004 0.000003 
2501	(   2.857485   8.932964   1.39913    0.35438    3.430758 )	246.971272 -0.000003 0.000001 0.000003 -0.000001 
2502	(   2.856776   8.934054   1.399178   0.353953   3.435261 )	249.294426 -0.000003 -0.000001 0.000003 0.000001 
2503	(   2.856719   8.936873   1.398929   0.353039   3.44194  )	252.786114 0.000003 -0.000000 -0.000003 0.000000 
2504	(   2.857122   8.934002   1.399167   0.353979   3.434379 )	248.837979 0.000003 0.000001 -0.000003 -0.000001 
2505	(   2.857127   8.934321   1.399154   0.353867   3.435169 )	249.247499 -0.000000 -0.000000 0.000000 0.000000 
2506	(   2.857686   8.933889   1.399253   0.354438   3.4337   )	248.483365 0.003756 0.001254 -0.003756 -0.001254 
2507	(   2.857204   8.935805   1.399154   0.353946   3.433773 )	248.548565 -0.000671 0.001698 0.000671 -0.001698 
2508	(   2.857369   8.933591   1.398974   0.354125   3.433906 )	248.588074 0.001078 -0.000277 -0.001078 0.000277 
2509	(   2.857191   8.933799   1.399169   0.354019   3.428758 )	245.968086 -0.005180 -0.000089 0.005180 0.000089 
2510	(   2.857303   8.935      1.398964   0.35342    3.432526 )	247.900402 -0.005487 -0.000795 0.005487 0.000795 
2511	(   2.857001   8.93402    1.39916    0.355047   3.433609 )	248.443393 0.006642 0.002913 -0.006642 -0.002913 
2512	(   2.856914   8.93353    1.399364   0.354346   3.437662 )	250.523641 0.005486 0.000796 -0.005486 -0.000796 
2513	(   2.857169   8.933783   1.399174   0.354025   3.43381  )	248.543163 -0.000139 -0.000083 0.000139 0.000083 
2514	(   2.857485   8.932964   1.39913    0.354381   3.430758 )	246.971272 -0.000000 0.000002 0.000000 -0.000002 
2515	(   2.856983   8.933295   1.399351   0.354146   3.433461 )	248.360065 -0.000001 -0.000000 0.000001 0.000000 
2516	(   2.856376   8.931764   1.399881   0.354441   3.43257  )	247.890918 -0.000006 0.000001 0.000006 -0.000001 
2517	(   2.856751   8.936942   1.398879   0.353038   3.441877 )	252.753629 -0.000001 -0.000001 0.000001 0.000001 
2518	(   2.857656   8.933985   1.399041   0.354049   3.432796 )	248.022377 0.000002 0.000001 -0.000002 -0.000001 
2519	(   2.857129   8.933943   1.399188   0.353989   3.434287 )	248.790016 -0.000002 -0.000001 0.000002 0.000001 
2520	(   2.857125   8.934315   1.399149   0.353872   3.435139 )	249.232025 0.000001 -0.000000 -0.000001 0.000000 
2521	(   2.857483   8.932971   1.399365   0.353856   3.432297 )	247.756974 -0.002229 -0.001092 0.002229 0.001092 
2522	(   2.856809   8.931904   1.399411   0.354205   3.428461 )	245.797717 -0.004921 -0.001149 0.004921 0.001149 
2523	(   2.856877   8.935295   1.399388   0.353386   3.430405 )	246.826347 -0.008711 -0.000012 0.008711 0.000012 
2524	(   2.857017   8.933566   1.399551   0.354389   3.434437 )	248.863186 0.002783 0.001207 -0.002783 -0.001207 
2525	(   2.856843   8.932177   1.399399   0.353146   3.435958 )	249.630538 -0.004955 -0.003764 0.004955 0.003764 
2526	(   2.857108   8.93226    1.399227   0.353646   3.428758 )	245.950533 -0.008021 -0.002560 0.008021 0.002560 
2527	(   2.857264   8.93535    1.399122   0.354448   3.438758 )	251.109053 0.008022 0.002562 -0.008022 -0.002562 
2528	(   2.856824   8.933403   1.399343   0.354255   3.433885 )	248.579777 0.000881 0.000392 -0.000881 -0.000392 
2529	(   2.856376   8.931764   1.399881   0.354441   3.43257  )	247.890917 -0.000003 0.000002 0.000003 -0.000002 
2530	(   2.856955   8.933795   1.39919    0.354043   3.434255 )	248.773219 0.000000 0.000000 -0.000000 -0.000000 
2531	(   2.857095   8.933681   1.399249   0.354055   3.433884 )	248.580499 -0.000000 0.000000 0.000000 -0.000000 
2532	(   2.857068   8.933545   1.399231   0.354115   3.433512 )	248.388434 0.000001 0.000000 -0.000001 -0.000000 

BBE ( SOL ) BBO
2533	(   2.857101   8.934134   1.399172   0.353927   3.434791 )	249.051257 -0.000001 -0.000000 0.000001 0.000000 
2534	(   2.85696    8.933026   1.399341   0.354223   3.431461 )	247.334999 -0.001493 -0.000074 0.001493 0.000074 
2535	(   2.856986   8.933544   1.399237   0.354132   3.432499 )	247.870937 -0.001058 0.000053 0.001058 -0.000053 
2536	(   2.857029   8.933818   1.399251   0.353996   3.433234 )	248.249919 -0.001206 -0.000020 0.001206 0.000020 
2537	(   2.857183   8.932633   1.399327   0.354335   3.433748 )	248.497098 0.002046 -0.000182 -0.002046 0.000182 
2538	(   2.857136   8.933554   1.399416   0.353646   3.432702 )	247.974206 -0.004031 -0.001009 0.004031 0.001009 
2539	(   2.857071   8.934295   1.399388   0.354605   3.433027 )	248.148906 0.003034 0.002300 -0.003034 -0.002300 
2540	(   2.857386   8.934066   1.399112   0.353963   3.435017 )	249.164000 0.001057 -0.000053 -0.001057 0.000053 
2541	(   2.856966   8.933271   1.399348   0.354183   3.433617 )	248.439755 0.000387 0.000072 -0.000387 -0.000072 
2542	(   2.857068   8.93364    1.39917    0.354111   3.433542 )	248.404907 -0.000000 0.000000 0.000000 -0.000000 
2543	(   2.856716   8.933143   1.399156   0.354301   3.432894 )	248.070020 -0.000000 0.000000 0.000000 -0.000000 
2544	(   2.855658   8.931654   1.399115   0.354871   3.43095  )	247.068008 -0.000001 0.000004 0.000001 -0.000004 
2545	(   2.857676   8.933206   1.399146   0.354283   3.431076 )	247.134691 0.000000 -0.000000 -0.000000 0.000000 
2546	(   2.856376   8.931764   1.399881   0.354441   3.432561 )	247.886318 -0.000015 0.000001 0.000015 -0.000001 
2547	(   2.860556   8.933394   1.399115   0.354229   3.425576 )	244.326289 -0.000041 -0.000001 0.000041 0.000001 
2548	(   2.856401   8.933558   1.399505   0.353972   3.435861 )	249.600322 -0.000029 0.000002 0.000029 -0.000002 
2549	(   2.856721   8.933368   1.399491   0.354049   3.434676 )	248.986244 -0.000017 0.000001 0.000017 -0.000001 
2550	(   2.857566   8.931278   1.398509   0.355316   3.423876 )	243.469236 -0.000001 0.000000 0.000001 -0.000000 
2551	(   2.85694    8.934604   1.399514   0.353582   3.437576 )	250.492898 -0.000024 0.000001 0.000024 -0.000001 
2552	(   2.857236   8.925494   1.396597   0.358415   3.402276 )	232.792508 0.000020 -0.000004 -0.000020 0.000004 
2553	(   2.857312   8.931302   1.400145   0.354477   3.430376 )	246.758823 -0.000045 -0.000001 0.000045 0.000001 
2554	(   2.856872   8.935777   1.39756    0.354138   3.433776 )	248.551086 0.000028 0.000002 -0.000028 -0.000002 
2555	(   2.857118   8.9329     1.399175   0.354381   3.431476 )	247.339483 -0.000028 0.000001 0.000028 -0.000001 
2556	(   2.857094   8.933789   1.399186   0.354048   3.433976 )	248.628936 0.000032 0.000000 -0.000032 -0.000000 
2557	(   2.856002   8.930554   1.398781   0.353316   3.409476 )	236.353736 -0.031851 -0.005774 0.031851 0.005774 
2558	(   2.857755   8.936278   1.398542   0.355075   3.422176 )	242.676784 -0.003040 0.004391 0.003040 -0.004391 
2559	(   2.856003   8.932002   1.398237   0.357316   3.404276 )	233.846462 -0.008384 0.005796 0.008384 -0.005796 
2560	(   2.859566   8.930351   1.398857   0.355883   3.405476 )	234.377544 -0.010204 0.001098 0.010204 -0.001098 
2561	(   2.859247   8.932248   1.398973   0.354917   3.411076 )	237.126297 -0.012210 0.000527 0.012210 -0.000527 
2562	(   2.856648   8.931703   1.399009   0.356491   3.432276 )	247.734779 0.014931 0.004320 -0.014931 -0.004320 
2563	(   2.856105   8.934164   1.399319   0.353649   3.451076 )	257.562289 0.012251 -0.000525 -0.012251 0.000525 
2564	(   2.85786    8.927466   1.398479   0.355457   3.430176 )	246.603502 0.007892 -0.003471 -0.007892 0.003471 
2565	(   2.857183   8.930488   1.398514   0.355911   3.424976 )	244.015063 0.004582 0.000837 -0.004582 -0.000837 
2566	(   2.8587     8.93311    1.399195   0.354293   3.428876 )	246.006549 -0.000050 -0.000001 0.000050 0.000001 
2567	(   2.856988   8.930313   1.398424   0.355931   3.413876 )	238.493166 -0.006737 0.000591 0.006737 -0.000591 
2568	(   2.857971   8.933278   1.39847    0.355599   3.419276 )	241.191518 -0.001736 0.002716 0.001736 -0.002716 
2569	(   2.857903   8.930908   1.398709   0.355552   3.420076 )	241.561672 -0.001414 0.000549 0.001414 -0.000549 
2570	(   2.858165   8.93062    1.398451   0.354316   3.417076 )	240.067482 -0.012737 -0.003452 0.012737 0.003452 
2571	(   2.858566   8.93018    1.398412   0.356016   3.427076 )	245.058354 0.010244 0.000673 -0.010244 -0.000673 
2572	(   2.857292   8.932628   1.399156   0.355283   3.428776 )	245.960761 0.004094 0.002155 -0.004094 -0.002155 

BBE ( SOL ) BBO
2573	(   2.85806    8.933784   1.399136   0.353283   3.433376 )	248.314170 -0.004097 -0.002148 0.004097 0.002148 
2574	(   2.857542   8.931296   1.39851    0.355319   3.424176 )	243.620304 0.000271 0.000028 -0.000271 -0.000028 
2575	(   2.860556   8.933394   1.399115   0.354229   3.425622 )	244.349464 0.000005 -0.000001 -0.000005 0.000001 
2576	(   2.857577   8.934035   1.398972   0.354066   3.432834 )	248.043005 0.000000 0.000000 -0.000000 -0.000000 
2577	(   2.85789    8.931048   1.398522   0.356016   3.421982 )	242.514030 0.003789 0.001693 -0.003789 -0.001693 
2578	(   2.857394   8.933451   1.398998   0.354267   3.431758 )	247.487662 0.000001 -0.000000 -0.000001 0.000000 
2579	(   2.85717    8.933624   1.399187   0.354108   3.433352 )	248.306588 -0.000001 0.000000 0.000001 -0.000000 
2580	(   2.857825   8.930586   1.398555   0.35561    3.418876 )	240.961278 -0.002346 0.000173 0.002346 -0.000173 
2581	(   2.858066   8.931972   1.398463   0.35502    3.421276 )	242.172029 -0.003699 -0.000173 0.003699 0.000173 
2582	(   2.857125   8.930522   1.398431   0.354816   3.41948  )	241.267434 -0.008861 -0.002221 0.008861 0.002221 
2583	(   2.857772   8.930729   1.398409   0.355549   3.425932 )	244.494803 0.004144 -0.000051 -0.004144 0.000051 
2584	(   2.857914   8.93035    1.39857    0.354816   3.427354 )	245.207841 0.000591 -0.002201 -0.000591 0.002201 
2585	(   2.858023   8.934149   1.399246   0.354399   3.428838 )	246.005533 -0.000694 0.001397 0.000694 -0.001397 
2586	(   2.857328   8.932263   1.399046   0.354166   3.433314 )	248.269100 0.000695 -0.001397 -0.000695 0.001397 
2587	(   2.857555   8.931305   1.398511   0.355321   3.423923 )	243.493250 0.000064 0.000045 -0.000064 -0.000045 
2588	(   2.857472   8.934096   1.399102   0.354106   3.42951  )	246.350785 -0.003239 0.000351 0.003239 -0.000351 
2589	(   2.857696   8.93035    1.398558   0.355423   3.424077 )	243.557715 0.001235 -0.000568 -0.001235 0.000568 
2590	(   2.857575   8.931778   1.398525   0.35529    3.422956 )	243.013872 -0.001087 0.000452 0.001087 -0.000452 
2591	(   2.857503   8.931418   1.398459   0.355308   3.423618 )	243.341951 -0.000437 0.000051 0.000437 -0.000051 
2592	(   2.857766   8.931407   1.398494   0.355339   3.424704 )	243.885088 0.001399 0.000172 -0.001399 -0.000172 
2593	(   2.857543   8.931329   1.39851    0.355516   3.423781 )	243.422156 0.001292 0.000598 -0.001292 -0.000598 
2594	(   2.857661   8.931064   1.398502   0.355327   3.421876 )	242.463886 -0.001722 -0.000193 0.001722 0.000193 
2595	(   2.857876   8.933029   1.399121   0.354202   3.432206 )	247.707321 0.000954 -0.000431 -0.000954 0.000431 
2596	(   2.857476   8.933383   1.399171   0.354363   3.429946 )	246.563400 -0.000954 0.000431 0.000954 -0.000431 
2597	(   2.857567   8.931262   1.398514   0.355314   3.423957 )	243.509703 0.000073 -0.000013 -0.000073 0.000013 
2598	(   2.857679   8.931225   1.398514   0.355358   3.423925 )	243.492195 0.000582 0.000070 -0.000582 -0.000070 
2599	(   2.857632   8.933173   1.399139   0.354271   3.430718 )	246.952330 -0.000527 -0.000074 0.000527 0.000074 
2600	(   2.857306   8.933165   1.399183   0.354279   3.431848 )	247.530989 -0.000000 0.000001 0.000000 -0.000001 
2601	(   2.857141   8.933856   1.399188   0.354022   3.434031 )	248.657562 0.000000 -0.000000 -0.000000 0.000000 
2602	(   2.857556   8.931478   1.39851    0.355341   3.423876 )	243.471724 0.000162 0.000271 -0.000162 -0.000271 
2603	(   2.857579   8.931288   1.398529   0.355281   3.423877 )	243.469803 -0.000220 -0.000056 0.000220 0.000056 
2604	(   2.857665   8.931354   1.398499   0.355216   3.42388  )	243.471431 -0.000512 -0.000209 0.000512 0.000209 
2605	(   2.857666   8.931252   1.398512   0.355402   3.423875 )	243.467490 0.000817 0.000213 -0.000817 -0.000213 
2606	(   2.857566   8.931278   1.398509   0.355315   3.422876 )	242.967755 -0.001000 -0.000000 0.001000 0.000000 
2607	(   2.857724   8.933406   1.399143   0.354304   3.430721 )	246.955886 -0.000105 0.000254 0.000105 -0.000254 
2608	(   2.857628   8.933006   1.399149   0.354261   3.431431 )	247.313628 0.000105 -0.000254 -0.000105 0.000254 
2609	(   2.857558   8.931275   1.398508   0.355311   3.423886 )	243.474291 -0.000039 -0.000016 0.000039 0.000016 
2610	(   2.857652   8.931379   1.398506   0.355354   3.422876 )	242.968208 -0.000549 0.000201 0.000549 -0.000201 
2611	(   2.857672   8.933186   1.399145   0.354302   3.4311   )	247.146916 0.000156 0.000031 -0.000156 -0.000031 
2612	(   2.857221   8.93325    1.399125   0.354266   3.431958 )	247.589093 -0.000156 -0.000029 0.000156 0.000029 

BBE ( SOL ) BBO
2613	(   2.857334   8.933234   1.39913    0.354275   3.431743 )	247.478476 -0.000078 -0.000014 0.000078 0.000014 
2614	(   2.857616   8.931266   1.398509   0.355315   3.42386  )	243.460874 0.000083 -0.000012 -0.000083 0.000012 
2615	(   2.857558   8.931207   1.398519   0.35531    3.423609 )	243.334456 -0.000327 -0.000074 0.000327 0.000074 
2616	(   2.85757    8.931378   1.398517   0.355319   3.424005 )	243.535259 0.000157 0.000120 -0.000157 -0.000120 
2617	(   2.857566   8.931287   1.398508   0.355266   3.423887 )	243.475173 -0.000347 -0.000127 0.000347 0.000127 
2618	(   2.857564   8.931234   1.398511   0.355314   3.424376 )	243.719850 0.000485 -0.000044 -0.000485 0.000044 
2619	(   2.857678   8.933306   1.399143   0.354301   3.430753 )	246.971484 -0.000182 0.000148 0.000182 -0.000148 
2620	(   2.857673   8.933106   1.399149   0.354264   3.431398 )	247.298008 0.000182 -0.000148 -0.000182 0.000148 
2621	(   2.857554   8.931299   1.398494   0.355331   3.423826 )	243.444488 0.000035 0.000042 -0.000035 -0.000042 
2622	(   2.857543   8.931297   1.398519   0.355315   3.423797 )	243.430044 -0.000130 0.000031 0.000130 -0.000031 
2623	(   2.857672   8.933268   1.399148   0.354262   3.430728 )	246.958460 -0.000504 0.000007 0.000504 -0.000007 
2624	(   2.857678   8.933177   1.399142   0.354319   3.431304 )	247.250598 0.000494 0.000064 -0.000494 -0.000064 
2625	(   2.857677   8.933199   1.399144   0.354305   3.43116  )	247.177531 0.000244 0.000050 -0.000244 -0.000050 
2626	(   2.857546   8.931269   1.398508   0.355334   3.423747 )	243.404778 -0.000039 0.000039 0.000039 -0.000039 
2627	(   2.857569   8.931228   1.398509   0.355313   3.42385  )	243.455958 -0.000039 -0.000057 0.000039 0.000057 
2628	(   2.857569   8.931279   1.398504   0.355313   3.42385  )	243.456592 -0.000039 -0.000012 0.000039 0.000012 
2629	(   2.857586   8.931287   1.39851    0.355327   3.4237   )	243.381090 -0.000056 0.000041 0.000056 -0.000041 
2630	(   2.857573   8.931268   1.398508   0.355336   3.424068 )	243.565868 0.000350 0.000043 -0.000350 -0.000043 
2631	(   2.857673   8.933177   1.399151   0.354284   3.43107  )	247.131478 -0.000003 -0.000019 0.000003 0.000019 
2632	(   2.857679   8.933236   1.399141   0.354281   3.431081 )	247.137904 0.000003 0.000019 -0.000003 -0.000019 
2633	(   2.857569   8.931305   1.398509   0.355312   3.423917 )	243.490509 0.000024 0.000018 -0.000024 -0.000018 
2634	(   2.85757    8.931269   1.39851    0.355311   3.424036 )	243.549867 0.000135 -0.000019 -0.000135 0.000019 
2635	(   2.857675   8.933231   1.399151   0.35429    3.431299 )	247.248703 0.000278 0.000053 -0.000278 -0.000053 
2636	(   2.857674   8.933245   1.399147   0.354276   3.430872 )	247.031462 -0.000255 0.000021 0.000255 -0.000021 
2637	(   2.857676   8.933211   1.399144   0.354297   3.431088 )	247.141006 0.000120 0.000043 -0.000120 -0.000043 
2638	(   2.857576   8.931294   1.398509   0.355311   3.423831 )	243.446805 -0.000057 0.000005 0.000057 -0.000005 
2639	(   2.857564   8.931283   1.398507   0.355314   3.423861 )	243.462053 -0.000028 -0.000001 0.000028 0.000001 
2640	(   2.857561   8.931294   1.398509   0.355326   3.423832 )	243.447423 0.000018 0.000044 -0.000018 -0.000044 
2641	(   2.85757    8.931262   1.398508   0.35532    3.423776 )	243.418798 -0.000059 -0.000005 0.000059 0.000005 
2642	(   2.857576   8.931277   1.398508   0.355325   3.423976 )	243.519339 0.000189 0.000025 -0.000189 -0.000025 
2643	(   2.857666   8.933186   1.399146   0.35428    3.431097 )	247.145529 -0.000019 -0.000028 0.000019 0.000028 
2644	(   2.857686   8.933226   1.399146   0.354286   3.431054 )	247.123854 0.000020 0.000028 -0.000020 -0.000028 
2645	(   2.857565   8.931276   1.398509   0.355316   3.423882 )	243.472434 0.000007 -0.000000 -0.000007 0.000000 
2646	(   2.857566   8.931265   1.398509   0.355318   3.423889 )	243.475925 0.000033 -0.000005 -0.000033 0.000005 
2647	(   2.857666   8.933209   1.399146   0.35429    3.431063 )	247.128501 0.000022 0.000023 -0.000022 -0.000023 
2648	(   2.857658   8.93318    1.399145   0.354282   3.431101 )	247.147388 -0.000018 -0.000030 0.000018 0.000030 
2649	(   2.857679   8.933214   1.399146   0.354285   3.431066 )	247.129737 0.000010 0.000014 -0.000010 -0.000014 
2650	(   2.857565   8.931276   1.398508   0.355317   3.423874 )	243.468241 0.000008 0.000001 -0.000008 -0.000001 
2651	(   2.857571   8.931278   1.398509   0.355316   3.423875 )	243.469176 0.000009 0.000000 -0.000009 -0.000000 
2652	(   2.857566   8.931288   1.398508   0.355316   3.423875 )	243.469246 0.000000 0.000010 -0.000000 -0.000010 

BBE ( SOL ) BBO
2653	(   2.857566   8.931278   1.398508   0.355311   3.423875 )	243.469091 -0.000037 -0.000014 0.000037 0.000014 
2654	(   2.857566   8.931278   1.398509   0.355316   3.423826 )	243.444138 -0.000051 0.000000 0.000051 -0.000000 
2655	(   2.857676   8.933207   1.399146   0.354288   3.431063 )	247.128470 0.000025 0.000013 -0.000025 -0.000013 
2656	(   2.857675   8.933206   1.399146   0.354278   3.431088 )	247.140913 -0.000024 -0.000014 0.000024 0.000014 
2657	(   2.857566   8.931278   1.398509   0.355316   3.423876 )	243.469500 -0.000000 0.000000 0.000000 -0.000000 
2658	(   2.857565   8.931278   1.398509   0.355316   3.423878 )	243.470290 0.000002 0.000001 -0.000002 -0.000001 
2659	(   2.857567   8.93129    1.398507   0.355325   3.423845 )	243.453838 0.000037 0.000035 -0.000037 -0.000035 
2660	(   2.857569   8.931269   1.398509   0.355317   3.42385  )	243.456527 -0.000006 -0.000004 0.000006 0.000004 
2661	(   2.857567   8.931276   1.39851    0.355315   3.423871 )	243.466954 -0.000008 -0.000002 0.000008 0.000002 
2662	(   2.857566   8.931276   1.398508   0.355317   3.423873 )	243.467919 0.000004 0.000000 -0.000004 -0.000000 
2663	(   2.857566   8.931268   1.398509   0.355316   3.423876 )	243.469529 0.000000 -0.000010 -0.000000 0.000010 
2664	(   2.857565   8.931278   1.39851    0.355318   3.423862 )	243.462513 0.000002 0.000007 -0.000002 -0.000007 
2665	(   2.857561   8.931278   1.398508   0.355318   3.423864 )	243.463572 -0.000009 0.000005 0.000009 -0.000005 
2666	(   2.857567   8.931268   1.398509   0.355316   3.423918 )	243.490381 0.000046 -0.000010 -0.000046 0.000010 
2667	(   2.857563   8.931278   1.398509   0.355311   3.423871 )	243.466766 -0.000046 -0.000013 0.000046 0.000013 
2668	(   2.857564   8.931278   1.398509   0.355316   3.423926 )	243.494611 0.000051 0.000002 -0.000051 -0.000002 
2669	(   2.857564   8.931288   1.398509   0.355315   3.423833 )	243.448094 -0.000047 0.000010 0.000047 -0.000010 
2670	(   2.857566   8.931278   1.398509   0.355316   3.423876 )	243.469311 -0.000000 0.000000 0.000000 -0.000000 
2671	(   2.857566   8.931279   1.398509   0.355316   3.423875 )	243.468746 -0.000001 0.000001 0.000001 -0.000001 
2672	(   2.857562   8.931266   1.398508   0.35532    3.423859 )	243.461004 0.000004 -0.000002 -0.000004 0.000002 
2673	(   2.857569   8.931265   1.39851    0.355322   3.423826 )	243.443950 -0.000003 0.000005 0.000003 -0.000005 
2674	(   2.857566   8.931281   1.398509   0.355315   3.423879 )	243.470915 -0.000005 0.000001 0.000005 -0.000001 
2675	(   2.857566   8.931277   1.398509   0.355316   3.423874 )	243.468668 0.000002 0.000000 -0.000002 -0.000000 
2676	(   2.857571   8.931279   1.398509   0.355315   3.423874 )	243.468371 0.000005 0.000000 -0.000005 -0.000000 
2677	(   2.857565   8.931288   1.398508   0.355318   3.423855 )	243.459019 -0.000002 0.000017 0.000002 -0.000017 
2678	(   2.857565   8.931288   1.39851    0.355312   3.423856 )	243.459663 -0.000049 0.000001 0.000049 -0.000001 
2679	(   2.857561   8.931281   1.398509   0.355314   3.423836 )	243.449653 -0.000058 -0.000001 0.000058 0.000001 
2680	(   2.857565   8.931276   1.398508   0.355311   3.423851 )	243.456831 -0.000062 -0.000016 0.000062 0.000016 
2681	(   2.857566   8.931282   1.398508   0.355314   3.423926 )	243.494467 0.000037 -0.000001 -0.000037 0.000001 
2682	(   2.857571   8.931276   1.398509   0.355317   3.423915 )	243.488822 0.000056 0.000001 -0.000056 -0.000001 
2683	(   2.857563   8.931277   1.398509   0.355316   3.423876 )	243.469655 -0.000004 -0.000000 0.000004 0.000000 
2684	(   2.857565   8.93127    1.398509   0.355316   3.423851 )	243.456970 -0.000027 -0.000008 0.000027 0.000008 
2685	(   2.857565   8.931288   1.398508   0.355315   3.423856 )	243.459541 -0.000026 0.000008 0.000026 -0.000008 
2686	(   2.857566   8.931278   1.398509   0.355316   3.423873 )	243.467895 -0.000002 0.000000 0.000002 -0.000000 
2687	(   2.857566   8.931279   1.398508   0.355316   3.42387  )	243.466697 -0.000005 0.000000 0.000005 -0.000000 
2688	(   2.857567   8.931281   1.398508   0.355315   3.423872 )	243.467585 -0.000003 0.000002 0.000003 -0.000002 
2689	(   2.857564   8.931281   1.398508   0.355316   3.423881 )	243.471826 0.000003 0.000003 -0.000003 -0.000003 
2690	(   2.857565   8.931277   1.398509   0.355317   3.423856 )	243.459192 -0.000015 0.000002 0.000015 -0.000002 
2691	(   2.857566   8.931279   1.398509   0.355318   3.423875 )	243.468897 0.000014 0.000007 -0.000014 -0.000007 
2692	(   2.857566   8.931283   1.398509   0.355315   3.423869 )	243.466252 -0.000010 0.000005 0.000010 -0.000005 

BBE ( SOL ) BBO
2693	(   2.857565   8.931277   1.398509   0.355316   3.423856 )	243.459263 -0.000021 -0.000000 0.000021 0.000000 
2694	(   2.857567   8.931279   1.398509   0.355315   3.423896 )	243.479281 0.000013 -0.000001 -0.000013 0.000001 
2695	(   2.857567   8.931274   1.398509   0.355314   3.423874 )	243.468188 -0.000012 -0.000008 0.000012 0.000008 
2696	(   2.857565   8.931279   1.398509   0.355317   3.423856 )	243.459285 -0.000013 0.000005 0.000013 -0.000005 
2697	(   2.857566   8.931278   1.398509   0.355316   3.423869 )	243.466128 -0.000002 0.000002 0.000002 -0.000002 
2698	(   2.857566   8.93128    1.398509   0.355315   3.423875 )	243.469208 -0.000004 0.000001 0.000004 -0.000001 
2699	(   2.857566   8.931278   1.398509   0.355316   3.423875 )	243.468803 0.000001 0.000000 -0.000001 -0.000000 
2700	(   2.857566   8.931276   1.398508   0.355317   3.423872 )	243.467277 0.000003 0.000000 -0.000003 -0.000000 
2701	(   2.857566   8.931282   1.398508   0.355317   3.423866 )	243.464413 0.000002 0.000007 -0.000002 -0.000007 
2702	(   2.857565   8.931268   1.398509   0.355316   3.423881 )	243.471986 0.000003 -0.000009 -0.000003 0.000009 
2703	(   2.857565   8.931278   1.398509   0.355316   3.423878 )	243.470344 0.000002 0.000001 -0.000002 -0.000001 
2704	(   2.857566   8.931278   1.398509   0.355316   3.423874 )	243.468507 -0.000001 0.000000 0.000001 -0.000000 
2705	(   2.857566   8.931278   1.398508   0.355316   3.423869 )	243.466094 -0.000005 0.000000 0.000005 -0.000000 
2706	(   2.857563   8.931271   1.398508   0.355318   3.423861 )	243.461918 -0.000004 -0.000002 0.000004 0.000002 
2707	(   2.857567   8.931274   1.39851    0.355317   3.423863 )	243.463083 -0.000002 0.000001 0.000002 -0.000001 
2708	(   2.857565   8.931277   1.398509   0.355316   3.423876 )	243.469397 0.000000 -0.000000 -0.000000 0.000000 
2709	(   2.857566   8.931278   1.398509   0.355316   3.423876 )	243.469234 -0.000000 0.000000 0.000000 -0.000000 
2710	(   2.857565   8.931276   1.398509   0.355316   3.423875 )	243.469002 0.000001 -0.000001 -0.000001 0.000001 
2711	(   2.857564   8.931268   1.398508   0.35532    3.42385  )	243.456552 -0.000000 0.000000 0.000000 -0.000000 
2712	(   2.85756    8.931241   1.398505   0.355331   3.423775 )	243.418511 -0.000002 0.000000 0.000002 -0.000000 
2713	(   2.857575   8.931269   1.398509   0.355319   3.423836 )	243.449236 0.000001 0.000001 -0.000001 -0.000001 
2714	(   2.857559   8.931291   1.398507   0.355312   3.423917 )	243.490166 0.000000 0.000000 -0.000000 -0.000000 
2715	(   2.857571   8.931261   1.39851    0.355321   3.423825 )	243.443434 -0.000000 0.000000 0.000000 -0.000000 
2716	(   2.857578   8.931246   1.398512   0.355326   3.423779 )	243.420072 -0.000001 -0.000000 0.000001 0.000000 
2717	(   2.857593   8.931238   1.398518   0.355326   3.423747 )	243.404084 -0.000001 -0.000000 0.000001 0.000000 
2718	(   2.857659   8.93117    1.39854    0.355339   3.423515 )	243.286070 -0.000001 -0.000001 0.000001 0.000001 
2719	(   2.857563   8.931209   1.398518   0.355336   3.423739 )	243.400074 0.000000 -0.000001 -0.000000 0.000001 
2720	(   2.85747    8.931124   1.398519   0.355365   3.423716 )	243.388046 0.000003 -0.000004 -0.000003 0.000004 
2721	(   2.857588   8.931241   1.398494   0.355337   3.423676 )	243.368556 -0.000000 0.000002 0.000000 -0.000002 
2722	(   2.857616   8.931338   1.398528   0.355283   3.42401  )	243.536904 -0.000002 -0.000002 0.000002 0.000002 
2723	(   2.857567   8.931267   1.398509   0.355319   3.423845 )	243.453672 -0.000000 -0.000000 0.000000 0.000000 
2724	(   2.857558   8.931061   1.398512   0.355309   3.423775 )	243.416019 -0.000164 -0.000230 0.000164 0.000230 
2725	(   2.857521   8.931336   1.398511   0.355313   3.423788 )	243.426578 -0.000200 0.000054 0.000200 -0.000054 
2726	(   2.857578   8.93128    1.39852    0.355322   3.423829 )	243.445963 0.000025 0.000036 -0.000025 -0.000036 
2727	(   2.857605   8.931315   1.39851    0.355306   3.423539 )	243.300672 -0.000329 0.000011 0.000329 -0.000011 
2728	(   2.85756    8.931228   1.398511   0.355371   3.423817 )	243.439016 0.000327 0.000104 -0.000327 -0.000104 
2729	(   2.85756    8.931227   1.398511   0.355319   3.424025 )	243.543530 0.000160 -0.000039 -0.000160 0.000039 
2730	(   2.85752    8.931104   1.398526   0.355366   3.423939 )	243.499517 0.000329 -0.000013 -0.000329 0.000013 
2731	(   2.857573   8.931264   1.39851    0.355319   3.423824 )	243.443040 -0.000013 -0.000003 0.000013 0.000003 
2732	(   2.857543   8.931182   1.398519   0.355345   3.423712 )	243.386240 0.000002 -0.000001 -0.000002 0.000001 

BBE ( SOL ) BBO
2733	(   2.857583   8.931273   1.398511   0.355316   3.42384  )	243.451147 0.000000 -0.000001 -0.000000 0.000001 
2734	(   2.857568   8.931264   1.398509   0.355321   3.423833 )	243.447485 -0.000001 0.000000 0.000001 -0.000000 
2735	(   2.857566   8.931274   1.398509   0.355317   3.423865 )	243.463919 0.000000 -0.000000 -0.000000 0.000000 
2736	(   2.857551   8.93131    1.398509   0.355335   3.423728 )	243.395863 -0.000035 0.000086 0.000035 -0.000086 
2737	(   2.857565   8.931161   1.39851    0.355323   3.423813 )	243.436548 -0.000013 -0.000096 0.000013 0.000096 
2738	(   2.857568   8.931264   1.398515   0.355322   3.423819 )	243.440550 -0.000007 0.000012 0.000007 -0.000012 
2739	(   2.857583   8.931131   1.398515   0.355338   3.423782 )	243.420248 0.000097 -0.000079 -0.000097 0.000079 
2740	(   2.857581   8.931252   1.398511   0.355341   3.423842 )	243.452080 0.000180 0.000046 -0.000180 -0.000046 
2741	(   2.857557   8.931274   1.39851    0.355325   3.423925 )	243.493919 0.000098 0.000024 -0.000098 -0.000024 
2742	(   2.857543   8.931288   1.398521   0.355334   3.423697 )	243.379902 -0.000096 0.000076 0.000096 -0.000076 
2743	(   2.857577   8.931296   1.398505   0.355319   3.423835 )	243.448833 0.000008 0.000023 -0.000008 -0.000023 
2744	(   2.857558   8.931194   1.398518   0.355334   3.423742 )	243.401420 -0.000021 -0.000021 0.000021 0.000021 
2745	(   2.857559   8.931247   1.398511   0.355326   3.423818 )	243.440081 0.000001 0.000000 -0.000001 -0.000000 
2746	(   2.857568   8.931261   1.398509   0.355322   3.423829 )	243.445413 -0.000000 -0.000000 0.000000 0.000000 
2747	(   2.857581   8.931246   1.398509   0.355318   3.423814 )	243.437656 -0.000011 -0.000024 0.000011 0.000024 
2748	(   2.857574   8.931279   1.398511   0.355325   3.423775 )	243.418535 -0.000021 0.000029 0.000021 -0.000029 
2749	(   2.857561   8.93123    1.398519   0.355346   3.423693 )	243.377066 0.000022 0.000047 -0.000022 -0.000047 
2750	(   2.857567   8.931311   1.398508   0.355315   3.423801 )	243.432226 -0.000076 0.000031 0.000076 -0.000031 
2751	(   2.857565   8.931211   1.398511   0.355312   3.423788 )	243.424644 -0.000117 -0.000075 0.000117 0.000075 
2752	(   2.857568   8.931232   1.398509   0.355331   3.423804 )	243.432735 0.000043 -0.000004 -0.000043 0.000004 
2753	(   2.857564   8.931189   1.398517   0.355326   3.423786 )	243.423084 -0.000021 -0.000050 0.000021 0.000050 
2754	(   2.857572   8.931234   1.398511   0.355321   3.42387  )	243.465936 0.000045 -0.000025 -0.000045 0.000025 
2755	(   2.857559   8.931211   1.398517   0.355336   3.423733 )	243.396734 -0.000010 0.000000 0.000010 -0.000000 
2756	(   2.857566   8.931263   1.398508   0.355322   3.423826 )	243.444409 -0.000001 0.000003 0.000001 -0.000003 
2757	(   2.857569   8.931255   1.398509   0.355324   3.42381  )	243.435963 -0.000000 -0.000000 0.000000 0.000000 
2758	(   2.857571   8.931243   1.39851    0.355328   3.423777 )	243.419329 -0.000001 -0.000000 0.000001 0.000000 
2759	(   2.857563   8.931236   1.398506   0.355332   3.423766 )	243.413549 -0.000000 -0.000001 0.000000 0.000001 
2760	(   2.857561   8.931199   1.398519   0.355338   3.423734 )	243.397110 0.000006 -0.000004 -0.000006 0.000004 
2761	(   2.85757    8.93124    1.398511   0.355328   3.423775 )	243.418057 -0.000000 -0.000000 0.000000 0.000000 
2762	(   2.857573   8.931197   1.398514   0.355342   3.423669 )	243.364347 0.000000 -0.000000 -0.000000 0.000000 
2763	(   2.857581   8.931068   1.398525   0.355385   3.423351 )	243.203288 0.000002 0.000000 -0.000002 -0.000000 
2764	(   2.857581   8.931062   1.398529   0.355385   3.423351 )	243.203221 0.000001 -0.000001 -0.000001 0.000001 
2765	(   2.857602   8.931251   1.398494   0.355333   3.423681 )	243.370745 0.000000 -0.000001 -0.000000 0.000001 
2766	(   2.857687   8.931411   1.398435   0.355303   3.423716 )	243.389940 0.000000 -0.000002 -0.000000 0.000002 
2767	(   2.857521   8.93115    1.398495   0.355369   3.423582 )	243.320578 0.000001 -0.000000 -0.000001 0.000000 
2768	(   2.857365   8.93101    1.398437   0.35545    3.423321 )	243.189318 0.000004 -0.000001 -0.000004 0.000001 
2769	(   2.85748    8.931081   1.398478   0.355404   3.423419 )	243.238456 0.000001 -0.000000 -0.000001 0.000000 
2770	(   2.857202   8.930733   1.398369   0.355587   3.422671 )	242.861366 0.000004 -0.000001 -0.000004 0.000001 
2771	(   2.857581   8.931068   1.398525   0.355385   3.423351 )	243.203155 0.000002 0.000000 -0.000002 -0.000000 
2772	(   2.857859   8.931731   1.398369   0.35522    3.423969 )	243.519019 0.000002 0.000000 -0.000002 -0.000000 

BBE ( SOL ) BBO
2773	(   2.857202   8.931617   1.398369   0.355265   3.424968 )	244.025404 -0.000012 0.000009 0.000012 -0.000009 
2774	(   2.857576   8.931222   1.398513   0.355334   3.423726 )	243.393236 -0.000000 -0.000000 0.000000 0.000000 
2775	(   2.857473   8.930081   1.398479   0.355461   3.423339 )	243.186187 0.000322 -0.000842 -0.000322 0.000842 
2776	(   2.85728    8.931134   1.398479   0.355459   3.423342 )	243.202113 -0.000085 0.000205 0.000085 -0.000205 
2777	(   2.857478   8.931071   1.398378   0.355404   3.423418 )	243.237769 0.000000 -0.000147 -0.000000 0.000147 
2778	(   2.857496   8.931158   1.398478   0.355399   3.422419 )	242.738251 -0.000995 0.000065 0.000995 -0.000065 
2779	(   2.857457   8.93097    1.398478   0.354904   3.42341  )	243.233325 -0.003639 -0.001470 0.003639 0.001470 
2780	(   2.857707   8.931376   1.398482   0.354842   3.423081 )	243.071030 -0.003898 -0.001223 0.003898 0.001223 
2781	(   2.857439   8.931018   1.398546   0.355842   3.424257 )	243.658023 0.003898 0.001225 -0.003898 -0.001225 
2782	(   2.857483   8.931117   1.398479   0.355406   3.423433 )	243.245769 0.000037 0.000043 -0.000037 -0.000043 
2783	(   2.857202   8.930733   1.398369   0.355587   3.422671 )	242.861167 0.000004 -0.000001 -0.000004 0.000001 
2784	(   2.857509   8.930938   1.398556   0.355417   3.423267 )	243.160466 0.000000 -0.000000 -0.000000 0.000000 
2785	(   2.857315   8.930159   1.398683   0.355639   3.422063 )	242.549596 -0.000002 0.000000 0.000002 -0.000000 
2786	(   2.857614   8.930976   1.398555   0.355403   3.42315  )	243.101170 0.000000 -0.000000 -0.000000 0.000000 
2787	(   2.858014   8.930659   1.398787   0.355402   3.422343 )	242.689967 -0.000002 0.000000 0.000002 -0.000000 
2788	(   2.857466   8.931276   1.398546   0.355297   3.424209 )	243.637626 -0.000000 -0.000000 0.000000 0.000000 
2789	(   2.857565   8.930597   1.398782   0.355428   3.423072 )	243.058037 -0.000000 0.000001 0.000000 -0.000001 
2790	(   2.857419   8.92946    1.399461   0.355501   3.422838 )	242.928679 -0.000002 0.000005 0.000002 -0.000005 
2791	(   2.857263   8.92955    1.398379   0.356016   3.419457 )	241.241942 -0.000005 -0.000003 0.000005 0.000003 
2792	(   2.857168   8.929658   1.399439   0.355438   3.423805 )	243.418054 -0.000001 -0.000000 0.000001 0.000000 
2793	(   2.857565   8.930968   1.398549   0.355409   3.42321  )	243.131505 0.000001 -0.000000 -0.000001 0.000000 
2794	(   2.85757    8.931188   1.39852    0.355343   3.423671 )	243.365415 -0.000000 -0.000000 0.000000 0.000000 
2795	(   2.857887   8.933093   1.398055   0.35572    3.421637 )	242.366637 0.001321 0.002287 -0.001321 -0.002287 
2796	(   2.857114   8.932948   1.398819   0.355698   3.42174  )	242.423507 -0.000305 0.003141 0.000305 -0.003141 
2797	(   2.857777   8.925976   1.398724   0.355593   3.422245 )	242.585809 0.000790 -0.004250 -0.000790 0.004250 
2798	(   2.857972   8.933743   1.398925   0.354903   3.421171 )	242.142654 -0.004832 0.001919 0.004832 -0.001919 
2799	(   2.857245   8.928228   1.399282   0.355203   3.422556 )	242.774137 -0.002773 -0.002288 0.002773 0.002288 
2800	(   2.857885   8.932966   1.398282   0.355652   3.423588 )	243.342221 0.002774 0.002289 -0.002774 -0.002289 
2801	(   2.858045   8.934314   1.399002   0.355903   3.424461 )	243.795932 0.005770 0.005318 -0.005770 -0.005318 
2802	(   2.857543   8.930119   1.398542   0.355414   3.423769 )	243.401920 0.000551 -0.000846 -0.000551 0.000846 
2803	(   2.857536   8.930948   1.398519   0.355432   3.423102 )	243.077477 0.000000 0.000000 -0.000000 -0.000000 
2804	(   2.857447   8.932003   1.39773    0.355444   3.423193 )	243.135806 0.000001 -0.000001 -0.000001 0.000001 
2805	(   2.857566   8.930613   1.398827   0.355398   3.423282 )	243.163653 -0.000000 -0.000000 0.000000 0.000000 
2806	(   2.857561   8.930492   1.398869   0.355421   3.423129 )	243.085417 0.000000 -0.000000 -0.000000 0.000000 
2807	(   2.857541   8.93039    1.398816   0.355486   3.422704 )	242.871334 0.000000 0.000000 -0.000000 -0.000000 
2808	(   2.857524   8.929986   1.398967   0.355557   3.422221 )	242.624929 -0.000001 0.000000 0.000001 -0.000000 
2809	(   2.857476   8.928786   1.39942    0.355773   3.420773 )	241.887484 -0.000002 0.000015 0.000002 -0.000015 
2810	(   2.857555   8.92869    1.399709   0.355648   3.421509 )	242.253402 -0.000000 -0.000021 0.000000 0.000021 
2811	(   2.857509   8.93079    1.398672   0.355417   3.423261 )	243.155520 0.000000 0.000015 -0.000000 -0.000015 
2812	(   2.857902   8.931386   1.398216   0.355436   3.422322 )	242.688737 -0.000000 0.000033 0.000000 -0.000033 

BBE ( SOL ) BBO
2813	(   2.857538   8.93089    1.398499   0.355465   3.422859 )	242.954770 0.000001 0.000005 -0.000001 -0.000005 
2814	(   2.857559   8.93069    1.398745   0.355415   3.423176 )	243.111502 -0.000000 0.000009 0.000000 -0.000009 
2815	(   2.858024   8.931186   1.39913    0.355867   3.421904 )	242.476548 0.002921 0.002271 -0.002921 -0.002271 
2816	(   2.857069   8.935186   1.399697   0.356057   3.420806 )	241.985126 0.001246 0.007578 -0.001246 -0.007578 
2817	(   2.857474   8.919986   1.399048   0.355712   3.422063 )	242.424873 0.000844 -0.009467 -0.000844 0.009467 
2818	(   2.857448   8.930886   1.397967   0.355789   3.421984 )	242.516919 0.001268 0.000147 -0.001268 -0.000147 
2819	(   2.857451   8.930786   1.399084   0.35578    3.424221 )	243.637762 0.003441 0.001569 -0.003441 -0.001569 
2820	(   2.857402   8.94039    1.398763   0.355492   3.42108  )	242.182097 -0.001854 0.009945 0.001854 -0.009945 
2821	(   2.857679   8.92039    1.398869   0.355479   3.424328 )	243.563502 0.001854 -0.009945 -0.001854 0.009945 
2822	(   2.857526   8.929986   1.398966   0.355543   3.422222 )	242.625352 -0.000098 -0.000040 0.000098 0.000040 
2823	(   2.857476   8.928774   1.399421   0.355773   3.420773 )	241.887346 -0.000002 0.000003 0.000002 -0.000003 
2824	(   2.857555   8.928714   1.399709   0.355648   3.421509 )	242.253695 -0.000000 0.000003 0.000000 -0.000003 
2825	(   2.857528   8.930952   1.3984     0.355491   3.422694 )	242.872924 -0.000000 -0.000000 0.000000 0.000000 
2826	(   2.85782    8.932321   1.39797    0.355205   3.424152 )	243.618290 -0.000000 -0.000001 0.000000 0.000001 
2827	(   2.857603   8.930565   1.398707   0.355477   3.422644 )	242.842918 0.000000 -0.000000 -0.000000 0.000000 
2828	(   2.85765    8.930379   1.398783   0.355507   3.422333 )	242.684520 0.000000 -0.000000 -0.000000 0.000000 
2829	(   2.857476   8.928774   1.39942    0.355773   3.420773 )	241.887345 -0.000002 0.000003 0.000002 -0.000003 
2830	(   2.857791   8.929821   1.399009   0.355597   3.421399 )	242.209708 0.000002 -0.000000 -0.000002 0.000000 
2831	(   2.857408   8.929319   1.398468   0.356056   3.418876 )	240.949109 0.000001 0.000000 -0.000001 -0.000000 
2832	(   2.857059   8.927319   1.396971   0.357552   3.408841 )	235.990590 0.000012 -0.000007 -0.000012 0.000007 
2833	(   2.857791   8.929779   1.399009   0.355597   3.421399 )	242.209201 0.000001 -0.000042 -0.000001 0.000042 
2834	(   2.856845   8.930719   1.397663   0.355968   3.420658 )	241.857320 0.000001 0.000046 -0.000001 -0.000046 
2835	(   2.858695   8.929679   1.400089   0.355101   3.423127 )	243.066451 0.000003 0.000001 -0.000003 -0.000001 
2836	(   2.857582   8.930779   1.398421   0.355536   3.422262 )	242.654119 -0.000001 -0.000022 0.000001 0.000022 
2837	(   2.857566   8.930579   1.398757   0.35545    3.422912 )	242.977706 -0.000001 0.000009 0.000001 -0.000009 
2838	(   2.857549   8.931519   1.398691   0.356067   3.413876 )	238.503394 -0.004617 0.002540 0.004617 -0.002540 
2839	(   2.856408   8.927019   1.396882   0.355977   3.417469 )	240.230390 -0.004002 -0.004710 0.004002 0.004710 
2840	(   2.858099   8.919319   1.397454   0.356005   3.417976 )	240.374466 0.000144 -0.011543 -0.000144 0.011543 
2841	(   2.856862   8.920819   1.400468   0.356013   3.418107 )	240.470427 -0.002185 -0.005838 0.002185 0.005838 
2842	(   2.85737    8.928719   1.398408   0.357056   3.418822 )	240.914202 0.007037 0.002044 -0.007037 -0.002044 
2843	(   2.85665    8.925879   1.398036   0.355632   3.421943 )	242.442500 -0.001524 -0.005193 0.001524 0.005193 
2844	(   2.85865    8.934879   1.39953    0.355382   3.422723 )	242.926723 0.001525 0.005193 -0.001525 -0.005193 
2845	(   2.857445   8.940219   1.397574   0.355218   3.421447 )	242.362250 -0.003367 0.007388 0.003367 -0.007388 
2846	(   2.857059   8.927319   1.396971   0.357552   3.408841 )	235.990593 0.000008 -0.000008 -0.000008 0.000008 
2847	(   2.856415   8.927794   1.399656   0.35601    3.421235 )	242.114872 0.000004 -0.000000 -0.000004 0.000000 
2848	(   2.858146   8.930283   1.399136   0.355362   3.422357 )	242.691606 -0.000000 -0.000001 0.000000 0.000001 
2849	(   2.857582   8.930801   1.398421   0.355536   3.422262 )	242.654385 0.000000 0.000000 -0.000000 -0.000000 
2850	(   2.857593   8.930956   1.398197   0.355593   3.421829 )	242.439372 0.000001 0.000001 -0.000001 -0.000001 
2851	(   2.857379   8.932068   1.397335   0.355623   3.422049 )	242.564017 -0.000001 0.000003 0.000001 -0.000003 
2852	(   2.857887   8.932073   1.39736    0.355607   3.421125 )	242.098115 -0.000001 0.000000 0.000001 -0.000000 

BBE ( SOL ) BBO
2853	(   2.858608   8.930252   1.398116   0.355893   3.417599 )	240.316588 0.000000 0.000002 -0.000000 -0.000002 
2854	(   2.857625   8.930287   1.398732   0.355566   3.421953 )	242.493259 0.000000 -0.000001 -0.000000 0.000001 
2855	(   2.857558   8.930783   1.398572   0.355465   3.422815 )	242.931295 0.000000 -0.000000 -0.000000 0.000000 
2856	(   2.857424   8.929142   1.398508   0.356034   3.416876 )	239.955246 -0.002117 -0.000181 0.002117 0.000181 
2857	(   2.857776   8.931426   1.399375   0.355556   3.418963 )	241.016085 -0.002749 0.002002 0.002749 -0.002002 
2858	(   2.857861   8.924319   1.399585   0.356056   3.418983 )	240.938661 0.001032 -0.003448 -0.001032 0.003448 
2859	(   2.858408   8.931043   1.398083   0.356268   3.418839 )	240.942702 0.003523 0.001769 -0.003523 -0.001769 
2860	(   2.857618   8.927005   1.396468   0.355771   3.418926 )	240.942803 -0.001566 -0.005854 0.001566 0.005854 
2861	(   2.858582   8.929886   1.397582   0.355387   3.421484 )	242.245391 0.000191 -0.002477 -0.000191 0.002477 
2862	(   2.856582   8.931716   1.39926    0.355684   3.42304  )	243.064015 -0.000192 0.002481 0.000192 -0.002481 
2863	(   2.857302   8.929214   1.39848    0.356056   3.419135 )	241.077457 0.000045 -0.000087 -0.000045 0.000087 
2864	(   2.857234   8.930108   1.398869   0.356012   3.420116 )	241.577402 0.000570 0.001227 -0.000570 -0.001227 
2865	(   2.857393   8.930746   1.398492   0.355519   3.422763 )	242.906107 -0.000000 -0.000001 0.000000 0.000001 
2866	(   2.857603   8.930452   1.398679   0.355533   3.42224  )	242.639186 0.000000 -0.000000 -0.000000 0.000000 
2867	(   2.857625   8.930287   1.398732   0.355566   3.421953 )	242.493259 0.000000 -0.000001 -0.000000 0.000001 
2868	(   2.857666   8.929404   1.399453   0.355524   3.422174 )	242.593593 -0.000000 0.000000 0.000000 -0.000000 
2869	(   2.857059   8.927319   1.396971   0.357552   3.408841 )	235.990590 0.000008 -0.000008 -0.000008 0.000008 
2870	(   2.857854   8.926304   1.401775   0.355498   3.421976 )	242.457149 -0.000002 0.000055 0.000002 -0.000055 
2871	(   2.856526   8.928919   1.39812    0.356172   3.420126 )	241.573237 0.000285 -0.000566 -0.000285 0.000566 
2872	(   2.857641   8.929604   1.399347   0.355491   3.422461 )	242.739849 -0.000000 -0.000036 0.000000 0.000036 
2873	(   2.857701   8.930204   1.398801   0.355544   3.421957 )	242.493857 -0.000000 -0.000047 0.000000 0.000047 
2874	(   2.857581   8.930404   1.398812   0.3555     3.422517 )	242.777524 -0.000000 0.000048 0.000000 -0.000048 
2875	(   2.858408   8.922019   1.400851   0.356073   3.418181 )	240.508928 0.001467 -0.003939 -0.001467 0.003939 
2876	(   2.856688   8.933619   1.401897   0.356081   3.417876 )	240.513810 -0.002283 0.009142 0.002283 -0.009142 
2877	(   2.856953   8.922719   1.393468   0.356072   3.418244 )	240.555057 -0.001443 -0.013455 0.001443 0.013455 
2878	(   2.857466   8.930119   1.398191   0.356256   3.418957 )	240.998149 0.001633 0.000961 -0.001633 -0.000961 
2879	(   2.858093   8.939319   1.395207   0.356032   3.418348 )	240.800108 0.000699 0.005429 -0.000699 -0.005429 
2880	(   2.857975   8.924904   1.394453   0.355566   3.421839 )	242.364830 0.000593 -0.011279 -0.000593 0.011279 
2881	(   2.857357   8.933904   1.404453   0.355482   3.422509 )	242.822569 -0.000594 0.011350 0.000594 -0.011350 
2882	(   2.85741    8.929419   1.39867    0.356053   3.418928 )	240.976145 0.000037 0.000373 -0.000037 -0.000373 
2883	(   2.857059   8.927319   1.396971   0.357552   3.408841 )	235.990363 0.000008 -0.000008 -0.000008 0.000008 
2884	(   2.857854   8.92626    1.401775   0.355498   3.421976 )	242.456864 -0.000001 0.000011 0.000001 -0.000011 
2885	(   2.857217   8.931304   1.39858    0.356152   3.417968 )	240.524118 -0.000602 0.002403 0.000602 -0.002403 
2886	(   2.857858   8.926998   1.40156    0.355335   3.423147 )	243.051806 0.000005 0.000002 -0.000005 -0.000002 
2887	(   2.857701   8.930251   1.398801   0.355544   3.421957 )	242.494622 0.000000 -0.000000 -0.000000 0.000000 
2888	(   2.85778    8.930182   1.398793   0.355574   3.421584 )	242.306481 0.000000 -0.000001 -0.000000 0.000001 
2889	(   2.857805   8.932751   1.396845   0.355605   3.421307 )	242.197694 0.000002 -0.000037 -0.000002 0.000037 
2890	(   2.857896   8.929651   1.399913   0.355213   3.423939 )	243.479989 -0.000000 0.000036 0.000000 -0.000036 
2891	(   2.858408   8.928819   1.398876   0.356042   3.416892 )	239.951082 -0.000044 0.000028 0.000044 -0.000028 
2892	(   2.857678   8.929951   1.398947   0.355581   3.421742 )	242.383769 0.000000 0.000001 -0.000000 -0.000001 

BBE ( SOL ) BBO
2893	(   2.857621   8.930451   1.398767   0.355503   3.422418 )	242.728352 -0.000000 0.000039 0.000000 -0.000039 
2894	(   2.857422   8.927819   1.397795   0.356077   3.417876 )	240.433887 -0.000815 -0.002375 0.000815 0.002375 
2895	(   2.857908   8.931019   1.399228   0.356032   3.418847 )	240.951765 0.000817 0.002690 -0.000817 -0.002690 
2896	(   2.857302   8.926919   1.403468   0.355898   3.418687 )	240.831158 -0.001535 0.004136 0.001535 -0.004136 
2897	(   2.857506   8.919319   1.400504   0.356201   3.41905  )	240.914887 0.001413 -0.006772 -0.001413 0.006772 
2898	(   2.85731    8.939319   1.403066   0.356247   3.418702 )	240.988519 0.001000 0.016937 -0.001000 -0.016937 
2899	(   2.857486   8.931351   1.403801   0.355674   3.421477 )	242.273774 0.000014 0.008414 -0.000014 -0.008414 
2900	(   2.857915   8.929151   1.393801   0.355415   3.422437 )	242.715760 -0.000014 -0.008330 0.000014 0.008330 
2901	(   2.857404   8.929319   1.398353   0.356054   3.418892 )	240.956876 -0.000005 -0.000164 0.000005 0.000164 
2902	(   2.857805   8.932793   1.396845   0.355605   3.421307 )	242.198011 0.000001 0.000005 -0.000001 -0.000005 
2903	(   2.857423   8.921634   1.398417   0.356047   3.419457 )	241.144530 0.000541 -0.007781 -0.000541 0.007781 
2904	(   2.857711   8.929567   1.39932    0.355532   3.422024 )	242.520015 0.000001 0.000001 -0.000001 -0.000001 
2905	(   2.857678   8.92995    1.398947   0.355581   3.421742 )	242.383796 0.000000 -0.000000 -0.000000 0.000000 
2906	(   2.857715   8.929642   1.399067   0.355633   3.421292 )	242.154551 0.000000 -0.000000 -0.000000 0.000000 
2907	(   2.857827   8.928719   1.399427   0.355789   3.419939 )	241.467862 0.000001 0.000002 -0.000001 -0.000002 
2908	(   2.857572   8.929039   1.398707   0.356037   3.418673 )	240.843846 -0.000001 0.000000 0.000001 -0.000000 
2909	(   2.858066   8.928197   1.399424   0.355981   3.418065 )	240.528311 -0.000006 0.000000 0.000006 -0.000000 
2910	(   2.857827   8.928719   1.399427   0.355789   3.419939 )	241.467867 -0.000000 0.000002 0.000000 -0.000002 
2911	(   2.856544   8.92244    1.403791   0.355858   3.422061 )	242.465131 0.000003 -0.000001 -0.000003 0.000001 
2912	(   2.857492   8.929648   1.398918   0.355707   3.421217 )	242.118858 0.000000 0.000000 -0.000000 -0.000000 
2913	(   2.856823   8.929666   1.398471   0.355928   3.420992 )	242.011818 -0.000001 0.000001 0.000001 -0.000001 
2914	(   2.856743   8.925935   1.40112    0.355945   3.421031 )	241.988757 -0.000001 -0.000001 0.000001 0.000001 
2915	(   2.856867   8.932696   1.396295   0.355919   3.420965 )	242.033203 0.000000 -0.000001 -0.000000 0.000001 
2916	(   2.857697   8.929106   1.399395   0.355663   3.421113 )	242.059060 -0.000001 0.000000 0.000001 -0.000000 
2917	(   2.857627   8.930116   1.398858   0.355565   3.421959 )	242.494231 0.000001 -0.000000 -0.000001 0.000000 
2918	(   2.859572   8.927729   1.398399   0.356317   3.417143 )	240.051904 0.004552 -0.000976 -0.004552 0.000976 
2919	(   2.857147   8.934039   1.398545   0.356184   3.417868 )	240.508428 -0.000614 0.005176 0.000614 -0.005176 
2920	(   2.857484   8.928896   1.403707   0.356068   3.418506 )	240.763907 -0.000128 0.006916 0.000128 -0.006916 
2921	(   2.856517   8.927326   1.398305   0.35574    3.416673 )	239.840716 -0.006268 -0.003078 0.006268 0.003078 
2922	(   2.859016   8.931383   1.399257   0.355537   3.41876  )	240.904327 -0.000564 0.001744 0.000564 -0.001744 
2923	(   2.859492   8.925163   1.397708   0.355647   3.421076 )	241.976294 0.003503 -0.006319 -0.003503 0.006319 
2924	(   2.855492   8.934133   1.400128   0.355766   3.421358 )	242.261539 -0.003501 0.006325 0.003501 -0.006325 
2925	(   2.85594    8.928443   1.39868    0.356093   3.419892 )	241.456256 -0.001707 -0.000481 0.001707 0.000481 
2926	(   2.857423   8.928603   1.399155   0.355977   3.419202 )	241.102936 -0.000210 0.000021 0.000210 -0.000021 
2927	(   2.857086   8.929924   1.39853    0.355803   3.421352 )	242.192627 0.000000 0.000001 -0.000000 -0.000001 
2928	(   2.85762    8.927039   1.399131   0.35618    3.418333 )	240.650549 0.000785 -0.001020 -0.000785 0.001020 
2929	(   2.858572   8.928965   1.398654   0.356019   3.418716 )	240.855855 0.001948 -0.000197 -0.001948 0.000197 
2930	(   2.857542   8.928668   1.400707   0.355947   3.418887 )	240.947593 -0.000496 0.002163 0.000496 -0.002163 
2931	(   2.857511   8.928286   1.398165   0.355854   3.417673 )	240.338859 -0.002434 -0.002003 0.002434 0.002003 
2932	(   2.857432   8.927305   1.397459   0.355929   3.419673 )	241.320244 -0.000066 -0.003758 0.000066 0.003758 

BBE ( SOL ) BBO
2933	(   2.856492   8.928271   1.397655   0.355875   3.421102 )	242.051972 -0.000937 -0.002666 0.000937 0.002666 
2934	(   2.858492   8.931025   1.400181   0.355538   3.421332 )	242.185764 0.000937 0.002668 -0.000937 -0.002668 
2935	(   2.857599   8.93207    1.397018   0.356023   3.418418 )	240.752180 -0.000306 0.000653 0.000306 -0.000653 
2936	(   2.858066   8.928197   1.399424   0.355981   3.418065 )	240.528315 -0.000007 0.000000 0.000007 -0.000000 
2937	(   2.857348   8.929683   1.398892   0.355707   3.42151  )	242.267070 0.000004 0.000001 -0.000004 -0.000001 
2938	(   2.858265   8.929      1.399985   0.356115   3.419642 )	241.320039 0.002934 0.001950 -0.002934 -0.001950 
2939	(   2.857697   8.929106   1.399395   0.355663   3.421113 )	242.059168 0.000000 0.000000 -0.000000 -0.000000 
2940	(   2.857745   8.928433   1.399754   0.355728   3.420549 )	241.769654 0.000001 0.000003 -0.000001 -0.000003 
2941	(   2.858313   8.92748    1.400826   0.355531   3.420802 )	241.880424 0.000000 0.000002 -0.000000 -0.000002 
2942	(   2.857719   8.928783   1.398825   0.356071   3.418132 )	240.570870 0.000000 -0.000000 -0.000000 0.000000 
2943	(   2.85816    8.928015   1.399179   0.356172   3.416508 )	239.753745 0.000005 -0.000000 -0.000005 0.000000 
2944	(   2.859142   8.925966   1.40144    0.355771   3.417386 )	240.157316 0.000000 -0.000001 -0.000000 0.000001 
2945	(   2.85816    8.927983   1.399179   0.356172   3.416508 )	239.753356 0.000004 -0.000033 -0.000004 0.000033 
2946	(   2.863852   8.916766   1.409639   0.354972   3.413524 )	238.108511 -0.000016 0.000083 0.000016 -0.000083 
2947	(   2.858086   8.929783   1.398649   0.35578    3.419479 )	241.249092 0.000003 -0.000037 -0.000003 0.000037 
2948	(   2.857382   8.935566   1.394559   0.355729   3.421277 )	242.218352 -0.000001 -0.000033 0.000001 0.000033 
2949	(   2.85762    8.928583   1.39926    0.355917   3.419441 )	241.219950 -0.000000 -0.000016 0.000000 0.000016 
2950	(   2.85768    8.929883   1.398915   0.355638   3.421328 )	242.175930 0.000003 0.000045 -0.000003 -0.000045 
2951	(   2.854142   8.934466   1.400224   0.355226   3.413398 )	238.335159 -0.018034 0.005317 0.018034 -0.005317 
2952	(   2.855145   8.918783   1.401375   0.357045   3.415742 )	239.289499 -0.000649 -0.003772 0.000649 0.003772 
2953	(   2.856047   8.915966   1.401156   0.355644   3.416454 )	239.600802 -0.008131 -0.010745 0.008131 0.010745 
2954	(   2.857369   8.927066   1.401277   0.356771   3.416852 )	239.920045 0.003030 0.003619 -0.003030 -0.003619 
2955	(   2.858394   8.926466   1.40644    0.35574    3.417161 )	240.062333 -0.001968 0.007418 0.001968 -0.007418 
2956	(   2.85631    8.927766   1.40118    0.355654   3.422386 )	242.692350 -0.001611 0.001116 0.001611 -0.001116 
2957	(   2.860293   8.938783   1.396275   0.355097   3.420522 )	241.858241 0.000626 0.003837 -0.000626 -0.003837 
2958	(   2.861281   8.924766   1.401593   0.355429   3.415337 )	239.112382 -0.000148 -0.001926 0.000148 0.001926 
2959	(   2.863852   8.916746   1.409639   0.354972   3.413524 )	238.108279 -0.000014 0.000065 0.000014 -0.000065 
2960	(   2.857853   8.929077   1.39852    0.356119   3.417515 )	240.267134 -0.000001 0.000000 0.000001 -0.000000 
2961	(   2.85837    8.925548   1.401667   0.355808   3.418696 )	240.808525 -0.000000 -0.000001 0.000000 0.000001 
2962	(   2.85762    8.9286     1.39926    0.355917   3.419441 )	241.220162 0.000001 0.000002 -0.000001 -0.000002 
2963	(   2.85768    8.929838   1.398915   0.355638   3.421328 )	242.175394 0.000000 -0.000001 -0.000000 0.000001 
2964	(   2.85995    8.928448   1.39944    0.355763   3.417189 )	240.081485 0.001393 -0.000321 -0.001393 0.000321 
2965	(   2.859309   8.925702   1.401653   0.355772   3.415386 )	239.164295 -0.001648 0.000034 0.001648 -0.000034 
2966	(   2.857311   8.927299   1.398881   0.356061   3.416132 )	239.566236 -0.002897 -0.001434 0.002897 0.001434 
2967	(   2.858012   8.920966   1.400005   0.355765   3.417244 )	240.034705 -0.002479 -0.007013 0.002479 0.007013 
2968	(   2.857142   8.929118   1.401283   0.355761   3.417135 )	240.088016 -0.004387 0.002906 0.004387 -0.002906 
2969	(   2.859116   8.926007   1.401407   0.356271   3.417383 )	240.155986 0.003533 0.001367 -0.003533 -0.001367 
2970	(   2.858127   8.930267   1.398769   0.356081   3.420132 )	241.579609 0.002898 0.001434 -0.002898 -0.001434 
2971	(   2.859187   8.925924   1.401477   0.355709   3.417455 )	240.190710 -0.000285 -0.000161 0.000285 0.000161 
2972	(   2.859246   8.92577    1.401103   0.355848   3.418971 )	240.940182 0.002345 -0.000455 -0.002345 0.000455 

BBE ( SOL ) BBO
2973	(   2.85851    8.930756   1.397815   0.35586    3.418032 )	240.537987 -0.000000 0.000000 0.000000 -0.000000 
2974	(   2.860883   8.936677   1.394785   0.355228   3.417732 )	240.439436 -0.000011 0.000042 0.000011 -0.000042 
2975	(   2.857894   8.929259   1.398582   0.35602    3.418141 )	240.579445 0.000001 0.000000 -0.000001 -0.000000 
2976	(   2.858002   8.924822   1.401478   0.356168   3.416854 )	239.889267 -0.000000 -0.000000 0.000000 0.000000 
2977	(   2.854582   8.921422   1.401592   0.35736    3.415258 )	239.087238 -0.000024 0.000041 0.000024 -0.000041 
2978	(   2.857361   8.925522   1.401698   0.355802   3.420798 )	241.863160 0.000003 0.000001 -0.000003 -0.000001 
2979	(   2.858965   8.928566   1.399478   0.355834   3.417296 )	240.144148 0.000003 0.000043 -0.000003 -0.000043 
2980	(   2.858053   8.927622   1.399505   0.356154   3.416847 )	239.917806 -0.000004 0.000011 0.000004 -0.000011 
2981	(   2.857799   8.929122   1.399176   0.355763   3.420181 )	241.593551 -0.000001 -0.000013 0.000001 0.000013 
2982	(   2.856587   8.926922   1.401733   0.356205   3.414854 )	238.939343 -0.004609 0.002558 0.004609 -0.002558 
2983	(   2.857741   8.914822   1.401525   0.356372   3.416485 )	239.587542 0.000563 -0.009374 -0.000563 0.009374 
2984	(   2.863002   8.925322   1.401544   0.356452   3.41634  )	239.598864 0.011720 0.001373 -0.011720 -0.001373 
2985	(   2.857847   8.925022   1.399478   0.356289   3.416635 )	239.782937 0.000333 -0.002257 -0.000333 0.002257 
2986	(   2.856722   8.926722   1.401709   0.357168   3.417182 )	240.084567 0.004885 0.004976 -0.004885 -0.004976 
2987	(   2.85857    8.916766   1.399586   0.354771   3.417442 )	240.077901 -0.008282 -0.014506 0.008282 0.014506 
2988	(   2.859714   8.935166   1.403294   0.356771   3.41733  )	240.236896 0.008289 0.014551 -0.008289 -0.014551 
2989	(   2.858526   8.924022   1.401394   0.356137   3.417648 )	240.268302 0.001636 -0.001003 -0.001636 0.001003 
2990	(   2.854582   8.921392   1.401592   0.35736    3.415258 )	239.086875 -0.000027 0.000010 0.000027 -0.000010 
2991	(   2.858199   8.923976   1.401935   0.356232   3.415987 )	239.449145 -0.000006 -0.000033 0.000006 0.000033 
2992	(   2.859669   8.926065   1.401468   0.355721   3.416668 )	239.798795 -0.000001 0.000001 0.000001 -0.000001 
2993	(   2.858053   8.927604   1.399505   0.356155   3.416847 )	239.917584 -0.000001 -0.000006 0.000001 0.000006 
2994	(   2.857799   8.929133   1.399176   0.355763   3.420181 )	241.593675 -0.000000 -0.000002 0.000000 0.000002 
2995	(   2.858872   8.926393   1.400478   0.356219   3.416464 )	239.707268 0.001743 0.000313 -0.001743 -0.000313 
2996	(   2.85898    8.919822   1.401559   0.356225   3.416416 )	239.603796 0.001960 -0.004732 -0.001960 0.004732 
2997	(   2.858084   8.9244     1.401383   0.355668   3.416817 )	239.865609 -0.003456 -0.001928 0.003456 0.001928 
2998	(   2.857633   8.92671    1.401902   0.356147   3.415854 )	239.421391 -0.001901 0.002421 0.001901 -0.002421 
2999	(   2.860232   8.930966   1.400589   0.35576    3.417374 )	240.202214 0.002126 0.003784 -0.002126 -0.003784 
3000	(   2.860002   8.927017   1.401971   0.356143   3.417046 )	239.994506 0.004086 0.002815 -0.004086 -0.002815 
3001	(   2.858052   8.920966   1.402291   0.355782   3.417398 )	240.112453 -0.002125 -0.003783 0.002125 0.003783 
3002	(   2.857947   8.92482    1.401482   0.356196   3.416872 )	239.898506 0.000102 0.000079 -0.000102 -0.000079 
3003	(   2.858432   8.926911   1.400478   0.356144   3.416    )	239.487982 -0.000151 0.000627 0.000151 -0.000627 
3004	(   2.857567   8.926698   1.400873   0.355925   3.418181 )	240.572950 -0.001304 0.000365 0.001304 -0.000365 
3005	(   2.858596   8.926503   1.40065    0.355975   3.417027 )	239.989677 -0.000002 -0.000005 0.000002 0.000005 
3006	(   2.85807    8.92857    1.399099   0.356009   3.417862 )	240.431876 0.000001 -0.000002 -0.000001 0.000002 
3007	(   2.857002   8.925      1.401959   0.356274   3.416517 )	239.733653 -0.001612 0.001141 0.001612 -0.001141 
3008	(   2.859002   8.924644   1.401814   0.356062   3.416376 )	239.642795 0.000799 -0.000001 -0.000799 0.000001 
3009	(   2.858145   8.925086   1.40098    0.356326   3.416354 )	239.643441 0.000922 -0.000000 -0.000922 0.000000 
3010	(   2.858084   8.926822   1.401506   0.35616    3.416881 )	239.926480 0.000132 0.002014 -0.000132 -0.002014 
3011	(   2.857352   8.924938   1.40126    0.355968   3.416635 )	239.787984 -0.002975 -0.000738 0.002975 0.000738 
3012	(   2.859309   8.925573   1.401634   0.355971   3.417077 )	239.998224 0.001468 0.000425 -0.001468 -0.000425 

BBE ( SOL ) BBO
3013	(   2.858975   8.926359   1.401247   0.355571   3.417695 )	240.316507 -0.001467 -0.000426 0.001467 0.000426 
3014	(   2.85801    8.924779   1.401513   0.356163   3.416905 )	239.913962 0.000026 -0.000010 -0.000026 0.000010 
3015	(   2.858021   8.924791   1.401419   0.356192   3.416822 )	239.872676 0.000173 -0.000050 -0.000173 0.000050 
3016	(   2.858463   8.925698   1.401447   0.35588    3.417458 )	240.195106 -0.000528 0.000040 0.000528 -0.000040 
3017	(   2.859169   8.927278   1.400685   0.355687   3.417949 )	240.451391 0.000015 0.000030 -0.000015 -0.000030 
3018	(   2.858442   8.924801   1.401623   0.356096   3.416478 )	239.699336 0.000000 -0.000019 -0.000000 0.000019 
3019	(   2.859531   8.926483   1.401151   0.35573    3.41686  )	239.899695 -0.000028 0.000001 0.000028 -0.000001 
3020	(   2.858391   8.925205   1.401422   0.356054   3.416894 )	239.910395 0.000013 -0.000008 -0.000013 0.000008 
3021	(   2.85796    8.924776   1.40157    0.356154   3.416654 )	239.790220 -0.000385 0.000044 0.000385 -0.000044 
3022	(   2.857502   8.924855   1.401413   0.356178   3.416838 )	239.885818 -0.000964 -0.000032 0.000964 0.000032 
3023	(   2.857987   8.925822   1.401512   0.356163   3.416862 )	239.905718 -0.000061 0.001033 0.000061 -0.001033 
3024	(   2.858232   8.92507    1.401278   0.356243   3.416732 )	239.829576 0.000880 0.000173 -0.000880 -0.000173 
3025	(   2.858057   8.924881   1.40136    0.356068   3.416825 )	239.875117 -0.000635 -0.000381 0.000635 0.000381 
3026	(   2.859642   8.925615   1.401481   0.355694   3.417399 )	240.155221 0.000479 -0.000506 -0.000479 0.000506 
3027	(   2.858642   8.926317   1.4014     0.355848   3.417373 )	240.159414 -0.000479 0.000504 0.000479 -0.000504 
3028	(   2.858008   8.924808   1.401475   0.356177   3.416912 )	239.917542 0.000134 0.000005 -0.000134 -0.000005 
3029	(   2.857947   8.924905   1.401436   0.356165   3.416691 )	239.810136 -0.000295 0.000016 0.000295 -0.000016 
3030	(   2.859173   8.925873   1.401514   0.355807   3.417448 )	240.186742 0.000384 0.000109 -0.000384 -0.000109 
3031	(   2.858848   8.925409   1.401508   0.355905   3.416935 )	239.929521 -0.000086 -0.000094 0.000086 0.000094 
3032	(   2.858173   8.924968   1.401489   0.356123   3.416888 )	239.906259 0.000055 0.000036 -0.000055 -0.000036 
3033	(   2.858623   8.925262   1.401502   0.355978   3.416919 )	239.921766 -0.000039 -0.000051 0.000039 0.000051 
3034	(   2.858285   8.925041   1.401492   0.356087   3.416895 )	239.910135 0.000032 0.000014 -0.000032 -0.000014 
3035	(   2.85851    8.925188   1.401499   0.356014   3.416911 )	239.917889 -0.000015 -0.000029 0.000015 0.000029 
3036	(   2.858341   8.925078   1.401494   0.356069   3.416899 )	239.912074 0.000020 0.000003 -0.000020 -0.000003 
3037	(   2.858917   8.92557    1.40147    0.355901   3.416899 )	239.913307 -0.000013 0.000001 0.000013 -0.000001 
3038	(   2.85869    8.925372   1.401481   0.355966   3.416901 )	239.913471 -0.000003 -0.000002 0.000003 0.000002 
3039	(   2.858726   8.925389   1.401484   0.355954   3.416905 )	239.915754 -0.000016 -0.000015 0.000016 0.000015 
3040	(   2.858437   8.925156   1.401491   0.35604    3.416901 )	239.912994 0.000011 -0.000001 -0.000011 0.000001 
3041	(   2.858623   8.925807   1.401303   0.355904   3.417497 )	240.214266 0.000009 0.000014 -0.000009 -0.000014 
3042	(   2.858487   8.925053   1.401543   0.356048   3.416732 )	239.827968 0.000002 -0.000011 -0.000002 0.000011 
3043	(   2.858713   8.925342   1.401551   0.355943   3.417016 )	239.969964 -0.000009 0.000001 0.000009 -0.000001 
3044	(   2.858471   8.92524    1.401455   0.356027   3.416924 )	239.925286 0.000008 -0.000005 -0.000008 0.000005 
3045	(   2.857981   8.924777   1.40147    0.356171   3.416754 )	239.839417 -0.000121 -0.000048 0.000121 0.000048 
3046	(   2.858202   8.924455   1.401552   0.356139   3.41684  )	239.876275 0.000181 -0.000345 -0.000181 0.000345 
3047	(   2.858198   8.925228   1.401378   0.356139   3.41684  )	239.885718 0.000177 0.000187 -0.000177 -0.000187 
3048	(   2.858075   8.924322   1.40139    0.356204   3.416871 )	239.890826 0.000419 -0.000527 -0.000419 0.000527 
3049	(   2.858126   8.925079   1.401524   0.356218   3.416845 )	239.887041 0.000601 0.000458 -0.000601 -0.000458 
3050	(   2.859051   8.926294   1.401393   0.355732   3.417486 )	240.211613 -0.000365 0.000154 0.000365 -0.000154 
3051	(   2.859234   8.925637   1.401488   0.35581    3.417286 )	240.103030 0.000365 -0.000156 -0.000365 0.000156 
3052	(   2.857774   8.925168   1.401416   0.356175   3.416867 )	239.901845 -0.000402 0.000277 0.000402 -0.000277 

BBE ( SOL ) BBO
3053	(   2.857951   8.924692   1.401419   0.356139   3.416857 )	239.889439 -0.000313 -0.000294 0.000313 0.000294 
3054	(   2.859092   8.925962   1.401462   0.355779   3.417365 )	240.147316 -0.000066 0.000048 0.000066 -0.000048 
3055	(   2.858274   8.925389   1.401333   0.356039   3.417244 )	240.087174 0.000014 0.000008 -0.000014 -0.000008 
3056	(   2.8584     8.924948   1.40155    0.356082   3.416669 )	239.796239 0.000003 -0.000012 -0.000003 0.000012 
3057	(   2.857999   8.924826   1.40148    0.356168   3.416804 )	239.864597 -0.000056 0.000005 0.000056 -0.000005 
3058	(   2.858012   8.924677   1.401428   0.356162   3.416852 )	239.886379 -0.000030 -0.000234 0.000030 0.000234 
3059	(   2.857902   8.924927   1.40145    0.356173   3.416855 )	239.892083 -0.000168 0.000079 0.000168 -0.000079 
3060	(   2.85803    8.924793   1.401468   0.356188   3.416854 )	239.888446 0.000199 0.000011 -0.000199 -0.000011 
3061	(   2.858083   8.925022   1.401449   0.356164   3.416853 )	239.890412 0.000134 0.000148 -0.000134 -0.000148 
3062	(   2.859089   8.926028   1.40144    0.355764   3.417336 )	240.133769 -0.000208 0.000042 0.000208 -0.000042 
3063	(   2.859196   8.925903   1.401441   0.355778   3.417436 )	240.180867 0.000209 -0.000044 -0.000209 0.000044 
3064	(   2.857999   8.924824   1.401481   0.356165   3.416868 )	239.896238 -0.000015 -0.000004 0.000015 0.000004 
3065	(   2.85799    8.924793   1.401476   0.356164   3.416868 )	239.895892 -0.000040 -0.000043 0.000040 0.000043 
3066	(   2.859188   8.926028   1.401441   0.355794   3.417354 )	240.141868 0.000223 0.000124 -0.000223 -0.000124 
3067	(   2.857828   8.92465    1.401482   0.356208   3.416832 )	239.877724 -0.000089 -0.000056 0.000089 0.000056 
3068	(   2.858086   8.924888   1.401487   0.356144   3.416874 )	239.899125 0.000019 0.000013 -0.000019 -0.000013 
3069	(   2.858049   8.924863   1.401499   0.356159   3.416854 )	239.889383 0.000030 0.000044 -0.000030 -0.000044 
3070	(   2.858034   8.924845   1.401493   0.35616    3.416857 )	239.891010 0.000012 0.000023 -0.000012 -0.000023 
3071	(   2.858054   8.924838   1.401502   0.356152   3.416939 )	239.931248 0.000072 0.000003 -0.000072 -0.000003 
3072	(   2.858013   8.924829   1.401485   0.356164   3.416838 )	239.881258 -0.000024 0.000005 0.000024 -0.000005 
3073	(   2.858044   8.924904   1.401457   0.356158   3.416811 )	239.868799 -0.000029 0.000025 0.000029 -0.000025 
3074	(   2.858019   8.924811   1.401499   0.356162   3.416882 )	239.902671 0.000012 -0.000002 -0.000012 0.000002 
3075	(   2.858013   8.924824   1.401479   0.356161   3.416869 )	239.896413 -0.000015 -0.000018 0.000015 0.000018 
3076	(   2.858019   8.92483    1.401482   0.356161   3.416866 )	239.895062 -0.000008 -0.000008 0.000008 0.000008 
3077	(   2.858037   8.924841   1.401486   0.356156   3.416899 )	239.911688 0.000027 -0.000005 -0.000027 0.000005 
3078	(   2.858019   8.924832   1.401485   0.356162   3.416853 )	239.888865 -0.000011 0.000002 0.000011 -0.000002 
3079	(   2.857937   8.924759   1.401483   0.356183   3.416855 )	239.889717 -0.000028 -0.000017 0.000028 0.000017 
3080	(   2.858049   8.924856   1.401486   0.356154   3.416869 )	239.896773 0.000007 0.000005 -0.000007 -0.000005 
3081	(   2.858044   8.924836   1.401492   0.356158   3.416861 )	239.892817 0.000015 0.000003 -0.000015 -0.000003 
3082	(   2.858033   8.924833   1.401489   0.356159   3.416863 )	239.893672 0.000008 0.000001 -0.000008 -0.000001 
3083	(   2.85803    8.924858   1.40147    0.35616    3.41684  )	239.882785 -0.000014 0.000002 0.000014 -0.000002 
3084	(   2.858022   8.924823   1.401492   0.356161   3.416871 )	239.897699 0.000006 -0.000001 -0.000006 0.000001 
3085	(   2.858031   8.924837   1.40149    0.356161   3.416858 )	239.891448 0.000012 0.000011 -0.000012 -0.000011 
3086	(   2.858022   8.924831   1.401484   0.356161   3.416864 )	239.894159 -0.000003 -0.000003 0.000003 0.000003 
3087	(   2.858032   8.924834   1.401487   0.356159   3.416875 )	239.899763 0.000018 -0.000001 -0.000018 0.000001 
3088	(   2.858022   8.924832   1.401486   0.356161   3.416859 )	239.891590 -0.000004 0.000001 0.000004 -0.000001 
3089	(   2.857991   8.924801   1.401485   0.356171   3.416855 )	239.889782 -0.000005 -0.000006 0.000005 0.000006 
3090	(   2.857991   8.924811   1.401481   0.356169   3.416858 )	239.891326 -0.000010 -0.000005 0.000010 0.000005 
3091	(   2.858022   8.924827   1.401487   0.356162   3.416862 )	239.893086 0.000003 -0.000000 -0.000003 0.000000 
3092	(   2.858045   8.924854   1.401485   0.356155   3.416869 )	239.896538 0.000006 0.000005 -0.000006 -0.000005 

BBE ( SOL ) BBO
3093	(   2.858005   8.924814   1.401485   0.356167   3.416859 )	239.891471 -0.000002 -0.000003 0.000002 0.000003 
3094	(   2.858008   8.924828   1.401477   0.356166   3.416848 )	239.886130 -0.000008 -0.000002 0.000008 0.000002 
3095	(   2.858018   8.924824   1.401488   0.356163   3.416865 )	239.894807 0.000002 -0.000001 -0.000002 0.000001 
3096	(   2.858006   8.924817   1.401485   0.356167   3.416855 )	239.889929 0.000003 0.000002 -0.000003 -0.000002 
3097	(   2.857998   8.924809   1.401486   0.356171   3.416851 )	239.887814 0.000006 0.000004 -0.000006 -0.000004 
3098	(   2.857999   8.924809   1.401484   0.356169   3.416859 )	239.891834 0.000006 -0.000003 -0.000006 0.000003 
3099	(   2.858017   8.924827   1.401485   0.356163   3.416859 )	239.891651 -0.000001 0.000000 0.000001 -0.000000 
3100	(   2.858022   8.924833   1.401484   0.356163   3.41686  )	239.892025 0.000005 0.000003 -0.000005 -0.000003 
3101	(   2.858009   8.924819   1.401485   0.356166   3.416859 )	239.891609 -0.000001 -0.000002 0.000001 0.000002 
3102	(   2.858021   8.924831   1.401484   0.356161   3.416864 )	239.894239 -0.000002 -0.000003 0.000002 0.000003 
3103	(   2.85801    8.92482    1.401485   0.356166   3.416858 )	239.891006 0.000002 0.000001 -0.000002 -0.000001 
3104	(   2.858      8.924817   1.401482   0.356168   3.416856 )	239.890250 -0.000002 -0.000000 0.000002 0.000000 
3105	(   2.857989   8.924812   1.401479   0.356172   3.416853 )	239.888833 -0.000005 -0.000000 0.000005 0.000000 
3106	(   2.857997   8.924818   1.401478   0.35617    3.416849 )	239.886707 -0.000003 0.000000 0.000003 -0.000000 
3107	(   2.858013   8.924823   1.401486   0.356164   3.416861 )	239.892782 0.000001 -0.000001 -0.000001 0.000001 
3108	(   2.858008   8.924825   1.401481   0.356166   3.416856 )	239.890373 -0.000000 0.000001 0.000000 -0.000001 
3109	(   2.858007   8.924828   1.401479   0.356167   3.416855 )	239.889755 0.000000 0.000003 -0.000000 -0.000003 
3110	(   2.858006   8.924825   1.40148    0.356166   3.416857 )	239.890723 -0.000003 -0.000000 0.000003 0.000000 
3111	(   2.858009   8.924822   1.401484   0.356166   3.416857 )	239.890935 0.000001 0.000000 -0.000001 -0.000000 
3112	(   2.858019   8.92483    1.401484   0.356163   3.416859 )	239.891753 0.000002 0.000001 -0.000002 -0.000001 
3113	(   2.858005   8.92482    1.401482   0.356167   3.416857 )	239.890626 -0.000001 -0.000000 0.000001 0.000000 
3114	(   2.858003   8.924824   1.401479   0.356168   3.416852 )	239.888359 -0.000002 0.000001 0.000002 -0.000001 
3115	(   2.858011   8.924823   1.401484   0.356165   3.416859 )	239.891676 0.000000 -0.000000 -0.000000 0.000000 
3116	(   2.858024   8.924833   1.40149    0.356161   3.416863 )	239.893692 0.000000 0.000007 -0.000000 -0.000007 
3117	(   2.857998   8.924839   1.401467   0.356168   3.416862 )	239.893655 -0.000001 0.000000 0.000001 -0.000000 
3118	(   2.858      8.924869   1.401437   0.356172   3.41683  )	239.878125 -0.000002 -0.000001 0.000002 0.000001 
3119	(   2.857997   8.924818   1.401479   0.35617    3.416854 )	239.889500 0.000001 0.000000 -0.000001 -0.000000 
3120	(   2.857988   8.924814   1.401475   0.356173   3.416852 )	239.888425 0.000002 0.000000 -0.000002 -0.000000 
3121	(   2.857982   8.924806   1.401479   0.356175   3.416856 )	239.890201 0.000005 0.000001 -0.000005 -0.000001 
3122	(   2.857993   8.924802   1.401499   0.356165   3.416896 )	239.909867 -0.000000 0.000000 0.000000 -0.000000 
3123	(   2.857992   8.92486    1.401446   0.356171   3.416856 )	239.890755 -0.000000 0.000000 0.000000 -0.000000 
3124	(   2.85799    8.924826   1.401473   0.356169   3.416871 )	239.898053 0.000000 -0.000001 -0.000000 0.000001 
3125	(   2.858003   8.924825   1.401479   0.356167   3.41686  )	239.892293 -0.000000 0.000001 0.000000 -0.000001 
3126	(   2.857985   8.924795   1.401479   0.356171   3.416804 )	239.864346 -0.000063 -0.000018 0.000063 0.000018 
3127	(   2.858003   8.924823   1.401528   0.356168   3.416854 )	239.889395 -0.000000 0.000070 0.000000 -0.000070 
3128	(   2.858097   8.924916   1.401486   0.356154   3.416818 )	239.871753 0.000055 0.000065 -0.000055 -0.000065 
3129	(   2.858016   8.924922   1.401478   0.356166   3.416838 )	239.882545 -0.000006 0.000093 0.000006 -0.000093 
3130	(   2.858102   8.924805   1.401478   0.356169   3.416848 )	239.885030 0.000200 -0.000016 -0.000200 0.000016 
3131	(   2.858005   8.924838   1.401478   0.356188   3.41686  )	239.892280 0.000153 0.000070 -0.000153 -0.000070 
3132	(   2.857897   8.92472    1.401471   0.356186   3.416891 )	239.907249 -0.000053 -0.000065 0.000053 0.000065 

BBE ( SOL ) BBO
3133	(   2.857938   8.924797   1.40147    0.356169   3.416864 )	239.894413 -0.000120 -0.000037 0.000120 0.000037 
3134	(   2.857939   8.924765   1.401481   0.356188   3.41684  )	239.882284 -0.000001 0.000001 0.000001 -0.000001 
3135	(   2.857998   8.924827   1.401469   0.356171   3.416843 )	239.883727 0.000000 0.000000 -0.000000 -0.000000 
3136	(   2.858001   8.924855   1.401442   0.356175   3.416807 )	239.866409 -0.000002 -0.000000 0.000002 0.000000 
3137	(   2.857997   8.924805   1.401474   0.356177   3.416804 )	239.864355 0.000000 0.000000 -0.000000 -0.000000 
3138	(   2.857996   8.924766   1.401462   0.356198   3.416653 )	239.788934 -0.000002 0.000001 0.000002 -0.000001 
3139	(   2.857911   8.924703   1.401521   0.35619    3.416882 )	239.902520 -0.000001 0.000000 0.000001 -0.000000 
3140	(   2.857994   8.924788   1.40148    0.35618    3.416786 )	239.855453 -0.000000 0.000000 0.000000 -0.000000 
3141	(   2.857984   8.924696   1.401486   0.356211   3.416582 )	239.753340 -0.000004 0.000001 0.000004 -0.000001 
3142	(   2.857917   8.924603   1.401555   0.356209   3.416736 )	239.829067 0.000002 -0.000001 -0.000002 0.000001 
3143	(   2.857996   8.924667   1.401567   0.356179   3.416793 )	239.857334 0.000003 -0.000001 -0.000003 0.000001 
3144	(   2.857983   8.924818   1.401456   0.356182   3.416798 )	239.861747 -0.000000 0.000000 0.000000 -0.000000 
3145	(   2.857974   8.92465    1.40153    0.356188   3.416871 )	239.895749 0.000103 -0.000044 -0.000103 0.000044 
3146	(   2.857944   8.924442   1.401456   0.356201   3.416728 )	239.822753 -0.000011 -0.000322 0.000011 0.000322 
3147	(   2.858015   8.924463   1.401458   0.3562     3.416986 )	239.950258 0.000381 -0.000302 -0.000381 0.000302 
3148	(   2.85803    8.924288   1.401498   0.356165   3.416634 )	239.773699 -0.000186 -0.000516 0.000186 0.000516 
3149	(   2.858001   8.924839   1.401484   0.35628    3.416755 )	239.840292 0.000701 0.000332 -0.000701 -0.000332 
3150	(   2.858005   8.924638   1.401477   0.35627    3.416996 )	239.957173 0.000874 0.000092 -0.000874 -0.000092 
3151	(   2.85799    8.924999   1.401481   0.35607    3.416713 )	239.821848 -0.000872 -0.000091 0.000872 0.000091 
3152	(   2.857996   8.924813   1.40148    0.356178   3.416786 )	239.855481 -0.000015 0.000018 0.000015 -0.000018 
3153	(   2.857991   8.924859   1.401468   0.35616    3.416936 )	239.930390 -0.000001 -0.000000 0.000001 0.000000 
3154	(   2.857998   8.924764   1.401512   0.356172   3.416833 )	239.878346 -0.000001 -0.000000 0.000001 0.000000 
3155	(   2.858002   8.924604   1.401611   0.356179   3.416769 )	239.844888 -0.000006 -0.000002 0.000006 0.000002 
3156	(   2.857961   8.924689   1.401477   0.356218   3.416582 )	239.753435 -0.000000 0.000000 0.000000 -0.000000 
3157	(   2.857864   8.924395   1.401466   0.356331   3.415969 )	239.447636 -0.000001 0.000001 0.000001 -0.000001 
3158	(   2.857868   8.924288   1.401543   0.35633    3.415969 )	239.446361 0.000003 -0.000000 -0.000003 0.000000 
3159	(   2.857985   8.924669   1.401552   0.356187   3.416757 )	239.839813 0.000000 0.000000 -0.000000 -0.000000 
3160	(   2.85797    8.924681   1.401506   0.356206   3.416649 )	239.786196 -0.000000 0.000001 0.000000 -0.000001 
3161	(   2.857991   8.924791   1.401479   0.35618    3.416794 )	239.859341 0.000000 0.000000 -0.000000 -0.000000 
3162	(   2.857995   8.924654   1.401595   0.356171   3.416849 )	239.884698 -0.000001 0.000001 0.000001 -0.000001 
3163	(   2.857879   8.924294   1.401556   0.356321   3.416009 )	239.466014 -0.000000 -0.000000 0.000000 0.000000 
3164	(   2.857632   8.923108   1.401795   0.35663    3.414289 )	238.605766 0.000000 -0.000001 -0.000000 0.000001 
3165	(   2.856889   8.919549   1.402512   0.357558   3.409131 )	236.043325 -0.000001 0.000010 0.000001 -0.000010 
3166	(   2.857632   8.923108   1.401795   0.35663    3.414289 )	238.605767 -0.000002 -0.000002 0.000002 0.000002 
3167	(   2.856994   8.923173   1.402129   0.356438   3.41698  )	239.940405 0.000004 0.000002 -0.000004 -0.000002 
3168	(   2.857651   8.922042   1.402509   0.356654   3.414079 )	238.489937 0.000003 0.000001 -0.000003 -0.000001 
3169	(   2.857942   8.924474   1.401562   0.356253   3.416373 )	239.647830 0.000003 0.000001 -0.000003 -0.000001 
3170	(   2.857973   8.924732   1.401482   0.356199   3.416692 )	239.808251 -0.000004 -0.000001 0.000004 0.000001 
3171	(   2.857666   8.925117   1.401295   0.356377   3.414101 )	238.537214 -0.001931 0.000612 0.001931 -0.000612 
3172	(   2.857615   8.92305    1.40181    0.356637   3.409289 )	236.157163 -0.004965 -0.000019 0.004965 0.000019 

BBE ( SOL ) BBO
3173	(   2.857838   8.918108   1.40162    0.356541   3.414223 )	238.510875 -0.000283 -0.005491 0.000283 0.005491 
3174	(   2.858132   8.924813   1.401926   0.356415   3.41413  )	238.544339 -0.000681 0.001295 0.000681 -0.001295 
3175	(   2.857891   8.919294   1.401631   0.356933   3.413866 )	238.348584 0.002278 -0.003211 -0.002278 0.003211 
3176	(   2.857752   8.923517   1.401693   0.35763    3.414251 )	238.589873 0.007377 0.003023 -0.007377 -0.003023 
3177	(   2.857867   8.929294   1.401482   0.355709   3.418152 )	240.588190 -0.002277 0.003215 0.002277 -0.003215 
3178	(   2.85758    8.922969   1.401788   0.356644   3.414944 )	238.927110 0.000647 -0.000112 -0.000647 0.000112 
3179	(   2.856889   8.919549   1.402512   0.357558   3.409131 )	236.043325 -0.000001 0.000010 0.000001 -0.000010 
3180	(   2.857657   8.922969   1.401868   0.356644   3.414137 )	238.529042 0.000000 0.000000 -0.000000 -0.000000 
3181	(   2.856993   8.918992   1.402803   0.357613   3.408522 )	235.739522 -0.000004 0.000016 0.000004 -0.000016 
3182	(   2.856935   8.92164    1.400879   0.35763    3.408522 )	235.770554 -0.000001 -0.000001 0.000001 0.000001 
3183	(   2.857569   8.923215   1.402351   0.356309   3.41673  )	239.812670 0.000003 0.000001 -0.000003 -0.000001 
3184	(   2.8578     8.923773   1.401695   0.35644    3.415315 )	239.117903 0.000001 0.000000 -0.000001 -0.000000 
3185	(   2.857943   8.924536   1.401533   0.356245   3.416424 )	239.673721 0.000001 0.000000 -0.000001 -0.000000 
3186	(   2.858157   8.923225   1.401857   0.356664   3.414307 )	238.611564 0.001332 0.000296 -0.001332 -0.000296 
3187	(   2.857692   8.922109   1.402181   0.356043   3.409137 )	236.071941 -0.009221 -0.002077 0.009221 0.002077 
3188	(   2.857671   8.920063   1.401368   0.356412   3.412211 )	237.547839 -0.003556 -0.004244 0.003556 0.004244 
3189	(   2.85767    8.920229   1.401982   0.357644   3.412322 )	237.603441 0.005387 0.000179 -0.005387 -0.000179 
3190	(   2.857635   8.927969   1.401661   0.357042   3.410764 )	236.935607 -0.000553 0.005806 0.000553 -0.005806 
3191	(   2.857444   8.928108   1.401926   0.357106   3.415866 )	239.445014 0.004602 0.006495 -0.004602 -0.006495 
3192	(   2.857819   8.918108   1.401664   0.356154   3.412712 )	237.769108 -0.004602 -0.006494 0.004602 0.006494 
3193	(   2.857616   8.925826   1.401948   0.356457   3.420237 )	241.584402 0.004655 0.002454 -0.004655 -0.002454 
3194	(   2.856993   8.918992   1.402803   0.357613   3.408522 )	235.739521 -0.000002 0.000017 0.000002 -0.000017 
3195	(   2.857503   8.922792   1.401833   0.356725   3.413866 )	238.394650 -0.000002 -0.000001 0.000002 0.000001 
3196	(   2.857684   8.922958   1.401469   0.356865   3.4125   )	237.724046 0.000009 0.000038 -0.000009 -0.000038 
3197	(   2.8578     8.923773   1.401695   0.35644    3.415315 )	239.117903 0.000000 -0.000000 -0.000000 0.000000 
3198	(   2.857737   8.922725   1.402068   0.356815   3.413894 )	238.405866 0.001147 0.000508 -0.001147 -0.000508 
3199	(   2.857664   8.923683   1.401951   0.356144   3.414846 )	238.887331 -0.002865 -0.000546 0.002865 0.000546 
3200	(   2.857723   8.924969   1.401845   0.356785   3.413936 )	238.453713 0.000949 0.002357 -0.000949 -0.002357 
3201	(   2.857857   8.922355   1.401797   0.356477   3.413528 )	238.220596 -0.001399 -0.001175 0.001399 0.001175 
3202	(   2.857723   8.922769   1.401845   0.356784   3.416137 )	239.511930 0.003131 0.000154 -0.003131 -0.000154 
3203	(   2.857719   8.924142   1.401694   0.356255   3.416289 )	239.604234 -0.000520 -0.000142 0.000520 0.000142 
3204	(   2.857544   8.922074   1.401896   0.357006   3.412289 )	237.611378 0.000521 0.000142 -0.000521 -0.000142 
3205	(   2.857596   8.921598   1.401743   0.35699    3.41363  )	238.263096 0.001854 -0.000591 -0.001854 0.000591 
3206	(   2.857712   8.923051   1.401815   0.356562   3.41427  )	238.595022 -0.000343 -0.000216 0.000343 0.000216 
3207	(   2.857585   8.922303   1.40171    0.356443   3.414342 )	238.622609 -0.001385 -0.001441 0.001385 0.001441 
3208	(   2.857719   8.92337    1.401779   0.356543   3.414734 )	238.827173 0.000000 0.000000 -0.000000 -0.000000 
3209	(   2.857607   8.923969   1.401787   0.356595   3.413616 )	238.285391 -0.000970 0.000752 0.000970 -0.000752 
3210	(   2.857561   8.922014   1.401888   0.356551   3.413137 )	238.026897 -0.001861 -0.001184 0.001861 0.001184 
3211	(   2.85764    8.922793   1.401839   0.356844   3.413952 )	238.435819 0.001213 0.000335 -0.001213 -0.000335 
3212	(   2.857713   8.923517   1.401958   0.356697   3.413137 )	238.043754 -0.000500 0.000821 0.000500 -0.000821 

BBE ( SOL ) BBO
3213	(   2.857757   8.922464   1.401786   0.356594   3.413608 )	238.261938 -0.000678 -0.000757 0.000678 0.000757 
3214	(   2.85766    8.923861   1.401895   0.356652   3.413843 )	238.395324 -0.000228 0.000954 0.000228 -0.000954 
3215	(   2.857604   8.922355   1.401695   0.356608   3.414735 )	238.816412 0.000228 -0.000955 -0.000228 0.000955 
3216	(   2.85766    8.922968   1.401874   0.356623   3.414201 )	238.560340 -0.000081 -0.000050 0.000081 0.000050 
3217	(   2.856889   8.919549   1.402512   0.357558   3.409131 )	236.043087 -0.000002 0.000010 0.000002 -0.000010 
3218	(   2.857607   8.922659   1.401874   0.356577   3.414942 )	238.921949 0.000216 -0.000486 -0.000216 0.000486 
3219	(   2.857638   8.922144   1.401789   0.356691   3.413256 )	238.086181 -0.000578 -0.000804 0.000578 0.000804 
3220	(   2.857621   8.922969   1.401798   0.35668    3.413953 )	238.438845 -0.000000 0.000000 0.000000 -0.000000 
3221	(   2.857439   8.922119   1.401921   0.356926   3.412551 )	237.741369 -0.000001 0.000002 0.000001 -0.000002 
3222	(   2.857513   8.922969   1.401587   0.356787   3.413402 )	238.168461 -0.000001 0.000001 0.000001 -0.000001 
3223	(   2.857539   8.923117   1.401695   0.356697   3.413985 )	238.456745 -0.000008 0.000053 0.000008 -0.000053 
3224	(   2.857499   8.922685   1.40186    0.356749   3.41368  )	238.302024 -0.000023 -0.000005 0.000023 0.000005 
3225	(   2.857509   8.92226    1.402002   0.356833   3.413077 )	238.000703 -0.000000 0.000001 0.000000 -0.000001 
3226	(   2.857848   8.924082   1.401608   0.356372   3.415706 )	239.314075 -0.000000 -0.000000 0.000000 0.000000 
3227	(   2.857173   8.920135   1.402613   0.357294   3.410449 )	236.690963 -0.000000 0.000010 0.000000 -0.000010 
3228	(   2.857537   8.922351   1.402      0.356801   3.413255 )	238.088737 0.000000 0.000000 -0.000000 -0.000000 
3229	(   2.857622   8.922624   1.401997   0.356703   3.413787 )	238.353030 0.000000 -0.000002 -0.000000 0.000002 
3230	(   2.856998   8.921871   1.402248   0.356848   3.414013 )	238.460418 -0.000002 -0.000000 0.000002 0.000000 
3231	(   2.857631   8.921791   1.402351   0.356826   3.412879 )	237.896825 -0.000001 0.000002 0.000001 -0.000002 
3232	(   2.857486   8.922091   1.402048   0.356871   3.412852 )	237.888181 -0.000000 0.000002 0.000000 -0.000002 
3233	(   2.857758   8.923584   1.401718   0.356497   3.414992 )	238.956823 0.000000 -0.000000 -0.000000 0.000000 
3234	(   2.858037   8.922368   1.401957   0.356701   3.41298  )	237.949795 0.000028 -0.000319 -0.000028 0.000319 
3235	(   2.857009   8.92288    1.40198    0.356762   3.411678 )	237.326693 -0.002923 0.000395 0.002923 -0.000395 
3236	(   2.857408   8.922435   1.402035   0.356301   3.411883 )	237.418575 -0.005214 -0.001244 0.005214 0.001244 
3237	(   2.857418   8.922429   1.4018     0.356965   3.411986 )	237.467969 -0.000328 0.000252 0.000328 -0.000252 
3238	(   2.857529   8.921351   1.401987   0.356769   3.413169 )	238.034468 -0.000326 -0.001105 0.000326 0.001105 
3239	(   2.857437   8.922416   1.401833   0.356413   3.415255 )	239.074875 -0.000986 -0.001236 0.000986 0.001236 
3240	(   2.858009   8.92164    1.402024   0.356904   3.414476 )	238.676707 0.002924 -0.000392 -0.002924 0.000392 
3241	(   2.857536   8.922359   1.402005   0.356809   3.413268 )	238.095438 0.000069 0.000036 -0.000069 -0.000036 
3242	(   2.857492   8.922523   1.401876   0.356796   3.413381 )	238.153025 -0.000002 -0.000016 0.000002 0.000016 
3243	(   2.857419   8.922897   1.402062   0.356639   3.414154 )	238.538811 -0.000503 0.000188 0.000503 -0.000188 
3244	(   2.857518   8.922324   1.40197    0.356826   3.413113 )	238.018966 -0.000001 0.000001 0.000001 -0.000001 
3245	(   2.857729   8.923411   1.401764   0.356536   3.414765 )	238.842952 0.000001 -0.000000 -0.000001 0.000000 
3246	(   2.857737   8.922354   1.401996   0.356806   3.413284 )	238.101314 0.000475 0.000011 -0.000475 -0.000011 
3247	(   2.857518   8.922193   1.401954   0.356905   3.412077 )	237.509298 -0.000463 0.000066 0.000463 -0.000066 
3248	(   2.857529   8.922399   1.4019     0.356915   3.412499 )	237.718197 0.000047 0.000221 -0.000047 -0.000221 
3249	(   2.857538   8.922851   1.402011   0.356788   3.413186 )	238.060933 -0.000157 0.000481 0.000157 -0.000481 
3250	(   2.857546   8.922304   1.4021     0.35699    3.41263  )	237.781239 0.000750 0.000615 -0.000750 -0.000615 
3251	(   2.857524   8.922427   1.401978   0.356983   3.414255 )	238.581156 0.002277 0.000548 -0.002277 -0.000548 
3252	(   2.857501   8.922327   1.402049   0.356761   3.414077 )	238.493125 0.000463 -0.000063 -0.000463 0.000063 

BBE ( SOL ) BBO
3253	(   2.857535   8.92229    1.401999   0.356797   3.413267 )	238.094076 -0.000016 -0.000071 0.000016 0.000071 
3254	(   2.857439   8.922356   1.402014   0.356982   3.412129 )	237.537184 -0.000018 0.000525 0.000018 -0.000525 
3255	(   2.857458   8.922147   1.402076   0.356845   3.41314  )	238.030480 0.000045 0.000025 -0.000045 -0.000025 
3256	(   2.857518   8.922324   1.40197    0.356826   3.413113 )	238.019199 -0.000000 0.000001 0.000000 -0.000001 
3257	(   2.857729   8.923411   1.401764   0.356536   3.414765 )	238.842764 0.000000 -0.000000 -0.000000 0.000000 
3258	(   2.857437   8.922336   1.402004   0.3568     3.413148 )	238.036789 -0.000319 -0.000013 0.000319 0.000013 
3259	(   2.857522   8.922393   1.401969   0.356872   3.412577 )	237.756809 -0.000195 0.000195 0.000195 -0.000195 
3260	(   2.857545   8.922307   1.40195    0.356797   3.412949 )	237.938188 -0.000311 -0.000123 0.000311 0.000123 
3261	(   2.857539   8.922345   1.402002   0.356901   3.413213 )	238.068150 0.000678 0.000272 -0.000678 -0.000272 
3262	(   2.857547   8.922551   1.402012   0.356797   3.412889 )	237.911835 -0.000372 0.000206 0.000372 -0.000206 
3263	(   2.857572   8.922157   1.402043   0.356787   3.412755 )	237.840719 -0.000526 -0.000171 0.000526 0.000171 
3264	(   2.857496   8.922127   1.402034   0.356795   3.413577 )	238.244851 0.000195 -0.000192 -0.000195 0.000192 
3265	(   2.857513   8.922311   1.401967   0.356757   3.413934 )	238.422191 0.000314 -0.000208 -0.000314 0.000208 
3266	(   2.857539   8.922326   1.40197    0.356851   3.413077 )	238.001203 0.000185 0.000071 -0.000185 -0.000071 
3267	(   2.857485   8.92226    1.401992   0.356864   3.4129   )	237.913859 -0.000002 0.000073 0.000002 -0.000073 
3268	(   2.85761    8.922801   1.401876   0.3567     3.413826 )	238.374553 -0.000000 -0.000000 0.000000 0.000000 
3269	(   2.857579   8.922623   1.401919   0.356743   3.413583 )	238.252870 -0.000000 0.000000 0.000000 -0.000000 
3270	(   2.857512   8.922206   1.402009   0.356808   3.412877 )	237.901893 -0.000373 -0.000112 0.000373 0.000112 
3271	(   2.857507   8.922315   1.401995   0.356858   3.413277 )	238.099554 0.000373 0.000115 -0.000373 -0.000115 
3272	(   2.857487   8.922344   1.401999   0.35681    3.413279 )	238.100792 -0.000013 0.000016 0.000013 -0.000016 
3273	(   2.857526   8.922415   1.40201    0.35679    3.413055 )	237.991426 -0.000297 0.000049 0.000297 -0.000049 
3274	(   2.857545   8.922309   1.401994   0.356851   3.413124 )	238.023885 0.000244 0.000088 -0.000244 -0.000088 
3275	(   2.857542   8.922451   1.401997   0.356831   3.413335 )	238.129196 0.000307 0.000179 -0.000307 -0.000179 
3276	(   2.857534   8.922368   1.40198    0.356781   3.413202 )	238.062994 -0.000203 -0.000066 0.000203 0.000066 
3277	(   2.857552   8.922347   1.402003   0.356799   3.413253 )	238.087973 0.000014 -0.000006 -0.000014 0.000006 
3278	(   2.857503   8.922321   1.401997   0.35686    3.412884 )	237.906782 -0.000011 0.000130 0.000011 -0.000130 
3279	(   2.857546   8.922271   1.402003   0.356826   3.413055 )	237.989462 0.000003 -0.000005 -0.000003 0.000005 
3280	(   2.857405   8.921916   1.402      0.35696    3.412377 )	237.653773 -0.000001 0.000004 0.000001 -0.000004 
3281	(   2.857568   8.922447   1.401997   0.356767   3.413435 )	238.178026 -0.000000 -0.000001 0.000000 0.000001 
3282	(   2.857501   8.92231    1.402001   0.35683    3.413102 )	238.013786 -0.000018 0.000040 0.000018 -0.000040 
3283	(   2.857517   8.92221    1.402002   0.356837   3.413052 )	237.987621 0.000018 -0.000037 -0.000018 0.000037 
3284	(   2.857536   8.922401   1.402001   0.356798   3.41321  )	238.067430 -0.000064 0.000045 0.000064 -0.000045 
3285	(   2.857557   8.922347   1.402001   0.356799   3.413215 )	238.069014 -0.000013 -0.000009 0.000013 0.000009 
3286	(   2.857527   8.922323   1.402001   0.356789   3.413155 )	238.039392 -0.000203 -0.000058 0.000203 0.000058 
3287	(   2.857535   8.922346   1.402001   0.356821   3.413208 )	238.065841 0.000093 0.000050 -0.000093 -0.000050 
3288	(   2.857538   8.922352   1.40201    0.356801   3.413262 )	238.092145 0.000010 0.000016 -0.000010 -0.000016 
3289	(   2.857534   8.922352   1.401997   0.356801   3.413262 )	238.092328 0.000000 -0.000004 -0.000000 0.000004 
3290	(   2.857527   8.922359   1.402001   0.356792   3.413252 )	238.087370 -0.000085 -0.000015 0.000085 0.000015 
3291	(   2.857524   8.922277   1.402      0.356825   3.413068 )	237.996229 -0.000041 -0.000007 0.000041 0.000007 
3292	(   2.857526   8.922331   1.401979   0.35682    3.413135 )	238.029911 -0.000001 0.000005 0.000001 -0.000005 

BBE ( SOL ) BBO
3293	(   2.857532   8.922347   1.401993   0.356806   3.41323  )	238.076722 -0.000000 -0.000002 0.000000 0.000002 
3294	(   2.857513   8.922264   1.402001   0.356843   3.413027 )	237.976161 0.000029 0.000032 -0.000029 -0.000032 
3295	(   2.85754    8.92236    1.402005   0.356798   3.41323  )	238.076874 -0.000038 0.000009 0.000038 -0.000009 
3296	(   2.857505   8.922256   1.402002   0.356823   3.413127 )	238.025248 -0.000029 -0.000029 0.000029 0.000029 
3297	(   2.857547   8.922342   1.402002   0.356803   3.41328  )	238.101031 0.000065 0.000001 -0.000065 -0.000001 
3298	(   2.857543   8.922339   1.401998   0.356795   3.413205 )	238.063998 -0.000078 -0.000030 0.000078 0.000030 
3299	(   2.85754    8.922361   1.401999   0.356811   3.413228 )	238.075581 0.000051 0.000036 -0.000051 -0.000036 
3300	(   2.857531   8.922331   1.402003   0.356807   3.413238 )	238.080214 0.000015 0.000002 -0.000015 -0.000002 
3301	(   2.857537   8.922352   1.402      0.356801   3.413256 )	238.089499 0.000001 0.000000 -0.000001 -0.000000 
3302	(   2.857545   8.922356   1.401997   0.356801   3.413246 )	238.084689 0.000007 0.000001 -0.000007 -0.000001 
3303	(   2.857543   8.922372   1.401992   0.356796   3.413262 )	238.092575 -0.000012 -0.000003 0.000012 0.000003 
3304	(   2.857534   8.922341   1.402      0.356804   3.413244 )	238.083305 0.000008 0.000000 -0.000008 -0.000000 
3305	(   2.85754    8.922362   1.401995   0.356799   3.413256 )	238.089485 -0.000005 -0.000002 0.000005 0.000002 
3306	(   2.857538   8.922357   1.401996   0.3568     3.413253 )	238.087940 -0.000002 -0.000001 0.000002 0.000001 
3307	(   2.857526   8.922347   1.401997   0.356803   3.413256 )	238.089401 -0.000008 -0.000003 0.000008 0.000003 
3308	(   2.85754    8.922354   1.401997   0.356801   3.413249 )	238.085867 0.000004 -0.000000 -0.000004 0.000000 
3309	(   2.85754    8.922352   1.401998   0.356803   3.413235 )	238.079179 0.000001 0.000003 -0.000001 -0.000003 
3310	(   2.857534   8.922349   1.401998   0.356803   3.413243 )	238.082964 -0.000004 0.000001 0.000004 -0.000001 
3311	(   2.857539   8.922353   1.401997   0.356802   3.413247 )	238.085141 0.000002 -0.000000 -0.000002 0.000000 
3312	(   2.857533   8.922351   1.401997   0.356801   3.413261 )	238.092037 -0.000001 -0.000004 0.000001 0.000004 
3313	(   2.857539   8.922352   1.401997   0.356802   3.413242 )	238.082393 0.000001 0.000001 -0.000001 -0.000001 
3314	(   2.857535   8.922345   1.401999   0.356804   3.413239 )	238.081057 0.000003 0.000002 -0.000003 -0.000002 
3315	(   2.857538   8.922354   1.401997   0.356801   3.413249 )	238.086219 -0.000001 -0.000001 0.000001 0.000001 
3316	(   2.857534   8.922349   1.401998   0.356803   3.413246 )	238.084287 -0.000001 0.000000 0.000001 -0.000000 
3317	(   2.857532   8.922348   1.401998   0.356803   3.413245 )	238.083860 -0.000003 0.000000 0.000003 -0.000000 
3318	(   2.857542   8.922357   1.402005   0.356797   3.413269 )	238.095733 -0.000000 0.000002 0.000000 -0.000002 
3319	(   2.857534   8.922349   1.401996   0.356804   3.41324  )	238.081474 -0.000000 -0.000001 0.000000 0.000001 
3320	(   2.857535   8.922348   1.402      0.356803   3.413246 )	238.084337 0.000000 0.000001 -0.000000 -0.000001 
3321	(   2.857533   8.922348   1.402      0.356802   3.413255 )	238.088941 -0.000001 -0.000001 0.000001 0.000001 
3322	(   2.857537   8.922351   1.401998   0.356802   3.413245 )	238.084030 0.000000 0.000001 -0.000000 -0.000001 
3323	(   2.857534   8.922348   1.401996   0.356804   3.413236 )	238.079647 -0.000001 0.000000 0.000001 -0.000000 
3324	(   2.857533   8.922346   1.401994   0.356806   3.413226 )	238.074721 -0.000002 0.000000 0.000002 -0.000000 
3325	(   2.857536   8.922352   1.401995   0.356803   3.413243 )	238.082933 -0.000001 -0.000001 0.000001 0.000001 
3326	(   2.857535   8.922349   1.401999   0.356803   3.413245 )	238.083986 -0.000000 0.000001 0.000000 -0.000001 
3327	(   2.857537   8.92235    1.401998   0.356803   3.413243 )	238.082863 0.000001 0.000001 -0.000001 -0.000001 
3328	(   2.857535   8.922349   1.401998   0.356803   3.413245 )	238.083931 -0.000001 0.000000 0.000001 -0.000000 
3329	(   2.857533   8.922348   1.401997   0.356803   3.413243 )	238.083080 -0.000001 -0.000000 0.000001 0.000000 
3330	(   2.857534   8.922349   1.401996   0.356803   3.413242 )	238.082761 -0.000001 -0.000001 0.000001 0.000001 
3331	(   2.857535   8.922349   1.401998   0.356803   3.413244 )	238.083680 -0.000000 0.000000 0.000000 -0.000000 
3332	(   2.857535   8.922348   1.401997   0.356803   3.413242 )	238.082716 -0.000000 -0.000000 0.000000 0.000000 

BBE ( SOL ) BBO
3333	(   2.857535   8.922348   1.401997   0.356803   3.413241 )	238.082109 0.000000 -0.000000 -0.000000 0.000000 
3334	(   2.857534   8.922347   1.401996   0.356804   3.413238 )	238.080287 0.000001 -0.000001 -0.000001 0.000001 
3335	(   2.857534   8.92234    1.402003   0.356804   3.413242 )	238.082455 0.000002 0.000001 -0.000002 -0.000001 
3336	(   2.85753    8.922341   1.401989   0.35681    3.413202 )	238.062927 0.000001 0.000000 -0.000001 -0.000000 
3337	(   2.857531   8.922342   1.401991   0.356809   3.413211 )	238.067107 0.000000 0.000000 -0.000000 -0.000000 
3338	(   2.857519   8.922326   1.401972   0.356825   3.413119 )	238.022106 0.000001 0.000002 -0.000001 -0.000002 
3339	(   2.857517   8.92228    1.401982   0.35683    3.413065 )	237.994768 -0.000018 -0.000015 0.000018 0.000015 
3340	(   2.857546   8.922327   1.401999   0.356808   3.413195 )	238.059267 0.000012 -0.000005 -0.000012 0.000005 
3341	(   2.85756    8.922435   1.401992   0.356774   3.4134   )	238.161063 -0.000000 -0.000001 0.000000 0.000001 
3342	(   2.857522   8.922304   1.401999   0.356819   3.413158 )	238.040783 -0.000000 0.000001 0.000000 -0.000001 
3343	(   2.857541   8.92234    1.401991   0.35681    3.413208 )	238.065596 0.000026 0.000001 -0.000026 -0.000001 
3344	(   2.857504   8.922259   1.401992   0.356833   3.413065 )	237.994942 -0.000024 -0.000015 0.000024 0.000015 
3345	(   2.857514   8.922261   1.402012   0.356834   3.413089 )	238.006465 0.000024 0.000018 -0.000024 -0.000018 
3346	(   2.857529   8.922344   1.40199    0.356819   3.413186 )	238.054780 0.000044 0.000027 -0.000044 -0.000027 
3347	(   2.857531   8.92234    1.402001   0.35681    3.413208 )	238.065921 0.000005 0.000015 -0.000005 -0.000015 
3348	(   2.85753    8.922322   1.40199    0.356807   3.413187 )	238.055431 -0.000040 -0.000027 0.000040 0.000027 
3349	(   2.85753    8.922331   1.40199    0.356814   3.413261 )	238.091525 0.000086 0.000003 -0.000086 -0.000003 
3350	(   2.857531   8.922345   1.401988   0.356808   3.413213 )	238.068287 0.000001 -0.000001 -0.000001 0.000001 
3351	(   2.857538   8.922325   1.401998   0.356809   3.413203 )	238.063223 0.000008 -0.000006 -0.000008 0.000006 
3352	(   2.857513   8.922256   1.401998   0.356835   3.413095 )	238.009162 0.000038 -0.000002 -0.000038 0.000002 
3353	(   2.857552   8.922371   1.402023   0.356781   3.413364 )	238.142556 0.000000 -0.000001 -0.000000 0.000001 
3354	(   2.857526   8.922336   1.401984   0.356815   3.413176 )	238.050032 -0.000000 0.000000 0.000000 -0.000000 
3355	(   2.857512   8.922317   1.401962   0.356833   3.413072 )	237.998816 -0.000002 0.000001 0.000002 -0.000001 
3356	(   2.857508   8.922265   1.401991   0.356838   3.413057 )	237.990641 0.000010 0.000004 -0.000010 -0.000004 
3357	(   2.857527   8.92234    1.401992   0.356809   3.413217 )	238.070009 -0.000000 0.000000 0.000000 -0.000000 
3358	(   2.857526   8.922337   1.401986   0.356813   3.41319  )	238.057109 0.000000 -0.000000 -0.000000 0.000000 
3359	(   2.857523   8.922316   1.401988   0.356813   3.413163 )	238.043373 -0.000033 -0.000019 0.000033 0.000019 
3360	(   2.857499   8.922252   1.402006   0.356832   3.413059 )	237.991856 -0.000048 -0.000004 0.000048 0.000004 
3361	(   2.857522   8.92234    1.401988   0.356825   3.413161 )	238.042835 0.000049 0.000038 -0.000049 -0.000038 
3362	(   2.857519   8.922343   1.401992   0.356811   3.413226 )	238.074734 0.000009 0.000008 -0.000009 -0.000008 
3363	(   2.857519   8.922268   1.401997   0.356835   3.413095 )	238.009551 0.000048 0.000007 -0.000048 -0.000007 
3364	(   2.857519   8.922327   1.401974   0.356819   3.413209 )	238.066247 0.000053 -0.000009 -0.000053 0.000009 
3365	(   2.857516   8.922346   1.40198    0.356809   3.413136 )	238.030795 -0.000100 -0.000009 0.000100 0.000009 
3366	(   2.857528   8.922337   1.401985   0.356814   3.413168 )	238.045945 -0.000013 0.000000 0.000013 -0.000000 
3367	(   2.857505   8.922265   1.402003   0.356833   3.413074 )	237.999326 -0.000013 0.000008 0.000013 -0.000008 
3368	(   2.857516   8.922331   1.401981   0.356818   3.413159 )	238.041617 -0.000012 0.000001 0.000012 -0.000001 
3369	(   2.857523   8.922333   1.401983   0.356816   3.413172 )	238.047831 0.000000 0.000000 -0.000000 -0.000000 
3370	(   2.857518   8.922326   1.401975   0.356823   3.413136 )	238.030390 0.000000 0.000001 -0.000000 -0.000001 
3371	(   2.857515   8.922325   1.40198    0.356821   3.413158 )	238.041228 0.000001 -0.000000 -0.000001 0.000000 
3372	(   2.857509   8.922275   1.401997   0.356833   3.41306  )	237.992550 -0.000021 0.000007 0.000021 -0.000007 

BBE ( SOL ) BBO
3373	(   2.857527   8.922337   1.401985   0.356814   3.413183 )	238.053285 -0.000000 -0.000000 0.000000 0.000000 
3374	(   2.857526   8.922334   1.401979   0.356818   3.413156 )	238.040137 0.000001 0.000000 -0.000001 -0.000000 
3375	(   2.857527   8.922339   1.401989   0.356811   3.413201 )	238.062541 -0.000000 0.000000 0.000000 -0.000000 
3376	(   2.857528   8.922313   1.401983   0.356816   3.413145 )	238.034243 -0.000016 -0.000019 0.000016 0.000019 
3377	(   2.857513   8.922332   1.401983   0.356817   3.413137 )	238.030775 -0.000053 0.000000 0.000053 -0.000000 
3378	(   2.857523   8.922333   1.401973   0.356816   3.413171 )	238.047373 -0.000001 -0.000014 0.000001 0.000014 
3379	(   2.857517   8.922257   1.401992   0.356838   3.413095 )	238.009386 0.000067 -0.000004 -0.000067 0.000004 
3380	(   2.857524   8.922334   1.401983   0.356826   3.413172 )	238.048166 0.000073 0.000028 -0.000073 -0.000028 
3381	(   2.857517   8.922317   1.401983   0.356816   3.413222 )	238.072237 0.000038 -0.000015 -0.000038 0.000015 
3382	(   2.857501   8.922264   1.402012   0.356829   3.413059 )	237.992021 -0.000067 0.000007 0.000067 -0.000007 
3383	(   2.857525   8.922337   1.401983   0.356812   3.413161 )	238.042769 -0.000036 -0.000007 0.000036 0.000007 
3384	(   2.857511   8.922252   1.402004   0.356834   3.413071 )	237.997357 -0.000002 -0.000003 0.000002 0.000003 
3385	(   2.85752    8.922329   1.401983   0.356818   3.413169 )	238.046334 0.000001 0.000000 -0.000001 -0.000000 
3386	(   2.857521   8.922331   1.40198    0.356819   3.413158 )	238.041213 -0.000000 0.000000 0.000000 -0.000000 
3387	(   2.857516   8.922325   1.401974   0.356824   3.413132 )	238.028268 -0.000001 0.000000 0.000001 -0.000000 
3388	(   2.857523   8.922331   1.401978   0.356819   3.41315  )	238.037248 -0.000000 0.000000 0.000000 -0.000000 
3389	(   2.85752    8.922327   1.401972   0.356824   3.413124 )	238.024603 0.000000 0.000000 -0.000000 -0.000000 
3390	(   2.857521   8.922328   1.401975   0.356822   3.413135 )	238.029677 -0.000000 0.000000 0.000000 -0.000000 
3391	(   2.857518   8.922325   1.401973   0.356825   3.413123 )	238.024058 0.000000 0.000001 -0.000000 -0.000001 
3392	(   2.857525   8.922334   1.401982   0.356816   3.413168 )	238.045978 -0.000000 0.000000 0.000000 -0.000000 
3393	(   2.857513   8.922315   1.401956   0.356836   3.413047 )	237.986671 0.000000 0.000000 -0.000000 -0.000000 
3394	(   2.857493   8.922279   1.401907   0.356874   3.412816 )	237.872911 0.000001 -0.000000 -0.000001 0.000000 
3395	(   2.857432   8.922171   1.401759   0.356988   3.412123 )	237.531957 0.000003 -0.000001 -0.000003 0.000001 
3396	(   2.857461   8.922251   1.401944   0.356866   3.412943 )	237.934799 0.000002 0.000000 -0.000002 -0.000000 
3397	(   2.857501   8.922322   1.401966   0.356829   3.413127 )	238.026162 -0.000000 0.000000 0.000000 -0.000000 
3398	(   2.85751    8.922319   1.401959   0.356833   3.413075 )	238.000531 0.000000 0.000000 -0.000000 -0.000000 
3399	(   2.857543   8.922251   1.401907   0.356887   3.4128   )	237.864100 0.000178 0.000008 -0.000178 -0.000008 
3400	(   2.857493   8.922276   1.401857   0.356876   3.412815 )	237.871958 0.000008 -0.000070 -0.000008 0.000070 
3401	(   2.857497   8.922311   1.401906   0.356859   3.412616 )	237.775174 -0.000297 -0.000010 0.000297 0.000010 
3402	(   2.85756    8.922259   1.401937   0.356842   3.412847 )	237.887415 -0.000063 -0.000068 0.000063 0.000068 
3403	(   2.857506   8.922379   1.401905   0.356883   3.412875 )	237.903039 0.000146 0.000120 -0.000146 -0.000120 
3404	(   2.857507   8.922278   1.401905   0.356824   3.412881 )	237.904333 -0.000265 -0.000141 0.000265 0.000141 
3405	(   2.857467   8.922371   1.401975   0.356831   3.413247 )	238.085967 0.000064 0.000068 -0.000064 -0.000068 
3406	(   2.857471   8.922211   1.401922   0.356888   3.412752 )	237.840569 -0.000013 -0.000011 0.000013 0.000011 
3407	(   2.857461   8.922211   1.401912   0.356883   3.412667 )	237.798869 -0.000148 -0.000036 0.000148 0.000036 
3408	(   2.857516   8.922291   1.401979   0.356833   3.413065 )	237.995172 0.000001 0.000001 -0.000001 -0.000001 
3409	(   2.857504   8.922313   1.401954   0.356838   3.413054 )	237.989810 -0.000000 0.000000 0.000000 -0.000000 
3410	(   2.857494   8.922229   1.401909   0.35687    3.412822 )	237.875105 -0.000021 -0.000059 0.000021 0.000059 
3411	(   2.857473   8.922281   1.40191    0.356868   3.412825 )	237.877503 -0.000078 -0.000011 0.000078 0.000011 
3412	(   2.857489   8.922272   1.401925   0.356894   3.412789 )	237.859318 0.000108 0.000073 -0.000108 -0.000073 

BBE ( SOL ) BBO
3413	(   2.857501   8.922293   1.401927   0.356862   3.412872 )	237.900164 -0.000015 0.000008 0.000015 -0.000008 
3414	(   2.857491   8.922276   1.401902   0.356883   3.412916 )	237.921946 0.000161 0.000015 -0.000161 -0.000015 
3415	(   2.857512   8.922278   1.401936   0.356839   3.413022 )	237.973664 -0.000013 -0.000058 0.000013 0.000058 
3416	(   2.857515   8.922351   1.401976   0.356834   3.413073 )	237.999678 0.000014 0.000058 -0.000014 -0.000058 
3417	(   2.857492   8.922286   1.401902   0.356878   3.412803 )	237.866324 0.000008 0.000009 -0.000008 -0.000009 
3418	(   2.857494   8.922279   1.401902   0.356881   3.412789 )	237.859352 0.000022 0.000011 -0.000022 -0.000011 
3419	(   2.857509   8.922308   1.401953   0.356839   3.413022 )	237.974058 -0.000019 -0.000006 0.000019 0.000006 
3420	(   2.857499   8.92231    1.401948   0.356842   3.413037 )	237.981435 0.000000 -0.000000 -0.000000 0.000000 
3421	(   2.857488   8.922301   1.401935   0.356852   3.412988 )	237.957318 0.000001 -0.000000 -0.000001 0.000000 
3422	(   2.857455   8.922296   1.401925   0.356859   3.413004 )	237.965729 0.000001 -0.000000 -0.000001 0.000000 
3423	(   2.857471   8.922371   1.401904   0.356869   3.412894 )	237.912548 -0.000001 0.000075 0.000001 -0.000075 
3424	(   2.857499   8.922292   1.401967   0.356839   3.413055 )	237.990342 -0.000000 0.000000 0.000000 -0.000000 
3425	(   2.85749    8.922293   1.401941   0.356852   3.412983 )	237.954918 0.000000 0.000000 -0.000000 -0.000000 
3426	(   2.857474   8.922276   1.401925   0.356866   3.412912 )	237.920083 0.000000 0.000000 -0.000000 -0.000000 
3427	(   2.857428   8.922224   1.401878   0.356909   3.4127   )	237.815609 0.000000 0.000001 -0.000000 -0.000001 
3428	(   2.85729    8.92207    1.401737   0.357037   3.412063 )	237.502461 0.000001 0.000001 -0.000001 -0.000001 
3429	(   2.857426   8.922256   1.401863   0.356905   3.412729 )	237.830306 -0.000000 0.000000 0.000000 -0.000000 
3430	(   2.85742    8.92235    1.401816   0.356895   3.412817 )	237.874402 -0.000003 -0.000001 0.000003 0.000001 
3431	(   2.857392   8.922299   1.401827   0.356908   3.412782 )	237.857124 -0.000000 0.000000 0.000000 -0.000000 
3432	(   2.857506   8.922111   1.401816   0.356982   3.412014 )	237.477256 -0.000000 0.000001 0.000000 -0.000001 
3433	(   2.85742    8.92235    1.401816   0.356895   3.412817 )	237.874624 -0.000002 -0.000001 0.000002 0.000001 
3434	(   2.857747   8.921678   1.401674   0.357211   3.409869 )	236.421218 0.000000 0.000002 -0.000000 -0.000002 
3435	(   2.857389   8.922357   1.401829   0.356886   3.412945 )	237.937905 -0.000000 0.000000 0.000000 -0.000000 
3436	(   2.857702   8.923057   1.401568   0.356765   3.413177 )	238.057514 -0.000000 0.000000 0.000000 -0.000000 
3437	(   2.85737    8.922282   1.401806   0.356925   3.412704 )	237.818718 -0.000001 0.000000 0.000001 -0.000000 
3438	(   2.857466   8.922303   1.401913   0.356863   3.412953 )	237.940514 -0.000000 0.000000 0.000000 -0.000000 
3439	(   2.857474   8.922305   1.401316   0.356809   3.411958 )	237.452231 -0.001362 -0.000983 0.001362 0.000983 
3440	(   2.857706   8.922274   1.402068   0.356836   3.411967 )	237.454887 -0.000684 0.000116 0.000684 -0.000116 
3441	(   2.857498   8.922104   1.401833   0.356988   3.411014 )	236.987920 -0.000970 0.000035 0.000970 -0.000035 
3442	(   2.857477   8.923111   1.401878   0.357003   3.412021 )	237.493090 0.000100 0.001147 -0.000100 -0.001147 
3443	(   2.857706   8.922274   1.401395   0.357148   3.411967 )	237.454014 0.001549 0.000029 -0.001549 -0.000029 
3444	(   2.857289   8.922515   1.402363   0.35707    3.413217 )	238.074346 0.001386 0.001416 -0.001386 -0.001416 
3445	(   2.857563   8.921997   1.401363   0.356741   3.412241 )	237.586509 -0.001387 -0.001414 0.001387 0.001414 
3446	(   2.85721    8.921605   1.401999   0.357058   3.41274  )	237.829490 0.000663 -0.000039 -0.000663 0.000039 
3447	(   2.857483   8.922337   1.401832   0.356891   3.412713 )	237.822915 -0.000000 0.000000 0.000000 -0.000000 
3448	(   2.857653   8.922582   1.40174    0.35685    3.412665 )	237.800743 0.000000 0.000000 -0.000000 -0.000000 
3449	(   2.857747   8.921678   1.401675   0.357211   3.409869 )	236.421218 0.000000 0.000002 -0.000000 -0.000002 
3450	(   2.858164   8.923316   1.401463   0.356725   3.41252  )	237.734243 0.000001 0.000002 -0.000001 -0.000002 
3451	(   2.857782   8.922202   1.401828   0.356942   3.411734 )	237.338958 -0.000000 -0.000001 0.000000 0.000001 
3452	(   2.858168   8.921062   1.402092   0.35722    3.408942 )	235.958880 0.000000 -0.000002 -0.000000 0.000002 

BBE ( SOL ) BBO
3453	(   2.858164   8.923316   1.401463   0.356725   3.41252  )	237.734243 0.000001 0.000002 -0.000001 -0.000002 
3454	(   2.857552   8.92234    1.40181    0.356902   3.412498 )	237.716759 0.000000 0.000001 -0.000000 -0.000001 
3455	(   2.857602   8.922083   1.401936   0.35693    3.412185 )	237.559888 -0.000004 -0.000001 0.000004 0.000001 
3456	(   2.857755   8.92284    1.401633   0.356836   3.412549 )	237.746184 -0.000008 0.000070 0.000008 -0.000070 
3457	(   2.857689   8.922699   1.401689   0.356846   3.412615 )	237.777621 -0.000004 0.000035 0.000004 -0.000035 
3458	(   2.858663   8.925151   1.401213   0.356208   3.410734 )	236.878563 -0.004466 0.000068 0.004466 -0.000068 
3459	(   2.857002   8.91959    1.400828   0.357592   3.410876 )	236.892689 0.002212 -0.002227 -0.002212 0.002227 
3460	(   2.856782   8.924379   1.402661   0.3564     3.410996 )	237.014022 -0.006658 0.001850 0.006658 -0.001850 
3461	(   2.857462   8.927202   1.401417   0.357209   3.412098 )	237.579973 0.001624 0.005158 -0.001624 -0.005158 
3462	(   2.858234   8.923717   1.402408   0.357942   3.41122  )	237.101442 0.007583 0.005094 -0.007583 -0.005094 
3463	(   2.857332   8.919424   1.401638   0.35785    3.413281 )	238.066342 0.007127 -0.000542 -0.007127 0.000542 
3464	(   2.857974   8.92574    1.401842   0.35585    3.412049 )	237.535552 -0.007131 0.000549 0.007131 -0.000549 
3465	(   2.857793   8.922085   1.401831   0.356942   3.41177  )	237.354972 0.000058 -0.000113 -0.000058 0.000113 
3466	(   2.858164   8.923316   1.401463   0.356725   3.41252  )	237.734243 0.000001 0.000002 -0.000001 -0.000002 
3467	(   2.858168   8.921062   1.402092   0.35722    3.408942 )	235.958876 0.000001 -0.000002 -0.000001 0.000002 
3468	(   2.858355   8.921105   1.402661   0.35692    3.410734 )	236.832482 0.000010 0.000010 -0.000010 -0.000010 
3469	(   2.858158   8.922568   1.401761   0.356843   3.411679 )	237.313234 0.000000 -0.000001 -0.000000 0.000001 
3470	(   2.859671   8.922527   1.401826   0.356824   3.408721 )	235.856626 0.000002 -0.000005 -0.000002 0.000005 
3471	(   2.857737   8.922615   1.401749   0.356833   3.412614 )	237.775601 0.000000 0.000000 -0.000000 -0.000000 
3472	(   2.857989   8.922714   1.401777   0.356782   3.412462 )	237.700190 -0.000000 -0.000001 0.000000 0.000001 
3473	(   2.85753    8.922711   1.40165    0.356848   3.412928 )	237.932365 0.000001 -0.000000 -0.000001 0.000000 
3474	(   2.857663   8.922956   1.401815   0.356676   3.413896 )	238.410126 -0.000001 0.000000 0.000001 -0.000000 
3475	(   2.856566   8.91408    1.405789   0.357894   3.407369 )	235.125728 -0.000007 0.000119 0.000007 -0.000119 
3476	(   2.858024   8.926587   1.399809   0.356369   3.415366 )	239.174018 -0.000000 -0.000015 0.000000 0.000015 
3477	(   2.857546   8.923669   1.401894   0.357026   3.410679 )	236.842664 -0.000936 0.001790 0.000936 -0.001790 
3478	(   2.859158   8.923158   1.401465   0.356941   3.411143 )	237.049413 0.002208 0.000443 -0.002208 -0.000443 
3479	(   2.858711   8.921572   1.402261   0.356678   3.411211 )	237.068109 -0.000522 -0.000750 0.000522 0.000750 
3480	(   2.858436   8.924568   1.402012   0.35676    3.412133 )	237.557781 0.000425 0.002123 -0.000425 -0.002123 
3481	(   2.857997   8.922859   1.401615   0.356343   3.411415 )	237.189342 -0.004177 -0.001291 0.004177 0.001291 
3482	(   2.857625   8.922916   1.401352   0.356333   3.412233 )	237.593622 -0.004193 -0.001631 0.004193 0.001631 
3483	(   2.857849   8.922314   1.402146   0.357333   3.412995 )	237.957729 0.004194 0.001637 -0.004194 -0.001637 
3484	(   2.857086   8.920888   1.401984   0.356998   3.412123 )	237.519465 -0.000635 -0.000942 0.000635 0.000942 
3485	(   2.859671   8.922527   1.401826   0.356824   3.408721 )	235.856626 0.000002 -0.000005 -0.000002 0.000005 
3486	(   2.857347   8.921919   1.402033   0.356941   3.412637 )	237.781984 0.000001 0.000000 -0.000001 -0.000000 
3487	(   2.857784   8.922677   1.401702   0.356834   3.41251  )	237.724760 -0.000000 0.000000 0.000000 -0.000000 
3488	(   2.857923   8.922864   1.401562   0.356838   3.412197 )	237.572474 -0.000001 0.000001 0.000001 -0.000001 
3489	(   2.857893   8.922791   1.401659   0.356815   3.412426 )	237.684262 -0.000000 0.000000 0.000000 -0.000000 
3490	(   2.85822    8.923132   1.40153    0.356756   3.412176 )	237.562996 -0.000000 -0.000001 0.000000 0.000001 
3491	(   2.85813    8.922187   1.40198    0.356871   3.41154  )	237.241209 0.000000 -0.000000 -0.000000 0.000000 
3492	(   2.859671   8.922527   1.401826   0.356824   3.408721 )	235.856626 0.000002 -0.000004 -0.000002 0.000004 

BBE ( SOL ) BBO
3493	(   2.858046   8.921044   1.402635   0.356952   3.411125 )	237.025251 0.000002 0.000003 -0.000002 -0.000003 
3494	(   2.858095   8.923726   1.400951   0.356835   3.411864 )	237.417944 -0.000000 -0.000000 0.000000 0.000000 
3495	(   2.856738   8.922021   1.402016   0.356913   3.414085 )	238.499481 -0.000002 -0.000000 0.000002 0.000000 
3496	(   2.858202   8.923017   1.401477   0.356825   3.411717 )	237.336822 -0.000001 -0.000001 0.000001 0.000001 
3497	(   2.857791   8.922691   1.401674   0.356844   3.412428 )	237.684675 0.000000 -0.000000 -0.000000 0.000000 
3498	(   2.858253   8.921038   1.402034   0.356943   3.40954  )	236.249524 -0.001223 -0.000874 0.001223 0.000874 
3499	(   2.85913    8.926625   1.401773   0.356592   3.411194 )	237.117508 -0.000305 0.003379 0.000305 -0.003379 
3500	(   2.857281   8.923094   1.401608   0.356371   3.41092  )	236.956383 -0.005933 -0.000992 0.005933 0.000992 
3501	(   2.85798    8.923592   1.40298    0.356782   3.411431 )	237.207078 -0.001047 0.002566 0.001047 -0.002566 
3502	(   2.858106   8.927568   1.401339   0.356851   3.410018 )	236.562341 -0.001708 0.004427 0.001708 -0.004427 
3503	(   2.857596   8.927187   1.401746   0.357262   3.41115  )	237.114997 0.001326 0.005749 -0.001326 -0.005749 
3504	(   2.85821    8.917568   1.402183   0.356836   3.41334  )	238.066978 0.001709 -0.004429 -0.001709 0.004429 
3505	(   2.858202   8.922279   1.402054   0.356969   3.413285 )	238.097038 0.002589 0.000466 -0.002589 -0.000466 
3506	(   2.858046   8.921044   1.402635   0.356952   3.411125 )	237.025251 0.000002 0.000003 -0.000002 -0.000003 
3507	(   2.857513   8.922726   1.401454   0.356943   3.412282 )	237.615712 0.000000 -0.000000 -0.000000 0.000000 
3508	(   2.858264   8.923187   1.401417   0.356794   3.411814 )	237.385730 -0.000000 0.000000 0.000000 -0.000000 
3509	(   2.858167   8.923156   1.40131    0.356859   3.411543 )	237.253359 -0.000000 -0.000000 0.000000 0.000000 
3510	(   2.858198   8.920496   1.402427   0.356972   3.41054  )	236.731528 -0.000127 -0.000782 0.000127 0.000782 
3511	(   2.85763    8.922354   1.402025   0.356881   3.411439 )	237.198046 -0.001046 0.000259 0.001046 -0.000259 
3512	(   2.858198   8.923839   1.401657   0.356972   3.41054  )	236.771453 -0.000127 0.001479 0.000127 -0.001479 
3513	(   2.858161   8.922933   1.402182   0.356671   3.411088 )	237.029286 -0.001821 0.000478 0.001821 -0.000478 
3514	(   2.858302   8.921055   1.401325   0.356643   3.411445 )	237.179018 -0.001373 -0.002677 0.001373 0.002677 
3515	(   2.858013   8.924081   1.402198   0.357043   3.411913 )	237.447512 0.001373 0.002677 -0.001373 -0.002677 
3516	(   2.858206   8.924031   1.40248    0.356984   3.411965 )	237.471278 0.001394 0.002859 -0.001394 -0.002859 
3517	(   2.858123   8.921951   1.401966   0.356889   3.411688 )	237.310771 0.000265 -0.000206 -0.000265 0.000206 
3518	(   2.858159   8.921951   1.402162   0.356865   3.411648 )	237.290920 0.000129 0.000004 -0.000129 -0.000004 
3519	(   2.858037   8.922349   1.401443   0.356736   3.411719 )	237.331208 -0.000975 -0.000962 0.000975 0.000962 
3520	(   2.858174   8.923202   1.401185   0.356906   3.411191 )	237.081631 0.000001 -0.000001 -0.000001 0.000001 
3521	(   2.857963   8.922894   1.401541   0.356838   3.412117 )	237.533459 -0.000000 -0.000000 0.000000 0.000000 
3522	(   2.85793    8.922372   1.402043   0.356895   3.411496 )	237.223340 -0.000277 0.000341 0.000277 -0.000341 
3523	(   2.85808    8.923187   1.401816   0.356808   3.411655 )	237.309925 -0.000438 0.000597 0.000438 -0.000597 
3524	(   2.858209   8.922944   1.401966   0.356971   3.411358 )	237.160224 0.000697 0.001014 -0.000697 -0.001014 
3525	(   2.85819    8.922769   1.40218    0.356811   3.4114   )	237.179231 -0.000444 0.000698 0.000444 -0.000698 
3526	(   2.858112   8.922019   1.401922   0.356848   3.41104  )	236.994746 -0.000693 -0.000311 0.000693 0.000311 
3527	(   2.858183   8.923154   1.401878   0.356943   3.411643 )	237.302622 0.000735 0.001025 -0.000735 -0.001025 
3528	(   2.858132   8.921982   1.401644   0.356743   3.411714 )	237.323848 -0.000734 -0.001026 0.000734 0.001026 
3529	(   2.858068   8.921121   1.401933   0.356862   3.411693 )	237.303534 -0.000037 -0.001156 0.000037 0.001156 
3530	(   2.858051   8.921951   1.401994   0.356811   3.411496 )	237.217382 -0.000632 -0.000381 0.000632 0.000381 
3531	(   2.858042   8.922742   1.40153    0.356898   3.411512 )	237.234461 -0.000008 -0.000002 0.000008 0.000002 
3532	(   2.858122   8.922869   1.401421   0.356907   3.411292 )	237.127760 0.000001 -0.000000 -0.000001 0.000000 

BBE ( SOL ) BBO
3533	(   2.85795    8.922811   1.4016     0.356838   3.412143 )	237.545014 -0.000000 -0.000000 0.000000 0.000000 
3534	(   2.858098   8.924916   1.399746   0.357017   3.410548 )	236.787799 0.000001 0.000003 -0.000001 -0.000003 
3535	(   2.8582     8.922258   1.401827   0.356856   3.411352 )	237.149397 -0.000149 -0.000185 0.000149 0.000185 
3536	(   2.858154   8.92284    1.401451   0.356858   3.41127  )	237.116409 -0.000307 -0.000122 0.000307 0.000122 
3537	(   2.858297   8.92325    1.40128    0.356841   3.411409 )	237.187755 0.000000 -0.000000 -0.000000 0.000000 
3538	(   2.858471   8.923469   1.40112    0.356843   3.411042 )	237.009330 0.000000 -0.000001 -0.000000 0.000001 
3539	(   2.8588     8.926437   1.39918    0.356753   3.411014 )	237.027449 -0.000002 0.000010 0.000002 -0.000010 
3540	(   2.858991   8.924128   1.40064    0.356848   3.409941 )	236.474942 0.000001 -0.000000 -0.000001 0.000000 
3541	(   2.860553   8.926104   1.3992     0.356862   3.406638 )	234.879134 0.000005 0.000004 -0.000005 -0.000004 
3542	(   2.8588     8.926437   1.39918    0.356753   3.411014 )	237.027449 -0.000002 0.000009 0.000002 -0.000009 
3543	(   2.858158   8.923112   1.401493   0.356783   3.41211  )	237.530672 -0.000001 0.000000 0.000001 -0.000000 
3544	(   2.858159   8.922156   1.402404   0.356666   3.412953 )	237.933288 0.000000 0.000000 -0.000000 -0.000000 
3545	(   2.858418   8.923309   1.401235   0.356843   3.411151 )	237.061236 0.000000 0.000000 -0.000000 -0.000000 
3546	(   2.858645   8.923516   1.401081   0.356845   3.410667 )	236.825178 0.000000 -0.000001 -0.000000 0.000001 
3547	(   2.860553   8.926104   1.3992     0.356862   3.406638 )	234.879133 0.000005 0.000004 -0.000005 -0.000004 
3548	(   2.858779   8.923486   1.4011     0.356848   3.410377 )	236.682087 0.000001 0.000002 -0.000001 -0.000002 
3549	(   2.857567   8.923126   1.400988   0.357035   3.41151  )	237.241346 0.000000 -0.000001 -0.000000 0.000001 
3550	(   2.858191   8.922807   1.402346   0.35646    3.414373 )	238.639059 0.000001 0.000001 -0.000001 -0.000001 
3551	(   2.858416   8.92231    1.401938   0.356848   3.411119 )	237.034049 0.000001 0.000001 -0.000001 -0.000001 
3552	(   2.858175   8.923372   1.401198   0.356838   3.411678 )	237.321842 -0.000001 -0.000000 0.000001 0.000000 
3553	(   2.859991   8.924157   1.400615   0.356855   3.410114 )	236.551248 0.002270 0.000015 -0.002270 -0.000015 
3554	(   2.85904    8.923287   1.401368   0.356874   3.404941 )	234.038829 -0.004690 0.000251 0.004690 -0.000251 
3555	(   2.858997   8.929128   1.400728   0.35682    3.409334 )	236.239799 -0.000787 0.005048 0.000787 -0.005048 
3556	(   2.859031   8.923434   1.39964    0.356662   3.405817 )	234.462756 -0.005357 -0.002601 0.005357 0.002601 
3557	(   2.858948   8.924876   1.399993   0.357048   3.408105 )	235.589871 -0.000480 0.000391 0.000480 -0.000391 
3558	(   2.8585     8.928309   1.400799   0.356875   3.408467 )	235.812114 -0.002271 0.004479 0.002271 -0.004479 
3559	(   2.858336   8.918309   1.401671   0.35681    3.413835 )	238.317711 0.002272 -0.004479 -0.002272 0.004479 
3560	(   2.858607   8.924071   1.40065    0.356844   3.410043 )	236.527240 -0.000705 -0.000053 0.000705 0.000053 
3561	(   2.858779   8.923486   1.4011     0.356848   3.410377 )	236.682084 0.000001 0.000002 -0.000001 -0.000002 
3562	(   2.857775   8.923132   1.40138    0.356833   3.412538 )	237.743786 0.000000 -0.000000 -0.000000 0.000000 
3563	(   2.859176   8.922748   1.400321   0.356884   3.409976 )	236.473424 0.000676 -0.001726 -0.000676 0.001726 
3564	(   2.858415   8.92231    1.401937   0.356848   3.411119 )	237.034050 0.000001 0.000000 -0.000001 -0.000000 
3565	(   2.858175   8.923372   1.401198   0.356838   3.411678 )	237.321841 -0.000000 -0.000000 0.000000 0.000000 
3566	(   2.859491   8.9252     1.40099    0.356812   3.408816 )	235.935998 -0.000352 0.001465 0.000352 -0.001465 
3567	(   2.858849   8.924752   1.400844   0.356948   3.409286 )	236.164520 -0.000225 0.001184 0.000225 -0.001184 
3568	(   2.858326   8.922859   1.400735   0.356774   3.410586 )	236.780123 -0.001244 -0.001340 0.001244 0.001340 
3569	(   2.859288   8.926128   1.400215   0.35689    3.411305 )	237.162534 0.002272 0.001523 -0.002272 -0.001523 
3570	(   2.85851    8.923759   1.401735   0.356912   3.411716 )	237.342673 0.001245 0.001341 -0.001245 -0.001341 
3571	(   2.859427   8.922222   1.400942   0.35691    3.411941 )	237.425834 0.003332 -0.001311 -0.003332 0.001311 
3572	(   2.858658   8.925588   1.401117   0.3568     3.411941 )	237.473387 0.000969 0.001996 -0.000969 -0.001996 

BBE ( SOL ) BBO
3573	(   2.858986   8.924086   1.400628   0.356847   3.409892 )	236.450569 -0.000065 -0.000062 0.000065 0.000062 
3574	(   2.858719   8.923211   1.401079   0.356907   3.410377 )	236.679170 0.000306 -0.000138 -0.000306 0.000138 
3575	(   2.858793   8.924752   1.400743   0.356895   3.409972 )	236.499331 -0.000031 0.000898 0.000031 -0.000898 
3576	(   2.858211   8.922922   1.401384   0.356907   3.411115 )	237.040738 0.000001 -0.000001 -0.000001 0.000001 
3577	(   2.85825    8.923121   1.401409   0.356822   3.411639 )	237.299258 -0.000000 -0.000000 0.000000 0.000000 
3578	(   2.859191   8.924076   1.400526   0.35685    3.409906 )	236.455464 0.000394 -0.000205 -0.000394 0.000205 
3579	(   2.858872   8.923928   1.40044    0.356858   3.409807 )	236.408001 -0.000301 -0.000452 0.000301 0.000452 
3580	(   2.859      8.923128   1.400673   0.356847   3.409951 )	236.467641 0.000024 -0.000956 -0.000024 0.000956 
3581	(   2.859001   8.924144   1.400675   0.356898   3.409952 )	236.480396 0.000390 0.000202 -0.000390 -0.000202 
3582	(   2.858997   8.924138   1.400662   0.356847   3.408941 )	235.987802 -0.000987 0.000039 0.000987 -0.000039 
3583	(   2.858404   8.922761   1.401252   0.356797   3.412151 )	237.544231 0.000639 -0.000651 -0.000639 0.000651 
3584	(   2.858431   8.923857   1.401218   0.356889   3.410151 )	236.579255 -0.000638 0.000651 0.000638 -0.000651 
3585	(   2.85899    8.92414    1.400642   0.356847   3.409956 )	236.482417 0.000009 0.000013 -0.000009 -0.000013 
3586	(   2.858415   8.923304   1.401237   0.356845   3.411147 )	237.059552 0.000005 0.000002 -0.000005 -0.000002 
3587	(   2.858916   8.92414    1.400673   0.356847   3.409791 )	236.403063 -0.000307 0.000057 0.000307 -0.000057 
3588	(   2.85833    8.922637   1.401688   0.356856   3.411235 )	237.095306 0.000000 -0.000000 -0.000000 0.000000 
3589	(   2.858891   8.924121   1.400638   0.356846   3.409914 )	236.462977 -0.000240 -0.000014 0.000240 0.000014 
3590	(   2.858993   8.924628   1.400634   0.356842   3.409852 )	236.437952 -0.000122 0.000477 0.000122 -0.000477 
3591	(   2.85899    8.924156   1.40054    0.356853   3.410037 )	236.522091 0.000135 -0.000097 -0.000135 0.000097 
3592	(   2.859      8.923984   1.400609   0.356841   3.409441 )	236.229363 -0.000529 -0.000207 0.000529 0.000207 
3593	(   2.858985   8.924224   1.400661   0.356868   3.409702 )	236.359872 -0.000105 0.000180 0.000105 -0.000180 
3594	(   2.858433   8.922809   1.401176   0.356832   3.411249 )	237.102912 0.000057 -0.000611 -0.000057 0.000611 
3595	(   2.858402   8.923809   1.401294   0.356853   3.411053 )	237.019570 -0.000056 0.000611 0.000056 -0.000611 
3596	(   2.858992   8.924119   1.400643   0.356847   3.409949 )	236.478737 0.000009 -0.000007 -0.000009 0.000007 
3597	(   2.858985   8.924143   1.40061    0.356859   3.409984 )	236.496212 0.000110 0.000004 -0.000110 -0.000004 
3598	(   2.858285   8.923234   1.401262   0.356839   3.411097 )	237.035170 -0.000346 -0.000046 0.000346 0.000046 
3599	(   2.858259   8.923296   1.401156   0.356887   3.411153 )	237.063723 0.000000 -0.000001 -0.000000 0.000001 
3600	(   2.858263   8.923215   1.401351   0.356818   3.411649 )	237.305187 -0.000000 -0.000000 0.000000 0.000000 
3601	(   2.859041   8.924197   1.400601   0.356848   3.409905 )	236.457874 0.000073 0.000015 -0.000073 -0.000015 
3602	(   2.858986   8.924121   1.400637   0.356858   3.409944 )	236.476758 0.000066 0.000016 -0.000066 -0.000016 
3603	(   2.858963   8.924328   1.400625   0.356847   3.409961 )	236.487406 -0.000040 0.000177 0.000040 -0.000177 
3604	(   2.858966   8.924002   1.40059    0.356846   3.410006 )	236.505602 0.000005 -0.000200 -0.000005 0.000200 
3605	(   2.858978   8.92411    1.400633   0.356847   3.409741 )	236.377304 -0.000226 -0.000028 0.000226 0.000028 
3606	(   2.858425   8.923377   1.40119    0.356846   3.410951 )	236.964193 -0.000158 0.000016 0.000158 -0.000016 
3607	(   2.85841    8.92324    1.40128    0.356839   3.411351 )	237.158319 0.000159 -0.000015 -0.000159 0.000015 
3608	(   2.858993   8.924125   1.400643   0.356845   3.409941 )	236.475043 -0.000014 -0.000007 0.000014 0.000007 
3609	(   2.858988   8.924158   1.400625   0.356858   3.409961 )	236.485129 0.000086 0.000036 -0.000086 -0.000036 
3610	(   2.85832    8.923241   1.401299   0.356829   3.411608 )	237.285091 0.000161 -0.000015 -0.000161 0.000015 
3611	(   2.858399   8.923343   1.401217   0.356842   3.411115 )	237.044376 -0.000079 0.000008 0.000079 -0.000008 
3612	(   2.858346   8.923275   1.401272   0.356833   3.411444 )	237.204825 0.000081 -0.000007 -0.000081 0.000007 

BBE ( SOL ) BBO
3613	(   2.858386   8.923326   1.401231   0.35684    3.411197 )	237.084478 -0.000039 0.000004 0.000039 -0.000004 
3614	(   2.858981   8.924192   1.40062    0.356847   3.409942 )	236.476317 -0.000024 0.000034 0.000024 -0.000034 
3615	(   2.858971   8.924047   1.400639   0.356849   3.409939 )	236.473454 -0.000034 -0.000080 0.000034 0.000080 
3616	(   2.858994   8.924137   1.400637   0.356853   3.409941 )	236.475107 0.000042 0.000019 -0.000042 -0.000019 
3617	(   2.858976   8.924224   1.40066    0.356848   3.409939 )	236.475729 -0.000027 0.000126 0.000027 -0.000126 
3618	(   2.858991   8.924127   1.40064    0.356848   3.410041 )	236.523714 0.000100 -0.000001 -0.000100 0.000001 
3619	(   2.858416   8.923369   1.401228   0.356847   3.411051 )	237.013078 -0.000075 0.000062 0.000075 -0.000062 
3620	(   2.858419   8.923249   1.401241   0.356839   3.411251 )	237.109404 0.000075 -0.000062 -0.000075 0.000062 
3621	(   2.858993   8.924125   1.40064    0.356847   3.40993  )	236.469962 -0.000007 -0.000004 0.000007 0.000004 
3622	(   2.858978   8.924128   1.400639   0.356848   3.40996  )	236.484320 -0.000004 0.000001 0.000004 -0.000001 
3623	(   2.858414   8.923328   1.401241   0.356839   3.411089 )	237.031279 -0.000095 0.000018 0.000095 -0.000018 
3624	(   2.858371   8.923295   1.401235   0.356842   3.411333 )	237.150509 0.000082 -0.000015 -0.000082 0.000015 
3625	(   2.858382   8.923303   1.401237   0.356841   3.411272 )	237.120696 0.000038 -0.000007 -0.000038 0.000007 
3626	(   2.858993   8.924106   1.40065    0.356849   3.409914 )	236.461704 -0.000010 -0.000004 0.000010 0.000004 
3627	(   2.859001   8.924122   1.400639   0.356847   3.409944 )	236.476307 0.000023 -0.000009 -0.000023 0.000009 
3628	(   2.858993   8.924178   1.400635   0.356849   3.409915 )	236.463071 -0.000009 0.000047 0.000009 -0.000047 
3629	(   2.858993   8.924178   1.400649   0.356846   3.409915 )	236.463087 -0.000035 0.000058 0.000035 -0.000058 
3630	(   2.858992   8.92415    1.400644   0.356848   3.409991 )	236.499591 0.000057 0.000029 -0.000057 -0.000029 
3631	(   2.858421   8.923298   1.401245   0.356843   3.411132 )	237.052107 -0.000009 0.000004 0.000009 -0.000004 
3632	(   2.858414   8.92332    1.401225   0.356842   3.411169 )	237.070365 0.000009 -0.000004 -0.000009 0.000004 
3633	(   2.858981   8.924084   1.400646   0.356846   3.409962 )	236.485154 -0.000009 -0.000040 0.000009 0.000040 
3634	(   2.858421   8.9233     1.401226   0.356843   3.411135 )	237.053582 -0.000005 -0.000020 0.000005 0.000020 
3635	(   2.858993   8.92414    1.40065    0.356849   3.409949 )	236.479226 0.000021 0.000029 -0.000021 -0.000029 
3636	(   2.858453   8.923309   1.40123    0.356845   3.411022 )	236.998057 -0.000038 -0.000000 0.000038 0.000000 
3637	(   2.858436   8.923307   1.401232   0.356844   3.411084 )	237.028710 -0.000019 -0.000002 0.000019 0.000002 
3638	(   2.858991   8.924132   1.40064    0.356849   3.409926 )	236.467741 -0.000006 0.000007 0.000006 -0.000007 
3639	(   2.858991   8.924128   1.400635   0.356848   3.40994  )	236.474745 0.000000 -0.000007 -0.000000 0.000007 
3640	(   2.858996   8.924125   1.40064    0.356847   3.409921 )	236.465114 -0.000015 -0.000005 0.000015 0.000005 
3641	(   2.858991   8.924108   1.40064    0.356848   3.409939 )	236.473767 -0.000002 -0.000020 0.000002 0.000020 
3642	(   2.858986   8.924131   1.40064    0.356847   3.409929 )	236.469173 -0.000024 0.000002 0.000024 -0.000002 
3643	(   2.858415   8.923329   1.401232   0.356842   3.411147 )	237.059706 -0.000013 0.000014 0.000013 -0.000014 
3644	(   2.85842    8.923289   1.401238   0.356843   3.411154 )	237.062765 0.000013 -0.000014 -0.000013 0.000014 
3645	(   2.858992   8.924129   1.40064    0.356848   3.409959 )	236.483891 0.000026 0.000003 -0.000026 -0.000003 
3646	(   2.858991   8.92412    1.400642   0.356848   3.409926 )	236.467604 -0.000009 -0.000003 0.000009 0.000003 
3647	(   2.858412   8.923324   1.401243   0.356843   3.411163 )	237.067604 0.000003 0.000027 -0.000003 -0.000027 
3648	(   2.858419   8.923306   1.40123    0.356843   3.411142 )	237.057088 -0.000003 -0.000008 0.000003 0.000008 
3649	(   2.858992   8.924132   1.400638   0.356848   3.409938 )	236.473718 -0.000000 0.000001 0.000000 -0.000001 
3650	(   2.858995   8.924145   1.400632   0.356847   3.40993  )	236.470048 -0.000004 0.000005 0.000004 -0.000005 
3651	(   2.859001   8.924128   1.400638   0.356847   3.409921 )	236.465103 -0.000003 -0.000004 0.000003 0.000004 
3652	(   2.858416   8.923296   1.401238   0.356843   3.411144 )	237.057696 -0.000006 -0.000007 0.000006 0.000007 

BBE ( SOL ) BBO
3653	(   2.858421   8.923285   1.401249   0.356844   3.411117 )	237.044708 -0.000014 0.000000 0.000014 -0.000000 
3654	(   2.858416   8.923311   1.401231   0.356843   3.411156 )	237.063950 0.000003 -0.000003 -0.000003 0.000003 
3655	(   2.858997   8.924123   1.400635   0.356848   3.409937 )	236.473031 0.000010 -0.000012 -0.000010 0.000012 
3656	(   2.85899    8.924145   1.400633   0.356848   3.409936 )	236.473055 -0.000005 0.000007 0.000005 -0.000007 
3657	(   2.858991   8.924124   1.400635   0.356847   3.409937 )	236.473187 -0.000007 -0.000012 0.000007 0.000012 
3658	(   2.858992   8.924134   1.400638   0.356848   3.409918 )	236.463978 -0.000020 0.000003 0.000020 -0.000003 
3659	(   2.858995   8.924152   1.400638   0.356847   3.40994  )	236.475078 0.000007 0.000020 -0.000007 -0.000020 
3660	(   2.858413   8.923315   1.401237   0.356843   3.411138 )	237.055150 -0.000022 0.000009 0.000022 -0.000009 
3661	(   2.858423   8.923303   1.401233   0.356843   3.411163 )	237.067321 0.000023 -0.000009 -0.000023 0.000009 
3662	(   2.858992   8.924132   1.400638   0.356848   3.409939 )	236.474466 0.000001 0.000000 -0.000001 -0.000000 
3663	(   2.858993   8.92413    1.400639   0.356847   3.409938 )	236.473908 0.000000 -0.000001 -0.000000 0.000001 
3664	(   2.858418   8.923303   1.401234   0.356843   3.411146 )	237.059061 -0.000003 -0.000007 0.000003 0.000007 
3665	(   2.858414   8.923312   1.401222   0.356843   3.411163 )	237.067505 0.000005 -0.000014 -0.000005 0.000014 
3666	(   2.858419   8.923301   1.401239   0.356843   3.41114  )	237.055957 -0.000005 -0.000000 0.000005 0.000000 
3667	(   2.85842    8.923316   1.40123    0.356842   3.41115  )	237.061220 0.000002 -0.000000 -0.000002 0.000000 
3668	(   2.858422   8.923326   1.401226   0.356842   3.411154 )	237.062982 0.000007 0.000003 -0.000007 -0.000003 
3669	(   2.858418   8.92331    1.401237   0.356842   3.411155 )	237.063482 0.000002 0.000004 -0.000002 -0.000004 
3670	(   2.858418   8.923309   1.401235   0.356843   3.411152 )	237.061883 0.000001 0.000001 -0.000001 -0.000001 
3671	(   2.858418   8.923316   1.401234   0.356843   3.411153 )	237.062637 0.000004 0.000006 -0.000004 -0.000006 
3672	(   2.858418   8.923313   1.401234   0.356843   3.411152 )	237.061743 0.000002 0.000003 -0.000002 -0.000003 
3673	(   2.858417   8.923322   1.401227   0.356842   3.411164 )	237.068057 0.000009 0.000001 -0.000009 -0.000001 
3674	(   2.858418   8.923307   1.401236   0.356843   3.411146 )	237.058981 -0.000002 -0.000000 0.000002 0.000000 
3675	(   2.858421   8.92331    1.401237   0.356842   3.411144 )	237.058075 -0.000002 0.000004 0.000002 -0.000004 
3676	(   2.858417   8.923311   1.401232   0.356843   3.411153 )	237.062481 0.000002 -0.000001 -0.000002 0.000001 
3677	(   2.858418   8.923308   1.401233   0.356843   3.411149 )	237.060577 -0.000001 -0.000003 0.000001 0.000003 
3678	(   2.858418   8.923309   1.401234   0.356843   3.41115  )	237.060869 0.000000 -0.000002 -0.000000 0.000002 
3679	(   2.85842    8.923309   1.401235   0.356842   3.411146 )	237.059194 -0.000001 0.000001 0.000001 -0.000001 
3680	(   2.858421   8.923308   1.401237   0.356842   3.411143 )	237.057551 -0.000003 0.000002 0.000003 -0.000002 
3681	(   2.858417   8.923301   1.40124    0.356843   3.411148 )	237.059645 -0.000003 0.000000 0.000003 -0.000000 
3682	(   2.858419   8.923312   1.401232   0.356842   3.41115  )	237.060826 0.000001 -0.000000 -0.000001 0.000000 
3683	(   2.858419   8.923309   1.401236   0.356843   3.411148 )	237.059979 -0.000000 0.000002 0.000000 -0.000002 
3684	(   2.858419   8.923309   1.401235   0.356843   3.411148 )	237.060202 -0.000000 0.000001 0.000000 -0.000001 
3685	(   2.858419   8.923313   1.401233   0.356842   3.411153 )	237.062355 0.000002 0.000001 -0.000002 -0.000001 
3686	(   2.858419   8.923308   1.401235   0.356843   3.411148 )	237.059825 -0.000001 0.000000 0.000001 -0.000000 
3687	(   2.858419   8.92331    1.401234   0.356843   3.411145 )	237.058630 -0.000001 -0.000000 0.000001 0.000000 
3688	(   2.85842    8.92331    1.401233   0.356843   3.411142 )	237.057004 -0.000002 -0.000001 0.000002 0.000001 
3689	(   2.858418   8.92331    1.401233   0.356843   3.41115  )	237.061093 0.000001 -0.000000 -0.000001 0.000000 
3690	(   2.858419   8.923309   1.401235   0.356843   3.411147 )	237.059669 -0.000001 0.000000 0.000001 -0.000000 
3691	(   2.858418   8.923306   1.401237   0.356843   3.411146 )	237.058998 -0.000002 0.000001 0.000002 -0.000001 
3692	(   2.858419   8.923311   1.401234   0.356843   3.411149 )	237.060369 0.000000 0.000000 -0.000000 -0.000000 

BBE ( SOL ) BBO
3693	(   2.858419   8.92331    1.401234   0.356843   3.411147 )	237.059690 -0.000001 -0.000001 0.000001 0.000001 
3694	(   2.858419   8.923309   1.401235   0.356843   3.411148 )	237.060074 -0.000000 0.000001 0.000000 -0.000001 
3695	(   2.858419   8.923309   1.401234   0.356843   3.411148 )	237.059818 -0.000001 -0.000000 0.000001 0.000000 
3696	(   2.858419   8.923311   1.401233   0.356843   3.411148 )	237.060064 -0.000000 -0.000000 0.000000 0.000000 
3697	(   2.858419   8.923313   1.401232   0.356843   3.411148 )	237.060183 0.000000 -0.000000 -0.000000 0.000000 
3698	(   2.858419   8.923311   1.401234   0.356843   3.411148 )	237.060169 -0.000000 0.000001 0.000000 -0.000001 
3699	(   2.858419   8.92331    1.401234   0.356843   3.411148 )	237.059906 -0.000000 -0.000000 0.000000 0.000000 
3700	(   2.858418   8.923311   1.401233   0.356843   3.411149 )	237.060413 0.000000 -0.000001 -0.000000 0.000001 
3701	(   2.858419   8.92331    1.401234   0.356843   3.411148 )	237.059855 -0.000000 0.000000 0.000000 -0.000000 
3702	(   2.858418   8.92331    1.401234   0.356843   3.411152 )	237.061942 0.000001 0.000000 -0.000001 -0.000000 
3703	(   2.858419   8.92331    1.401234   0.356843   3.411147 )	237.059458 -0.000001 -0.000000 0.000001 0.000000 
3704	(   2.858419   8.92331    1.401235   0.356842   3.411147 )	237.059703 -0.000001 0.000001 0.000001 -0.000001 
3705	(   2.858419   8.923312   1.401234   0.356843   3.411143 )	237.057364 -0.000001 0.000002 0.000001 -0.000002 
3706	(   2.858993   8.924133   1.400633   0.356848   3.409931 )	236.470396 -0.000003 -0.000004 0.000003 0.000004 
3707	(   2.85842    8.923313   1.401232   0.356842   3.411146 )	237.058915 -0.000000 -0.000000 0.000000 0.000000 
3708	(   2.858422   8.923315   1.401231   0.356842   3.411143 )	237.057755 -0.000001 -0.000000 0.000001 0.000000 
3709	(   2.858425   8.923322   1.401226   0.356842   3.41114  )	237.056097 -0.000000 -0.000002 0.000000 0.000002 
3710	(   2.858425   8.923298   1.401241   0.356843   3.411134 )	237.052797 0.000001 -0.000001 -0.000001 0.000001 
3711	(   2.858994   8.924114   1.400647   0.356849   3.40993  )	236.469810 0.000004 -0.000001 -0.000004 0.000001 
3712	(   2.85842    8.923312   1.401233   0.356843   3.411146 )	237.059200 -0.000001 -0.000000 0.000001 0.000000 
3713	(   2.858419   8.923311   1.401233   0.356843   3.411148 )	237.060077 0.000000 -0.000000 -0.000000 0.000000 
3714	(   2.858997   8.924129   1.400641   0.356847   3.409927 )	236.468450 -0.000004 0.000000 0.000004 -0.000000 
3715	(   2.858989   8.924126   1.400643   0.356848   3.409918 )	236.463912 -0.000023 0.000003 0.000023 -0.000003 
3716	(   2.858995   8.924139   1.400632   0.356849   3.409931 )	236.470462 0.000006 0.000003 -0.000006 -0.000003 
3717	(   2.858993   8.924112   1.400636   0.356848   3.409943 )	236.476054 0.000008 -0.000020 -0.000008 0.000020 
3718	(   2.858991   8.924129   1.400628   0.356847   3.409927 )	236.468570 -0.000017 -0.000018 0.000017 0.000018 
3719	(   2.858415   8.923298   1.401235   0.356842   3.411134 )	237.052966 -0.000025 -0.000012 0.000025 0.000012 
3720	(   2.858425   8.923328   1.401229   0.356843   3.411158 )	237.064865 0.000024 0.000011 -0.000024 -0.000011 
3721	(   2.858994   8.924144   1.400645   0.356848   3.409954 )	236.481480 0.000021 0.000023 -0.000021 -0.000023 
3722	(   2.85842    8.923313   1.401233   0.356843   3.411144 )	237.058185 0.000000 0.000002 -0.000000 -0.000002 
3723	(   2.858992   8.924134   1.400635   0.356848   3.409931 )	236.470404 -0.000003 0.000001 0.000003 -0.000001 
3724	(   2.858419   8.923309   1.401235   0.356843   3.411147 )	237.059343 -0.000001 0.000000 0.000001 -0.000000 
3725	(   2.858419   8.923312   1.401233   0.356843   3.411148 )	237.059973 0.000000 -0.000000 -0.000000 0.000000 
3726	(   2.858994   8.924132   1.400638   0.356848   3.409939 )	236.474002 0.000004 0.000001 -0.000004 -0.000001 
3727	(   2.858992   8.924122   1.400637   0.356848   3.409936 )	236.472774 -0.000001 -0.000009 0.000001 0.000009 
3728	(   2.858992   8.924133   1.400643   0.356848   3.409934 )	236.471767 -0.000002 0.000010 0.000002 -0.000010 
3729	(   2.858992   8.924134   1.400636   0.356848   3.409942 )	236.475860 0.000008 0.000001 -0.000008 -0.000001 
3730	(   2.858992   8.92413    1.40064    0.356847   3.409948 )	236.478568 0.000009 0.000002 -0.000009 -0.000002 
3731	(   2.858421   8.923311   1.401233   0.356843   3.411145 )	237.058490 0.000003 0.000001 -0.000003 -0.000001 
3732	(   2.85842    8.923315   1.401231   0.356842   3.411147 )	237.059340 -0.000004 -0.000001 0.000004 0.000001 

BBE ( SOL ) BBO
3733	(   2.858992   8.924133   1.400637   0.356848   3.409935 )	236.472243 -0.000004 0.000001 0.000004 -0.000001 
3734	(   2.858993   8.924133   1.400638   0.356847   3.409939 )	236.474331 0.000001 0.000001 -0.000001 -0.000001 
3735	(   2.858421   8.923308   1.401233   0.356843   3.411142 )	237.056970 -0.000003 -0.000004 0.000003 0.000004 
3736	(   2.858419   8.923311   1.401233   0.356843   3.411147 )	237.059408 -0.000001 -0.000000 0.000001 0.000000 
3737	(   2.858419   8.923311   1.401233   0.356843   3.411148 )	237.059910 -0.000000 -0.000000 0.000000 0.000000 
3738	(   2.858993   8.924132   1.400638   0.356848   3.409938 )	236.473961 0.000003 0.000001 -0.000003 -0.000001 
3739	(   2.858992   8.92413    1.400639   0.356848   3.409933 )	236.471254 -0.000005 0.000000 0.000005 -0.000000 
3740	(   2.858992   8.924137   1.400636   0.356848   3.409934 )	236.472025 -0.000003 0.000004 0.000003 -0.000004 
3741	(   2.858992   8.924128   1.400637   0.356847   3.409935 )	236.472418 -0.000004 -0.000005 0.000004 0.000005 
3742	(   2.858992   8.924135   1.40064    0.356847   3.409936 )	236.472756 -0.000003 0.000006 0.000003 -0.000006 
3743	(   2.858421   8.923308   1.401233   0.356842   3.41115  )	237.060807 0.000005 -0.000004 -0.000005 0.000004 
3744	(   2.858419   8.923317   1.401232   0.356843   3.411142 )	237.057024 -0.000006 0.000004 0.000006 -0.000004 
3745	(   2.858992   8.924132   1.400638   0.356848   3.409938 )	236.473831 -0.000000 0.000001 0.000000 -0.000001 
3746	(   2.858992   8.924133   1.400638   0.356848   3.409939 )	236.474488 0.000001 0.000002 -0.000001 -0.000002 
3747	(   2.858422   8.923313   1.401234   0.356843   3.411142 )	237.056953 -0.000000 0.000003 0.000000 -0.000003 
3748	(   2.85842    8.923311   1.401234   0.356843   3.411147 )	237.059360 -0.000001 -0.000000 0.000001 0.000000 
3749	(   2.858419   8.923311   1.401233   0.356843   3.411148 )	237.059888 -0.000000 -0.000000 0.000000 0.000000 
3750	(   2.858992   8.92413    1.400638   0.356848   3.409938 )	236.473588 -0.000000 -0.000001 0.000000 0.000001 
3751	(   2.858992   8.924124   1.400639   0.356848   3.409937 )	236.473196 -0.000000 -0.000005 0.000000 0.000005 
3752	(   2.858421   8.923313   1.401232   0.356843   3.411142 )	237.056956 -0.000002 0.000000 0.000002 -0.000000 
3753	(   2.858992   8.924137   1.400637   0.356848   3.409935 )	236.472120 -0.000002 0.000005 0.000002 -0.000005 
3754	(   2.858419   8.92331    1.401234   0.356843   3.411147 )	237.059416 -0.000001 0.000000 0.000001 -0.000000 
3755	(   2.858419   8.923311   1.401233   0.356843   3.411148 )	237.059834 -0.000000 -0.000000 0.000000 0.000000 
3756	(   2.858993   8.92413    1.400638   0.356848   3.409938 )	236.473562 0.000002 -0.000001 -0.000002 0.000001 
3757	(   2.858992   8.924129   1.400638   0.356848   3.409938 )	236.473697 0.000002 -0.000001 -0.000002 0.000001 
3758	(   2.858992   8.92413    1.40064    0.356848   3.409938 )	236.473587 -0.000000 0.000002 0.000000 -0.000002 
3759	(   2.858992   8.924135   1.400638   0.356848   3.409938 )	236.473787 0.000000 0.000005 -0.000000 -0.000005 
3760	(   2.858992   8.924131   1.400638   0.356848   3.409933 )	236.471152 -0.000005 -0.000000 0.000005 0.000000 
3761	(   2.858421   8.923318   1.401231   0.356842   3.411143 )	237.057673 -0.000001 0.000002 0.000001 -0.000002 
3762	(   2.858419   8.923308   1.401234   0.356842   3.411148 )	237.060158 0.000000 -0.000003 -0.000000 0.000003 
3763	(   2.858992   8.92413    1.400638   0.356848   3.409938 )	236.473609 -0.000000 -0.000001 0.000000 0.000001 
3764	(   2.858421   8.923307   1.401233   0.356842   3.411144 )	237.057817 -0.000002 -0.000005 0.000002 0.000005 
3765	(   2.858991   8.924133   1.40064    0.356848   3.409935 )	236.472434 -0.000005 0.000005 0.000005 -0.000005 
3766	(   2.858419   8.923311   1.401234   0.356843   3.411147 )	237.059449 -0.000001 -0.000000 0.000001 0.000000 
3767	(   2.858419   8.923311   1.401233   0.356843   3.411148 )	237.059795 -0.000000 -0.000000 0.000000 0.000000 
3768	(   2.858992   8.924129   1.400639   0.356848   3.409938 )	236.473489 -0.000001 -0.000000 0.000001 0.000000 
3769	(   2.858991   8.924126   1.400642   0.356848   3.409937 )	236.473194 -0.000002 0.000001 0.000002 -0.000001 
3770	(   2.858991   8.92413    1.400643   0.356847   3.409935 )	236.472479 -0.000006 0.000005 0.000006 -0.000005 
3771	(   2.858422   8.923307   1.401231   0.356843   3.411142 )	237.056894 -0.000001 -0.000008 0.000001 0.000008 
3772	(   2.85842    8.923313   1.401233   0.356842   3.411147 )	237.059409 -0.000000 -0.000000 0.000000 0.000000 

BBE ( SOL ) BBO
3773	(   2.858991   8.924129   1.40064    0.356848   3.409937 )	236.473322 -0.000003 0.000001 0.000003 -0.000001 
3774	(   2.858992   8.924124   1.400639   0.356848   3.409938 )	236.473433 -0.000001 -0.000005 0.000001 0.000005 
3775	(   2.858992   8.924129   1.400639   0.356847   3.409938 )	236.473477 -0.000003 -0.000001 0.000003 0.000001 
3776	(   2.858992   8.924129   1.400641   0.356848   3.409938 )	236.473515 -0.000000 0.000003 0.000000 -0.000003 
3777	(   2.858992   8.924129   1.400639   0.356848   3.40994  )	236.474466 0.000001 -0.000000 -0.000001 0.000000 
3778	(   2.85842    8.923308   1.401232   0.356842   3.411145 )	237.058590 -0.000002 -0.000006 0.000002 0.000006 
3779	(   2.858421   8.923318   1.401233   0.356842   3.411146 )	237.059241 0.000001 0.000006 -0.000001 -0.000006 
3780	(   2.858992   8.924131   1.400637   0.356848   3.409936 )	236.472511 -0.000002 -0.000001 0.000002 0.000001 
3781	(   2.85842    8.923311   1.401234   0.356842   3.411146 )	237.058893 -0.000000 -0.000000 0.000000 0.000000 
3782	(   2.85842    8.923305   1.401238   0.356842   3.411146 )	237.058827 -0.000000 -0.000000 0.000000 0.000000 
3783	(   2.85842    8.923288   1.40125    0.356842   3.411146 )	237.058627 -0.000000 -0.000001 0.000000 0.000001 
3784	(   2.858421   8.923311   1.401234   0.356842   3.411145 )	237.058268 -0.000001 0.000000 0.000001 -0.000000 
3785	(   2.858992   8.924132   1.400641   0.356847   3.409936 )	236.472902 -0.000003 0.000005 0.000003 -0.000005 
3786	(   2.858421   8.92331    1.401235   0.356842   3.411145 )	237.058502 -0.000001 -0.000000 0.000001 0.000000 
3787	(   2.85842    8.923311   1.401234   0.356843   3.411147 )	237.059501 -0.000000 -0.000000 0.000000 0.000000 
3788	(   2.858992   8.924125   1.400641   0.356848   3.409938 )	236.473455 0.000001 -0.000001 -0.000001 0.000001 
3789	(   2.858992   8.924129   1.400639   0.356848   3.409937 )	236.473000 -0.000002 -0.000000 0.000002 0.000000 
3790	(   2.858992   8.924119   1.400638   0.356848   3.409938 )	236.473357 -0.000001 -0.000012 0.000001 0.000012 
3791	(   2.858992   8.924127   1.400634   0.356848   3.409938 )	236.473470 -0.000001 -0.000009 0.000001 0.000009 
3792	(   2.858992   8.924136   1.400636   0.356848   3.409937 )	236.473537 0.000000 0.000002 -0.000000 -0.000002 
3793	(   2.858421   8.923313   1.401238   0.356842   3.411145 )	237.058592 0.000000 0.000007 -0.000000 -0.000007 
3794	(   2.85842    8.923298   1.401238   0.356842   3.411146 )	237.059062 -0.000001 -0.000008 0.000001 0.000008 
3795	(   2.858992   8.92413    1.400639   0.356848   3.409938 )	236.473935 0.000000 0.000000 -0.000000 -0.000000 
3796	(   2.858992   8.92413    1.400639   0.356848   3.409941 )	236.475271 0.000003 0.000001 -0.000003 -0.000001 
3797	(   2.858991   8.924126   1.40064    0.356848   3.409938 )	236.473467 -0.000001 -0.000001 0.000001 0.000001 
3798	(   2.858992   8.924125   1.400642   0.356848   3.409935 )	236.471973 -0.000001 -0.000000 0.000001 0.000000 
3799	(   2.858994   8.924111   1.40065    0.356848   3.409923 )	236.466089 -0.000006 -0.000001 0.000006 0.000001 
3800	(   2.858994   8.92412    1.400643   0.356848   3.40993  )	236.469899 -0.000001 -0.000003 0.000001 0.000003 
3801	(   2.858993   8.924124   1.400643   0.356848   3.409936 )	236.472786 -0.000001 0.000000 0.000001 -0.000000 
3802	(   2.858992   8.924125   1.400642   0.356848   3.409936 )	236.472700 -0.000001 0.000000 0.000001 -0.000000 
3803	(   2.858993   8.924123   1.400639   0.356848   3.409939 )	236.473978 0.000003 -0.000007 -0.000003 0.000007 
3804	(   2.858992   8.924123   1.400639   0.356848   3.409933 )	236.471420 -0.000005 -0.000007 0.000005 0.000007 
3805	(   2.858992   8.924105   1.400637   0.356848   3.409934 )	236.471543 -0.000003 -0.000027 0.000003 0.000027 
3806	(   2.858992   8.92415    1.400642   0.356848   3.409937 )	236.473271 -0.000002 0.000024 0.000002 -0.000024 
3807	(   2.858992   8.924125   1.400649   0.356848   3.409939 )	236.473978 0.000000 0.000010 -0.000000 -0.000010 
3808	(   2.858992   8.924137   1.40064    0.356848   3.409938 )	236.473873 0.000001 0.000009 -0.000001 -0.000009 
3809	(   2.858993   8.924145   1.400647   0.356848   3.409935 )	236.472403 0.000000 0.000027 -0.000000 -0.000027 
3810	(   2.858992   8.92413    1.400639   0.356848   3.409939 )	236.474125 0.000000 0.000000 -0.000000 -0.000000 
3811	(   2.858993   8.924105   1.400647   0.356848   3.409934 )	236.471708 0.000000 -0.000012 -0.000000 0.000012 
3812	(   2.858993   8.924121   1.400644   0.356848   3.409935 )	236.471929 -0.000001 -0.000001 0.000001 0.000001 

BBE ( SOL ) BBO
3813	(   2.858992   8.924124   1.400643   0.356848   3.409936 )	236.472718 -0.000000 0.000001 0.000000 -0.000001 
3814	(   2.858992   8.92413    1.400637   0.356848   3.409936 )	236.472960 -0.000001 -0.000003 0.000001 0.000003 
3815	(   2.858991   8.924128   1.400642   0.356848   3.409937 )	236.473304 -0.000003 0.000003 0.000003 -0.000003 
3816	(   2.858992   8.924129   1.400642   0.356848   3.409938 )	236.473769 0.000000 0.000004 -0.000000 -0.000004 
3817	(   2.858992   8.924122   1.400643   0.356848   3.409933 )	236.470964 -0.000004 -0.000001 0.000004 0.000001 
3818	(   2.858992   8.924128   1.400641   0.356848   3.409937 )	236.472983 0.000001 0.000001 -0.000001 -0.000001 
3819	(   2.858992   8.924129   1.400644   0.356848   3.409938 )	236.473622 0.000000 0.000007 -0.000000 -0.000007 
3820	(   2.858992   8.92412    1.400639   0.356848   3.409939 )	236.473838 0.000000 -0.000010 -0.000000 0.000010 
3821	(   2.858992   8.92413    1.400639   0.356848   3.409939 )	236.473959 0.000000 0.000000 -0.000000 -0.000000 
3822	(   2.858992   8.924121   1.400641   0.356848   3.409936 )	236.472820 0.000001 -0.000005 -0.000001 0.000005 
3823	(   2.858992   8.924131   1.40064    0.356848   3.409936 )	236.472984 -0.000001 0.000004 0.000001 -0.000004 
3824	(   2.858991   8.924131   1.400638   0.356848   3.409938 )	236.473958 -0.000000 -0.000000 0.000000 0.000000 
3825	(   2.858992   8.924131   1.400639   0.356848   3.409938 )	236.473864 -0.000000 0.000001 0.000000 -0.000001 
3826	(   2.858992   8.924128   1.40064    0.356848   3.409937 )	236.473429 -0.000001 -0.000001 0.000001 0.000001 
3827	(   2.858992   8.924125   1.400644   0.356848   3.409934 )	236.471489 -0.000003 0.000002 0.000003 -0.000002 
3828	(   2.858992   8.924125   1.40064    0.356848   3.409936 )	236.472458 0.000000 -0.000002 -0.000000 0.000002 
3829	(   2.858992   8.924125   1.400638   0.356848   3.409938 )	236.473685 0.000000 -0.000006 -0.000000 0.000006 
3830	(   2.858992   8.924131   1.400641   0.356848   3.409938 )	236.473853 0.000000 0.000005 -0.000000 -0.000005 
3831	(   2.858992   8.924125   1.40064    0.356848   3.409939 )	236.474210 0.000000 -0.000003 -0.000000 0.000003 
3832	(   2.858992   8.92413    1.400639   0.356848   3.409938 )	236.473934 0.000000 0.000000 -0.000000 -0.000000 
3833	(   2.858992   8.92413    1.400639   0.356848   3.409938 )	236.473933 0.000000 0.000001 -0.000000 -0.000001 
3834	(   2.858992   8.924128   1.400641   0.356848   3.409935 )	236.472367 -0.000001 0.000001 0.000001 -0.000001 
3835	(   2.858992   8.92413    1.400639   0.356848   3.409936 )	236.472971 -0.000002 0.000001 0.000002 -0.000001 
3836	(   2.858991   8.924135   1.400635   0.356847   3.409943 )	236.475991 0.000002 0.000000 -0.000002 -0.000000 
3837	(   2.858992   8.924127   1.40064    0.356848   3.409937 )	236.472978 -0.000001 0.000000 0.000001 -0.000000 
3838	(   2.858992   8.92413    1.400639   0.356848   3.409937 )	236.473447 -0.000001 0.000000 0.000001 -0.000000 
3839	(   2.858992   8.924129   1.400637   0.356848   3.409938 )	236.473899 0.000000 -0.000004 -0.000000 0.000004 
3840	(   2.858992   8.924129   1.40064    0.356848   3.409938 )	236.473911 0.000000 0.000001 -0.000000 -0.000001 
3841	(   2.858992   8.92413    1.400639   0.356848   3.409938 )	236.473931 0.000001 0.000000 -0.000001 -0.000000 
3842	(   2.858992   8.924127   1.400643   0.356848   3.409936 )	236.472493 -0.000000 0.000004 0.000000 -0.000004 
3843	(   2.858992   8.924122   1.400641   0.356848   3.409934 )	236.471453 -0.000002 -0.000004 0.000002 0.000004 
3844	(   2.858992   8.924125   1.400639   0.356848   3.409938 )	236.473877 0.000000 -0.000004 -0.000000 0.000004 
3845	(   2.858992   8.92413    1.400639   0.356848   3.409938 )	236.473940 0.000000 0.000000 -0.000000 -0.000000 
3846	(   2.858992   8.92413    1.40064    0.356848   3.409938 )	236.473618 -0.000000 0.000002 0.000000 -0.000002 
3847	(   2.858992   8.924125   1.400644   0.356848   3.409936 )	236.472460 -0.000000 0.000002 0.000000 -0.000002 
3848	(   2.858992   8.92413    1.400639   0.356848   3.409938 )	236.473766 -0.000000 0.000000 0.000000 -0.000000 
3849	(   2.858992   8.92413    1.400639   0.356848   3.409938 )	236.473587 -0.000001 0.000000 0.000001 -0.000000 
3850	(   2.858991   8.924131   1.400638   0.356848   3.409937 )	236.473262 -0.000002 -0.000000 0.000002 0.000000 
3851	(   2.858992   8.924125   1.400642   0.356848   3.409936 )	236.472903 -0.000001 -0.000001 0.000001 0.000001 
3852	(   2.858992   8.924121   1.400641   0.356848   3.409935 )	236.472025 -0.000002 -0.000005 0.000002 0.000005 

BBE ( SOL ) BBO
3853	(   2.858992   8.924131   1.400638   0.356848   3.409938 )	236.473854 -0.000000 0.000000 0.000000 -0.000000 
3854	(   2.858992   8.924125   1.400642   0.356848   3.409935 )	236.472176 -0.000000 0.000001 0.000000 -0.000001 
3855	(   2.858992   8.92413    1.400638   0.356848   3.409937 )	236.473275 -0.000001 -0.000001 0.000001 0.000001 
3856	(   2.858992   8.92413    1.400638   0.356848   3.409937 )	236.473392 -0.000001 -0.000001 0.000001 0.000001 
3857	(   2.858992   8.924125   1.400641   0.356848   3.409934 )	236.471770 -0.000002 -0.000001 0.000002 0.000001 
3858	(   2.858992   8.92413    1.400641   0.356848   3.409938 )	236.473610 -0.000001 0.000003 0.000001 -0.000003 
3859	(   2.858992   8.924125   1.400639   0.356848   3.409938 )	236.473723 -0.000000 -0.000005 0.000000 0.000005 
3860	(   2.858991   8.92413    1.400638   0.356848   3.409938 )	236.473849 -0.000001 -0.000001 0.000001 0.000001 
3861	(   2.858992   8.924131   1.400639   0.356848   3.409938 )	236.473761 -0.000000 0.000001 0.000000 -0.000001 
3862	(   2.858992   8.924128   1.400641   0.356848   3.409937 )	236.473254 -0.000001 0.000001 0.000001 -0.000001 
3863	(   2.858992   8.924123   1.400642   0.356848   3.409934 )	236.471852 -0.000001 -0.000002 0.000001 0.000002 
3864	(   2.858992   8.924129   1.40064    0.356848   3.409938 )	236.473814 0.000000 0.000001 -0.000000 -0.000001 
3865	(   2.858992   8.924131   1.400638   0.356848   3.409938 )	236.473922 -0.000000 0.000000 0.000000 -0.000000 
3866	(   2.858992   8.92413    1.400639   0.356848   3.409938 )	236.473515 -0.000001 0.000000 0.000001 -0.000000 
3867	(   2.858992   8.92413    1.400638   0.356848   3.409938 )	236.473515 -0.000001 -0.000002 0.000001 0.000002 
3868	(   2.858992   8.92413    1.400639   0.356848   3.409938 )	236.473727 -0.000000 0.000000 0.000000 -0.000000 
3869	(   2.858992   8.92413    1.400639   0.356848   3.409938 )	236.473610 -0.000000 0.000001 0.000000 -0.000001 
3870	(   2.858992   8.924125   1.400642   0.356848   3.409934 )	236.471925 -0.000001 -0.000000 0.000001 0.000000 
3871	(   2.858993   8.924124   1.400641   0.356848   3.409934 )	236.471782 0.000001 -0.000002 -0.000001 0.000002 
3872	(   2.858992   8.924124   1.400642   0.356848   3.409936 )	236.472895 0.000000 -0.000001 -0.000000 0.000001 
3873	(   2.858992   8.924121   1.400642   0.356848   3.409933 )	236.470955 -0.000004 -0.000004 0.000004 0.000004 
3874	(   2.858992   8.924131   1.400638   0.356848   3.409938 )	236.473747 -0.000001 0.000000 0.000001 -0.000000 
3875	(   2.858992   8.92413    1.400639   0.356848   3.409938 )	236.473888 -0.000000 0.000000 0.000000 -0.000000 
3876	(   2.858992   8.924131   1.400638   0.356848   3.409938 )	236.473729 -0.000001 0.000000 0.000001 -0.000000 
3877	(   2.858992   8.92413    1.400639   0.356848   3.409938 )	236.473883 -0.000000 0.000000 0.000000 -0.000000 
3878	(   2.858992   8.92413    1.400639   0.356848   3.409938 )	236.473725 -0.000000 0.000000 0.000000 -0.000000 
3879	(   2.858992   8.924129   1.40064    0.356848   3.409938 )	236.473627 -0.000000 0.000001 0.000000 -0.000001 
3880	(   2.858992   8.92413    1.400639   0.356848   3.409938 )	236.473695 -0.000000 0.000000 0.000000 -0.000000 
3881	(   2.858992   8.92413    1.400639   0.356848   3.409938 )	236.473598 -0.000001 0.000000 0.000001 -0.000000 
3882	(   2.858992   8.92413    1.400639   0.356848   3.409938 )	236.473624 -0.000001 0.000000 0.000001 -0.000000 
3883	(   2.858992   8.92413    1.400639   0.356848   3.409938 )	236.473818 -0.000000 0.000000 0.000000 -0.000000 
3884	(   2.858992   8.924129   1.400639   0.356848   3.409938 )	236.473638 -0.000000 0.000000 0.000000 -0.000000 
3885	(   2.858992   8.924129   1.40064    0.356848   3.409938 )	236.473530 -0.000000 0.000001 0.000000 -0.000001 
3886	(   2.858992   8.92413    1.400639   0.356848   3.409938 )	236.473602 -0.000001 0.000000 0.000001 -0.000000 
3887	(   2.858992   8.92413    1.400639   0.356848   3.409938 )	236.473764 -0.000000 0.000000 0.000000 -0.000000 
3888	(   2.858992   8.924127   1.400641   0.356848   3.409938 )	236.473469 0.000000 0.000001 -0.000000 -0.000001 
3889	(   2.858992   8.924119   1.400646   0.356848   3.409936 )	236.472633 -0.000000 0.000000 0.000000 -0.000000 
3890	(   2.858993   8.924089   1.400666   0.356848   3.409931 )	236.469617 -0.000000 -0.000001 0.000000 0.000001 
3891	(   2.858995   8.923997   1.400727   0.35685    3.409914 )	236.460568 -0.000001 -0.000003 0.000001 0.000003 
3892	(   2.858994   8.924111   1.400651   0.356849   3.409927 )	236.468340 -0.000000 0.000000 0.000000 -0.000000 

BBE ( SOL ) BBO
3893	(   2.858998   8.924084   1.400666   0.356851   3.409902 )	236.455464 -0.000001 0.000001 0.000001 -0.000001 
3894	(   2.858994   8.924071   1.400681   0.356847   3.409939 )	236.473285 0.000003 -0.000001 -0.000003 0.000001 
3895	(   2.859001   8.924093   1.400667   0.356848   3.409914 )	236.461491 -0.000002 0.000004 0.000002 -0.000004 
3896	(   2.858993   8.924118   1.400647   0.356848   3.409933 )	236.471085 -0.000000 0.000000 0.000000 -0.000000 
3897	(   2.858993   8.924125   1.400651   0.356849   3.409917 )	236.463641 -0.000011 0.000015 0.000011 -0.000015 
3898	(   2.858993   8.924067   1.400666   0.356849   3.409922 )	236.465093 -0.000001 -0.000019 0.000001 0.000019 
3899	(   2.858999   8.924146   1.400651   0.356849   3.409928 )	236.468860 0.000010 0.000036 -0.000010 -0.000036 
3900	(   2.858995   8.924011   1.400649   0.356848   3.409926 )	236.466313 -0.000001 -0.000103 0.000001 0.000103 
3901	(   2.858994   8.924078   1.400651   0.35685    3.409927 )	236.467828 0.000007 -0.000029 -0.000007 0.000029 
3902	(   2.858994   8.924107   1.400701   0.356849   3.409927 )	236.468326 -0.000001 0.000067 0.000001 -0.000067 
3903	(   2.858992   8.92411    1.400666   0.356847   3.409939 )	236.474140 0.000000 0.000018 -0.000000 -0.000018 
3904	(   2.858994   8.924108   1.400649   0.356849   3.40993  )	236.469720 0.000002 -0.000005 -0.000002 0.000005 
3905	(   2.858993   8.924082   1.400672   0.356849   3.409929 )	236.468918 -0.000001 0.000001 0.000001 -0.000001 
3906	(   2.858992   8.924138   1.400632   0.356848   3.409936 )	236.472785 0.000000 0.000000 -0.000000 -0.000000 
3907	(   2.858993   8.924116   1.400648   0.356848   3.40993  )	236.469698 -0.000000 0.000000 0.000000 -0.000000 
3908	(   2.858993   8.924135   1.400666   0.356849   3.409922 )	236.466220 -0.000006 0.000046 0.000006 -0.000046 
3909	(   2.858995   8.924131   1.400631   0.356849   3.409923 )	236.466553 -0.000000 -0.000007 0.000000 0.000007 
3910	(   2.858994   8.924061   1.400657   0.356849   3.409925 )	236.466757 -0.000000 -0.000041 0.000000 0.000041 
3911	(   2.858993   8.924107   1.400649   0.356849   3.409928 )	236.468629 0.000003 -0.000004 -0.000003 0.000004 
3912	(   2.858992   8.924087   1.400637   0.356849   3.409925 )	236.466948 -0.000008 -0.000043 0.000008 0.000043 
3913	(   2.858993   8.924139   1.400663   0.356848   3.409928 )	236.469134 -0.000004 0.000044 0.000004 -0.000044 
3914	(   2.858993   8.924039   1.40067    0.356849   3.409933 )	236.470099 0.000003 -0.000045 -0.000003 0.000045 
3915	(   2.858994   8.92412    1.400675   0.356848   3.409932 )	236.470480 0.000004 0.000043 -0.000004 -0.000043 
3916	(   2.858993   8.924084   1.400669   0.356849   3.40993  )	236.469139 0.000000 -0.000001 -0.000000 0.000001 
3917	(   2.858993   8.92407    1.400677   0.356849   3.409927 )	236.467705 0.000003 -0.000002 -0.000003 0.000002 
3918	(   2.858994   8.924074   1.400676   0.356849   3.409924 )	236.466381 -0.000000 0.000000 0.000000 -0.000000 
3919	(   2.858994   8.923965   1.400751   0.35685    3.409915 )	236.460504 -0.000000 -0.000001 0.000000 0.000001 
3920	(   2.858995   8.923639   1.400975   0.356854   3.409886 )	236.442873 -0.000000 -0.000003 0.000000 0.000003 
3921	(   2.858993   8.924075   1.400675   0.356849   3.409925 )	236.466625 -0.000000 0.000000 0.000000 -0.000000 
3922	(   2.858993   8.923973   1.400746   0.35685    3.40992  )	236.463153 -0.000001 -0.000000 0.000001 0.000000 
3923	(   2.858995   8.924078   1.400673   0.356849   3.40992  )	236.464219 -0.000000 0.000000 0.000000 -0.000000 
3924	(   2.858996   8.924057   1.400686   0.35685    3.409912 )	236.460013 -0.000000 0.000000 0.000000 -0.000000 
3925	(   2.859      8.923995   1.400726   0.356853   3.409887 )	236.447393 -0.000000 0.000001 0.000000 -0.000001 
3926	(   2.859011   8.923809   1.400846   0.356859   3.409814 )	236.409539 -0.000000 0.000002 0.000000 -0.000002 
3927	(   2.859008   8.923755   1.400883   0.356859   3.409819 )	236.411006 -0.000001 0.000000 0.000001 -0.000000 
3928	(   2.859046   8.922849   1.401476   0.356887   3.409539 )	236.264041 -0.000001 0.000001 0.000001 -0.000001 
3929	(   2.859046   8.923639   1.400898   0.356887   3.409539 )	236.273168 -0.000005 -0.000020 0.000005 0.000020 
3930	(   2.858984   8.923744   1.400889   0.35686    3.40986  )	236.431113 -0.000003 0.000000 0.000003 -0.000000 
3931	(   2.858995   8.924042   1.400697   0.35685    3.409913 )	236.460534 -0.000001 0.000001 0.000001 -0.000001 
3932	(   2.858994   8.924097   1.40066    0.356849   3.409926 )	236.467407 -0.000000 0.000000 0.000000 -0.000000 

BBE ( SOL ) BBO
3933	(   2.858988   8.9222     1.400724   0.356842   3.409712 )	236.340075 -0.000271 -0.001825 0.000271 0.001825 
3934	(   2.859006   8.924354   1.400425   0.356839   3.40973  )	236.374499 -0.000239 -0.000097 0.000239 0.000097 
3935	(   2.858946   8.92596    1.40071    0.356845   3.409785 )	236.421985 -0.000263 0.001924 0.000263 -0.001924 
3936	(   2.858981   8.923717   1.400693   0.35687    3.409875 )	236.438141 0.000077 -0.000275 -0.000077 0.000275 
3937	(   2.859046   8.925229   1.400662   0.356855   3.409752 )	236.396146 -0.000022 0.001152 0.000022 -0.001152 
3938	(   2.859011   8.923156   1.401341   0.356879   3.409908 )	236.447522 0.000238 0.000098 -0.000238 -0.000098 
3939	(   2.858994   8.924026   1.399686   0.35685    3.409908 )	236.457228 -0.000007 -0.001429 0.000007 0.001429 
3940	(   2.858992   8.923962   1.400697   0.356848   3.409935 )	236.470191 0.000001 -0.000085 -0.000001 0.000085 
3941	(   2.859046   8.922849   1.401476   0.356887   3.409539 )	236.264041 -0.000001 0.000001 0.000001 -0.000001 
3942	(   2.859003   8.923817   1.400841   0.356859   3.409837 )	236.420820 0.000000 0.000000 -0.000000 -0.000000 
3943	(   2.858987   8.924002   1.400714   0.356856   3.409893 )	236.450262 0.000003 -0.000000 -0.000003 0.000000 
3944	(   2.858976   8.923738   1.400861   0.356878   3.409755 )	236.379925 0.000001 0.000001 -0.000001 -0.000001 
3945	(   2.859046   8.923741   1.400871   0.35687    3.409662 )	236.334131 -0.000003 -0.000001 0.000003 0.000001 
3946	(   2.858998   8.923943   1.400761   0.356854   3.409881 )	236.443816 -0.000000 0.000000 0.000000 -0.000000 
3947	(   2.859053   8.923265   1.400843   0.356857   3.4097   )	236.346678 -0.000048 -0.000554 0.000048 0.000554 
3948	(   2.858978   8.92424    1.400844   0.356856   3.409637 )	236.328662 -0.000269 0.000420 0.000269 -0.000420 
3949	(   2.858996   8.923583   1.400842   0.356869   3.409779 )	236.389557 -0.000001 -0.000205 0.000001 0.000205 
3950	(   2.858994   8.922755   1.401073   0.356857   3.409636 )	236.310052 -0.000231 -0.000741 0.000231 0.000741 
3951	(   2.859003   8.923812   1.400341   0.356859   3.409836 )	236.419770 -0.000001 -0.000705 0.000001 0.000705 
3952	(   2.858972   8.922817   1.400845   0.356855   3.409833 )	236.407035 -0.000091 -0.001004 0.000091 0.001004 
3953	(   2.859023   8.924755   1.400694   0.356862   3.410001 )	236.511997 0.000230 0.000742 -0.000230 -0.000742 
3954	(   2.859004   8.923856   1.400886   0.356858   3.409848 )	236.426748 0.000006 0.000100 -0.000006 -0.000100 
3955	(   2.859018   8.92377    1.400868   0.356857   3.409821 )	236.412003 0.000002 -0.000013 -0.000002 0.000013 
3956	(   2.858983   8.923765   1.400861   0.356869   3.409804 )	236.404130 -0.000001 0.000003 0.000001 -0.000003 
3957	(   2.859001   8.923913   1.400779   0.356855   3.409865 )	236.435474 -0.000000 0.000000 0.000000 -0.000000 
3958	(   2.859004   8.923317   1.400847   0.356859   3.409838 )	236.414906 0.000003 -0.000491 -0.000003 0.000491 
3959	(   2.858986   8.923798   1.400641   0.356862   3.409827 )	236.415750 -0.000021 -0.000290 0.000021 0.000290 
3960	(   2.859002   8.923815   1.400825   0.356858   3.409937 )	236.469568 0.000094 -0.000025 -0.000094 0.000025 
3961	(   2.85902    8.923513   1.401083   0.356857   3.409855 )	236.425985 0.000041 0.000032 -0.000041 -0.000032 
3962	(   2.858997   8.923997   1.400683   0.356862   3.409782 )	236.396029 -0.000043 -0.000031 0.000043 0.000031 
3963	(   2.858992   8.923836   1.401041   0.356863   3.409847 )	236.426119 0.000017 0.000310 -0.000017 -0.000310 
3964	(   2.858983   8.923795   1.400891   0.356854   3.409826 )	236.415180 -0.000086 0.000036 0.000086 -0.000036 
3965	(   2.859004   8.923823   1.400847   0.356859   3.409804 )	236.404674 -0.000030 0.000014 0.000030 -0.000014 
3966	(   2.858998   8.923821   1.400826   0.356857   3.409847 )	236.425909 -0.000008 -0.000020 0.000008 0.000020 
3967	(   2.859006   8.923706   1.40088    0.35686    3.409821 )	236.411618 0.000000 -0.000051 -0.000000 0.000051 
3968	(   2.859003   8.923849   1.40082    0.356858   3.409842 )	236.423356 0.000000 0.000000 -0.000000 -0.000000 
3969	(   2.859013   8.923819   1.400885   0.356859   3.40982  )	236.412583 0.000006 0.000065 -0.000006 -0.000065 
3970	(   2.858999   8.923824   1.400855   0.356859   3.409787 )	236.396576 -0.000054 0.000029 0.000054 -0.000029 
3971	(   2.859002   8.923819   1.400874   0.356857   3.409825 )	236.414714 -0.000029 0.000043 0.000029 -0.000043 
3972	(   2.859003   8.924017   1.400838   0.356859   3.409838 )	236.423832 0.000001 0.000196 -0.000001 -0.000196 

BBE ( SOL ) BBO
3973	(   2.859002   8.923955   1.400895   0.35686    3.409794 )	236.401714 -0.000037 0.000216 0.000037 -0.000216 
3974	(   2.859006   8.923811   1.400741   0.356858   3.409818 )	236.411182 -0.000016 -0.000147 0.000016 0.000147 
3975	(   2.859014   8.923555   1.400872   0.356859   3.409843 )	236.420299 0.000035 -0.000216 -0.000035 0.000216 
3976	(   2.859002   8.923648   1.4009     0.356859   3.409866 )	236.432989 0.000030 -0.000086 -0.000030 0.000086 
3977	(   2.859005   8.923721   1.400839   0.356858   3.409835 )	236.418596 -0.000001 -0.000100 0.000001 0.000100 
3978	(   2.859008   8.923782   1.40086    0.356859   3.409837 )	236.420119 0.000013 -0.000008 -0.000013 0.000008 
3979	(   2.859006   8.923716   1.400908   0.356861   3.40981  )	236.406396 -0.000000 -0.000000 0.000000 0.000000 
3980	(   2.85901    8.923576   1.400999   0.356866   3.409771 )	236.385900 0.000000 -0.000000 -0.000000 0.000000 
3981	(   2.859019   8.923156   1.401271   0.356879   3.409656 )	236.324421 0.000000 -0.000001 -0.000000 0.000001 
3982	(   2.859049   8.921897   1.40209    0.356919   3.409308 )	236.140069 0.000001 -0.000002 -0.000001 0.000002 
3983	(   2.858978   8.924121   1.400626   0.356857   3.4099   )	236.455140 -0.000001 -0.000001 0.000001 0.000001 
3984	(   2.859028   8.923858   1.400751   0.356885   3.409599 )	236.304854 0.000005 -0.000012 -0.000005 0.000012 
3985	(   2.859011   8.923605   1.400978   0.356866   3.409769 )	236.384965 0.000000 -0.000000 -0.000000 0.000000 
3986	(   2.859017   8.923436   1.401087   0.356872   3.409713 )	236.355545 0.000000 -0.000000 -0.000000 0.000000 
3987	(   2.859036   8.922928   1.401413   0.35689    3.409544 )	236.267303 0.000001 -0.000000 -0.000001 0.000000 
3988	(   2.859036   8.922928   1.401413   0.35689    3.409544 )	236.267303 0.000001 -0.000001 -0.000001 0.000001 
3989	(   2.859092   8.921406   1.402392   0.356944   3.409038 )	236.002755 0.000003 0.000002 -0.000003 -0.000002 
3990	(   2.859038   8.922804   1.401451   0.356916   3.409351 )	236.171599 0.000001 0.000001 -0.000001 -0.000001 
3991	(   2.859029   8.924144   1.400533   0.356897   3.409509 )	236.264128 0.000000 0.000001 -0.000000 -0.000001 
3992	(   2.859063   8.926269   1.398871   0.356972   3.408897 )	235.990168 0.000000 0.000009 -0.000000 -0.000009 
3993	(   2.859046   8.921469   1.40234    0.356948   3.409107 )	236.037448 -0.000000 -0.000000 0.000000 0.000000 
3994	(   2.859063   8.926244   1.398871   0.356972   3.408897 )	235.989869 0.000000 -0.000016 -0.000000 0.000016 
3995	(   2.859132   8.915569   1.406099   0.357175   3.407291 )	235.085456 -0.000001 0.000039 0.000001 -0.000039 
3996	(   2.859877   8.923869   1.400806   0.35685    3.408105 )	235.570920 0.000001 -0.000020 -0.000001 0.000020 
3997	(   2.85897    8.922444   1.402059   0.356722   3.410891 )	236.919822 0.000000 -0.000043 -0.000000 0.000043 
3998	(   2.859033   8.922469   1.401683   0.356906   3.409431 )	236.206832 0.000000 -0.000036 -0.000000 0.000036 
3999	(   2.859011   8.923469   1.401052   0.35687    3.409736 )	236.367346 0.000001 -0.000020 -0.000001 0.000020 
4000	(   2.859546   8.925069   1.401554   0.356881   3.408534 )	235.797520 -0.000028 0.002313 0.000028 -0.002313 
4001	(   2.859187   8.918069   1.403087   0.357011   3.407107 )	235.023825 -0.001251 -0.002175 0.001251 0.002175 
4002	(   2.858636   8.931469   1.400165   0.356923   3.407521 )	235.389589 -0.002591 0.006883 0.002591 -0.006883 
4003	(   2.858992   8.933044   1.397302   0.356959   3.407509 )	235.397258 -0.001623 0.004562 0.001623 -0.004562 
4004	(   2.858835   8.911469   1.401218   0.356853   3.408289 )	235.519332 -0.001927 -0.011837 0.001927 0.011837 
4005	(   2.858981   8.923069   1.40734    0.356918   3.408856 )	235.939297 -0.000591 0.008583 0.000591 -0.008583 
4006	(   2.859065   8.915244   1.403764   0.356835   3.411509 )	237.135224 0.001625 -0.004532 -0.001625 0.004532 
4007	(   2.858719   8.929269   1.398397   0.357064   3.412639 )	237.857414 0.003689 0.002600 -0.003689 -0.002600 
4008	(   2.859132   8.915568   1.406099   0.357175   3.407291 )	235.085445 -0.000001 0.000038 0.000001 -0.000038 
4009	(   2.859009   8.924079   1.400559   0.356907   3.409474 )	236.246458 -0.000000 0.000001 0.000000 -0.000001 
4010	(   2.858949   8.923883   1.400637   0.356939   3.409369 )	236.193455 -0.000002 -0.000000 0.000002 0.000000 
4011	(   2.859115   8.920566   1.403046   0.356915   3.409198 )	236.070747 -0.000001 -0.000000 0.000001 0.000000 
4012	(   2.859323   8.917866   1.405164   0.356818   3.409471 )	236.171006 -0.000004 0.000017 0.000004 -0.000017 

BBE ( SOL ) BBO
4013	(   2.858993   8.921069   1.402566   0.356978   3.408998 )	235.980107 -0.000000 0.000000 0.000000 -0.000000 
4014	(   2.858836   8.919869   1.403244   0.357068   3.408671 )	235.808153 -0.000000 0.000004 0.000000 -0.000004 
4015	(   2.858645   8.920269   1.403132   0.356965   3.4098   )	236.364387 -0.000000 -0.000037 0.000000 0.000037 
4016	(   2.858435   8.921066   1.402815   0.356869   3.410927 )	236.925873 -0.000000 0.000047 0.000000 -0.000047 
4017	(   2.859024   8.921569   1.40228    0.35695    3.409133 )	236.051294 -0.000000 0.000022 0.000000 -0.000022 
4018	(   2.85901    8.923169   1.401251   0.356884   3.409641 )	236.317498 -0.000001 -0.000005 0.000001 0.000005 
4019	(   2.858967   8.921069   1.402561   0.356974   3.406998 )	235.008781 -0.002068 -0.000015 0.002068 0.000015 
4020	(   2.859696   8.928266   1.398046   0.357239   3.407877 )	235.512488 0.002197 0.001585 -0.002197 -0.001585 
4021	(   2.859993   8.919369   1.402976   0.357235   3.408938 )	235.921949 0.003831 -0.000410 -0.003831 0.000410 
4022	(   2.8595     8.920669   1.402663   0.356478   3.408984 )	235.964792 -0.002570 -0.001644 0.002570 0.001644 
4023	(   2.859065   8.920969   1.397566   0.356986   3.408996 )	235.973306 0.000207 -0.007070 -0.000207 0.007070 
4024	(   2.859142   8.931069   1.402594   0.356995   3.408994 )	236.098249 0.000428 0.010089 -0.000428 -0.010089 
4025	(   2.858534   8.912866   1.408046   0.356591   3.410519 )	236.630922 -0.002197 -0.001535 0.002197 0.001535 
4026	(   2.858961   8.921069   1.402877   0.356992   3.410481 )	236.703613 0.001518 0.000479 -0.001518 -0.000479 
4027	(   2.858836   8.919869   1.403244   0.357068   3.408671 )	235.808157 -0.000001 0.000004 0.000001 -0.000004 
4028	(   2.859323   8.917856   1.405164   0.356818   3.409471 )	236.170890 -0.000004 0.000007 0.000004 -0.000007 
4029	(   2.859038   8.91912    1.403941   0.356981   3.408881 )	235.900154 -0.000000 -0.000001 0.000000 0.000001 
4030	(   2.858805   8.91482    1.406626   0.35718    3.40793  )	235.389451 0.000002 0.000052 -0.000002 -0.000052 
4031	(   2.858464   8.921169   1.40282    0.356811   3.411279 )	237.098988 -0.000000 -0.000001 0.000000 0.000001 
4032	(   2.858471   8.91932    1.403635   0.357072   3.409387 )	236.153342 0.000000 0.000020 -0.000000 -0.000020 
4033	(   2.859993   8.919569   1.402603   0.357258   3.407944 )	235.440746 0.003009 -0.000671 -0.003009 0.000671 
4034	(   2.858479   8.918269   1.402637   0.356928   3.406998 )	234.979051 -0.003394 -0.002835 0.003394 0.002835 
4035	(   2.858867   8.931069   1.402583   0.357108   3.40851  )	235.864956 0.000190 0.010384 -0.000190 -0.010384 
4036	(   2.858987   8.921069   1.397566   0.356984   3.408975 )	235.964954 0.000008 -0.006977 -0.000008 0.006977 
4037	(   2.85851    8.918369   1.402633   0.357478   3.409449 )	236.170601 0.003051 -0.001223 -0.003051 0.001223 
4038	(   2.859208   8.90912    1.399624   0.357056   3.40905  )	235.856340 0.001048 -0.015859 -0.001048 0.015859 
4039	(   2.858868   8.92912    1.408258   0.356907   3.408712 )	235.944241 -0.001048 0.015908 0.001048 -0.015908 
4040	(   2.859079   8.921469   1.403353   0.356976   3.40936  )	236.161016 0.000524 0.001504 -0.000524 -0.001504 
4041	(   2.858805   8.914785   1.406626   0.35718    3.40793  )	235.389017 0.000002 0.000017 -0.000002 -0.000017 
4042	(   2.859083   8.920872   1.40266    0.357001   3.408647 )	235.806205 -0.000000 0.000000 0.000000 -0.000000 
4043	(   2.858805   8.914785   1.406626   0.35718    3.40793  )	235.389020 0.000002 0.000017 -0.000002 -0.000017 
4044	(   2.859353   8.920282   1.402942   0.35707    3.407594 )	235.285243 0.000002 -0.000000 -0.000002 0.000000 
4045	(   2.858543   8.919483   1.403667   0.35699    3.409828 )	236.369807 -0.000001 0.000000 0.000001 -0.000000 
4046	(   2.858772   8.921309   1.402184   0.357085   3.408677 )	235.828263 -0.000001 0.000000 0.000001 -0.000000 
4047	(   2.859353   8.920282   1.402942   0.357071   3.407594 )	235.285243 0.000005 0.000001 -0.000005 -0.000001 
4048	(   2.857839   8.92262    1.400756   0.357337   3.408767 )	235.894235 -0.000009 -0.000000 0.000009 0.000000 
4049	(   2.857666   8.918328   1.403229   0.35763    3.407022 )	234.997937 0.000001 0.000000 -0.000001 -0.000000 
4050	(   2.854348   8.909428   1.406329   0.359265   3.402057 )	232.524062 -0.000026 0.000081 0.000026 -0.000081 
4051	(   2.859353   8.920272   1.40296    0.357071   3.407594 )	235.285133 0.000005 0.000016 -0.000005 -0.000016 
4052	(   2.858628   8.920872   1.40256    0.357043   3.409276 )	236.115793 -0.000002 -0.000024 0.000002 0.000024 

BBE ( SOL ) BBO
4053	(   2.859381   8.920228   1.403229   0.356971   3.408253 )	235.604685 0.000001 0.000074 -0.000001 -0.000074 
4054	(   2.85905    8.920572   1.40286    0.357      3.408722 )	235.839518 0.000000 -0.000021 -0.000000 0.000021 
4055	(   2.859019   8.922872   1.40146    0.356899   3.409509 )	236.249773 -0.000004 0.000033 0.000004 -0.000033 
4056	(   2.852666   8.915528   1.394329   0.357249   3.406426 )	234.710608 -0.013524 -0.016291 0.013524 0.016291 
4057	(   2.858843   8.928328   1.397829   0.357396   3.406655 )	234.927408 0.000362 0.001772 -0.000362 -0.001772 
4058	(   2.857223   8.918928   1.405329   0.357718   3.402022 )	232.599153 -0.005251 0.003821 0.005251 -0.003821 
4059	(   2.862387   8.916172   1.39886    0.355001   3.405196 )	234.047962 -0.011083 -0.015477 0.011083 0.015477 
4060	(   2.862666   8.911028   1.395729   0.356635   3.405464 )	234.108584 0.001515 -0.020514 -0.001515 0.020514 
4061	(   2.858405   8.917228   1.399829   0.35963    3.406792 )	234.862079 0.015632 -0.000380 -0.015632 0.000380 
4062	(   2.855779   8.925572   1.40646    0.359001   3.412098 )	237.576672 0.011015 0.015671 -0.011015 -0.015671 
4063	(   2.857533   8.917328   1.404229   0.357448   3.407658 )	235.296326 -0.000943 -0.000091 0.000943 0.000091 
4064	(   2.854348   8.909384   1.406364   0.359265   3.402057 )	232.523558 -0.000026 0.000088 0.000026 -0.000088 
4065	(   2.857817   8.916707   1.403898   0.357873   3.404964 )	233.981587 0.000003 0.000001 -0.000003 -0.000001 
4066	(   2.858974   8.921044   1.402835   0.35685    3.40996  )	236.448929 0.000001 0.000001 -0.000001 -0.000001 
4067	(   2.85905    8.920604   1.402854   0.357      3.408722 )	235.839904 0.000000 0.000003 -0.000000 -0.000003 
4068	(   2.859019   8.922833   1.401463   0.356899   3.409509 )	236.249298 -0.000004 -0.000002 0.000004 0.000002 
4069	(   2.85868    8.917902   1.405701   0.357856   3.405022 )	234.018449 0.001705 0.003709 -0.001705 -0.003709 
4070	(   2.855666   8.918116   1.404457   0.357122   3.406028 )	234.532335 -0.008712 0.000114 0.008712 -0.000114 
4071	(   2.856675   8.918745   1.400812   0.35863    3.406479 )	234.745232 0.004600 -0.000233 -0.004600 0.000233 
4072	(   2.857734   8.923328   1.403395   0.357561   3.406888 )	234.993250 -0.000488 0.005043 0.000488 -0.005043 
4073	(   2.858151   8.918124   1.398229   0.35714    3.406065 )	234.524419 -0.003475 -0.008573 0.003475 0.008573 
4074	(   2.859806   8.925525   1.39766    0.357541   3.409171 )	236.107006 0.005876 -0.000871 -0.005876 0.000871 
4075	(   2.85836    8.916219   1.40766    0.356461   3.408123 )	235.505765 -0.005872 0.000907 0.005872 -0.000907 
4076	(   2.85683    8.918307   1.402744   0.357362   3.409362 )	236.141661 -0.001298 -0.001448 0.001298 0.001448 
4077	(   2.857844   8.917772   1.403631   0.357633   3.406638 )	234.803915 0.000004 0.000021 -0.000004 -0.000021 
4078	(   2.859599   8.922294   1.401718   0.356965   3.407847 )	235.429570 -0.000000 -0.000000 0.000000 0.000000 
4079	(   2.861147   8.926561   1.398892   0.356858   3.405447 )	234.303557 -0.000001 0.000018 0.000001 -0.000018 
4080	(   2.858298   8.923519   1.400994   0.356889   3.411061 )	237.020826 -0.000000 -0.000000 0.000000 0.000000 
4081	(   2.8585     8.918478   1.403022   0.357681   3.404941 )	233.985751 0.000001 -0.000001 -0.000001 0.000001 
4082	(   2.859284   8.920051   1.40317    0.357039   3.407956 )	235.459046 -0.000001 0.000004 0.000001 -0.000004 
4083	(   2.859079   8.922716   1.401526   0.356909   3.409316 )	236.153169 -0.000000 -0.000001 0.000000 0.000001 
4084	(   2.857607   8.918737   1.403078   0.357669   3.405022 )	234.035663 -0.001829 0.000305 0.001829 -0.000305 
4085	(   2.858387   8.913328   1.405073   0.357721   3.406844 )	234.846420 0.001951 -0.002134 -0.001951 0.002134 
4086	(   2.858416   8.918843   1.405148   0.35713    3.406836 )	234.909804 -0.002238 0.001840 0.002238 -0.001840 
4087	(   2.857942   8.916413   1.398229   0.357446   3.406954 )	234.935634 -0.000823 -0.009448 0.000823 0.009448 
4088	(   2.859251   8.922481   1.399361   0.357465   3.408857 )	235.923334 0.003885 -0.001744 -0.003885 0.001744 
4089	(   2.859947   8.922107   1.404075   0.356465   3.406837 )	234.936848 -0.003887 0.001744 0.003887 -0.001744 
4090	(   2.855666   8.916467   1.403915   0.357451   3.406956 )	234.960944 -0.005432 -0.001387 0.005432 0.001387 
4091	(   2.85767    8.918406   1.403322   0.35762    3.407951 )	235.449697 0.000862 0.000181 -0.000862 -0.000181 
4092	(   2.85835    8.918525   1.40098    0.357753   3.407555 )	235.251126 0.002810 -0.002636 -0.002810 0.002636 

BBE ( SOL ) BBO
4093	(   2.85921    8.925344   1.399643   0.356912   3.409024 )	236.040233 0.000000 -0.000001 -0.000000 0.000001 
4094	(   2.857523   8.917714   1.403522   0.357588   3.406022 )	234.507693 -0.001589 -0.000317 0.001589 0.000317 
4095	(   2.858345   8.918334   1.40184    0.35783    3.406611 )	234.791810 0.002415 -0.001402 -0.002415 0.001402 
4096	(   2.858132   8.920328   1.402275   0.357477   3.40674  )	234.880989 -0.000427 0.000229 0.000427 -0.000229 
4097	(   2.857955   8.919566   1.405229   0.357715   3.406847 )	234.927219 0.001027 0.004308 -0.001027 -0.004308 
4098	(   2.859999   8.92229    1.402385   0.357106   3.406847 )	234.941430 0.000836 0.001323 -0.000836 -0.001323 
4099	(   2.858666   8.917134   1.403799   0.357548   3.40719  )	235.057069 0.001624 -0.000615 -0.001624 0.000615 
4100	(   2.859199   8.922298   1.401051   0.356824   3.408847 )	235.918720 -0.000836 -0.001320 0.000836 0.001320 
4101	(   2.857563   8.918015   1.403366   0.357654   3.407082 )	235.024074 0.000023 -0.000053 -0.000023 0.000053 
4102	(   2.857943   8.917134   1.403243   0.357583   3.40647  )	234.713494 -0.000318 -0.001303 0.000318 0.001303 
4103	(   2.859828   8.923695   1.401166   0.357029   3.408365 )	235.695589 0.001445 0.000804 -0.001445 -0.000804 
4104	(   2.859285   8.920051   1.40317    0.357039   3.407956 )	235.459042 -0.000000 0.000004 0.000000 -0.000004 
4105	(   2.859079   8.922716   1.401526   0.356909   3.409316 )	236.153169 0.000000 -0.000001 -0.000000 0.000001 
4106	(   2.857708   8.91832    1.403371   0.357598   3.406522 )	234.755372 -0.000644 0.000103 0.000644 -0.000103 
4107	(   2.858166   8.918338   1.403036   0.357674   3.406979 )	234.972643 0.001295 -0.000141 -0.001295 0.000141 
4108	(   2.857671   8.919328   1.403245   0.357626   3.407026 )	235.011796 -0.000012 0.001013 0.000012 -0.001013 
4109	(   2.857543   8.918351   1.404229   0.357726   3.406927 )	234.953944 0.000344 0.001706 -0.000344 -0.001706 
4110	(   2.857958   8.918274   1.404229   0.35755    3.407247 )	235.104853 0.000247 0.001139 -0.000247 -0.001139 
4111	(   2.859583   8.922354   1.402718   0.35703    3.407779 )	235.397852 0.000362 0.001644 -0.000362 -0.001644 
4112	(   2.859615   8.922234   1.400718   0.3569     3.407916 )	235.461295 -0.000363 -0.001640 0.000363 0.001640 
4113	(   2.857439   8.918311   1.402946   0.357589   3.407055 )	235.015243 -0.000723 -0.000529 0.000723 0.000529 
4114	(   2.857917   8.918578   1.403211   0.357658   3.406643 )	234.815254 0.000336 0.000303 -0.000336 -0.000303 
4115	(   2.859583   8.922234   1.401873   0.356946   3.407854 )	235.432185 -0.000164 0.000105 0.000164 -0.000105 
4116	(   2.85916    8.923685   1.400646   0.357009   3.40843  )	235.732352 -0.000001 0.000009 0.000001 -0.000009 
4117	(   2.859068   8.920261   1.403117   0.356988   3.408768 )	235.858178 -0.000000 -0.000001 0.000000 0.000001 
4118	(   2.857637   8.918323   1.403216   0.357632   3.406822 )	234.901173 -0.000242 -0.000017 0.000242 0.000017 
4119	(   2.857866   8.918406   1.403433   0.357594   3.406984 )	234.978870 0.000117 0.000269 -0.000117 -0.000269 
4120	(   2.85769    8.917828   1.403239   0.357628   3.40702  )	234.990725 0.000035 -0.000490 -0.000035 0.000490 
4121	(   2.857796   8.91835    1.403286   0.35768    3.407012 )	234.991930 0.000613 0.000241 -0.000613 -0.000241 
4122	(   2.857601   8.918317   1.403729   0.357635   3.407028 )	235.001380 -0.000092 0.000710 0.000092 -0.000710 
4123	(   2.859644   8.921954   1.401863   0.356965   3.407647 )	235.328077 -0.000109 -0.000137 0.000109 0.000137 
4124	(   2.859554   8.922635   1.401572   0.356965   3.408047 )	235.531103 0.000108 0.000137 -0.000108 -0.000137 
4125	(   2.857659   8.918331   1.403217   0.357628   3.407025 )	234.999426 -0.000028 -0.000020 0.000028 0.000020 
4126	(   2.857665   8.918015   1.403281   0.357633   3.406948 )	234.958103 -0.000052 -0.000229 0.000052 0.000229 
4127	(   2.859306   8.922079   1.401476   0.356872   3.407666 )	235.341272 -0.001445 -0.000809 0.001445 0.000809 
4128	(   2.859698   8.923291   1.401243   0.35699    3.40819  )	235.606963 0.000722 0.000400 -0.000722 -0.000400 
4129	(   2.857766   8.918361   1.403214   0.357621   3.407003 )	234.988183 0.000122 -0.000012 -0.000122 0.000012 
4130	(   2.857717   8.918229   1.403221   0.35765    3.407012 )	234.991527 0.000239 -0.000053 -0.000239 0.000053 
4131	(   2.857673   8.918315   1.403429   0.357629   3.407021 )	234.997272 0.000009 0.000268 -0.000009 -0.000268 
4132	(   2.857675   8.918528   1.403244   0.357639   3.407042 )	235.009965 0.000106 0.000247 -0.000106 -0.000247 

BBE ( SOL ) BBO
4133	(   2.857685   8.918293   1.403226   0.357628   3.407122 )	235.045839 0.000126 -0.000043 -0.000126 0.000043 
4134	(   2.859657   8.922302   1.401691   0.356985   3.407866 )	235.438237 0.000279 0.000025 -0.000279 -0.000025 
4135	(   2.859542   8.922287   1.401745   0.356945   3.407828 )	235.420903 -0.000280 -0.000025 0.000280 0.000025 
4136	(   2.857664   8.918327   1.403227   0.35763    3.407021 )	234.997480 -0.000005 -0.000004 0.000005 0.000004 
4137	(   2.857766   8.918258   1.403424   0.357649   3.407017 )	234.994004 0.000338 0.000259 -0.000338 -0.000259 
4138	(   2.859593   8.922276   1.401731   0.356967   3.407856 )	235.433465 0.000011 0.000007 -0.000011 -0.000007 
4139	(   2.859533   8.922256   1.401812   0.356938   3.407834 )	235.423507 -0.000341 0.000020 0.000341 -0.000020 
4140	(   2.859626   8.92229    1.401721   0.356973   3.407858 )	235.434555 0.000124 0.000023 -0.000124 -0.000023 
4141	(   2.857658   8.918247   1.403321   0.357628   3.406972 )	234.972863 -0.000082 0.000043 0.000082 -0.000043 
4142	(   2.857665   8.918343   1.403246   0.35764    3.407013 )	234.993662 0.000060 0.000066 -0.000060 -0.000066 
4143	(   2.857716   8.918338   1.403241   0.35763    3.407016 )	234.994423 0.000094 0.000027 -0.000094 -0.000027 
4144	(   2.857675   8.918248   1.403276   0.357632   3.407072 )	235.021178 0.000084 -0.000006 -0.000084 0.000006 
4145	(   2.857675   8.918241   1.403129   0.357632   3.407007 )	234.989386 0.000022 -0.000221 -0.000022 0.000221 
4146	(   2.859649   8.922246   1.401698   0.35697    3.407854 )	235.432009 0.000146 -0.000063 -0.000146 0.000063 
4147	(   2.859549   8.922343   1.401738   0.35696    3.40784  )	235.427130 -0.000147 0.000062 0.000147 -0.000062 
4148	(   2.857663   8.918329   1.403227   0.35763    3.407023 )	234.998316 -0.000006 -0.000001 0.000006 0.000001 
4149	(   2.857666   8.918342   1.403244   0.35763    3.40702  )	234.996926 -0.000002 0.000036 0.000002 -0.000036 
4150	(   2.859635   8.922266   1.401778   0.356964   3.407839 )	235.425096 0.000054 0.000052 -0.000054 -0.000052 
4151	(   2.859692   8.922206   1.40172    0.356976   3.407862 )	235.434747 0.000281 -0.000054 -0.000281 0.000054 
4152	(   2.859585   8.922309   1.401734   0.356964   3.407846 )	235.429035 -0.000040 0.000033 0.000040 -0.000033 
4153	(   2.857666   8.918326   1.403229   0.35763    3.407002 )	234.988222 -0.000021 -0.000001 0.000021 0.000001 
4154	(   2.857646   8.918349   1.403223   0.357632   3.407022 )	234.998194 -0.000026 0.000018 0.000026 -0.000018 
4155	(   2.857674   8.918323   1.403214   0.357635   3.407021 )	234.997404 0.000053 -0.000012 -0.000053 0.000012 
4156	(   2.857659   8.918278   1.403243   0.357631   3.407023 )	234.997786 -0.000008 -0.000027 0.000008 0.000027 
4157	(   2.857664   8.918313   1.403179   0.357629   3.407022 )	234.997850 -0.000014 -0.000089 0.000014 0.000089 
4158	(   2.859619   8.922263   1.401712   0.356969   3.40786  )	235.435319 0.000081 -0.000028 -0.000081 0.000028 
4159	(   2.859579   8.922325   1.401723   0.356961   3.407834 )	235.423821 -0.000082 0.000028 0.000082 -0.000028 
4160	(   2.857666   8.918329   1.40323    0.35763    3.407022 )	234.998074 -0.000002 0.000002 0.000002 -0.000002 
4161	(   2.857665   8.918329   1.403231   0.357631   3.407016 )	234.995144 0.000000 0.000006 -0.000000 -0.000006 
4162	(   2.859587   8.922288   1.401713   0.356967   3.407842 )	235.427199 -0.000016 -0.000008 0.000016 0.000008 
4163	(   2.859581   8.92231    1.401758   0.356962   3.407832 )	235.422427 -0.000078 0.000062 0.000078 -0.000062 
4164	(   2.85961    8.922275   1.401724   0.356967   3.407853 )	235.432096 0.000041 -0.000006 -0.000041 0.000006 
4165	(   2.859555   8.922311   1.40167    0.356968   3.407858 )	235.435450 -0.000055 -0.000042 0.000055 0.000042 
4166	(   2.859615   8.922277   1.401751   0.356965   3.407844 )	235.427684 0.000026 0.000029 -0.000026 -0.000029 
4167	(   2.859617   8.922255   1.401721   0.356969   3.407851 )	235.430971 0.000065 -0.000025 -0.000065 0.000025 
4168	(   2.859593   8.922295   1.401731   0.356965   3.407847 )	235.429519 -0.000014 0.000019 0.000014 -0.000019 
4169	(   2.859585   8.922297   1.401734   0.356964   3.407841 )	235.426879 -0.000039 0.000024 0.000039 -0.000024 
4170	(   2.859604   8.922281   1.401726   0.356966   3.40785  )	235.430792 0.000021 0.000002 -0.000021 -0.000002 
4171	(   2.859576   8.922296   1.401697   0.356967   3.407853 )	235.432534 -0.000026 -0.000021 0.000026 0.000021 
4172	(   2.859605   8.922282   1.401737   0.356965   3.407846 )	235.428897 0.000013 0.000016 -0.000013 -0.000016 

BBE ( SOL ) BBO
4173	(   2.859603   8.922273   1.40172    0.356967   3.40785  )	235.430450 0.000026 -0.000012 -0.000026 0.000012 
4174	(   2.859595   8.92229    1.401728   0.356966   3.407848 )	235.429752 -0.000004 0.000011 0.000004 -0.000011 
4175	(   2.859589   8.922291   1.401725   0.356966   3.407845 )	235.428761 -0.000020 0.000009 0.000020 -0.000009 
4176	(   2.8596     8.922283   1.401726   0.356966   3.407849 )	235.430284 0.000011 0.000003 -0.000011 -0.000003 
4177	(   2.859585   8.92229    1.401709   0.356967   3.40785  )	235.431211 -0.000013 -0.000011 0.000013 0.000011 
4178	(   2.85959    8.922288   1.401716   0.356967   3.407849 )	235.430633 -0.000006 -0.000004 0.000006 0.000004 
4179	(   2.859604   8.922285   1.401734   0.356965   3.407857 )	235.434282 0.000021 0.000015 -0.000021 -0.000015 
4180	(   2.859591   8.922287   1.401718   0.356967   3.407846 )	235.428970 -0.000007 -0.000002 0.000007 0.000002 
4181	(   2.859597   8.922301   1.401711   0.356965   3.40784  )	235.426218 -0.000014 -0.000004 0.000014 0.000004 
4182	(   2.859594   8.922282   1.401726   0.356967   3.407852 )	235.431653 0.000005 0.000004 -0.000005 -0.000004 
4183	(   2.859595   8.922284   1.401714   0.356967   3.40785  )	235.430692 0.000005 -0.000011 -0.000005 0.000011 
4184	(   2.859595   8.922288   1.401724   0.356966   3.407848 )	235.429987 -0.000002 0.000006 0.000002 -0.000006 
4185	(   2.859588   8.922293   1.401715   0.356966   3.407848 )	235.430041 -0.000015 -0.000002 0.000015 0.000002 
4186	(   2.859597   8.922286   1.401723   0.356966   3.407849 )	235.430223 0.000005 0.000002 -0.000005 -0.000002 
4187	(   2.859599   8.922289   1.401725   0.356966   3.407852 )	235.431856 0.000007 0.000005 -0.000007 -0.000005 
4188	(   2.859593   8.922287   1.40172    0.356966   3.407848 )	235.429691 -0.000003 -0.000000 0.000003 0.000000 
4189	(   2.859602   8.922287   1.401729   0.356965   3.407848 )	235.429817 0.000008 0.000009 -0.000008 -0.000009 
4190	(   2.859593   8.922288   1.401719   0.356966   3.407849 )	235.430429 -0.000003 -0.000001 0.000003 0.000001 
4191	(   2.859597   8.922295   1.401716   0.356965   3.407845 )	235.428307 -0.000006 -0.000002 0.000006 0.000002 
4192	(   2.859597   8.922292   1.401714   0.356966   3.407847 )	235.429301 -0.000002 -0.000006 0.000002 0.000006 
4193	(   2.859596   8.922291   1.401717   0.356966   3.407847 )	235.429473 -0.000002 -0.000003 0.000002 0.000003 
4194	(   2.859595   8.922283   1.401723   0.356966   3.407851 )	235.431448 0.000005 0.000001 -0.000005 -0.000001 
4195	(   2.859596   8.922292   1.401717   0.356966   3.407846 )	235.429092 -0.000004 -0.000001 0.000004 0.000001 
4196	(   2.859594   8.922296   1.401713   0.356965   3.407846 )	235.429079 -0.000009 -0.000004 0.000009 0.000004 
4197	(   2.859596   8.922288   1.401721   0.356966   3.407848 )	235.429937 0.000001 0.000000 -0.000001 -0.000000 
4198	(   2.859595   8.922287   1.40172    0.356966   3.407849 )	235.430548 0.000001 -0.000001 -0.000001 0.000001 
4199	(   2.859595   8.922289   1.40172    0.356966   3.407849 )	235.430184 -0.000000 -0.000001 0.000000 0.000001 
4200	(   2.857669   8.918348   1.403216   0.357628   3.407018 )	234.995896 -0.000011 -0.000003 0.000011 0.000003 
4201	(   2.857669   8.918315   1.403245   0.357628   3.407017 )	234.995114 -0.000013 0.000005 0.000013 -0.000005 
4202	(   2.857665   8.918336   1.403238   0.357631   3.407012 )	234.993207 -0.000004 0.000025 0.000004 -0.000025 
4203	(   2.857656   8.918324   1.403225   0.357629   3.407021 )	234.997293 -0.000025 -0.000010 0.000025 0.000010 
4204	(   2.85767    8.918311   1.403209   0.35763    3.407015 )	234.994162 0.000005 -0.000044 -0.000005 0.000044 
4205	(   2.859609   8.922287   1.401728   0.356965   3.407846 )	235.428909 0.000016 0.000005 -0.000016 -0.000005 
4206	(   2.859589   8.922302   1.401708   0.356965   3.407848 )	235.430230 -0.000017 -0.000006 0.000017 0.000006 
4207	(   2.857666   8.918328   1.403229   0.35763    3.407023 )	234.998081 0.000002 0.000000 -0.000002 -0.000000 
4208	(   2.857669   8.918325   1.403228   0.357631   3.407012 )	234.993027 0.000006 0.000000 -0.000006 -0.000000 
4209	(   2.859601   8.922281   1.401732   0.356966   3.40784  )	235.425948 0.000008 0.000010 -0.000008 -0.000010 
4210	(   2.859599   8.92229    1.40172    0.356965   3.407847 )	235.429543 0.000002 0.000000 -0.000002 -0.000000 
4211	(   2.859602   8.922292   1.401721   0.356965   3.407846 )	235.429101 0.000004 0.000001 -0.000004 -0.000001 
4212	(   2.859601   8.922292   1.401719   0.356965   3.407849 )	235.430221 0.000005 0.000000 -0.000005 -0.000000 

BBE ( SOL ) BBO
4213	(   2.859595   8.922289   1.40172    0.356966   3.407848 )	235.429824 -0.000001 -0.000000 0.000001 0.000000 
4214	(   2.859594   8.922288   1.401719   0.356966   3.407849 )	235.430482 -0.000002 -0.000001 0.000002 0.000001 
4215	(   2.859597   8.92229    1.40172    0.356966   3.407848 )	235.429778 0.000001 0.000000 -0.000001 -0.000000 
4216	(   2.859598   8.922293   1.401719   0.356965   3.407846 )	235.429169 -0.000001 0.000000 0.000001 -0.000000 
4217	(   2.8596     8.922295   1.401718   0.356965   3.407845 )	235.428480 -0.000002 0.000001 0.000002 -0.000001 
4218	(   2.859599   8.922293   1.401719   0.356965   3.407846 )	235.429127 0.000000 0.000001 -0.000000 -0.000001 
4219	(   2.859601   8.922295   1.401719   0.356965   3.407845 )	235.428599 0.000000 0.000002 -0.000000 -0.000002 
4220	(   2.8596     8.922295   1.401718   0.356965   3.407846 )	235.429050 -0.000002 -0.000000 0.000002 0.000000 
4221	(   2.859597   8.92229    1.40172    0.356966   3.407848 )	235.429715 0.000000 0.000000 -0.000000 -0.000000 
4222	(   2.857667   8.918318   1.403231   0.35763    3.407021 )	234.997406 -0.000001 -0.000008 0.000001 0.000008 
4223	(   2.857665   8.918326   1.403222   0.357631   3.407017 )	234.995491 -0.000001 -0.000009 0.000001 0.000009 
4224	(   2.857668   8.918331   1.403223   0.357629   3.407019 )	234.996483 -0.000005 -0.000009 0.000005 0.000009 
4225	(   2.857661   8.918329   1.403232   0.35763    3.407021 )	234.997419 -0.000013 0.000004 0.000013 -0.000004 
4226	(   2.857669   8.918331   1.403239   0.35763    3.407018 )	234.996083 0.000003 0.000018 -0.000003 -0.000018 
4227	(   2.859602   8.922304   1.401722   0.356966   3.407845 )	235.428538 0.000010 0.000019 -0.000010 -0.000019 
4228	(   2.859596   8.922284   1.401713   0.356964   3.40785  )	235.430601 -0.000011 -0.000019 0.000011 0.000019 
4229	(   2.857666   8.918328   1.403229   0.35763    3.407022 )	234.998072 0.000001 0.000000 -0.000001 -0.000000 
4230	(   2.857666   8.918321   1.403238   0.35763    3.40702  )	234.996822 -0.000001 0.000007 0.000001 -0.000007 
4231	(   2.859599   8.922297   1.401722   0.356965   3.407845 )	235.428315 -0.000004 0.000008 0.000004 -0.000008 
4232	(   2.859602   8.922295   1.401718   0.356965   3.407846 )	235.429120 0.000001 0.000001 -0.000001 -0.000001 
4233	(   2.859597   8.92229    1.40172    0.356966   3.407847 )	235.429648 -0.000001 -0.000000 0.000001 0.000000 
4234	(   2.859599   8.922294   1.401718   0.356965   3.407846 )	235.429114 -0.000001 0.000001 0.000001 -0.000001 
4235	(   2.859598   8.922291   1.401719   0.356965   3.407847 )	235.429612 0.000000 0.000000 -0.000000 -0.000000 
4236	(   2.8596     8.922294   1.401719   0.356965   3.407847 )	235.429229 0.000001 0.000001 -0.000001 -0.000001 
4237	(   2.859598   8.922291   1.401719   0.356965   3.407847 )	235.429543 -0.000000 0.000000 0.000000 -0.000000 
4238	(   2.859598   8.922291   1.401719   0.356965   3.407848 )	235.429858 0.000001 0.000000 -0.000001 -0.000000 
4239	(   2.859598   8.922292   1.401719   0.356965   3.407847 )	235.429341 -0.000000 0.000000 0.000000 -0.000000 
4240	(   2.859597   8.922291   1.401719   0.356966   3.407848 )	235.429985 -0.000000 -0.000001 0.000000 0.000001 
4241	(   2.859599   8.922292   1.401719   0.356965   3.407847 )	235.429342 0.000000 0.000001 -0.000000 -0.000001 
4242	(   2.859601   8.922295   1.401718   0.356965   3.407846 )	235.428735 -0.000000 0.000001 0.000000 -0.000001 
4243	(   2.857669   8.918332   1.403222   0.357631   3.407012 )	234.993111 0.000006 -0.000001 -0.000006 0.000001 
4244	(   2.859599   8.922292   1.401723   0.356966   3.407842 )	235.427007 0.000001 0.000008 -0.000001 -0.000008 
4245	(   2.859595   8.922288   1.40172    0.356966   3.407849 )	235.430377 0.000000 -0.000000 -0.000000 0.000000 
4246	(   2.859599   8.922293   1.401719   0.356965   3.407846 )	235.429146 -0.000000 0.000000 0.000000 -0.000000 
4247	(   2.859602   8.922297   1.401718   0.356964   3.407845 )	235.428559 0.000000 0.000001 -0.000000 -0.000001 
4248	(   2.857669   8.918329   1.403222   0.357632   3.407013 )	234.993618 0.000013 -0.000002 -0.000013 0.000002 
4249	(   2.8596     8.922302   1.401709   0.356965   3.40784  )	235.426209 -0.000004 -0.000003 0.000004 0.000003 
4250	(   2.8596     8.922295   1.401718   0.356965   3.407846 )	235.429170 -0.000001 0.000000 0.000001 -0.000000 
4251	(   2.859598   8.922291   1.401719   0.356965   3.407847 )	235.429579 0.000000 0.000000 -0.000000 -0.000000 
4252	(   2.85766    8.918324   1.403227   0.357632   3.407017 )	234.995535 -0.000002 -0.000001 0.000002 0.000001 

BBE ( SOL ) BBO
4253	(   2.857669   8.918327   1.403234   0.357631   3.407021 )	234.997207 0.000010 0.000008 -0.000010 -0.000008 
4254	(   2.857676   8.918324   1.403227   0.357629   3.407017 )	234.995383 0.000008 -0.000010 -0.000008 0.000010 
4255	(   2.857665   8.918308   1.403229   0.35763    3.407023 )	234.997994 -0.000003 -0.000020 0.000003 0.000020 
4256	(   2.857656   8.918332   1.403231   0.357628   3.407019 )	234.996615 -0.000036 0.000001 0.000036 -0.000001 
4257	(   2.859599   8.922273   1.401716   0.356966   3.407849 )	235.430309 0.000007 -0.000021 -0.000007 0.000021 
4258	(   2.8596     8.922313   1.401721   0.356964   3.407843 )	235.427983 -0.000007 0.000022 0.000007 -0.000022 
4259	(   2.857667   8.918328   1.403229   0.35763    3.407023 )	234.998106 0.000001 0.000000 -0.000001 -0.000000 
4260	(   2.857667   8.918326   1.403226   0.357628   3.407022 )	234.997642 -0.000013 -0.000011 0.000013 0.000011 
4261	(   2.859602   8.922273   1.401722   0.356966   3.407843 )	235.427473 0.000012 -0.000011 -0.000012 0.000011 
4262	(   2.859599   8.922294   1.401718   0.356965   3.407847 )	235.429260 -0.000001 0.000000 0.000001 -0.000000 
4263	(   2.859598   8.922292   1.401719   0.356965   3.407847 )	235.429524 0.000000 0.000000 -0.000000 -0.000000 
4264	(   2.857661   8.918326   1.403229   0.35763    3.407021 )	234.997254 -0.000013 -0.000003 0.000013 0.000003 
4265	(   2.857667   8.918338   1.403229   0.35763    3.407021 )	234.997560 0.000001 0.000010 -0.000001 -0.000010 
4266	(   2.857666   8.918328   1.403227   0.35763    3.407022 )	234.997872 0.000001 -0.000003 -0.000001 0.000003 
4267	(   2.857668   8.918326   1.403229   0.357631   3.407021 )	234.997190 0.000010 0.000001 -0.000010 -0.000001 
4268	(   2.857671   8.91832    1.403229   0.357629   3.407021 )	234.997088 0.000002 -0.000010 -0.000002 0.000010 
4269	(   2.859599   8.922286   1.401717   0.356965   3.407848 )	235.430029 0.000004 -0.000008 -0.000004 0.000008 
4270	(   2.859599   8.922301   1.40172    0.356965   3.407844 )	235.428263 -0.000004 0.000009 0.000004 -0.000009 
4271	(   2.857666   8.918328   1.40323    0.35763    3.407023 )	234.998135 0.000001 0.000002 -0.000001 -0.000002 
4272	(   2.857665   8.918333   1.403227   0.35763    3.407022 )	234.997692 -0.000006 0.000001 0.000006 -0.000001 
4273	(   2.859598   8.922292   1.40172    0.356966   3.407845 )	235.428527 -0.000001 0.000002 0.000001 -0.000002 
4274	(   2.859599   8.922294   1.401718   0.356965   3.407847 )	235.429271 -0.000001 0.000000 0.000001 -0.000000 
4275	(   2.859598   8.922292   1.401719   0.356965   3.407847 )	235.429502 -0.000000 0.000000 0.000000 -0.000000 
4276	(   2.857668   8.918328   1.403229   0.35763    3.407021 )	234.997445 0.000005 0.000001 -0.000005 -0.000001 
4277	(   2.857666   8.918328   1.403228   0.35763    3.407022 )	234.997715 0.000000 -0.000001 -0.000000 0.000001 
4278	(   2.857665   8.918328   1.403225   0.35763    3.40702  )	234.997050 -0.000002 -0.000004 0.000002 0.000004 
4279	(   2.85767    8.918336   1.403225   0.357629   3.40702  )	234.997102 0.000002 0.000002 -0.000002 -0.000002 
4280	(   2.859596   8.922286   1.401722   0.356966   3.407844 )	235.428117 0.000001 0.000002 -0.000001 -0.000002 
4281	(   2.859597   8.92229    1.40172    0.356966   3.407847 )	235.429253 -0.000000 0.000001 0.000000 -0.000001 
4282	(   2.859599   8.922293   1.401718   0.356965   3.407847 )	235.429491 -0.000000 0.000000 0.000000 -0.000000 
4283	(   2.857666   8.91833    1.40323    0.35763    3.40702  )	234.996771 -0.000003 0.000003 0.000003 -0.000003 
4284	(   2.857666   8.918332   1.403226   0.35763    3.407021 )	234.997276 -0.000002 0.000000 0.000002 -0.000000 
4285	(   2.857666   8.918323   1.403227   0.35763    3.40702  )	234.996867 -0.000001 -0.000007 0.000001 0.000007 
4286	(   2.857666   8.918329   1.403228   0.357631   3.407022 )	234.997659 0.000007 0.000002 -0.000007 -0.000002 
4287	(   2.857671   8.918328   1.403228   0.35763    3.407022 )	234.997663 0.000010 -0.000001 -0.000010 0.000001 
4288	(   2.859604   8.922295   1.401718   0.356965   3.407846 )	235.428751 0.000007 0.000000 -0.000007 -0.000000 
4289	(   2.859594   8.922292   1.401719   0.356965   3.407847 )	235.429541 -0.000007 0.000001 0.000007 -0.000001 
4290	(   2.857665   8.918328   1.403228   0.35763    3.407022 )	234.997773 -0.000001 -0.000001 0.000001 0.000001 
4291	(   2.857666   8.91833    1.403228   0.35763    3.407021 )	234.997287 -0.000003 0.000000 0.000003 -0.000000 
4292	(   2.859598   8.922292   1.401717   0.356965   3.407845 )	235.428462 -0.000005 -0.000003 0.000005 0.000003 

BBE ( SOL ) BBO
4293	(   2.8596     8.922294   1.401718   0.356965   3.407847 )	235.429258 -0.000000 0.000000 0.000000 -0.000000 
4294	(   2.857666   8.91833    1.403227   0.35763    3.407021 )	234.997248 -0.000001 -0.000000 0.000001 0.000000 
4295	(   2.857666   8.918334   1.403227   0.35763    3.407018 )	234.995847 -0.000005 0.000003 0.000005 -0.000003 
4296	(   2.857666   8.918337   1.403225   0.35763    3.407018 )	234.995884 -0.000005 0.000004 0.000005 -0.000004 
4297	(   2.859599   8.922286   1.401717   0.356966   3.407844 )	235.428091 0.000001 -0.000007 -0.000001 0.000007 
4298	(   2.8596     8.922294   1.401718   0.356965   3.407846 )	235.429171 -0.000000 0.000000 0.000000 -0.000000 
4299	(   2.857664   8.918329   1.403228   0.357629   3.40702  )	234.996665 -0.000013 -0.000003 0.000013 0.000003 
4300	(   2.857665   8.918329   1.403225   0.357631   3.40702  )	234.996848 0.000002 -0.000001 -0.000002 0.000001 
4301	(   2.857667   8.91833    1.403228   0.35763    3.407019 )	234.996275 0.000001 0.000002 -0.000001 -0.000002 
4302	(   2.857668   8.918329   1.403225   0.357629   3.40702  )	234.996825 -0.000003 -0.000005 0.000003 0.000005 
4303	(   2.857666   8.918335   1.403227   0.35763    3.407021 )	234.997290 -0.000002 0.000005 0.000002 -0.000005 
4304	(   2.8596     8.92229    1.401719   0.356965   3.407848 )	235.430071 0.000005 -0.000001 -0.000005 0.000001 
4305	(   2.859599   8.922297   1.401718   0.356965   3.407844 )	235.428220 -0.000005 0.000002 0.000005 -0.000002 
4306	(   2.857666   8.918329   1.403228   0.35763    3.407021 )	234.997270 -0.000001 -0.000000 0.000001 0.000000 
4307	(   2.857665   8.918331   1.403225   0.357631   3.40702  )	234.996822 0.000003 0.000001 -0.000003 -0.000001 
4308	(   2.859599   8.922293   1.40172    0.356965   3.407844 )	235.428172 -0.000001 0.000003 0.000001 -0.000003 
4309	(   2.8596     8.922295   1.401718   0.356965   3.407846 )	235.429061 -0.000000 0.000000 0.000000 -0.000000 
4310	(   2.859601   8.922296   1.401718   0.356965   3.407846 )	235.428840 -0.000001 0.000001 0.000001 -0.000001 
4311	(   2.859602   8.922299   1.401716   0.356964   3.407846 )	235.428806 -0.000001 0.000000 0.000001 -0.000000 
4312	(   2.857665   8.918328   1.403228   0.357631   3.407018 )	234.995779 -0.000001 0.000001 0.000001 -0.000001 
4313	(   2.859599   8.922291   1.401719   0.356966   3.407844 )	235.428152 -0.000000 -0.000000 0.000000 0.000000 
4314	(   2.859594   8.92228    1.401721   0.356968   3.407839 )	235.425426 0.000000 -0.000003 -0.000000 0.000003 
4315	(   2.857671   8.918333   1.403226   0.35763    3.407012 )	234.993106 -0.000001 -0.000000 0.000001 0.000000 
4316	(   2.857686   8.918342   1.403221   0.357629   3.406987 )	234.980679 -0.000002 -0.000000 0.000002 0.000000 
4317	(   2.857669   8.918324   1.403229   0.357631   3.40701  )	234.991812 -0.000000 -0.000000 0.000000 0.000000 
4318	(   2.857662   8.918299   1.403241   0.357634   3.407002 )	234.987933 0.000003 -0.000001 -0.000003 0.000001 
4319	(   2.857686   8.918328   1.40323    0.357629   3.406987 )	234.980519 -0.000002 -0.000001 0.000002 0.000001 
4320	(   2.857648   8.918294   1.403245   0.357635   3.407021 )	234.996945 -0.000001 0.000003 0.000001 -0.000003 
4321	(   2.857669   8.91833    1.403226   0.35763    3.407012 )	234.992924 -0.000003 -0.000001 0.000003 0.000001 
4322	(   2.857667   8.918328   1.403228   0.35763    3.40702  )	234.996683 0.000000 -0.000000 -0.000000 0.000000 
4323	(   2.857689   8.918327   1.403226   0.357633   3.407006 )	234.989991 0.000049 0.000003 -0.000049 -0.000003 
4324	(   2.85767    8.918374   1.403235   0.357628   3.407015 )	234.994915 -0.000010 0.000050 0.000010 -0.000050 
4325	(   2.857663   8.918343   1.40324    0.357641   3.40699  )	234.982390 0.000038 0.000061 -0.000038 -0.000061 
4326	(   2.857663   8.918342   1.403209   0.357624   3.40699  )	234.982674 -0.000078 -0.000029 0.000078 0.000029 
4327	(   2.857674   8.918306   1.403249   0.357621   3.406998 )	234.985829 -0.000069 -0.000016 0.000069 0.000016 
4328	(   2.857669   8.918383   1.403221   0.357625   3.407002 )	234.988622 -0.000052 0.000029 0.000052 -0.000029 
4329	(   2.857673   8.918283   1.403231   0.357635   3.407023 )	234.997589 0.000049 -0.000029 -0.000049 0.000029 
4330	(   2.857666   8.918322   1.40323    0.357631   3.407011 )	234.992267 -0.000006 -0.000003 0.000006 0.000003 
4331	(   2.857658   8.918306   1.403234   0.357635   3.407002 )	234.988039 0.000000 -0.000001 -0.000000 0.000001 
4332	(   2.85762    8.918225   1.403259   0.357651   3.406972 )	234.972838 0.000006 -0.000003 -0.000006 0.000003 

BBE ( SOL ) BBO
4333	(   2.857652   8.918301   1.403232   0.357638   3.406994 )	234.984078 0.000000 -0.000001 -0.000000 0.000001 
4334	(   2.857632   8.918285   1.403226   0.357647   3.40697  )	234.972195 -0.000001 -0.000000 0.000001 0.000000 
4335	(   2.857574   8.91824    1.403206   0.357673   3.406896 )	234.936550 -0.000003 0.000001 0.000003 -0.000001 
4336	(   2.85778    8.918266   1.403283   0.357626   3.406822 )	234.899345 0.000004 0.000003 -0.000004 -0.000003 
4337	(   2.857794   8.918088   1.403416   0.357622   3.406823 )	234.897795 0.000008 0.000003 -0.000008 -0.000003 
4338	(   2.85764    8.918285   1.403234   0.357642   3.406986 )	234.980017 0.000001 -0.000001 -0.000001 0.000001 
4339	(   2.857663   8.918321   1.403228   0.357633   3.407006 )	234.989833 -0.000001 -0.000000 0.000001 0.000000 
4340	(   2.857687   8.918432   1.403329   0.357624   3.406933 )	234.956007 -0.000091 0.000229 0.000091 -0.000229 
4341	(   2.857716   8.918524   1.40319    0.357634   3.40704  )	235.008254 0.000146 0.000152 -0.000146 -0.000152 
4342	(   2.857569   8.918414   1.403173   0.357625   3.406946 )	234.962986 -0.000311 -0.000007 0.000311 0.000007 
4343	(   2.857658   8.918334   1.403238   0.357681   3.407003 )	234.988708 0.000330 0.000160 -0.000330 -0.000160 
4344	(   2.857584   8.9184     1.403299   0.357626   3.40711  )	235.041983 -0.000110 0.000160 0.000110 -0.000160 
4345	(   2.857732   8.918466   1.403244   0.357676   3.406923 )	234.950711 0.000367 0.000288 -0.000367 -0.000288 
4346	(   2.857532   8.918105   1.403207   0.357617   3.407017 )	234.993680 -0.000369 -0.000289 0.000369 0.000289 
4347	(   2.857704   8.918035   1.40327    0.357634   3.40705  )	235.007647 0.000133 -0.000225 -0.000133 0.000225 
4348	(   2.857646   8.918279   1.403228   0.357649   3.406929 )	234.952213 0.000001 0.000003 -0.000001 -0.000003 
4349	(   2.85759    8.918358   1.403173   0.357648   3.407055 )	235.014644 0.000005 0.000002 -0.000005 -0.000002 
4350	(   2.857648   8.918297   1.403232   0.357639   3.406992 )	234.983289 0.000001 -0.000001 -0.000001 0.000001 
4351	(   2.857659   8.918315   1.403229   0.357634   3.407002 )	234.988197 -0.000000 -0.000000 0.000000 0.000000 
4352	(   2.857632   8.918287   1.403227   0.357645   3.40698  )	234.977352 -0.000001 -0.000001 0.000001 0.000001 
4353	(   2.857796   8.918225   1.40332    0.357621   3.406822 )	234.898743 0.000002 0.000001 -0.000002 -0.000001 
4354	(   2.857692   8.918421   1.403145   0.357639   3.406901 )	234.939890 -0.000002 -0.000001 0.000002 0.000001 
4355	(   2.857653   8.918316   1.403224   0.357637   3.406996 )	234.985147 -0.000001 0.000000 0.000001 -0.000000 
4356	(   2.857655   8.918313   1.403226   0.357636   3.406998 )	234.985870 -0.000001 -0.000000 0.000001 0.000000 
4357	(   2.857759   8.918357   1.403261   0.357665   3.40692  )	234.947878 0.000344 0.000173 -0.000344 -0.000173 
4358	(   2.85769    8.918415   1.403213   0.357619   3.407043 )	235.008892 -0.000006 0.000035 0.000006 -0.000035 
4359	(   2.857726   8.91827    1.403279   0.357602   3.40709  )	235.029470 -0.000012 -0.000065 0.000012 0.000065 
4360	(   2.857599   8.918355   1.40326    0.357584   3.406923 )	234.950782 -0.000562 -0.000055 0.000562 0.000055 
4361	(   2.857562   8.91838    1.403279   0.357682   3.407067 )	235.021264 0.000209 0.000268 -0.000209 -0.000268 
4362	(   2.857573   8.918363   1.40319    0.357597   3.406933 )	234.956027 -0.000516 -0.000111 0.000516 0.000111 
4363	(   2.857691   8.918208   1.403261   0.357697   3.407006 )	234.988364 0.000515 0.000110 -0.000515 -0.000110 
4364	(   2.857617   8.918237   1.40323    0.357637   3.406993 )	234.983312 -0.000077 -0.000069 0.000077 0.000069 
4365	(   2.857639   8.918291   1.403209   0.357653   3.406909 )	234.942894 -0.000002 -0.000001 0.000002 0.000001 
4366	(   2.857669   8.918305   1.403234   0.357635   3.406976 )	234.975202 -0.000000 0.000001 0.000000 -0.000001 
4367	(   2.857667   8.918322   1.403227   0.357633   3.406997 )	234.985558 -0.000001 0.000000 0.000001 -0.000000 
4368	(   2.857656   8.918306   1.403231   0.357637   3.406995 )	234.984448 -0.000000 -0.000000 0.000000 0.000000 
4369	(   2.857644   8.91828    1.403236   0.357643   3.406972 )	234.973199 0.000001 -0.000000 -0.000001 0.000000 
4370	(   2.85767    8.918333   1.403209   0.357639   3.406951 )	234.963561 0.000000 0.000000 -0.000000 -0.000000 
4371	(   2.857715   8.918412   1.403143   0.357644   3.406821 )	234.900911 0.000001 0.000003 -0.000001 -0.000003 
4372	(   2.857603   8.918248   1.403218   0.357664   3.406905 )	234.940625 0.000000 -0.000000 -0.000000 0.000000 

BBE ( SOL ) BBO
4373	(   2.857516   8.918137   1.403194   0.357716   3.406711 )	234.845940 0.000003 0.000000 -0.000003 -0.000000 
4374	(   2.857785   8.918345   1.403186   0.357645   3.406665 )	234.823907 0.000000 -0.000000 -0.000000 0.000000 
4375	(   2.857574   8.91824    1.403206   0.357673   3.406897 )	234.936708 -0.000002 0.000001 0.000002 -0.000001 
4376	(   2.858332   8.918634   1.403091   0.35759    3.405944 )	234.473865 -0.000001 -0.000000 0.000001 0.000000 
4377	(   2.858332   8.918634   1.403091   0.35759    3.405944 )	234.473862 -0.000001 -0.000000 0.000001 0.000000 
4378	(   2.858332   8.918634   1.403091   0.357589   3.405944 )	234.473862 -0.000001 -0.000000 0.000001 0.000000 
4379	(   2.859973   8.919503   1.402805   0.357422   3.403781 )	233.426647 -0.000005 -0.000001 0.000005 0.000001 
4380	(   2.857825   8.918856   1.404197   0.356946   3.411616 )	237.242184 0.000000 -0.000000 -0.000000 0.000000 
4381	(   2.856759   8.919565   1.403247   0.357175   3.412159 )	237.524621 0.000001 0.000001 -0.000001 -0.000001 
4382	(   2.85768    8.918294   1.403199   0.357656   3.406798 )	234.888689 -0.000003 -0.000002 0.000003 0.000002 
4383	(   2.857671   8.918317   1.403222   0.357637   3.406957 )	234.965977 0.000000 0.000000 -0.000000 -0.000000 
4384	(   2.857572   8.920373   1.403624   0.358035   3.400944 )	232.095308 -0.003340 0.003728 0.003340 -0.003728 
4385	(   2.859579   8.919932   1.402845   0.357267   3.401665 )	232.418599 -0.004024 0.000058 0.004024 -0.000058 
4386	(   2.859199   8.923634   1.402483   0.357082   3.404107 )	233.640378 -0.003704 0.002737 0.003704 -0.002737 
4387	(   2.860038   8.91473    1.403688   0.35659    3.40233  )	232.672234 -0.007294 -0.005833 0.007294 0.005833 
4388	(   2.859758   8.915371   1.402091   0.358547   3.402923 )	232.963847 0.006782 -0.002026 -0.006782 0.002026 
4389	(   2.856332   8.916285   1.402371   0.356988   3.403769 )	233.412583 -0.010565 -0.005030 0.010565 0.005030 
4390	(   2.855991   8.916758   1.403527   0.358023   3.411665 )	237.254384 0.004020 -0.000055 -0.004020 0.000055 
4391	(   2.856265   8.921122   1.403552   0.357565   3.418679 )	240.763783 0.008283 0.003070 -0.008283 -0.003070 
4392	(   2.859973   8.919503   1.402805   0.357422   3.403781 )	233.426648 -0.000004 0.000000 0.000004 -0.000000 
4393	(   2.857017   8.917963   1.40315    0.357802   3.407115 )	235.043702 0.000001 0.000000 -0.000001 -0.000000 
4394	(   2.857141   8.91633    1.403886   0.358015   3.40533  )	234.159332 0.000000 0.000001 -0.000000 -0.000001 
4395	(   2.853568   8.909417   1.406272   0.35929    3.403488 )	233.218056 -0.000025 0.000059 0.000025 -0.000059 
4396	(   2.858138   8.918784   1.402774   0.357697   3.405566 )	234.294041 0.000000 0.000001 -0.000000 -0.000001 
4397	(   2.858224   8.918189   1.405742   0.356403   3.414718 )	238.755599 0.000004 0.000002 -0.000004 -0.000002 
4398	(   2.857694   8.918305   1.403197   0.357654   3.406787 )	234.883211 -0.000000 0.000000 0.000000 -0.000000 
4399	(   2.85638    8.919274   1.403167   0.359015   3.400366 )	231.814081 0.000667 0.004706 -0.000667 -0.004706 
4400	(   2.855141   8.914149   1.404419   0.359005   3.409008 )	235.932696 0.006657 0.001338 -0.006657 -0.001338 
4401	(   2.855155   8.914165   1.404415   0.357279   3.40033  )	231.748085 -0.014305 -0.003461 0.014305 0.003461 
4402	(   2.858717   8.918824   1.404186   0.358147   3.40188  )	232.515659 0.000745 0.003291 -0.000745 -0.003291 
4403	(   2.858208   8.917494   1.404886   0.35841    3.403367 )	233.218497 0.003063 0.003688 -0.003063 -0.003688 
4404	(   2.856342   8.92133    1.404099   0.357719   3.406799 )	234.937897 -0.002292 0.004480 0.002292 -0.004480 
4405	(   2.856853   8.917866   1.402186   0.357143   3.41145  )	237.155205 -0.000736 -0.003278 0.000736 0.003278 
4406	(   2.857192   8.916289   1.403869   0.358004   3.405414 )	234.198990 0.000109 -0.000094 -0.000109 0.000094 
4407	(   2.853568   8.909417   1.406272   0.35929    3.403488 )	233.218056 -0.000025 0.000058 0.000025 -0.000058 
4408	(   2.856725   8.91594    1.404004   0.358094   3.405613 )	234.294865 -0.000001 -0.000001 0.000001 0.000001 
4409	(   2.857978   8.918908   1.40313    0.357471   3.407527 )	235.247173 0.000000 -0.000000 -0.000000 0.000000 
4410	(   2.857714   8.918313   1.403182   0.357659   3.406711 )	234.846472 0.000001 0.000000 -0.000001 -0.000000 
4411	(   2.85767    8.918308   1.403218   0.357642   3.406924 )	234.949945 0.000000 -0.000000 -0.000000 0.000000 
4412	(   2.856516   8.915499   1.404306   0.358116   3.40333  )	233.190580 -0.002542 0.000049 0.002542 -0.000049 

BBE ( SOL ) BBO
4413	(   2.85809    8.916698   1.4037     0.35797    3.40333  )	233.191549 -0.000371 -0.000019 0.000371 0.000019 
4414	(   2.856436   8.916057   1.403386   0.358048   3.404672 )	233.843857 -0.001858 -0.000888 0.001858 0.000888 
4415	(   2.856852   8.91833    1.403943   0.358028   3.405061 )	234.056120 -0.000761 0.002120 0.000761 -0.002120 
4416	(   2.857006   8.916278   1.403913   0.357515   3.405204 )	234.099527 -0.003985 -0.001403 0.003985 0.001403 
4417	(   2.856905   8.918501   1.403259   0.358145   3.406403 )	234.705841 0.001524 0.001647 -0.001524 -0.001647 
4418	(   2.858665   8.918189   1.403113   0.357145   3.406927 )	234.942048 -0.001528 -0.001645 0.001528 0.001645 
4419	(   2.857477   8.916484   1.404041   0.357998   3.405828 )	234.399161 0.001064 0.000328 -0.001064 -0.000328 
4420	(   2.856933   8.91595    1.403948   0.357929   3.405103 )	234.047051 -0.001266 -0.000529 0.001266 0.000529 
4421	(   2.856997   8.918214   1.403094   0.35774    3.407605 )	235.284753 0.000000 -0.000000 -0.000000 0.000000 
4422	(   2.857698   8.918299   1.403189   0.357661   3.406736 )	234.858523 0.000000 -0.000000 -0.000000 0.000000 
4423	(   2.857223   8.91533    1.403845   0.358147   3.404525 )	233.757798 0.000311 -0.000691 -0.000311 0.000691 
4424	(   2.856641   8.91703    1.403854   0.358116   3.404713 )	233.874013 -0.000912 0.000938 0.000912 -0.000938 
4425	(   2.857069   8.916219   1.404086   0.358029   3.405241 )	234.115751 -0.000131 0.000215 0.000131 -0.000215 
4426	(   2.857556   8.916965   1.403913   0.357931   3.40433  )	233.681071 -0.000749 0.000441 0.000749 -0.000441 
4427	(   2.857433   8.916776   1.403905   0.358215   3.405689 )	234.335586 0.002387 0.001030 -0.002387 -0.001030 
4428	(   2.85822    8.918298   1.40299    0.357445   3.407415 )	235.183343 0.000201 -0.000878 -0.000201 0.000878 
4429	(   2.857351   8.918392   1.403382   0.357845   3.405915 )	234.465039 -0.000201 0.000879 0.000201 -0.000879 
4430	(   2.857115   8.916301   1.403883   0.358014   3.405417 )	234.201236 0.000026 -0.000034 -0.000026 0.000034 
4431	(   2.858332   8.918634   1.403091   0.35759    3.405944 )	234.474104 -0.000001 -0.000000 0.000001 0.000000 
4432	(   2.857112   8.916069   1.403885   0.358091   3.405048 )	234.020111 0.000205 -0.000049 -0.000205 0.000049 
4433	(   2.857885   8.918451   1.403201   0.3576     3.40679  )	234.885025 -0.000001 -0.000000 0.000001 0.000000 
4434	(   2.85771    8.918269   1.403195   0.357668   3.406655 )	234.818936 0.000000 -0.000001 -0.000000 0.000001 
4435	(   2.85768    8.918317   1.403205   0.357646   3.406877 )	234.927396 0.000000 0.000000 -0.000000 -0.000000 
4436	(   2.857198   8.915985   1.403897   0.357989   3.40483  )	233.913289 -0.000563 -0.000399 0.000563 0.000399 
4437	(   2.856968   8.91683    1.403895   0.357993   3.404895 )	233.956985 -0.000944 0.000454 0.000944 -0.000454 
4438	(   2.857158   8.91636    1.403986   0.358017   3.405373 )	234.180288 0.000093 0.000179 -0.000093 -0.000179 
4439	(   2.8571     8.916258   1.403888   0.358115   3.405225 )	234.108226 0.000528 0.000210 -0.000528 -0.000210 
4440	(   2.857341   8.916677   1.403875   0.35804    3.405193 )	234.095767 0.000455 0.000403 -0.000455 -0.000403 
4441	(   2.857792   8.918626   1.403086   0.35773    3.406438 )	234.717316 0.000396 0.000374 -0.000396 -0.000374 
4442	(   2.857778   8.918064   1.403286   0.357561   3.406891 )	234.930551 -0.000396 -0.000374 0.000396 0.000374 
4443	(   2.857133   8.916314   1.403885   0.358013   3.405352 )	234.170020 -0.000006 -0.000021 0.000006 0.000021 
4444	(   2.857118   8.916216   1.403869   0.35803    3.405048 )	234.021897 -0.000218 -0.000094 0.000218 0.000094 
4445	(   2.857754   8.918294   1.403214   0.35765    3.406696 )	234.838839 0.000000 0.000000 -0.000000 -0.000000 
4446	(   2.857842   8.918375   1.403179   0.357638   3.406599 )	234.792144 -0.000000 0.000000 0.000000 -0.000000 
4447	(   2.857961   8.918439   1.403159   0.357626   3.406447 )	234.717939 -0.000001 0.000000 0.000001 -0.000000 
4448	(   2.858011   8.918466   1.403157   0.357617   3.406403 )	234.696880 -0.000001 0.000001 0.000001 -0.000001 
4449	(   2.857325   8.916335   1.403848   0.358084   3.404573 )	233.792434 0.000122 0.000146 -0.000122 -0.000146 
4450	(   2.857963   8.918464   1.403204   0.357593   3.406674 )	234.828553 -0.000000 -0.000000 0.000000 0.000000 
4451	(   2.857923   8.918406   1.403192   0.357621   3.406562 )	234.773587 -0.000000 -0.000000 0.000000 0.000000 
4452	(   2.858037   8.918456   1.403189   0.357604   3.406449 )	234.718793 0.000000 -0.000000 -0.000000 0.000000 

BBE ( SOL ) BBO
4453	(   2.858379   8.918608   1.403181   0.357553   3.406112 )	234.554490 0.000000 -0.000001 -0.000000 0.000001 
4454	(   2.857059   8.916763   1.403738   0.357931   3.406127 )	234.550578 0.000024 -0.000009 -0.000024 0.000009 
4455	(   2.8578     8.918139   1.40332    0.357651   3.406592 )	234.786107 -0.000001 0.000000 0.000001 -0.000000 
4456	(   2.858066   8.918524   1.403166   0.357591   3.406484 )	234.736177 0.000000 -0.000001 -0.000000 0.000001 
4457	(   2.857832   8.918352   1.403202   0.357635   3.406643 )	234.813115 -0.000000 -0.000000 0.000000 0.000000 
4458	(   2.856641   8.915783   1.40396    0.358061   3.405245 )	234.115858 -0.000775 -0.000312 0.000775 0.000312 
4459	(   2.857397   8.915854   1.403951   0.357815   3.405256 )	234.115930 -0.000983 -0.000940 0.000983 0.000940 
4460	(   2.856929   8.91733    1.403918   0.357917   3.405294 )	234.155974 -0.001170 0.000774 0.001170 -0.000774 
4461	(   2.856785   8.91594    1.403786   0.357851   3.40527  )	234.128707 -0.001961 -0.000986 0.001961 0.000986 
4462	(   2.858246   8.918831   1.403169   0.357657   3.405449 )	234.237798 -0.000185 0.000494 0.000185 -0.000494 
4463	(   2.857115   8.916301   1.40389    0.358002   3.40633  )	234.642810 0.000853 -0.000056 -0.000853 0.000056 
4464	(   2.857828   8.918081   1.403209   0.35755    3.407449 )	235.200795 0.000186 -0.000494 -0.000186 0.000494 
4465	(   2.857167   8.916353   1.403883   0.358017   3.405325 )	234.156975 0.000066 0.000027 -0.000066 -0.000027 
4466	(   2.857117   8.91637    1.403874   0.358013   3.40541  )	234.198885 0.000017 0.000019 -0.000017 -0.000019 
4467	(   2.858045   8.918453   1.403133   0.357633   3.406219 )	234.607341 0.000000 -0.000000 -0.000000 0.000000 
4468	(   2.858071   8.918443   1.402967   0.357722   3.405529 )	234.273068 -0.000000 -0.000000 0.000000 0.000000 
4469	(   2.858147   8.918412   1.402468   0.357987   3.403459 )	233.273119 -0.000000 -0.000001 0.000000 0.000001 
4470	(   2.858147   8.918412   1.402468   0.357987   3.403459 )	233.273120 -0.000004 -0.000002 0.000004 0.000002 
4471	(   2.858376   8.91832    1.400971   0.358783   3.397249 )	230.298956 0.000000 -0.000008 -0.000000 0.000008 
4472	(   2.857852   8.918491   1.402799   0.35779    3.405487 )	234.254991 0.000002 0.000000 -0.000002 -0.000000 
4473	(   2.856484   8.918899   1.402296   0.3579     3.407509 )	235.250093 0.000003 0.000001 -0.000003 -0.000001 
4474	(   2.858135   8.918502   1.403062   0.357652   3.4059   )	234.452763 -0.000002 -0.000001 0.000002 0.000001 
4475	(   2.857908   8.918389   1.403167   0.35764    3.406457 )	234.722958 0.000003 0.000001 -0.000003 -0.000001 
4476	(   2.857214   8.918135   1.401968   0.358455   3.403439 )	233.267082 0.001426 0.000311 -0.001426 -0.000311 
4477	(   2.858675   8.918912   1.402039   0.358389   3.403442 )	233.265791 0.003948 0.001005 -0.003948 -0.001005 
4478	(   2.858144   8.918413   1.40247    0.357985   3.398459 )	230.879588 -0.004997 -0.000002 0.004997 0.000002 
4479	(   2.859147   8.917962   1.40243    0.358748   3.403427 )	233.243026 0.007478 0.001604 -0.007478 -0.001604 
4480	(   2.85854    8.918235   1.402149   0.356987   3.403446 )	233.262219 -0.006385 -0.003393 0.006385 0.003393 
4481	(   2.858421   8.918046   1.402589   0.358722   3.404632 )	233.830848 0.006998 0.001841 -0.006998 -0.001841 
4482	(   2.857721   8.91884    1.403345   0.356722   3.406426 )	234.716104 -0.006994 -0.001840 0.006994 0.001840 
4483	(   2.858058   8.918426   1.402498   0.35792    3.403858 )	233.466217 -0.000267 -0.000130 0.000267 0.000130 
4484	(   2.858376   8.91832    1.400971   0.358784   3.397249 )	230.298955 0.000004 -0.000007 -0.000004 0.000007 
4485	(   2.858041   8.918342   1.402467   0.358132   3.403659 )	233.369267 0.001022 0.000329 -0.001022 -0.000329 
4486	(   2.857872   8.918341   1.40301    0.357737   3.405831 )	234.419528 0.000001 0.000000 -0.000001 -0.000000 
4487	(   2.858135   8.918502   1.403062   0.357652   3.4059   )	234.452763 -0.000000 -0.000000 0.000000 0.000000 
4488	(   2.858391   8.918437   1.402424   0.358059   3.401459 )	232.310838 -0.000974 0.000162 0.000974 -0.000162 
4489	(   2.858203   8.918612   1.402476   0.357975   3.403797 )	233.437799 0.000363 0.000176 -0.000363 -0.000176 
4490	(   2.858045   8.91842    1.402668   0.358009   3.402843 )	232.977971 -0.000663 0.000351 0.000663 -0.000351 
4491	(   2.857647   8.91845    1.402402   0.358096   3.402738 )	232.930921 -0.000960 0.000245 0.000960 -0.000245 
4492	(   2.858083   8.918417   1.40246    0.357487   3.40307  )	233.087128 -0.004106 -0.001392 0.004106 0.001392 

BBE ( SOL ) BBO
4493	(   2.858454   8.918269   1.402996   0.357222   3.405206 )	234.112250 -0.003127 -0.001518 0.003127 0.001518 
4494	(   2.857688   8.918617   1.402938   0.358222   3.405852 )	234.433994 0.003124 0.001519 -0.003124 -0.001519 
4495	(   2.858298   8.918384   1.402427   0.358177   3.404746 )	233.891429 0.002951 0.000439 -0.002951 -0.000439 
4496	(   2.857819   8.918536   1.402974   0.35768    3.405981 )	234.494916 -0.000361 -0.000011 0.000361 0.000011 
4497	(   2.858121   8.918417   1.402427   0.357995   3.403812 )	233.443287 0.000355 -0.000031 -0.000355 0.000031 
4498	(   2.858242   8.918529   1.403039   0.357654   3.405664 )	234.338050 -0.000000 -0.000001 0.000000 0.000001 
4499	(   2.857942   8.918414   1.403144   0.357642   3.406365 )	234.678402 -0.000001 -0.000000 0.000001 0.000000 
4500	(   2.858183   8.918431   1.402368   0.358048   3.402881 )	232.994926 -0.000069 0.000043 0.000069 -0.000043 
4501	(   2.858182   8.918312   1.402494   0.358045   3.402902 )	233.003697 -0.000066 0.000097 0.000066 -0.000097 
4502	(   2.858347   8.918427   1.402483   0.357978   3.403543 )	233.312067 0.000430 0.000010 -0.000430 -0.000010 
4503	(   2.858125   8.918476   1.40253    0.35795    3.402459 )	232.793464 -0.001310 0.000047 0.001310 -0.000047 
4504	(   2.858138   8.918439   1.402494   0.358187   3.403607 )	233.344559 0.001563 0.000616 -0.001563 -0.000616 
4505	(   2.858168   8.918543   1.402905   0.357708   3.405239 )	234.133314 -0.000186 -0.000025 0.000186 0.000025 
4506	(   2.857973   8.918343   1.403029   0.357735   3.405819 )	234.412907 0.000185 0.000024 -0.000185 -0.000024 
4507	(   2.858145   8.918412   1.402468   0.357984   3.403478 )	233.282282 -0.000006 -0.000009 0.000006 0.000009 
4508	(   2.858063   8.918431   1.402958   0.357722   3.405494 )	234.255954 -0.000048 -0.000024 0.000048 0.000024 
4509	(   2.858347   8.918314   1.402438   0.357929   3.403522 )	233.300391 0.000054 -0.000303 -0.000054 0.000303 
4510	(   2.858242   8.918529   1.403039   0.357654   3.405665 )	234.338154 0.000000 -0.000001 -0.000000 0.000001 
4511	(   2.857942   8.918414   1.403144   0.357642   3.406366 )	234.678564 -0.000000 -0.000000 0.000000 0.000000 
4512	(   2.858153   8.918362   1.402469   0.357953   3.403298 )	233.194931 -0.000395 -0.000144 0.000395 0.000144 
4513	(   2.858146   8.918411   1.402518   0.357994   3.403493 )	233.289130 0.000081 0.000088 -0.000081 -0.000088 
4514	(   2.858247   8.91841    1.402468   0.358004   3.403538 )	233.309926 0.000401 0.000042 -0.000401 -0.000042 
4515	(   2.858164   8.918429   1.402472   0.357988   3.402959 )	233.032696 -0.000456 0.000024 0.000456 -0.000024 
4516	(   2.858163   8.918428   1.402472   0.357887   3.403523 )	233.303892 -0.000621 -0.000257 0.000621 0.000257 
4517	(   2.857971   8.918451   1.402975   0.357789   3.405473 )	234.246842 0.000225 0.000207 -0.000225 -0.000207 
4518	(   2.858171   8.918435   1.402959   0.357654   3.405586 )	234.299298 -0.000225 -0.000207 0.000225 0.000207 
4519	(   2.85811    8.918422   1.402431   0.357996   3.403437 )	233.262701 -0.000039 -0.000021 0.000039 0.000021 
4520	(   2.858062   8.918413   1.402498   0.358004   3.403437 )	233.263038 -0.000078 0.000088 0.000078 -0.000088 
4521	(   2.85809    8.918436   1.402985   0.357716   3.405536 )	234.275878 0.000002 0.000000 -0.000002 -0.000000 
4522	(   2.858101   8.918452   1.403004   0.3577     3.405627 )	234.320087 0.000001 -0.000000 -0.000001 0.000000 
4523	(   2.858197   8.918418   1.402465   0.357975   3.403415 )	233.251334 -0.000027 -0.000033 0.000027 0.000033 
4524	(   2.858165   8.918392   1.402481   0.35803    3.40326  )	233.176784 0.000142 0.000114 -0.000142 -0.000114 
4525	(   2.858129   8.918432   1.402456   0.35803    3.403299 )	233.196141 0.000111 0.000121 -0.000111 -0.000121 
4526	(   2.858136   8.918424   1.402488   0.357962   3.403363 )	233.226948 -0.000301 -0.000031 0.000301 0.000031 
4527	(   2.858169   8.918423   1.402483   0.358037   3.403649 )	233.364344 0.000591 0.000169 -0.000591 -0.000169 
4528	(   2.858082   8.91845    1.402947   0.357729   3.405399 )	234.210218 -0.000056 -0.000002 0.000056 0.000002 
4529	(   2.85806    8.918436   1.402987   0.357715   3.405659 )	234.335936 0.000056 0.000001 -0.000056 -0.000001 
4530	(   2.858111   8.918399   1.402466   0.357998   3.403568 )	233.325312 0.000111 0.000012 -0.000111 -0.000012 
4531	(   2.85807    8.918447   1.402956   0.357715   3.405526 )	234.271427 -0.000053 -0.000030 0.000053 0.000030 
4532	(   2.858114   8.918402   1.402468   0.357979   3.40338  )	233.235114 -0.000202 -0.000033 0.000202 0.000033 

BBE ( SOL ) BBO
4533	(   2.858072   8.918429   1.403013   0.357701   3.405739 )	234.374177 0.000060 -0.000007 -0.000060 0.000007 
4534	(   2.85808    8.918445   1.402964   0.357722   3.405484 )	234.251197 -0.000027 -0.000003 0.000027 0.000003 
4535	(   2.858144   8.91841    1.402467   0.35799    3.403359 )	233.224995 -0.000085 0.000003 0.000085 -0.000003 
4536	(   2.858167   8.918403   1.402463   0.357998   3.403482 )	233.283590 0.000139 0.000012 -0.000139 -0.000012 
4537	(   2.858167   8.91841    1.402478   0.357968   3.403419 )	233.253460 -0.000138 -0.000042 0.000138 0.000042 
4538	(   2.858158   8.918421   1.402458   0.357976   3.403437 )	233.262232 -0.000078 -0.000036 0.000078 0.000036 
4539	(   2.858157   8.91842    1.402473   0.358007   3.403438 )	233.262991 0.000143 0.000070 -0.000143 -0.000070 
4540	(   2.858075   8.918453   1.402971   0.357711   3.405451 )	234.235086 -0.000145 -0.000015 0.000145 0.000015 
4541	(   2.858066   8.918433   1.402964   0.357732   3.405608 )	234.311057 0.000145 0.000014 -0.000145 -0.000014 
4542	(   2.858146   8.918412   1.402469   0.357988   3.403462 )	233.274276 0.000002 0.000000 -0.000002 -0.000000 
4543	(   2.858074   8.918446   1.402957   0.357725   3.405514 )	234.265694 0.000019 -0.000001 -0.000019 0.000001 
4544	(   2.858146   8.918421   1.402478   0.357979   3.403359 )	233.225139 -0.000165 -0.000002 0.000165 0.000002 
4545	(   2.858104   8.918457   1.402993   0.357712   3.405582 )	234.298415 0.000046 0.000023 -0.000046 -0.000023 
4546	(   2.858073   8.918438   1.402966   0.357719   3.405516 )	234.266569 -0.000025 -0.000013 0.000025 0.000013 
4547	(   2.858145   8.918412   1.402468   0.357979   3.403409 )	233.249085 -0.000112 -0.000023 0.000112 0.000023 
4548	(   2.858147   8.918407   1.402468   0.357987   3.403459 )	233.272656 -0.000002 -0.000006 0.000002 0.000006 
4549	(   2.858147   8.918412   1.402473   0.357987   3.403459 )	233.273117 -0.000000 0.000006 0.000000 -0.000006 
4550	(   2.858157   8.918412   1.402468   0.357996   3.403415 )	233.251699 0.000039 0.000024 -0.000039 -0.000024 
4551	(   2.858137   8.918412   1.402468   0.357994   3.403439 )	233.263236 0.000010 0.000019 -0.000010 -0.000019 
4552	(   2.858081   8.918442   1.402968   0.357721   3.405512 )	234.264737 -0.000004 -0.000003 0.000004 0.000003 
4553	(   2.858061   8.918444   1.402967   0.357723   3.405546 )	234.281400 0.000003 0.000003 -0.000003 -0.000003 
4554	(   2.858147   8.918417   1.402466   0.357988   3.403465 )	233.276020 0.000010 0.000002 -0.000010 -0.000002 
4555	(   2.858139   8.918412   1.402469   0.357989   3.403473 )	233.279691 0.000012 0.000006 -0.000012 -0.000006 
4556	(   2.858075   8.91844    1.402968   0.357722   3.405541 )	234.278602 0.000022 -0.000002 -0.000022 0.000002 
4557	(   2.858065   8.918441   1.402967   0.357723   3.405573 )	234.294206 0.000043 0.000002 -0.000043 -0.000002 
4558	(   2.858076   8.918444   1.402964   0.357722   3.405507 )	234.261948 -0.000009 -0.000002 0.000009 0.000002 
4559	(   2.858152   8.918412   1.402467   0.357984   3.403456 )	233.271543 -0.000014 -0.000011 0.000014 0.000011 
4560	(   2.858147   8.918414   1.402468   0.357986   3.403458 )	233.272590 -0.000010 -0.000002 0.000010 0.000002 
4561	(   2.858145   8.918412   1.402469   0.357982   3.403454 )	233.270533 -0.000047 -0.000014 0.000047 0.000014 
4562	(   2.85815    8.918413   1.40247    0.357986   3.403465 )	233.275808 0.000005 0.000000 -0.000005 -0.000000 
4563	(   2.858147   8.918412   1.402468   0.357986   3.403479 )	233.282749 0.000009 -0.000005 -0.000009 0.000005 
4564	(   2.858068   8.918442   1.402967   0.357719   3.405509 )	234.263421 -0.000045 -0.000009 0.000045 0.000009 
4565	(   2.858074   8.918443   1.402968   0.357724   3.405549 )	234.282716 0.000045 0.000009 -0.000045 -0.000009 
4566	(   2.858147   8.918412   1.402468   0.357987   3.403459 )	233.273082 0.000001 -0.000000 -0.000001 0.000000 
4567	(   2.858147   8.918412   1.402468   0.357988   3.403459 )	233.272970 0.000003 0.000001 -0.000003 -0.000001 
4568	(   2.858147   8.918413   1.402468   0.357988   3.403457 )	233.271720 -0.000001 0.000001 0.000001 -0.000001 
4569	(   2.858078   8.918444   1.402965   0.357724   3.405512 )	234.264577 0.000016 0.000005 -0.000016 -0.000005 
4570	(   2.858072   8.918441   1.402975   0.357719   3.405529 )	234.272598 -0.000016 0.000002 0.000016 -0.000002 
4571	(   2.858073   8.918442   1.402971   0.357721   3.405525 )	234.270872 -0.000007 0.000001 0.000007 -0.000001 
4572	(   2.858145   8.918413   1.402467   0.357989   3.403439 )	233.263485 -0.000013 0.000004 0.000013 -0.000004 

BBE ( SOL ) BBO
4573	(   2.858149   8.91841    1.402468   0.357988   3.403449 )	233.268145 0.000000 -0.000001 -0.000000 0.000001 
4574	(   2.858156   8.918404   1.402466   0.35799    3.403419 )	233.253334 -0.000001 -0.000002 0.000001 0.000002 
4575	(   2.858071   8.918434   1.402964   0.357729   3.405464 )	234.241149 -0.000013 0.000007 0.000013 -0.000007 
4576	(   2.858154   8.918404   1.402471   0.357986   3.403429 )	233.258380 -0.000024 -0.000008 0.000024 0.000008 
4577	(   2.858089   8.918444   1.402985   0.357711   3.405575 )	234.295195 0.000009 -0.000002 -0.000009 0.000002 
4578	(   2.858077   8.918443   1.402974   0.357718   3.405538 )	234.276952 -0.000003 0.000001 0.000003 -0.000001 
4579	(   2.858159   8.918405   1.40247    0.357989   3.40344  )	233.263462 0.000020 0.000001 -0.000020 -0.000001 
4580	(   2.858158   8.918412   1.402463   0.357989   3.403441 )	233.263951 0.000018 -0.000002 -0.000018 0.000002 
4581	(   2.858144   8.918405   1.402463   0.357985   3.403469 )	233.277883 -0.000010 -0.000020 0.000010 0.000020 
4582	(   2.858146   8.918409   1.402467   0.357988   3.403399 )	233.244101 -0.000058 -0.000003 0.000058 0.000003 
4583	(   2.858147   8.91841    1.402467   0.357998   3.403451 )	233.269040 0.000070 0.000026 -0.000070 -0.000026 
4584	(   2.858075   8.918444   1.402962   0.357721   3.405516 )	234.266575 -0.000010 -0.000009 0.000010 0.000009 
4585	(   2.858066   8.918442   1.402972   0.357723   3.405543 )	234.279562 0.000010 0.000008 -0.000010 -0.000008 
4586	(   2.858149   8.91841    1.402468   0.357988   3.40345  )	233.268330 -0.000002 -0.000002 0.000002 0.000002 
4587	(   2.858081   8.918443   1.402969   0.357722   3.405507 )	234.261901 -0.000001 0.000002 0.000001 -0.000002 
4588	(   2.858152   8.918409   1.402469   0.35799    3.403428 )	233.257968 -0.000003 0.000004 0.000003 -0.000004 
4589	(   2.858075   8.918444   1.402967   0.357721   3.405528 )	234.272352 0.000005 -0.000001 -0.000005 0.000001 
4590	(   2.858075   8.918443   1.402968   0.357721   3.405527 )	234.271982 0.000002 -0.000000 -0.000002 0.000000 
4591	(   2.858149   8.918408   1.402468   0.35799    3.403441 )	233.264095 0.000003 0.000002 -0.000003 -0.000002 
4592	(   2.858154   8.91841    1.402468   0.357989   3.403445 )	233.265943 0.000013 0.000002 -0.000013 -0.000002 
4593	(   2.858149   8.91841    1.40247    0.357989   3.403445 )	233.265979 0.000002 0.000005 -0.000002 -0.000005 
4594	(   2.85815    8.918409   1.402468   0.357983   3.403451 )	233.269106 -0.000031 -0.000015 0.000031 0.000015 
4595	(   2.85815    8.918409   1.402468   0.35799    3.403469 )	233.277751 0.000034 0.000004 -0.000034 -0.000004 
4596	(   2.858071   8.918444   1.402968   0.357724   3.405549 )	234.282738 0.000038 0.000008 -0.000038 -0.000008 
4597	(   2.858071   8.918442   1.402966   0.357719   3.405509 )	234.263399 -0.000038 -0.000009 0.000038 0.000009 
4598	(   2.858149   8.91841    1.402467   0.357989   3.403448 )	233.267585 0.000006 0.000002 -0.000006 -0.000002 
4599	(   2.858071   8.918442   1.402967   0.357724   3.405521 )	234.268938 0.000012 0.000006 -0.000012 -0.000006 
4600	(   2.858146   8.91841    1.40247    0.357986   3.403441 )	233.264141 -0.000029 -0.000004 0.000029 0.000004 
4601	(   2.858065   8.918444   1.40297    0.357722   3.405547 )	234.281384 0.000004 0.000005 -0.000004 -0.000005 
4602	(   2.858077   8.918442   1.402968   0.357721   3.405521 )	234.268899 -0.000002 -0.000001 0.000002 0.000001 
4603	(   2.858151   8.91841    1.402467   0.357989   3.403448 )	233.267703 0.000008 0.000000 -0.000008 -0.000000 
4604	(   2.858148   8.91841    1.402467   0.35799    3.403446 )	233.266809 0.000010 0.000004 -0.000010 -0.000004 
4605	(   2.85815    8.918411   1.402467   0.357987   3.403451 )	233.269109 -0.000006 -0.000005 0.000006 0.000005 
4606	(   2.858149   8.91841    1.402468   0.357988   3.403439 )	233.263334 -0.000011 -0.000001 0.000011 0.000001 
4607	(   2.858148   8.918409   1.402467   0.357987   3.403447 )	233.267183 -0.000015 -0.000007 0.000015 0.000007 
4608	(   2.85807    8.918444   1.402966   0.357721   3.405529 )	234.272675 -0.000007 -0.000002 0.000007 0.000002 
4609	(   2.858072   8.918442   1.402968   0.357722   3.40553  )	234.273462 0.000006 0.000001 -0.000006 -0.000001 
4610	(   2.858149   8.91841    1.402468   0.357988   3.403449 )	233.268100 0.000001 -0.000000 -0.000001 0.000000 
4611	(   2.858148   8.918409   1.402469   0.357989   3.403449 )	233.267964 0.000002 0.000002 -0.000002 -0.000002 
4612	(   2.858077   8.918442   1.402967   0.357722   3.405509 )	234.263343 -0.000003 0.000000 0.000003 -0.000000 

BBE ( SOL ) BBO
4613	(   2.858147   8.918407   1.402469   0.357989   3.403439 )	233.263313 -0.000004 0.000001 0.000004 -0.000001 
4614	(   2.858075   8.918443   1.402961   0.357725   3.4055   )	234.258725 0.000002 -0.000000 -0.000002 0.000000 
4615	(   2.858075   8.918443   1.402955   0.357728   3.405481 )	234.249612 0.000005 -0.000001 -0.000005 0.000001 
4616	(   2.858154   8.91841    1.402468   0.357988   3.403449 )	233.267851 0.000012 0.000001 -0.000012 -0.000001 
4617	(   2.858149   8.918412   1.402467   0.357987   3.403453 )	233.270091 -0.000007 -0.000004 0.000007 0.000004 
4618	(   2.858149   8.918409   1.40247    0.357986   3.403454 )	233.270387 -0.000008 -0.000004 0.000008 0.000004 
4619	(   2.858149   8.918408   1.402466   0.357988   3.403456 )	233.271442 0.000009 -0.000004 -0.000009 0.000004 
4620	(   2.858149   8.918409   1.402467   0.357987   3.403439 )	233.263277 -0.000017 -0.000005 0.000017 0.000005 
4621	(   2.858074   8.918444   1.402969   0.357722   3.405525 )	234.270699 0.000005 0.000005 -0.000005 -0.000005 
4622	(   2.858068   8.918442   1.402965   0.357721   3.405534 )	234.275438 -0.000005 -0.000006 0.000005 0.000006 
4623	(   2.858147   8.91841    1.402468   0.357988   3.403449 )	233.267918 -0.000003 0.000000 0.000003 -0.000000 
4624	(   2.858075   8.918444   1.402966   0.357722   3.405525 )	234.270691 0.000002 -0.000001 -0.000002 0.000001 
4625	(   2.858151   8.918409   1.402467   0.35799    3.403439 )	233.263254 0.000009 0.000003 -0.000009 -0.000003 
4626	(   2.858077   8.918442   1.402967   0.357723   3.405509 )	234.263138 -0.000001 0.000001 0.000001 -0.000001 
4627	(   2.858075   8.918443   1.402964   0.357724   3.405508 )	234.262627 0.000003 0.000002 -0.000003 -0.000002 
4628	(   2.858076   8.918443   1.402967   0.357722   3.405518 )	234.267331 -0.000001 -0.000000 0.000001 0.000000 
4629	(   2.858069   8.918442   1.402964   0.357723   3.405527 )	234.271797 0.000002 -0.000002 -0.000002 0.000002 
4630	(   2.858078   8.918443   1.402967   0.357722   3.405512 )	234.264375 -0.000000 0.000001 0.000000 -0.000001 
4631	(   2.858076   8.918442   1.402964   0.357724   3.4055   )	234.258673 -0.000002 0.000001 0.000002 -0.000001 
4632	(   2.858075   8.918443   1.402967   0.357722   3.40552  )	234.268654 0.000001 0.000000 -0.000001 -0.000000 
4633	(   2.858075   8.918442   1.402973   0.357719   3.405535 )	234.275902 -0.000002 0.000001 0.000002 -0.000001 
4634	(   2.858075   8.918443   1.402964   0.357723   3.405509 )	234.263019 0.000001 0.000000 -0.000001 -0.000000 
4635	(   2.858073   8.918444   1.402966   0.357722   3.405526 )	234.271441 0.000001 -0.000001 -0.000001 0.000001 
4636	(   2.858076   8.918442   1.402967   0.357722   3.405513 )	234.265214 -0.000000 0.000001 0.000000 -0.000001 
4637	(   2.858075   8.918442   1.402966   0.357723   3.405512 )	234.264548 -0.000001 0.000000 0.000001 -0.000000 
4638	(   2.858074   8.918443   1.402965   0.357723   3.405512 )	234.264759 0.000000 0.000001 -0.000000 -0.000001 
4639	(   2.858073   8.918443   1.402965   0.357723   3.405516 )	234.266694 0.000000 0.000000 -0.000000 -0.000000 
4640	(   2.858072   8.918444   1.402964   0.357723   3.405518 )	234.267434 0.000000 0.000000 -0.000000 -0.000000 
4641	(   2.858075   8.918443   1.402967   0.357722   3.405519 )	234.267923 -0.000000 -0.000000 0.000000 0.000000 
4642	(   2.858075   8.918443   1.402966   0.357722   3.405517 )	234.267132 -0.000000 -0.000000 0.000000 0.000000 
4643	(   2.858074   8.918443   1.402966   0.357722   3.405521 )	234.269167 0.000001 0.000000 -0.000001 -0.000000 
4644	(   2.858075   8.918443   1.402966   0.357723   3.405514 )	234.265703 -0.000001 0.000000 0.000001 -0.000000 
4645	(   2.858081   8.918444   1.40296    0.357726   3.405477 )	234.247571 0.000001 0.000002 -0.000001 -0.000002 
4646	(   2.858151   8.918407   1.402468   0.357989   3.403439 )	233.263233 -0.000000 -0.000001 0.000000 0.000001 
4647	(   2.858158   8.918399   1.402468   0.357991   3.403409 )	233.248635 -0.000003 -0.000004 0.000003 0.000004 
4648	(   2.858146   8.918407   1.402466   0.35799    3.403439 )	233.263359 0.000000 -0.000001 -0.000000 0.000001 
4649	(   2.858079   8.918438   1.402969   0.357722   3.405511 )	234.263961 0.000002 -0.000001 -0.000002 0.000001 
4650	(   2.858071   8.918443   1.402968   0.357721   3.405531 )	234.273881 -0.000001 -0.000000 0.000001 0.000000 
4651	(   2.858074   8.918443   1.402965   0.357723   3.405514 )	234.265735 0.000000 0.000000 -0.000000 -0.000000 
4652	(   2.858077   8.918442   1.402965   0.357723   3.405508 )	234.262857 0.000001 -0.000001 -0.000001 0.000001 

BBE ( SOL ) BBO
4653	(   2.858148   8.918403   1.402467   0.357992   3.403423 )	233.255319 -0.000000 0.000001 0.000000 -0.000001 
4654	(   2.858139   8.91839    1.402462   0.358001   3.403374 )	233.231577 -0.000000 0.000007 0.000000 -0.000007 
4655	(   2.858078   8.918445   1.402964   0.357723   3.40551  )	234.263402 0.000001 0.000000 -0.000001 -0.000000 
4656	(   2.858156   8.918401   1.402462   0.357994   3.403392 )	233.240450 0.000000 -0.000002 -0.000000 0.000002 
4657	(   2.858077   8.918443   1.402964   0.357723   3.405504 )	234.260898 0.000000 0.000000 -0.000000 -0.000000 
4658	(   2.85808    8.918444   1.402962   0.357724   3.405492 )	234.254813 0.000000 0.000001 -0.000000 -0.000001 
4659	(   2.858086   8.918445   1.402961   0.357725   3.405474 )	234.246390 -0.000000 0.000002 0.000000 -0.000002 
4660	(   2.858078   8.918441   1.402964   0.357724   3.405496 )	234.256683 -0.000000 0.000000 0.000000 -0.000000 
4661	(   2.858082   8.918434   1.402964   0.357726   3.40547  )	234.244036 -0.000003 -0.000000 0.000003 0.000000 
4662	(   2.858085   8.918431   1.402971   0.357723   3.405489 )	234.253314 0.000001 -0.000001 -0.000001 0.000001 
4663	(   2.858225   8.91842    1.402478   0.357979   3.403359 )	233.224460 -0.000003 -0.000003 0.000003 0.000003 
4664	(   2.858079   8.918442   1.402965   0.357723   3.405501 )	234.259423 -0.000000 0.000000 0.000000 -0.000000 
4665	(   2.858158   8.918383   1.40246    0.357994   3.403403 )	233.245671 0.000016 -0.000022 -0.000016 0.000022 
4666	(   2.858189   8.918423   1.402459   0.358001   3.403342 )	233.216424 0.000067 0.000035 -0.000067 -0.000035 
4667	(   2.858156   8.918407   1.402461   0.357982   3.403406 )	233.247409 -0.000071 -0.000030 0.000071 0.000030 
4668	(   2.858198   8.918399   1.402471   0.35799    3.403437 )	233.261881 0.000105 -0.000000 -0.000105 0.000000 
4669	(   2.858155   8.918406   1.402462   0.357994   3.403523 )	233.303418 0.000126 0.000002 -0.000126 -0.000002 
4670	(   2.858101   8.918421   1.402969   0.357728   3.405493 )	234.254845 0.000068 -0.000003 -0.000068 0.000003 
4671	(   2.858056   8.918461   1.402959   0.357721   3.405499 )	234.258521 -0.000069 0.000004 0.000069 -0.000004 
4672	(   2.858097   8.918417   1.402467   0.357992   3.403423 )	233.256032 -0.000105 0.000015 0.000105 -0.000015 
4673	(   2.858075   8.918452   1.402959   0.357722   3.405518 )	234.267610 0.000000 -0.000001 -0.000000 0.000001 
4674	(   2.858144   8.918396   1.402466   0.357994   3.403418 )	233.252949 0.000000 -0.000000 -0.000000 0.000000 
4675	(   2.858131   8.918377   1.402465   0.358      3.403403 )	233.245840 0.000003 -0.000004 -0.000003 0.000004 
4676	(   2.858151   8.918403   1.402466   0.357992   3.403418 )	233.252918 0.000000 0.000000 -0.000000 -0.000000 
4677	(   2.858161   8.918405   1.402464   0.357991   3.403403 )	233.245716 0.000001 -0.000003 -0.000001 0.000003 
4678	(   2.858135   8.918395   1.402468   0.357994   3.403439 )	233.262930 0.000000 0.000000 -0.000000 -0.000000 
4679	(   2.858165   8.918421   1.402461   0.357988   3.403419 )	233.253433 -0.000001 -0.000000 0.000001 0.000000 
4680	(   2.858217   8.918477   1.402446   0.357974   3.403406 )	233.247775 -0.000003 -0.000004 0.000003 0.000004 
4681	(   2.85815    8.918393   1.402466   0.357995   3.403395 )	233.241676 -0.000000 -0.000000 0.000000 0.000000 
4682	(   2.858147   8.918364   1.402466   0.358006   3.403325 )	233.207954 -0.000000 -0.000001 0.000000 0.000001 
4683	(   2.858138   8.918275   1.402465   0.358037   3.403117 )	233.106816 -0.000001 -0.000004 0.000001 0.000004 
4684	(   2.858043   8.918275   1.402465   0.358039   3.403299 )	233.194863 -0.000002 0.000001 0.000002 -0.000001 
4685	(   2.858041   8.918275   1.402465   0.358039   3.403304 )	233.197278 -0.000002 0.000001 0.000002 -0.000001 
4686	(   2.858126   8.918359   1.402471   0.358005   3.403379 )	233.233937 0.000001 -0.000000 -0.000001 0.000000 
4687	(   2.858136   8.918375   1.402469   0.358      3.403389 )	233.238811 0.000001 -0.000000 -0.000001 0.000000 
4688	(   2.858118   8.918387   1.402476   0.358013   3.403195 )	233.145646 -0.000135 0.000058 0.000135 -0.000058 
4689	(   2.858136   8.918289   1.402446   0.358003   3.403308 )	233.198964 -0.000058 -0.000112 0.000058 0.000112 
4690	(   2.85825    8.918335   1.402468   0.358      3.403346 )	233.216824 0.000188 -0.000043 -0.000188 0.000043 
4691	(   2.858133   8.918164   1.402468   0.358003   3.403296 )	233.191598 -0.000076 -0.000204 0.000076 0.000204 
4692	(   2.858177   8.918593   1.402457   0.35798    3.403323 )	233.209420 -0.000124 0.000147 0.000124 -0.000147 

BBE ( SOL ) BBO
4693	(   2.858161   8.918564   1.402463   0.358008   3.403354 )	233.224311 0.000076 0.000202 -0.000076 -0.000202 
4694	(   2.858146   8.918362   1.402467   0.357895   3.403369 )	233.229025 -0.000752 -0.000307 0.000752 0.000307 
4695	(   2.858097   8.918359   1.402468   0.357999   3.403609 )	233.344926 0.000131 -0.000021 -0.000131 0.000021 
4696	(   2.8581     8.918289   1.402471   0.35803    3.403245 )	233.168664 -0.000001 -0.000001 0.000001 0.000001 
4697	(   2.858169   8.918372   1.402477   0.357997   3.403342 )	233.216166 -0.000001 -0.000001 0.000001 0.000001 
4698	(   2.8581     8.918385   1.402466   0.357994   3.403385 )	233.237166 -0.000125 -0.000013 0.000125 0.000013 
4699	(   2.858155   8.918419   1.402466   0.357978   3.403295 )	233.193859 -0.000214 -0.000022 0.000214 0.000022 
4700	(   2.85815    8.918393   1.402476   0.357995   3.403395 )	233.241635 -0.000000 0.000014 0.000000 -0.000014 
4701	(   2.858152   8.918357   1.402466   0.358045   3.403351 )	233.220223 0.000319 0.000102 -0.000319 -0.000102 
4702	(   2.858156   8.918293   1.402466   0.357975   3.403384 )	233.235379 -0.000148 -0.000158 0.000148 0.000158 
4703	(   2.858137   8.918393   1.402463   0.358056   3.403365 )	233.227314 0.000378 0.000162 -0.000378 -0.000162 
4704	(   2.858157   8.918335   1.402468   0.357956   3.403286 )	233.188596 -0.000378 -0.000165 0.000378 0.000165 
4705	(   2.858152   8.918415   1.402456   0.357992   3.403404 )	233.246620 -0.000013 -0.000004 0.000013 0.000004 
4706	(   2.858179   8.918422   1.402476   0.35798    3.403441 )	233.263958 -0.000003 -0.000000 0.000003 0.000000 
4707	(   2.858154   8.918356   1.402471   0.358005   3.403318 )	233.204099 -0.000001 -0.000004 0.000001 0.000004 
4708	(   2.858127   8.918383   1.402462   0.358007   3.403342 )	233.216251 -0.000013 0.000018 0.000013 -0.000018 
4709	(   2.858167   8.918345   1.402469   0.358004   3.403309 )	233.199657 0.000013 -0.000020 -0.000013 0.000020 
4710	(   2.858154   8.918367   1.402466   0.357993   3.403345 )	233.217277 -0.000058 -0.000032 0.000058 0.000032 
4711	(   2.858138   8.918443   1.402466   0.357994   3.403364 )	233.227499 -0.000065 0.000046 0.000065 -0.000046 
4712	(   2.858151   8.918394   1.402471   0.357995   3.403396 )	233.242431 0.000003 0.000008 -0.000003 -0.000008 
4713	(   2.858148   8.918391   1.402466   0.358015   3.40339  )	233.239365 0.000135 0.000053 -0.000135 -0.000053 
4714	(   2.85813    8.918367   1.402466   0.357993   3.403401 )	233.244433 -0.000050 -0.000033 0.000050 0.000033 
4715	(   2.858151   8.918393   1.402466   0.357995   3.403395 )	233.242081 -0.000002 -0.000001 0.000002 0.000001 
4716	(   2.858131   8.918376   1.402466   0.358001   3.40339  )	233.239304 -0.000000 -0.000001 0.000000 0.000001 
4717	(   2.858142   8.918384   1.402464   0.357997   3.403367 )	233.228411 -0.000033 -0.000008 0.000033 0.000008 
4718	(   2.858157   8.918391   1.402468   0.357996   3.403378 )	233.233557 0.000004 0.000003 -0.000004 -0.000003 
4719	(   2.858158   8.918396   1.402464   0.357994   3.403383 )	233.236146 -0.000002 -0.000003 0.000002 0.000003 
4720	(   2.858151   8.918373   1.402466   0.357995   3.403396 )	233.242295 0.000003 -0.000021 -0.000003 0.000021 
4721	(   2.85816    8.918396   1.402466   0.357994   3.403415 )	233.251258 0.000031 0.000000 -0.000031 -0.000000 
4722	(   2.858151   8.918394   1.402466   0.358005   3.403396 )	233.242304 0.000074 0.000027 -0.000074 -0.000027 
4723	(   2.858144   8.918351   1.402466   0.357996   3.40331  )	233.200658 -0.000093 -0.000041 0.000093 0.000041 
4724	(   2.85815    8.918377   1.402465   0.358016   3.40334  )	233.215250 0.000092 0.000039 -0.000092 -0.000039 
4725	(   2.85815    8.918394   1.402466   0.357995   3.403395 )	233.241694 -0.000001 -0.000000 0.000001 0.000000 
4726	(   2.858141   8.918365   1.402467   0.358006   3.403329 )	233.209897 -0.000005 0.000003 0.000005 -0.000003 
4727	(   2.858148   8.918403   1.402464   0.357997   3.403389 )	233.238938 0.000004 0.000012 -0.000004 -0.000012 
4728	(   2.858155   8.918395   1.402466   0.357994   3.403395 )	233.241671 -0.000002 -0.000004 0.000002 0.000004 
4729	(   2.858151   8.918403   1.402466   0.357998   3.403395 )	233.241761 0.000019 0.000016 -0.000019 -0.000016 
4730	(   2.858152   8.91839    1.402466   0.358      3.403395 )	233.241561 0.000038 0.000011 -0.000038 -0.000011 
4731	(   2.858152   8.918388   1.402465   0.357997   3.403394 )	233.241508 0.000014 -0.000003 -0.000014 0.000003 
4732	(   2.85815    8.918393   1.402466   0.357995   3.403405 )	233.246487 0.000010 -0.000000 -0.000010 0.000000 

BBE ( SOL ) BBO
4733	(   2.858151   8.918364   1.402466   0.358011   3.403326 )	233.208101 0.000045 0.000013 -0.000045 -0.000013 
4734	(   2.858143   8.918364   1.402465   0.358001   3.403325 )	233.207807 -0.000045 -0.000016 0.000045 0.000016 
4735	(   2.85815    8.918393   1.402466   0.357995   3.403395 )	233.241626 -0.000001 -0.000000 0.000001 0.000000 
4736	(   2.85815    8.918389   1.402466   0.357996   3.403394 )	233.241532 0.000004 -0.000003 -0.000004 0.000003 
4737	(   2.858142   8.918391   1.402467   0.357996   3.403411 )	233.249498 0.000001 -0.000000 -0.000001 0.000000 
4738	(   2.858148   8.918393   1.402466   0.357995   3.403399 )	233.243645 -0.000001 -0.000000 0.000001 0.000000 
4739	(   2.85815    8.918388   1.402466   0.357996   3.403395 )	233.241598 0.000001 -0.000005 -0.000001 0.000005 
4740	(   2.858148   8.918395   1.402466   0.357997   3.403394 )	233.241565 0.000004 0.000004 -0.000004 -0.000004 
4741	(   2.85815    8.918393   1.402466   0.357995   3.40339  )	233.239269 -0.000005 -0.000000 0.000005 0.000000 
4742	(   2.858151   8.918394   1.402466   0.357996   3.403394 )	233.241581 0.000008 0.000003 -0.000008 -0.000003 
4743	(   2.858151   8.918393   1.402466   0.357997   3.403395 )	233.241717 0.000016 0.000004 -0.000016 -0.000004 
4744	(   2.858146   8.918363   1.402466   0.358004   3.403325 )	233.207615 -0.000018 -0.000007 0.000018 0.000007 
4745	(   2.858149   8.918364   1.402465   0.358008   3.403326 )	233.208293 0.000018 0.000005 -0.000018 -0.000005 
4746	(   2.85815    8.918393   1.402466   0.357995   3.403395 )	233.241702 -0.000000 -0.000000 0.000000 0.000000 
4747	(   2.858149   8.918394   1.402466   0.357997   3.403395 )	233.242105 0.000009 0.000005 -0.000009 -0.000005 
4748	(   2.858149   8.918393   1.402466   0.357996   3.403395 )	233.242057 0.000000 0.000001 -0.000000 -0.000001 
4749	(   2.858152   8.918394   1.402466   0.357995   3.403391 )	233.239857 -0.000000 0.000000 0.000000 -0.000000 
4750	(   2.858153   8.918394   1.402465   0.357996   3.403387 )	233.237963 -0.000000 0.000000 0.000000 -0.000000 
4751	(   2.858153   8.918394   1.402465   0.357995   3.403391 )	233.239808 -0.000001 -0.000001 0.000001 0.000001 
4752	(   2.85815    8.918393   1.402466   0.357996   3.403394 )	233.241494 -0.000000 0.000000 0.000000 -0.000000 
4753	(   2.858151   8.918393   1.402466   0.357996   3.403391 )	233.240091 0.000001 -0.000000 -0.000001 0.000000 
4754	(   2.858152   8.918393   1.402466   0.357996   3.40339  )	233.239289 0.000002 -0.000000 -0.000002 0.000000 
4755	(   2.858152   8.918394   1.402466   0.357996   3.40339  )	233.239544 0.000001 0.000000 -0.000001 -0.000000 
4756	(   2.858153   8.918394   1.402465   0.357996   3.403388 )	233.238503 0.000002 0.000001 -0.000002 -0.000001 
4757	(   2.858151   8.918394   1.402466   0.357995   3.403393 )	233.240861 -0.000001 0.000000 0.000001 -0.000000 
4758	(   2.858151   8.918394   1.402466   0.357995   3.403392 )	233.240283 0.000000 -0.000000 -0.000000 0.000000 
4759	(   2.85815    8.918393   1.402466   0.357995   3.403395 )	233.241703 -0.000001 -0.000000 0.000001 0.000000 
4760	(   2.858152   8.918394   1.402466   0.357995   3.403391 )	233.240084 0.000000 0.000000 -0.000000 -0.000000 
4761	(   2.858152   8.918394   1.402465   0.357996   3.403389 )	233.238898 0.000001 0.000001 -0.000001 -0.000001 
4762	(   2.858151   8.918394   1.402466   0.357995   3.403393 )	233.241001 -0.000000 -0.000000 0.000000 0.000000 
4763	(   2.858152   8.918394   1.402465   0.357996   3.403388 )	233.238654 0.000000 0.000000 -0.000000 -0.000000 
4764	(   2.858154   8.918394   1.402465   0.357995   3.403386 )	233.237700 0.000000 -0.000000 -0.000000 0.000000 
4765	(   2.858156   8.918395   1.402465   0.357995   3.403383 )	233.235803 0.000000 -0.000000 -0.000000 0.000000 
4766	(   2.858155   8.918394   1.402465   0.357996   3.403383 )	233.236114 0.000001 0.000000 -0.000001 -0.000000 
4767	(   2.858152   8.918394   1.402466   0.357995   3.403391 )	233.239779 0.000000 -0.000000 -0.000000 0.000000 
4768	(   2.858155   8.918395   1.402465   0.357996   3.403384 )	233.236630 0.000000 0.000000 -0.000000 -0.000000 
4769	(   2.858156   8.918395   1.402465   0.357996   3.403382 )	233.235448 -0.000000 0.000000 0.000000 -0.000000 
4770	(   2.858158   8.918395   1.402464   0.357996   3.403377 )	233.233130 -0.000000 0.000000 0.000000 -0.000000 
4771	(   2.858158   8.918395   1.402464   0.357996   3.403377 )	233.233093 0.000000 0.000000 -0.000000 -0.000000 
4772	(   2.858161   8.918396   1.402464   0.357996   3.40337  )	233.229749 0.000000 0.000000 -0.000000 -0.000000 

BBE ( SOL ) BBO
4773	(   2.858161   8.918396   1.402464   0.357995   3.403372 )	233.230656 -0.000000 -0.000000 0.000000 0.000000 
4774	(   2.858163   8.918396   1.402464   0.357996   3.403367 )	233.228424 0.000000 -0.000000 -0.000000 0.000000 
4775	(   2.858168   8.918397   1.402463   0.357995   3.403357 )	233.223654 0.000000 -0.000000 -0.000000 0.000000 
4776	(   2.858167   8.918397   1.402463   0.357996   3.403359 )	233.224567 0.000000 -0.000000 -0.000000 0.000000 
4777	(   2.85817    8.918398   1.402462   0.357996   3.403352 )	233.220900 -0.000000 0.000000 0.000000 -0.000000 
4778	(   2.858177   8.9184     1.402461   0.357996   3.403336 )	233.213449 -0.000001 0.000000 0.000001 -0.000000 
4779	(   2.858173   8.918398   1.402462   0.357996   3.403347 )	233.218681 0.000000 -0.000000 -0.000000 0.000000 
4780	(   2.85818    8.9184     1.402461   0.357996   3.403332 )	233.211457 0.000001 -0.000000 -0.000001 0.000000 
4781	(   2.858175   8.918399   1.402462   0.357996   3.403342 )	233.216365 0.000000 0.000000 -0.000000 -0.000000 
4782	(   2.858181   8.9184     1.40246    0.357996   3.403328 )	233.209220 0.000000 0.000000 -0.000000 -0.000000 
4783	(   2.858182   8.9184     1.40246    0.357996   3.403327 )	233.209060 0.000000 -0.000001 -0.000000 0.000001 
4784	(   2.858166   8.918397   1.402463   0.357996   3.403359 )	233.224577 0.000000 0.000000 -0.000000 -0.000000 
4785	(   2.858177   8.918399   1.402461   0.357996   3.403338 )	233.214232 0.000000 -0.000000 -0.000000 0.000000 
4786	(   2.858181   8.9184     1.40246    0.357996   3.403329 )	233.210108 0.000000 0.000000 -0.000000 -0.000000 
4787	(   2.858185   8.918401   1.40246    0.357996   3.40332  )	233.205602 -0.000000 0.000000 0.000000 -0.000000 
4788	(   2.858193   8.918403   1.402458   0.357996   3.403301 )	233.196577 -0.000000 0.000001 0.000000 -0.000001 
4789	(   2.858189   8.918402   1.402459   0.357996   3.403313 )	233.202238 0.000001 -0.000000 -0.000001 0.000000 
4790	(   2.858175   8.918399   1.402461   0.357996   3.403342 )	233.216234 -0.000000 0.000000 0.000000 -0.000000 
4791	(   2.858187   8.918402   1.402459   0.357996   3.403316 )	233.203478 -0.000000 0.000000 0.000000 -0.000000 
4792	(   2.858194   8.918403   1.402458   0.357996   3.4033   )	233.195877 -0.000000 0.000001 0.000000 -0.000001 
4793	(   2.85819    8.918402   1.402459   0.357996   3.40331  )	233.200822 0.000000 0.000000 -0.000000 -0.000000 
4794	(   2.858197   8.918404   1.402458   0.357996   3.403294 )	233.193116 0.000000 0.000000 -0.000000 -0.000000 
4795	(   2.858195   8.918404   1.402458   0.357996   3.403297 )	233.194378 0.000000 0.000001 -0.000000 -0.000001 
4796	(   2.858182   8.9184     1.40246    0.357996   3.403328 )	233.209268 0.000000 -0.000000 -0.000000 0.000000 
4797	(   2.858192   8.918403   1.402458   0.357996   3.403305 )	233.198166 0.000000 0.000000 -0.000000 -0.000000 
4798	(   2.858195   8.918404   1.402458   0.357996   3.403297 )	233.194565 0.000000 0.000001 -0.000000 -0.000001 
4799	(   2.858185   8.918401   1.40246    0.357996   3.40332  )	233.205592 0.000000 0.000000 -0.000000 -0.000000 
4800	(   2.858197   8.918404   1.402458   0.357996   3.403294 )	233.193162 -0.000000 0.000000 0.000000 -0.000000 
4801	(   2.858198   8.918404   1.402457   0.357996   3.403292 )	233.191804 0.000000 0.000000 -0.000000 -0.000000 
4802	(   2.858205   8.918406   1.402456   0.357996   3.403277 )	233.184905 0.000001 0.000000 -0.000001 -0.000000 
4803	(   2.858203   8.918405   1.402456   0.357996   3.40328  )	233.186298 0.000000 0.000001 -0.000000 -0.000001 
4804	(   2.85819    8.918402   1.402459   0.357996   3.40331  )	233.200769 0.000000 0.000000 -0.000000 -0.000000 
4805	(   2.858203   8.918405   1.402457   0.357996   3.403282 )	233.187329 0.000001 0.000000 -0.000001 -0.000000 
4806	(   2.858191   8.918403   1.402459   0.357996   3.403307 )	233.199441 0.000000 0.000000 -0.000000 -0.000000 
4807	(   2.8582     8.918405   1.402457   0.357996   3.403287 )	233.189507 0.000000 0.000000 -0.000000 -0.000000 
4808	(   2.858206   8.918406   1.402456   0.357996   3.403275 )	233.183876 0.000000 0.000001 -0.000000 -0.000001 
4809	(   2.858203   8.918405   1.402456   0.357996   3.403281 )	233.186861 0.000000 0.000000 -0.000000 -0.000000 
4810	(   2.858209   8.918407   1.402455   0.357996   3.403268 )	233.180572 0.000001 0.000000 -0.000001 -0.000000 
4811	(   2.858206   8.918406   1.402456   0.357996   3.403275 )	233.183615 0.000000 0.000000 -0.000000 -0.000000 
4812	(   2.858213   8.918408   1.402455   0.357996   3.40326  )	233.176340 0.000000 0.000000 -0.000000 -0.000000 

BBE ( SOL ) BBO
4813	(   2.858208   8.918406   1.402456   0.357996   3.403271 )	233.181889 0.000001 0.000000 -0.000001 -0.000000 
4814	(   2.8582     8.918405   1.402457   0.357996   3.403289 )	233.190344 0.000000 0.000000 -0.000000 -0.000000 
4815	(   2.858209   8.918407   1.402455   0.357996   3.403269 )	233.180826 0.000000 0.000000 -0.000000 -0.000000 
4816	(   2.858212   8.918407   1.402455   0.357996   3.403263 )	233.177747 0.000000 0.000000 -0.000000 -0.000000 
4817	(   2.858215   8.918408   1.402454   0.357996   3.403255 )	233.174169 0.000000 0.000000 -0.000000 -0.000000 
4818	(   2.858223   8.91841    1.402453   0.357996   3.403238 )	233.166082 0.000001 0.000000 -0.000001 -0.000000 
4819	(   2.858221   8.918409   1.402453   0.357996   3.403244 )	233.168871 0.000000 0.000000 -0.000000 -0.000000 
4820	(   2.858231   8.918412   1.402452   0.357996   3.403223 )	233.158553 0.000000 0.000000 -0.000000 -0.000000 
4821	(   2.858229   8.918411   1.402452   0.357996   3.403226 )	233.160193 0.000000 0.000000 -0.000000 -0.000000 
4822	(   2.858231   8.918412   1.402451   0.357996   3.403222 )	233.157975 0.000001 0.000000 -0.000001 -0.000000 
4823	(   2.858214   8.918408   1.402454   0.357996   3.403257 )	233.175113 0.000000 0.000000 -0.000000 -0.000000 
4824	(   2.858261   8.918418   1.402446   0.357996   3.403159 )	233.127604 0.000001 0.000000 -0.000001 -0.000000 
4825	(   2.858353   8.918439   1.40243    0.357997   3.402967 )	233.034780 0.000002 -0.000000 -0.000002 0.000000 
4826	(   2.858231   8.918412   1.402451   0.357996   3.403222 )	233.157976 0.000001 0.000000 -0.000001 -0.000000 
4827	(   2.858231   8.918412   1.402451   0.357996   3.403222 )	233.157975 0.000001 0.000000 -0.000001 -0.000000 
4828	(   2.858231   8.918412   1.402452   0.357996   3.403223 )	233.158420 0.000000 0.000000 -0.000000 -0.000000 
4829	(   2.858239   8.918413   1.40245    0.357996   3.403204 )	233.149461 0.000000 0.000000 -0.000000 -0.000000 
4830	(   2.858265   8.918419   1.402445   0.357997   3.403148 )	233.122585 0.000000 0.000001 -0.000000 -0.000001 
4831	(   2.858343   8.918437   1.402431   0.357998   3.402982 )	233.041976 -0.000000 0.000001 0.000000 -0.000001 
4832	(   2.858575   8.918489   1.40239    0.358001   3.402482 )	232.800316 -0.000002 0.000002 0.000002 -0.000002 
4833	(   2.858277   8.918436   1.402444   0.358      3.403075 )	233.087334 -0.000026 0.000024 0.000026 -0.000024 
4834	(   2.85823    8.918405   1.402464   0.357993   3.403233 )	233.163557 -0.000012 0.000003 0.000012 -0.000003 
4835	(   2.858245   8.918415   1.402449   0.357996   3.403193 )	233.144031 0.000000 0.000000 -0.000000 -0.000000 
4836	(   2.85826    8.918418   1.402446   0.357997   3.403162 )	233.128964 0.000000 0.000000 -0.000000 -0.000000 
4837	(   2.858304   8.918428   1.402439   0.357997   3.403068 )	233.083767 -0.000000 0.000000 0.000000 -0.000000 
4838	(   2.858437   8.918459   1.402415   0.357998   3.402788 )	232.948230 -0.000001 -0.000000 0.000001 0.000000 
4839	(   2.858836   8.91855    1.402344   0.358      3.401947 )	232.542091 -0.000003 -0.000002 0.000003 0.000002 
4840	(   2.858464   8.918362   1.402514   0.357984   3.402828 )	232.966087 -0.000004 0.000004 0.000004 -0.000004 
4841	(   2.858456   8.918371   1.402518   0.357978   3.402886 )	232.994292 -0.000003 0.000004 0.000003 -0.000004 
4842	(   2.858281   8.918423   1.402443   0.357997   3.403117 )	233.107303 -0.000000 0.000000 0.000000 -0.000000 
4843	(   2.85822    8.918394   1.402388   0.357994   3.401788 )	232.469217 -0.001467 -0.000113 0.001467 0.000113 
4844	(   2.858318   8.918449   1.402515   0.357997   3.402641 )	232.878568 -0.000395 0.000130 0.000395 -0.000130 
4845	(   2.858271   8.918446   1.402409   0.358008   3.402584 )	232.851438 -0.000471 0.000006 0.000471 -0.000006 
4846	(   2.858937   8.918498   1.402432   0.358      3.402215 )	232.669337 0.000468 0.000069 -0.000468 -0.000069 
4847	(   2.858382   8.918959   1.402413   0.357997   3.402721 )	232.922555 -0.000181 0.000496 0.000181 -0.000496 
4848	(   2.858401   8.918535   1.402539   0.357997   3.40355  )	233.316195 0.000679 0.000248 -0.000679 -0.000248 
4849	(   2.858207   8.918322   1.402339   0.357997   3.402586 )	232.851571 -0.000679 -0.000248 0.000679 0.000248 
4850	(   2.858194   8.918126   1.402412   0.357994   3.403631 )	233.351629 0.000319 -0.000347 -0.000319 0.000347 
4851	(   2.858316   8.918315   1.402538   0.357988   3.403105 )	233.100087 -0.000002 0.000003 0.000002 -0.000003 
4852	(   2.858441   8.918406   1.402433   0.358008   3.402707 )	232.908959 -0.000002 -0.000000 0.000002 0.000000 

BBE ( SOL ) BBO
4853	(   2.858301   8.918428   1.402439   0.357997   3.403075 )	233.086993 -0.000000 0.000000 0.000000 -0.000000 
4854	(   2.858436   8.918659   1.402427   0.358002   3.402532 )	232.827966 -0.000229 0.000228 0.000229 -0.000228 
4855	(   2.858637   8.918458   1.402415   0.357998   3.402786 )	232.945480 0.000407 -0.000001 -0.000407 0.000001 
4856	(   2.858437   8.918498   1.402465   0.357996   3.402919 )	233.011708 0.000116 0.000104 -0.000116 -0.000104 
4857	(   2.858435   8.918308   1.402439   0.357998   3.402288 )	232.706288 -0.000496 -0.000116 0.000496 0.000116 
4858	(   2.858436   8.918359   1.402431   0.358003   3.403134 )	233.113448 0.000377 -0.000064 -0.000377 0.000064 
4859	(   2.858165   8.918628   1.402425   0.358      3.402708 )	232.914058 -0.000620 0.000190 0.000620 -0.000190 
4860	(   2.858443   8.918228   1.402452   0.357993   3.403429 )	233.253607 0.000620 -0.000190 -0.000620 0.000190 
4861	(   2.858247   8.918459   1.402398   0.357998   3.40272  )	232.917447 -0.000456 -0.000024 0.000456 0.000024 
4862	(   2.858428   8.918419   1.402411   0.357997   3.40304  )	233.069139 0.000227 -0.000047 -0.000227 0.000047 
4863	(   2.858273   8.918425   1.40244    0.357997   3.403131 )	233.114020 0.000001 0.000000 -0.000001 -0.000000 
4864	(   2.858317   8.918431   1.402436   0.357997   3.403042 )	233.070967 -0.000000 0.000000 0.000000 -0.000000 
4865	(   2.858355   8.91844    1.40243    0.357997   3.402961 )	233.031730 -0.000000 -0.000000 0.000000 0.000000 
4866	(   2.858471   8.918467   1.402409   0.357998   3.402717 )	232.914059 -0.000001 -0.000001 0.000001 0.000001 
4867	(   2.85847    8.918434   1.402435   0.357997   3.402723 )	232.916628 -0.000001 0.000001 0.000001 -0.000001 
4868	(   2.858281   8.91851    1.402377   0.357999   3.403099 )	233.099557 0.000000 0.000000 -0.000000 -0.000000 
4869	(   2.858342   8.918472   1.402405   0.357998   3.402981 )	233.041905 -0.000000 -0.000000 0.000000 0.000000 
4870	(   2.858555   8.918466   1.402427   0.357997   3.402728 )	232.918519 0.000180 0.000023 -0.000180 -0.000023 
4871	(   2.858292   8.918353   1.402425   0.357998   3.402461 )	232.790971 -0.000623 -0.000092 0.000623 0.000092 
4872	(   2.858347   8.918447   1.40248    0.357997   3.402898 )	233.001663 -0.000079 0.000078 0.000079 -0.000078 
4873	(   2.858593   8.918359   1.402388   0.357996   3.402729 )	232.917590 0.000252 -0.000142 -0.000252 0.000142 
4874	(   2.858281   8.918559   1.402442   0.357999   3.402846 )	232.978874 -0.000254 0.000141 0.000254 -0.000141 
4875	(   2.858395   8.918406   1.402433   0.357999   3.403273 )	233.180997 0.000406 -0.000025 -0.000406 0.000025 
4876	(   2.85824    8.91854    1.402421   0.357998   3.402765 )	232.939814 -0.000421 0.000091 0.000421 -0.000091 
4877	(   2.858351   8.918441   1.402429   0.357997   3.402963 )	233.032871 -0.000007 -0.000001 0.000007 0.000001 
4878	(   2.858272   8.918481   1.4024     0.357997   3.403295 )	233.193699 0.000164 -0.000001 -0.000164 0.000001 
4879	(   2.85838    8.918473   1.402407   0.357997   3.40292  )	233.012221 0.000011 0.000002 -0.000011 -0.000002 
4880	(   2.858367   8.91837    1.402483   0.357995   3.402952 )	233.026591 -0.000000 -0.000001 0.000000 0.000001 
4881	(   2.858302   8.918475   1.402403   0.357998   3.403062 )	233.081313 -0.000000 0.000000 0.000000 -0.000000 
4882	(   2.858321   8.918463   1.402437   0.357997   3.402761 )	232.936180 -0.000268 0.000034 0.000268 -0.000034 
4883	(   2.858392   8.91845    1.40241    0.357997   3.402877 )	232.991208 -0.000008 -0.000019 0.000008 0.000019 
4884	(   2.858363   8.918442   1.40243    0.357996   3.402943 )	233.023371 -0.000009 -0.000000 0.000009 0.000000 
4885	(   2.858481   8.918409   1.4024     0.357998   3.40274  )	232.924422 0.000041 -0.000071 -0.000041 0.000071 
4886	(   2.858455   8.918466   1.402438   0.357997   3.402977 )	233.039142 0.000221 0.000039 -0.000221 -0.000039 
4887	(   2.858403   8.91839    1.402434   0.357997   3.402853 )	232.979025 -0.000010 -0.000044 0.000010 0.000044 
4888	(   2.858393   8.918509   1.40243    0.357998   3.402835 )	232.972041 -0.000042 0.000071 0.000042 -0.000071 
4889	(   2.858353   8.91844    1.40243    0.357997   3.402967 )	233.034670 0.000001 -0.000000 -0.000001 0.000000 
4890	(   2.858364   8.918443   1.402426   0.357998   3.402934 )	233.018784 -0.000005 -0.000001 0.000005 0.000001 
4891	(   2.858402   8.918469   1.402408   0.357997   3.402947 )	233.025240 0.000081 -0.000002 -0.000081 0.000002 
4892	(   2.858347   8.918471   1.402406   0.357998   3.40297  )	233.036880 -0.000000 -0.000000 0.000000 0.000000 

BBE ( SOL ) BBO
4893	(   2.858375   8.91846    1.402438   0.357997   3.402949 )	233.026443 0.000032 0.000033 -0.000032 -0.000033 
4894	(   2.858487   8.918465   1.402415   0.357998   3.402771 )	232.939741 0.000085 0.000006 -0.000085 -0.000006 
4895	(   2.858387   8.918453   1.402415   0.357998   3.402805 )	232.956720 -0.000086 -0.000007 0.000086 0.000007 
4896	(   2.858312   8.918455   1.40242    0.357997   3.402953 )	233.028401 -0.000095 0.000001 0.000095 -0.000001 
4897	(   2.858405   8.918456   1.402422   0.357997   3.40297  )	233.035926 0.000109 0.000004 -0.000109 -0.000004 
4898	(   2.858316   8.918453   1.402435   0.357997   3.402953 )	233.028779 -0.000091 0.000019 0.000091 -0.000019 
4899	(   2.858352   8.918441   1.40243    0.357997   3.403061 )	233.079850 0.000092 0.000002 -0.000092 -0.000002 
4900	(   2.858372   8.9184     1.402433   0.357997   3.402964 )	233.032764 0.000035 -0.000037 -0.000035 0.000037 
4901	(   2.858327   8.918434   1.402436   0.357997   3.403041 )	233.070615 0.000020 0.000003 -0.000020 -0.000003 
4902	(   2.858487   8.918473   1.402426   0.357997   3.402947 )	233.024583 0.000256 0.000028 -0.000256 -0.000028 
4903	(   2.858362   8.918487   1.402394   0.357998   3.402938 )	233.021354 -0.000000 -0.000000 0.000000 0.000000 
4904	(   2.85839    8.918517   1.402371   0.357999   3.402873 )	232.990153 -0.000001 -0.000000 0.000001 0.000000 
4905	(   2.85838    8.918628   1.402286   0.358002   3.40287  )	232.990228 -0.000000 0.000000 0.000000 -0.000000 
4906	(   2.858437   8.919052   1.401963   0.358015   3.402667 )	232.896877 0.000000 0.000001 -0.000000 -0.000001 
4907	(   2.858607   8.920322   1.400995   0.358051   3.402057 )	232.617077 0.000002 0.000004 -0.000002 -0.000004 
4908	(   2.858359   8.918611   1.402289   0.358007   3.402878 )	232.993939 -0.000001 0.000001 0.000001 -0.000001 
4909	(   2.858398   8.918568   1.402332   0.358001   3.402846 )	232.977879 -0.000000 -0.000000 0.000000 0.000000 
4910	(   2.858439   8.918637   1.40228    0.358003   3.402748 )	232.931350 -0.000000 -0.000000 0.000000 0.000000 
4911	(   2.858607   8.920322   1.400995   0.358051   3.402057 )	232.617262 0.000002 0.000004 -0.000002 -0.000004 
4912	(   2.858561   8.918842   1.402123   0.358008   3.402455 )	232.791934 -0.000000 -0.000001 0.000000 0.000001 
4913	(   2.858561   8.918842   1.402123   0.358008   3.402455 )	232.791938 -0.000001 -0.000001 0.000001 0.000001 
4914	(   2.858928   8.919458   1.401653   0.358025   3.401576 )	232.374203 -0.000001 -0.000001 0.000001 0.000001 
4915	(   2.858467   8.918856   1.402156   0.357987   3.402804 )	232.960602 -0.000002 -0.000000 0.000002 0.000000 
4916	(   2.858467   8.918586   1.402342   0.357989   3.402787 )	232.949308 -0.000002 0.000000 0.000002 -0.000000 
4917	(   2.858426   8.918633   1.402282   0.358002   3.402774 )	232.943915 -0.000002 -0.000000 0.000002 0.000000 
4918	(   2.858367   8.918512   1.402375   0.357999   3.402921 )	233.013660 -0.000000 -0.000000 0.000000 0.000000 
4919	(   2.858256   8.918721   1.401996   0.358006   3.400455 )	231.834520 -0.002629 -0.000306 0.002629 0.000306 
4920	(   2.858364   8.919342   1.402107   0.358008   3.402204 )	232.679137 -0.000655 0.000476 0.000655 -0.000476 
4921	(   2.857927   8.918793   1.402323   0.358007   3.401646 )	232.408673 -0.002109 0.000231 0.002109 -0.000231 
4922	(   2.858403   8.91883    1.40211    0.358018   3.402254 )	232.696592 -0.000452 -0.000003 0.000452 0.000003 
4923	(   2.859561   8.918919   1.402204   0.35801    3.401204 )	232.184571 0.000811 0.000194 -0.000811 -0.000194 
4924	(   2.858277   8.91867    1.402328   0.358005   3.400748 )	231.974155 -0.002304 0.000109 0.002304 -0.000109 
4925	(   2.858601   8.918603   1.402231   0.358      3.404748 )	233.892545 0.002303 -0.000110 -0.002303 0.000110 
4926	(   2.858566   8.918837   1.402122   0.358008   3.402511 )	232.818725 0.000063 -0.000008 -0.000063 0.000008 
4927	(   2.858929   8.919458   1.401653   0.358025   3.401576 )	232.374200 -0.000000 -0.000001 0.000000 0.000001 
4928	(   2.860031   8.921305   1.400243   0.358077   3.398939 )	231.125623 0.000003 0.000001 -0.000003 -0.000001 
4929	(   2.85881    8.918764   1.402225   0.357984   3.402116 )	232.626273 -0.000000 -0.000000 0.000000 0.000000 
4930	(   2.859924   8.919146   1.402062   0.35793    3.40022  )	231.713438 0.000001 0.000001 -0.000001 -0.000001 
4931	(   2.859426   8.919061   1.402042   0.357971   3.400947 )	232.064287 -0.000001 0.000000 0.000001 -0.000000 
4932	(   2.861274   8.919954   1.401491   0.35793    3.397447 )	230.389823 0.000006 0.000001 -0.000006 -0.000001 

BBE ( SOL ) BBO
4933	(   2.859924   8.919146   1.402062   0.35793    3.400216 )	231.711526 -0.000003 0.000001 0.000003 -0.000001 
4934	(   2.8572     8.916497   1.404039   0.357876   3.406247 )	234.604787 0.000042 0.000000 -0.000042 -0.000000 
4935	(   2.858288   8.917568   1.403126   0.357956   3.403416 )	233.241594 0.000022 0.000000 -0.000022 -0.000000 
4936	(   2.858596   8.918756   1.402205   0.357997   3.402416 )	232.771955 -0.000048 -0.000000 0.000048 0.000000 
4937	(   2.85842    8.918554   1.402346   0.357998   3.402816 )	232.963250 -0.000004 -0.000001 0.000004 0.000001 
4938	(   2.859411   8.920442   1.401976   0.358021   3.399147 )	231.220997 -0.001464 0.001426 0.001464 -0.001426 
4939	(   2.859416   8.917061   1.401241   0.358002   3.399847 )	231.513492 -0.000894 -0.003045 0.000894 0.003045 
4940	(   2.86381    8.919161   1.402283   0.35796    3.400516 )	231.822681 0.008474 0.000411 -0.008474 -0.000411 
4941	(   2.864426   8.919064   1.402039   0.357971   3.400947 )	232.022369 0.010245 -0.000001 -0.010245 0.000001 
4942	(   2.859438   8.917996   1.403042   0.357994   3.402347 )	232.723220 0.001582 0.000413 -0.001582 -0.000413 
4943	(   2.859428   8.918902   1.402191   0.357965   3.390947 )	227.325026 -0.009984 0.000036 0.009984 -0.000036 
4944	(   2.85381    8.918367   1.402167   0.358009   3.403716 )	233.432515 -0.008457 -0.000411 0.008457 0.000411 
4945	(   2.854434   8.919611   1.402365   0.357944   3.405147 )	234.132585 -0.006224 0.000932 0.006224 -0.000932 
4946	(   2.861274   8.919954   1.401491   0.35793    3.39744  )	230.386497 -0.000001 0.000002 0.000001 -0.000002 
4947	(   2.858948   8.918913   1.402051   0.35802    3.401575 )	232.367277 -0.000002 0.000000 0.000002 -0.000000 
4948	(   2.858603   8.917692   1.403042   0.357956   3.40275  )	232.920151 -0.000000 0.000003 0.000000 -0.000003 
4949	(   2.858596   8.918756   1.402206   0.357997   3.402463 )	232.794525 -0.000001 -0.000000 0.000001 0.000000 
4950	(   2.85842    8.918554   1.402347   0.357998   3.402819 )	232.964691 -0.000001 -0.000000 0.000001 0.000000 
4951	(   2.861426   8.919018   1.401705   0.357974   3.399011 )	231.121799 0.002195 -0.000508 -0.002195 0.000508 
4952	(   2.859358   8.920061   1.402001   0.357971   3.400711 )	231.963999 -0.000372 0.000943 0.000372 -0.000943 
4953	(   2.857979   8.918949   1.401861   0.35798    3.395947 )	229.693854 -0.007868 -0.000341 0.007868 0.000341 
4954	(   2.859746   8.919086   1.402234   0.357991   3.402051 )	232.591129 0.001897 0.000352 -0.001897 -0.000352 
4955	(   2.860259   8.919126   1.402542   0.357965   3.39694  )	230.148316 -0.002322 0.000757 0.002322 -0.000757 
4956	(   2.858543   8.919764   1.4022     0.357987   3.397409 )	230.392913 -0.005211 0.000971 0.005211 -0.000971 
4957	(   2.859077   8.917764   1.402251   0.357982   3.406823 )	234.881767 0.005213 -0.000971 -0.005213 0.000971 
4958	(   2.859372   8.919053   1.402047   0.35797    3.401084 )	232.130235 0.000022 -0.000002 -0.000022 0.000002 
4959	(   2.859224   8.919005   1.402048   0.357987   3.401245 )	232.207993 0.000001 -0.000001 -0.000001 0.000001 
4960	(   2.858577   8.918684   1.401927   0.357979   3.400077 )	231.650652 -0.002549 -0.000518 0.002549 0.000518 
4961	(   2.86002    8.918812   1.402215   0.357981   3.400242 )	231.719165 0.000586 0.000022 -0.000586 -0.000022 
4962	(   2.85981    8.918483   1.402194   0.357978   3.400759 )	231.964190 0.000653 -0.000342 -0.000653 0.000342 
4963	(   2.860426   8.919273   1.402006   0.357969   3.401091 )	232.127371 0.002175 0.000156 -0.002175 -0.000156 
4964	(   2.859163   8.91952    1.401965   0.357981   3.401259 )	232.221387 -0.000157 0.000378 0.000157 -0.000378 
4965	(   2.859222   8.919418   1.402242   0.357967   3.40119  )	232.186841 -0.000201 0.000630 0.000201 -0.000630 
4966	(   2.859493   8.918945   1.402061   0.357972   3.402947 )	233.021724 0.002135 -0.000086 -0.002135 0.000086 
4967	(   2.85781    8.919045   1.402257   0.35799    3.403473 )	233.290201 -0.000652 0.000342 0.000652 -0.000342 
4968	(   2.859023   8.919193   1.401817   0.357964   3.399332 )	231.297293 -0.002481 -0.000204 0.002481 0.000204 
4969	(   2.859528   8.919083   1.401951   0.357967   3.400225 )	231.718262 -0.000535 -0.000116 0.000535 0.000116 
4970	(   2.858789   8.91874    1.402292   0.357986   3.40169  )	232.421885 -0.000459 0.000074 0.000459 -0.000074 
4971	(   2.858596   8.918756   1.402206   0.357997   3.402463 )	232.794521 0.000000 -0.000000 -0.000000 0.000000 
4972	(   2.859919   8.919022   1.402014   0.357969   3.399947 )	231.581447 0.000005 -0.000082 -0.000005 0.000082 

BBE ( SOL ) BBO
4973	(   2.859112   8.919145   1.402102   0.357973   3.399947 )	231.589785 -0.001619 0.000176 0.001619 -0.000176 
4974	(   2.859576   8.919261   1.402033   0.35797    3.401089 )	232.133433 0.000444 0.000187 -0.000444 -0.000187 
4975	(   2.859622   8.919046   1.402031   0.357976   3.401132 )	232.151018 0.000620 -0.000017 -0.000620 0.000017 
4976	(   2.859654   8.919043   1.402142   0.35797    3.401162 )	232.165179 0.000675 0.000122 -0.000675 -0.000122 
4977	(   2.859037   8.918687   1.402325   0.357984   3.401779 )	232.461857 0.000127 0.000064 -0.000127 -0.000064 
4978	(   2.858584   8.918841   1.402125   0.357984   3.402453 )	232.790804 -0.000128 -0.000064 0.000128 0.000064 
4979	(   2.859418   8.919059   1.402041   0.357971   3.400961 )	232.071028 -0.000003 -0.000004 0.000003 0.000004 
4980	(   2.859393   8.919143   1.401951   0.357973   3.401115 )	232.145880 0.000117 -0.000039 -0.000117 0.000039 
4981	(   2.858733   8.918687   1.402233   0.357984   3.402703 )	232.907433 0.000425 -0.000067 -0.000425 0.000067 
4982	(   2.858649   8.918713   1.402246   0.357993   3.40239  )	232.758105 -0.000000 -0.000000 0.000000 0.000000 
4983	(   2.8593     8.919161   1.402013   0.35797    3.401018 )	232.100421 -0.000193 0.000058 0.000193 -0.000058 
4984	(   2.859626   8.919119   1.402018   0.357972   3.400835 )	232.009522 0.000305 0.000026 -0.000305 -0.000026 
4985	(   2.859542   8.919094   1.402068   0.357969   3.400883 )	232.032730 0.000157 0.000064 -0.000157 -0.000064 
4986	(   2.85948    8.918997   1.401992   0.35797    3.401072 )	232.122859 0.000226 -0.000138 -0.000226 0.000138 
4987	(   2.859464   8.919072   1.40205    0.357971   3.401447 )	232.303584 0.000575 0.000023 -0.000575 -0.000023 
4988	(   2.858721   8.918664   1.402217   0.357986   3.402369 )	232.747032 0.000082 -0.000106 -0.000082 0.000106 
4989	(   2.8589     8.918864   1.402234   0.357982   3.401864 )	232.505579 -0.000082 0.000106 0.000082 -0.000106 
4990	(   2.859423   8.91906    1.402042   0.357971   3.400942 )	232.061808 -0.000012 -0.000000 0.000012 0.000000 
4991	(   2.858849   8.918673   1.402156   0.357983   3.40169  )	232.420455 -0.000354 -0.000193 0.000354 0.000193 
4992	(   2.859394   8.919053   1.402015   0.357971   3.400888 )	232.035838 -0.000127 -0.000045 0.000127 0.000045 
4993	(   2.858309   8.918807   1.402144   0.357987   3.402997 )	233.053896 -0.000129 -0.000064 0.000129 0.000064 
4994	(   2.858855   8.918717   1.40228    0.357985   3.402084 )	232.609727 0.000063 0.000032 -0.000063 -0.000032 
4995	(   2.859526   8.919107   1.402046   0.357971   3.400884 )	232.033631 0.000141 0.000052 -0.000141 -0.000052 
4996	(   2.859426   8.919062   1.402042   0.357972   3.400947 )	232.064137 0.000006 0.000003 -0.000006 -0.000003 
4997	(   2.859441   8.919044   1.402062   0.357971   3.400971 )	232.075182 0.000053 0.000011 -0.000053 -0.000011 
4998	(   2.859526   8.919026   1.402032   0.357971   3.401103 )	232.137317 0.000358 -0.000049 -0.000358 0.000049 
4999	(   2.859399   8.919092   1.402044   0.357971   3.401147 )	232.160650 0.000142 0.000035 -0.000142 -0.000035 
5000	(   2.858851   8.918724   1.402208   0.357985   3.402263 )	232.695816 0.000236 -0.000062 -0.000236 0.000062 
5001	(   2.85877    8.918804   1.402242   0.357983   3.40197  )	232.556752 -0.000237 0.000061 0.000237 -0.000061 
5002	(   2.859398   8.919031   1.402018   0.357971   3.400747 )	231.968170 -0.000258 -0.000064 0.000258 0.000064 
5003	(   2.859385   8.919033   1.402051   0.357972   3.400942 )	232.061823 -0.000082 -0.000012 0.000082 0.000012 
5004	(   2.85865    8.918822   1.402236   0.357985   3.402232 )	232.683767 -0.000212 0.000074 0.000212 -0.000074 
5005	(   2.8587     8.918798   1.402229   0.357985   3.40224  )	232.686779 -0.000100 0.000040 0.000100 -0.000040 
5006	(   2.859476   8.919064   1.402035   0.357971   3.400917 )	232.049328 0.000073 -0.000005 -0.000073 0.000005 
5007	(   2.859421   8.919041   1.40204    0.357971   3.400939 )	232.060251 -0.000019 -0.000022 0.000019 0.000022 
5008	(   2.859396   8.919066   1.402045   0.357971   3.400899 )	232.041334 -0.000108 0.000010 0.000108 -0.000010 
5009	(   2.859456   8.919057   1.402052   0.357971   3.400995 )	232.086775 0.000109 0.000010 -0.000109 -0.000010 
5010	(   2.859413   8.919063   1.402037   0.357971   3.401047 )	232.112293 0.000073 -0.000004 -0.000073 0.000004 
5011	(   2.858818   8.918744   1.402227   0.357985   3.402115 )	232.625039 0.000015 -0.000018 -0.000015 0.000018 
5012	(   2.858803   8.918784   1.402224   0.357984   3.402118 )	232.627508 -0.000015 0.000018 0.000015 -0.000018 

BBE ( SOL ) BBO
5013	(   2.859425   8.919073   1.402038   0.35797    3.400885 )	232.034584 -0.000068 0.000005 0.000068 -0.000005 
5014	(   2.859419   8.919061   1.402037   0.357971   3.400942 )	232.061485 -0.000021 -0.000006 0.000021 0.000006 
5015	(   2.858823   8.918721   1.402203   0.357986   3.402371 )	232.747849 0.000291 -0.000070 -0.000291 0.000070 
5016	(   2.858783   8.918783   1.402233   0.357984   3.40207  )	232.604512 -0.000105 0.000029 0.000105 -0.000029 
5017	(   2.859429   8.919071   1.402047   0.357971   3.400958 )	232.069336 0.000015 0.000017 -0.000015 -0.000017 
5018	(   2.859446   8.919054   1.402046   0.357971   3.40094  )	232.060491 0.000032 -0.000001 -0.000032 0.000001 
5019	(   2.859435   8.919058   1.40204    0.357971   3.400944 )	232.062586 0.000016 -0.000005 -0.000016 0.000005 
5020	(   2.859406   8.919053   1.402045   0.357971   3.400955 )	232.067904 -0.000034 -0.000003 0.000034 0.000003 
5021	(   2.859429   8.91906    1.402041   0.357971   3.400997 )	232.088187 0.000055 -0.000002 -0.000055 0.000002 
5022	(   2.858819   8.918771   1.402226   0.357984   3.402112 )	232.624107 0.000013 0.000008 -0.000013 -0.000008 
5023	(   2.858801   8.918756   1.402224   0.357985   3.402121 )	232.628440 -0.000013 -0.000008 0.000013 0.000008 
5024	(   2.859441   8.919064   1.402036   0.357971   3.400933 )	232.057447 0.000015 -0.000006 -0.000015 0.000006 
5025	(   2.859435   8.919061   1.402041   0.357971   3.400944 )	232.062485 0.000014 -0.000000 -0.000014 0.000000 
5026	(   2.858819   8.91875    1.402226   0.357984   3.402071 )	232.604161 -0.000026 -0.000013 0.000026 0.000013 
5027	(   2.858801   8.918778   1.402225   0.357984   3.402162 )	232.648388 0.000026 0.000013 -0.000026 -0.000013 
5028	(   2.858815   8.918757   1.402225   0.357984   3.402094 )	232.615217 -0.000013 -0.000007 0.000013 0.000007 
5029	(   2.859426   8.919065   1.402041   0.357971   3.400932 )	232.056998 -0.000017 0.000004 0.000017 -0.000004 
5030	(   2.859426   8.919061   1.402044   0.357971   3.400945 )	232.063084 -0.000004 0.000002 0.000004 -0.000002 
5031	(   2.859426   8.919065   1.402042   0.357971   3.400936 )	232.058667 -0.000011 0.000004 0.000011 -0.000004 
5032	(   2.859436   8.919061   1.402042   0.357971   3.400947 )	232.064024 0.000019 0.000000 -0.000019 -0.000000 
5033	(   2.859426   8.919066   1.402042   0.357971   3.400967 )	232.073913 0.000020 0.000005 -0.000020 -0.000005 
5034	(   2.85882    8.918763   1.402226   0.357984   3.402106 )	232.621159 0.000010 -0.000000 -0.000010 0.000000 
5035	(   2.8588     8.918765   1.402225   0.357984   3.402127 )	232.631388 -0.000010 0.000000 0.000010 -0.000000 
5036	(   2.859426   8.919061   1.402042   0.357971   3.400948 )	232.064363 -0.000001 -0.000000 0.000001 0.000000 
5037	(   2.858813   8.91877    1.402226   0.357984   3.402094 )	232.615385 -0.000017 0.000006 0.000017 -0.000006 
5038	(   2.859432   8.919063   1.402041   0.357971   3.400961 )	232.070959 0.000026 0.000001 -0.000026 -0.000001 
5039	(   2.858813   8.918758   1.402225   0.357984   3.402128 )	232.631872 0.000017 -0.000006 -0.000017 0.000006 
5040	(   2.858813   8.918767   1.402226   0.357984   3.402102 )	232.619507 -0.000009 0.000003 0.000009 -0.000003 
5041	(   2.859429   8.919062   1.402042   0.357971   3.400937 )	232.059476 -0.000004 0.000001 0.000004 -0.000001 
5042	(   2.859428   8.919061   1.402041   0.357971   3.40094  )	232.060525 -0.000004 -0.000002 0.000004 0.000002 
5043	(   2.859425   8.919063   1.402042   0.357971   3.400946 )	232.063836 -0.000004 0.000002 0.000004 -0.000002 
5044	(   2.859421   8.919061   1.402043   0.357971   3.400941 )	232.061341 -0.000018 0.000001 0.000018 -0.000001 
5045	(   2.859421   8.919061   1.402041   0.357971   3.400941 )	232.061339 -0.000017 -0.000001 0.000017 0.000001 
5046	(   2.858815   8.918763   1.402225   0.357984   3.40212  )	232.627867 0.000014 -0.000002 -0.000014 0.000002 
5047	(   2.858805   8.918764   1.402226   0.357984   3.402113 )	232.624680 -0.000014 0.000001 0.000014 -0.000001 
5048	(   2.859427   8.919061   1.402042   0.357971   3.400948 )	232.064669 0.000001 0.000000 -0.000001 -0.000000 
5049	(   2.859425   8.919062   1.402042   0.357971   3.400937 )	232.059515 -0.000012 0.000002 0.000012 -0.000002 
5050	(   2.858804   8.918766   1.402226   0.357984   3.402106 )	232.621336 -0.000023 0.000003 0.000023 -0.000003 
5051	(   2.858813   8.918764   1.402225   0.357984   3.402116 )	232.626234 0.000004 -0.000000 -0.000004 0.000000 
5052	(   2.859428   8.919061   1.402042   0.357971   3.400943 )	232.062163 -0.000001 0.000000 0.000001 -0.000000 

BBE ( SOL ) BBO
5053	(   2.859434   8.919061   1.402042   0.357971   3.40093  )	232.055792 -0.000002 0.000001 0.000002 -0.000001 
5054	(   2.859436   8.919061   1.402042   0.357971   3.40093  )	232.055778 0.000002 0.000000 -0.000002 -0.000000 
5055	(   2.858817   8.918763   1.402226   0.357984   3.402106 )	232.621186 0.000003 0.000000 -0.000003 -0.000000 
5056	(   2.858829   8.918763   1.402227   0.357984   3.402092 )	232.614356 0.000014 0.000001 -0.000014 -0.000001 
5057	(   2.858807   8.918765   1.402225   0.357984   3.402118 )	232.627130 -0.000004 0.000000 0.000004 -0.000000 
5058	(   2.859431   8.919061   1.402042   0.357971   3.400933 )	232.057347 -0.000006 0.000000 0.000006 -0.000000 
5059	(   2.859423   8.919062   1.402042   0.357971   3.400936 )	232.058815 -0.000018 0.000001 0.000018 -0.000001 
5060	(   2.859427   8.919061   1.402043   0.357971   3.400948 )	232.064419 0.000001 0.000001 -0.000001 -0.000001 
5061	(   2.859429   8.919061   1.402042   0.357971   3.400941 )	232.061145 -0.000002 0.000001 0.000002 -0.000001 
5062	(   2.859432   8.919062   1.402042   0.357971   3.400944 )	232.062409 0.000007 0.000002 -0.000007 -0.000002 
5063	(   2.858807   8.918764   1.402226   0.357984   3.402126 )	232.631104 0.000003 0.000001 -0.000003 -0.000001 
5064	(   2.858814   8.918764   1.402225   0.357984   3.402106 )	232.621443 -0.000003 -0.000001 0.000003 0.000001 
5065	(   2.859428   8.919061   1.402042   0.357971   3.400945 )	232.062938 -0.000000 0.000000 0.000000 -0.000000 
5066	(   2.859427   8.919062   1.402042   0.357971   3.40095  )	232.065263 0.000003 0.000000 -0.000003 -0.000000 
5067	(   2.859435   8.91906    1.402042   0.357971   3.40093  )	232.055767 0.000001 -0.000001 -0.000001 0.000001 
5068	(   2.859431   8.91906    1.402044   0.357971   3.400939 )	232.059976 0.000001 0.000002 -0.000001 -0.000002 
5069	(   2.859419   8.919063   1.402041   0.357971   3.400963 )	232.071601 -0.000001 0.000001 0.000001 -0.000001 
5070	(   2.859431   8.919061   1.402042   0.357971   3.400938 )	232.059726 0.000000 -0.000000 -0.000000 0.000000 
5071	(   2.859429   8.919061   1.402042   0.357971   3.40094  )	232.060721 -0.000002 0.000000 0.000002 -0.000000 
5072	(   2.859427   8.919061   1.402042   0.357971   3.400946 )	232.063682 0.000000 0.000000 -0.000000 -0.000000 
5073	(   2.859441   8.919058   1.402042   0.357971   3.400918 )	232.050089 0.000001 -0.000002 -0.000001 0.000002 
5074	(   2.859441   8.919059   1.402044   0.357971   3.400918 )	232.050096 0.000001 0.000000 -0.000001 -0.000000 
5075	(   2.85947    8.919054   1.402048   0.357971   3.400858 )	232.021208 0.000002 0.000002 -0.000002 -0.000002 
5076	(   2.85943    8.919053   1.402049   0.357971   3.40094  )	232.060747 0.000001 0.000002 -0.000001 -0.000002 
5077	(   2.859467   8.919062   1.402041   0.357971   3.400858 )	232.021326 -0.000004 0.000000 0.000004 -0.000000 
5078	(   2.859436   8.91906    1.402043   0.357971   3.400929 )	232.055155 0.000001 0.000000 -0.000001 -0.000000 
5079	(   2.859432   8.91906    1.402047   0.357971   3.400918 )	232.050290 -0.000017 0.000006 0.000017 -0.000006 
5080	(   2.859431   8.919061   1.402042   0.357971   3.400937 )	232.059135 0.000000 0.000000 -0.000000 -0.000000 
5081	(   2.859431   8.91906    1.402042   0.357972   3.400933 )	232.057364 0.000002 0.000002 -0.000002 -0.000002 
5082	(   2.859431   8.919064   1.402036   0.357971   3.400936 )	232.058901 0.000002 -0.000003 -0.000002 0.000003 
5083	(   2.85947    8.919053   1.402047   0.357971   3.400858 )	232.021203 0.000001 0.000000 -0.000001 -0.000000 
5084	(   2.859558   8.919036   1.402059   0.357971   3.400679 )	231.934547 0.000000 -0.000001 -0.000000 0.000001 
5085	(   2.859821   8.918986   1.402094   0.35797    3.400142 )	231.674770 0.000000 -0.000003 -0.000000 0.000003 
5086	(   2.859556   8.919093   1.402017   0.357972   3.400679 )	231.935211 0.000004 -0.000002 -0.000004 0.000002 
5087	(   2.859558   8.919033   1.402062   0.357971   3.400679 )	231.934505 0.000000 -0.000000 -0.000000 0.000000 
5088	(   2.859558   8.919022   1.40207    0.357971   3.400679 )	231.934381 0.000001 0.000000 -0.000001 -0.000000 
5089	(   2.859558   8.91899    1.402094   0.357971   3.400679 )	231.934007 0.000001 0.000002 -0.000001 -0.000002 
5090	(   2.859442   8.919061   1.402036   0.357973   3.400891 )	232.037119 -0.000005 -0.000000 0.000005 0.000000 
5091	(   2.8595     8.919042   1.402062   0.357968   3.400811 )	231.998156 -0.000006 0.000002 0.000006 -0.000002 
5092	(   2.8601     8.919347   1.401866   0.357957   3.399662 )	231.447213 0.000001 0.000000 -0.000001 -0.000000 

BBE ( SOL ) BBO
5093	(   2.859133   8.91891    1.402136   0.357978   3.401503 )	232.330945 -0.000000 -0.000000 0.000000 0.000000 
5094	(   2.861726   8.920288   1.40128    0.357917   3.396609 )	229.991605 0.000004 0.000003 -0.000004 -0.000003 
5095	(   2.859551   8.918988   1.40209    0.357973   3.400673 )	231.931161 -0.000002 0.000001 0.000002 -0.000001 
5096	(   2.860426   8.919286   1.401885   0.357973   3.39887  )	231.065929 -0.000006 0.000009 0.000006 -0.000009 
5097	(   2.859777   8.919201   1.401956   0.357964   3.400275 )	231.741415 0.000001 0.000000 -0.000001 -0.000000 
5098	(   2.859294   8.918982   1.402091   0.357974   3.401196 )	232.183421 0.000000 -0.000000 -0.000000 0.000000 
5099	(   2.8603     8.919337   1.401842   0.357958   3.39941  )	231.325115 0.000163 -0.000043 -0.000163 0.000043 
5100	(   2.86009    8.919547   1.401839   0.357958   3.399381 )	231.315583 -0.000295 0.000163 0.000295 -0.000163 
5101	(   2.860065   8.919309   1.402066   0.357959   3.398691 )	230.984093 -0.001022 0.000250 0.001022 -0.000250 
5102	(   2.860074   8.919318   1.401796   0.357952   3.398939 )	231.102119 -0.000807 -0.000141 0.000807 0.000141 
5103	(   2.860027   8.919266   1.401666   0.357961   3.399125 )	231.190453 -0.000653 -0.000351 0.000653 0.000351 
5104	(   2.85938    8.918841   1.402209   0.357969   3.401679 )	232.412727 0.000619 0.000010 -0.000619 -0.000010 
5105	(   2.859735   8.919224   1.401915   0.357972   3.399679 )	231.457280 -0.000618 -0.000011 0.000618 0.000011 
5106	(   2.860089   8.919342   1.401867   0.357957   3.399741 )	231.484969 0.000056 -0.000003 -0.000056 0.000003 
5107	(   2.861726   8.920288   1.40128    0.357917   3.396608 )	229.991517 0.000004 0.000003 -0.000004 -0.000003 
5108	(   2.859553   8.919032   1.402064   0.35797    3.400691 )	231.940069 -0.000000 0.000000 0.000000 -0.000000 
5109	(   2.860262   8.919377   1.401976   0.357957   3.399546 )	231.391006 0.000218 0.000185 -0.000218 -0.000185 
5110	(   2.859533   8.919038   1.402059   0.357971   3.40073  )	231.958863 0.000000 -0.000000 -0.000000 0.000000 
5111	(   2.86       8.919436   1.401872   0.357958   3.399353 )	231.301768 -0.000502 0.000101 0.000502 -0.000101 
5112	(   2.860105   8.91935    1.401966   0.357957   3.399678 )	231.455067 0.000027 0.000145 -0.000027 -0.000145 
5113	(   2.860182   8.919405   1.401861   0.357956   3.399162 )	231.208640 -0.000335 0.000049 0.000335 -0.000049 
5114	(   2.860118   8.919247   1.401875   0.357959   3.399226 )	231.237880 -0.000382 -0.000083 0.000382 0.000083 
5115	(   2.860181   8.919404   1.401862   0.357959   3.399913 )	231.567168 0.000432 0.000056 -0.000432 -0.000056 
5116	(   2.859556   8.919062   1.40207    0.357971   3.400179 )	231.695785 -0.000493 0.000043 0.000493 -0.000043 
5117	(   2.859559   8.919004   1.402053   0.35797    3.401179 )	232.173475 0.000494 -0.000044 -0.000494 0.000044 
5118	(   2.8601     8.919344   1.401865   0.357957   3.399676 )	231.453855 0.000015 -0.000004 -0.000015 0.000004 
5119	(   2.860122   8.919357   1.401862   0.357957   3.399663 )	231.447658 0.000048 0.000004 -0.000048 -0.000004 
5120	(   2.859565   8.91901    1.402005   0.357969   3.400695 )	231.941534 0.000019 -0.000109 -0.000019 0.000109 
5121	(   2.859575   8.919028   1.402065   0.35797    3.400645 )	231.917990 0.000000 -0.000001 -0.000000 0.000001 
5122	(   2.859465   8.919053   1.402048   0.357971   3.40087  )	232.026693 0.000000 0.000000 -0.000000 -0.000000 
5123	(   2.860099   8.919397   1.401867   0.357957   3.399663 )	231.448506 0.000002 0.000051 -0.000002 -0.000051 
5124	(   2.860079   8.919346   1.401834   0.357958   3.399741 )	231.485506 0.000046 -0.000043 -0.000046 0.000043 
5125	(   2.86013    8.919348   1.401816   0.357957   3.399544 )	231.390688 -0.000056 -0.000070 0.000056 0.000070 
5126	(   2.86015    8.919346   1.401885   0.357958   3.399706 )	231.468149 0.000152 0.000028 -0.000152 -0.000028 
5127	(   2.860089   8.919346   1.401885   0.357958   3.399462 )	231.351851 -0.000217 0.000027 0.000217 -0.000027 
5128	(   2.859511   8.919044   1.402112   0.357971   3.400837 )	232.010597 0.000063 0.000081 -0.000063 -0.000081 
5129	(   2.859604   8.919022   1.402012   0.35797    3.400521 )	231.858438 -0.000062 -0.000082 0.000062 0.000082 
5130	(   2.860099   8.919346   1.401867   0.357957   3.399666 )	231.449380 0.000005 -0.000001 -0.000005 0.000001 
5131	(   2.859574   8.919027   1.402065   0.357971   3.400645 )	231.917981 0.000001 -0.000002 -0.000001 0.000002 
5132	(   2.859575   8.919038   1.402059   0.357971   3.400645 )	231.918100 0.000001 -0.000000 -0.000001 0.000000 

BBE ( SOL ) BBO
5133	(   2.860122   8.919351   1.401857   0.357957   3.399697 )	231.464216 0.000082 -0.000009 -0.000082 0.000009 
5134	(   2.859585   8.919026   1.402068   0.35797    3.400625 )	231.907994 0.000000 0.000000 -0.000000 -0.000000 
5135	(   2.859662   8.919009   1.40208    0.35797    3.400468 )	231.832165 0.000000 0.000000 -0.000000 -0.000000 
5136	(   2.859892   8.918956   1.402119   0.35797    3.399997 )	231.604826 0.000000 0.000001 -0.000000 -0.000001 
5137	(   2.859662   8.919009   1.40208    0.35797    3.400468 )	231.832165 0.000001 0.000001 -0.000001 -0.000001 
5138	(   2.86011    8.919342   1.401875   0.357959   3.399536 )	231.386935 -0.000093 0.000012 0.000093 -0.000012 
5139	(   2.859692   8.919002   1.402085   0.35797    3.400407 )	231.802791 0.000000 -0.000000 -0.000000 0.000000 
5140	(   2.859805   8.918976   1.402104   0.35797    3.400176 )	231.690921 0.000000 -0.000000 -0.000000 0.000000 
5141	(   2.860146   8.918899   1.40216    0.357969   3.399481 )	231.355629 0.000000 -0.000001 -0.000000 0.000001 
5142	(   2.860146   8.918899   1.40216    0.357969   3.399482 )	231.355728 0.000001 -0.000001 -0.000001 0.000001 
5143	(   2.861168   8.918668   1.402328   0.357966   3.397398 )	230.352453 0.000002 -0.000001 -0.000002 0.000001 
5144	(   2.859683   8.91908    1.402038   0.357966   3.400455 )	231.826533 -0.000001 -0.000001 0.000001 0.000001 
5145	(   2.860401   8.919286   1.401886   0.357972   3.398877 )	231.069877 -0.000052 0.000010 0.000052 -0.000010 
5146	(   2.859767   8.918986   1.402096   0.35797    3.400251 )	231.727201 0.000001 -0.000000 -0.000001 0.000000 
5147	(   2.859607   8.919021   1.402072   0.35797    3.400581 )	231.886744 -0.000000 -0.000000 0.000000 0.000000 
5148	(   2.860172   8.919092   1.402107   0.357974   3.399244 )	231.244614 -0.000146 0.000131 0.000146 -0.000131 
5149	(   2.860158   8.91899    1.40236    0.357968   3.399369 )	231.303345 -0.000093 0.000370 0.000093 -0.000370 
5150	(   2.860346   8.918858   1.402171   0.357969   3.399532 )	231.377800 0.000464 -0.000024 -0.000464 0.000024 
5151	(   2.860086   8.91876    1.402281   0.357974   3.400022 )	231.612865 0.000452 0.000045 -0.000452 -0.000045 
5152	(   2.860157   8.918979   1.402138   0.357968   3.400481 )	231.834224 0.001011 0.000046 -0.001011 -0.000046 
5153	(   2.860005   8.918952   1.402294   0.357967   3.401145 )	232.152694 0.001352 0.000236 -0.001352 -0.000236 
5154	(   2.859605   8.919      1.401914   0.357973   3.399207 )	231.230082 -0.001352 -0.000236 0.001352 0.000236 
5155	(   2.860144   8.918897   1.402157   0.357969   3.399469 )	231.349894 -0.000016 -0.000006 0.000016 0.000006 
5156	(   2.861168   8.918668   1.402328   0.357966   3.397399 )	230.352632 0.000002 -0.000001 -0.000002 0.000001 
5157	(   2.860157   8.918858   1.402163   0.357969   3.399775 )	231.495078 0.000312 -0.000037 -0.000312 0.000037 
5158	(   2.859733   8.918997   1.402012   0.357973   3.400579 )	231.884553 0.000275 -0.000101 -0.000275 0.000101 
5159	(   2.859782   8.91898    1.402102   0.35797    3.400223 )	231.713768 -0.000000 0.000000 0.000000 -0.000000 
5160	(   2.860129   8.918871   1.402122   0.35797    3.398981 )	231.116904 -0.000527 -0.000080 0.000527 0.000080 
5161	(   2.860182   8.918889   1.402146   0.357967   3.399303 )	231.270034 -0.000118 -0.000035 0.000118 0.000035 
5162	(   2.860172   8.918999   1.40215    0.357969   3.399354 )	231.295691 -0.000073 0.000086 0.000073 -0.000086 
5163	(   2.86011    8.918909   1.40206    0.357969   3.399661 )	231.441522 0.000103 -0.000132 -0.000103 0.000132 
5164	(   2.860046   8.918927   1.402197   0.357968   3.399388 )	231.312490 -0.000302 0.000078 0.000302 -0.000078 
5165	(   2.859858   8.91895    1.402017   0.357969   3.399676 )	231.451243 -0.000395 -0.000152 0.000395 0.000152 
5166	(   2.859752   8.919003   1.402191   0.357971   3.400676 )	231.930848 0.000396 0.000152 -0.000396 -0.000152 
5167	(   2.860146   8.918892   1.402162   0.357969   3.399495 )	231.361983 0.000013 -0.000004 -0.000013 0.000004 
5168	(   2.859892   8.918956   1.402119   0.35797    3.399997 )	231.604825 0.000001 0.000001 -0.000001 -0.000001 
5169	(   2.860134   8.918964   1.402138   0.357967   3.399614 )	231.420012 0.000096 0.000028 -0.000096 -0.000028 
5170	(   2.859834   8.918969   1.402109   0.35797    3.400117 )	231.662603 -0.000000 0.000000 0.000000 -0.000000 
5171	(   2.859959   8.918941   1.40213    0.357969   3.399863 )	231.540004 -0.000000 -0.000000 0.000000 0.000000 
5172	(   2.860333   8.918855   1.402193   0.357968   3.399102 )	231.172590 -0.000001 -0.000000 0.000001 0.000000 

BBE ( SOL ) BBO
5173	(   2.861455   8.918599   1.402381   0.357964   3.396818 )	230.073618 -0.000001 -0.000000 0.000001 0.000000 
5174	(   2.864823   8.917831   1.402946   0.357953   3.389966 )	226.807650 0.000006 -0.000000 -0.000006 0.000000 
5175	(   2.859548   8.919005   1.402049   0.357987   3.400578 )	231.885643 -0.000001 -0.000000 0.000001 0.000000 
5176	(   2.861455   8.918483   1.402491   0.357949   3.396926 )	230.123737 0.000000 -0.000002 -0.000000 0.000002 
5177	(   2.859967   8.918939   1.402132   0.357969   3.399847 )	231.532124 -0.000000 -0.000000 0.000000 0.000000 
5178	(   2.86012    8.918904   1.402157   0.357968   3.399536 )	231.381963 -0.000001 -0.000001 0.000001 0.000001 
5179	(   2.859992   8.918933   1.402136   0.357969   3.399798 )	231.508486 0.000001 -0.000001 -0.000001 0.000001 
5180	(   2.860426   8.918484   1.402459   0.357967   3.39892  )	231.080717 -0.000000 0.000001 0.000000 -0.000001 
5181	(   2.861168   8.918954   1.402486   0.357972   3.396818 )	230.080394 -0.000529 0.000525 0.000529 -0.000525 
5182	(   2.860048   8.91892    1.402146   0.357969   3.399683 )	231.453082 -0.000000 0.000000 0.000000 -0.000000 
5183	(   2.860225   8.918879   1.402176   0.357968   3.399321 )	231.278190 -0.000001 0.000000 0.000001 -0.000000 
5184	(   2.860289   8.918864   1.402187   0.357968   3.399192 )	231.216114 -0.000001 0.000001 0.000001 -0.000001 
5185	(   2.864822   8.917831   1.402946   0.357953   3.389966 )	226.807652 0.000005 -0.000000 -0.000005 0.000000 
5186	(   2.859806   8.919035   1.402059   0.357971   3.400163 )	231.685585 -0.000001 0.000000 0.000001 -0.000000 
5187	(   2.860488   8.919022   1.402084   0.357963   3.398815 )	231.036482 -0.000001 0.000000 0.000001 -0.000000 
5188	(   2.860063   8.918917   1.402147   0.357969   3.399652 )	231.437966 -0.000000 -0.000001 0.000000 0.000001 
5189	(   2.859853   8.918965   1.402113   0.357969   3.40008  )	231.644738 -0.000000 0.000000 0.000000 -0.000000 
5190	(   2.860777   8.91879    1.402224   0.357964   3.394818 )	229.134277 -0.003379 -0.000032 0.003379 0.000032 
5191	(   2.861811   8.918099   1.402292   0.357964   3.395684 )	229.526943 -0.000400 -0.000627 0.000400 0.000627 
5192	(   2.86173    8.918683   1.402881   0.357964   3.395944 )	229.658303 -0.000307 0.000790 0.000307 -0.000790 
5193	(   2.861455   8.918599   1.402381   0.357974   3.396818 )	230.073607 0.000071 0.000027 -0.000071 -0.000027 
5194	(   2.862455   8.918904   1.402131   0.357964   3.396244 )	229.796455 0.001477 -0.000051 -0.001477 0.000051 
5195	(   2.859201   8.91942    1.401837   0.357971   3.39931  )	231.287988 -0.002086 0.000072 0.002086 -0.000072 
5196	(   2.860895   8.91842    1.402454   0.357966   3.400056 )	231.618319 0.002086 -0.000071 -0.002086 0.000071 
5197	(   2.861026   8.918608   1.402321   0.357954   3.398094 )	230.683773 0.000318 -0.000104 -0.000318 0.000104 
5198	(   2.860288   8.918864   1.402187   0.357968   3.399192 )	231.216115 -0.000002 0.000001 0.000002 -0.000001 
5199	(   2.859804   8.918936   1.402133   0.357969   3.400181 )	231.693044 0.000000 0.000000 -0.000000 -0.000000 
5200	(   2.860818   8.918774   1.402136   0.357955   3.39802  )	230.652079 -0.000179 -0.000199 0.000179 0.000199 
5201	(   2.860059   8.918917   1.402148   0.357969   3.399661 )	231.442140 -0.000001 0.000000 0.000001 -0.000000 
5202	(   2.859869   8.918961   1.402115   0.357969   3.400047 )	231.628701 -0.000000 -0.000000 0.000000 0.000000 
5203	(   2.861828   8.918399   1.402346   0.357962   3.395999 )	229.679680 -0.000070 -0.000257 0.000070 0.000257 
5204	(   2.861888   8.918799   1.402417   0.357967   3.396058 )	229.712025 0.000147 0.000257 -0.000147 -0.000257 
5205	(   2.861512   8.918569   1.402581   0.357964   3.396934 )	230.127992 0.000228 0.000251 -0.000228 -0.000251 
5206	(   2.861643   8.918499   1.402363   0.357969   3.3972   )	230.252176 0.000799 -0.000112 -0.000799 0.000112 
5207	(   2.861946   8.918652   1.402334   0.357961   3.397818 )	230.545201 0.001975 -0.000023 -0.001975 0.000023 
5208	(   2.859666   8.91892    1.402346   0.357969   3.399405 )	231.323756 -0.001056 0.000283 0.001056 -0.000283 
5209	(   2.860429   8.91892    1.401946   0.357969   3.399961 )	231.582485 0.001056 -0.000283 -0.001056 0.000283 
5210	(   2.861437   8.918602   1.402368   0.357964   3.396812 )	230.070975 -0.000045 -0.000016 0.000045 0.000016 
5211	(   2.859993   8.919014   1.402077   0.35797    3.399784 )	231.502845 -0.000000 0.000001 0.000000 -0.000001 
5212	(   2.861178   8.91841    1.402478   0.357963   3.396555 )	229.948848 -0.000840 -0.000057 0.000840 0.000057 

BBE ( SOL ) BBO
5213	(   2.860044   8.918921   1.402145   0.357969   3.399691 )	231.456881 -0.000000 -0.000000 0.000000 0.000000 
5214	(   2.861411   8.918542   1.402281   0.357964   3.396785 )	230.057743 -0.000129 -0.000200 0.000129 0.000200 
5215	(   2.861655   8.918619   1.40235    0.357964   3.396808 )	230.067254 0.000397 -0.000026 -0.000397 0.000026 
5216	(   2.861472   8.918576   1.402418   0.357962   3.39683  )	230.078885 0.000030 0.000023 -0.000030 -0.000023 
5217	(   2.861526   8.918499   1.40242    0.357965   3.39687  )	230.096345 0.000201 -0.000044 -0.000201 0.000044 
5218	(   2.861452   8.918605   1.402373   0.357964   3.397318 )	230.311132 0.000488 -0.000007 -0.000488 0.000007 
5219	(   2.860141   8.91886    1.402046   0.35797    3.399291 )	231.264159 -0.000189 -0.000197 0.000189 0.000197 
5220	(   2.859954   8.91898    1.402246   0.357967   3.400076 )	231.642158 0.000189 0.000197 -0.000189 -0.000197 
5221	(   2.861452   8.918603   1.402379   0.357964   3.396805 )	230.067575 -0.000020 0.000000 0.000020 -0.000000 
5222	(   2.860029   8.918878   1.402171   0.357968   3.399728 )	231.473965 -0.000001 -0.000009 0.000001 0.000009 
5223	(   2.861554   8.918502   1.402413   0.357962   3.396824 )	230.074391 0.000192 -0.000058 -0.000192 0.000058 
5224	(   2.860102   8.918908   1.402154   0.357969   3.399573 )	231.399624 -0.000000 -0.000000 0.000000 0.000000 
5225	(   2.860227   8.91888    1.402175   0.357968   3.399319 )	231.277163 -0.000000 -0.000001 0.000000 0.000001 
5226	(   2.860265   8.918872   1.402179   0.357968   3.39924  )	231.239325 0.000000 -0.000002 -0.000000 0.000002 
5227	(   2.859827   8.918935   1.402134   0.357969   3.400134 )	231.670239 0.000000 0.000000 -0.000000 -0.000000 
5228	(   2.861479   8.91852    1.402431   0.357964   3.396709 )	230.020559 -0.000062 -0.000009 0.000062 0.000009 
5229	(   2.860179   8.91889    1.402168   0.357968   3.399416 )	231.324072 -0.000000 -0.000000 0.000000 0.000000 
5230	(   2.860334   8.918854   1.402194   0.357968   3.399101 )	231.171906 -0.000001 -0.000000 0.000001 0.000000 
5231	(   2.860411   8.918836   1.402209   0.357967   3.398947 )	231.097776 -0.000000 0.000001 0.000000 -0.000001 
5232	(   2.85993    8.918983   1.402104   0.357967   3.399939 )	231.576866 -0.000000 -0.000000 0.000000 0.000000 
5233	(   2.861637   8.918636   1.402352   0.357968   3.396424 )	229.885515 0.000007 0.000006 -0.000007 -0.000006 
5234	(   2.860177   8.91889    1.402167   0.357968   3.399421 )	231.326338 -0.000000 -0.000000 0.000000 0.000000 
5235	(   2.861955   8.918555   1.402447   0.357965   3.396024 )	229.692416 0.000239 0.000050 -0.000239 -0.000050 
5236	(   2.861363   8.918799   1.402417   0.357965   3.396393 )	229.875230 -0.000611 0.000251 0.000611 -0.000251 
5237	(   2.861296   8.918558   1.402181   0.357965   3.396087 )	229.727629 -0.001050 -0.000322 0.001050 0.000322 
5238	(   2.861395   8.918584   1.402404   0.357959   3.39654  )	229.942061 -0.000438 0.000003 0.000438 -0.000003 
5239	(   2.860955   8.918471   1.402572   0.357966   3.39622  )	229.792773 -0.001604 0.000146 0.001604 -0.000146 
5240	(   2.859679   8.918704   1.401989   0.357964   3.399367 )	231.302504 -0.001106 -0.000451 0.001106 0.000451 
5241	(   2.860679   8.919075   1.402346   0.357973   3.399465 )	231.345643 0.001106 0.000451 -0.001106 -0.000451 
5242	(   2.861512   8.918542   1.402365   0.357963   3.398069 )	230.666934 0.001348 -0.000085 -0.001348 0.000085 
5243	(   2.860411   8.918836   1.402209   0.357967   3.398947 )	231.097562 -0.000001 0.000001 0.000001 -0.000001 
5244	(   2.860096   8.918871   1.402183   0.357967   3.399603 )	231.413620 0.000005 -0.000000 -0.000005 0.000000 
5245	(   2.86178    8.918554   1.402408   0.357962   3.396068 )	229.714490 -0.000100 -0.000015 0.000100 0.000015 
5246	(   2.860252   8.918873   1.40218    0.357968   3.399267 )	231.251944 -0.000000 0.000000 0.000000 -0.000000 
5247	(   2.860395   8.918841   1.402204   0.357968   3.398976 )	231.111980 -0.000001 0.000000 0.000001 -0.000000 
5248	(   2.860472   8.918823   1.402217   0.357967   3.398819 )	231.035912 -0.000000 0.000000 0.000000 -0.000000 
5249	(   2.861132   8.918673   1.402328   0.357966   3.397475 )	230.389011 0.000001 0.000002 -0.000001 -0.000002 
5250	(   2.860978   8.918833   1.402207   0.357969   3.397769 )	230.532100 -0.000001 -0.000000 0.000001 0.000000 
5251	(   2.859911   8.918822   1.402243   0.357954   3.400068 )	231.636667 -0.000001 -0.000000 0.000001 0.000000 
5252	(   2.860425   8.918834   1.402209   0.357968   3.398915 )	231.082187 -0.000000 -0.000000 0.000000 0.000000 

BBE ( SOL ) BBO
5253	(   2.861833   8.918246   1.401966   0.357961   3.394818 )	229.118617 -0.001239 -0.000949 0.001239 0.000949 
5254	(   2.861565   8.918269   1.402881   0.357963   3.396235 )	229.792575 -0.000363 0.000374 0.000363 -0.000374 
5255	(   2.86149    8.918493   1.402342   0.357974   3.39663  )	229.982786 -0.000045 -0.000134 0.000045 0.000134 
5256	(   2.862455   8.918725   1.402428   0.357964   3.397041 )	230.172653 0.002272 0.000192 -0.002272 -0.000192 
5257	(   2.861604   8.918152   1.402218   0.357963   3.398818 )	231.018004 0.002285 -0.000682 -0.002285 0.000682 
5258	(   2.861179   8.918555   1.401717   0.357963   3.399448 )	231.326295 0.002041 -0.000987 -0.002041 0.000987 
5259	(   2.859765   8.919092   1.402717   0.357972   3.39819  )	230.745926 -0.002041 0.000989 0.002041 -0.000989 
5260	(   2.861413   8.918669   1.402333   0.357963   3.396956 )	230.140280 0.000045 -0.000001 -0.000045 0.000001 
5261	(   2.861132   8.918673   1.402328   0.357966   3.397475 )	230.389013 0.000001 0.000002 -0.000001 -0.000002 
5262	(   2.862013   8.918672   1.402323   0.357968   3.395645 )	229.513682 -0.000000 0.000000 0.000000 -0.000000 
5263	(   2.863685   8.918892   1.402148   0.357978   3.392125 )	227.841838 0.000003 0.000002 -0.000003 -0.000002 
5264	(   2.861971   8.9185     1.402435   0.357973   3.395693 )	229.534824 -0.000001 -0.000000 0.000001 0.000000 
5265	(   2.861845   8.917983   1.40277    0.357989   3.395837 )	229.598062 -0.000003 -0.000000 0.000003 0.000000 
5266	(   2.863685   8.918892   1.402148   0.357978   3.392125 )	227.841838 0.000003 0.000001 -0.000003 -0.000001 
5267	(   2.861867   8.918916   1.402169   0.357958   3.396015 )	229.693072 0.000001 -0.000001 -0.000001 0.000001 
5268	(   2.862      8.91884    1.402218   0.357961   3.395723 )	229.552684 0.000000 -0.000001 -0.000000 0.000001 
5269	(   2.86116    8.918747   1.402271   0.357967   3.397404 )	230.356074 -0.000001 -0.000000 0.000001 0.000000 
5270	(   2.860423   8.918854   1.402193   0.357968   3.398916 )	231.083109 -0.000000 -0.000000 0.000000 0.000000 
5271	(   2.862081   8.9191     1.402738   0.357976   3.393645 )	228.573718 -0.001790 0.001038 0.001790 -0.001038 
5272	(   2.862047   8.918267   1.401323   0.357972   3.394645 )	229.034738 -0.000895 -0.001805 0.000895 0.001805 
5273	(   2.862047   8.918267   1.402531   0.357948   3.394644 )	229.035262 -0.001070 -0.000166 0.001070 0.000166 
5274	(   2.861013   8.918617   1.402351   0.357968   3.395508 )	229.456577 -0.002181 -0.000014 0.002181 0.000014 
5275	(   2.862097   8.917672   1.402836   0.357978   3.395652 )	229.504581 0.000252 -0.000246 -0.000252 0.000246 
5276	(   2.861697   8.918107   1.40282    0.357956   3.393693 )	228.587693 -0.002676 0.000103 0.002676 -0.000103 
5277	(   2.862245   8.918893   1.40205    0.35799    3.397693 )	230.485909 0.002675 -0.000103 -0.002675 0.000103 
5278	(   2.862165   8.919467   1.402012   0.357953   3.397306 )	230.309611 0.001855 0.000313 -0.001855 -0.000313 
5279	(   2.861845   8.917983   1.402769   0.357989   3.395837 )	229.598058 -0.000002 -0.000001 0.000002 0.000001 
5280	(   2.863685   8.918892   1.402148   0.357978   3.392125 )	227.841836 0.000004 0.000002 -0.000004 -0.000002 
5281	(   2.861031   8.918954   1.402125   0.357967   3.397672 )	230.486928 0.000000 -0.000001 -0.000000 0.000001 
5282	(   2.861814   8.918204   1.402634   0.357978   3.395983 )	229.670072 -0.000000 0.000000 0.000000 -0.000000 
5283	(   2.861806   8.918482   1.402451   0.357971   3.396044 )	229.702362 -0.000000 -0.000000 0.000000 0.000000 
5284	(   2.861513   8.918815   1.401888   0.357962   3.395257 )	229.335647 -0.001454 -0.000488 0.001454 0.000488 
5285	(   2.861636   8.918202   1.402823   0.357963   3.395352 )	229.372885 -0.001098 0.000225 0.001098 -0.000225 
5286	(   2.862082   8.919      1.402228   0.35797    3.395542 )	229.468302 0.000056 0.000199 -0.000056 -0.000199 
5287	(   2.862206   8.918913   1.402491   0.357958   3.395795 )	229.586147 0.000472 0.000450 -0.000472 -0.000450 
5288	(   2.86186    8.918      1.402642   0.357976   3.395844 )	229.601370 -0.000058 -0.000200 0.000058 0.000200 
5289	(   2.861648   8.919172   1.402672   0.357972   3.395957 )	229.670834 -0.000402 0.001007 0.000402 -0.001007 
5290	(   2.861902   8.918535   1.402227   0.357966   3.396645 )	229.986799 0.000758 -0.000277 -0.000758 0.000277 
5291	(   2.862027   8.918673   1.402321   0.357968   3.395611 )	229.497681 -0.000003 -0.000002 0.000003 0.000002 
5292	(   2.861845   8.917983   1.402769   0.357989   3.395837 )	229.598267 -0.000002 -0.000001 0.000002 0.000001 

BBE ( SOL ) BBO
5293	(   2.863685   8.918892   1.402148   0.357978   3.392125 )	227.842029 0.000004 0.000002 -0.000004 -0.000002 
5294	(   2.861641   8.918997   1.402187   0.357959   3.395582 )	229.490995 -0.000887 0.000109 0.000887 -0.000109 
5295	(   2.861839   8.918504   1.402421   0.357971   3.395988 )	229.675602 0.000006 -0.000021 -0.000006 0.000021 
5296	(   2.862189   8.918352   1.402541   0.357973   3.395246 )	229.319788 -0.000000 0.000001 0.000000 -0.000001 
5297	(   2.860865   8.918729   1.40228    0.357969   3.397999 )	230.641026 -0.000001 -0.000000 0.000001 0.000000 
5298	(   2.862718   8.91739    1.403193   0.357987   3.39405  )	228.739052 0.000001 0.000003 -0.000001 -0.000003 
5299	(   2.862014   8.91836    1.402503   0.357988   3.395494 )	229.438528 0.000002 -0.000000 -0.000002 0.000000 
5300	(   2.861797   8.917933   1.40288    0.35795    3.396219 )	229.779083 0.000001 -0.000001 -0.000001 0.000001 
5301	(   2.860865   8.918729   1.40228    0.357969   3.397999 )	230.641251 -0.000000 -0.000000 0.000000 0.000000 
5302	(   2.862349   8.918804   1.402914   0.357973   3.394246 )	228.851679 -0.000664 0.000983 0.000664 -0.000983 
5303	(   2.862585   8.917852   1.402697   0.357973   3.394828 )	229.112890 0.000397 -0.000278 -0.000397 0.000278 
5304	(   2.862481   8.918491   1.402041   0.357973   3.394938 )	229.172976 0.000292 -0.000566 -0.000292 0.000566 
5305	(   2.862204   8.918359   1.402546   0.357963   3.39523  )	229.312195 -0.000057 -0.000011 0.000057 0.000011 
5306	(   2.861712   8.918124   1.402352   0.357972   3.394246 )	228.848328 -0.001975 -0.000494 0.001975 0.000494 
5307	(   2.862374   8.918674   1.402756   0.357978   3.39585  )	229.608088 0.001016 0.000641 -0.001016 -0.000641 
5308	(   2.861652   8.91867    1.401891   0.357958   3.39544  )	229.419317 -0.001016 -0.000641 0.001016 0.000641 
5309	(   2.86218    8.918351   1.402542   0.357976   3.395279 )	229.335472 0.000036 0.000009 -0.000036 -0.000009 
5310	(   2.861806   8.918601   1.402398   0.357976   3.395244 )	229.324847 -0.000762 0.000058 0.000762 -0.000058 
5311	(   2.861916   8.918653   1.40236    0.35796    3.395883 )	229.627297 -0.000017 0.000012 0.000017 -0.000012 
5312	(   2.862363   8.91833    1.402553   0.357974   3.394881 )	229.145562 0.000001 0.000000 -0.000001 -0.000000 
5313	(   2.86091    8.918708   1.402295   0.357969   3.397906 )	230.596518 -0.000001 -0.000000 0.000001 0.000000 
5314	(   2.863412   8.917304   1.403243   0.357992   3.392591 )	228.044890 0.000005 0.000002 -0.000005 -0.000002 
5315	(   2.862147   8.918188   1.402628   0.357986   3.395233 )	229.312174 -0.000001 -0.000000 0.000001 0.000000 
5316	(   2.862531   8.917837   1.402905   0.357972   3.394546 )	228.980158 0.000000 -0.000000 -0.000000 0.000000 
5317	(   2.863412   8.917304   1.403243   0.357992   3.392591 )	228.044891 0.000005 0.000002 -0.000005 -0.000002 
5318	(   2.864085   8.91533    1.404651   0.357985   3.39125  )	227.386535 0.000004 0.000006 -0.000004 -0.000006 
5319	(   2.862058   8.918224   1.402637   0.357969   3.395545 )	229.460960 0.000001 -0.000001 -0.000001 0.000001 
5320	(   2.862388   8.919035   1.40207    0.357966   3.394886 )	229.155812 -0.000000 -0.000000 0.000000 0.000000 
5321	(   2.863356   8.918163   1.402673   0.357973   3.392843 )	228.173801 0.000001 -0.000001 -0.000001 0.000001 
5322	(   2.861488   8.918587   1.402378   0.35797    3.39671  )	230.021917 0.000001 -0.000001 -0.000001 0.000001 
5323	(   2.863201   8.918231   1.401905   0.357968   3.394201 )	228.815608 0.001003 -0.001031 -0.001003 0.001031 
5324	(   2.862625   8.916837   1.402583   0.357972   3.394498 )	228.944330 0.000141 -0.001457 -0.000141 0.001457 
5325	(   2.861531   8.917942   1.402294   0.357971   3.394454 )	228.945875 -0.002148 -0.000762 0.002148 0.000762 
5326	(   2.862575   8.917863   1.402753   0.357992   3.394523 )	228.969097 0.000212 -0.000134 -0.000212 0.000134 
5327	(   2.862492   8.917814   1.40304    0.357972   3.392546 )	228.037578 -0.002067 0.000169 0.002067 -0.000169 
5328	(   2.86158    8.91819    1.402442   0.357954   3.394063 )	228.764041 -0.002561 -0.000352 0.002561 0.000352 
5329	(   2.863146   8.91847    1.402664   0.357994   3.395699 )	229.527746 0.002563 0.000353 -0.002563 -0.000353 
5330	(   2.862538   8.917833   1.402969   0.357968   3.39463  )	229.019799 0.000068 0.000075 -0.000068 -0.000075 
5331	(   2.864085   8.91533    1.404651   0.357985   3.39125  )	227.386534 0.000004 0.000006 -0.000004 -0.000006 
5332	(   2.86228    8.918351   1.402528   0.357979   3.395011 )	229.207689 -0.000000 -0.000000 0.000000 0.000000 

BBE ( SOL ) BBO
5333	(   2.862417   8.917917   1.402824   0.357984   3.394693 )	229.051211 -0.000001 0.000000 0.000001 -0.000000 
5334	(   2.862074   8.918159   1.402582   0.358021   3.395132 )	229.264498 -0.000004 0.000000 0.000004 -0.000000 
5335	(   2.86225    8.91732    1.403228   0.357994   3.394969 )	229.176269 0.000000 0.000000 -0.000000 -0.000000 
5336	(   2.862733   8.918568   1.402363   0.357984   3.394042 )	228.748666 -0.000000 -0.000001 0.000000 0.000001 
5337	(   2.863681   8.920522   1.40098    0.357984   3.392089 )	227.843759 0.000002 0.000001 -0.000002 -0.000001 
5338	(   2.861563   8.917983   1.40283    0.357957   3.396646 )	229.983955 -0.000000 -0.000000 0.000000 0.000000 
5339	(   2.860359   8.918826   1.402112   0.35802    3.398677 )	230.969199 -0.000000 -0.000000 0.000000 0.000000 
5340	(   2.862771   8.918282   1.402587   0.357974   3.39404  )	228.744178 0.000001 -0.000001 -0.000001 0.000001 
5341	(   2.862053   8.918224   1.402623   0.357977   3.395497 )	229.438249 -0.000000 0.000001 0.000000 -0.000001 
5342	(   2.862483   8.919572   1.400363   0.357997   3.392698 )	228.128021 -0.001760 -0.001784 0.001760 0.001784 
5343	(   2.863618   8.920568   1.402979   0.357981   3.394456 )	228.961403 0.002198 0.002860 -0.002198 -0.002860 
5344	(   2.860733   8.919268   1.403592   0.357993   3.393106 )	228.333684 -0.004967 0.002463 0.004967 -0.002463 
5345	(   2.863907   8.918157   1.403181   0.358004   3.394591 )	228.993682 0.003097 0.000801 -0.003097 -0.000801 
5346	(   2.863159   8.918419   1.40266    0.357982   3.389042 )	226.396533 -0.004111 0.000265 0.004111 -0.000265 
5347	(   2.863494   8.918298   1.40296    0.357952   3.394594 )	229.000407 0.001878 0.000483 -0.001878 -0.000483 
5348	(   2.861568   8.917376   1.40285    0.357992   3.394498 )	228.959915 -0.001877 -0.000483 0.001877 0.000483 
5349	(   2.862553   8.91794    1.403543   0.357977   3.399267 )	231.222614 0.004773 0.001020 -0.004773 -0.001020 
5350	(   2.861294   8.917328   1.403229   0.35799    3.396967 )	230.130993 0.000001 -0.000001 -0.000001 0.000001 
5351	(   2.862149   8.916889   1.403588   0.357965   3.395385 )	229.368926 0.000001 0.000001 -0.000001 -0.000001 
5352	(   2.862503   8.918168   1.401363   0.357992   3.393155 )	228.326789 -0.001297 -0.001791 0.001297 0.001791 
5353	(   2.863042   8.919568   1.402104   0.357986   3.393813 )	228.649947 0.000420 0.000639 -0.000420 -0.000639 
5354	(   2.863733   8.918234   1.402953   0.357991   3.393301 )	228.387331 0.001361 0.000518 -0.001361 -0.000518 
5355	(   2.86186    8.91886    1.403093   0.357994   3.394689 )	229.065601 -0.001074 0.001352 0.001074 -0.001352 
5356	(   2.862699   8.916839   1.402987   0.357976   3.392546 )	228.023989 -0.001614 -0.000870 0.001614 0.000870 
5357	(   2.863084   8.918451   1.402069   0.357987   3.396042 )	229.689753 0.002725 -0.000527 -0.002725 0.000527 
5358	(   2.862363   8.918835   1.402823   0.357968   3.396546 )	229.940276 0.001615 0.000870 -0.001615 -0.000870 
5359	(   2.862254   8.917948   1.40304    0.357975   3.395009 )	229.202682 -0.000087 0.000311 0.000087 -0.000311 
5360	(   2.862592   8.918773   1.402218   0.357987   3.39429  )	228.869443 -0.000023 0.000005 0.000023 -0.000005 
5361	(   2.862777   8.917715   1.403009   0.357963   3.394106 )	228.768899 0.000001 -0.000001 -0.000001 0.000001 
5362	(   2.862053   8.918224   1.402623   0.357977   3.395497 )	229.438249 -0.000000 -0.000000 0.000000 0.000000 
5363	(   2.862759   8.919068   1.402152   0.357986   3.393723 )	228.603854 -0.000250 0.000206 0.000250 -0.000206 
5364	(   2.862809   8.918304   1.402507   0.357989   3.393137 )	228.318314 -0.000708 -0.000048 0.000708 0.000048 
5365	(   2.862874   8.91781    1.402852   0.357974   3.393546 )	228.505046 -0.000275 -0.000097 0.000275 0.000097 
5366	(   2.862233   8.918546   1.402312   0.357985   3.393964 )	228.715739 -0.001099 -0.000096 0.001099 0.000096 
5367	(   2.862669   8.918789   1.402863   0.357988   3.394798 )	229.109276 0.000645 0.000936 -0.000645 -0.000936 
5368	(   2.862796   8.918348   1.401863   0.357988   3.394926 )	229.162561 0.001039 -0.000916 -0.001039 0.000916 
5369	(   2.862188   8.917864   1.402958   0.35797    3.395546 )	229.456257 0.000276 0.000097 -0.000276 -0.000097 
5370	(   2.862738   8.918563   1.402361   0.357984   3.39394  )	228.700643 -0.000095 -0.000010 0.000095 0.000010 
5371	(   2.863681   8.920522   1.40098    0.357984   3.392089 )	227.843541 0.000002 0.000001 -0.000002 -0.000001 
5372	(   2.864085   8.91533    1.404651   0.357985   3.39125  )	227.386752 0.000005 0.000006 -0.000005 -0.000006 

BBE ( SOL ) BBO
5373	(   2.86263    8.918471   1.402431   0.357984   3.394275 )	228.858420 0.000018 -0.000003 -0.000018 0.000003 
5374	(   2.862291   8.91781    1.40287    0.357974   3.394555 )	228.985811 -0.000470 -0.000072 0.000470 0.000072 
5375	(   2.862692   8.918643   1.402345   0.357967   3.394251 )	228.848743 0.000000 -0.000000 -0.000000 0.000000 
5376	(   2.863132   8.918863   1.4022     0.357961   3.393385 )	228.439188 0.000001 -0.000001 -0.000001 0.000001 
5377	(   2.863177   8.921062   1.400664   0.357951   3.393366 )	228.455223 0.000000 0.000004 -0.000000 -0.000004 
5378	(   2.862529   8.918438   1.402474   0.357976   3.394526 )	228.977540 0.000000 0.000000 -0.000000 -0.000000 
5379	(   2.862811   8.918242   1.402605   0.357979   3.393918 )	228.685986 0.000000 0.000000 -0.000000 -0.000000 
5380	(   2.863046   8.917264   1.403329   0.357963   3.393548 )	228.498210 0.000001 0.000003 -0.000001 -0.000003 
5381	(   2.862203   8.91823    1.402622   0.357975   3.395204 )	229.298441 0.000000 0.000000 -0.000000 -0.000000 
5382	(   2.86231    8.916867   1.403587   0.357973   3.394992 )	229.181466 -0.000000 -0.000001 0.000000 0.000001 
5383	(   2.862931   8.919558   1.401732   0.35795    3.393882 )	228.683213 0.000001 0.000002 -0.000001 -0.000002 
5384	(   2.86242    8.91788    1.402854   0.357983   3.394697 )	229.052896 0.000000 -0.000000 -0.000000 0.000000 
5385	(   2.862974   8.918007   1.402993   0.357975   3.391918 )	227.740589 -0.001683 0.000303 0.001683 -0.000303 
5386	(   2.863811   8.918451   1.40226    0.357983   3.393601 )	228.530361 0.001760 -0.000269 -0.001760 0.000269 
5387	(   2.86239    8.918848   1.401605   0.357976   3.393    )	228.263418 -0.001801 -0.000817 0.001801 0.000817 
5388	(   2.862398   8.918837   1.402993   0.357989   3.393016 )	228.271854 -0.001671 0.001172 0.001671 -0.001172 
5389	(   2.862563   8.917242   1.402016   0.357985   3.393377 )	228.420410 -0.001003 -0.001816 0.001003 0.001816 
5390	(   2.863087   8.918898   1.402429   0.357979   3.396042 )	229.695439 0.002678 0.000408 -0.002678 -0.000408 
5391	(   2.862379   8.918238   1.402297   0.357989   3.392042 )	227.805836 -0.002677 -0.000410 0.002677 0.000410 
5392	(   2.86281    8.918238   1.402615   0.357979   3.393969 )	228.709926 0.000047 0.000009 -0.000047 -0.000009 
5393	(   2.863046   8.917264   1.403329   0.357963   3.393548 )	228.498210 0.000001 0.000003 -0.000001 -0.000003 
5394	(   2.862806   8.918205   1.402627   0.357981   3.393913 )	228.683284 -0.000000 0.000000 0.000000 -0.000000 
5395	(   2.862791   8.918093   1.402695   0.357987   3.393899 )	228.675371 -0.000000 0.000001 0.000000 -0.000001 
5396	(   2.862747   8.917759   1.402898   0.358006   3.393856 )	228.651634 -0.000000 0.000005 0.000000 -0.000005 
5397	(   2.862791   8.918093   1.402695   0.357987   3.393899 )	228.675371 -0.000000 0.000002 0.000000 -0.000002 
5398	(   2.862891   8.918436   1.402408   0.358009   3.393533 )	228.505796 -0.000000 -0.000000 0.000000 0.000000 
5399	(   2.863147   8.919129   1.401751   0.358094   3.392392 )	227.974189 -0.000000 -0.000001 0.000000 0.000001 
5400	(   2.863915   8.921209   1.39978    0.358348   3.388968 )	226.386877 0.000002 -0.000002 -0.000002 0.000002 
5401	(   2.862286   8.918101   1.402638   0.358013   3.394753 )	229.082701 0.000000 0.000001 -0.000000 -0.000001 
5402	(   2.861986   8.918473   1.402344   0.358029   3.395259 )	229.328924 0.000000 -0.000000 -0.000000 0.000000 
5403	(   2.86296    8.918949   1.402078   0.357993   3.39351  )	228.500537 -0.000001 0.000000 0.000001 -0.000000 
5404	(   2.862638   8.918115   1.402698   0.357977   3.394287 )	228.860152 0.000000 -0.000000 -0.000000 0.000000 
5405	(   2.861147   8.922833   1.398656   0.35813    3.390463 )	227.128091 -0.005756 -0.000555 0.005756 0.000555 
5406	(   2.862495   8.916651   1.403821   0.35807    3.387392 )	225.612427 -0.006482 0.000384 0.006482 -0.000384 
5407	(   2.864723   8.917201   1.396751   0.358153   3.389275 )	226.472632 0.000558 -0.008795 -0.000558 0.008795 
5408	(   2.864464   8.924129   1.405487   0.358143   3.389788 )	226.805525 0.000467 0.010435 -0.000467 -0.010435 
5409	(   2.863746   8.921404   1.39985    0.357994   3.391207 )	227.438769 -0.000671 -0.000681 0.000671 0.000681 
5410	(   2.863015   8.917556   1.400305   0.357954   3.388533 )	226.147968 -0.005115 -0.004000 0.005115 0.004000 
5411	(   2.862767   8.919316   1.404511   0.358065   3.398533 )	230.888251 0.005118 0.004015 -0.005118 -0.004015 
5412	(   2.862914   8.91763    1.405812   0.358114   3.399058 )	231.117789 0.006299 0.004318 -0.006299 -0.004318 

BBE ( SOL ) BBO
5413	(   2.862938   8.919238   1.401681   0.358091   3.392847 )	228.191361 0.000001 -0.000000 -0.000001 0.000000 
5414	(   2.863772   8.920899   1.402959   0.358107   3.390654 )	227.175562 -0.000351 0.003514 0.000351 -0.003514 
5415	(   2.863007   8.918219   1.4026     0.35799    3.393435 )	228.456261 0.000001 0.000000 -0.000001 -0.000000 
5416	(   2.862648   8.918383   1.402505   0.357979   3.394253 )	228.847109 0.000001 0.000000 -0.000001 -0.000000 
5417	(   2.862656   8.919346   1.403481   0.358121   3.390392 )	227.043798 -0.002804 0.002738 0.002804 -0.002738 
5418	(   2.863075   8.921129   1.401629   0.358092   3.392534 )	228.065707 -0.000020 0.001821 0.000020 -0.001821 
5419	(   2.864147   8.919341   1.399953   0.35812    3.390431 )	227.046665 0.000289 -0.002253 -0.000289 0.002253 
5420	(   2.863578   8.91922    1.402482   0.358044   3.391547 )	227.575322 -0.000317 0.000985 0.000317 -0.000985 
5421	(   2.862147   8.918917   1.400055   0.358068   3.39133  )	227.479843 -0.003294 -0.002677 0.003294 0.002677 
5422	(   2.862268   8.917739   1.401618   0.357959   3.394763 )	229.082509 -0.000414 -0.001951 0.000414 0.001951 
5423	(   2.863514   8.919133   1.403198   0.358059   3.392303 )	227.930575 0.000414 0.001954 -0.000414 -0.001954 
5424	(   2.863171   8.919111   1.401855   0.358095   3.39252  )	228.034133 0.000183 0.000130 -0.000183 -0.000130 
5425	(   2.863148   8.919129   1.401751   0.358094   3.392392 )	227.974186 0.000000 -0.000001 -0.000000 0.000001 
5426	(   2.863917   8.921209   1.39978    0.358348   3.388968 )	226.386864 0.000005 -0.000002 -0.000005 0.000002 
5427	(   2.863005   8.918727   1.402203   0.358009   3.393302 )	228.399463 0.000001 -0.000001 -0.000001 0.000001 
5428	(   2.86395    8.919865   1.401288   0.358003   3.391578 )	227.593664 0.000181 -0.000170 -0.000181 0.000170 
5429	(   2.863087   8.920487   1.399989   0.358044   3.391489 )	227.565569 -0.001383 -0.001265 0.001383 0.001265 
5430	(   2.864148   8.919177   1.401689   0.358092   3.39247  )	228.003017 0.002116 -0.000046 -0.002116 0.000046 
5431	(   2.863203   8.917908   1.403335   0.358061   3.390392 )	227.021747 -0.002114 0.000927 0.002114 -0.000927 
5432	(   2.86318    8.921129   1.402687   0.358121   3.39121  )	227.443742 -0.000918 0.003396 0.000918 -0.003396 
5433	(   2.863757   8.916436   1.403411   0.35799    3.392789 )	228.124734 0.000894 -0.000635 -0.000894 0.000635 
5434	(   2.862025   8.920436   1.401405   0.358029   3.394277 )	228.887422 -0.000894 0.000637 0.000894 -0.000637 
5435	(   2.863093   8.92035    1.403716   0.358049   3.394392 )	228.933501 0.001552 0.003877 -0.001552 -0.003877 
5436	(   2.862288   8.918618   1.402325   0.35817    3.394696 )	229.061839 0.001079 0.000511 -0.001079 -0.000511 
5437	(   2.863917   8.921209   1.39978    0.358348   3.388968 )	226.386868 0.000004 -0.000002 -0.000004 0.000002 
5438	(   2.862657   8.918459   1.402415   0.358085   3.392844 )	228.183480 -0.000618 0.000243 0.000618 -0.000243 
5439	(   2.862968   8.918817   1.402156   0.358001   3.393439 )	228.465338 -0.000000 0.000000 0.000000 -0.000000 
5440	(   2.863196   8.919959   1.4014     0.357975   3.393157 )	228.343807 -0.000001 0.000003 0.000001 -0.000003 
5441	(   2.863      8.919141   1.401842   0.358044   3.393062 )	228.291037 -0.000000 -0.000001 0.000000 0.000001 
5442	(   2.862901   8.918777   1.401982   0.358104   3.392829 )	228.177864 -0.000000 0.000000 0.000000 -0.000000 
5443	(   2.862161   8.917721   1.402675   0.358133   3.394141 )	228.790031 -0.000004 0.000005 0.000004 -0.000005 
5444	(   2.861913   8.918587   1.402145   0.358089   3.394971 )	229.194412 -0.000001 -0.000000 0.000001 0.000000 
5445	(   2.861521   8.921061   1.400232   0.35817    3.395194 )	229.331384 0.000001 -0.000002 -0.000001 0.000002 
5446	(   2.863058   8.918348   1.402366   0.358063   3.392802 )	228.158928 -0.000001 -0.000000 0.000001 0.000000 
5447	(   2.862784   8.918569   1.40235    0.357991   3.393889 )	228.676094 -0.000000 -0.000000 0.000000 0.000000 
5448	(   2.862958   8.914129   1.404363   0.358096   3.391832 )	227.654170 -0.000931 -0.001295 0.000931 0.001295 
5449	(   2.865148   8.919555   1.403089   0.358095   3.392105 )	227.828741 0.003825 0.002321 -0.003825 -0.002321 
5450	(   2.863128   8.919218   1.402029   0.357994   3.392332 )	227.947549 -0.000821 0.000204 0.000821 -0.000204 
5451	(   2.861347   8.916572   1.400357   0.358074   3.390829 )	227.223559 -0.005387 -0.004579 0.005387 0.004579 
5452	(   2.863826   8.916155   1.399059   0.358087   3.394392 )	228.872779 0.003326 -0.006788 -0.003326 0.006788 

BBE ( SOL ) BBO
5453	(   2.863511   8.917536   1.396751   0.35809    3.390807 )	227.203778 -0.000859 -0.008631 0.000859 0.008631 
5454	(   2.864455   8.920982   1.403607   0.358133   3.394829 )	229.136113 0.005389 0.004588 -0.005389 -0.004588 
5455	(   2.863124   8.91935    1.401716   0.358095   3.392412 )	227.986547 -0.000018 0.000174 0.000018 -0.000174 
5456	(   2.863251   8.921168   1.400311   0.358092   3.392195 )	227.904355 0.000000 -0.000000 -0.000000 0.000000 
5457	(   2.863562   8.927283   1.395991   0.358085   3.391605 )	227.695161 -0.000000 0.000040 0.000000 -0.000040 
5458	(   2.863045   8.920705   1.400621   0.358101   3.392553 )	228.068932 0.000000 -0.000001 -0.000000 0.000001 
5459	(   2.862922   8.919872   1.401108   0.358154   3.39242  )	227.997776 -0.000002 -0.000000 0.000002 0.000000 
5460	(   2.863112   8.920102   1.401056   0.358097   3.392441 )	228.008860 0.000000 -0.000000 -0.000000 0.000000 
5461	(   2.865251   8.920197   1.400613   0.358112   3.390529 )	227.094322 0.002592 -0.000490 -0.002592 0.000490 
5462	(   2.862402   8.920076   1.400651   0.358042   3.390321 )	227.019443 -0.003963 -0.000751 0.003963 0.000751 
5463	(   2.861376   8.918756   1.401063   0.358142   3.391157 )	227.404044 -0.004516 -0.001214 0.004516 0.001214 
5464	(   2.862947   8.926168   1.400433   0.3581     3.391524 )	227.652427 -0.001232 0.005194 0.001232 -0.005194 
5465	(   2.863163   8.921054   1.395311   0.358094   3.392    )	227.808093 -0.000357 -0.007112 0.000357 0.007112 
5466	(   2.863588   8.914129   1.403947   0.358099   3.392176 )	227.810183 0.000727 -0.001876 -0.000727 0.001876 
5467	(   2.862708   8.924129   1.399555   0.358089   3.392608 )	228.138305 -0.000726 0.001889 0.000726 -0.001889 
5468	(   2.863217   8.921272   1.400328   0.358093   3.392435 )	228.018728 0.000180 0.000132 -0.000180 -0.000132 
5469	(   2.863716   8.917986   1.402577   0.358073   3.391358 )	227.470636 -0.000011 -0.000033 0.000011 0.000033 
5470	(   2.863545   8.920982   1.400374   0.358119   3.391383 )	227.518397 -0.000006 -0.000022 0.000006 0.000022 
5471	(   2.863265   8.920351   1.400815   0.35813    3.391886 )	227.749505 -0.000001 -0.000001 0.000001 0.000001 
5472	(   2.862904   8.919015   1.401966   0.358026   3.393388 )	228.444077 -0.000001 -0.000001 0.000001 0.000001 
5473	(   2.86316    8.919168   1.402066   0.358109   3.39218  )	227.875231 -0.000079 0.000523 0.000079 -0.000523 
5474	(   2.863252   8.921195   1.40033    0.358091   3.391195 )	227.435141 -0.000994 0.000053 0.000994 -0.000053 
5475	(   2.863454   8.918745   1.40183    0.358101   3.391392 )	227.497284 -0.000312 -0.000253 0.000312 0.000253 
5476	(   2.864251   8.921003   1.400195   0.358093   3.392194 )	227.893405 0.002060 -0.000325 -0.002060 0.000325 
5477	(   2.863358   8.920898   1.401967   0.358072   3.392213 )	227.909997 0.000093 0.002011 -0.000093 -0.002011 
5478	(   2.86316    8.919168   1.398902   0.358082   3.39218  )	227.872724 -0.000267 -0.004007 0.000267 0.004007 
5479	(   2.862842   8.919513   1.401672   0.358086   3.393392 )	228.452073 0.000313 0.000250 -0.000313 -0.000250 
5480	(   2.863224   8.921232   1.400224   0.358093   3.392204 )	227.909526 -0.000040 -0.000056 0.000040 0.000056 
5481	(   2.863917   8.921209   1.39978    0.358348   3.388968 )	226.387035 0.000004 -0.000002 -0.000004 0.000002 
5482	(   2.862938   8.920905   1.400431   0.358074   3.391634 )	227.640421 -0.001323 -0.000142 0.001323 0.000142 
5483	(   2.863391   8.91847    1.401251   0.358103   3.39194  )	227.751331 0.000115 -0.001342 -0.000115 0.001342 
5484	(   2.862612   8.919931   1.401227   0.358072   3.393655 )	228.582606 0.000000 -0.000000 -0.000000 0.000000 
5485	(   2.862746   8.91973    1.401358   0.358078   3.393339 )	228.430354 0.000000 -0.000001 -0.000000 0.000001 
5486	(   2.863265   8.921209   1.4003     0.358082   3.392192 )	227.903504 -0.000047 -0.000002 0.000047 0.000002 
5487	(   2.863194   8.920996   1.400359   0.358092   3.391695 )	227.667894 -0.000615 -0.000105 0.000615 0.000105 
5488	(   2.863494   8.920168   1.400589   0.358091   3.39226  )	227.920807 0.000560 -0.000610 -0.000560 0.000610 
5489	(   2.863751   8.921512   1.399895   0.358092   3.392098 )	227.858505 0.000933 -0.000241 -0.000933 0.000241 
5490	(   2.863385   8.921569   1.401311   0.358092   3.392169 )	227.896724 0.000250 0.001811 -0.000250 -0.001811 
5491	(   2.863556   8.918129   1.401782   0.358089   3.392302 )	227.916690 0.000710 -0.000972 -0.000710 0.000972 
5492	(   2.862739   8.920129   1.40172    0.358099   3.392481 )	228.031695 -0.000709 0.000970 0.000709 -0.000970 

BBE ( SOL ) BBO
5493	(   2.863224   8.921206   1.400281   0.358102   3.392275 )	227.942676 0.000095 0.000023 -0.000095 -0.000023 
5494	(   2.863116   8.919819   1.401185   0.358097   3.392501 )	228.033865 0.000063 -0.000103 -0.000063 0.000103 
5495	(   2.863169   8.920732   1.400224   0.358086   3.392186 )	227.895674 -0.000215 -0.000574 0.000215 0.000574 
5496	(   2.862862   8.920513   1.40078    0.35809    3.393013 )	228.284790 0.000000 -0.000000 -0.000000 0.000000 
5497	(   2.862934   8.920167   1.401023   0.358091   3.392858 )	228.207104 0.000000 -0.000001 -0.000000 0.000001 
5498	(   2.863451   8.921227   1.400067   0.358095   3.392015 )	227.818410 0.000252 -0.000278 -0.000252 0.000278 
5499	(   2.863163   8.921215   1.400811   0.358094   3.39205  )	227.837847 -0.000308 0.000758 0.000308 -0.000758 
5500	(   2.86306    8.921271   1.399884   0.358097   3.392208 )	227.912894 -0.000343 -0.000485 0.000343 0.000485 
5501	(   2.863267   8.921668   1.400346   0.358091   3.392221 )	227.922331 0.000055 0.000547 -0.000055 -0.000547 
5502	(   2.863063   8.918755   1.401443   0.358099   3.392462 )	228.003288 -0.000067 -0.000797 0.000067 0.000797 
5503	(   2.863372   8.921103   1.400581   0.358097   3.392394 )	227.996192 0.000481 0.000328 -0.000481 -0.000328 
5504	(   2.863232   8.919504   1.40206    0.358089   3.392321 )	227.945090 0.000067 0.000795 -0.000067 -0.000795 
5505	(   2.863273   8.921118   1.400435   0.358089   3.392237 )	227.923455 0.000071 0.000118 -0.000071 -0.000118 
5506	(   2.863153   8.919239   1.401487   0.358096   3.392412 )	227.984581 0.000042 -0.000261 -0.000042 0.000261 
5507	(   2.86325    8.921017   1.400294   0.358096   3.392159 )	227.885550 -0.000011 -0.000165 0.000011 0.000165 
5508	(   2.863019   8.920108   1.401101   0.358092   3.392691 )	228.127574 0.000022 0.000054 -0.000022 -0.000054 
5509	(   2.86307    8.920389   1.400882   0.358092   3.39257  )	228.073040 0.000006 0.000026 -0.000006 -0.000026 
5510	(   2.8629     8.919804   1.401257   0.358108   3.392854 )	228.201475 0.000050 0.000013 -0.000050 -0.000013 
5511	(   2.863174   8.920858   1.40054    0.358088   3.392358 )	227.977956 -0.000023 0.000001 0.000023 -0.000001 
5512	(   2.863136   8.920811   1.400539   0.358095   3.392392 )	227.993802 -0.000015 -0.000027 0.000015 0.000027 
5513	(   2.863087   8.920495   1.400796   0.358093   3.392525 )	228.053227 0.000001 0.000013 -0.000001 -0.000013 
5514	(   2.862998   8.920197   1.400984   0.358101   3.392671 )	228.119014 0.000023 0.000003 -0.000023 -0.000003 
5515	(   2.86313    8.920693   1.400651   0.358091   3.392436 )	228.013212 -0.000011 0.000002 0.000011 -0.000002 
5516	(   2.863102   8.920639   1.400669   0.358096   3.392468 )	228.027712 -0.000005 -0.000013 0.000005 0.000013 
5517	(   2.86309    8.920531   1.400764   0.358094   3.392511 )	228.046848 -0.000000 0.000006 0.000000 -0.000006 
5518	(   2.863043   8.920377   1.40086    0.358098   3.392587 )	228.081189 0.000011 -0.000000 -0.000011 0.000000 
5519	(   2.863108   8.920614   1.400703   0.358093   3.392474 )	228.030204 -0.000005 0.000001 0.000005 -0.000001 
5520	(   2.86309    8.920572   1.400722   0.358096   3.392497 )	228.040888 -0.000001 -0.000007 0.000001 0.000007 
5521	(   2.86309    8.920541   1.400754   0.358094   3.392507 )	228.045358 -0.000001 0.000003 0.000001 -0.000003 
5522	(   2.863255   8.920968   1.400477   0.358092   3.392126 )	227.869450 -0.000055 0.000035 0.000055 -0.000035 
5523	(   2.863351   8.921172   1.400308   0.358092   3.392197 )	227.904316 0.000207 -0.000001 -0.000207 0.000001 
5524	(   2.863248   8.921039   1.400166   0.358094   3.392256 )	227.931316 0.000068 -0.000328 -0.000068 0.000328 
5525	(   2.863254   8.92101    1.400111   0.35809    3.39214  )	227.876488 -0.000061 -0.000445 0.000061 0.000445 
5526	(   2.863253   8.921057   1.400403   0.35809    3.392295 )	227.950079 0.000095 0.000015 -0.000095 -0.000015 
5527	(   2.863096   8.919063   1.401951   0.358094   3.392383 )	227.969682 -0.000112 0.000216 0.000112 -0.000216 
5528	(   2.863199   8.919195   1.401551   0.358094   3.392401 )	227.978691 0.000113 -0.000219 -0.000113 0.000219 
5529	(   2.86325    8.921174   1.400312   0.358092   3.392195 )	227.904244 -0.000002 0.000007 0.000002 -0.000007 
5530	(   2.863163   8.91916    1.401925   0.358094   3.392383 )	227.970263 0.000026 0.000276 -0.000026 -0.000276 
5531	(   2.863228   8.921044   1.400416   0.358092   3.392156 )	227.884854 -0.000083 0.000024 0.000083 -0.000024 
5532	(   2.863002   8.920196   1.400989   0.358096   3.392679 )	228.122861 -0.000001 -0.000005 0.000001 0.000005 

BBE ( SOL ) BBO
5533	(   2.863064   8.920441   1.40082    0.358095   3.392558 )	228.068185 -0.000001 -0.000002 0.000001 0.000002 
5534	(   2.863271   8.921154   1.400411   0.358091   3.392158 )	227.886567 0.000000 0.000125 -0.000000 -0.000125 
5535	(   2.863267   8.921268   1.40025    0.358091   3.392165 )	227.891512 0.000000 0.000012 -0.000000 -0.000012 
5536	(   2.863258   8.921208   1.400343   0.358093   3.392183 )	227.899290 0.000009 0.000087 -0.000009 -0.000087 
5537	(   2.863301   8.921137   1.400287   0.358092   3.392204 )	227.907859 0.000113 -0.000066 -0.000113 0.000066 
5538	(   2.863239   8.92109    1.40025    0.358092   3.392145 )	227.879969 -0.000072 -0.000163 0.000072 0.000163 
5539	(   2.863098   8.919178   1.401713   0.358094   3.392386 )	227.972530 -0.000110 -0.000007 0.000110 0.000007 
5540	(   2.863198   8.919081   1.401789   0.358094   3.392397 )	227.975843 0.000111 0.000005 -0.000111 -0.000005 
5541	(   2.863215   8.921214   1.40027    0.358092   3.392236 )	227.924376 -0.000033 -0.000013 0.000033 0.000013 
5542	(   2.863151   8.91914    1.40175    0.358094   3.392391 )	227.973925 0.000006 0.000007 -0.000006 -0.000007 
5543	(   2.86325    8.921154   1.400282   0.358092   3.392186 )	227.899828 -0.000012 -0.000056 0.000012 0.000056 
5544	(   2.863238   8.921423   1.400093   0.358091   3.392265 )	227.940281 0.000037 -0.000055 -0.000037 0.000055 
5545	(   2.863251   8.921082   1.400381   0.358092   3.392161 )	227.887156 -0.000032 0.000013 0.000032 -0.000013 
5546	(   2.863244   8.921208   1.400327   0.358092   3.392195 )	227.904829 -0.000015 0.000063 0.000015 -0.000063 
5547	(   2.863249   8.921167   1.400294   0.358092   3.392188 )	227.901078 -0.000013 -0.000026 0.000013 0.000026 
5548	(   2.863292   8.92113    1.40035    0.358092   3.392126 )	227.870965 0.000014 0.000015 -0.000014 -0.000015 
5549	(   2.86333    8.921088   1.40039    0.358091   3.39207  )	227.844264 0.000037 0.000030 -0.000037 -0.000030 
5550	(   2.863273   8.921281   1.400226   0.358091   3.392187 )	227.901705 0.000032 -0.000009 -0.000032 0.000009 
5551	(   2.863256   8.921132   1.400342   0.358092   3.392167 )	227.890793 -0.000016 0.000007 0.000016 -0.000007 
5552	(   2.863278   8.921181   1.400333   0.358092   3.392151 )	227.883669 0.000011 0.000042 -0.000011 -0.000042 
5553	(   2.863256   8.921171   1.400303   0.358092   3.392179 )	227.896726 -0.000007 -0.000009 0.000007 0.000009 
5554	(   2.86322    8.921235   1.400258   0.358092   3.392235 )	227.924090 -0.000024 -0.000008 0.000024 0.000008 
5555	(   2.863274   8.921156   1.400327   0.358092   3.392153 )	227.884245 0.000005 0.000009 -0.000005 -0.000009 
5556	(   2.863263   8.921243   1.400259   0.358091   3.392188 )	227.901640 0.000015 0.000001 -0.000015 -0.000001 
5557	(   2.863258   8.921159   1.400321   0.358092   3.392172 )	227.893505 -0.000008 0.000006 0.000008 -0.000006 
5558	(   2.863249   8.921063   1.40038    0.358092   3.392192 )	227.901719 -0.000005 -0.000007 0.000005 0.000007 
5559	(   2.863253   8.921115   1.400347   0.358092   3.392185 )	227.899167 -0.000004 -0.000002 0.000004 0.000002 
5560	(   2.863259   8.921138   1.400344   0.358092   3.392181 )	227.897481 0.000003 0.000016 -0.000003 -0.000016 
5561	(   2.863257   8.921163   1.400314   0.358092   3.392179 )	227.896914 -0.000004 -0.000003 0.000004 0.000003 
5562	(   2.863266   8.921179   1.400291   0.358092   3.392175 )	227.894950 0.000013 -0.000016 -0.000013 0.000016 
5563	(   2.863231   8.921179   1.400293   0.358091   3.392176 )	227.895736 -0.000063 -0.000017 0.000063 0.000017 
5564	(   2.863236   8.921156   1.400332   0.358092   3.392187 )	227.900762 -0.000035 0.000018 0.000035 -0.000018 
5565	(   2.863254   8.921118   1.400308   0.358092   3.392192 )	227.902102 0.000002 -0.000055 -0.000002 0.000055 
5566	(   2.863246   8.921164   1.400261   0.358092   3.392202 )	227.907374 -0.000002 -0.000074 0.000002 0.000074 
5567	(   2.863149   8.919149   1.401801   0.358094   3.392383 )	227.970513 -0.000005 0.000090 0.000005 -0.000090 
5568	(   2.863147   8.91911    1.401701   0.358094   3.3924   )	227.977859 0.000006 -0.000092 -0.000006 0.000092 
5569	(   2.86325    8.921167   1.400314   0.358092   3.392197 )	227.905343 0.000000 0.000002 -0.000000 -0.000002 
5570	(   2.863148   8.919141   1.401752   0.358094   3.392396 )	227.976133 0.000004 0.000012 -0.000004 -0.000012 
5571	(   2.863249   8.921155   1.400344   0.358092   3.392175 )	227.894928 -0.000025 0.000033 0.000025 -0.000033 
5572	(   2.863256   8.921251   1.400259   0.358091   3.392189 )	227.902291 0.000001 0.000009 -0.000001 -0.000009 

BBE ( SOL ) BBO
5573	(   2.863251   8.92111    1.40035    0.358092   3.392191 )	227.901862 -0.000004 -0.000003 0.000004 0.000003 
5574	(   2.863255   8.921115   1.400342   0.358092   3.392185 )	227.898812 -0.000002 -0.000009 0.000002 0.000009 
5575	(   2.863251   8.921159   1.40032    0.358092   3.392192 )	227.902886 -0.000002 0.000003 0.000002 -0.000003 
5576	(   2.863255   8.921198   1.400293   0.358092   3.392188 )	227.901605 -0.000000 0.000003 0.000000 -0.000003 
5577	(   2.863257   8.921242   1.400264   0.358091   3.392187 )	227.901476 0.000001 0.000007 -0.000001 -0.000007 
5578	(   2.863248   8.92116    1.40032    0.358092   3.392204 )	227.908428 0.000002 0.000005 -0.000002 -0.000005 
5579	(   2.863254   8.921162   1.400315   0.358092   3.392185 )	227.899793 -0.000003 -0.000001 0.000003 0.000001 
5580	(   2.863251   8.921227   1.400274   0.358091   3.392198 )	227.906426 0.000002 0.000005 -0.000002 -0.000005 
5581	(   2.863253   8.921143   1.400329   0.358092   3.392188 )	227.900982 -0.000002 -0.000000 0.000002 0.000000 
5582	(   2.863254   8.921176   1.400305   0.358092   3.39219  )	227.901944 0.000000 -0.000001 -0.000000 0.000001 
5583	(   2.863251   8.921179   1.400305   0.358092   3.392198 )	227.905899 0.000002 0.000002 -0.000002 -0.000002 
5584	(   2.863253   8.921166   1.400313   0.358092   3.392189 )	227.901319 -0.000002 0.000000 0.000002 -0.000000 
5585	(   2.86325    8.92113    1.400336   0.358092   3.392195 )	227.903973 -0.000001 -0.000003 0.000001 0.000003 
5586	(   2.863253   8.921181   1.400303   0.358092   3.39219  )	227.902197 -0.000001 0.000002 0.000001 -0.000002 
5587	(   2.863251   8.921147   1.400325   0.358092   3.392193 )	227.903381 -0.000001 -0.000001 0.000001 0.000001 
5588	(   2.863252   8.921156   1.40032    0.358092   3.392193 )	227.903085 -0.000001 -0.000001 0.000001 0.000001 
5589	(   2.863255   8.921156   1.400317   0.358092   3.392185 )	227.899332 -0.000002 -0.000003 0.000002 0.000003 
5590	(   2.863251   8.921165   1.400315   0.358092   3.392194 )	227.903840 -0.000000 0.000001 0.000000 -0.000001 
5591	(   2.863251   8.921156   1.400319   0.358092   3.392195 )	227.904363 0.000000 -0.000001 -0.000000 0.000001 
5592	(   2.863253   8.921164   1.400314   0.358092   3.39219  )	227.902080 -0.000001 -0.000000 0.000001 0.000000 
5593	(   2.863262   8.921201   1.400286   0.358091   3.392174 )	227.894712 0.000000 -0.000004 -0.000000 0.000004 
5594	(   2.863255   8.921189   1.400296   0.358092   3.392185 )	227.899982 -0.000001 -0.000001 0.000001 0.000001 
5595	(   2.86325    8.921248   1.400255   0.358092   3.392199 )	227.907022 -0.000001 -0.000000 0.000001 0.000000 
5596	(   2.863255   8.921083   1.400371   0.358092   3.392187 )	227.899611 0.000000 -0.000000 -0.000000 0.000000 
5597	(   2.863257   8.921001   1.400429   0.358092   3.392181 )	227.895906 0.000001 -0.000000 -0.000001 0.000000 
5598	(   2.863265   8.920754   1.400604   0.358092   3.392164 )	227.884790 0.000003 -0.000001 -0.000003 0.000001 
5599	(   2.863265   8.92083    1.40055    0.358092   3.392163 )	227.885379 0.000001 -0.000000 -0.000001 0.000000 
5600	(   2.863297   8.920069   1.401088   0.358093   3.392092 )	227.842686 0.000003 0.000000 -0.000003 -0.000000 
5601	(   2.863248   8.920922   1.400485   0.358093   3.392194 )	227.900914 0.000000 0.000001 -0.000000 -0.000001 
5602	(   2.863177   8.920756   1.400603   0.358092   3.392349 )	227.972790 0.000003 -0.000002 -0.000003 0.000002 
5603	(   2.863208   8.920752   1.400602   0.358093   3.392273 )	227.936721 0.000001 -0.000002 -0.000001 0.000002 
5604	(   2.863238   8.920879   1.400514   0.358093   3.392214 )	227.909865 0.000000 0.000000 -0.000000 -0.000000 
5605	(   2.863261   8.921205   1.400348   0.358094   3.392153 )	227.885101 -0.000006 0.000094 0.000006 -0.000094 
5606	(   2.863322   8.92091    1.400571   0.35809    3.392069 )	227.841668 0.000009 0.000104 -0.000009 -0.000104 
5607	(   2.863251   8.921148   1.400383   0.358091   3.392087 )	227.853440 -0.000113 0.000079 0.000113 -0.000079 
5608	(   2.863355   8.921093   1.400373   0.358092   3.39219  )	227.900198 0.000207 0.000012 -0.000207 -0.000012 
5609	(   2.863265   8.920883   1.400333   0.358093   3.392132 )	227.871270 -0.000028 -0.000251 0.000028 0.000251 
5610	(   2.863256   8.921064   1.400571   0.358092   3.392182 )	227.897028 -0.000001 0.000263 0.000001 -0.000263 
5611	(   2.863209   8.920749   1.40053    0.358094   3.392257 )	227.929098 -0.000006 -0.000105 0.000006 0.000105 
5612	(   2.863253   8.921084   1.40037    0.358092   3.392189 )	227.900777 -0.000000 -0.000002 0.000000 0.000002 

BBE ( SOL ) BBO
5613	(   2.863266   8.920837   1.40052    0.358092   3.392154 )	227.880935 -0.000009 -0.000037 0.000009 0.000037 
5614	(   2.863293   8.92109    1.400365   0.358093   3.392096 )	227.856799 0.000001 0.000002 -0.000001 -0.000002 
5615	(   2.863258   8.921063   1.400385   0.358092   3.392182 )	227.897132 0.000001 -0.000002 -0.000001 0.000002 
5616	(   2.863251   8.920957   1.40046    0.358092   3.392191 )	227.899969 0.000000 0.000000 -0.000000 -0.000000 
5617	(   2.863258   8.921131   1.400341   0.358092   3.392137 )	227.876634 -0.000039 0.000005 0.000039 -0.000005 
5618	(   2.863256   8.920983   1.400417   0.358092   3.392163 )	227.887313 -0.000018 -0.000035 0.000018 0.000035 
5619	(   2.863205   8.921086   1.400376   0.358092   3.392185 )	227.898941 -0.000104 0.000008 0.000104 -0.000008 
5620	(   2.863256   8.921111   1.400427   0.358091   3.392158 )	227.886408 -0.000032 0.000103 0.000032 -0.000103 
5621	(   2.863215   8.920826   1.400604   0.358093   3.392139 )	227.874402 -0.000121 0.000073 0.000121 -0.000073 
5622	(   2.863252   8.921034   1.400271   0.358091   3.392175 )	227.893531 -0.000021 -0.000192 0.000021 0.000192 
5623	(   2.863315   8.920834   1.400496   0.358092   3.392187 )	227.896356 0.000123 -0.000074 -0.000123 0.000074 
5624	(   2.863255   8.921084   1.400371   0.358092   3.392188 )	227.900163 0.000003 0.000001 -0.000003 -0.000001 
5625	(   2.863266   8.920903   1.400544   0.358092   3.39216  )	227.884609 -0.000003 0.000063 0.000003 -0.000063 
5626	(   2.863246   8.921048   1.400395   0.358092   3.392201 )	227.905959 -0.000001 -0.000001 0.000001 0.000001 
5627	(   2.863247   8.920966   1.400454   0.358092   3.392199 )	227.903766 -0.000000 0.000000 0.000000 -0.000000 
5628	(   2.86325    8.921133   1.40036    0.358092   3.392183 )	227.898422 -0.000013 0.000034 0.000013 -0.000034 
5629	(   2.863249   8.920781   1.4006     0.358092   3.392161 )	227.883904 -0.000033 0.000022 0.000033 -0.000022 
5630	(   2.863281   8.920879   1.4005     0.358092   3.392165 )	227.886853 0.000035 -0.000022 -0.000035 0.000022 
5631	(   2.863268   8.921066   1.400321   0.358091   3.39217  )	227.891145 0.000007 -0.000089 -0.000007 0.000089 
5632	(   2.863244   8.921075   1.400345   0.358092   3.392178 )	227.895378 -0.000026 -0.000044 0.000026 0.000044 
5633	(   2.863275   8.9211     1.40034    0.358092   3.392204 )	227.907788 0.000061 -0.000027 -0.000061 0.000027 
5634	(   2.863274   8.9211     1.40042    0.358092   3.392167 )	227.890288 0.000023 0.000086 -0.000023 -0.000086 
5635	(   2.86325    8.921059   1.400396   0.358092   3.392199 )	227.905096 0.000003 0.000010 -0.000003 -0.000010 
5636	(   2.863252   8.921067   1.400361   0.358092   3.392193 )	227.902421 0.000002 -0.000031 -0.000002 0.000031 
5637	(   2.86326    8.920901   1.4005     0.358092   3.392154 )	227.881737 -0.000021 -0.000001 0.000021 0.000001 
5638	(   2.86325    8.920894   1.400505   0.358092   3.392191 )	227.899498 0.000001 0.000001 -0.000001 -0.000001 
5639	(   2.863253   8.921106   1.400355   0.358092   3.39219  )	227.901333 0.000000 -0.000001 -0.000000 0.000001 
5640	(   2.863251   8.920964   1.400455   0.358092   3.392191 )	227.900110 0.000001 0.000000 -0.000001 -0.000000 
5641	(   2.863252   8.921      1.40043    0.358092   3.392191 )	227.900416 0.000000 0.000000 -0.000000 -0.000000 
5642	(   2.863265   8.921079   1.400375   0.358092   3.392185 )	227.898421 0.000018 0.000001 -0.000018 -0.000001 
5643	(   2.863252   8.921103   1.400376   0.358092   3.392184 )	227.898661 -0.000008 0.000026 0.000008 -0.000026 
5644	(   2.863246   8.921063   1.400389   0.358092   3.392178 )	227.895043 -0.000028 0.000005 0.000028 -0.000005 
5645	(   2.863256   8.920827   1.40057    0.358092   3.392162 )	227.884903 -0.000019 0.000025 0.000019 -0.000025 
5646	(   2.863274   8.920833   1.40053    0.358092   3.392164 )	227.885854 0.000021 -0.000026 -0.000021 0.000026 
5647	(   2.863257   8.921088   1.400391   0.358092   3.392189 )	227.900710 0.000008 0.000033 -0.000008 -0.000033 
5648	(   2.863252   8.921078   1.400376   0.358092   3.392197 )	227.904274 0.000005 0.000001 -0.000005 -0.000001 
5649	(   2.863255   8.921086   1.400368   0.358092   3.392186 )	227.899043 0.000001 -0.000002 -0.000001 0.000002 
5650	(   2.863246   8.921073   1.400391   0.358092   3.392194 )	227.902657 -0.000012 0.000017 0.000012 -0.000017 
5651	(   2.863259   8.921211   1.400281   0.358091   3.392182 )	227.898750 0.000000 -0.000000 -0.000000 0.000000 
5652	(   2.863265   8.921293   1.400224   0.358091   3.392173 )	227.895146 0.000001 0.000000 -0.000001 -0.000000 

BBE ( SOL ) BBO
5653	(   2.863256   8.921138   1.400333   0.358092   3.392185 )	227.899476 0.000001 0.000000 -0.000001 -0.000000 
5654	(   2.863259   8.921133   1.400337   0.358092   3.392181 )	227.897524 0.000002 0.000001 -0.000002 -0.000001 
5655	(   2.863258   8.921122   1.400344   0.358092   3.392183 )	227.898329 0.000002 0.000000 -0.000002 -0.000000 
5656	(   2.863253   8.921147   1.400326   0.358092   3.39219  )	227.901896 -0.000000 -0.000001 0.000000 0.000001 
5657	(   2.863259   8.921118   1.400347   0.358092   3.392179 )	227.896063 0.000001 0.000000 -0.000001 -0.000000 
5658	(   2.863264   8.921098   1.400362   0.358092   3.39217  )	227.891913 0.000001 0.000001 -0.000001 -0.000001 
5659	(   2.86326    8.921115   1.400349   0.358092   3.392179 )	227.896198 0.000001 0.000000 -0.000001 -0.000000 
5660	(   2.863262   8.921161   1.400318   0.358091   3.392175 )	227.894706 0.000001 0.000001 -0.000001 -0.000001 
5661	(   2.863255   8.921119   1.400346   0.358092   3.392186 )	227.899676 0.000001 -0.000000 -0.000001 0.000000 
5662	(   2.86326    8.921147   1.400327   0.358091   3.392179 )	227.896363 0.000001 0.000000 -0.000001 -0.000000 
5663	(   2.863261   8.921132   1.400337   0.358092   3.392177 )	227.895318 0.000000 -0.000000 -0.000000 0.000000 
5664	(   2.863263   8.921129   1.400339   0.358091   3.392173 )	227.893239 -0.000000 -0.000001 0.000000 0.000001 
5665	(   2.863257   8.921117   1.400347   0.358092   3.392183 )	227.898013 0.000000 -0.000001 -0.000000 0.000001 
5666	(   2.863259   8.921139   1.400332   0.358092   3.39218  )	227.896776 0.000001 0.000000 -0.000001 -0.000000 
5667	(   2.863266   8.920893   1.400505   0.358092   3.392161 )	227.885022 0.000000 -0.000001 -0.000000 0.000001 
5668	(   2.863284   8.920178   1.40101    0.358094   3.392113 )	227.854137 -0.000000 -0.000001 0.000000 0.000001 
5669	(   2.863335   8.91803    1.402523   0.358099   3.39197  )	227.761505 -0.000002 0.000004 0.000002 -0.000004 
5670	(   2.863266   8.921097   1.400364   0.358091   3.39217  )	227.891857 -0.000000 -0.000000 0.000000 0.000000 
5671	(   2.863283   8.920993   1.400442   0.358088   3.392151 )	227.881476 -0.000001 0.000000 0.000001 -0.000000 
5672	(   2.863177   8.921052   1.400393   0.358092   3.392348 )	227.975657 0.000000 -0.000001 -0.000000 0.000001 
5673	(   2.863127   8.920968   1.400456   0.358087   3.392491 )	228.042158 0.000006 -0.000010 -0.000006 0.000010 
5674	(   2.863265   8.921192   1.400295   0.358091   3.392172 )	227.893787 0.000000 -0.000000 -0.000000 0.000000 
5675	(   2.863235   8.921028   1.40038    0.35809    3.39207  )	227.844300 -0.000167 -0.000047 0.000167 0.000047 
5676	(   2.863195   8.921297   1.400315   0.358093   3.392127 )	227.874666 -0.000176 0.000136 0.000176 -0.000136 
5677	(   2.863364   8.921002   1.40031    0.358093   3.392123 )	227.867664 0.000169 -0.000165 -0.000169 0.000165 
5678	(   2.863355   8.921297   1.400315   0.358089   3.392127 )	227.873322 0.000131 0.000128 -0.000131 -0.000128 
5679	(   2.86321    8.920064   1.40121    0.358094   3.392064 )	227.830647 -0.000196 0.000169 0.000196 -0.000169 
5680	(   2.863357   8.920291   1.40081    0.358093   3.392162 )	227.877629 0.000196 -0.000170 -0.000196 0.000170 
5681	(   2.863282   8.921132   1.400564   0.358091   3.392163 )	227.888750 0.000027 0.000318 -0.000027 -0.000318 
5682	(   2.863264   8.921096   1.400364   0.358091   3.392173 )	227.893277 -0.000002 -0.000002 0.000002 0.000002 
5683	(   2.863273   8.921047   1.400401   0.35809    3.39216  )	227.886397 -0.000000 0.000000 0.000000 -0.000000 
5684	(   2.863292   8.920895   1.400512   0.358089   3.392129 )	227.870017 -0.000001 0.000002 0.000001 -0.000002 
5685	(   2.863264   8.921256   1.400259   0.358087   3.392203 )	227.909102 -0.000001 0.000001 0.000001 -0.000001 
5686	(   2.863195   8.920378   1.400862   0.358097   3.392272 )	227.931719 0.000001 0.000001 -0.000001 -0.000001 
5687	(   2.863274   8.921188   1.4003     0.35809    3.392158 )	227.886833 -0.000000 0.000000 0.000000 -0.000000 
5688	(   2.863247   8.921079   1.400413   0.358091   3.39206  )	227.840029 -0.000151 0.000052 0.000151 -0.000052 
5689	(   2.863285   8.920847   1.400324   0.358088   3.392124 )	227.866858 -0.000025 -0.000313 0.000025 0.000313 
5690	(   2.863373   8.921213   1.400352   0.358089   3.392137 )	227.876834 0.000174 0.000096 -0.000174 -0.000096 
5691	(   2.863301   8.921011   1.400601   0.35809    3.392154 )	227.882902 0.000048 0.000246 -0.000048 -0.000246 
5692	(   2.863373   8.92092    1.400352   0.358092   3.392137 )	227.873287 0.000196 -0.000189 -0.000196 0.000189 

BBE ( SOL ) BBO
5693	(   2.863384   8.920093   1.401013   0.358092   3.392199 )	227.892780 0.000276 -0.000085 -0.000276 0.000085 
5694	(   2.863184   8.920262   1.401006   0.358096   3.392027 )	227.815502 -0.000277 0.000084 0.000277 -0.000084 
5695	(   2.863226   8.921194   1.400344   0.358091   3.39219  )	227.902737 -0.000060 0.000071 0.000060 -0.000071 
5696	(   2.863277   8.921113   1.400353   0.35809    3.392152 )	227.883499 -0.000000 -0.000000 0.000000 0.000000 
5697	(   2.863291   8.921314   1.400211   0.358089   3.392129 )	227.874804 0.000001 -0.000001 -0.000001 0.000001 
5698	(   2.863264   8.920981   1.400453   0.358087   3.392198 )	227.903619 -0.000000 0.000001 0.000000 -0.000001 
5699	(   2.863287   8.920233   1.401027   0.358094   3.392139 )	227.867144 0.000037 0.000080 -0.000037 -0.000080 
5700	(   2.863282   8.921123   1.400348   0.358089   3.392148 )	227.881631 -0.000001 0.000000 0.000001 -0.000000 
5701	(   2.863266   8.92113    1.40034    0.358091   3.39217  )	227.891896 0.000000 -0.000000 -0.000000 0.000000 
5702	(   2.863244   8.920008   1.401073   0.358094   3.392013 )	227.805471 -0.000180 -0.000081 0.000180 0.000081 
5703	(   2.863235   8.921045   1.400526   0.358089   3.392052 )	227.836177 -0.000192 0.000173 0.000192 -0.000173 
5704	(   2.863327   8.921272   1.400459   0.35809    3.392091 )	227.856381 0.000039 0.000306 -0.000039 -0.000306 
5705	(   2.863271   8.921153   1.40038    0.358092   3.392137 )	227.876850 -0.000014 0.000083 0.000014 -0.000083 
5706	(   2.863304   8.920952   1.400553   0.35809    3.392215 )	227.910731 0.000119 0.000121 -0.000119 -0.000121 
5707	(   2.86331    8.920913   1.400221   0.358091   3.392066 )	227.839858 -0.000016 -0.000386 0.000016 0.000386 
5708	(   2.863323   8.920347   1.400947   0.358094   3.392213 )	227.902814 0.000179 0.000080 -0.000179 -0.000080 
5709	(   2.863277   8.921116   1.400348   0.35809    3.392155 )	227.884646 0.000001 -0.000005 -0.000001 0.000005 
5710	(   2.863276   8.921047   1.400398   0.358092   3.392144 )	227.878569 -0.000000 -0.000000 0.000000 0.000000 
5711	(   2.863272   8.920846   1.40053    0.358096   3.392117 )	227.863780 -0.000000 -0.000000 0.000000 0.000000 
5712	(   2.86326    8.920246   1.400928   0.358111   3.392037 )	227.819419 -0.000001 -0.000001 0.000001 0.000001 
5713	(   2.863183   8.92008    1.401094   0.358087   3.392372 )	227.975590 0.000000 0.000002 -0.000000 -0.000002 
5714	(   2.863201   8.91943    1.401533   0.358097   3.392257 )	227.913647 -0.000000 0.000001 0.000000 -0.000001 
5715	(   2.863283   8.920999   1.400429   0.358093   3.392122 )	227.867774 -0.000000 0.000000 0.000000 -0.000000 
5716	(   2.863322   8.921017   1.400644   0.358094   3.39196  )	227.791685 -0.000068 0.000325 0.000068 -0.000325 
5717	(   2.863233   8.920714   1.400984   0.358098   3.391917 )	227.768886 -0.000268 0.000511 0.000268 -0.000511 
5718	(   2.863245   8.920993   1.40003    0.358095   3.391982 )	227.802099 -0.000202 -0.000563 0.000202 0.000563 
5719	(   2.863258   8.9208     1.400689   0.358091   3.39216  )	227.883523 -0.000022 0.000163 0.000022 -0.000163 
5720	(   2.863234   8.920056   1.401018   0.358094   3.392084 )	227.839431 -0.000131 -0.000110 0.000131 0.000110 
5721	(   2.863334   8.920299   1.401001   0.358094   3.392142 )	227.868844 0.000130 0.000109 -0.000130 -0.000109 
5722	(   2.863261   8.921346   1.400662   0.358097   3.392152 )	227.886736 0.000015 0.000687 -0.000015 -0.000687 
5723	(   2.863244   8.920739   1.40019    0.358103   3.392266 )	227.932274 0.000138 -0.000569 -0.000138 0.000569 
5724	(   2.8633     8.920008   1.401081   0.358093   3.392092 )	227.842128 0.000011 -0.000071 -0.000011 0.000071 
5725	(   2.863269   8.921172   1.400216   0.358094   3.392154 )	227.885108 0.000013 -0.000124 -0.000013 0.000124 
5726	(   2.863278   8.920833   1.400544   0.358094   3.39212  )	227.865175 -0.000000 -0.000000 0.000000 0.000000 
5727	(   2.863292   8.9209     1.400517   0.358097   3.392144 )	227.876852 0.000072 0.000037 -0.000072 -0.000037 
5728	(   2.863281   8.920646   1.400578   0.358097   3.392017 )	227.814399 -0.000077 -0.000131 0.000077 0.000131 
5729	(   2.863265   8.920999   1.400493   0.358098   3.39204  )	227.829713 -0.000077 0.000106 0.000077 -0.000106 
5730	(   2.863279   8.920999   1.400567   0.358094   3.392041 )	227.829727 -0.000076 0.000198 0.000076 -0.000198 
5731	(   2.863301   8.920331   1.400986   0.358096   3.39206  )	227.830714 -0.000004 0.000125 0.000004 -0.000125 
5732	(   2.863271   8.920871   1.40073    0.358097   3.392129 )	227.870093 0.000012 0.000307 -0.000012 -0.000307 

BBE ( SOL ) BBO
5733	(   2.863267   8.920024   1.401034   0.358092   3.392167 )	227.877564 0.000004 -0.000126 -0.000004 0.000126 
5734	(   2.863267   8.920762   1.400548   0.358095   3.392145 )	227.875962 0.000009 -0.000063 -0.000009 0.000063 
5735	(   2.863291   8.920927   1.40056    0.358098   3.392022 )	227.819914 -0.000042 0.000128 0.000042 -0.000128 
5736	(   2.863275   8.920014   1.401088   0.358093   3.392106 )	227.849028 -0.000028 -0.000055 0.000028 0.000055 
5737	(   2.863282   8.920889   1.400501   0.358096   3.392102 )	227.857122 0.000000 -0.000001 -0.000000 0.000001 
5738	(   2.863275   8.921007   1.400426   0.358092   3.392146 )	227.879078 -0.000000 0.000000 0.000000 -0.000000 
5739	(   2.863279   8.920934   1.40043    0.358096   3.392114 )	227.863444 0.000007 -0.000055 -0.000007 0.000055 
5740	(   2.863281   8.920746   1.400551   0.358096   3.392113 )	227.860765 0.000010 -0.000073 -0.000010 0.000073 
5741	(   2.863277   8.920797   1.400462   0.358097   3.392115 )	227.862223 0.000015 -0.000144 -0.000015 0.000144 
5742	(   2.863272   8.92085    1.400535   0.358097   3.392067 )	227.840330 -0.000050 0.000010 0.000050 -0.000010 
5743	(   2.863283   8.920078   1.400988   0.358094   3.392099 )	227.846514 -0.000011 -0.000130 0.000011 0.000130 
5744	(   2.863284   8.920278   1.401032   0.358093   3.392127 )	227.861761 0.000011 0.000129 -0.000011 -0.000129 
5745	(   2.863282   8.920917   1.400628   0.358097   3.39212  )	227.865855 0.000027 0.000209 -0.000027 -0.000209 
5746	(   2.863272   8.920846   1.40053    0.358096   3.392126 )	227.867859 0.000008 -0.000001 -0.000008 0.000001 
5747	(   2.863273   8.920763   1.400542   0.358096   3.392108 )	227.858649 -0.000013 -0.000068 0.000013 0.000068 
5748	(   2.863276   8.920164   1.401056   0.358095   3.392076 )	227.836429 -0.000045 0.000055 0.000045 -0.000055 
5749	(   2.863293   8.920857   1.400523   0.358096   3.392076 )	227.844574 -0.000000 -0.000001 0.000000 0.000001 
5750	(   2.863315   8.920825   1.400541   0.358098   3.392017 )	227.816409 -0.000000 -0.000003 0.000000 0.000003 
5751	(   2.863355   8.920889   1.4005     0.358095   3.391954 )	227.786966 -0.000000 -0.000004 0.000000 0.000004 
5752	(   2.863288   8.920811   1.400495   0.358095   3.392074 )	227.843197 -0.000017 -0.000088 0.000017 0.000088 
5753	(   2.863286   8.920822   1.400531   0.358096   3.392068 )	227.840309 -0.000020 -0.000024 0.000020 0.000024 
5754	(   2.863276   8.920779   1.400577   0.358097   3.392107 )	227.858252 -0.000000 -0.000000 0.000000 0.000000 
5755	(   2.863275   8.920613   1.400689   0.3581     3.392084 )	227.845630 -0.000001 -0.000000 0.000001 0.000000 
5756	(   2.863289   8.920579   1.400719   0.358097   3.392077 )	227.841669 -0.000001 0.000001 0.000001 -0.000001 
5757	(   2.863257   8.920939   1.400458   0.3581     3.392123 )	227.867993 0.000001 0.000000 -0.000001 -0.000000 
5758	(   2.863288   8.920939   1.400457   0.3581     3.392062 )	227.839052 0.000003 -0.000001 -0.000003 0.000001 
5759	(   2.863279   8.920795   1.400566   0.358097   3.392098 )	227.854342 -0.000000 -0.000000 0.000000 0.000000 
5760	(   2.863281   8.920689   1.400636   0.3581     3.392075 )	227.841975 -0.000000 -0.000001 0.000000 0.000001 
5761	(   2.863287   8.92037    1.400845   0.358108   3.392004 )	227.804878 0.000000 -0.000001 -0.000000 0.000001 
5762	(   2.863288   8.92084    1.40053    0.358098   3.392072 )	227.842613 0.000000 -0.000001 -0.000000 0.000001 
5763	(   2.863305   8.919414   1.401474   0.358132   3.391791 )	227.693617 0.000001 -0.000002 -0.000001 0.000002 
5764	(   2.863305   8.920376   1.400862   0.358098   3.392039 )	227.821209 -0.000000 0.000000 0.000000 -0.000000 
5765	(   2.863359   8.920393   1.400911   0.358068   3.392143 )	227.870211 -0.000001 0.000004 0.000001 -0.000004 
5766	(   2.863204   8.920404   1.400786   0.358126   3.39204  )	227.822943 -0.000000 0.000000 0.000000 -0.000000 
5767	(   2.863343   8.919422   1.401573   0.35808    3.392094 )	227.836208 -0.000000 0.000000 0.000000 -0.000000 
5768	(   2.863291   8.919864   1.401215   0.358103   3.392034 )	227.813402 -0.000000 0.000000 0.000000 -0.000000 
5769	(   2.8633     8.919373   1.401558   0.358106   3.391993 )	227.788217 -0.000000 0.000001 0.000000 -0.000001 
5770	(   2.863328   8.9179     1.402586   0.358115   3.391869 )	227.712676 0.000000 0.000007 -0.000000 -0.000007 
5771	(   2.863248   8.918329   1.402276   0.358117   3.392021 )	227.789986 0.000000 0.000003 -0.000000 -0.000003 
5772	(   2.863191   8.920301   1.400923   0.358094   3.392303 )	227.945636 -0.000000 0.000001 0.000000 -0.000001 

BBE ( SOL ) BBO
5773	(   2.863092   8.919737   1.401405   0.358052   3.392813 )	228.180077 -0.000000 0.000001 0.000000 -0.000001 
5774	(   2.863292   8.919565   1.401423   0.358105   3.392015 )	227.800992 0.000000 0.000001 -0.000000 -0.000001 
5775	(   2.86328    8.920476   1.400789   0.358099   3.392084 )	227.843936 -0.000000 0.000001 0.000000 -0.000001 
5776	(   2.863491   8.919933   1.401155   0.358107   3.39187  )	227.735334 0.000277 -0.000004 -0.000277 0.000004 
5777	(   2.863279   8.919933   1.402215   0.358107   3.39187  )	227.737959 -0.000158 0.001494 0.000158 -0.001494 
5778	(   2.863304   8.918864   1.40128    0.358103   3.392024 )	227.796191 0.000018 -0.000907 -0.000018 0.000907 
5779	(   2.863275   8.919859   1.401136   0.358153   3.392047 )	227.819443 0.000341 0.000022 -0.000341 -0.000022 
5780	(   2.863323   8.918937   1.40159    0.358113   3.392493 )	228.017805 0.000599 -0.000368 -0.000599 0.000368 
5781	(   2.863277   8.919809   1.401526   0.358098   3.391493 )	227.558876 -0.000599 0.000371 0.000599 -0.000371 
5782	(   2.863222   8.91984    1.40087    0.358101   3.391534 )	227.578598 -0.000649 -0.000514 0.000649 0.000514 
5783	(   2.863164   8.919853   1.401404   0.358099   3.392387 )	227.980082 0.000065 0.000245 -0.000065 -0.000245 
5784	(   2.863248   8.918329   1.402277   0.358117   3.392021 )	227.789986 0.000000 0.000004 -0.000000 -0.000004 
5785	(   2.863328   8.9179     1.402586   0.358115   3.391869 )	227.712676 0.000000 0.000007 -0.000000 -0.000007 
5786	(   2.863312   8.919833   1.401244   0.358099   3.392014 )	227.803462 -0.000000 0.000000 0.000000 -0.000000 
5787	(   2.863375   8.919739   1.401329   0.358089   3.391954 )	227.773645 -0.000001 -0.000001 0.000001 0.000001 
5788	(   2.863154   8.920828   1.400484   0.358127   3.392138 )	227.874301 0.000001 0.000001 -0.000001 -0.000001 
5789	(   2.863213   8.919415   1.401523   0.358107   3.392159 )	227.867321 -0.000000 0.000000 0.000000 -0.000000 
5790	(   2.863303   8.919165   1.401706   0.358105   3.39199  )	227.784551 -0.000000 0.000002 0.000000 -0.000002 
5791	(   2.863285   8.920387   1.400851   0.358099   3.392071 )	227.836893 -0.000000 -0.000000 0.000000 0.000000 
5792	(   2.863512   8.919609   1.401492   0.358109   3.391929 )	227.759293 0.000397 0.000153 -0.000397 -0.000153 
5793	(   2.863209   8.919333   1.401157   0.358121   3.391824 )	227.708968 -0.000241 -0.000561 0.000241 0.000561 
5794	(   2.863274   8.919651   1.401445   0.358049   3.391945 )	227.769377 -0.000506 -0.000036 0.000506 0.000036 
5795	(   2.863281   8.919683   1.401409   0.358106   3.392514 )	228.037089 0.000481 0.000102 -0.000481 -0.000102 
5796	(   2.8635     8.919323   1.401059   0.358122   3.391612 )	227.606689 0.000148 -0.000708 -0.000148 0.000708 
5797	(   2.863219   8.92002    1.401744   0.358119   3.391843 )	227.726236 -0.000218 0.000949 0.000218 -0.000949 
5798	(   2.8631     8.919423   1.402057   0.358089   3.392374 )	227.969889 -0.000148 0.000712 0.000148 -0.000712 
5799	(   2.863276   8.919984   1.401059   0.35811    3.39206  )	227.827052 0.000045 -0.000081 -0.000045 0.000081 
5800	(   2.863214   8.919412   1.401484   0.358118   3.392076 )	227.828155 -0.000003 -0.000029 0.000003 0.000029 
5801	(   2.863264   8.920127   1.401122   0.358109   3.392003 )	227.802249 -0.000040 0.000150 0.000040 -0.000150 
5802	(   2.863297   8.919572   1.401421   0.358103   3.392017 )	227.801997 -0.000000 0.000001 0.000000 -0.000001 
5803	(   2.863288   8.920184   1.400993   0.3581     3.392058 )	227.828168 -0.000000 -0.000000 0.000000 0.000000 
5804	(   2.863297   8.920015   1.401351   0.358087   3.391814 )	227.711937 -0.000317 0.000300 0.000317 -0.000300 
5805	(   2.863299   8.919716   1.401337   0.358119   3.391841 )	227.720723 -0.000055 0.000070 0.000055 -0.000070 
5806	(   2.863412   8.919814   1.401259   0.358098   3.391986 )	227.789163 0.000164 -0.000002 -0.000164 0.000002 
5807	(   2.863334   8.920033   1.401084   0.358117   3.391995 )	227.796670 0.000155 0.000025 -0.000155 -0.000025 
5808	(   2.863275   8.919317   1.401358   0.358097   3.391905 )	227.746281 -0.000204 -0.000362 0.000204 0.000362 
5809	(   2.863326   8.91943    1.401758   0.358114   3.392081 )	227.830161 0.000204 0.000365 -0.000204 -0.000365 
5810	(   2.863322   8.919926   1.401444   0.358108   3.392152 )	227.869627 0.000218 0.000398 -0.000218 -0.000398 
5811	(   2.863218   8.919823   1.4012     0.358101   3.392087 )	227.838149 -0.000107 -0.000066 0.000107 0.000066 
5812	(   2.863334   8.919738   1.401173   0.358101   3.391934 )	227.764594 -0.000023 -0.000190 0.000023 0.000190 

BBE ( SOL ) BBO
5813	(   2.863285   8.919456   1.401445   0.358109   3.392126 )	227.851639 0.000124 -0.000067 -0.000124 0.000067 
5814	(   2.863217   8.920842   1.400467   0.358131   3.391979 )	227.799471 -0.000000 0.000001 0.000000 -0.000001 
5815	(   2.863311   8.919777   1.401297   0.358092   3.392066 )	227.827022 -0.000000 0.000000 0.000000 -0.000000 
5816	(   2.863362   8.919871   1.40124    0.3581     3.391975 )	227.785238 0.000067 0.000034 -0.000067 -0.000034 
5817	(   2.863294   8.919824   1.401233   0.358101   3.391914 )	227.756515 -0.000128 -0.000020 0.000128 0.000020 
5818	(   2.86331    8.919843   1.401344   0.358099   3.392004 )	227.799039 -0.000013 0.000151 0.000013 -0.000151 
5819	(   2.86331    8.919473   1.401573   0.358106   3.391939 )	227.763824 -0.000030 0.000125 0.000030 -0.000125 
5820	(   2.863314   8.919821   1.401245   0.358109   3.392026 )	227.808929 0.000088 0.000018 -0.000088 -0.000018 
5821	(   2.863293   8.919933   1.401233   0.358101   3.392021 )	227.808150 -0.000022 0.000089 0.000022 -0.000089 
5822	(   2.86329    8.919273   1.401543   0.358105   3.392047 )	227.812613 0.000030 -0.000122 -0.000030 0.000122 
5823	(   2.863312   8.919832   1.401243   0.358099   3.392016 )	227.804057 -0.000000 -0.000003 0.000000 0.000003 
5824	(   2.863294   8.919399   1.401608   0.358105   3.391994 )	227.789248 -0.000019 0.000095 0.000019 -0.000095 
5825	(   2.863317   8.919848   1.401195   0.358102   3.391985 )	227.789745 -0.000002 -0.000047 0.000002 0.000047 
5826	(   2.863301   8.920117   1.401048   0.358096   3.392058 )	227.827221 -0.000000 -0.000000 0.000000 0.000000 
5827	(   2.8633     8.919981   1.401141   0.358098   3.392048 )	227.820915 -0.000000 0.000000 0.000000 -0.000000 
5828	(   2.863325   8.919787   1.401263   0.358104   3.392012 )	227.801658 0.000060 -0.000004 -0.000060 0.000004 
5829	(   2.863332   8.919883   1.401222   0.358102   3.392017 )	227.805136 0.000059 0.000026 -0.000059 -0.000026 
5830	(   2.863294   8.919864   1.401263   0.358104   3.392012 )	227.802852 -0.000004 0.000073 0.000004 -0.000073 
5831	(   2.863306   8.919818   1.401194   0.358101   3.392013 )	227.802936 -0.000002 -0.000080 0.000002 0.000080 
5832	(   2.863304   8.919423   1.40158    0.358105   3.391972 )	227.778772 -0.000017 0.000081 0.000017 -0.000081 
5833	(   2.863313   8.919834   1.401243   0.358099   3.391964 )	227.779984 -0.000050 0.000000 0.000050 -0.000000 
5834	(   2.863296   8.919323   1.401536   0.358106   3.392014 )	227.797663 0.000017 -0.000078 -0.000017 0.000078 
5835	(   2.863313   8.919832   1.401245   0.358099   3.392017 )	227.804644 0.000001 0.000000 -0.000001 -0.000000 
5836	(   2.863308   8.91982    1.401245   0.358102   3.392005 )	227.798765 0.000002 -0.000003 -0.000002 0.000003 
5837	(   2.863235   8.919976   1.401128   0.358107   3.392117 )	227.854140 0.000001 0.000001 -0.000001 -0.000001 
5838	(   2.86334    8.919798   1.401279   0.358094   3.391995 )	227.793766 -0.000001 -0.000000 0.000001 0.000000 
5839	(   2.863311   8.919813   1.401248   0.358098   3.392007 )	227.799923 -0.000018 -0.000017 0.000018 0.000017 
5840	(   2.863295   8.919358   1.401538   0.358105   3.391981 )	227.782611 -0.000024 -0.000042 0.000024 0.000042 
5841	(   2.863311   8.919845   1.401264   0.358098   3.39201  )	227.801434 -0.000012 0.000038 0.000012 -0.000038 
5842	(   2.863312   8.919824   1.401257   0.358101   3.392011 )	227.801893 0.000010 0.000016 -0.000010 -0.000016 
5843	(   2.863322   8.919832   1.401245   0.358099   3.392014 )	227.803258 0.000020 0.000001 -0.000020 -0.000001 
5844	(   2.863312   8.919829   1.40125    0.358099   3.392034 )	227.812818 0.000017 0.000004 -0.000017 -0.000004 
5845	(   2.863306   8.919388   1.401578   0.358106   3.392005 )	227.793824 0.000024 0.000045 -0.000024 -0.000045 
5846	(   2.863309   8.919826   1.401216   0.3581     3.392007 )	227.799828 -0.000009 -0.000045 0.000009 0.000045 
5847	(   2.863311   8.919824   1.401243   0.3581     3.392008 )	227.800323 -0.000004 -0.000008 0.000004 0.000008 
5848	(   2.863315   8.91981    1.401269   0.358096   3.392035 )	227.812862 0.000000 0.000003 -0.000000 -0.000003 
5849	(   2.863313   8.919826   1.40125    0.358098   3.39202  )	227.806258 -0.000000 -0.000001 0.000000 0.000001 
5850	(   2.863302   8.919363   1.401558   0.358105   3.391992 )	227.787862 -0.000001 -0.000011 0.000001 0.000011 
5851	(   2.863312   8.919823   1.401244   0.358099   3.392014 )	227.803342 -0.000000 -0.000010 0.000000 0.000010 
5852	(   2.863312   8.919833   1.401244   0.3581     3.392014 )	227.803459 0.000006 0.000003 -0.000006 -0.000003 

BBE ( SOL ) BBO
5853	(   2.863312   8.919833   1.401244   0.358099   3.392004 )	227.798762 -0.000010 -0.000000 0.000010 0.000000 
5854	(   2.863298   8.919383   1.401558   0.358106   3.391993 )	227.788573 0.000001 0.000014 -0.000001 -0.000014 
5855	(   2.863317   8.919833   1.401235   0.358099   3.392015 )	227.803696 0.000011 -0.000013 -0.000011 0.000013 
5856	(   2.863316   8.919833   1.401254   0.358099   3.392014 )	227.803542 0.000009 0.000014 -0.000009 -0.000014 
5857	(   2.863312   8.919833   1.401244   0.358099   3.392014 )	227.803530 -0.000001 0.000000 0.000001 -0.000000 
5858	(   2.863299   8.919366   1.401569   0.358106   3.391992 )	227.787876 -0.000003 0.000010 0.000003 -0.000010 
5859	(   2.863313   8.919833   1.401243   0.358099   3.392009 )	227.800820 -0.000007 -0.000002 0.000007 0.000002 
5860	(   2.863309   8.919852   1.401221   0.358102   3.391998 )	227.795920 -0.000000 -0.000004 0.000000 0.000004 
5861	(   2.863314   8.919821   1.401257   0.358097   3.392026 )	227.808626 0.000000 0.000001 -0.000000 -0.000001 
5862	(   2.863314   8.919836   1.401239   0.358099   3.392014 )	227.803147 0.000003 -0.000004 -0.000003 0.000004 
5863	(   2.863312   8.919833   1.401244   0.3581     3.392014 )	227.803455 0.000003 0.000001 -0.000003 -0.000001 
5864	(   2.863312   8.919832   1.401245   0.358099   3.392009 )	227.801106 -0.000005 0.000001 0.000005 -0.000001 
5865	(   2.863298   8.919369   1.401556   0.358105   3.391992 )	227.787908 -0.000008 -0.000007 0.000008 0.000007 
5866	(   2.863313   8.919837   1.401249   0.358099   3.392015 )	227.803838 0.000003 0.000011 -0.000003 -0.000011 
5867	(   2.863314   8.919828   1.401245   0.358099   3.392015 )	227.803921 0.000005 -0.000003 -0.000005 0.000003 
5868	(   2.863302   8.919377   1.40156    0.358106   3.391993 )	227.788527 0.000008 0.000010 -0.000008 -0.000010 
5869	(   2.86331    8.91983    1.401249   0.358099   3.392015 )	227.803789 -0.000003 0.000004 0.000003 -0.000004 
5870	(   2.863313   8.919831   1.401239   0.358099   3.392009 )	227.800971 -0.000004 -0.000009 0.000004 0.000009 
5871	(   2.863312   8.919829   1.401246   0.358098   3.392018 )	227.805326 -0.000003 -0.000003 0.000003 0.000003 
5872	(   2.863312   8.919832   1.401244   0.358099   3.392015 )	227.803923 0.000002 0.000000 -0.000002 -0.000000 
5873	(   2.863313   8.919831   1.401248   0.358099   3.392017 )	227.804670 0.000001 0.000002 -0.000001 -0.000002 
5874	(   2.863312   8.919831   1.401247   0.358099   3.392017 )	227.804517 0.000001 0.000001 -0.000001 -0.000001 
5875	(   2.863313   8.91983    1.401247   0.358098   3.392018 )	227.805042 -0.000001 -0.000000 0.000001 0.000000 
5876	(   2.863312   8.91983    1.401246   0.358099   3.392017 )	227.804762 -0.000001 -0.000000 0.000001 0.000000 
5877	(   2.863312   8.919831   1.401245   0.358099   3.392017 )	227.804546 -0.000001 -0.000002 0.000001 0.000002 
5878	(   2.863312   8.919831   1.401246   0.358099   3.392017 )	227.804524 0.000000 0.000000 -0.000000 -0.000000 
5879	(   2.863312   8.919833   1.401245   0.358099   3.392015 )	227.803871 -0.000001 0.000001 0.000001 -0.000001 
5880	(   2.863313   8.919833   1.401243   0.358099   3.392013 )	227.803105 0.000000 -0.000001 -0.000000 0.000001 
5881	(   2.863312   8.919835   1.401244   0.358099   3.392014 )	227.803501 -0.000000 0.000002 0.000000 -0.000002 
5882	(   2.863312   8.919833   1.401246   0.358099   3.392014 )	227.803290 0.000001 0.000003 -0.000001 -0.000003 
5883	(   2.863312   8.919833   1.401243   0.358099   3.392016 )	227.804399 0.000003 -0.000000 -0.000003 0.000000 
5884	(   2.8633     8.919374   1.401559   0.358106   3.391991 )	227.787286 -0.000002 0.000004 0.000002 -0.000004 
5885	(   2.8633     8.919372   1.401557   0.358106   3.391995 )	227.789148 0.000002 -0.000001 -0.000002 0.000001 
5886	(   2.863311   8.919833   1.401244   0.358099   3.392012 )	227.802454 -0.000004 0.000001 0.000004 -0.000001 
5887	(   2.863312   8.919833   1.401243   0.358099   3.392013 )	227.803116 -0.000001 -0.000001 0.000001 0.000001 
5888	(   2.863312   8.919834   1.401242   0.358099   3.392013 )	227.802944 0.000001 -0.000000 -0.000001 0.000000 
5889	(   2.863312   8.919836   1.40124    0.3581     3.392011 )	227.802035 0.000002 0.000000 -0.000002 -0.000000 
5890	(   2.863312   8.919834   1.401243   0.358099   3.392014 )	227.803148 -0.000001 -0.000000 0.000001 0.000000 
5891	(   2.863312   8.919833   1.401244   0.358099   3.392014 )	227.803432 0.000000 0.000000 -0.000000 -0.000000 
5892	(   2.863312   8.919833   1.401243   0.3581     3.392014 )	227.803340 0.000002 0.000001 -0.000002 -0.000001 

BBE ( SOL ) BBO
5893	(   2.863313   8.919834   1.401242   0.358099   3.392014 )	227.803335 0.000003 0.000000 -0.000003 -0.000000 
5894	(   2.863312   8.919832   1.401245   0.358099   3.392015 )	227.803840 0.000002 0.000000 -0.000002 -0.000000 
5895	(   2.863312   8.919833   1.401243   0.358099   3.392014 )	227.803321 -0.000000 -0.000000 0.000000 0.000000 
5896	(   2.863313   8.919834   1.401242   0.358099   3.392013 )	227.802987 -0.000002 -0.000002 0.000002 0.000002 
5897	(   2.8633     8.919372   1.401558   0.358106   3.391993 )	227.788300 -0.000000 0.000000 0.000000 -0.000000 
5898	(   2.863299   8.91937    1.401557   0.358106   3.391994 )	227.788548 -0.000000 -0.000003 0.000000 0.000003 
5899	(   2.863299   8.919367   1.40156    0.358106   3.391991 )	227.787215 -0.000003 -0.000001 0.000003 0.000001 
5900	(   2.863298   8.919377   1.401558   0.358106   3.391991 )	227.787491 -0.000002 0.000008 0.000002 -0.000008 
5901	(   2.863299   8.919368   1.401557   0.358106   3.391995 )	227.789285 0.000001 -0.000005 -0.000001 0.000005 
5902	(   2.8633     8.919372   1.401558   0.358106   3.391992 )	227.787786 -0.000001 0.000002 0.000001 -0.000002 
5903	(   2.8633     8.919377   1.401558   0.358106   3.391993 )	227.788168 -0.000001 0.000005 0.000001 -0.000005 
5904	(   2.8633     8.919372   1.401558   0.358107   3.391993 )	227.788054 0.000006 0.000003 -0.000006 -0.000003 
5905	(   2.863299   8.919371   1.401556   0.358105   3.391991 )	227.787354 -0.000006 -0.000004 0.000006 0.000004 
5906	(   2.863298   8.919378   1.401563   0.358106   3.391993 )	227.788361 -0.000003 0.000013 0.000003 -0.000013 
5907	(   2.863305   8.919372   1.401558   0.358106   3.391993 )	227.788083 0.000010 0.000000 -0.000010 -0.000000 
5908	(   2.863302   8.919368   1.401553   0.358105   3.391993 )	227.788074 0.000003 -0.000010 -0.000003 0.000010 
5909	(   2.8633     8.919372   1.401553   0.358106   3.391994 )	227.788618 0.000001 -0.000006 -0.000001 0.000006 
5910	(   2.8633     8.91937    1.40156    0.358106   3.391993 )	227.788295 -0.000000 0.000001 0.000000 -0.000001 
5911	(   2.8633     8.919372   1.401557   0.358106   3.391992 )	227.787873 0.000000 -0.000000 -0.000000 0.000000 
5912	(   2.863299   8.919368   1.401555   0.358106   3.39199  )	227.786840 0.000000 -0.000006 -0.000000 0.000006 
5913	(   2.8633     8.91937    1.401556   0.358106   3.39199  )	227.786866 0.000000 -0.000002 -0.000000 0.000002 
5914	(   2.8633     8.919369   1.401556   0.358106   3.39199  )	227.786843 -0.000000 -0.000004 0.000000 0.000004 
5915	(   2.8633     8.91937    1.401557   0.358106   3.391993 )	227.788035 0.000001 -0.000002 -0.000001 0.000002 
5916	(   2.8633     8.919372   1.401558   0.358106   3.391992 )	227.787848 -0.000001 0.000001 0.000001 -0.000001 
5917	(   2.8633     8.919374   1.40156    0.358105   3.391995 )	227.789347 -0.000001 0.000004 0.000001 -0.000004 
5918	(   2.8633     8.919371   1.401557   0.358106   3.391991 )	227.787486 0.000000 -0.000001 -0.000000 0.000001 
5919	(   2.8633     8.919371   1.401558   0.358106   3.391993 )	227.788221 0.000000 -0.000000 -0.000000 0.000000 
5920	(   2.8633     8.919371   1.401558   0.358106   3.391993 )	227.788127 0.000000 0.000000 -0.000000 -0.000000 
5921	(   2.8633     8.919374   1.401556   0.358106   3.391992 )	227.787706 0.000000 -0.000001 -0.000000 0.000001 
5922	(   2.8633     8.919371   1.401556   0.358106   3.391992 )	227.787580 0.000000 -0.000002 -0.000000 0.000002 
5923	(   2.8633     8.919373   1.401558   0.358106   3.391993 )	227.788058 -0.000000 0.000001 0.000000 -0.000001 
5924	(   2.8633     8.919371   1.401557   0.358106   3.391992 )	227.787739 0.000000 -0.000001 -0.000000 0.000001 
5925	(   2.8633     8.919372   1.401557   0.358106   3.391992 )	227.787819 0.000000 -0.000001 -0.000000 0.000001 
5926	(   2.863299   8.919368   1.401557   0.358106   3.391989 )	227.786327 -0.000000 -0.000002 0.000000 0.000002 
5927	(   2.863299   8.919371   1.401556   0.358107   3.391989 )	227.786360 0.000001 -0.000001 -0.000001 0.000001 
5928	(   2.8633     8.919373   1.401554   0.358107   3.391989 )	227.786365 0.000004 -0.000002 -0.000004 0.000002 
5929	(   2.8633     8.919369   1.401559   0.358106   3.391993 )	227.788297 0.000000 0.000000 -0.000000 -0.000000 
5930	(   2.8633     8.91937    1.401559   0.358106   3.391993 )	227.788149 0.000000 -0.000000 -0.000000 0.000000 
5931	(   2.8633     8.919371   1.401557   0.358106   3.391987 )	227.785520 -0.000004 -0.000000 0.000004 0.000000 
5932	(   2.863297   8.919373   1.401552   0.358108   3.39199  )	227.786965 0.000005 -0.000001 -0.000005 0.000001 

BBE ( SOL ) BBO
5933	(   2.863304   8.919382   1.401553   0.358106   3.391992 )	227.787761 0.000008 0.000004 -0.000008 -0.000004 
5934	(   2.863302   8.919378   1.401562   0.358104   3.391992 )	227.787813 -0.000009 0.000008 0.000009 -0.000008 
5935	(   2.863305   8.919367   1.401559   0.358107   3.391992 )	227.787864 0.000020 0.000002 -0.000020 -0.000002 
5936	(   2.863302   8.919363   1.401554   0.358104   3.391992 )	227.787613 -0.000009 -0.000019 0.000009 0.000019 
5937	(   2.863302   8.919369   1.401562   0.358104   3.391993 )	227.788008 -0.000005 -0.000000 0.000005 0.000000 
5938	(   2.8633     8.919372   1.401557   0.358106   3.391992 )	227.787901 -0.000000 -0.000000 0.000000 0.000000 
5939	(   2.8633     8.919368   1.401559   0.358106   3.391989 )	227.786327 -0.000001 -0.000000 0.000001 0.000000 
5940	(   2.863299   8.919361   1.401564   0.358107   3.391982 )	227.782849 -0.000004 0.000001 0.000004 -0.000001 
5941	(   2.863301   8.919361   1.401563   0.358107   3.391982 )	227.782835 -0.000003 -0.000000 0.000003 0.000000 
5942	(   2.863301   8.919364   1.401563   0.358106   3.391989 )	227.786482 -0.000001 -0.000001 0.000001 0.000001 
5943	(   2.8633     8.919373   1.401556   0.358106   3.391992 )	227.787812 0.000000 -0.000001 -0.000000 0.000001 
5944	(   2.8633     8.91937    1.401559   0.358106   3.391993 )	227.788175 0.000000 -0.000000 -0.000000 0.000000 
5945	(   2.863299   8.919358   1.401558   0.358107   3.391987 )	227.785269 0.000003 -0.000009 -0.000003 0.000009 
5946	(   2.8633     8.919373   1.401561   0.358105   3.391987 )	227.785543 -0.000012 0.000004 0.000012 -0.000004 
5947	(   2.863298   8.919373   1.401552   0.358105   3.391989 )	227.786218 -0.000012 -0.000008 0.000012 0.000008 
5948	(   2.863302   8.91937    1.401554   0.358107   3.39199  )	227.786608 0.000008 -0.000004 -0.000008 0.000004 
5949	(   2.8633     8.919382   1.401557   0.358106   3.391993 )	227.788222 0.000002 0.000009 -0.000002 -0.000009 
5950	(   2.863299   8.919372   1.401559   0.358108   3.39199  )	227.786976 0.000011 0.000008 -0.000011 -0.000008 
5951	(   2.8633     8.919378   1.40156    0.358105   3.391991 )	227.787385 -0.000005 0.000009 0.000005 -0.000009 
5952	(   2.8633     8.919371   1.401558   0.358106   3.391993 )	227.788023 0.000000 -0.000000 -0.000000 0.000000 
5953	(   2.863299   8.919365   1.401562   0.358107   3.391987 )	227.785357 0.000001 0.000002 -0.000001 -0.000002 
5954	(   2.8633     8.919372   1.401556   0.358106   3.391989 )	227.786358 -0.000000 -0.000001 0.000000 0.000001 
5955	(   2.8633     8.919372   1.401557   0.358106   3.391992 )	227.787854 0.000000 -0.000000 -0.000000 0.000000 
5956	(   2.8633     8.919373   1.401556   0.358106   3.391992 )	227.787693 -0.000000 -0.000001 0.000000 0.000001 
5957	(   2.8633     8.919374   1.401555   0.358106   3.391992 )	227.787797 -0.000000 -0.000001 0.000000 0.000001 
5958	(   2.863298   8.919367   1.40156    0.358107   3.391989 )	227.786153 -0.000001 0.000001 0.000001 -0.000001 
5959	(   2.8633     8.919358   1.401566   0.358106   3.391987 )	227.785272 -0.000001 0.000001 0.000001 -0.000001 
5960	(   2.8633     8.919373   1.401556   0.358106   3.391992 )	227.787762 -0.000000 -0.000001 0.000000 0.000001 
5961	(   2.8633     8.919371   1.401558   0.358106   3.391993 )	227.788052 0.000000 -0.000000 -0.000000 0.000000 
5962	(   2.8633     8.919375   1.401558   0.358106   3.39199  )	227.786943 -0.000001 0.000004 0.000001 -0.000004 
5963	(   2.8633     8.919358   1.401561   0.358107   3.391988 )	227.785881 0.000004 -0.000005 -0.000004 0.000005 
5964	(   2.863299   8.919372   1.401552   0.358105   3.391992 )	227.787581 -0.000004 -0.000008 0.000004 0.000008 
5965	(   2.863301   8.919365   1.401554   0.358106   3.391992 )	227.787602 0.000001 -0.000012 -0.000001 0.000012 
5966	(   2.8633     8.91937    1.401556   0.358107   3.391992 )	227.787769 0.000007 -0.000002 -0.000007 0.000002 
5967	(   2.8633     8.919378   1.401557   0.358105   3.39199  )	227.786773 -0.000006 0.000005 0.000006 -0.000005 
5968	(   2.863299   8.919362   1.401559   0.358106   3.391992 )	227.787521 -0.000003 -0.000008 0.000003 0.000008 
5969	(   2.8633     8.919373   1.401557   0.358106   3.391992 )	227.787875 -0.000000 -0.000000 0.000000 0.000000 
5970	(   2.863299   8.919377   1.40156    0.358107   3.391987 )	227.785490 0.000001 0.000011 -0.000001 -0.000011 
5971	(   2.8633     8.919373   1.401556   0.358106   3.39199  )	227.786918 0.000000 0.000000 -0.000000 -0.000000 
5972	(   2.863301   8.919375   1.401555   0.358107   3.391984 )	227.784110 0.000000 0.000001 -0.000000 -0.000001 

BBE ( SOL ) BBO
5973	(   2.863303   8.919379   1.401551   0.358108   3.391966 )	227.775687 0.000000 0.000006 -0.000000 -0.000006 
5974	(   2.863299   8.919361   1.401564   0.358107   3.391987 )	227.785269 -0.000000 0.000000 0.000000 -0.000000 
5975	(   2.863296   8.919325   1.401586   0.358109   3.391977 )	227.780320 -0.000001 0.000001 0.000001 -0.000001 
5976	(   2.863305   8.919391   1.401538   0.358108   3.391966 )	227.775923 -0.000001 -0.000003 0.000001 0.000003 
5977	(   2.863306   8.919365   1.40156    0.358107   3.391972 )	227.778465 0.000001 0.000001 -0.000001 -0.000001 
5978	(   2.8633     8.919368   1.401559   0.358106   3.391989 )	227.786414 0.000000 0.000000 -0.000000 -0.000000 
5979	(   2.863294   8.919354   1.401576   0.358109   3.391983 )	227.783377 0.000004 0.000017 -0.000004 -0.000017 
5980	(   2.863296   8.919356   1.401553   0.358102   3.391984 )	227.783949 -0.000046 -0.000033 0.000046 0.000033 
5981	(   2.863297   8.919358   1.401557   0.358108   3.391997 )	227.789939 0.000013 -0.000010 -0.000013 0.000010 
5982	(   2.863299   8.919412   1.401535   0.358105   3.391979 )	227.782151 -0.000018 0.000007 0.000018 -0.000007 
5983	(   2.863299   8.919351   1.401544   0.35811    3.391982 )	227.782638 0.000019 -0.000028 -0.000019 0.000028 
5984	(   2.8633     8.919311   1.401566   0.358106   3.391987 )	227.784930 -0.000001 -0.000048 0.000001 0.000048 
5985	(   2.863303   8.919337   1.401575   0.358108   3.391989 )	227.786070 0.000018 -0.000005 -0.000018 0.000005 
5986	(   2.863309   8.919379   1.401574   0.358106   3.391985 )	227.784429 0.000016 0.000033 -0.000016 -0.000033 
5987	(   2.863301   8.919346   1.401575   0.358106   3.391985 )	227.784253 -0.000000 -0.000000 0.000000 0.000000 
5988	(   2.863307   8.9193     1.401609   0.358105   3.39198  )	227.781207 -0.000001 -0.000001 0.000001 0.000001 
5989	(   2.863301   8.919361   1.401563   0.358107   3.39198  )	227.781921 -0.000000 -0.000000 0.000000 0.000000 
5990	(   2.863301   8.919405   1.401526   0.358109   3.391964 )	227.774923 -0.000000 -0.000001 0.000000 0.000001 
5991	(   2.863302   8.91954    1.401417   0.358116   3.391916 )	227.753932 0.000000 -0.000002 -0.000000 0.000002 
5992	(   2.863299   8.919349   1.401566   0.35811    3.391963 )	227.773913 -0.000001 -0.000000 0.000001 0.000000 
5993	(   2.863294   8.919313   1.401575   0.358118   3.391913 )	227.749894 -0.000001 0.000000 0.000001 -0.000000 
5994	(   2.863276   8.919206   1.401601   0.358144   3.391762 )	227.677850 -0.000003 0.000001 0.000003 -0.000001 
5995	(   2.86329    8.919166   1.401725   0.358094   3.392096 )	227.834168 0.000000 -0.000000 -0.000000 0.000000 
5996	(   2.863289   8.91917    1.401731   0.35809    3.392129 )	227.849740 0.000001 -0.000001 -0.000001 0.000001 
5997	(   2.863301   8.919351   1.40157    0.358107   3.39198  )	227.782056 -0.000000 0.000000 0.000000 -0.000000 
5998	(   2.863321   8.919357   1.401569   0.358117   3.391945 )	227.765303 0.000074 0.000032 -0.000074 -0.000032 
5999	(   2.8633     8.919349   1.401463   0.35814    3.391858 )	227.724248 0.000115 -0.000061 -0.000115 0.000061 
6000	(   2.863314   8.91894    1.401594   0.358099   3.391961 )	227.767791 -0.000053 -0.000400 0.000053 0.000400 
A termination criterion is reached: Maximum number of blackbox evaluations (Eval Global) 6000

Best feasible solution:     #1792961 ( 2.8633 8.91936 1.40156 0.358107 3.39198 )	Evaluation OK	 f = 227.78192100000001119   	 h =   0                     

Best infeasible solution:   #1795169 ( 2.86329 8.91931 1.40157 0.358118 3.39191 )	Evaluation OK	 f = 227.74989400000001183   	 h =   0.000000000001        

Blackbox evaluations:         6000
Total model evaluations:      1631929
Cache hits:                   928
Total number of evaluations:  6928
