1	(   2                        2                        2                      )	4.01 7.0
2	(   1                        3                        3                      )	4.0 11.0
3	(   3                        1                        1                      )	64.04 5.0
4	(   6                       -2                       -2                      )	1444.25 11.0
5	(   4                        3                        0                      )	169.09 5.0
6	(   2                       -1                        2                      )	25.01 7.0
7	(   5                        1                        3                      )	576.16 15.0
8	(   1                        1                       -1                      )	0.0 3.0
9	(  -5                        1                       -7                      )	576.36 45.0
10	(   3                       -1                        0                      )	100.04 4.0
11	(  -1                        3                       -2                      )	4.04 4.0
12	(   6                        2                       -3                      )	1156.25 16.0
13	(  -4                        0                        1                      )	256.25 -2.0
14	(   2                        2                        4                      )	4.01 19.0
15	(   0                        0                       -6                      )	0.01 37.0
16	(  -1                        1                       -1                      )	0.04 1.0
17	(  -7                        1                       -1                      )	2304.64 -5.0
18	(  -1                        0                       -1                      )	1.04 1.0
19	(  -1                        2                       -1                      )	1.04 1.0
20	(  -3                        1                        1                      )	64.16 -1.0
21	(   4                        1                        0                      )	225.09 5.0
22	(   1                        1                       -3                      )	0.0 11.0
23	(  -6                        1                       -2                      )	1225.49 -1.0
24	(  -1                        0.5                     -1                      )	0.29 1.0
25	(  -1                        1.5                     -1                      )	0.29 1.0
26	(   1                        1.0200000000000000178   -1                      )	0.0004000000000000007 3.0
27	(  -2                        1                        0                      )	9.09 -1.0
28	(   0                        1                       -2                      )	1.01 5.0
29	(  -3                        0.97999999999999998224  -1                      )	64.48039999999999 -1.0
30	(  -1                        0.89000000000000001332  -0.5                    )	0.0521 0.25
31	(  -1                        0.56000000000000005329   1.5                    )	0.23359999999999997 2.25
32	(  -1                        0.98999999999999999112   0.5                    )	0.040100000000000004 0.25
33	(  -1                        0.98999999999999999112   3.5                    )	0.040100000000000004 12.25
34	(  -1                        1.9899999999999999911    0.5                    )	1.0201 0.25
35	(   0                        0.98999999999999999112   0.5                    )	0.9901 1.25
36	(  -1                       -0.01000000000000000021   0.5                    )	1.0601 0.25
37	(  -2                        0.98999999999999999112   0.5                    )	9.150099999999998 -0.75
38	(  -1                        0.98999999999999999112  -1.5                    )	0.040100000000000004 2.25
39	(  -1                        0.98999999999999999112   2.5                    )	0.040100000000000004 6.25
40	(  -1                        1.2900000000000000355    3.5                    )	0.12410000000000002 12.25
41	(  -0.55000000000000004441   1.4899999999999999911   -0.5                    )	1.43418125 0.7
42	(  -1.1299999999999998934    0.61999999999999999556  -0.5                    )	0.4768866099999996 0.1200000000000001
43	(  -1.1299999999999998934   -0.38000000000000000444  -3.5                    )	2.7906866099999994 12.120000000000001
44	(  -0.13000000000000000444   0.61999999999999999556   0.5                    )	0.37649860999999996 1.12
45	(  -1.1299999999999998934    1.6200000000000001066   -0.5                    )	0.16308661000000027 0.1200000000000001
46	(  -1.1299999999999998934    4.6200000000000001066   -0.5                    )	11.221686610000003 0.1200000000000001
47	(  -1.1299999999999998934    3.6200000000000001066   -0.5                    )	5.535486610000003 0.1200000000000001
48	(  -1.1299999999999998934   -0.38000000000000000444  -0.5                    )	2.7906866099999994 0.1200000000000001
49	(  -2.1299999999999998934    1.6200000000000001066    0.5                    )	8.606274609999996 -0.8799999999999999
50	(  -0.13000000000000000444   0.61999999999999999556   1.5                    )	0.37649860999999996 3.12
51	(  -0.13000000000000000444   1.6200000000000001066   -1.5                    )	2.5826986100000004 3.12
52	(  -2.1299999999999998934    2.6200000000000001066   -2.5                    )	3.7724746099999966 5.12
53	(  -1.1299999999999998934    1.6200000000000001066    0.5                    )	0.16308661000000027 0.1200000000000001
54	(  -1.1399999999999999023    2.6200000000000001066   -0.5                    )	1.7892521600000006 0.1100000000000001
55	(  -1.1200000000000001066    0.61999999999999999556  -0.5                    )	0.4474073600000002 0.1299999999999999
56	(  -1.6299999999999998934    1.6200000000000001066   -0.5                    )	1.1443306099999995 -0.3799999999999999
57	(  -0.63000000000000000444   1.6200000000000001066   -0.5                    )	1.5225426100000004 0.62
58	(  -1.1299999999999998934    1.6200000000000001066   -1.5                    )	0.16308661000000027 2.12
59	(  -1.1999999999999999556    1.1200000000000001066   -0.38000000000000000444 )	0.1507999999999999 -0.05559999999999987
60	(  -1.4099999999999999201   -0.88000000000000000444  -0.38000000000000000444 )	8.284078609999998 -0.26559999999999984
61	(  -0.81999999999999995115   0.11999999999999999556  -0.38000000000000000444 )	0.33826975999999986 0.3244
62	(  -1.5800000000000000711    2.1200000000000001066   -0.38000000000000000444 )	0.20824096000000022 -0.4356
63	(  -0.69999999999999995559   1.1200000000000001066    0.61999999999999999556 )	0.4258000000000001 0.6844000000000001
64	(  -1.4799999999999999822    0.11999999999999999556   0.61999999999999999556 )	4.348060159999999 -0.09559999999999991
65	(  -1.6999999999999999556    1.1200000000000001066   -1.3799999999999998934  )	3.2057999999999987 1.2043999999999997
66	(  -0.92000000000000003997   2.1200000000000001066   -1.3799999999999998934  )	1.6589209600000001 1.9843999999999995
67	(  -1.4099999999999999201   -0.38000000000000000444  -0.02000000000000000042 )	5.665978609999998 -0.40959999999999996
68	(  -1                        1.3700000000000001066   -0.34000000000000002442 )	0.17690000000000008 0.11560000000000004
69	(  -1.1899999999999999467    0.97999999999999998224   0.11999999999999999556 )	0.23814420999999994 -0.17559999999999998
70	(  -1.1000000000000000888    0.61999999999999999556  -0.54000000000000003553 )	0.3922000000000002 0.1916
71	(  -1.3000000000000000444    1.6200000000000001066   -0.22000000000000000111 )	0.057800000000000004 -0.25160000000000005
72	(  -1.3999999999999999112    0.86999999999999999556  -0.41999999999999998446 )	1.2456999999999998 -0.22360000000000002
73	(  -1.2099999999999999645    1.2600000000000000089   -0.88000000000000000444 )	0.09049780999999998 0.5644
74	(  -1.1000000000000000888    1.2199999999999999734   -0.28999999999999998002 )	0.044199999999999996 -0.015900000000000025
75	(  -0.80000000000000004441   1.5200000000000000178   -0.02000000000000000042 )	0.8067999999999999 0.2003999999999999
76	(  -1.0400000000000000355    0.71999999999999997335   0.08000000000000000167 )	0.17237056000000012 -0.033600000000000074
77	(  -0.9000000000000000222    1.6699999999999999289    0.10000000000000000555 )	0.7756999999999998 0.10999999999999999
78	(  -1.3000000000000000444    1.3899999999999999023    0.16000000000000000333 )	0.14290000000000017 -0.2744
79	(  -1.1599999999999999201    1.7199999999999999734   -0.66000000000000003109 )	0.18683136000000006 0.27560000000000007
80	(  -1.3000000000000000444    0.77000000000000001776  -0.68000000000000004885 )	0.8993000000000002 0.1624000000000001
81	(  -0.9000000000000000222    1.0500000000000000444   -0.73999999999999999112 )	0.0937 0.6476
82	(  -1.0400000000000000355    1.0200000000000000178   -0.2999999999999999889  )	0.04541056000000001 0.04999999999999993
83	(  -1.1599999999999999201    1.4199999999999999289   -0.28000000000000002665 )	0.052191360000000006 -0.0815999999999999
84	(  -1.1000000000000000888    1.1999999999999999556   -0.08999999999999999667 )	0.0442 -0.09190000000000009
85	(  -1                        1.3400000000000000799   -0.27000000000000001776 )	0.15560000000000004 0.07289999999999996
86	(  -1.1000000000000000888    1.2399999999999999911   -0.48999999999999999112 )	0.04499999999999999 0.1400999999999999
87	(  -1.1999999999999999556    1.1000000000000000888   -0.30999999999999999778 )	0.1639999999999999 -0.10389999999999988
88	(  -1.1332999999999999741    1.2399999999999999911   -0.39000000000000001332 )	0.0474782872998321 0.01880000000000004
89	(  -1.0666999999999999815    1.1999999999999999556   -0.19000000000000000222 )	0.0465752493742321 -0.03059999999999996
90	(  -1.1022000000000000686    1.1200000000000001066   -0.2999999999999999889  )	0.05318799207462562 -0.012199999999999989
91	(  -1.0978000000000001091    1.3200000000000000622   -0.28000000000000002665 )	0.05719476237222555 -0.019400000000000084
92	(  -1.0500000000000000444    1.2299999999999999822   -0.35999999999999998668 )	0.058281249999999986 0.0795999999999999
93	(  -1.1499999999999999112    1.2099999999999999645   -0.22000000000000000111 )	0.058881249999999954 -0.10159999999999991
94	(  -1.0820000000000000728    1.1699999999999999289   -0.27329999999999998739 )	0.043347764175999996 -0.007307110000000172
95	(  -1.0280000000000000249    1.0200000000000000178   -0.22329999999999999849 )	0.042480902656 0.021862889999999968
96	(  -1.0907999999999999918    1.2700000000000000178   -0.36330000000000001181 )	0.05013932813672959 0.041186889999999976
97	(  -1.0731999999999999318    1.0700000000000000622   -0.18329999999999999072 )	0.04966599220789757 -0.039601109999999995
98	(  -1.0320000000000000284    1.1999999999999999556   -0.26329999999999997851 )	0.059508760576000005 0.03732689
99	(  -1.1319999999999998952    1.1399999999999999023   -0.28329999999999999627 )	0.06545498777599992 -0.05174110999999981
100	(  -1.1010999999999999677    1.25                    -0.17330000000000000959 )	0.04555837755786409 -0.07106710999999999
101	(  -1.0628999999999999559    1.0900000000000000799   -0.37330000000000002069 )	0.044136136236088086 0.0764528900000001
102	(  -1.0280000000000000249    1.0200000000000000178   -0.2232000000000000095  )	0.042480902656 0.02181823999999999
103	(  -1.0951999999999999513    1.1678999999999999382   -0.32329999999999997629 )	0.0448948558940416 0.009322889999999973
104	(  -1.0812999999999999279    1.2199999999999999734   -0.27660000000000001252 )	0.04589775248989612 -0.004792439999999898
105	(  -1.0687999999999999723    1.1720999999999999197   -0.22329999999999999849 )	0.04368538249423359 -0.01893710999999998
106	(  -1.0826999999999999957    1.1200000000000001066   -0.27000000000000001776 )	0.0461053363197041 -0.009800000000000031
107	(  -1.0620000000000000551    1.1660999999999999144   -0.30599999999999999423 )	0.043981961536 0.031636
108	(  -1.1020000000000000906    1.1738999999999999435   -0.2406000000000000083  )	0.04582461401600004 -0.04411164000000012
109	(  -1.0791999999999999371    1.3700000000000001066   -0.28649999999999997691 )	0.08539005116456971 0.002882250000000086
110	(  -1.0853999999999999204    1.1200000000000001066   -0.28720000000000001084 )	0.04686374683878555 -0.0029161599999998344
111	(  -1.097699999999999898     0.81999999999999995115  -0.31719999999999998197 )	0.1921863291931839 0.002915840000000114
112	(  -1.0604999999999999982    1.1799999999999999378   -0.18720000000000000528 )	0.0455190904300625 -0.02545616000000006
113	(  -1.1103000000000000647    1.0600000000000000533   -0.38719999999999998863 )	0.07438178275388813 0.039623839999999966
114	(  -1.0650999999999999357    1.3200000000000000622   -0.33719999999999999973 )	0.07707963223276021 0.048603840000000065
115	(  -1.1056999999999999051    0.92000000000000003997  -0.23719999999999999418 )	0.1358898366048 -0.04943615999999995
116	(  -1.0354000000000000981    1.0100000000000000089   -0.31719999999999998197 )	0.04527912626598564 0.06521583999999991
117	(  -1.1353999999999999648    1.2299999999999999822   -0.25719999999999998419 )	0.0490960622115856 -0.06924815999999989
118	(  -1.097699999999999898     0.81999999999999995115  -0.31900000000000000577 )	0.1921863291931839 0.004061000000000092
119	(  -1.0876999999999998892    1.2199999999999999734   -0.30620000000000002771 )	0.04494716577386412 0.006058440000000109
120	(  -1.0830999999999999517    1.0200000000000000178   -0.26819999999999999396 )	0.06683438391347206 -0.011168759999999889
121	(  -1.0653999999999999027    1.1399999999999999023   -0.28179999999999999494 )	0.0426830059536656 0.014011240000000091
122	(  -1.1053999999999999382    1.1000000000000000888   -0.29260000000000002673 )	0.059188934891905534 -0.019785240000000037
123	(  -1.0821000000000000618    1.0800000000000000711   -0.33719999999999999973 )	0.0516215622709681 0.03160383999999994
124	(  -1.0887000000000000011    1.1599999999999999201   -0.23719999999999999418 )	0.044265133057936126 -0.03243616000000005
125	(  -1.0753999999999999115    1.1170999999999999819   -0.27100000000000001865 )	0.044624042428225597 -0.001958999999999822
126	(  -1.0454000000000001069    1.1084000000000000519   -0.22239999999999998659 )	0.04207806714854559 0.004061759999999914
127	(  -1.0739000000000000767    1.0670999999999999375   -0.27279999999999998694 )	0.05043436620866414 0.0005198399999999381
128	(  -1.0768999999999999684    1.1671000000000000263   -0.26919999999999999485 )	0.04318969485723211 -0.004431359999999884
129	(  -1.0553999999999998938    1.1209000000000000075   -0.27469999999999999973 )	0.0422961243111056 0.020060090000000086
130	(  -1.0953999999999999293    1.1132999999999999563   -0.26729999999999998206 )	0.051406772513345564 -0.02395071000000004
131	(  -1.0739000000000000767    1.115599999999999925    -0.221000000000000002   )	0.04442897883866412 -0.025059000000000164
132	(  -1.0768999999999999684    1.1186000000000000387   -0.32100000000000000755 )	0.04482546502723209 0.02614100000000008
133	(  -1.0653999999999999027    1.1312999999999999723   -0.26169999999999998819 )	0.042673038537665596 0.0030868900000000643
134	(  -1.0788999999999999702    1.1370999999999999996   -0.28649999999999997691 )	0.0439432190335441 0.003182250000000053
135	(  -1.071900000000000075     1.0970999999999999641   -0.25550000000000000488 )	0.04561815254155214 -0.006619750000000035
136	(  -1.0853999999999999204    1.1028999999999999915   -0.28029999999999999361 )	0.04914294291078556 -0.00683190999999983
137	(  -1.0672999999999999154    1.107299999999999951    -0.2909999999999999809  )	0.043750396601904086 0.01738100000000009
138	(  -1.0834999999999999076    1.1269000000000000128   -0.25100000000000000089 )	0.04562551922006247 -0.020498999999999823
139	(  -1.0704000000000000181    1.1211999999999999744   -0.26879999999999998339 )	0.04346856659394562 0.001853439999999984
140	(  -1.0553999999999998938    1.133499999999999952    -0.26219999999999998863 )	0.0426320614791056 0.01334884000000014
141	(  -1.0608999999999999542    1.1192999999999999616   -0.24879999999999999338 )	0.04251163742161611 0.00100144000000002
142	(  -1.0323999999999999844    1.1135999999999999233   -0.1887999999999999956  )	0.04358658302005761 0.003245440000000044
143	(  -1.0482000000000000206    1.1246000000000000441   -0.19880000000000000449 )	0.04262083910809761 -0.008678560000000113
144	(  -1.0658000000000000806    1.0992999999999999439   -0.22780000000000000249 )	0.044017026926529625 -0.01390716000000003
145	(  -1.0736000000000001098    1.1140000000000001013   -0.29880000000000001004 )	0.04448943919964161 0.015681439999999935
146	(  -1.0560000000000000497    1.1392999999999999794   -0.26979999999999998428 )	0.042855258896 0.016792039999999897
147	(  -1.0808999999999999719    1.1285000000000000586   -0.22300000000000000377 )	0.04488905698393609 -0.03117100000000006
148	(  -1.0408999999999999364    1.1101000000000000867   -0.27460000000000001075 )	0.04236173534729609 0.034505160000000035
149	(  -1.0677000000000000934    1.1092999999999999527   -0.25700000000000000622 )	0.043695297185224136 -0.001651000000000069
150	(  -1.0541000000000000369    1.1292999999999999705   -0.2406000000000000083  )	0.0425235329347761 0.003788359999999935
151	(  -1.0569999999999999396    1.1126000000000000334   -0.22880000000000000338 )	0.042334103201 -0.00465055999999997
152	(  -1.0647999999999999687    1.1259999999999998899   -0.26879999999999998339 )	0.042694815424921595 0.007453440000000033
153	(  -1.0708999999999999631    1.1233999999999999542   -0.23560000000000000386 )	0.0434350835267761 -0.015392639999999957
154	(  -1.0508999999999999453    1.1151999999999999691   -0.26200000000000001066 )	0.042178746688456094 0.017744000000000093
155	(  -1.0562570000000000014    1.1215749999999999886   -0.23880000000000001226 )	0.04231669308473468 0.0007684399999999814
156	(  -1.042356999999999978     1.1283749999999999059   -0.20880000000000001337 )	0.043465057176496756 0.0012404400000000093
157	(  -1.0592569999999998931    1.1315749999999999975   -0.24090000000000000302 )	0.042496588932507795 -0.0012241899999998473
158	(  -1.0532570000000001098    1.1115749999999999797   -0.23669999999999999374 )	0.04216359233476686 0.0027698899999999416
159	(  -1.0552569999999998895    1.1229750000000000565   -0.21879999999999999449 )	0.042329317501504954 -0.007383559999999845
160	(  -1.0572569999999998913    1.1201749999999999208   -0.25879999999999997451 )	0.04232874059456499 0.009720440000000052
161	(  -1.0662570000000000103    1.118775000000000075    -0.23599999999999998757 )	0.04302284018068675 -0.010561000000000043
162	(  -1.0462569999999999926    1.1243749999999999023   -0.24160000000000000919 )	0.0427550321768414 0.012113559999999968
163	(  -1.0423279999999999212    1.1284000000000000696   -0.20880000000000001337 )	0.04347103546221996 0.001269440000000066
164	(  -1.0557330000000000325    1.1239669999999999384   -0.22880000000000000338 )	0.04234864455455768 -0.003383560000000063
165	(  -1.0612569999999998949    1.1239459999999998896   -0.23999999999999999112 )	0.04249318854969379 -0.0036569999999997993
166	(  -1.0589550000000000907    1.1165750000000000952   -0.2335000000000000131  )	0.042416099678009404 -0.004432750000000096
167	(  -1.0567809999999999704    1.1191830000000000389   -0.24879999999999999338 )	0.04230922603569569 0.005120440000000004
168	(  -1.051257000000000108     1.1192040000000000877   -0.23760000000000000564 )	0.04227431289291026 0.0051967599999999115
169	(  -1.0535589999999999122    1.1265750000000001041   -0.24410000000000001141 )	0.042446221791424286 0.006025810000000131
170	(  -1.0582570000000000032    1.1233489999999999309   -0.24087500000000000577 )	0.04237606010077166 -0.00023623437499997735
171	(  -1.0642570000000000086    1.1286709999999999798   -0.24707499999999998908 )	0.042627346103008695 -0.0032109443749999134
172	(  -1.0532570000000001098    1.1192210000000000214   -0.23427500000000001101 )	0.04225607364008155 0.0016277756249999387
173	(  -1.05998900000000007      1.1183490000000000375   -0.24817500000000000671 )	0.042462875440657494 0.001601830624999967
174	(  -1.0565249999999999364    1.1283490000000000464   -0.23357500000000000484 )	0.04243945574152572 -0.0019677193749998434
175	(  -1.0632569999999998966    1.1274770000000000625   -0.24747500000000000053 )	0.04257952664703648 -0.0020131243749998973
176	(  -1.0533619999999999095    1.1253059999999999174   -0.25087500000000001465 )	0.042410529424898376 0.009576265625000135
177	(  -1.0631520000000000969    1.1213919999999999444   -0.23087499999999999689 )	0.042645174867921874 -0.009848734375000001
178	(  -1.0642570000000000086    1.1286709999999999798   -0.24709999999999998632 )	0.042627346103008695 -0.003198590000000001
179	(  -1.058221999999999996     1.1253489999999999327   -0.24159300000000000219 )	0.042393195429716965 0.00014517764900001673
180	(  -1.0581169999999999742    1.131348999999999938    -0.2437930000000000097  )	0.042496222751598076 0.0013180268490000646
181	(  -1.0596270000000000966    1.1303490000000000482   -0.24189299999999999691 )	0.04247747967416841 -0.0011147765510000074
182	(  -1.0568169999999998954    1.1203490000000000393   -0.24129300000000000748 )	0.04231711968795512 0.0014053118490000571
183	(  -1.0570990000000000109    1.1274640000000000217   -0.23159299999999999331 )	0.042416677074527884 -0.0034636823509999193
184	(  -1.0593449999999999811    1.1232340000000000657   -0.25159300000000001107 )	0.04241006312375213 0.003954037649000042
185	(  -1.0602219999999999978    1.1219580000000000108   -0.23309299999999999464 )	0.04244961034885073 -0.0058896533510000015
186	(  -1.0562219999999999942    1.1287400000000000766   -0.25009300000000000974 )	0.04245301963587684 0.006324508649000027
187	(  -1.0581169999999999742    1.131348999999999938    -0.24374699999999999145 )	0.042496222751598076 0.0012956000089999753
188	(  -1.0592220000000001079    1.1252690000000000747   -0.24339500000000000024 )	0.042414959949195544 1.9126024999871483e-5
189	(  -1.0572220000000001061    1.1254290000000000127   -0.23979100000000000414 )	0.042381077583933814 0.0002777236809998751
190	(  -1.0583089999999999442    1.1233489999999999309   -0.23983199999999998964 )	0.042377455358991234 -0.0007896117760000099
191	(  -1.0581350000000000477    1.1273489999999999345   -0.24335399999999998699 )	0.042418476338045 0.0010861693159999186
192	(  -1.0585979999999999279    1.1261179999999999524   -0.23659299999999999775 )	0.042408378411885786 -0.0026217523509999285
193	(  -1.057846000000000064     1.124579999999999913    -0.24659300000000000663 )	0.04237801359089337 0.0029621076489999565
194	(  -1.0583076399999999939    1.1243490000000000428   -0.2410720000000000085  )	0.04238508643709901 -0.0001919308159998856
195	(  -1.058136359999999998     1.1263490000000000446   -0.24211399999999999588 )	0.04240409512104388 0.0004828289960000509
196	(  -1.0579931399999999986    1.1255310000000000592   -0.23959300000000000042 )	0.04239156877937991 -0.0005883343510000305
197	(  -1.0587219999999999409    1.1256260000000000154   -0.24077899999999999303 )	0.042405770901461776 -0.0007474731590000339
198	(  -1.0584508599999999934    1.1251670000000000282   -0.24359300000000000397 )	0.04239571006840623 0.0008866896489999609
199	(  -1.057722000000000051     1.125072000000000072    -0.24240700000000001135 )	0.042381840058525015 0.0010391536489999798
200	(  -1.0582188200000000045    1.1256612999999999758   -0.24259300000000000308 )	0.04239668533802078 0.0006325436490000058
201	(  -1.058421999999999974     1.1253557400000000488   -0.24160000000000000919 )	0.04239700712391554 -5.14400000000137e-5
202	(  -1.0590219999999999079    1.125375959999999953    -0.24162100000000000244 )	0.04241052586659127 -0.0006412923590000119
203	(  -1.0579287100000001054    1.1256394100000000069   -0.2406000000000000083  )	0.04239200250206347 -4.0350000000133335e-5
204	(  -1.0564487099999999575    1.1264904099999999421   -0.23760000000000000564 )	0.042398108900586734 5.050000000061949e-6
205	(  -1.0574867100000000519    1.124639409999999895    -0.23935200000000000919 )	0.04237298135103985 -0.00019733009600009233
206	(  -1.0583707099999999368    1.1266394099999998968   -0.24184800000000000741 )	0.042411030934360876 0.00011974510400003524
207	(  -1.0578167099999999934    1.1250654099999999325   -0.24260000000000001008 )	0.042383174695949065 0.0010380500000000126
208	(  -1.0569287099999999935    1.1260164100000000786   -0.24080799999999999428 )	0.042389089901470084 0.0010597828639999918
209	(  -1.0580407099999999954    1.1262134100000000814   -0.23860000000000000653 )	0.04240105740692574 -0.0011107500000000492
210	(  -1.0589287099999999953    1.1252624099999999352   -0.24039199999999999458 )	0.04240733807587152 -0.001140396335999938
211	(  -1.0564488400000000556    1.1264904200000001033   -0.23760000000000000564 )	0.042398108738690286 4.919999999963842e-6
212	(  -1.0576061599999999618    1.125139410000000062    -0.2401840000000000086  )	0.04238110495936626 8.21938560000568e-5
213	(  -1.056638160000000104     1.1236394100000000051   -0.23893600000000000949 )	0.04234880222510874 0.00045225209599986105
214	(  -1.0576731600000000011    1.1241394099999999501   -0.24039900000000000158 )	0.04237007529244968 0.00011851920100003355
215	(  -1.0578741599999998968    1.1211394100000000584   -0.24104400000000000825 )	0.04235262900689684 0.0002280499360001187
216	(  -1.058673159999999891     1.1232404099999999669   -0.24133999999999999897 )	0.04238736189589577 -0.0004281643999999307
217	(  -1.058145160000000029     1.1261394099999999519   -0.23979600000000000914 )	0.0424014530004152 -0.0006430383839999276
218	(  -1.0566731599999998892    1.1250384099999999332   -0.23945800000000000418 )	0.04237095939089089 0.0006669737640001561
219	(  -1.0572011599999999731    1.1221394099999999483   -0.24100199999999999401 )	0.042340703399508475 0.0008808040040000353
220	(  -1.0577841599999999733    1.1237944099999999104   -0.23539899999999999713 )	0.04236864005073373 -0.0023714707989999084
221	(  -1.0575621600000000289    1.1244844099999999898   -0.24539900000000000602 )	0.04237218285521696 0.00265850920099997
222	(  -1.0577981899999999715    1.1231394100000000602   -0.24042900000000000382 )	0.042362994066983954 7.914040999978944e-6
223	(  -1.0581731899999999857    1.1201394099999999465   -0.24051900000000001056 )	0.04236093600770741 -0.0003238006390000603
224	(  -1.0581221899999999625    1.1211394100000000584   -0.2401699999999999946  )	0.042360970296413045 -0.00044056110000001425
225	(  -1.0574741899999999806    1.125139410000000062    -0.24068800000000001305 )	0.042379441490562754 0.00045652334400003713
226	(  -1.0577791899999999803    1.1233864099999999464   -0.23842900000000000205 )	0.042364708413056854 -0.0009308019589999716
227	(  -1.0578171899999999628    1.122892409999999952    -0.2424290000000000056  )	0.042361444685528125 0.0009546300410000486
228	(  -1.0567981900000000817    1.1224974100000000288   -0.24038899999999999157 )	0.042336393519077205 0.00098868132099994
229	(  -1.0587981900000000834    1.1237814100000000916   -0.24046899999999998832 )	0.04239394077987609 -0.0009728500390000505
230	(  -1.0581732800000001049    1.1201394099999999465   -0.24051900000000001056 )	0.0423609395566844 -0.00032389063900017945
231	(  -1.0572981900000000266    1.1233144100000000964   -0.23988399999999998613 )	0.042354297079260535 0.0002461434559999365
232	(  -1.0582981899999999165    1.122964410000000024    -0.24097399999999999376 )	0.04237473143518768 -0.00022972132399989853
233	(  -1.0575987000000000027    1.1221394099999999483   -0.24083999999999999853 )	0.04235026037602493 0.0004052056000000137
234	(  -1.0579976799999999404    1.1241394099999999501   -0.24001800000000000912 )	0.04237639595969139 -0.00038903967600001366
235	(  -1.0580195699999999093    1.1225514100000000273   -0.23942900000000000293 )	0.04236434281786507 -0.000693323958999903
236	(  -1.0575768100000000338    1.1237274100000000931   -0.24142900000000000471 )	0.04236387722618165 0.0007111520409999184
237	(  -1.0575981899999999936    1.1235459199999999758   -0.24013401000000000884 )	0.0423624240232647 6.615275868016024e-5
238	(  -1.0579981899999999495    1.1227328999999999226   -0.2407239899999999988  )	0.04236494080779376 -5.015063847979562e-5
239	(  -1.0577507699999999513    1.1226394099999998932   -0.23994092999999999671 )	0.04235784298283602 -0.00017912011073506484
240	(  -1.0578456099999999918    1.1236394100000000051   -0.24091707000000001093 )	0.04236846464398433 0.00019542461738486505
241	(  -1.0575981899999999936    1.122837209999999919    -0.24086003999999999747 )	0.04235579385197676 0.00041536886880155777
242	(  -1.0579981899999999495    1.1234416099999999794   -0.23999796000000001017 )	0.042370223652553114 -0.00039916919583826704
243	(  -1.0577537100000000692    1.1229394100000000822   -0.24029617999999999811 )	0.04236028461409091 -1.145587740758458e-5
244	(  -1.057842670000000096     1.1233394100000000382   -0.24056182000000000953 )	0.04236572595507761 2.7319241712286946e-5
245	(  -1.0578981899999999605    1.1230134400000000294   -0.24048472000000001292 )	0.042364386743739685 -6.528944652162139e-5
246	(  -1.0576981899999999825    1.123265380000000091    -0.24037327999999999473 )	0.04236182927464551 8.112373795843286e-5
247	(  -1.0578526299999999605    1.1232237899999999442   -0.24022899999999999809 )	0.04236497674125481 -0.00014265755900000343
248	(  -1.0577437499999999826    1.1230550299999999542   -0.24062900000000000955 )	0.042361013298594534 0.00015856564100003023
249	(  -1.057848190000000077     1.1231296299999999899   -0.24045045000000001001 )	0.04236409396682214 -3.1771094797683475e-5
250	(  -1.0578045807000000522    1.1230507499999999865   -0.24032899999999998708 )	0.042362408719757806 -4.6552459000093194e-5
251	(  -1.0578122063999999547    1.1232394100000000492   -0.24034393000000001117 )	0.04236416712639336 -4.70017121549926e-5
252	(  -1.0577481900000000881    1.1231491899999999085   -0.24040754999999999764 )	0.042361920883265326 4.760009700244261e-5
253	(  -1.0577917992999998908    1.1232280699999999118   -0.24052899999999999281 )	0.04236360029590316 6.240054100015158e-5
254	(  -1.0577841735999999884    1.1230394100000000712   -0.24051406999999999647 )	0.04236183090558947 6.284426796487885e-5
255	(  -1.0578045053000000308    1.1231504993000001047   -0.24047899999999999832 )	0.042363234894429114 2.564414099992529e-5
256	(  -1.0578181900000001026    1.123147401500000031    -0.24041143940000000989 )	0.04236352990854001 -2.0529805620173036e-5
257	(  -1.0578024697999999226    1.1230894099999999547   -0.24043671070000000034 )	0.042362677353986015 7.342052235514984e-6
258	(  -1.057815309199999998     1.1229394100000000822   -0.24045984279999998989 )	0.04236176906443847 5.626799400748617e-6
259	(  -1.0578538274000000019    1.1224894100000000208   -0.24052923909999998631 )	0.0423594208438495 4.874620249673001e-7
260	(  -1.0579693820000000137    1.1211394100000000584   -0.2407374280000000033  )	0.04235576609657532 -1.4872759944939418e-5
261	(  -1.0579288873999999065    1.1219894100000000758   -0.24071328910000000523 )	0.042358418561312554 1.400014934027638e-5
262	(  -1.0577787674000000973    1.1229894099999999657   -0.24034518909999999514 )	0.04236129120976211 -1.2957476485331298e-5
263	(  -1.0580538273999999799    1.1227501600000000526   -0.24072783910000000729 )	0.042366563239298265 -0.0001039348822444719
264	(  -1.0576538274000000239    1.122228659999999989    -0.24033063909999999308 )	0.042352331440872235 0.00010498869021446922
265	(  -1.0579523773999999214    1.1223978199999999905   -0.24002923910000001362 )	0.042361505513087185 -0.0003383417770750352
266	(  -1.0577552774000000824    1.122581000000000051    -0.24102923909999998675 )	0.04235751634702637 0.0003398167011249287
267	(  -1.0577948774000001109    1.1225837700000000918   -0.24032923910000000833 )	0.04235854759035784 -3.673423361516548e-5
268	(  -1.0579127773999998929    1.1223950499999999497   -0.24072923909999999204 )	0.042360390112039195 3.778915766505797e-5
269	(  -1.0579292873999999181    1.1226894099999999987   -0.24053461910000001334 )	0.04236280537277403 -7.238441441792531e-5
270	(  -1.0577783674000000858    1.1222894100000000428   -0.24052385909999998703 )	0.04235603960661312 7.335939635655375e-5
271	(  -1.0579538273999999909    1.1223435200000000389   -0.2403424990999999955  )	0.042361208834429044 -0.000189310526366393
272	(  -1.0577538274000000129    1.1226353000000000026   -0.24071597910000000486 )	0.04235788847228028 0.00019035519407162305
273	(  -1.0578939138000000852    1.122428659999999967    -0.24062923910000000305 )	0.04236009196192626 8.516909844935583e-6
274	(  -1.0578137409999999186    1.1225501600000000746   -0.24042923909999999732 )	0.04235879211190367 -7.5219857949004876e-6
275	(  -1.0579038274000001074    1.1225879299999999006   -0.24050891909999999596 )	0.0423614288496528 -5.9287233349802904e-5
276	(  -1.0578038273999998964    1.1223908899999999189   -0.24054955910000000441 )	0.0423574129592709 6.026298320449541e-5
277	(  -1.0578846611999999094    1.1224061899999999703   -0.24042923909999999732 )	0.04235969211928144 -7.844218579489137e-5
278	(  -1.0578229936000000944    1.1225726300000000712   -0.24062923910000000305 )	0.04235919365232645 7.943710984492647e-5
279	(  -1.0578518048000000729    1.1224394099999999153   -0.24053091900000000969 )	0.04235902561662075 3.318194984447409e-6
280	(  -1.0578738273999999109    1.1224843024999999752   -0.24052772129999999695 )	0.042359920478142216 -2.024268622946579e-5
281	(  -1.0578558499999999309    1.1225394099999999042   -0.24052755919999999068 )	0.04235982025188145 -2.3432652904720186e-6
282	(  -1.0578531585999999542    1.1224878992000000277   -0.24047923909999999181 )	0.04235939265981959 -2.289416188494542e-5
283	(  -1.0578544962000000496    1.1224909208000000138   -0.24057923910000000856 )	0.042359449027900585 2.3874085934960654e-5
284	(  -1.0578338274000000929    1.1224945175000000663   -0.24053075690000000342 )	0.04235892570968765 2.1217614886825942e-5
285	(  -1.0578450145000000138    1.1224863359999999179   -0.24050923909999999406 )	0.04235916534004604 -3.204075389451333e-7
286	(  -1.0578185758000000494    1.1224771140000000536   -0.24044923909999998957 )	0.0423584017410751 -2.739216231173458e-6
287	(  -1.0577392596999999341    1.1224494480000000163   -0.24026923910000000384 )	0.04235613715272152 -9.952442306948583e-6
288	(  -1.0578363713000000779    1.1223771140000000646   -0.24054015910000001166 )	0.042358190378634974 2.31968398531901e-5
289	(  -1.0578007803000000209    1.1225771140000000425   -0.24035831909999999523 )	0.04235865099981496 -2.865873942270447e-5
290	(  -1.0577685757999999439    1.122413093999999889    -0.24041796909999998966 )	0.042356637754176515 3.2224066168651255e-5
291	(  -1.0578685757999999328    1.122541133999999996    -0.24048050909999998948 )	0.042360169231109454 -3.770054300478165e-5
292	(  -1.0577821415999999477    1.1225420939999999348   -0.24054923910000000631 )	0.042357915997970425 8.179483158898826e-5
293	(  -1.057855009999999929     1.1224121339999999503   -0.24034923910000000058 )	0.042358927855126884 -8.725326405101264e-5
294	(  -1.0578385757999999583    1.1224987598000000233   -0.24049565340000000901 )	0.04235908075329341 -4.1649570703405914e-7
295	(  -1.0578985757999999073    1.1225636971999999325   -0.24063489630000001185 )	0.042361122930839816 6.577517311812109e-6
296	(  -1.0578193669000000021    1.1223987598000000343   -0.24048755339999999814 )	0.04235788099339831 1.4896440317824222e-5
297	(  -1.0578577846999999146    1.1225987598000000123   -0.24050375339999999214 )	0.04236028756269673 -1.5729300511857502e-5
298	(  -1.0577885758000000749    1.1225405397999999035   -0.24045415340000000914 )	0.04235807065133555 2.962408731066457e-5
299	(  -1.0578885758000000639    1.122456979799999921    -0.24053715340000000888 )	0.042360134420672324 -3.0453634224825166e-5
300	(  -1.0578192381000000033    1.1225055198000000178   -0.240595653399999998   )	0.04235861859709048 6.703033497290622e-5
301	(  -1.0578579134999999134    1.1224919998000000287   -0.24039565339999999227 )	0.042359547457077554 -6.784332638698487e-5
302	(  -1.0578312130000000479    1.1224487597999999178   -0.24048777790000000487 )	0.04235853958159053 3.15831927966137e-6
303	(  -1.0578459386000000908    1.1225487597999999068   -0.24050352890000001316 )	0.04235962429517017 -3.991186646956635e-6
304	(  -1.0578185758000000494    1.12252028479999999     -0.24047585730000001214 )	0.04235870553918318 1.0062144169875609e-5
305	(  -1.0578585758000000894    1.1224772348000000566   -0.24051544950000000589 )	0.04235946412056069 -1.0894351813117709e-5
306	(  -1.0578305699999999145    1.1224982524000000073   -0.24054565340000000351 )	0.04235886576402242 3.164136963307307e-5
307	(  -1.0578465816000000022    1.1224992672000000393   -0.24044565339999998677 )	0.042359296282863765 -3.2469361047171574e-5
308	(  -1.0578326382000000638    1.1225187597999999323   -0.24048747530000000316 )	0.042359063832589035 1.5875761680828049e-6
309	(  -1.0578445134000000749    1.1224787597999998923   -0.24050383149999998711 )	0.04235909979478615 -2.4204338195943365e-6
310	(  -1.0578412769000000715    1.1225101454999999451   -0.24051565340000000126 )	0.04235923138261882 6.502630428895095e-6
311	(  -1.0578358747000000673    1.1224873741000001015   -0.24047565339999998901 )	0.04235893018833396 -7.334821843230088e-6
312	(  -1.0578285757999998928    1.1224909188000000704   -0.24050551929999999801 )	0.04235876194261887 1.432901376274831e-5
313	(  -1.0578485758000000239    1.1225066007999999762   -0.24048578749999999227 )	0.042359399919196974 -1.5161810504871198e-5
314	(  -1.0578401706800000248    1.1224887597999999578   -0.24049833300000000857 )	0.04235905358626827 -7.225042211178589e-7
315	(  -1.0578369809199998919    1.1225087598000000888   -0.24049297380000000945 )	0.042359108278075236 -1.104728324374804e-7
316	(  -1.0578397560890000495    1.1225021924000000428   -0.24050565339999999126 )	0.04235913583515574 3.2132283608321544e-6
317	(  -1.0578373955110000892    1.1224953272000000037   -0.24048565339999999901 )	0.042359025673189846 -4.0460197752167915e-6
318	(  -1.0578335757999999256    1.1224964180000001068   -0.24049881779999998654 )	0.04235893230316016 6.105563197689179e-6
319	(  -1.0578435757999999911    1.1225011015999999398   -0.24049248900000000373 )	0.04235922933926171 -6.938534584888245e-6
320	(  -1.0578366612870000463    1.1224937597999999905   -0.24049353650700000529 )	0.042358995357464686 4.798146436835182e-7
321	(  -1.057830917748000088     1.1224787597999998923   -0.2404871858279999941  )	0.04235873918093172 3.168799470931738e-6
322	(  -1.0578381990129999135    1.122503759800000056    -0.24049396770699998926 )	0.042359105584981814 -8.505095443478439e-7
323	(  -1.057835123560999957     1.122483759799999925    -0.24049310530699999355 )	0.04235888522099718 1.8101392038616382e-6
324	(  -1.057841661287000079     1.1224905579999999716   -0.24049646670700000617 )	0.04235910554908065 -3.1107884488346116e-6
325	(  -1.0578316612870000135    1.1224969616000000094   -0.2404906063070000044  )	0.04235888554578715 4.070434908465259e-6
326	(  -1.0578380579110000514    1.122493331899999891    -0.24048353650699999529 )	0.04235902933720779 -5.726580086351518e-6
327	(  -1.0578352646630000411    1.12249418770000009     -0.24050353650699998753 )	0.04235896140061874 6.686409373846125e-6
328	(  -1.0578386612870001038    1.1224943740740001008   -0.24049505660199999024 )	0.04235905254278304 -7.890370008478698e-7
329	(  -1.0578346612869999888    1.1224931455260001023   -0.24049201641199999258 )	0.04235893819833714 1.7486709096292685e-6
330	(  -1.0578369827770000011    1.1224987598000000233   -0.24048887232800000846 )	0.042359038633529376 -2.0850634068203533e-6
331	(  -1.0578375141339999566    1.1224887597999999578   -0.24048854390999999109 )	0.042358983209090546 -2.7743820478765002e-6
332	(  -1.0578363397970000914    1.1224887597999999578   -0.24049820068600000211 )	0.042358952118722516 3.0447362033836356e-6
333	(  -1.0578358084399999139    1.1224987598000000233   -0.24049852910399999173 )	0.042359007598441474 3.7340611875880114e-6
334	(  -1.0578321962799999145    1.1225387598000000633   -0.24048493500000001077 )	0.0423591929989568 8.07681954317907e-7
335	(  -1.0578377958950000437    1.1224987598000000233   -0.24049492899999999618 )	0.04235906012964924 1.497971502395501e-8
336	(  -1.0578402408200000551    1.1224687598000000488   -0.24050079460000001186 )	0.04235891733388469 3.9138323137954956e-7
337	(  -1.057837613895000084     1.1225187597999999323   -0.24049333789999999267 )	0.042359194851360735 -5.683207164874915e-7
338	(  -1.0578379778950000034    1.1224787597999998923   -0.24049652009999999969 )	0.04235892623903872 5.982852097075053e-7
339	(  -1.0578376277949999018    1.1224971624999999786   -0.24047492900000000393 )	0.04235904457589451 -9.436317444766473e-6
340	(  -1.0578379639949999635    1.1225003571000000679   -0.24051492899999998842 )	0.04235907568648758 9.46707687510262e-6
341	(  -1.0578477958950001092    1.1224990950000000023   -0.24049456599999999296 )	0.04235932729808623 -1.0159619471705739e-5
342	(  -1.0578277958949999782    1.1224984246000000443   -0.2404952919999999994  )	0.042358793828895486 1.0189579165320595e-5
343	(  -1.0578388365919999536    1.1224887597999999578   -0.24049437739999998676 )	0.04235901823572604 -1.2910309863389813e-6
344	(  -1.0578367551979999117    1.1225087598000000888   -0.2404954806000000056  )	0.04235910232134579 1.3209910250111534e-6
345	(  -1.0578377681140000988    1.1224992998000000721   -0.24048492899999998618 )	0.04235906315166387 -4.7670378651165635e-6
346	(  -1.0578378236759999886    1.1224982197999999745   -0.24050492900000000618 )	0.04235905710835171 4.797197295069999e-6
347	(  -1.0578427958950000765    1.122500838099999898    -0.24049498569999999686 )	0.042359206859939026 -4.9577481568974235e-6
348	(  -1.0578327958950000109    1.1224966814999999265   -0.24049487229999999549 )	0.04235891354401433 4.987707593273605e-6
349	(  -1.0578358639120000184    1.1225011229249999278   -0.24048992899999999118 )	0.04235902552676247 -4.579615748845356e-7
350	(  -1.057839727878000069     1.1224963966749998967   -0.24049992900000000118 )	0.04235909481577856 4.879710049365826e-7
351	(  -1.0578397611129999323    1.122503759800000056    -0.24049254616599999301 )	0.04235914687089143 -3.096351594233937e-6
352	(  -1.0578358306769999331    1.1224937597999999905   -0.24049731183399999934 )	0.04235897338984929 3.1263223803090767e-6
353	(  -1.057838869740999943     1.1224937597999999905   -0.24048997256099999276 )	0.0423590537957667 -3.44283860931327e-6
354	(  -1.0578367220489999223    1.122503759800000056    -0.2404998854389999996  )	0.04235906656930016 3.4728471721701126e-6
355	(  -1.0578378082190000864    1.1224967597999999658   -0.24049455099200001129 )	0.042359046547774955 -1.7916215644397937e-7
356	(  -1.057837783571000001     1.1225007598000000808   -0.24049530700800000882 )	0.04235907371973351 2.0912187215227362e-7
357	(  -1.057837794741000037     1.1224991377799999892   -0.24049292899999999418 )	0.04235906272847854 -9.458420009433866e-7
358	(  -1.0578377970490000504    1.1224983818200000574   -0.24049692899999999818 )	0.042359057531109426 9.758094310363674e-7
359	(  -1.0578387958949999614    1.12249878401899994     -0.24049493126900001183 )	0.04235908674278865 -9.839289190072265e-7
360	(  -1.0578367958949999039    1.1224987355810001066   -0.24049492673100000828 )	0.04235903352526431 1.0138883491661588e-6
361	(  -1.0578382958949998915    1.1224988581340000771   -0.24049519597700000362 )	0.04235907403472201 -3.5660698416428716e-7
362	(  -1.0578372958949999738    1.1224986614659999695   -0.24049466202299998874 )	0.04235904622641931 3.8656655698687814e-7
363	(  -1.0578378576606100037    1.122499759799999941    -0.24049409796999998701 )	0.0423590687194208 -4.4650220609732116e-7
364	(  -1.0578377341293900837    1.1224977598000001056   -0.24049576003000000535 )	0.042359051541389185 4.764630172626738e-7
365	(  -1.0578379723866799811    1.1224978851650000422   -0.24049392899999999518 )	0.042359058713812826 -6.425008229893336e-7
366	(  -1.0578376194033201063    1.1224996344350000044   -0.24049592899999999718 )	0.042359061548601015 6.724622528819779e-7
367	(  -1.0578379958949999384    1.1224986036089299457   -0.24049443642728998705 )	0.042359064331592595 -4.2194252003469046e-7
368	(  -1.0578375958949999269    1.1224989159910701009   -0.24049542157271000531 )	0.042359055928377395 4.5190243558312915e-7
369	(  -1.0578376859440798974    1.1224992598000000932   -0.24049449143172998977 )	0.04235906070100843 -8.55350734685345e-8
370	(  -1.057837905845919968     1.1224982597999999534   -0.24049536656827000258 )	0.042359059559363615 1.1549488654338802e-7
371	(  -1.0578376182285300633    1.1224982597999999534   -0.2404946366826400117  )	0.04235905195415316 5.204458497498621e-8
372	(  -1.0578379735614700241    1.1224992598000000932   -0.24049522131736000841 )	0.04235906830517633 -2.20849840637527e-8
373	(  -1.0578378621067499044    1.1224985597999999065   -0.24049500826253000785 )	0.04235906048924028 -1.310755548544762e-8
374	(  -1.0578380607419999304    1.1224979598000000003   -0.24049524605011998735 )	0.04235906156940147 -9.736929218462365e-8
375	(  -1.0578380316164899266    1.1224987421275400834   -0.24049550826252999447 )	0.04235906623953412 5.787796275580348e-8
376	(  -1.0578376925970101041    1.1224983774724599517   -0.24049450826252999347 )	0.04235905473900881 -8.409257401531534e-8
377	(  -1.0578377638564300245    1.1224980598000000587   -0.24049539876989001197 )	0.042359054413799314 2.729730583794776e-7
378	(  -1.0578379603570700063    1.1224990597999999764   -0.24049461775517000373 )	0.042359066564852006 -2.991878647051749e-7
379	(  -1.0578376621067500096    1.122499008585309932    -0.24049526838504001192 )	0.04235905832306052 3.120088424291012e-7
380	(  -1.0578380621067500211    1.1224981110146901031   -0.24049474814002000378 )	0.04235906265694081 -3.3822381828585435e-7
381	(  -1.0578377899794599859    1.1224987598000000233   -0.2404949347794100023  )	0.042359059973240756 2.3675092664099395e-8
382	(  -1.0578379342340400449    1.1224983598000000118   -0.24049508174565001339 )	0.042359061005488495 -4.98901930878759e-8
383	(  -1.057837852665119982     1.1224986196631299151   -0.2404952082625300136  )	0.04235906065595568 9.253211774584713e-8
384	(  -1.057837762106750068     1.1224984235871799942   -0.2404950301499000076  )	0.04235905689768027 9.74200512482426e-8
385	(  -1.0578378715483800487    1.1224984999368698979   -0.2404948082625300021  )	0.04235906032253766 -1.187471490027292e-7
386	(  -1.0578379621067499627    1.1224986960128200408   -0.2404949863751600081  )	0.04235906408081174 -1.2363516166402633e-7
387	(  -1.0578378140565900534    1.1224986597999999649   -0.24049500325421999114 )	0.04235905991427477 3.253365721267443e-8
388	(  -1.0578378121067499862    1.1224984635928800802   -0.24049500613026000839 )	0.04235905849801049 3.586684382828054e-8
389	(  -1.0578378603009799264    1.1224985613375999538   -0.24049510826253001072 )	0.04235906045218699 3.679722615501646e-8
390	(  -1.0578379101569099774    1.1224984598000000702   -0.2404950132708399968  )	0.04235906106428717 -5.8748768516636574e-8
391	(  -1.0578378639125201044    1.1224985582624000813   -0.24049490826253000497 )	0.042359060526293665 -6.301231736394186e-8
392	(  -1.0578379121067500446    1.1224986560071199548   -0.2404950103948000073  )	0.042359062480470305 -6.208195513224268e-8
393	(  -1.0578378421067500259    1.1224985324042300316   -0.24049499130842999506 )	0.042359059769861776 -1.2623082579210632e-9
394	(  -1.0578377821067499465    1.1224984502169199629   -0.2404949404461300122  )	0.04235905761172896 3.42734376435061e-8
395	(  -1.0578378110505000098    1.1224985775859299686   -0.24049489130842999218 )	0.04235905926294554 -1.8305046367572686e-8
396	(  -1.057837873163000042     1.1224984872225300947   -0.24049509130842999793 )	0.04235906027680261 1.5780450057789608e-8
397	(  -1.0578378319890500148    1.12249863240423009     -0.24049504905884000472 )	0.04235906019787406 3.6632763822375125e-8
398	(  -1.057837852224450037     1.1224984324042299733   -0.24049493355802001315 )	0.04235905934187901 -3.91573735658568e-8
399	(  -1.0578377921067501077    1.1224984879086699063   -0.24049503331707000608 )	0.04235905813830351 6.89434285217061e-8
400	(  -1.0578378921067499441    1.1224985768997899349   -0.24049494929979001179 )	0.04235906140142758 -7.146804126278994e-8
401	(  -1.057837841627639941     1.1224984824042298914   -0.24049496721145999234 )	0.04235905940943248 -1.237359881223199e-8
402	(  -1.0578378425858601108    1.1224985824042299498   -0.24049501540539999778 )	0.04235906013029587 9.84898351763519e-9
403	(  -1.0578378221067499254    1.1224985330819499119   -0.24049499238753999086 )	0.042359059245743895 1.9256732985972747e-8
404	(  -1.0578378424076499975    1.1224985082892400268   -0.2404950413084299965  )	0.042359059610092564 2.248629349388409e-8
405	(  -1.0578378621067499044    1.1224985317265099294   -0.24049499022931999925 )	0.04235906029398336 -2.1781349168747965e-8
406	(  -1.0578378418058500543    1.1224985565192200365   -0.24049494130842999362 )	0.04235905992963223 -2.5010904902700304e-8
407	(  -1.0578378321067500867    1.1224985284810899966   -0.24049498522751000529 )	0.04235905947815887 5.81283021716672e-9
408	(  -1.0578378388722000647    1.1224985524042299101   -0.24049499968203000289 )	0.042359059823440896 5.999859498118099e-9
409	(  -1.0578378521067499651    1.1224985363273700667   -0.24049499738935001258 )	0.042359060061565285 -8.337446510964241e-9
410	(  -1.0578378453412999871    1.1224985124042299311   -0.24049498293482998723 )	0.042359059716284134 -8.52447579191562e-9
411	(  -1.0578378400199599518    1.1224985226806700744   -0.24049501130843001229 )	0.04235905964705366 1.0444281883792428e-8
412	(  -1.0578378441935401       1.1224985421277899889   -0.24049497130843000559 )	0.04235905989266996 -1.2968897511456134e-8
413	(  -1.0578378374082000324    1.122498535641230033    -0.24049498130843000032 )	0.04235905966813862 -1.3736578541312383e-9
414	(  -1.0578378468053000194    1.1224985291672300303   -0.24049500130842998979 )	0.04235905987158529 -1.1509582176216782e-9
415	(  -1.05783786090095         1.1224985194562300261   -0.24049503130843000176 )	0.04235906017675788 -8.169072085451035e-10
416	(  -1.0578379031878999417    1.1224984903232300137   -0.2404951213084300099  )	0.042359061092294446 1.8525647682565705e-10
417	(  -1.0578378619150698992    1.1224985694562299443   -0.240495039340659994   )	0.04235906055133339 2.032395696183187e-9
418	(  -1.0578378598868301008    1.122498469456230108    -0.24049502327620000952 )	0.04235905980218699 -3.6662100022510913e-9
419	(  -1.0578378641551600126    1.1224985110114800158   -0.2404950813084300032  )	0.042359060204071035 1.997838838807553e-8
420	(  -1.0578378576467399874    1.1224985279009800365   -0.24049498130843000032 )	0.042359060149445224 -2.1612197809162126e-8
421	(  -1.0578378409009498995    1.1224985206521400638   -0.24049503964595000949 )	0.04235905965623961 2.3193357123751923e-8
422	(  -1.0578378809009501005    1.1224985182603199885   -0.24049502297090999403 )	0.04235906069727997 -2.4827171651864433e-8
423	(  -1.057837861944320057     1.1224985278982599901   -0.24049505130842999123 )	0.04235906026306228 7.759524356387715e-9
424	(  -1.0578378562612300584    1.1224984994562299256   -0.24049504071866001365 )	0.042359059914971825 8.349039903876587e-9
425	(  -1.0578378509009500608    1.1224985280172499191   -0.24049502978156001021 )	0.04235905997188306 8.448683419537417e-9
426	(  -1.057837859857579943     1.1224985110142000622   -0.24049501130843001229 )	0.042359060090453586 -9.393338107344107e-9
427	(  -1.0578378655406699416    1.1224985394562299046   -0.24049502189819998987 )	0.04235906043854417 -9.982854320966794e-9
428	(  -1.0578378709009499392    1.1224985108952099111   -0.24049503283529999331 )	0.04235906038163447 -1.0082497947649927e-8
429	(  -1.0578378624146100861    1.1224985094562300869   -0.24049503965180998866 )	0.04235906014723052 1.6825155713107165e-9
430	(  -1.0578378559009500304    1.1224985142416599171   -0.2404950286868799969  )	0.04235906000828028 2.9221531860912364e-9
431	(  -1.0578378593872899138    1.1224985294562299654   -0.24049502296504998711 )	0.04235906020628561 -3.316330099423226e-9
432	(  -1.0578378659009499696    1.1224985246707999131   -0.24049503392998000662 )	0.04235906034523557 -4.555967825226048e-9
433	(  -1.0578378578901099782    1.1224985259766599999   -0.2404950413084299965  )	0.04235906014249637 7.003833513152813e-9
434	(  -1.0578378639117900217    1.1224985129358000524   -0.24049502130843000702 )	0.04235906021101976 -8.63764793024302e-9
435	(  -1.0578378589009500566    1.1224985199372199407   -0.24049502876664999307 )	0.04235906012721948 -3.9478198488041016e-11
436	(  -1.0578378529009500042    1.1224985213801899064   -0.24049502114130999475 )	0.04235905997860453 2.2928091647500537e-9
437	(  -1.0578378607025400449    1.1224985149372199711   -0.24049503481664000204 )	0.04235906014008114 1.0689168439270702e-9
438	(  -1.0578378570993600682    1.1224985249372199103   -0.24049502271666001185 )	0.04235906011435799 -1.1478733519254547e-9
439	(  -1.0578378539009500869    1.1224985168420300585   -0.24049502449026000095 )	0.04235905997348259 2.9036206772303785e-9
440	(  -1.0578378639009500262    1.1224985230324100449   -0.24049503304304001294 )	0.04235906028095649 -2.9825770742064606e-9
441	(  -1.0578378556216199158    1.1224985217806200399   -0.2404950387666499878  )	0.04235906005332908 8.049752531213983e-9
442	(  -1.0578378621802799753    1.1224985180938200635   -0.24049501876664999833 )	0.04235906020111005 -8.128708595123157e-9
443	(  -1.0578378602120999119    1.1224985194037500058   -0.24049503376664999044 )	0.04235906015817838 1.0543221851122553e-9
444	(  -1.0578378575897999792    1.1224985204706900976   -0.2404950237666499957  )	0.04235906009626061 -1.1332783600437324e-9
445	(  -1.0578378580220799687    1.1224985219372201062   -0.24049503154074000633 )	0.042359060117890875 2.173701552088403e-9
446	(  -1.0578378597798199223    1.1224985179372199973   -0.24049502599256000757 )	0.04235906013654813 -2.2526578380421824e-9
447	(  -1.0578378569009498911    1.1224985185379698915   -0.24049503111146000589 )	0.042359060064603715 3.088352240609993e-9
448	(  -1.05783786090095         1.1224985213364699899   -0.240495026421840008   )	0.042359060189835256 -3.16730841554147e-9
449	(  -1.0578378589123500486    1.12249851893722008     -0.24049502897333999152 )	0.04235906012056576 4.8537618368982294e-11
450	(  -1.0578378589465500248    1.1224985159372200538   -0.24049502959340998687 )	0.04235906010060457 3.125850689400522e-10
451	(  -1.0578378589711399105    1.1224985169372199145   -0.24049502843720999001 )	0.04235906010820994 -2.6812552178512306e-10
452	(  -1.0578378588535599647    1.1224985209372200234   -0.24049502950946999302 )	0.042359060132921574 3.652008695453901e-10
453	(  -1.0578378582701100097    1.1224985190761600506   -0.24049502397333999415 )	0.042359060104550074 -1.7141725816571807e-9
454	(  -1.0578378595545900875    1.1224985187982801094   -0.24049503397333998889 )	0.04235906013658145 1.8112478183951453e-9
455	(  -1.0578378599123499093    1.1224985191906400317   -0.24049502580616999303 )	0.04235906014877021 -2.4748394444884525e-9
456	(  -1.0578378579123499659    1.1224985186837999063   -0.24049503214050999    )	0.04235906009236131 2.5719150142933245e-9
457	(  -1.0578378589575498925    1.1224985179372199973   -0.24049502904094000044 )	0.04235906011480575 3.5852654178825105e-11
458	(  -1.0578378590931500902    1.1224985149372199711   -0.24049502924373999946 )	0.0423590600975258 -2.2026824808563106e-12
459	(  -1.0578378594999500173    1.1224985059372198926   -0.24049502985213999651 )	0.04235906004568605 -1.1636824837069071e-10
460	(  -1.0578378607203500206    1.1224984789372201011   -0.24049503167733998765 )	0.04235905989016796 -4.588651680847988e-10
461	(  -1.0578378574999500739    1.1224984973436800129   -0.240495026959950009   )	0.04235905993303293 4.925170271619095e-10
462	(  -1.0578378614999499607    1.1224985145307599943   -0.24049503274433001176 )	0.042359060158339186 -7.252536349255934e-10
463	(  -1.0578378577055200793    1.1224985159372200538   -0.24049503116127998736 )	0.0423590600677894 2.307744995100336e-9
464	(  -1.0578378612943799553    1.1224984959372199533   -0.24049502854300000565 )	0.04235906002358307 -2.54048160286402e-9
465	(  -1.0578378593003900932    1.1224985037328099047   -0.24049503985213999124 )	0.04235906002507732 4.893092264701693e-9
466	(  -1.0578378596995099414    1.1224985081416301025   -0.24049501985214000177 )	0.04235906006629477 -5.125828650420772e-9
467	(  -1.0578378584999499346    1.1224985059155099254   -0.24049502981313999883 )	0.042359060019093106 8.648731730787063e-10
468	(  -1.0578378604999501       1.1224985059589300818   -0.24049502989113999418 )	0.042359060072278985 -1.0976097808423901e-9
469	(  -1.0578378594907700272    1.1224985109372200842   -0.24049503295043000994 )	0.04235906008021903 1.3830583345253444e-9
470	(  -1.0578378595091300074    1.1224985009372199229   -0.24049502675385001083 )	0.0423590600111531 -1.6157950533113308e-9
471	(  -1.0578378594948401048    1.1224985028387000074   -0.24049503485213999388 )	0.04235906002400029 2.293691903076933e-9
472	(  -1.0578378595050599298    1.1224985090357399997   -0.24049502485213999914 )	0.04235906006737181 -2.5264283998183146e-9
473	(  -1.0578378594700099669    1.1224985039372199491   -0.24049503069257999188 )	0.042359060030984094 3.1781499654215395e-10
474	(  -1.0578378589999499759    1.1224985060105499013   -0.24049502974167000224 )	0.04235906003297509 3.304967410855397e-10
475	(  -1.0578378595298900677    1.122498507937220058    -0.24049502901170000113 )	0.042359060060388 -5.505516043058378e-10
476	(  -1.0578378599999500587    1.1224985058638901059   -0.24049502996260999077 )	0.04235906005839699 -5.632334598715261e-10
477	(  -1.0578378594800799117    1.1224985067824200247   -0.24049503185213999545 )	0.042359060051039135 8.654819083631082e-10
478	(  -1.0578378595198199008    1.1224985050920199825   -0.24049502785213999756 )	0.04235906004033295 -1.0982184051044896e-9
479	(  -1.0578378594704500593    1.1224985049372200319   -0.24049503032097999111 )	0.04235906003795087 1.3863898917776396e-10
480	(  -1.0578378593819499631    1.1224985019372200057   -0.24049503172750000268 )	0.04235906001474534 9.036612569346403e-10
481	(  -1.0578378596908599718    1.1224985029372200884   -0.24049503025957999491 )	0.042359060029868674 -1.1130363297695567e-10
482	(  -1.0578378603520899315    1.1224984969372200361   -0.24049503007538000632 )	0.04235906000562216 -8.611320545526269e-10
483	(  -1.0578378588988699427    1.1224984987699400119   -0.24049502825957999597 )	0.04235905997994293 -2.812936550355971e-10
484	(  -1.0578378604828500009    1.122498507104499943    -0.24049503225957999386 )	0.042359060079794425 5.868638908168577e-11
485	(  -1.0578378586908598891    1.1224985072953599374   -0.2404950303906299991  )	0.04235906003373819 9.517301391426258e-10
486	(  -1.0578378606908600545    1.1224984985790800174   -0.24049503012852999073 )	0.04235906002599924 -1.1743375161188396e-9
487	(  -1.0578378591546799825    1.1224984994856099796   -0.24049503225957999386 )	0.04235905999168463 1.386856407492587e-9
488	(  -1.0578378602270399611    1.1224985063888299752   -0.24049502825957999597 )	0.04235906006805272 -1.6094636734464984e-9
489	(  -1.0578378596628799091    1.1224985009372199229   -0.24049503016795001353 )	0.04235906001521855 -1.2739675980810716e-10
490	(  -1.057837859578939943     1.1224984949372200926   -0.24049502989305998613 )	0.042359059971268286 -1.7567614030156165e-10
491	(  -1.0578378593271200447    1.1224984769372199356   -0.24049502906838998717 )	0.042359059839417894 -3.205142817819251e-10
492	(  -1.0578378585716599058    1.1224984229372199085   -0.2404950265943799903  )	0.04235905944387038 -7.550282621338056e-10
493	(  -1.0578378573271201013    1.1224984913161499822   -0.24049502852477000481 )	0.04235905988654075 1.4180098206750813e-9
494	(  -1.0578378595104001025    1.1224984825110999598   -0.24049503406839001229 )	0.042359059883031014 1.901156010397642e-9
495	(  -1.0578378578135501087    1.1224984569372200571   -0.24049503080862999482 )	0.042359059660294664 2.030093759763929e-9
496	(  -1.0578378613271199882    1.122498462558290111    -0.24049502961200999729 )	0.042359059792295754 -2.059038495261234e-9
497	(  -1.0578378591438399869    1.1224984713633399114   -0.2404950240683899898  )	0.042359059795804836 -2.54218446293919e-9
498	(  -1.0578378608406999728    1.1224984969372200361   -0.24049502732815000727 )	0.04235906001854198 -2.6711324263573033e-9
499	(  -1.0578378595846500421    1.1224984669372199964   -0.24049503032593999574 )	0.042359059776676825 2.6824764631783182e-11
500	(  -1.057837860357240034     1.1224984369372199566   -0.2404950340985899937  )	0.04235905958845494 1.068841903872908e-9
501	(  -1.0578378576702101022    1.1224984520581400282   -0.24049502532593999837 )	0.04235905962257024 -4.6368553441311633e-10
502	(  -1.057837861499089982     1.1224984818162999645   -0.24049503532593999311 )	0.04235905993078366 5.173351746989852e-10
503	(  -1.0578378615846499855    1.1224984496457599548   -0.24049502875586001305 )	0.042359059709298374 -2.728367975990409e-9
504	(  -1.0578378575846500986    1.1224984842286800379   -0.24049503189602000619 )	0.04235905984405622 2.7820176162762777e-9
505	(  -1.0578378603876299469    1.1224984834889100149   -0.24049502532593999837 )	0.04235905991302751 -3.1811053791130917e-9
506	(  -1.0578378587816699152    1.1224984503855299778   -0.24049503532593999311 )	0.042359059640326574 3.2347552414435654e-9
507	(  -1.0578378597302200426    1.1224984569372200571   -0.24049503033051000678 )	0.04235905971097552 -1.1654721632226028e-10
508	(  -1.0578378601669300441    1.1224984269372200174   -0.24049503034422001213 )	0.04235905951387285 -5.466627150951808e-10
509	(  -1.0578378577568698926    1.1224984620951499181   -0.24049502833051000783 )	0.0423590596946696 8.948228824579019e-10
510	(  -1.0578378587968100266    1.1224984369372199566   -0.24049503073569000744 )	0.04235905954719369 1.0117504611883987e-9
511	(  -1.0578378617035699705    1.1224984517792899741   -0.24049503233051000572 )	0.042359059727281614 -1.1279168710132126e-9
512	(  -1.0578378606636300585    1.1224984769372199356   -0.24049502992533000612 )	0.042359059874758 -1.2448446717883144e-9
513	(  -1.0578378580179799151    1.1224984689800598936   -0.24049503233051000572 )	0.042359059749458874 2.5576731843557354e-9
514	(  -1.057837861442459948     1.1224984448943799986   -0.24049502833051000783 )	0.04235905967249264 -2.790767172911046e-9
515	(  -1.0578378597482600565    1.1224984469372198959   -0.24049503057151000451 )	0.04235905964190226 -1.8668622203676932e-11
516	(  -1.0578378598023800983    1.1224984169372200782   -0.24049503129450999772 )	0.04235905943468364 2.749672711743756e-10
517	(  -1.0578378599647400016    1.122498326937219959    -0.2404950334635100051  )	0.042359058813038704 1.1558748402862307e-9
518	(  -1.0578378594933299794    1.122498366937219938    -0.2404950308492199984  )	0.04235905907876614 3.698372719185272e-10
519	(  -1.057837858566180067     1.1224982169372199614   -0.24049502951335000045 )	0.04235905801104289 6.544470521063772e-10
520	(  -1.0578378557847301078    1.1224977669372200317   -0.24049502550574000659 )	0.042359054808136086 1.5082763926699272e-9
521	(  -1.057837847440380008     1.1224964169372200207   -0.24049501348290999725 )	0.04235904520178253 4.069765080494392e-9
522	(  -1.057837865784730047     1.1224972874255900734   -0.24049504111354000346 )	0.042359051738468774 -9.845266824015653e-10
523	(  -1.0578378957847300867    1.1224958488906999765   -0.24049508793693999409 )	0.042359042532474855 -8.462933687169993e-9
524	(  -1.0578378652756599276    1.1224962874255899337   -0.24049504353893000341 )	0.04235904477332889 6.911319294644613e-10
525	(  -1.0578378637484500135    1.1224932874255899584   -0.24049505081510000326 )	0.0423590238898834 5.718107543017936e-9
526	(  -1.0578378832721699876    1.1224943355055900795   -0.24049509353893000485 )	0.042359031686157164 6.744128699942564e-9
527	(  -1.0578378472791500897    1.1224982393455900098   -0.24049499353893000198 )	0.042359057868420785 -5.361860067054636e-9
528	(  -1.0578378852756600281    1.1224978122145901072   -0.2404950357509799963  )	0.04235905590286918 -2.3054794962007463e-8
529	(  -1.0578378452756600492    1.1224947626365899822   -0.24049505132688001052 )	0.04235903364818407 2.443705859889178e-8
530	(  -1.0578378726208599314    1.1224949153815899638   -0.24049499353893000198 )	0.042359035432911064 -3.0703569908752115e-8
531	(  -1.0578378579304599238    1.1224976594695899035   -0.24049509353893000485 )	0.042359054117597494 3.208583876368465e-8
532	(  -1.0578378655912898942    1.1224952874255900159   -0.24049504364908000364 )	0.042359037832002636 4.284830268375117e-10
533	(  -1.0578378665381800161    1.1224922874255900407   -0.24049504397953000434 )	0.04235901702003995 -3.5946401411024453e-10
534	(  -1.0578378693788499376    1.1224832874255898929   -0.24049504497088000643 )	0.04235895469229613 -2.7233042487750936e-9
535	(  -1.0578378779008599242    1.1224562874255898937   -0.2404950479449300127  )	0.04235876868236324 -9.81482584094806e-9
536	(  -1.057837903466890106     1.1223752874255898959   -0.24049505686708000374 )	0.04235821941225187 -3.108939017337775e-8
537	(  -1.0578378890407800217    1.1224589694255899808   -0.24049509794492998638 )	0.042358787412994404 3.0947614471088514e-9
538	(  -1.0578379224605400921    1.1224670154255900201   -0.24049524794492999069 )	0.04235884368969499 4.182355328730125e-8
539	(  -1.0578378371601100394    1.1224089694255900973   -0.24049502777806000542 )	0.04235844472451807 2.1225859847540107e-8
540	(  -1.057837940921450004     1.1225089694255900863   -0.24049516811179999509 )	0.04235913507954235 -1.5036327072337485e-8
541	(  -1.0578379698816000598    1.1224089694255900973   -0.24049518068945999194 )	0.04235844828426712 -3.794674396928599e-8
542	(  -1.0578378081999599836    1.1225089694255900863   -0.24049501520040000857 )	0.04235913157598686 4.41362806302692e-8
543	(  -1.0578379890407800801    1.1224634802255899491   -0.24049501114859000994 )	0.04235882110841725 -1.3865341963459343e-7
544	(  -1.0578377890407799633    1.1224544586255900125   -0.24049518474126999057 )	0.042358753754538445 1.4484295762784427e-7
545	(  -1.0578379361957599425    1.1224779253255900979   -0.24049514794492998782 )	0.04235891936294722 -2.001070620316625e-8
546	(  -1.0578378418858001009    1.1224400135255900857   -0.2404950479449300127  )	0.04235865617414932 2.6200234093387564e-8
547	(  -1.0578379273695599494    1.1224389694255900718   -0.24049510918688998817 )	0.04235865131735684 -2.982674573992483e-8
548	(  -1.057837850712000094     1.1224789694255898898   -0.24049508670297001234 )	0.04235892431513245 3.601626896720944e-8
549	(  -1.0578379253686500672    1.122465611825590015    -0.2404950479449300127  )	0.04235883409551017 -5.728261598392237e-8
550	(  -1.0578378527129099762    1.1224523270255899465   -0.24049514794492998782 )	0.04235874081669137 6.347214376312138e-8
551	(  -1.0578378914741999317    1.1224489694255899153   -0.24049509010101000062 )	0.04235871881845078 -3.111507052011575e-9
552	(  -1.0578378987744601059    1.1224189694255899408   -0.24049506656924998782 )	0.04235851423605583 -2.1730312216305947e-8
553	(  -1.0578378799188898896    1.1224289694255900063   -0.24049512497857999938 )	0.04235858179091181 2.5219572874490837e-8
554	(  -1.0578378414742000135    1.1224444348255899762   -0.2404950572837599998  )	0.04235868641657526 3.110371893377817e-8
555	(  -1.0578379030295099739    1.1224689694255900463   -0.24049505522344000186 )	0.042358856644035166 -3.144258453602333e-8
556	(  -1.0578379414742000719    1.1224535040255900764   -0.24049512291826000143 )	0.04235875125955514 -3.7326731039399874e-8
557	(  -1.057837848497310107     1.1224668933255899095   -0.24049514010101000205 )	0.04235884088256788 6.391489426604835e-8
558	(  -1.0578379344510899784    1.122431045525589921    -0.24049504010100999918 )	0.04235859740340155 -7.013790348509019e-8
559	(  -1.0578378936856900339    1.1224389694255900718   -0.24049509366878998873 )	0.04235865041818891 -3.606929865895836e-9
560	(  -1.0578379003201598962    1.1224089694255900973   -0.24049510437213000857 )	0.042358446418526444 -5.093198085504014e-9
561	(  -1.0578379202235699275    1.1223189694255899518   -0.2404951364821500126  )	0.04235784522964762 -9.552001856150127e-9
562	(  -1.0578379799338000211    1.1220489694255899593   -0.24049523281220999693 )	0.042356138953988244 -2.2928400955635198e-8
563	(  -1.05783815906449008      1.1212389694255899819   -0.24049552180239000543 )	0.04235189574580402 -6.305748634360953e-8
564	(  -1.0578386964565600348    1.1188089694255900497   -0.24049638877293000316 )	0.042347046690399244 -1.8344373975409667e-7
565	(  -1.0578385449524900785    1.1216235794255899894   -0.24049652180239000643 )	0.04235376097198287 3.2046557407738874e-8
566	(  -1.057839702616490074     1.1227775794255900887   -0.24049952180239000943 )	0.0423611254966251 3.173706881742788e-7
567	(  -1.0578377422144900066    1.1220095794255899868   -0.24049452180239000443 )	0.04235589519967652 -1.2719752984224897e-7
568	(  -1.0578393476904899284    1.1212375794255899919   -0.24049852180239000843 )	0.04235192736429238 1.9129864470279756e-7
569	(  -1.0578390694654900006    1.1206235794255900995   -0.24049553950038998762 )	0.04234957662231426 -9.649459062899268e-7
570	(  -1.0578380204394899344    1.1226235794255901013   -0.24049750410438999748 )	0.04235994976291752 1.0290409511171106e-6
571	(  -1.057840544952489914     1.1220095794255899868   -0.24049601712039000989 )	0.04235597514011647 -2.210701719018715e-6
572	(  -1.057836544952490021     1.1212375794255899919   -0.24049702648439000296 )	0.042351838298485524 2.2747953433155388e-6
573	(  -1.057839702616490074     1.1227774094255900117   -0.24049952180239000943 )	0.04236112422072138 3.173706881742788e-7
574	(  -1.0578388765644899383    1.1221235794255899343   -0.24049693554039000554 )	0.042356621461299836 -1.0056017152315633e-7
575	(  -1.0578382133404899967    1.1211235794255900444   -0.24049610806439000732 )	0.042351399080483555 1.6465362873141487e-7
576	(  -1.0578388314094899769    1.1217829494255899814   -0.24049552180239000543 )	0.0423546239187263 -7.354024860184438e-7
577	(  -1.0578382584954899581    1.1214642094255899973   -0.24049752180239000743 )	0.042352948437223537 7.99497601122745e-7
578	(  -1.0578395449524899963    1.1214247394255900669   -0.24049668149938999151 )	0.04235279706324809 -8.911402709088634e-7
579	(  -1.0578375449524899388    1.1218224194255899118   -0.24049636210538999359 )	0.042354805647095525 9.552334369056226e-7
580	(  -1.0578386608604000152    1.1217563194255899539   -0.24049602180238999205 )	0.0423544725860114 -3.2435762431504145e-7
581	(  -1.0578390449524899264    1.1217148594255899052   -0.24049678916426001085 )	0.042354259060780115 -3.393541714302728e-7
582	(  -1.0578384290445799198    1.1214908394255900248   -0.24049702180238999305 )	0.042353084467685945 3.884512392859918e-7
583	(  -1.0578380449524900087    1.1215322994255900735   -0.240496254440520002   )	0.04235327916326487 4.034474293534984e-7
584	(  -1.0578389058602499784    1.1214235794255900114   -0.24049627361969000416 )	0.04235277168253998 -4.4823529310455967e-7
585	(  -1.0578381840447299567    1.1218235794255899673   -0.24049676998509000869 )	0.04235483087344449 5.123285313768378e-7
586	(  -1.0578385144726800693    1.1217140094255899641   -0.24049632180239000068 )	0.04235423869389046 -3.3672201249501654e-8
587	(  -1.0578385754323000878    1.1215331494255900147   -0.24049672180239001218 )	0.04235329962857907 9.776539611205948e-8
588	(  -1.0578387449524899733    1.1217136994255900717   -0.24049665431898001322 )	0.04235424388644068 -1.0421386709147384e-7
589	(  -1.0578383449524899618    1.121533459425589907    -0.24049638928579999964 )	0.04235329414858049 1.6830701710102147e-7
590	(  -1.0578387449524899733    1.1215636594255899983   -0.2404963829497999972  )	0.04235345891644027 -2.3474055321770493e-7
591	(  -1.0578383449524899618    1.1216834994255899804   -0.2404966606549799879  )	0.042354070310113845 2.9883370666894393e-7
592	(  -1.057838504257410106     1.1216329869255901031   -0.24049642180239000355 )	0.04235380877657824 2.4642342943970164e-8
593	(  -1.0578383821721699665    1.1216612094255900001   -0.24049612180238999493 )	0.04235395327190512 2.429820011862205e-9
594	(  -1.0578380159164499918    1.1217458769255899131   -0.2404952218023899968  )	0.04235439649175347 -6.420666931461483e-8
595	(  -1.0578384217648699739    1.1214612094255900221   -0.2404960761539300107  )	0.042352938826132815 -5.911943312675305e-8
596	(  -1.057838342579469959     1.121861209425589978    -0.24049616745085000691 )	0.042355047784703795 6.397907736932495e-8
597	(  -1.0578383089382699112    1.1216771494255899366   -0.2404956218023900083  )	0.0423540354713348 -1.6483215170559617e-7
598	(  -1.0578384554060700218    1.1216452694255900635   -0.2404966218023900093  )	0.04235387159056966 1.6969229177377088e-7
599	(  -1.0578388821721700364    1.1216795894255899846   -0.24049605223020001366 )	0.042354065582489185 -5.310338588859764e-7
600	(  -1.0578378821721698966    1.1216428294255900155   -0.24049619137458000395 )	0.042353841561438024 5.358935086796635e-7
601	(  -1.0578384108268099606    1.1216893494255899544   -0.24049592180238998917 )	0.0423541034519933 -1.224232286656246e-7
602	(  -1.0578383535175299723    1.1216330694255900458   -0.24049632180239000068 )	0.042353804668719706 1.272829487364291e-7
603	(  -1.0578385335147100221    1.1215612094255900111   -0.24049608721154000501 )	0.04235344004141059 -1.6555064941137232e-7
604	(  -1.0578385821721700832    1.1217310094255898978   -0.24049618973455000326 )	0.0423543325106202 -1.6489533338770457e-7
605	(  -1.0578381821721700717    1.1215914094255901023   -0.24049605387022998659 )	0.04235358365948916 1.6975498251525778e-7
606	(  -1.0578382308296299108    1.1217612094255899891   -0.24049615639324001259 )	0.0423544866306817 1.7041029187758738e-7
607	(  -1.0578383611100099504    1.1216112094255898946   -0.24049616580242999531 )	0.04235369121914406 4.465565994760112e-8
608	(  -1.0578384032343299825    1.1217112094255901056   -0.24049607780234999455 )	0.042354220315758015 -3.979601603809613e-8
609	(  -1.057838395737580095     1.1216377808255899584   -0.24049602180238999205 )	0.04235383056501164 -5.923480439484763e-8
610	(  -1.05783836860676006      1.1216846380255900417   -0.2404962218023899978  )	0.04235407707928848 6.409446429156418e-8
611	(  -1.0578384821721700249    1.1216549527255899044   -0.24049614123124998799 )	0.04235392328774804 -8.822504860006575e-8
612	(  -1.0578382821721699081    1.1216674661255900958   -0.24049610237353000186 )	0.042353983339739304 9.308468951196858e-8
613	(  -1.0578384321721701067    1.1216527039255899112   -0.24049616758941999572 )	0.04235390995067188 -2.5546971649248462e-8
614	(  -1.0578383321721700483    1.1216697149255900889   -0.24049607601535999413 )	0.04235399674144685 3.040661578079806e-8
615	(  -1.0578384217509699816    1.121681209425589909    -0.24049610180208000343 )	0.04235406042217711 -4.67689735828003e-8
616	(  -1.0578384100641300414    1.121644377825590011    -0.24049607180238999349 )	0.042353865550870305 -4.951174981115969e-8
617	(  -1.0578383425933699513    1.1216412094255900911   -0.24049614180271000619 )	0.04235384691494831 5.1628619268662135e-8
618	(  -1.0578383542802098916    1.1216780410255899891   -0.24049617180238999636 )	0.04235404156352541 5.437139483088771e-8
619	(  -1.0578383740121199974    1.1216512094255899346   -0.2404961152724600093  )	0.042353900343511594 7.449024397310211e-9
620	(  -1.0578383495319700902    1.1216212094255899601   -0.24049609568266999693 )	0.04235374275419115 2.2506637886721137e-8
621	(  -1.0578383970532398983    1.1216312094255900256   -0.24049613432763999876 )	0.04235379627007355 -6.426701615325214e-9
622	(  -1.0578384661766000452    1.1215712094255900766   -0.24049619149317999489 )	0.042353488873186844 -4.8053875767450904e-8
623	(  -1.0578384007156500513    1.1215812094255899201   -0.24049619044316000727 )	0.042353537967633255 1.6902022670350902e-8
624	(  -1.0578384117028800659    1.1214312094255900476   -0.24049635878972000502 )	0.042352793069611185 8.68882337190513e-8
625	(  -1.0578383459492699536    1.1215872194255900318   -0.24049599044316000152 )	0.042353567104905364 -2.45300335599552e-8
626	(  -1.0578384462854799608    1.1214812094255899311   -0.24049612851266000124 )	0.04235303754349606 -5.845590211883689e-8
627	(  -1.0578384554820299268    1.1215751994255900303   -0.24049639044316001302 )	0.042353508905413666 5.833415894773708e-8
628	(  -1.0578383551458199197    1.121681209425589909    -0.24049625237366001329 )	0.04235405843035344 9.225995523109987e-8
629	(  -1.0578385007156501096    1.1216425994255900811   -0.2404960882869499883  )	0.04235385895291517 -1.3223432571152216e-7
630	(  -1.0578383007156499929    1.1215198194255899811   -0.24049629259936999848 )	0.04235322446795257 1.6603839181339453e-7
631	(  -1.0578383866184999373    1.1215888398255899894   -0.24049609044316000439 )	0.04235357665310257 -1.710005537169934e-8
632	(  -1.0578384319105900158    1.1215312094255900366   -0.24049615759188999742 )	0.042353285507583986 -3.009412674614964e-8
633	(  -1.0578384507156499694    1.1216153251255900347   -0.24049617266157000128 )	0.04235371525356248 -4.165078637541342e-8
634	(  -1.0578384148127999431    1.1215735790255900728   -0.24049629044316001014 )	0.04235349939952202 5.090412080743789e-8
635	(  -1.0578383695207100867    1.1216312094255900256   -0.24049622329442998936 )	0.04235379544089093 6.389817419627519e-8
636	(  -1.057838350715649911     1.1215470937255900274   -0.24049620822475001325 )	0.042353362995052816 7.545483238224904e-8
637	(  -1.0578383942204199197    1.1215814078255899044   -0.24049614044316000583 )	0.0423535387861514 -6.523637186006681e-10
638	(  -1.0578383747347299693    1.1215820030255900797   -0.24049599044316000152 )	0.0423535412422459 -5.3315493353522925e-8
639	(  -1.0578383944560900698    1.1215614078255899955   -0.24049613130961000618 )	0.042353436819737036 -5.281200810003384e-9
640	(  -1.0578383951631000759    1.1215014078255900465   -0.24049610390896000722 )	0.04235313572073323 -1.91677107519439e-8
641	(  -1.0578383944878100298    1.12151140782558989     -0.24049609920437001187 )	0.042353185386804375 -2.0755291929575037e-8
642	(  -1.0578383944243701098    1.121611407825590101    -0.24049616341485000048 )	0.04235369325268308 1.019289208592511e-8
643	(  -1.0578383942534999029    1.1215453551255900599   -0.24049623130961000905 )	0.04235335554475567 4.3020625506429155e-8
644	(  -1.0578383444560899296    1.1215614380255900517   -0.24049613092381999513 )	0.04235343545253526 4.453323720898794e-8
645	(  -1.0578383946586800146    1.121577460525589931    -0.2404960313096100033  )	0.04235351861006922 -5.358300714242148e-8
646	(  -1.057838444456089988     1.1215613776255899392   -0.24049613169539998947 )	0.042353438186975775 -5.5095638717972406e-8
647	(  -1.0578383790726300084    1.1215814078255899044   -0.24049612425563998697 )	0.04235353832676089 6.709354183342953e-9
648	(  -1.0578383744560899693    1.1215461581255901091   -0.24049613367958000421 )	0.04235335899444598 1.585873643517033e-8
649	(  -1.0578384098395499091    1.1215414078255900865   -0.24049613836357999763 )	0.042353336115319 -1.7271755581305115e-8
650	(  -1.0578383936975399582    1.1215636459255899915   -0.24049618130961000761 )	0.04235344816827374 1.952696482288019e-8
651	(  -1.0578384144560899482    1.1215766575255901039   -0.24049612893964000815 )	0.042353515107557284 -2.6421137944154793e-8
652	(  -1.0578383952146399594    1.1215591697255899994   -0.24049608130961000474 )	0.04235342548123285 -3.0089361446883345e-8
653	(  -1.0578383919235199162    1.12155140782558993     -0.24049612271219000803 )	0.042353386055828744 -6.883923209244358e-9
654	(  -1.0578383843258098995    1.1215214078255899555   -0.24049609691993001359 )	0.04235323496281833 -1.1692089518788862e-8
655	(  -1.0578383615326800715    1.121431407825590032    -0.24049601954315000252 )	0.04235279247221674 -2.6116580897905806e-8
656	(  -1.0578383540583200517    1.121471407825590072    -0.24049610333880000468 )	0.04235298659475874 2.1662826754642595e-8
657	(  -1.0578383850915600295    1.1215241537255900006   -0.24049619691992998871 )	0.04235324871975472 3.564138972844688e-8
658	(  -1.0578383343258099814    1.1215516180255900025   -0.24049609513327999122 )	0.04235338536518223 3.744854570886247e-8
659	(  -1.0578384145932999694    1.121571407825590061    -0.24049609050105999475 )	0.04235348831807891 -4.504700590324262e-8
660	(  -1.0578383835600599916    1.1215186619255899103   -0.24049599691993001072 )	0.04235322122094411 -5.9025548893032465e-8
661	(  -1.0578384343258100397    1.1214911976255899084   -0.24049609870658000821 )	0.04235308639857225 -6.08327250795071e-8
662	(  -1.0578383978381000752    1.1215014078255900465   -0.24049613171188999328 )	0.042353135802764334 -8.469717371895058e-9
663	(  -1.057838438374969936     1.1214414078255900975   -0.24049623608776998784 )	0.04235284313633414 1.1974145008863957e-9
664	(  -1.0578385599855799626    1.1212614078255900285   -0.2404965492154099993  )	0.04235200846063056 3.019894012634694e-8
665	(  -1.057838438780559942     1.1213414078255901085   -0.24049608251112999935 )	0.04235236929982223 -7.307735971906482e-8
666	(  -1.05783843796937993      1.1215414078255900865   -0.24049638966441000409 )	0.04235333697318929 7.547223579429385e-8
667	(  -1.0578384385127299616    1.1213646178255900487   -0.24049643608776999359 )	0.04235247748952313 9.725818883588033e-8
668	(  -1.0578384382372099104    1.1215181978255899242   -0.24049603608777000985 )	0.042353220576642855 -9.486327989804977e-8
669	(  -1.0578385383749699944    1.1214417278255899291   -0.2404962363062999875  )	0.04235284777667172 -9.869747441548782e-8
670	(  -1.0578383383749700997    1.1214410878255900439   -0.24049623586923998819 )	0.04235283849602017 1.010923029731714e-7
671	(  -1.057838479541890031     1.121391407825589992    -0.24049629443696998732 )	0.042352604993323696 -1.1903976249172388e-8
672	(  -1.0578386030426500941    1.1212414078255898975   -0.2404964694845700135  )	0.04235192066889857 -5.1208107310074524e-8
673	(  -1.0578383795418899727    1.1213771878255900383   -0.24049615614632000038 )	0.04235253469747529 2.1579265152560367e-8
674	(  -1.0578384570303200896    1.121491407825589981    -0.2404963184167600021  )	0.042353088133825996 2.214169547709588e-8
675	(  -1.0578385020534599725    1.121291407825590003    -0.24049627045718000029 )	0.04235214187187682 -4.594964697623993e-8
676	(  -1.0578385795418900894    1.1214056278255899457   -0.24049643272762000201 )	0.04235267568164456 -4.538717934821079e-8
677	(  -1.0578384141937200447    1.1213647078255899459   -0.24049649443696999307 )	0.0423524771513375 1.4964275152351547e-7
678	(  -1.0578385448900600174    1.1214181078255900381   -0.24049609443697000932 )	0.04235273424636247 -1.7345062408580247e-7
679	(  -1.0578384609061999289    1.1213414078255901085   -0.24049630869183000192 )	0.04235236999331326 1.3588196012825904e-8
680	(  -1.0578384049991300664    1.121191407825590014    -0.24049635145640999023 )	0.042351694945988165 9.006471501926683e-8
681	(  -1.0578383995313100918    1.1213585078255901006   -0.24049610869182999617 )	0.04235244768306915 -2.123539766252236e-8
682	(  -1.0578385222810899879    1.1213243078255898943   -0.24049650869183000768 )	0.04235229289729284 4.841186951320964e-8
683	(  -1.0578385158664000976    1.1214414078255900975   -0.24049627543001000918 )	0.04235284553240247 -5.737069286304575e-8
684	(  -1.0578384059459999822    1.1212414078255898975   -0.24049634195364999467 )	0.04235191440773993 8.45470869981213e-8
685	(  -1.0578385609061999872    1.1212743278255898893   -0.24049616300125001289 )	0.04235206651214592 -1.5648787621280746e-7
686	(  -1.0578383609062000925    1.1214084878255901057   -0.24049645438240999096 )	0.04235268253079091 1.836643105379565e-7
687	(  -1.0578384450738400613    1.121291407825590003    -0.240496285111489988   )	0.042352140073879156 1.8078587071812535e-8
688	(  -1.0578383975767600145    1.1211414078255899085   -0.24049621437047000172 )	0.0423514802753949 3.154976702113288e-8
689	(  -1.0578385450738398976    1.1212970278255900425   -0.24049641931122001104 )	0.04235216876478201 -1.737232180332171e-8
690	(  -1.0578383450738400029    1.1212857878255899635   -0.24049615091175999271 )	0.04235211144147866 5.352953202919508e-8
691	(  -1.0578384786274799279    1.121391407825589992    -0.24049616835338000209 )	0.04235260496485627 -7.163482251826281e-8
692	(  -1.0578384115201999727    1.121191407825590014    -0.24049640186960000166 )	0.04235169515451665 1.0779202419541889e-7
693	(  -1.0578385168061399391    1.1212089578255899358   -0.24049608511149001    )	0.04235177496408353 -1.4985218688146063e-7
694	(  -1.0578383733415399615    1.1213738578255900702   -0.24049648511148999375 )	0.04235251882977712 1.8600944118318807e-7
695	(  -1.0578384407999499306    1.1212414078255898975   -0.24049628414179000102 )	0.042351915514918126 2.188605863207016e-8
696	(  -1.0578384279782799826    1.121091407825590025    -0.24049628123269001234 )	0.04235127182718548 3.330847309079843e-8
697	(  -1.0578383895132699166    1.1206414078255899636   -0.24049627250538999079 )	0.042349610666340944 6.757571691107245e-8
698	(  -1.0578385038988100675    1.1208914078255900471   -0.24049633141779999668 )	0.04235048664411174 -1.8473389706841203e-8
699	(  -1.0578387316604001001    1.1202914078255898911   -0.24049648197313000519 )	0.0423486118661925 -1.7381894812373844e-7
700	(  -1.0578385078035699163    1.1209077778255900348   -0.24049653141780000243 )	0.04235054823622274 7.382042299663993e-8
701	(  -1.0578383957843799923    1.121391407825589992    -0.24049632698140999132 )	0.0423526023858147 8.750716928851432e-8
702	(  -1.0578384999940499966    1.1208750378255900593   -0.24049613141779999093 )	0.04235042558741373 -1.1076712236324227e-7
703	(  -1.0578386120132399206    1.1203914078255901021   -0.24049633585419000203 )	0.04234887135998397 -1.2445394848015212e-7
704	(  -1.0578383038988099507    1.1206215378255899306   -0.24049633885640001041 )	0.04234954376406273 1.8510452237663344e-7
705	(  -1.0578387038988099622    1.1211612778255899414   -0.2404963239792000107  )	0.04235157472738691 -2.2205130156827124e-7
706	(  -1.0578384448095199399    1.1206914078255900691   -0.24049635056786000664 )	0.042349776986528295 4.98269390192263e-8
707	(  -1.0578384867187000662    1.1209500078255900668   -0.24049643141779999955 )	0.04235070857052856 4.680599652306938e-8
708	(  -1.0578384038988100091    1.1209970778255899937   -0.24049629875628000808 )	0.04235088954740464 6.581665989990881e-8
709	(  -1.0578385210789200688    1.1208328078255900273   -0.2404962314177999938  )	0.042350271594137436 -8.375275606375965e-8
710	(  -1.057838562988099973     1.121091407825590025    -0.24049631226773998671 )	0.0423512762017154 -8.67737177667749e-8
711	(  -1.0578386038988099038    1.1207857378255901004   -0.24049636407932001303 )	0.042350106162631705 -1.0276343709314517e-7
712	(  -1.0578384965366900428    1.1209409278255899611   -0.24049638141779999811 )	0.04235067396951617 1.2938365934189733e-8
713	(  -1.0578384688031801097    1.120991407825590036    -0.24049630149195999618 )	0.042350869313609894 2.2281315681382807e-9
714	(  -1.0578384538988099273    1.1208304678255900377   -0.24049633914403001356 )	0.04235026087569642 3.5242870399798676e-8
715	(  -1.0578385389944400252    1.1207914078255900581   -0.24049636134363999718 )	0.04235012400432502 -3.917490931648615e-8
716	(  -1.0578385112609300922    1.1208418878255899109   -0.24049628141779999524 )	0.04235030422625386 -4.988514046289083e-8
717	(  -1.0578385538988099857    1.1209523478255900564   -0.24049632369157000755 )	0.04235071981413078 -7.218964959143648e-8
718	(  -1.0578384972482699489    1.1209414078255899305   -0.24049631777967001023 )	0.042350675835151855 -1.838269003684445e-8
719	(  -1.0578385105493499641    1.1208414078255899415   -0.24049634505593001088 )	0.042350302455886085 -1.8564088932748746e-8
720	(  -1.0578385305009700978    1.1206914078255900691   -0.24049638597031999798 )	0.042349779908096 -1.8836185056159138e-8
721	(  -1.0578385903558300551    1.1202414078255900076   -0.24049650871348998704 )	0.04234848241670741 -1.9652452332152848e-8
722	(  -1.057838769920409927     1.1188914078255900453   -0.24049687694300000973 )	0.04234702131037691 -2.2101073415825567e-8
723	(  -1.0578393086141499868    1.1148414078255899362   -0.24049798163152999453 )	0.042364520301907675 -2.944531019011265e-8
724	(  -1.0578388565511400721    1.1189454078255900438   -0.24049737694299999635 )	0.04234701362306984 1.3176532331904411e-7
725	(  -1.0578386832896800041    1.1188374078255900468   -0.24049637694299999535 )	0.04234703479016228 -1.7596697055033417e-7
726	(  -1.0578384313065201106    1.1198914078255899351   -0.24049690882249000201 )	0.04234774570844 3.3184665293450877e-7
727	(  -1.0578391085342999656    1.1178914078255899334   -0.24049684506350998969 )	0.042348299778933854 -3.7604879810082537e-7
728	(  -1.0578382699204100792    1.1182004078255900481   -0.2404969820752899945  )	0.04234765814531471 5.284669122307406e-7
729	(  -1.0578392699204099969    1.1195824078255900424   -0.24049677181070999721 )	0.04234733651581594 -5.726690373020205e-7
730	(  -1.0578385699204100323    1.1187208778255899322   -0.24049673658171999424 )	0.0423470867382726 1.1038604719182388e-7
731	(  -1.0578386566753299469    1.1193914078255899902   -0.24049694110789998636 )	0.042347135370910276 1.2200692678376868e-7
732	(  -1.0578389699204100438    1.1190619378255899363   -0.24049701730427999746 )	0.04234701375517274 -1.5458815494362455e-7
733	(  -1.0578388831654899072    1.1183914078255901003   -0.24049681277810000535 )	0.04234740772913878 -1.6620906539976943e-7
734	(  -1.0578386706206999168    1.118590427825590039    -0.24049707694299998773 )	0.04234718676167344 1.7339742730548835e-7
735	(  -1.0578388692201199373    1.1191923878255900515   -0.24049667694300000398 )	0.042347036784162725 -2.175994942010817e-7
736	(  -1.0578387431081399672    1.1190914078255900233   -0.24049688985014000542 )	0.04234700763252165 1.0919450454949242e-8
737	(  -1.0578386626713300878    1.1196914078255899572   -0.24049692857155999248 )	0.04234744687127994 1.0998102395465281e-7
738	(  -1.0578386952445300029    1.1195032778255900041   -0.24049668985013999967 )	0.04234723190654722 -3.741565546278025e-8
739	(  -1.0578387265056499178    1.1185914078255900783   -0.24049672907500999064 )	0.042347188317506765 -4.980987111657953e-8
740	(  -1.0578387909717499316    1.1186795378255900424   -0.24049708985014001117 )	0.04234712279914078 5.925463641975881e-8
741	(  -1.0578387597106300166    1.1195914078255899682   -0.24049705062526999244 )	0.042347326877287976 7.164882365184866e-8
742	(  -1.057838943108140084     1.1191243078255899146   -0.24049685282673999298 )	0.042347021374540834 -2.0688857338413413e-7
743	(  -1.0578385431081400725    1.1190585078255899099   -0.2404969268735399901  )	0.042346995999996744 2.2872747673652327e-7
744	(  -1.0578388147061299485    1.1192174078255900938   -0.24049698985014000829 )	0.0423470436838853 -1.2579151498215424e-8
745	(  -1.0578387397733799435    1.1192914078255900012   -0.24049682923796000811 )	0.04234707493962584 -1.4899867561979363e-8
746	(  -1.057838671510149986     1.1189654078255899528   -0.24049678985014000254 )	0.04234700325685897 3.441807239212835e-8
747	(  -1.0578387464428999909    1.1188914078255900453   -0.24049695046232000273 )	0.04234702033106179 3.6738775577305205e-8
748	(  -1.0578388431081400256    1.1190334278255900102   -0.24049683651685999086 )	0.042347007150411196 -1.1473352268254189e-7
749	(  -1.0578386431081399088    1.1191493878255900363   -0.24049694318341999222 )	0.04234701488714943 1.365724292545778e-7
750	(  -1.0578387405878999505    1.1191914078255900122   -0.24049685280839000479 )	0.042347031250875695 -4.377159523727414e-9
751	(  -1.0578387330271799005    1.1194914078255899792   -0.24049674168314000289 )	0.042347222118735 -5.026697302845662e-8
752	(  -1.0578387280249099689    1.1189914078255900343   -0.2404969157776599975  )	0.04234700328946064 3.8473656926996114e-8
753	(  -1.0578387441769099286    1.1193164478255899219   -0.24049695280839000766 )	0.04234708919430278 4.013321108775614e-8
754	(  -1.0578387531508899322    1.1193914078255899902   -0.24049678983912001207 )	0.04234713919102879 -4.7227967980845165e-8
755	(  -1.0578387369988899724    1.1190663678255901026   -0.24049675280839000191 )	0.04234700457365411 -4.888751004017422e-8
756	(  -1.0578386405878998922    1.1192126778255899744   -0.24049684974800999981 )	0.04234703484053016 9.415081703156858e-8
757	(  -1.0578388405879000089    1.1191701378255900501   -0.24049685586877000976 )	0.042347028584136956 -1.029051359680011e-7
758	(  -1.0578387536909599209    1.1191737078255898918   -0.24049690280839000622 )	0.04234702612640084 6.569468302686232e-9
759	(  -1.0578387274848399802    1.1192091078255899106   -0.24049680280839000335 )	0.0423470370038948 -1.5323782243115147e-8
760	(  -1.0578387217497999817    1.1192914078255900012   -0.24049686659621999363 )	0.042347074218320076 2.1092800062127992e-8
761	(  -1.0578387594259999194    1.1190914078255900233   -0.24049683902055998819 )	0.04234700829937663 -2.984711877651591e-8
762	(  -1.0578386905879000324    1.1191485978255899525   -0.24049686212203999491 )	0.04234701661625 5.010264747529192e-8
763	(  -1.0578387905879000908    1.119234217825590072    -0.2404968434947399869  )	0.04234704953280163 -5.885696663376905e-8
764	(  -1.057838728179040011     1.1192414078255898957   -0.24049683942197999653 )	0.04234705011231967 1.5929215724241885e-9
765	(  -1.0578387529967598901    1.1191414078255899067   -0.24049686619480001304 )	0.04234701739468375 -1.0347240397834412e-8
766	(  -1.0578387360545700169    1.1192178421255900567   -0.24049687280838999426 )	0.042347040680814206 9.776044862519484e-9
767	(  -1.0578387205879000721    1.1191628910255899676   -0.24049685430563999544 )	0.042347021636556084 1.6343008168995254e-8
768	(  -1.0578387451212301062    1.1191649735255899678   -0.24049683280838998756 )	0.042347023219495954 -1.8530363465885102e-8
769	(  -1.057838760587900051     1.1192199246255900569   -0.24049685131113998637 )	0.042347042486788083 -2.509732754951699e-8
770	(  -1.0578387390343599872    1.1191714078255901033   -0.24049686229413000382 )	0.04234702484364443 1.7389617523733136e-9
771	(  -1.0578387343737400972    1.1191114078255899322   -0.24049689075135000094 )	0.042347010420373025 2.008732669089852e-8
772	(  -1.0578387422694699449    1.1191676083255899243   -0.24049684229412998659 )	0.0423470238599575 -1.1116022324841879e-8
773	(  -1.057838755418619936     1.1191214078255899977   -0.24049686646418999558 )	0.04234701315013014 -1.263952542629454e-8
774	(  -1.0578387357992500295    1.1191752073255900601   -0.2404968822941299933  )	0.04234702585630787 1.4593946606744623e-8
775	(  -1.0578387226501000384    1.1192214078255899867   -0.24049685812407001206 )	0.04234704154409387 1.611744904206347e-8
776	(  -1.0578387590343600877    1.1192133896255900272   -0.2404968642531599976  )	0.04234703989095661 -1.731875731714183e-8
777	(  -1.0578387190343601088    1.1191294260255899573   -0.24049686033510001004 )	0.04234701331417331 2.079668048882155e-8
778	(  -1.0578387490343599264    1.1191604106255899076   -0.24049686989260998793 )	0.04234702210173984 -4.606216963409793e-9
779	(  -1.0578387416859200698    1.1191534144255899097   -0.24049685229413000909 )	0.04234701992707188 -5.722535556529351e-9
780	(  -1.057838729034360048     1.1191824050255900769   -0.24049685469564999196 )	0.042347027828357385 8.084140579178722e-9
781	(  -1.0578387363827999046    1.1191894012255900748   -0.24049687229412999856 )	0.04234703040814567 9.200459172298281e-9
782	(  -1.0578387490343599264    1.1191908890255899411   -0.24049685618235000506 )	0.04234703141782043 -1.1200766092400727e-8
783	(  -1.057838729034360048     1.1191519266255900433   -0.24049686840591000259 )	0.04234701902685498 1.4678689597147354e-8
784	(  -1.0578387393088399815    1.1191614078255900377   -0.24049685873480000642 )	0.04234702198257968 -2.475335492135855e-10
785	(  -1.0578387401322799644    1.1191314078255900633   -0.24049684805680998645 )	0.04234701459952481 -6.207019564996585e-9
786	(  -1.0578387438468699333    1.1191448375255899084   -0.24049686873480000115 )	0.042347017847981755 2.4373725260318224e-11
787	(  -1.0578387574609600108    1.1190951266255899643   -0.24049689873480001312 )	0.04234700874290551 8.40096658905054e-10
788	(  -1.0578387983032300212    1.1189459939255899101   -0.2404969887347999935  )	0.042347011116133405 3.2872764510472052e-9
789	(  -1.0578387536069600028    1.1189951266255899753   -0.24049689787973999033 )	0.04234700412586767 4.2828181001652865e-9
790	(  -1.0578387613149600188    1.1191951266255899533   -0.24049689958986000815 )	0.04234703335668195 -2.6026247823551785e-9
791	(  -1.0578387774609598893    1.1190755166255899056   -0.24049690855180999582 )	0.04234700711092927 -1.4437982143178374e-8
792	(  -1.0578387374609599103    1.1191147366255900231   -0.24049688891779000266 )	0.04234701114730861 1.6118175905077692e-8
793	(  -1.0578387613094200059    1.1190931266255899068   -0.24049684873480001168 )	0.04234700861499181 -2.7058050688921753e-8
794	(  -1.0578387536125000157    1.1190971266255900218   -0.2404969487347999868  )	0.04234700887888447 2.8738249002735472e-8
795	(  -1.0578387571523899524    1.1190451266255900808   -0.24049689258862000374 )	0.04234700400125095 -1.8076076191420043e-9
796	(  -1.0578387562266799993    1.1188951266255899863   -0.24049687415008000335 )	0.04234701977550392 -9.750720675327784e-9
797	(  -1.0578387497616899005    1.1191451266255900698   -0.24049689184024000688 )	0.04234701815899655 5.223126153808266e-9
798	(  -1.0578387471523900132    1.1189712666255899887   -0.24049689407206001346 )	0.04234700575004971 8.905917669999042e-9
799	(  -1.0578387645430900044    1.1189451266255900919   -0.2404968933370000006  )	0.0423470098497604 -8.83834161413688e-9
800	(  -1.0578387671523898916    1.119118986625589951    -0.24049689110517999402 )	0.04234701315680175 -1.2521133019305353e-8
801	(  -1.0578387572727900867    1.1190475166255899886   -0.24049694258862000518 )	0.042347004118454316 2.2121683929121616e-8
802	(  -1.0578387570319900401    1.1190427366255899511   -0.2404968425886200023  )	0.04234700389546938 -2.5736894615491224e-8
803	(  -1.0578387566255000873    1.1190951266255899643   -0.24049689739437998814 )	0.04234700870877624 1.0308228715061318e-9
804	(  -1.0578387521523899828    1.1190386162255900881   -0.24049689465516999043 )	0.04234700354794632 4.1863899014060735e-9
805	(  -1.0578387576792900315    1.1189951266255899753   -0.24049688778285999158 )	0.042347004293949074 -4.6460484348642694e-9
806	(  -1.0578387578163499505    1.1190338119255900384   -0.24049691258861999321 )	0.04234700365214855 7.148308389659519e-9
807	(  -1.057838762152389922     1.1190516370255900735   -0.24049689052206998929 )	0.04234700453905096 -7.801605361734687e-9
808	(  -1.0578387564884299543    1.1190564413255899012   -0.24049687258861998651 )	0.04234700460646181 -1.0763522961809713e-8
809	(  -1.0578387591523898958    1.1190495702255900401   -0.24049689922851000268 )	0.04234700430118393 -6.138618502404825e-10
810	(  -1.0578387651523899482    1.1190629010255899178   -0.24049691914817999949 )	0.04234700543747874 2.9673762336202003e-9
811	(  -1.0578387559485000757    1.1189995702255899346   -0.24049688885056000331 )	0.04234700399602067 -2.401701504339826e-9
812	(  -1.0578387541523899262    1.1190885599255899763   -0.24049689387039999144 )	0.042347007701365756 1.808920568890926e-9
813	(  -1.057838762356279938     1.1190995702255899236   -0.24049690960646000204 )	0.04234700960499158 1.173977803858861e-9
814	(  -1.0578387641523900875    1.1190105805255901039   -0.24049690458661998615 )	0.04234700394304552 -3.036644269371891e-9
815	(  -1.0578387569101099785    1.1190379934255900718   -0.24049691922850999215 )	0.04234700372417251 1.1248294518040325e-8
816	(  -1.0578387613946700352    1.1190611470255900084   -0.2404968792285100132  )	0.04234700514602032 -1.2476017552387475e-8
817	(  -1.0578387590670599305    1.1190295702255899091   -0.24049690024479000727 )	0.04234700362848003 -3.970734852032365e-11
818	(  -1.0578387588110700346    1.1189695702255899601   -0.2404969032936299933  )	0.04234700641028168 1.6827556015286405e-9
819	(  -1.0578387570670599871    1.1190179555255899135   -0.2404968927017500091  )	0.0423470035246916 -1.6678629588540161e-9
820	(  -1.057838761067060096     1.1190411849255899046   -0.24049690778783000544 )	0.04234700400187443 1.5884479287464615e-9
821	(  -1.0578387598738900888    1.1189795702255900256   -0.24049689117041000985 )	0.04234700548883018 -5.211258091719628e-9
822	(  -1.0578387582602299943    1.1190795702255900146   -0.24049690931917000469 )	0.04234700676847129 5.131843061612074e-9
823	(  -1.0578387585701201079    1.1190018724255899052   -0.24049692024478999675 )	0.042347004002336944 1.0077108814066094e-8
824	(  -1.0578387595639999752    1.119057268025589913    -0.24049688024478999004 )	0.04234700478884287 -1.0156523178039834e-8
825	(  -1.0578387600670600133    1.1190317996255900734   -0.24049690651475999492 )	0.042347003704577044 1.9761091651915308e-9
826	(  -1.0578387580670600698    1.1190273408255899668   -0.24049689397481999187 )	0.042347003562304614 -2.0555241952990855e-9
827	(  -1.0578387594816300865    1.1190095702255900001   -0.2404968954106999901  )	0.04234700377636402 -2.779444896461314e-9
828	(  -1.0578387586524899966    1.1190495702255900401   -0.24049690507887999669 )	0.04234700428066619 2.700029866353759e-9
829	(  -1.057838758519269895     1.1190153601255901084   -0.24049691024479000201 )	0.04234700361657525 5.318020690481262e-9
830	(  -1.0578387596148499661    1.1190437803255899318   -0.24049689024479001254 )	0.04234700404417281 -5.3974353875219094e-9
831	(  -1.0578387593703000302    1.1190195702255900656   -0.24049690130451001346 )	0.042347003606363794 1.6677115244334573e-10
832	(  -1.0578387587638200529    1.1190395702255899746   -0.24049689918507000108 )	0.042347003850621935 -2.4618640459550534e-10
833	(  -1.0578387585670598892    1.1190219222255899378   -0.24049689651010000557 )	0.0423470035634489 -1.336070143409529e-9
834	(  -1.0578387595670599719    1.1190372182255901023   -0.24049690397948000897 )	0.042347003810462615 1.2566552243242768e-9
835	(  -1.0578387587565600825    1.1190279234255899876   -0.24049690524479000464 )	0.04234700359625342 2.6757613902361754e-9
836	(  -1.0578387593775600006    1.1190312170255900526   -0.2404968952447900099  )	0.04234700366612622 -2.7551765313660326e-9
837	(  -1.057838758867059914     1.1190285682315899152   -0.2404968997319200108  )	0.04234700360777059 -8.639466919646566e-11
838	(  -1.0578387582670600864    1.1190255622495899335   -0.24049689819330999363 )	0.04234700355768002 -2.264568532694966e-10
839	(  -1.0578387564670599374    1.1190165443035899884   -0.24049689357747999763 )	0.04234700351574784 -6.466422952655648e-10
840	(  -1.0578387586312500979    1.1190055622495900245   -0.24049690204004001148 )	0.042347003863745215 1.2596065301906378e-9
841	(  -1.0578387579028700749    1.1190455622495900645   -0.24049689434658000353 )	0.04234700405167645 -1.7125199036627237e-9
842	(  -1.0578387572670600036    1.1190209617495900929   -0.24049690168119999822 )	0.0423470035126186 2.45119680108985e-9
843	(  -1.0578387592670599471    1.1190301627495899961   -0.24049689470541998904 )	0.042347003645031696 -2.9041100635396333e-9
844	(  -1.0578387585072399624    1.1190350051495900896   -0.24049690819330998837 )	0.04234700370816138 4.343301385212328e-9
845	(  -1.0578387580268799883    1.1190161193495899994   -0.24049688819330999889 )	0.04234700358551616 -4.796214536639809e-9
846	(  -1.057838757767060045     1.1190197189495900698   -0.24049689826043998964 )	0.042347003539407714 3.0583235943737463e-10
847	(  -1.0578387587670599057    1.1190314055495900192   -0.24049689812617999762 )	0.0423470036442159 -7.587457329094605e-10
848	(  -1.0578387585637800683    1.11901556224959009     -0.24049690159038000781 )	0.04234700361542604 1.1107929021036966e-9
849	(  -1.0578387579703401045    1.119035562249589999    -0.24049689479624000721 )	0.042347003699959106 -1.5637062755757825e-9
850	(  -1.0578387581246500027    1.1190306661495899032   -0.240496903193309991   )	0.04234700360567696 2.3209223432019144e-9
851	(  -1.0578387584094699481    1.1190204583495899637   -0.24049689319330999626 )	0.04234700356178879 -2.7738356056516977e-9
852	(  -1.0578387580670600698    1.1190292799745900076   -0.2404968979661399886  )	0.04234700358352795 -1.357240986266106e-10
853	(  -1.0578387574670600202    1.1190404331495900081   -0.24049689728463000127 )	0.04234700382696727 1.3647383223513998e-10
854	(  -1.0578387580159300807    1.1190192799745899421   -0.2404968969632700071  )	0.04234700355258473 -5.6696847217097e-10
855	(  -1.057838758118190059     1.1190392799745900732   -0.24049689896900999786 )	0.04234700381446684 2.9552016389544633e-10
856	(  -1.0578387585670598892    1.119026832374589997    -0.24049690151840000252 )	0.04234700357855422 1.0728911092883209e-9
857	(  -1.0578387575670600285    1.1190317275745900183   -0.24049689441388000244 )	0.04234700360049354 -1.3443390844969372e-9
858	(  -1.0578387576965599948    1.1190280319745899984   -0.24049690296614001372 )	0.04234700355376602 2.639744978161218e-9
859	(  -1.0578387584375599229    1.1190305279745900169   -0.24049689296613999123 )	0.04234700361640099 -2.911192842347532e-9
860	(  -1.0578387582670600864    1.1190262633395899883   -0.24049689857682998717 )	0.04234700356199075 -4.198597025606432e-11
861	(  -1.057838758867059914     1.1190172134345899302   -0.24049690040890001064 )	0.04234700360661078 2.3922841485557456e-10
862	(  -1.0578387582460500038    1.1190162633395899228   -0.24049689686074998685 )	0.0423470035926285 -8.463998391050609e-10
863	(  -1.0578387582880699469    1.1190362633395900538   -0.2404969002929099875  )	0.042347003731351196 7.624278985929323e-10
864	(  -1.057838757767060045     1.1190258544395899065   -0.24049689978482000075 )	0.042347003538785094 1.0390497351409067e-9
865	(  -1.0578387587670599057    1.11902667223959007     -0.24049689736884000135 )	0.04234700358552906 -1.1230214536084304e-9
866	(  -1.0578387583951001094    1.1190227235395899807   -0.24049690357683001229 )	0.04234700355554414 2.234943008438961e-9
867	(  -1.0578387581390200634    1.1190298031395899958   -0.2404968935768299898  )	0.04234700359350154 -2.318915059973392e-9
868	(  -1.057838758358379927     1.1190212633395899555   -0.24049689929772000152 )	0.042347003556501304 2.1343771194892724e-10
869	(  -1.0578387581757400238    1.119031263339590021    -0.24049689785594000058 )	0.04234700361748404 -2.974096524610559e-10
870	(  -1.0578387580670600698    1.1190249079885898897   -0.24049689960623998886 )	0.04234700354631436 6.531537533049914e-10
871	(  -1.0578387584670601029    1.1190276186905900868   -0.24049689754742001324 )	0.04234700358133877 -7.371259158617249e-10
872	(  -1.0578387583412700579    1.1190289127085899512   -0.24049690057683001387 )	0.042347003590209605 8.457916589321712e-10
873	(  -1.0578387581928498928    1.1190236139705900253   -0.24049689657682998822 )	0.04234700354780852 -9.297633773996949e-10
874	(  -1.0578387581670600781    1.1190273396305900899   -0.24049689864234000125 )	0.04234700356640763 8.952383279137166e-11
875	(  -1.0578387583670600947    1.1190251870485901087   -0.24049689851132000085 )	0.042347003559891565 -1.7349588432580276e-10
876	(  -1.0578387583249400095    1.1190282633395900458   -0.24049689919729000387 )	0.04234700358207095 1.98571492582289e-10
877	(  -1.0578387582091799413    1.1190242633395899308   -0.24049689795636999823 )	0.04234700354990955 -2.825433220721152e-10
878	(  -1.0578387582466000083    1.1190252593235900935   -0.24049689957682998664 )	0.042347003555279726 4.5946779714256536e-10
879	(  -1.0578387582875199424    1.1190272673555901051   -0.2404968975768299877  )	0.042347003570717676 -5.43439737654694e-10
880	(  -1.0578387582170600822    1.1190258508305899188   -0.24049689870115001367 )	0.04234700355727814 6.781109007647501e-11
881	(  -1.0578387580670600698    1.1190246133035899323   -0.24049689907411000989 )	0.042347003545181255 3.972026041410004e-10
882	(  -1.057838758117060074     1.1190253520635899953   -0.24049689842475999169 )	0.042347003550407276 3.486921862361214e-11
883	(  -1.0578387578170600491    1.1190238557625900029   -0.24049689759559000901 )	0.042347003532777386 -6.395639573497647e-11
884	(  -1.0578387569170599747    1.1190193668595900256   -0.24049689510808000548 )	0.04234700350673192 -3.604332388107423e-10
885	(  -1.0578387583170600905    1.1190208510625900828   -0.2404969018417000004  )	0.0423470035562693 1.4783961832520731e-9
886	(  -1.0578387573170600078    1.1190268604625899229   -0.24049689334947998987 )	0.04234700352735464 -1.6063088636997236e-9
887	(  -1.0578387576223799993    1.1190338557625900684   -0.24049690165716000601 )	0.04234700364513852 2.084313721617548e-9
888	(  -1.057838758011740099     1.1190138557625899374   -0.24049689353402001202 )	0.04234700362043273 -2.2122264020651983e-9
889	(  -1.057838757338789959     1.1190138557625899374   -0.24049690145836000177 )	0.04234700359271071 2.2722821402254567e-9
890	(  -1.0578387582953299173    1.1190338557625900684   -0.2404968937328199885  )	0.042347003672803585 -2.4001947096508047e-9
891	(  -1.0578387577661199082    1.1190188557625899701   -0.24049689864911999448 )	0.042347003545497766 4.937251718573066e-10
892	(  -1.0578387578679999681    1.1190288557625900356   -0.24049689654205999578 )	0.04234700357005483 -6.216376302603521e-10
893	(  -1.0578387579942800656    1.1190253611605900375   -0.24049689959559000796 )	0.04234700354540118 7.208111885148583e-10
894	(  -1.0578387576170600326    1.1190269693145900032   -0.24049689899286000316 )	0.042347003540584315 8.081219027289421e-10
895	(  -1.0578387576398400327    1.1190223503645899683   -0.24049689559559001006 )	0.042347003524683784 -8.487239799848112e-10
896	(  -1.0578387580170600657    1.1190207422105900026   -0.2404968961983199871  )	0.042347003544364145 -9.360345831765926e-10
897	(  -1.0578387577866599223    1.1190218557625899454   -0.24049689760164999486 )	0.0423470035314532 -3.0641489345839545e-11
898	(  -1.0578387576954599858    1.1190158557625899949   -0.24049689761983000791 )	0.04234700357547757 6.93030077769663e-11
899	(  -1.0578387579866599388    1.119023048803589937    -0.24049689832081000418 )	0.04234700353876527 1.1527012677703397e-10
900	(  -1.0578387575866599057    1.1190206627215899537   -0.24049689688249001329 )	0.042347003526985796 -1.7655277240180567e-10
901	(  -1.0578387577325700786    1.1190168557625899126   -0.24049689830945999991 )	0.04234700356404281 3.639006873612516e-10
902	(  -1.057838757840749988     1.1190268557625899781   -0.24049689689383998981 )	0.04234700354886132 -4.251836660529307e-10
903	(  -1.0578387575968000167    1.1190266784245899157   -0.24049689860164999433 )	0.04234700353743138 6.402123275961458e-10
904	(  -1.0578387579765200499    1.1190170331005899751   -0.24049689660164999538 )	0.0423470035719989 -7.014953062878249e-10
905	(  -1.0578387577760699489    1.1190238557625900029   -0.24049689751476999167 )	0.042347003531090534 -6.1840088605436e-11
906	(  -1.0578387577972498956    1.1190198557625901099   -0.24049689768852999805 )	0.04234700353981605 5.573319583618286e-13
907	(  -1.057838757686659914     1.1190217099545900492   -0.24049689769665000272 )	0.04234700352764458 1.1505307817571975e-10
908	(  -1.0578387578866599306    1.1190220015705900636   -0.240496897506649987   )	0.04234700353530421 -1.7633583482279391e-10
909	(  -1.0578387578042600659    1.1190222405695899877   -0.24049689810165000847 )	0.04234700353157014 1.9225532277289403e-10
910	(  -1.0578387577690600008    1.1190214709555899031   -0.240496897101650009   )	0.042347003531632364 -2.535383014645731e-10
911	(  -1.0578387577462400326    1.1190208557625900276   -0.24049689754440001233 )	0.04234700353275274 -1.775846136808923e-11
912	(  -1.057838757827080034     1.1190228557625900851   -0.24049689765890000515 )	0.04234700353215333 -4.352451732358986e-11
913	(  -1.057838757744389957     1.1190228255395899826   -0.24049689740165000607 )	0.042347003528749885 -8.457012867779667e-11
914	(  -1.0578387578289301096    1.1190208859855899082   -0.24049689780165001141 )	0.042347003536037806 2.3287149986117583e-11
915	(  -1.0578387577474599457    1.1190222034005901097   -0.24049689780165001141 )	0.04234700352927803 1.047573139345559e-10
916	(  -1.0578387578258598989    1.1190215081245900031   -0.24049689740165000607 )	0.042347003533870185 -1.6604007058163006e-10
917	(  -1.0578387577715100409    1.1190219560054599501   -0.24049689770165000313 )	0.042347003530642836 3.260791636705562e-11
918	(  -1.0578387577260599528    1.1190222567340699644   -0.2404968980016500002  )	0.04234700352833245 2.2235613350574113e-10
919	(  -1.0578387577582799572    1.119022257516459895    -0.24049689750164998658 )	0.04234700352965769 -5.0360826620021726e-11
920	(  -1.0578387577799399644    1.1190229560054600899   -0.24049689775302998673 )	0.04234700353022691 4.889144644693033e-11
921	(  -1.0578387577630798955    1.1190209560054600324   -0.24049689765026999178 )	0.042347003533058716 1.6324497309483377e-11
922	(  -1.0578387578215100451    1.1190218626614600872   -0.24049689764310000495 )	0.04234700353287415 -4.555422705720957e-11
923	(  -1.0578387577215100368    1.1190220493494600351   -0.24049689776020000131 )	0.04234700352842899 1.1077005979132082e-10
924	(  -1.0578387577847399026    1.1190216544944600052   -0.24049689790164999192 )	0.04234700353180986 1.1557677037643543e-10
925	(  -1.0578387577515100393    1.119022060750390013    -0.24049689761549000733 )	0.04234700352964596 1.1165401936352737e-11
926	(  -1.0578387576915100343    1.1190223749851799795   -0.24049689735700999216 )	0.04234700352678707 -5.3161919311150996e-11
927	(  -1.0578387575115100194    1.1190233176895501011   -0.24049689658157000216 )	0.04234700351939631 -2.461435499867548e-10
928	(  -1.0578387577915100426    1.1190219272971799747   -0.24049689769977000697 )	0.042347003531517484 1.1703638058691013e-11
929	(  -1.057838757591510026     1.1190228226731799843   -0.2404968970142500051  )	0.0423470035224579 -1.1802736565869054e-10
930	(  -1.057838757667320051     1.119024374985180037    -0.2404968976966899985  )	0.04234700352794252 1.3441214807841106e-10
931	(  -1.0578387577157000177    1.119020374985179922    -0.24049689701733001357 )	0.04234700353363209 -2.407358756784106e-10
932	(  -1.0578387576029599781    1.1190205878791799066   -0.24049689785701000577 )	0.04234700352798788 2.758850925488332e-10
933	(  -1.0578387577800600905    1.1190241620911800524   -0.2404968968570100063  )	0.04234700353197246 -3.8220870912653027e-10
934	(  -1.0578387576415100302    1.1190222562821801056   -0.24049689736480001079 )	0.04234700352485296 5.850875339774575e-13
935	(  -1.0578387574915100178    1.1190219001731800397   -0.24049689738817001117 )	0.04234700351921938 1.6182599704706035e-10
936	(  -1.0578387575769099271    1.1190226459721799301   -0.24049689716479999424 )	0.04234700352189331 -3.10136361036939e-11
937	(  -1.0578387573831100621    1.11902381504218007     -0.24049689656480000011 )	0.042347003514837944 -1.258100290613129e-10
938	(  -1.0578387573769099106    1.1190223019731799781   -0.24049689713180999462 )	0.04234700351391128 1.5311851786492525e-10
939	(  -1.0578387575637300255    1.1190276459721799629   -0.2404968971427799973  )	0.04234700354444054 -2.8425040099477883e-11
940	(  -1.0578387575900900508    1.1190176459721798974   -0.24049689718681999118 )	0.042347003549346646 -3.360223210790991e-11
941	(  -1.057838757563170029     1.1190228435321800671   -0.24049689766480000785 )	0.042347003521291345 2.2322321768797337e-10
942	(  -1.0578387577769099437    1.1190229899711801043   -0.24049689719778999386 )	0.04234700353011142 -2.1514567905001059e-10
943	(  -1.0578387575906500473    1.1190224484121800153   -0.24049689666480000838 )	0.04234700352257335 -2.8525048989536117e-10
944	(  -1.0578387575267400589    1.1190206459721800947   -0.24049689706211999085 )	0.04234700352459226 -3.023203909435779e-11
945	(  -1.057838757517870043     1.1190242651471800084   -0.24049689696480000545 )	0.04234700352146678 -6.817235664868804e-11
946	(  -1.0578387576359500333    1.1190210267971800739   -0.24049689736480001079 )	0.0423470035275641 6.1450844413002415e-12
947	(  -1.0578387576270800174    1.1190246459721799877   -0.24049689726747999763 )	0.042347003527193526 -3.179523311303001e-11
948	(  -1.0578387574769099189    1.119022926499180004    -0.24049689730559001277 )	0.042347003517749164 1.3670553578037925e-10
949	(  -1.0578387576769099354    1.1190223654451800783   -0.24049689702401000346 )	0.042347003526195075 -1.9873258594316212e-10
950	(  -1.057838757526909923     1.1190220893481799269   -0.2404968971406299949  )	0.042347003520357834 7.36088967556725e-12
951	(  -1.0578387573769099106    1.1190204194761799172   -0.2404968970681199969  )	0.04234700351946798 1.2248402292414085e-10
952	(  -1.0578387575315899571    1.1190240893481799844   -0.24049689714027000509 )	0.04234700352156011 2.507660745720841e-12
953	(  -1.0578387575192300663    1.1190220929481800027   -0.24049689694063000611 )	0.042347003520036355 -8.115796923391372e-11
954	(  -1.0578387575222301109    1.1190200893481800914   -0.24049689714099001248 )	0.04234700352715549 1.2213785538506272e-11
955	(  -1.0578387574269099147    1.1190221832891800169   -0.24049689715600999773 )	0.042347003516110246 1.1475853600728669e-10
956	(  -1.0578387575345900018    1.1190220857481800731   -0.24049689734063001145 )	0.04234700352067935 9.58795265404433e-11
957	(  -1.0578387576269099313    1.119021995407180059    -0.24049689712524999208 )	0.04234700352462316 -1.0003686767845466e-10
958	(  -1.0578387575493399808    1.1190230893481800667   -0.24049689714211000546 )	0.04234700352078581 -1.4357404154452524e-11
959	(  -1.0578387574769099189    1.1190225379081799595   -0.24049689714094998894 )	0.04234700351783047 5.751477072379885e-11
960	(  -1.0578387575270500331    1.119022102845179889    -0.24049689704062998663 )	0.04234700352034362 -4.087863381130319e-11
961	(  -1.0578387575044800872    1.1190210893481800092   -0.2404968971391500121  )	0.04234700352192968 2.9078850438679638e-11
962	(  -1.0578387575267700349    1.1190220758511799648   -0.24049689724063000318 )	0.042347003520372434 5.56000800955303e-11
963	(  -1.0578387575769099271    1.1190216407881798943   -0.24049689714031000087 )	0.0423470035232878 -4.279310239496681e-11
964	(  -1.0578387575228300754    1.1190225893481799968   -0.24049689714138999808 )	0.04234700351969234 1.1806222666166377e-11
965	(  -1.0578387575105900886    1.1190240893481799844   -0.24049689714367000759 )	0.04234700352069594 2.5142887771778533e-11
966	(  -1.0578387575062899728    1.1190227764021800638   -0.24049689709138999394 )	0.04234700351895397 4.296674127601818e-12
967	(  -1.057838757456670109     1.1190233375641800428   -0.24049689694139000928 )	0.0423470035171589 -1.823252659960417e-11
968	(  -1.0578387573078100736    1.1190250210501799799   -0.24049689649138999981 )	0.04234700351555395 -8.581979571431475e-11
969	(  -1.0578387572566700925    1.1190219908411800365   -0.24049689679665001152 )	0.042347003509391655 1.1214840167639295e-10
970	(  -1.0578387574051699715    1.1190183375641800101   -0.24049689708699001356 )	0.04234700353503048 1.0330025723703784e-10
971	(  -1.0578387576566699035    1.1190246842871800492   -0.24049689708613000705 )	0.04234700352855121 -1.4861334385329883e-10
972	(  -1.0578387575081700245    1.1190283375641800756   -0.24049689679579000501 )	0.04234700354928516 -1.3976508839164126e-10
973	(  -1.0578387572590099985    1.1190282499191799293   -0.24049689714138999808 )	0.0423470035380797 2.756262995617931e-10
974	(  -1.0578387576543299975    1.1190184252091799344   -0.24049689674138999274 )	0.04234700354450878 -3.1209124173869895e-10
975	(  -1.0578387574017100725    1.1190213375641799853   -0.2404968968812599972  )	0.04234700351689343 7.8053119523247e-12
976	(  -1.0578387572368299629    1.1190153375641800348   -0.24049689670086998872 )	0.04234700356409143 8.591893863041378e-11
977	(  -1.057838757201710056     1.1190201546911799912   -0.24049689669513998891 )	0.04234700351360548 1.182828279766568e-10
978	(  -1.0578387576017100891    1.1190225204371799794   -0.2404968970673800055  )	0.04234700352297776 -1.0267209304970493e-10
979	(  -1.0578387574398200321    1.1190263375641800181   -0.24049689678947000493 )	0.04234700352847039 -7.44551087450418e-11
980	(  -1.0578387573635998908    1.1190163375641799526   -0.24049689697304998948 )	0.04234700355531486 9.006595469429612e-11
981	(  -1.057838757201710056     1.1190243990891799442   -0.24049689706503998843 )	0.04234700350885729 2.962023959440785e-10
982	(  -1.0578387576017100891    1.1190182760391800265   -0.24049689669748000598 )	0.04234700354368062 -2.805917720394291e-10
983	(  -1.0578387574325700538    1.1190233375641800428   -0.2404968968983000055  )	0.04234700351616708 -1.485855882776832e-11
984	(  -1.0578387575251499975    1.1190293375641799933   -0.24049689694942000262 )	0.04234700356198487 -8.284994912344246e-11
985	(  -1.0578387574562999607    1.119024171039179949    -0.24049689709829999429 )	0.04234700351867313 5.761036092621907e-11
986	(  -1.0578387574088399248    1.1190225040891799146   -0.24049689669829998895 )	0.0423470035150502 -8.732703449254586e-11
987	(  -1.0578387574603600463    1.1190183375641800101   -0.24049689692834000376 )	0.042347003537302974 -2.819944278087405e-11
988	(  -1.0578387574047800612    1.1190283375641800756   -0.24049689686826000723 )	0.042347003545032354 -1.517674874662589e-12
989	(  -1.0578387572325700372    1.119022746727180051    -0.24049689692597001067 )	0.04234700350769291 1.9845058929490733e-10
990	(  -1.0578387576325700703    1.1190239284011800347   -0.24049689687063000032 )	0.04234700352533844 -2.2816770695044397e-10
991	(  -1.0578387574222400946    1.1190228723001800493   -0.24049689699830001377 )	0.04234700351549235 4.357081362371673e-11
992	(  -1.0578387573325700455    1.1190215725331800201   -0.2404968968674399965  )	0.04234700351339822 7.029798965163536e-11
993	(  -1.0578387574429000129    1.1190238028281800364   -0.24049689679829999722 )	0.04234700351727469 -7.328782025695091e-11
994	(  -1.0578387573400900301    1.1190253375641801004   -0.24049689691201001085 )	0.042347003518365234 8.421596753294125e-11
995	(  -1.0578387575250500774    1.1190213375641799853   -0.24049689688459000014 )	0.042347003521970496 -1.1393286314387296e-10
996	(  -1.057838757532570062     1.1190251025951800656   -0.24049689692915998673 )	0.04234700352516513 -1.00015107307172e-10
997	(  -1.0578387573825700496    1.1190234204221800596   -0.24049689689555001082 )	0.04234700351419923 3.381872559771182e-11
998	(  -1.0578387572325700372    1.1190236689961801098   -0.24049689688729999903 )	0.042347003508378264 1.7985057887415223e-10
999	(  -1.0578387573639200792    1.1190233303041801083   -0.24049689684555000668 )	0.0423470035133346 2.8419044895144907e-11
1000	(  -1.0578387573079699457    1.1190230599501800324   -0.24049689669554999427 )	0.04234700351083805 1.2220113809746636e-11
1001	(  -1.0578387571401199896    1.1190222488881800267   -0.24049689624555001255 )	0.04234700350422475 -3.637712353565803e-11
1002	(  -1.0578387566365698991    1.1190198157021800096   -0.24049689489555001187 )	0.04234700349227184 -1.8216872454956956e-10
1003	(  -1.0578387565650100299    1.1190206756221801054   -0.24049689574554999894 )	0.042347003484872706 2.9823588043598193e-10
1004	(  -1.0578387577152299492    1.1190238221541799479   -0.24049689674554999841 )	0.04234700352851949 -3.70990127507298e-10
1005	(  -1.0578387568364600035    1.1190172488881799939   -0.24049689649020000726 )	0.04234700352259212 3.8495795440240954e-10
1006	(  -1.0578387574437799756    1.1190272488881800594   -0.24049689600089999009 )	0.042347003535844564 -4.5771231249602806e-10
1007	(  -1.0578387561401199068    1.1190247839031799426   -0.24049689645333999222 )	0.042347003466525306 1.063568677572846e-9
1008	(  -1.0578387581401200723    1.1190197138731801108   -0.24049689603776000513 )	0.04234700355479828 -1.1363230356664644e-9
1009	(  -1.0578387571879499518    1.1190224063481799543   -0.24049689644555000134 )	0.04234700350603325 1.1991629911278778e-11
1010	(  -1.0578387570922900274    1.119022091428180099    -0.240496896045549996   )	0.042347003502465806 -8.47459880048973e-11
1011	(  -1.0578387570440999088    1.1190202488881799692   -0.24049689626497000594 )	0.04234700350662071 6.898381865738656e-11
1012	(  -1.0578387572361400704    1.1190242488881800842   -0.2404968962261299914  )	0.04234700350982718 -1.4173817675100508e-10
1013	(  -1.0578387566401199482    1.1190226484761800485   -0.24049689626153000765 )	0.04234700348333636 4.713092138786124e-10
1014	(  -1.057838757640120031     1.1190218493001800049   -0.24049689622956998969 )	0.0423470035254342 -5.440634609499284e-10
1015	(  -1.0578387570683900343    1.1190212488881801089   -0.24049689620108000154 )	0.04234700350344655 1.3963052936105669e-11
1016	(  -1.0578387568531999463    1.1190182488881799117   -0.24049689606766999628 )	0.04234700351310825 1.6498369337369923e-10
1017	(  -1.0578387570078999769    1.1190232488881799444   -0.24049689616715000384 )	0.04234700349860882 5.8132942903910134e-11
1018	(  -1.0578387568264300267    1.1190292488881798949   -0.24049689606536001074 )	0.042347003532101746 1.9064250178502107e-10
1019	(  -1.0578387574618199896    1.1190182488881799117   -0.24049689601157001051 )	0.04234700353816889 -4.706199874249251e-10
1020	(  -1.0578387573188801074    1.1190255105081801101   -0.24049689566714999023 )	0.042347003518387515 -4.933440322929528e-10
1021	(  -1.0578387565539799642    1.1190282488881799772   -0.24049689632272999718 )	0.042347003509067914 5.868859842550478e-10
1022	(  -1.0578387566969200684    1.1190209872681800007   -0.2404968966671499897  )	0.04234700348905399 6.096096960561681e-10
1023	(  -1.0578387580079000596    1.1190248143191801056   -0.24049689639345001035 )	0.04234700354350104 -8.330183209892539e-10
1024	(  -1.0578387560078998941    1.1190216834571800053   -0.24049689594084999733 )	0.04234700345860451 9.492840957747717e-10
1025	(  -1.0578387571295599923    1.1190252488881800019   -0.24049689598505999411 )	0.04234700350926694 -1.511111236141005e-10
1026	(  -1.0578387568862399615    1.1190212488881801089   -0.24049689634924001358 )	0.04234700349594863 2.6737712044422324e-10
1027	(  -1.057838757333110058     1.1190212488881801089   -0.24049689598223999987 )	0.04234700351434336 -3.560176597972031e-10
1028	(  -1.0578387575079000182    1.1190236491361800208   -0.24049689626456000058 )	0.042347003519676345 -3.9501357740334697e-10
1029	(  -1.0578387566826898958    1.1190252488881800019   -0.24049689635206000782 )	0.042347003490879775 4.722835456050234e-10
1030	(  -1.0578387565078999355    1.11902284864018009     -0.24049689606974000711 )	0.04234700347786 5.112793521888648e-10
1031	(  -1.0578387571439000769    1.1190222488881800267   -0.24049689611446001258 )	0.042347003504380344 -1.0321077326125305e-10
1032	(  -1.057838757127020024     1.119024180811180047    -0.24049689606714999557 )	0.04234700350514909 -1.0908651759677923e-10
1033	(  -1.0578387572078999934    1.1190234944491799229   -0.24049689624959999512 )	0.04234700350710278 -1.0220913004843624e-10
1034	(  -1.0578387568078999603    1.1190230033271799659   -0.24049689608470001256 )	0.04234700349023505 2.184750158562565e-10
1035	(  -1.0578387568719000988    1.1190242488881800842   -0.2404968962198399951  )	0.04234700349483843 2.194764370244684e-10
1036	(  -1.0578387568887799297    1.1190223169651800639   -0.24049689626715001212 )	0.042347003493804554 2.253524034045995e-10
1037	(  -1.0578387570379099714    1.1190229767702100094   -0.24049689611714999971 )	0.04234700349969314 4.073297255047237e-12
1038	(  -1.0578387571279399548    1.1190221604162999824   -0.24049689596714998729 )	0.04234700350383518 -1.5810575071384392e-10
1039	(  -1.0578387569750899999    1.1190229742272099767   -0.24049689601714999143 )	0.04234700349710701 1.879385536085465e-11
1040	(  -1.0578387567866300856    1.1190229665982101004   -0.24049689571714999436 )	0.04234700348934865 6.295564070057935e-11
1041	(  -1.0578387562212498985    1.1190229437112100275   -0.24049689481715000317 )	0.04234700346607421 1.954414408089633e-10
1042	(  -1.0578387573558900581    1.1190219665982099606   -0.24049689604201998638 )	0.04234700351351719 -3.50043993790905e-10
1043	(  -1.0578387562173801051    1.1190239665982100181   -0.24049689539228000235 )	0.04234700346718537 4.759451721625396e-10
1044	(  -1.0578387573782799258    1.1190226536682099656   -0.24049689521715000851 )	0.0423470035137153 -7.691911552143438e-10
1045	(  -1.0578387577866299463    1.1190237591312099941   -0.24049689588896999703 )	0.04234700353133767 -8.543998841759048e-10
1046	(  -1.0578387561949800233    1.1190232795282100131   -0.24049689621715000798 )	0.04234700346517941 8.951025476378049e-10
1047	(  -1.0578387557866300028    1.1190221740652099847   -0.24049689554532999169 )	0.042347003448609165 9.803113876216685e-10
1048	(  -1.0578387568683400577    1.1190229958333799409   -0.24049689551715000557 )	0.04234700349272003 -1.1495315810350348e-10
1049	(  -1.0578387567049198914    1.1190229373630400378   -0.24049689591715001091 )	0.042347003485978946 2.4086455052696465e-10
1050	(  -1.0578387571930500943    1.1190224665982100305   -0.24049689573201998849 )	0.04234700350619498 -3.363120892885263e-10
1051	(  -1.0578387572866299049    1.1190233808954999084   -0.24049689575951999077 )	0.04234700351020628 -4.16664480695772e-10
1052	(  -1.0578387563802100768    1.1190234665982099482   -0.24049689570228000024 )	0.042347003473004054 4.6222325966738254e-10
1053	(  -1.0578387562866300442    1.1190225523009200703   -0.24049689567477999796 )	0.04234700346883257 5.425759841415356e-10
1054	(  -1.057838756910620015     1.1190227665982099836   -0.24049689572637000801 )	0.04234700349443922 -5.659961388460033e-11
1055	(  -1.0578387569006000302    1.1190230188074699047   -0.24049689561715001385 )	0.042347003494055645 -9.911360621117637e-11
1056	(  -1.0578387569866301021    1.1190231044216401024   -0.24049689579211999679 )	0.042347003497634955 -1.0098433200766976e-10
1057	(  -1.0578387566626399341    1.1190231665982099951   -0.24049689570793000848 )	0.04234700348433829 1.825110063080615e-10
1058	(  -1.057838756586630069     1.1190228287747800984   -0.24049689564217999194 )	0.04234700348110011 2.26895502386526e-10
1059	(  -1.0578387566726599189    1.119022914388950074    -0.24049689581715000264 )	0.04234700348464708 2.2502522067924247e-10
1060	(  -1.0578387567970000127    1.119022956662589996    -0.24049689566714999023 )	0.04234700348977294 2.85360624019404e-11
1061	(  -1.0578387568281100162    1.1190229268557299047   -0.24049689551715000557 )	0.04234700349104696 -7.472311658318631e-11
1062	(  -1.0578387567517699708    1.1190230566625900543   -0.24049689560928999565 )	0.04234700348794571 4.593581071077324e-11
1063	(  -1.057838756616080067     1.1190233566625900075   -0.24049689543571001193 )	0.042347003482584286 9.813472257036437e-11
1064	(  -1.0578387567789699908    1.1190230620562200414   -0.24049689540929000686 )	0.042347003489067565 -7.746292496335627e-11
1065	(  -1.0578387567245699508    1.1190230512689600673   -0.2404968958092900122  )	0.042347003486823916 1.6933454638490275e-10
1066	(  -1.0578387571316401061    1.1190232566625899491   -0.24049689562295001322 )	0.04234700350370782 -3.2736391375465246e-10
1067	(  -1.0578387563719000575    1.1190228566625899376   -0.24049689559563000585 )	0.04234700347226297 4.19235313131594e-10
1068	(  -1.0578387572517700121    1.1190229042512300772   -0.24049689561605999688 )	0.04234700350847971 -4.5080805755048914e-10
1069	(  -1.0578387562517699294    1.1190232090739500315   -0.24049689560251999443 )	0.04234700346745882 5.426794569274307e-10
1070	(  -1.0578387567611500231    1.1190230341780600387   -0.24049689550928998738 )	0.04234700348832231 -1.1543654920842528e-11
1071	(  -1.0578387567892899579    1.1190229667244699918   -0.24049689520928999031 )	0.042347003489458176 -1.8398171874878244e-10
1072	(  -1.0578387567313800588    1.1190232341780599334   -0.24049689546979999277 )	0.04234700348721668 -7.680522884356833e-13
1073	(  -1.0578387566420699439    1.1190238341780600617   -0.24049689535133000895 )	0.042347003484380065 3.155864458648239e-11
1074	(  -1.0578387563741400434    1.1190256341780600025   -0.24049689499592000197 )	0.04234700348019294 1.2853851316663167e-10
1075	(  -1.0578387559392798956    1.1190242061550599306   -0.24049689435133000948 )	0.04234700345634123 2.5335489262090505e-10
1076	(  -1.0578387569500600218    1.1190248341780599795   -0.24049689550684999473 )	0.042347003500051585 -2.0162738145756975e-10
1077	(  -1.0578387563340800881    1.1190228341780599219   -0.24049689519580999542 )	0.04234700347070594 2.6474433756362714e-10
1078	(  -1.0578387573448599923    1.1190234622010599708   -0.24049689635133000842 )	0.04234700351269783 -1.9023760344794027e-10
1079	(  -1.0578387576420700267    1.1190236463480600637   -0.24049689457866998965 )	0.04234700352519336 -1.3400860421342031e-9
1080	(  -1.0578387556420700832    1.1190240220080600597   -0.24049689612399000049 )	0.04234700344363892 1.403203109262563e-9
1081	(  -1.0578387564822799849    1.1190242510616998928   -0.24049689485132999534 )	0.04234700347881139 -4.914824103252613e-11
1082	(  -1.0578387560029101078    1.1190255017126200521   -0.24049689335133001    )	0.042347003464194344 -2.9126900891185414e-10
1083	(  -1.0578387560672499745    1.1190238601847000144   -0.24049689385132999586 )	0.04234700346077745 -1.151121420406298e-10
1084	(  -1.0578387548221599435    1.1190226875536999351   -0.24049689085132999744 )	0.042347003408500804 -3.13003400975731e-10
1085	(  -1.0578387541561100615    1.1190254614987000803   -0.24049689185132999691 )	0.04234700338799359 8.340402812834213e-10
1086	(  -1.0578387579783901096    1.1190222588706999485   -0.24049689585132999481 )	0.04234700353871569 -1.0642646763869834e-9
1087	(  -1.0578387553928298992    1.1190255532266999428   -0.24049689585132999481 )	0.04234700343936995 1.5212955339904966e-9
1088	(  -1.0578387567416700499    1.119022167142700086    -0.24049689185132999691 )	0.042347003487927415 -1.7515198180717562e-9
1089	(  -1.0578387540672500311    1.1190222904966999895   -0.24049689450569000648 )	0.042347003377701156 2.199630921850826e-9
1090	(  -1.057838758067249918     1.1190254298727000393   -0.240496893196970013   )	0.04234700354875507 -2.4298552059320855e-9
1091	(  -1.0578387562383200216    1.1190228601847000967   -0.24049689483579000937 )	0.04234700346676545 1.873370347738046e-10
1092	(  -1.0578387558961799275    1.1190248601846999321   -0.24049689286687001011 )	0.04234700345679092 -4.175610968104593e-10
1093	(  -1.0578387556686799087    1.1190247764587000212   -0.24049689485132999534 )	0.04234700344709726 7.644517241445214e-10
1094	(  -1.0578387550672498918    1.1190235639507000176   -0.24049689372419000288 )	0.04234700341910345 8.237344140127334e-10
1095	(  -1.0578387564658200404    1.1190229439107000076   -0.24049689285132999639 )	0.04234700347613986 -9.946758972034786e-10
1096	(  -1.0578387570672500573    1.1190241564187000112   -0.24049689397846998884 )	0.04234700350262448 -1.053958698093993e-9
1097	(  -1.0578387558288300241    1.1190243601847000843   -0.24049689343787000739 )	0.042347003452242744 -7.556377745743248e-11
1098	(  -1.0578387551135699507    1.1190258601847000719   -0.24049689219748998648 )	0.042347003429644675 4.308120526985704e-11
1099	(  -1.0578387529677899526    1.1190303601847000348   -0.24049688847635000699 )	0.04234700338890493 3.9901593140712066e-10
1100	(  -1.0578387546646499384    1.1190261255586999578   -0.24049689019748998753 )	0.04234700341285255 -4.69986272122469e-10
1101	(  -1.057838755562489963     1.1190255948106999639   -0.24049689419749001318 )	0.04234700344657866 5.561487936844856e-10
1102	(  -1.0578387561765700831    1.1190238601847000144   -0.24049689169350998985 )	0.04234700346527624 -1.2623302403369507e-9
1103	(  -1.0578387540505700404    1.1190278601846999074   -0.24049689270147001086 )	0.04234700340203108 1.3484923178097574e-9
1104	(  -1.0578387571135698941    1.1190269982526999115   -0.24049689189956999225 )	0.042347003520111136 -2.100216445199976e-9
1105	(  -1.0578387531135700073    1.1190247221167000102   -0.24049689249541000846 )	0.04234700334174936 2.1863787447173877e-9
1106	(  -1.0578387555325399205    1.1190268601846999896   -0.24049689188684000851 )	0.04234700345393771 -5.253095736179603e-10
1107	(  -1.0578387546945999809    1.1190248601846999321   -0.2404968925081399922  )	0.04234700340734808 6.114718731353719e-10
1108	(  -1.0578387554268200432    1.1190254182896999247   -0.240496891197489987   )	0.04234700344005243 -7.511626876066657e-10
1109	(  -1.0578387561135700334    1.1190255773577000298   -0.24049689263571999431 )	0.04234700346915682 -7.461329332159039e-10
1110	(  -1.05783875411357009      1.119026143011699892    -0.24049689175926000639 )	0.04234700339029491 8.322951217110131e-10
1111	(  -1.0578387548003200802    1.1190263020796999971   -0.2404968931974900137  )	0.04234700341962863 8.373248761017749e-10
1112	(  -1.0578387552123000859    1.119025429130330096    -0.24049689169749000062 )	0.04234700343128203 -2.961457745698226e-10
1113	(  -1.0578387556135699921    1.1190255789029199818   -0.24049689253872000294 )	0.042347003448592734 -2.9278934832177583e-10
1114	(  -1.0578387546135699093    1.11902614146647994     -0.24049689185625999777 )	0.04234700341085605 3.789517588614899e-10
1115	(  -1.0578387550148400376    1.1190262912390700478   -0.24049689269749000009 )	0.0423470034283793 3.8230796306493176e-10
1116	(  -1.0578387556135699921    1.119026353166969967    -0.24049689187122000322 )	0.04234700345344451 -6.138527464116805e-10
1117	(  -1.0578387546135699093    1.1190253672024299547   -0.24049689252375999748 )	0.04234700340632882 7.000150459290921e-10
1118	(  -1.0578387551212899975    1.1190256601846999551   -0.24049689220508999044 )	0.04234700342879096 3.901667877670434e-11
1119	(  -1.0578387551444499159    1.1190250601847000489   -0.24049689222789000231 )	0.04234700342670992 2.6823432364153632e-11
1120	(  -1.0578387552139298933    1.1190232601847001082   -0.24049689229629001019 )	0.04234700342478748 -9.756639940405876e-12
1121	(  -1.0578387554223700473    1.1190178601847000639   -0.24049689250149000608 )	0.04234700345790655 -1.194968568540844e-10
1122	(  -1.0578387548878200874    1.1190216161757000624   -0.24049689129629001072 )	0.04234700341265917 -1.646405234367876e-10
1123	(  -1.0578387555400399211    1.1190249041936999319   -0.24049689329629000967 )	0.04234700344231679 1.4512713253367338e-10
1124	(  -1.0578387542139300326    1.1190248334907000327   -0.240496891975759991   )	0.0423470033874617 8.360703240839484e-10
1125	(  -1.057838756213929976     1.1190216868786999616   -0.24049689261682000163 )	0.04234700346707717 -8.555838260093651e-10
1126	(  -1.0578387542402700738    1.1190215996496999384   -0.24049689329629000967 )	0.042347003386045155 1.4448969798408484e-9
1127	(  -1.0578387561875899348    1.1190249207197000558   -0.24049689129629001072 )	0.0423470034690309 -1.4644103707439626e-9
1128	(  -1.0578387549321899286    1.1190233928477000269   -0.24049689179628999658 )	0.04234700341332385 3.148648008988175e-11
1129	(  -1.0578387540869700345    1.1190237908367000053   -0.24049689029629001125 )	0.042347003379146014 1.5521572915844217e-10
1130	(  -1.0578387515513099082    1.1190249848036999403   -0.24049688579628999974 )	0.04234700327853038 5.264038094310308e-10
1131	(  -1.0578387541223399637    1.119028790836700038    -0.2404968899483999889  )	0.04234700341521272 -4.748712534308197e-11
1132	(  -1.0578387540516001053    1.1190187908366999725   -0.24049689064418000584 )	0.04234700339307782 3.579185836599663e-10
1133	(  -1.057838754501029932     1.1190229028017000257   -0.2404968882962900123  )	0.04234700339526873 -1.2208316579886969e-9
1134	(  -1.057838753672909915     1.1190246788716999848   -0.24049689229629001019 )	0.042347003364603626 1.5312634493724886e-9
1135	(  -1.0578387560869699779    1.1190238797356999445   -0.24049689070404001168 )	0.04234700346162951 -1.648658987107865e-9
1136	(  -1.0578387520869700911    1.119023701937700066    -0.24049688988854001082 )	0.042347003296676865 1.9590904454247493e-9
1137	(  -1.0578387541108100756    1.1190257908367000628   -0.24049689012247998932 )	0.04234700338797165 4.7774117994947574e-11
1138	(  -1.0578387541823299767    1.1190317908367000133   -0.24049688960105000679 )	0.04234700346244613 -2.7455038242862884e-10
1139	(  -1.0578387546843299738    1.11902079083670003     -0.24049689126160000985 )	0.042347003406969445 2.2163937352104313e-11
1140	(  -1.0578387535372899553    1.1190307908367000955   -0.24049688898335999654 )	0.0423470034189981 7.338463170469822e-11
1141	(  -1.0578387551108099363    1.11902953076470002     -0.24049689073513000337 )	0.042347003465236004 -6.575449074119888e-10
1142	(  -1.0578387531108099928    1.1190220509087001055   -0.24049688950983000302 )	0.04234700333864976 7.530933654464889e-10
1143	(  -1.0578387546233098959    1.1190244126646999856   -0.24049688812247999037 )	0.042347003402798504 -1.4267131920320253e-9
1144	(  -1.0578387535983100332    1.1190271690086999179   -0.24049689212247998826 )	0.04234700337694949 1.5222617610888278e-9
1145	(  -1.0578387537528199935    1.1190237908367000053   -0.24049688938558000384 )	0.04234700336539484 5.13199482909954e-11
1146	(  -1.0578387526788499695    1.1190177908367000548   -0.2404968871748799919  )	0.042347003345628076 6.195699508992902e-11
1147	(  -1.0578387494569398974    1.1189997908366999813   -0.24049688054278001159 )	0.0423470037180006 9.386824650903236e-11
1148	(  -1.0578387532949300454    1.1190277908366998982   -0.24049688749718001191 )	0.042347003370254335 -3.990987540447577e-10
1149	(  -1.0578387520627698937    1.1190077908366999893   -0.24049688685257999965 )	0.04234700352094964 5.230127442246157e-10
1150	(  -1.0578387506788500261    1.1190211608367000018   -0.24049688492859000455 )	0.042347003240715816 9.815054324846528e-10
1151	(  -1.0578387546788499129    1.1190144208367001077   -0.24049688942117000701 )	0.04234700347331117 -8.575913312824923e-10
1152	(  -1.0578387535322200108    1.1190171210366999244   -0.24049688217487999453 )	0.04234700338796526 -3.196381825887329e-9
1153	(  -1.0578387518254799282    1.1190184606366999631   -0.24049689217487998927 )	0.04234700330419298 3.3202959270894894e-9
1154	(  -1.0578387526935699725    1.1190227908367000875   -0.24049688701895999277 )	0.04234700332087556 -2.7759572418517564e-11
1155	(  -1.0578387527377299815    1.1190377908366999637   -0.24049688655119999536 )	0.04234700354661435 -2.9690916392155486e-10
1156	(  -1.0578387524351899884    1.119032790836699931    -0.24049688614506001261 )	0.042347003409535094 -1.8972001747386003e-10
1157	(  -1.0578387529519499566    1.119012790836700022    -0.24049688789286000068 )	0.0423470034322379 1.342008726368249e-10
1158	(  -1.0578387516935698898    1.1190180898366999251   -0.24049688604985999807 )	0.042347003302135346 5.061094876523953e-10
1159	(  -1.0578387536935700552    1.1190274918367000279   -0.24049688798805998746 )	0.04234700338377482 -5.616285214671279e-10
1160	(  -1.0578387520783401055    1.1190255707367000593   -0.24049688901895999171 )	0.0423470033030903 1.5494578953223481e-9
1161	(  -1.0578387533088000616    1.1190200109366998937   -0.24049688501895999382 )	0.04234700335413102 -1.6049772622039882e-9
1162	(  -1.057838752850430053     1.1190220327927000721   -0.24049688801895999224 )	0.042347003327960965 2.96374147445988e-10
1163	(  -1.057838752536709892     1.119023548880700103    -0.24049688601895999329 )	0.04234700331494044 -3.5189318126072067e-10
1164	(  -1.0578387523153300886    1.1190277908366998982   -0.24049688740790001185 )	0.04234700332995774 5.375579981148348e-10
1165	(  -1.0578387521935699311    1.1190186429296999915   -0.24049688720691000943 )	0.042347003317790975 5.626432653116353e-10
1166	(  -1.0578387530718100784    1.1190177908367000548   -0.24049688663002000144 )	0.0423470033618094 -5.930773649964749e-10
1167	(  -1.0578387531935700139    1.1190269387436999615   -0.24049688683101000386 )	0.042347003358352876 -6.181624101486705e-10
1168	(  -1.057838752493569956     1.119023272609700026    -0.24049688679104000433 )	0.04234700331284214 6.261235974136525e-11
1169	(  -1.0578387518935699063    1.1190247179287000634   -0.24049688610728001126 )	0.04234700329153201 3.337281562210137e-10
1170	(  -1.0578387526514700934    1.1190282726097000587   -0.24049688669537999663 )	0.0423470033488005 -1.4129963865627815e-10
1171	(  -1.0578387523356700406    1.1190182726096999932   -0.24049688688670001202 )	0.042347003326877124 2.6652413609440373e-10
1172	(  -1.0578387529935699973    1.1190218499557000875   -0.24049688711788000384 )	0.04234700333417658 -2.8017965725268823e-10
1173	(  -1.0578387519935699146    1.1190246952636999644   -0.24049688646420000482 )	0.0423470032955616 4.0540437673541874e-10
1174	(  -1.0578387526310299993    1.1190223602066999842   -0.24049688579104000485 )	0.042347003318517824 -5.558413729289668e-10
1175	(  -1.0578387523561099126    1.1190241850127000678   -0.2404968877910400038  )	0.042347003308832475 6.810662034339998e-10
1176	(  -1.0578387524181300794    1.1190251963636999033   -0.24049688629103999071 )	0.04234700331515612 -1.024447193742617e-10
1177	(  -1.0578387526935699725    1.1190247616296999933   -0.24049688696050000591 )	0.04234700332461823 -5.587841300780383e-11
1178	(  -1.0578387522935699394    1.1190217835897000587   -0.24049688662158000274 )	0.04234700330549788 1.8110313249053434e-10
1179	(  -1.0578387525690100546    1.1190213488556999266   -0.24049688729103999019 )	0.042347003317931044 2.2766910579008481e-10
1180	(  -1.057838752665859916     1.1190218689716999734   -0.24049688629103999071 )	0.04234700332065095 -3.501745560186009e-10
1181	(  -1.0578387523212799959    1.1190246762477000786   -0.24049688729103999019 )	0.04234700330897577 4.75399164479029e-10
1182	(  -1.0578387524744399251    1.1190222726097001082   -0.24049688665068999494 )	0.042347003312162096 1.423494655483637e-11
1183	(  -1.0578387524170500544    1.119019272609699911    -0.24049688622963999451 )	0.042347003322121005 -1.3089773709396013e-10
1184	(  -1.0578387524706001077    1.1190242726096999437   -0.24049688665057999959 )	0.04234700331378957 1.8021806269530316e-11
1185	(  -1.0578387524782799645    1.1190202726097000507   -0.24049688665079999028 )	0.042347003318534686 1.0447753773235036e-11
1186	(  -1.0578387522744399085    1.1190222341747000367   -0.24049688663884000173 )	0.04234700330397428 2.0853518911678748e-10
1187	(  -1.0578387526744399416    1.1190223110446999577   -0.24049688666253998814 )	0.0423470033203528 -1.8006529600711474e-10
1188	(  -1.0578387524791799112    1.1190222730646999239   -0.24049688615069000908 )	0.042347003312356676 -2.3100188428770707e-10
1189	(  -1.0578387524696999389    1.1190222721547000706   -0.24049688715069000855 )	0.042347003311967515 2.594717773973798e-10
1190	(  -1.0578387523886700894    1.119023272609700026    -0.24049688654380999009 )	0.042347003308524984 4.859612712238004e-11
1191	(  -1.0578387521313599162    1.1190262726097000012   -0.2404968862231700033  )	0.04234700330961803 1.5168044598112829e-10
1192	(  -1.0578387524804100384    1.1190212726096999685   -0.24049688662113000159 )	0.042347003314515096 -5.9534599472499394e-12
1193	(  -1.0578387522969299184    1.1190252726097000835   -0.24049688646649000634 )	0.04234700331053643 1.0314582521431248e-10
1194	(  -1.0578387525886701059    1.1190242204576998919   -0.24049688659307000282 )	0.042347003318500116 -1.2771006474565638e-10
1195	(  -1.0578387521886700728    1.119022324761699938    -0.24049688649455000511 )	0.04234700330034508 2.2490243001271892e-10
1196	(  -1.0578387524168899603    1.1190230927997000254   -0.24049688604381000423 )	0.04234700330955815 -2.201205884233559e-10
1197	(  -1.0578387523604499965    1.1190234524197000265   -0.2404968870438100037  )	0.04234700330755654 3.173130647127209e-10
1198	(  -1.0578387524886700977    1.1190230886106999897   -0.24049688660845000565 )	0.042347003312510074 -2.031241841393694e-11
1199	(  -1.0578387524250401075    1.1190242726096999437   -0.2404968864326300082  )	0.042347003311914745 -4.125078056915754e-11
1200	(  -1.0578387524093699756    1.1190226414227000262   -0.2404968863438100013  )	0.042347003309211616 -6.83024747871741e-11
1201	(  -1.0578387522886700811    1.1190234566087000623   -0.24049688647917000228 )	0.04234700330460776 1.1750467265869702e-10
1202	(  -1.0578387523523000713    1.1190222726097001082   -0.24049688665498999973 )	0.04234700330713491 1.3844303481391762e-10
1203	(  -1.0578387523679699811    1.1190239037967000257   -0.24049688674381000664 )	0.04234700330863525 1.654949510765391e-10
1204	(  -1.0578387523957799576    1.1190231916051500693   -0.24049688644381000957 )	0.0423470033087518 -6.6131544684822074e-12
1205	(  -1.0578387524171100065    1.1190229485914999774   -0.2404968861438100125  )	0.042347003309511085 -1.7224133230797634e-10
1206	(  -1.0578387523659600333    1.1190221916051499296   -0.24049688644702998941 )	0.042347003307793375 2.4755641980789278e-11
1207	(  -1.0578387522765000384    1.1190191916051499543   -0.24049688645669001219 )	0.04234700331691653 1.1886203132860373e-10
1208	(  -1.0578387523385799351    1.1190225967551499231   -0.24049688624703000062 )	0.04234700330631658 -4.406297549053306e-11
1209	(  -1.0578387522564400847    1.1190238122051499037   -0.24049688564703000648 )	0.04234700330385647 -2.505193830160124e-10
1210	(  -1.0578387520521399523    1.1190206081111500058   -0.240496885747029987   )	0.0423470032993912 1.88005166990024e-12
1211	(  -1.0578387511928200038    1.119014642179150032    -0.24049688424703000167 )	0.04234700332604268 1.3970935519580507e-10
1212	(  -1.0578387513424098998    1.1190214126111499571   -0.24049688474702998753 )	0.04234700326725646 2.3061630383125475e-10
1213	(  -1.0578387527618700048    1.1190198036111500546   -0.24049688674702998648 )	0.04234700333282523 -2.2685631151375674e-10
1214	(  -1.0578387515100899918    1.1190306081111500713   -0.24049688621217998885 )	0.04234700333275539 7.676642654885768e-10
1215	(  -1.0578387525941899128    1.1190106081111499403   -0.24049688528188001291 )	0.042347003466072904 -7.639040511264739e-10
1216	(  -1.057838753052140035     1.1190290153111499549   -0.24049688510493999472 )	0.04234700337392139 -1.306961427971487e-9
1217	(  -1.0578387510521400916    1.1190122009111500567   -0.24049688638912000704 )	0.042347003366151915 1.31072119824438e-9
1218	(  -1.0578387520466099314    1.1190227334031499495   -0.24049688624703000062 )	0.042347003294255954 2.4790691721676694e-10
1219	(  -1.0578387520576699732    1.1190184828191500621   -0.24049688524703000114 )	0.04234700331356029 -2.441469248992689e-10
1220	(  -1.0578387522826400158    1.1190256081111500386   -0.24049688553705000915 )	0.04234700331170282 -3.296189987622711e-10
1221	(  -1.0578387518216401109    1.1190156081111499731   -0.24049688595700999261 )	0.04234700333706985 3.333789910797691e-10
1222	(  -1.0578387515521399109    1.1190225442461501082   -0.24049688565921001349 )	0.04234700327397513 4.596392155775675e-10
1223	(  -1.0578387525521399937    1.1190186719761499035   -0.24049688583484998827 )	0.04234700333231273 -4.55879112237767e-10
1224	(  -1.0578387520190799531    1.1190224121261500567   -0.24049688554702999821 )	0.04234700329328514 -6.125877582974226e-11
1225	(  -1.0578387519198999556    1.1190278241711499874   -0.24049688494703000408 )	0.04234700331402359 -2.5067503628406484e-10
1226	(  -1.0578387516430500792    1.1190236255121499553   -0.24049688504703001235 )	0.042347003278279935 7.427425341433036e-11
1227	(  -1.0578387505149600134    1.1190272656701500953   -0.24049688354702999926 )	0.042347003250955105 4.808736742134556e-10
1228	(  -1.0578387523577899021    1.1190136255121498898   -0.24049688599671001366 )	0.04234700339170343 -1.836752971939859e-10
1229	(  -1.0578387509283100343    1.1190336255121500209   -0.24049688409735001104 )	0.04234700336491689 3.32224137089554e-10
1230	(  -1.0578387518645699927    1.119015712012149999    -0.24049688404703001288 )	0.04234700333734915 -6.282394604539832e-10
1231	(  -1.0578387514215299436    1.1190315390121499117   -0.24049688604703001182 )	0.042347003344472486 7.767881893272488e-10
1232	(  -1.0578387526430499399    1.1190289073121499897   -0.24049688485057998943 )	0.04234700335577017 -1.0202167999295852e-9
1233	(  -1.0578387506430499965    1.119018343712149921    -0.24049688524348000751 )	0.042347003256539804 1.1687656398251534e-9
1234	(  -1.0578387521430498985    1.1190238350481500618   -0.24049688553647000089 )	0.04234700329923576 -1.903079915877015e-10
1235	(  -1.0578387511430500378    1.119023415976150071    -0.24049688455758999606 )	0.04234700325741101 3.3885672046096715e-10
1236	(  -1.057838751996279969     1.1190186255121499226   -0.24049688470759000847 )	0.04234700330981365 -4.4222403516869235e-10
1237	(  -1.0578387519898200253    1.1190286255121499881   -0.24049688467138000125 )	0.042347003325553696 -4.5318104824332295e-10
1238	(  -1.0578387512962799111    1.1190186255121499226   -0.24049688542267999569 )	0.04234700328099147 6.017297771165886e-10
1239	(  -1.0578387512898199674    1.1190286255121499881   -0.24049688538646998848 )	0.04234700329676113 5.907728750642605e-10
1240	(  -1.057838751619019968     1.1190216255121498978   -0.24049688492765999848 )	0.04234700327808665 4.0888181729314965e-11
1241	(  -1.0578387515469300784    1.1190156255121499473   -0.24049688456955001237 )	0.04234700332550445 -5.927058843724353e-11
1242	(  -1.0578387514030100913    1.1190225143881500358   -0.24049688442766001262 )	0.04234700326785485 1.6401213720484975e-11
1243	(  -1.0578387507549800173    1.1190251810161500057   -0.24049688292765999953 )	0.042347003246650305 -5.705946826140007e-11
1244	(  -1.0578387488108900172    1.1190331809001499153   -0.24049687842765998802 )	0.04234700326845533 -2.7744140318475274e-10
1245	(  -1.0578387512106799395    1.1190245595161500969   -0.24049688492765999848 )	0.04234700326285683 4.4922821018644754e-10
1246	(  -1.057838750299280095     1.1190258025161499145   -0.24049688092766000058 )	0.04234700323121867 -5.633469246646428e-10
1247	(  -1.057838750296999919     1.1190051810161500967   -0.24049688296985999303 )	0.04234700353343044 4.212186155427844e-10
1248	(  -1.0578387512129598935    1.1190451810161499147   -0.24049688288546000603 )	0.042347003759792626 -5.353373300209796e-10
1249	(  -1.0578387487549800738    1.1190298600161499021   -0.24049688339790001312 )	0.042347003208359435 2.1691229923348487e-9
1250	(  -1.0578387527549799607    1.1190205020161501093   -0.24049688245742001369 )	0.042347003328806476 -2.2832418178353464e-9
1251	(  -1.0578387504184298962    1.1190240806161499965   -0.24049688192766000006 )	0.042347003228821255 -2.0150303647881174e-10
1252	(  -1.0578387510915299163    1.1190262814161500149   -0.240496883927659999   )	0.042347003266897956 8.738443302291898e-11
1253	(  -1.0578387500486399198    1.1190351810161500712   -0.24049688305534000499 )	0.042347003364784905 7.106939481360541e-10
1254	(  -1.0578387514613198928    1.1190151810161499402   -0.24049688279997999407 )	0.042347003328575474 -8.248126626142493e-10
1255	(  -1.0578387497549799345    1.1190175811161500175   -0.24049688334784000143 )	0.042347003227382364 1.1450446146810123e-9
1256	(  -1.0578387517549801       1.1190327809161499939   -0.24049688250747999763 )	0.04234700338137091 -1.25916344018151e-9
1257	(  -1.0578387506881499203    1.1190301810161500384   -0.240496883287590002   )	0.04234700329248605 1.8289481040767441e-10
1258	(  -1.0578387508218098922    1.1190201810161499729   -0.24049688256772999706 )	0.042347003250817375 -2.970133028412647e-10
1259	(  -1.0578387502549799759    1.1190257547501500923   -0.24049688275513000923 )	0.04234700322911351 3.5995473268712885e-10
1260	(  -1.0578387505378199496    1.1190212914301500557   -0.24049688342766001314 )	0.04234700323449362 4.0059755512800166e-10
1261	(  -1.0578387512549800586    1.119024607282149919    -0.24049688310018998982 )	0.04234700326484788 -4.74073669209929e-10
1262	(  -1.057838750972140085     1.1190290706021499556   -0.24049688242766001367 )	0.04234700328905758 -5.147162696061969e-10
1263	(  -1.0578387507775399712    1.1190231810161499482   -0.24049688308097999512 )	0.0423470032421451 -5.873301844872003e-12
1264	(  -1.0578387508452200549    1.1190171810161499977   -0.24049688354094000964 )	0.04234700327663176 1.4768442024859496e-10
1265	(  -1.0578387506491699899    1.1190246768441500791   -0.24049688258098000926 )	0.04234700324017242 -1.180002762168897e-10
1266	(  -1.0578387509059099525    1.1190216851881500393   -0.24049688358098000873 )	0.042347003248594396 1.0625345048254076e-10
1267	(  -1.0578387506841200327    1.1190281810161499809   -0.24049688325454998683 )	0.04234700326688604 1.7103263250106693e-10
1268	(  -1.0578387508709599096    1.1190181810161499154   -0.2404968829074100034  )	0.0423470032674081 -1.827793472131134e-10
1269	(  -1.0578387502775399298    1.1190219310251499074   -0.24049688317195000442 )	0.04234700322223137 5.378826273272352e-10
1270	(  -1.0578387512775400126    1.1190244310071499889   -0.24049688299001001357 )	0.04234700326517847 -5.496294530615842e-10
1271	(  -1.0578387507208300011    1.119023221196149942    -0.24049688288098000633 )	0.04234700323984159 -4.536215847394942e-11
1272	(  -1.057838750550700091     1.1190233417361499235   -0.24049688228098001219 )	0.04234700323295062 -1.6382850631657675e-10
1273	(  -1.0578387502208299598    1.1190237553091499922   -0.24049688240811001316 )	0.04234700321997632 2.2719037762186645e-10
1274	(  -1.0578387512208300425    1.1190226870831498918   -0.24049688335384999949 )	0.042347003260279674 -3.1791480559206775e-10
1275	(  -1.0578387504603299352    1.1190252211961499995   -0.24049688329760998684 )	0.04234700323471757 4.155342736567036e-10
1276	(  -1.0578387509813300671    1.1190212211961501065   -0.24049688246434999805 )	0.04234700325297003 -5.062585906046024e-10
1277	(  -1.0578387502802999443    1.1190212211961501065   -0.24049688320559001187 )	0.04234700322411315 5.513032252935091e-10
1278	(  -1.057838751161360058     1.1190252211961499995   -0.24049688255637000078 )	0.0423470032635626 -6.420275422414079e-10
1279	(  -1.0578387505208299846    1.1190235980451499476   -0.24049688271496000302 )	0.042347003232053385 7.4783290671121e-11
1280	(  -1.0578387499208299349    1.1190247285921499643   -0.24049688221689999312 )	0.04234700321039678 4.352195270840298e-10
1281	(  -1.057838751020830026     1.1190244793231500786   -0.24049688303464000771 )	0.042347003254772565 -2.714526381453197e-10
1282	(  -1.05783875068559996      1.1190250042221498994   -0.24049688221495998941 )	0.042347003242992835 -3.3048364045384915e-10
1283	(  -1.0578387500208299432    1.1190227167671500386   -0.24049688239527999833 )	0.042347003210883784 4.210192194875617e-10
1284	(  -1.0578387508884499191    1.1190215980451498901   -0.24049688248455999839 )	0.042347003248081584 -4.036575518284735e-10
1285	(  -1.0578387503560600091    1.1190221918681499957   -0.24049688321495998888 )	0.04234700322506668 4.800501107737887e-10
1286	(  -1.0578387501532100501    1.1190255980451500051   -0.24049688294536000766 )	0.042347003224031426 5.532241331707155e-10
1287	(  -1.0578387505568700444    1.1190225980451500298   -0.24049688265944998977 )	0.04234700323298484 1.2043255281923848e-11
1288	(  -1.0578387506649900018    1.1190195980451500546   -0.24049688249292000553 )	0.042347003247780984 -1.7617662884106267e-10
1289	(  -1.057838750216540058     1.119023011725150063    -0.24049688215945000391 )	0.042347003218963904 1.1187628601305732e-10
1290	(  -1.0578387491955500987    1.1190242527651499405   -0.24049688065944999082 )	0.04234700317896189 4.113756002510627e-10
1291	(  -1.0578387504263000451    1.1190280117251500958   -0.24049688215646999878 )	0.04234700325449501 -9.93169990692877e-11
1292	(  -1.0578387500067800708    1.1190180117251500302   -0.24049688216243000904 )	0.04234700323342395 3.230696821177048e-10
1293	(  -1.0578387502194599445    1.119022993776149999    -0.24049688115945000444 )	0.04234700321907759 -3.7203728986412443e-10
1294	(  -1.0578387502136299414    1.119023029674149905    -0.24049688315945000339 )	0.042347003218851306 5.957802029499248e-10
1295	(  -1.0578387512165399187    1.1190219629731499307   -0.24049688216312001265 )	0.042347003260825127 -8.863583200735548e-10
1296	(  -1.0578387492165399753    1.1190240604771499733   -0.24049688215577999517 )	0.042347003179311345 1.1101111141442743e-9
1297	(  -1.0578387504414898945    1.1190250117251498985   -0.24049688224967000205 )	0.042347003232981094 -6.96782631592896e-11
1298	(  -1.057838750701489916     1.1190217781351499138   -0.24049688265944998977 )	0.04234700323997735 -1.325766163517983e-10
1299	(  -1.0578387499915899994    1.1190210117251500055   -0.24049688206923000577 )	0.042347003212942914 2.9343116825231164e-10
1300	(  -1.0578387497315899779    1.1190242453151499902   -0.2404968816594499903  )	0.042347003200999024 3.5632952144482033e-10
1301	(  -1.0578387506619899572    1.1190225709651500097   -0.2404968816594499903  )	0.0423470032373242 -5.740705688594971e-10
1302	(  -1.0578387497710899368    1.1190234524851498943   -0.24049688265944998977 )	0.042347003200993806 7.978233629302167e-10
1303	(  -1.0578387501749799693    1.1190228819511500724   -0.24049688195944998736 )	0.04234700321722092 5.723765905685241e-11
1304	(  -1.0578387500502999252    1.1190224926291501006   -0.24049688135944999323 )	0.04234700321219371 -1.0667866590097219e-10
1305	(  -1.057838750294689989     1.1190208819511500149   -0.24049688155605999929 )	0.04234700322590645 -2.5650037649427304e-10
1306	(  -1.0578387506749800107    1.1190221414191499072   -0.24049688233731000842 )	0.042347003238259406 -2.610140992231891e-10
1307	(  -1.0578387496749799279    1.1190236224831500156   -0.24049688158158999407 )	0.04234700319728234 3.754894173368939e-10
1308	(  -1.0578387500552699496    1.1190248819511499079   -0.2404968823628400032  )	0.04234700321653738 3.7097569460797786e-10
1309	(  -1.0578387506749800107    1.1190247553831500493   -0.2404968815273000049  )	0.04234700324153194 -6.506237770764756e-10
1310	(  -1.0578387496749799279    1.1190210085191500955   -0.24049688239159999759 )	0.04234700319992146 7.650990951901804e-10
1311	(  -1.0578387501521600012    1.1190238819511499901   -0.2404968817809499948  )	0.04234700321740298 -5.799805080641818e-12
1312	(  -1.0578387500837000967    1.1190268819511499654   -0.24049688124544998935 )	0.04234700322995033 -1.9491208647082203e-10
1313	(  -1.0578387498471999439    1.1190218819511499326   -0.2404968813768600111  )	0.04234700320460807 1.04795505606603e-10
1314	(  -1.0578387489323199944    1.1190158819511499821   -0.2404968801645900045  )	0.04234700321419244 4.3658121562373253e-10
1315	(  -1.0578387493738099501    1.1190183718641499855   -0.24049688037686001163 )	0.0423470032040267 9.719181015555023e-11
1316	(  -1.0578387479536399685    1.119007841603149922    -0.24049687737686001321 )	0.04234700335004673 7.438050175778699e-11
1317	(  -1.0578387493633900629    1.1190185702641499699   -0.24049687837686001268 )	0.042347003201872145 -8.543759033585729e-10
1318	(  -1.0578387493842300593    1.1190181734641500011   -0.24049688237686001058 )	0.04234700320626002 1.048759190602766e-9
1319	(  -1.0578387505024600124    1.11900837186414992     -0.24049688033128999165 )	0.04234700343950355 -1.0533771632736944e-9
1320	(  -1.0578387482451601098    1.119028371864150051    -0.24049688042243000385 )	0.04234700316864539 1.2477604505178874e-9
1321	(  -1.0578387513738098935    1.1190240137641500606   -0.24049688038882999219 )	0.042347003267972964 -1.8970507387194857e-9
1322	(  -1.0578387473738100066    1.1190127299641499103   -0.24049688036489000331 )	0.04234700320364706 2.0914342480082837e-9
1323	(  -1.0578387492763901001    1.1190192262511500232   -0.24049687937686001216 )	0.042347003193145404 -2.8638225124666405e-10
1324	(  -1.0578387499767600843    1.1190233718641500182   -0.24049688048900000337 )	0.04234700320936265 -4.518196927705276e-10
1325	(  -1.0578387494712300221    1.1190175174771499478   -0.2404968813768600111  )	0.04234700321636867 4.807654274685547e-10
1326	(  -1.0578387487708600379    1.1190133718641499527   -0.24049688026471999214 )	0.04234700324866524 6.462029800147207e-10
1327	(  -1.0578387503738100328    1.1190154673721499634   -0.24049688018018000601 )	0.042347003279487934 -9.974101544685254e-10
1328	(  -1.0578387483738100894    1.1190212763561500076   -0.24049688057355000925 )	0.04234700314546222 1.1917983266940269e-9
1329	(  -1.0578387492282599336    1.1190184299821499536   -0.24049687987685999802 )	0.04234700319752002 2.2448709557920665e-12
1330	(  -1.0578387487916101062    1.1190186043361500801   -0.24049687837686001268 )	0.042347003178040916 -2.825959466434824e-10
1331	(  -1.0578387490276599525    1.1190204299821500111   -0.24049687915171999442 )	0.042347003175704376 -1.459430354344704e-10
1332	(  -1.0578387484258600093    1.1190264299821499616   -0.24049687697630001137 )	0.0423470031582779 -5.905065325606529e-10
1333	(  -1.0578387470276600091    1.1190155743121499299   -0.24049687719025000798 )	0.04234700314010711 9.106021492399918e-10
1334	(  -1.057838751027659896     1.1190252856521500924   -0.24049688111319000861 )	0.04234700325837459 -1.2024881090866302e-9
1335	(  -1.0578387485183400329    1.1190166916891499671   -0.24049688115171999336 )	0.04234700318656534 1.3253644848276736e-9
1336	(  -1.0578387495369800941    1.1190241682751500552   -0.24049687715171999547 )	0.042347003192777025 -1.6172505556966144e-9
1337	(  -1.0578387470276600091    1.1190240962591500029   -0.24049687973885000569 )	0.04234700308932606 2.1364628954856357e-9
1338	(  -1.057838751027659896     1.1190167637051500193   -0.2404968785645900109  )	0.04234700328902798 -2.428348633287669e-9
1339	(  -1.0578387483883300302    1.1190204051711500899   -0.24049687815171999494 )	0.04234700314950427 1.2393197579285697e-11
1340	(  -1.0578387464703400411    1.1190203307381501041   -0.24049687515171999652 )	0.04234700307091048 4.87401896620554e-10
1341	(  -1.0578387476477100204    1.1190224051711499254   -0.24049687716474998922 )	0.04234700311337177 2.782868380180048e-10
1342	(  -1.0578387491289500399    1.1190184051711500324   -0.24049687913869000067 )	0.042347003193649306 -2.5350033183713094e-10
1343	(  -1.0578387485464000317    1.1190194767391499209   -0.240496876151719996   )	0.042347003161353675 -1.1076641825980005e-9
1344	(  -1.0578387482302600286    1.1190213336031500369   -0.24049688015171999389 )	0.04234700313938008 1.1324507998011768e-9
1345	(  -1.0578387463883300867    1.1190197391231500035   -0.24049687830284000034 )	0.04234700307082187 2.0850809967498662e-9
1346	(  -1.0578387503883299736    1.1190210712191499542   -0.24049687800059998954 )	0.042347003229062645 -2.060294601591295e-9
1347	(  -1.0578387485792499767    1.1190208855581500469   -0.24049687715171999547 )	0.04234700315527645 -6.595204382620068e-10
1348	(  -1.0578387473883299474    1.1190194319281498991   -0.24049687749327000597 )	0.04234700311397612 6.956829556870048e-10
1349	(  -1.0578387481974100837    1.1190199247841499108   -0.24049687915171999442 )	0.04234700314419284 6.843069444428806e-10
1350	(  -1.0578387493883298909    1.1190213784141500586   -0.24049687881017001168 )	0.04234700318691858 -6.70896227461526e-10
1351	(  -1.0578387473883299474    1.1190212781161499311   -0.24049687838014999208 )	0.0423470031048912 1.1222667239962902e-9
1352	(  -1.0578387493883298909    1.1190195322261500266   -0.2404968779232899978  )	0.04234700319564879 -1.097480106793114e-9
1353	(  -1.0578387481958699823    1.1190204266979999481   -0.24049687765172000908 )	0.042347003141477886 -3.5643488160985726e-11
1354	(  -1.0578387476184900606    1.1190204912785499669   -0.240496876151719996   )	0.04234700311740451 -1.7975421151561477e-10
1355	(  -1.0578387471958698995    1.1190199479792299897   -0.24049687667940000679 )	0.04234700310282687 4.966765887459701e-10
1356	(  -1.0578387474733499385    1.119020926698000018    -0.24049687741011999131 )	0.04234700310959503 5.706684014228358e-10
1357	(  -1.057838749195870065     1.1190209054167699065   -0.24049687862404001137 )	0.04234700318058318 -5.679638981348489e-10
1358	(  -1.0578387489183900261    1.1190199266980001003   -0.2404968778933199991  )	0.0423470031738638 -6.419555997894122e-10
1359	(  -1.0578387474843999883    1.1190202904745800705   -0.24049687865172000856 )	0.0423470031128583 1.156820195191699e-9
1360	(  -1.0578387489073399763    1.1190205629214200478   -0.24049687665172000961 )	0.04234700317013375 -1.2281073935582754e-9
1361	(  -1.0578387482030899847    1.1190206266980000649   -0.24049687811736999987 )	0.0423470031408589 1.8111112609631164e-10
1362	(  -1.0578387481886499799    1.1190202266980000534   -0.24049687718606999054 )	0.04234700314217684 -2.52398324462888e-10
1363	(  -1.0578387476958699409    1.1190205551905398895   -0.24049687731454000295 )	0.0423470031202969 3.02174951727352e-10
1364	(  -1.0578387486958700237    1.1190202982054600067   -0.24049687798889998747 )	0.04234700316269242 -3.7346215009392836e-10
1365	(  -1.0578387476958699409    1.1190202818766799009   -0.2404968780482399926  )	0.04234700312160749 6.550801012750185e-10
1366	(  -1.0578387486958700237    1.1190205715193199953   -0.24049687725519999781 )	0.042347003161389604 -7.263671886192924e-10
1367	(  -1.057838748181890054     1.1190205266980000065   -0.2404968776370199901  )	0.042347003140434276 -2.873434823413845e-11
1368	(  -1.0578387481399500469    1.1190208266979999596   -0.24049687759291998868 )	0.042347003137423546 -8.006040275176929e-12
1369	(  -1.0578387480141300259    1.119021726698000041    -0.24049687746062001215 )	0.04234700312947195 5.417843951249779e-11
1370	(  -1.0578387476366699627    1.1190244266980000631   -0.24049687706371999929 )	0.04234700311534294 2.4073210092012687e-10
1371	(  -1.0578387483294300342    1.1190207266979999012   -0.24049687725380000658 )	0.04234700314563166 -3.6060066044285577e-10
1372	(  -1.0578387476988300175    1.1190227266979999587   -0.24049687766743998996 )	0.042347003115314905 4.689575394678513e-10
1373	(  -1.0578387490141301086    1.1190219446889999588   -0.24049687793110999245 )	0.04234700317020467 -7.195188889141946e-10
1374	(  -1.0578387470141299431    1.1190215087069999012   -0.24049687699013000408 )	0.04234700308883242 8.278757679391902e-10
1375	(  -1.0578387484121800632    1.1190220590240000931   -0.24049687646062001267 )	0.042347003145241584 -8.248652871856166e-10
1376	(  -1.0578387476160799885    1.1190213943719999889   -0.24049687846062001162 )	0.04234700311392207 9.332222772329146e-10
1377	(  -1.057838748030170084     1.1190212266979999711   -0.24049687746032000213 )	0.04234700313147231 3.799405234872211e-11
1378	(  -1.0578387479980899677    1.1190222266980001109   -0.24049687746091999441 )	0.04234700312797165 7.036282667627347e-11
1379	(  -1.0578387479957100936    1.1190217264026500743   -0.24049687696061999853 )	0.0423470031287144 -1.6789858392485257e-10
1380	(  -1.0578387480325499581    1.1190217269933500077   -0.240496877960619998   )	0.042347003130229495 2.762553519275457e-10
1381	(  -1.0578387485141300672    1.1190217427445598997   -0.24049687744219000463 )	0.042347003150017874 -4.5468628862010974e-10
1382	(  -1.0578387475141299845    1.1190217106514399603   -0.24049687747904999191 )	0.04234700310892646 5.630431676451053e-10
1383	(  -1.0578387479231399215    1.1190218840102199582   -0.2404968772606199956  )	0.04234700312540849 4.896982819246887e-11
1384	(  -1.0578387476501700526    1.1190223559468799319   -0.24049687666062000146 )	0.04234700311351588 3.334343912086979e-11
1385	(  -1.0578387468312600017    1.119023771756860075    -0.24049687486061999131 )	0.04234700308051724 -1.3535395027020058e-11
1386	(  -1.0578387443745300711    1.1190280191868000603   -0.2404968694606199886  )	0.042347003005634445 -1.5417156440378221e-10
1387	(  -1.0578387370043400573    1.1190407614766200162   -0.24049685326062000823 )	0.04234700299800411 -5.760798504894638e-10
1388	(  -1.0578387406188700659    1.1190330191868000931   -0.24049686793242000538 )	0.042347002928326764 2.866433757020559e-9
1389	(  -1.0578387481301900763    1.1190230191868000276   -0.24049687098881999958 )	0.042347003133101135 -3.1747768858281233e-9
1390	(  -1.0578387431437599187    1.1190286229157999642   -0.24049687446062001372 )	0.04234700296166564 3.481567256713447e-9
1391	(  -1.0578387456053000015    1.1190274154577999344   -0.24049686446061999123 )	0.042347003050338505 -3.7899101634764065e-9
1392	(  -1.0578387393745301015    1.1190240344108000059   -0.24049686871098999164 )	0.042347002774232964 4.485261051456746e-9
1393	(  -1.0578387493745300407    1.1190320039627998927   -0.24049687021025001332 )	0.042347003268624374 -4.79360418026431e-9
1394	(  -1.0578387429131599351    1.1190300191867998958   -0.2404968677541400035  )	0.04234700297037409 4.863923708242623e-10
1395	(  -1.0578387458358999851    1.1190260191868000028   -0.24049687116710000145 )	0.04234700304891951 -7.947353886095243e-10
1396	(  -1.057838742481439942     1.1190260191868000028   -0.24049686873778999829 )	0.04234700291090634 1.391241899462159e-9
1397	(  -1.0578387462676199782    1.1190300191867998958   -0.24049687018345000666 )	0.04234700310833052 -1.699584695202816e-9
1398	(  -1.0578387429261200126    1.1190286673437999099   -0.24049687146061998755 )	0.04234700295323248 2.2562259838210252e-9
1399	(  -1.0578387458229399076    1.1190273710297999887   -0.24049686746061998965 )	0.04234700305888455 -2.564569001606287e-9
1400	(  -1.0578387437501499679    1.1190283345347999955   -0.24049686846061998913 )	0.042347002983336976 -1.078515055041862e-11
1401	(  -1.0578387418770101025    1.119029280578800023    -0.24049686546061999071 )	0.04234700291764801 4.193734248758574e-10
1402	(  -1.0578387417501500245    1.1190276105378000882   -0.24049686712397000399 )	0.04234700289358556 1.346294409287907e-9
1403	(  -1.0578387457501499114    1.1190290585317999028   -0.24049686979727000202 )	0.042347003074124534 -1.3678649324333492e-9
1404	(  -1.0578387424740600675    1.119030334534800053    -0.24049686928669999908 )	0.042347002956964926 1.6626440224598582e-9
1405	(  -1.0578387450262400904    1.119026334534799938    -0.24049686763454000693 )	0.04234700301773068 -1.6842145456053004e-9
1406	(  -1.0578387429072300119    1.1190269706297999441   -0.24049687046061998807 )	0.04234700293544427 1.7941221841510924e-9
1407	(  -1.057838744593069924     1.1190296984398000468   -0.24049686646061999018 )	0.04234700303494046 -1.8156927072965345e-9
1408	(  -1.0578387437652800873    1.1190273345348000777   -0.24049686795801999972 )	0.04234700297390588 -2.676627808284593e-10
1409	(  -1.0578387437350200706    1.1190293345347999132   -0.24049686896322000629 )	0.042347002994768214 2.4609214666071466e-10
1410	(  -1.0578387436862899396    1.1190278309687999858   -0.2404968694606199886  )	0.042347002975397466 5.34068567148438e-10
1411	(  -1.0578387438140099963    1.1190288381008000052   -0.24049686746061998965 )	0.04234700299178338 -5.556390902938801e-10
1412	(  -1.0578387427501501072    1.1190283480748000056   -0.24049686840358000528 )	0.04234700294235351 9.617787677385081e-10
1413	(  -1.0578387447501500507    1.1190283209947999854   -0.24049686851766000073 )	0.04234700302432095 -9.833494019062528e-10
1414	(  -1.0578387433500600068    1.1190284667587100387   -0.24049686796062000327 )	0.04234700296835917 1.4880785492721316e-10
1415	(  -1.0578387441502399291    1.1190282023108899523   -0.24049686896062000274 )	0.04234700299835022 -1.7037837807265532e-10
1416	(  -1.0578387434319800331    1.1190278345347999256   -0.24049686858298999215 )	0.042347002964972166 3.6624392407702544e-10
1417	(  -1.0578387440683199028    1.1190288345348000654   -0.24049686833825001386 )	0.042347003002200484 -3.878144472224676e-10
1418	(  -1.0578387432672800017    1.1190287641753500214   -0.24049686896062000274 )	0.04234700296840942 7.125816603448243e-10
1419	(  -1.0578387442330199342    1.1190279048942499696   -0.24049686796062000327 )	0.042347002998635495 -7.34152072467964e-10
1420	(  -1.0578387436330098925    1.1190282108607501055   -0.24049686826062000033 )	0.04234700297716681 1.0156098184666007e-11
1421	(  -1.0578387432815901104    1.1190278398385999914   -0.2404968676606200062  )	0.04234700295883916 7.297962234531497e-11
1422	(  -1.0578387422273300977    1.1190267267721500932   -0.24049686586061999605 )	0.04234700290550137 2.614509719833791e-10
1423	(  -1.0578387435941500883    1.1190288398385999091   -0.24049686751064999757 )	0.04234700298276123 -3.1171487613335103e-10
1424	(  -1.0578387429690299104    1.1190268398386000737   -0.24049686781058998708 )	0.042347002936914395 4.5767445389088834e-10
1425	(  -1.0578387442815899711    1.1190276530315999004   -0.24049686849915000164 )	0.042347002998129886 -5.236924227602913e-10
1426	(  -1.0578387422815900276    1.1190280266456000824   -0.24049686682209001076 )	0.04234700291961978 6.69652111540131e-10
1427	(  -1.0578387440473899783    1.1190274505085999746   -0.24049686666062000673 )	0.042347002986574504 -1.1738139349404264e-9
1428	(  -1.0578387425157900203    1.1190282291686000082   -0.24049686866062000568 )	0.042347002931409465 1.3197735126979637e-9
1429	(  -1.0578387434263700762    1.1190278999906899671   -0.24049686716061999259 )	0.04234700296540382 -3.1229707708746446e-10
1430	(  -1.0578387437629199752    1.1190283398386000613   -0.24049686786015000983 )	0.04234700298392092 -3.123774572344473e-10
1431	(  -1.0578387437675800253    1.1190273398385999215   -0.24049686774119000132 )	0.042347002974048566 -3.742566256903501e-10
1432	(  -1.0578387428002600235    1.1190273398385999215   -0.24049686746109000257 )	0.04234700293425533 4.5833703499198464e-10
1433	(  -1.0578387431368099225    1.1190277796865100157   -0.24049686816061999206 )	0.04234700295228164 4.5825676586730424e-10
1434	(  -1.0578387427955999733    1.1190283398386000613   -0.24049686758005001108 )	0.04234700294413179 5.20216092425585e-10
1435	(  -1.0578387433102200976    1.1190276398386000967   -0.24049686751558999043 )	0.04234700295804364 -2.5408786186176258e-11
1436	(  -1.0578387433961100594    1.1190270398385999684   -0.24049686708049999861 )	0.04234700295613749 -3.205744558698598e-10
1437	(  -1.0578387432668099333    1.1190271398386000268   -0.24049686746014001248 )	0.04234700295167485 -8.669731599297847e-12
1438	(  -1.0578387431365801064    1.1190256398386000392   -0.24049686729378999539 )	0.04234700293556731 4.154676602752261e-11
1439	(  -1.0578387427458899595    1.1190211398386000763   -0.24049686679473999962 )	0.04234700291423479 1.9219692504179875e-10
1440	(  -1.0578387421365800236    1.1190248638716000507   -0.24049686540246001387 )	0.04234700289062419 1.318289921670157e-10
1441	(  -1.0578387391365799974    1.1190225359706000852   -0.24049685972847001381 )	0.04234700276298095 4.0267533751858764e-10
1442	(  -1.057838744136579967     1.1190248030475999919   -0.24049686537477998893 )	0.04234700297267401 -1.881484967825031e-9
1443	(  -1.0578387421512600586    1.1190298638716000834   -0.24049686104591999625 )	0.04234700293682298 -1.978319508211257e-9
1444	(  -1.0578387401365800802    1.1190249246956001095   -0.24049686543014001106 )	0.04234700280858282 2.14514284113676e-9
1445	(  -1.0578387421043100591    1.1190205079246000608   -0.24049686040245998875 )	0.042347002890327806 -2.2408697120113175e-9
1446	(  -1.0578387421218999886    1.1190198638716000179   -0.24049686975900000374 )	0.042347002894424765 2.241977381522986e-9
1447	(  -1.0578387421688499881    1.1190292198186000405   -0.24049687040246001124 )	0.04234700292886792 2.504527696345349e-9
1448	(  -1.0578387420993600188    1.1190250460855999393   -0.24049686340245998717 )	0.042347002889876424 -7.92938603666471e-10
1449	(  -1.0578387431365801064    1.1190268187556000612   -0.24049686550612001112 )	0.042347002943637746 -8.183114186266494e-10
1450	(  -1.0578387431206399683    1.1190228638715999931   -0.24049686514699000761 )	0.042347002926886645 -9.751104368405095e-10
1451	(  -1.0578387421738000285    1.11902468165759994     -0.24049686740246001282 )	0.04234700289143841 1.0565963659558975e-9
1452	(  -1.0578387411365799409    1.1190229089876000401   -0.24049686529879998886 )	0.042347002845237236 1.0819691809160759e-9
1453	(  -1.057838741152520079     1.1190268638716001082   -0.24049686565792999238 )	0.042347002862378386 1.2387683101522384e-9
1454	(  -1.0578387421543300473    1.1190258638715999684   -0.24049686493555999522 )	0.042347002896473515 -1.1049716697186795e-10
1455	(  -1.057838742636580065     1.1190248963805999871   -0.24049686554812998995 )	0.04234700291133312 -2.9810465207447123e-10
1456	(  -1.0578387421188299999    1.1190238638715999109   -0.24049686586936000476 )	0.04234700288677471 3.7415492926129446e-10
1457	(  -1.0578387422171000587    1.1190243912535999815   -0.24049686440245998664 )	0.042347002892214235 -4.29684732239366e-10
1458	(  -1.0578387416365799822    1.1190248313625998922   -0.24049686525679001003 )	0.04234700286991724 5.617626364085027e-10
1459	(  -1.0578387420560699805    1.1190253364895998978   -0.24049686640246001335 )	0.04234700288948161 6.933327245661758e-10
1460	(  -1.05783874194221994      1.1190244676183900285   -0.24049686490246000026 )	0.04234700288115116 8.569212006648286e-11
1461	(  -1.0578387413591399113    1.1190232788587599622   -0.24049686340245998717 )	0.04234700285461239 -5.271849623511571e-11
1462	(  -1.0578387396099000473    1.1190197125798699851   -0.24049685890246000342 )	0.04234700279191872 -4.679503451399114e-10
1463	(  -1.0578387403591400506    1.1190219313147600211   -0.24049686183930998884 )	0.04234700281398459 1.9541612772400185e-10
1464	(  -1.0578387373591400245    1.1190178886827599758   -0.24049685714985999385 )	0.04234700271382327 9.39820110623657e-10
1465	(  -1.0578387410144900471    1.1190269313147600538   -0.24049686182826998659 )	0.04234700285725233 -4.652440654950851e-10
1466	(  -1.0578387397037900541    1.1190169313147599883   -0.24049686185034999109 )	0.042347002820689116 8.560763209430888e-10
1467	(  -1.0578387423591399941    1.1190202927927599408   -0.24049686177015999755 )	0.042347002901852816 -1.8378445432176704e-9
1468	(  -1.0578387403328599614    1.1190219418067599566   -0.24049685683930999147 )	0.04234700281288476 -2.183272451716789e-9
1469	(  -1.0578387383591401072    1.1190235698367601014   -0.24049686190846000788 )	0.042347002731513636 2.228676798665674e-9
1470	(  -1.0578387403854199178    1.1190219208227600856   -0.24049686683930998621 )	0.04234700281508464 2.5741049292093976e-9
1471	(  -1.0578387397633199907    1.1190223886017600652   -0.24049685983930998989 )	0.04234700278887561 -1.7075119096432445e-10
1472	(  -1.0578387379758600328    1.1190237604627599755   -0.24049685383930999305 )	0.04234700271607185 -1.2692535911185132e-9
1473	(  -1.0578387399470698949    1.1190173886017600324   -0.24049686215721999272 )	0.04234700282554979 7.603989660154298e-10
1474	(  -1.0578387377633200472    1.1190210322217599703   -0.24049685790437999588 )	0.042347002709501126 8.985594490695803e-10
1475	(  -1.0578387395795700865    1.1190273886017600979   -0.24049685752139998707 )	0.0423470028022092 -1.1019014589663811e-9
1476	(  -1.0578387417633199341    1.119023744981759938    -0.24049686177424001166 )	0.04234700287190668 -1.2400620530428341e-9
1477	(  -1.0578387387627699034    1.1190244766887600392   -0.24049686483930998726 )	0.04234700275034807 3.2347674538968363e-9
1478	(  -1.0578387407638700779    1.1190203005147600912   -0.24049685483930999252 )	0.04234700283614104 -3.5762699468477877e-9
1479	(  -1.0578387395885899824    1.1190243886017599007   -0.24049685943388998677 )	0.04234700278404248 -1.910256397508192e-10
1480	(  -1.0578387399380499989    1.1190203886017600077   -0.24049686024472999302 )	0.04234700280171167 -1.504767421778297e-10
1481	(  -1.0578387387633199079    1.1190219857897600875   -0.24049685957611999232 )	0.04234700274820855 7.026560444600705e-10
1482	(  -1.0578387395967598916    1.1190227358147599723   -0.24049686183930998884 )	0.04234700278185582 9.577962867268752e-10
1483	(  -1.0578387407633200734    1.1190227914137600429   -0.24049686010249998747 )	0.042347002829863784 -1.0441585374110218e-9
1484	(  -1.0578387399298800897    1.119022041388759936    -0.24049685783930999095 )	0.04234700279613701 -1.299298890700129e-9
1485	(  -1.0578387392633199493    1.1190221329867600097   -0.24049685886725000183 )	0.04234700276857114 -1.3830603329267888e-10
1486	(  -1.0578387377633200472    1.1190213661417600655   -0.2404968559510700099  )	0.0423470027084353 -4.097033823313723e-11
1487	(  -1.0578387332633198969    1.1190190656067600106   -0.24049684720253000636 )	0.04234700253502613 2.5103719103469757e-10
1488	(  -1.0578387197633198902    1.1190121640017600679   -0.24049682095690999573 )	0.042347002077783656 1.1270601119051094e-9
1489	(  -1.057838734586530105     1.1190290656067600761   -0.24049684471283999665 )	0.042347002615050346 -2.269698207157944e-9
1490	(  -1.0578387319401099109    1.1190090656067599451   -0.24049684969221998831 )	0.04234700265488998 2.7717723671827343e-9
1491	(  -1.0578387331089400547    1.1190166576067599458   -0.24049683720253001162 )	0.04234700255238228 -4.4045198599462765e-9
1492	(  -1.0578387382633200886    1.1190164963067599224   -0.24049684751245001268 )	0.042347002766660015 -4.599893355106133e-9
1493	(  -1.0578387334176999612    1.1190214736067600754   -0.2404968572025300011  )	0.04234700252926381 4.906594130993369e-9
1494	(  -1.0578387282633199273    1.1190216349067600987   -0.24049684689261000003 )	0.04234700231670383 5.101967515130923e-9
1495	(  -1.0578387312633199535    1.1190200258927600618   -0.24049684337091001285 )	0.042347002446466914 4.080520366045448e-10
1496	(  -1.0578387352633200624    1.1190181053207599593   -0.24049685103414999987 )	0.04234700262544596 9.402212342024541e-11
1497	(  -1.0578387338923600502    1.1190240656067600433   -0.24049684640349999754 )	0.04234700254871215 -7.623313091897899e-10
1498	(  -1.0578387326342799657    1.1190140656067599778   -0.24049684800155998743 )	0.04234700257131352 1.26440546921458e-9
1499	(  -1.0578387346507700517    1.1190171756267599523   -0.24049684220253000899 )	0.04234700260979547 -3.541381410343547e-9
1500	(  -1.0578387318758699642    1.1190209555867600688   -0.24049685220253000373 )	0.04234700246742307 4.043455570368337e-9
1501	(  -1.0578387333045000673    1.1190170656067599531   -0.24049684661772000038 )	0.04234700255560193 -7.14328596274072e-11
1502	(  -1.0578387334280399124    1.1190110656067600026   -0.24049684486329001021 )	0.04234700266533343 -1.0388425675245117e-9
1503	(  -1.0578387323044999846    1.1190200063587600887   -0.24049684574489998967 )	0.04234700248943878 5.0874626733588e-10
1504	(  -1.057838734304499928     1.1190141248547600394   -0.24049684749054001109 )	0.042347002639086 -6.51611875568392e-10
1505	(  -1.0578387337806300916    1.1190220656067599858   -0.2404968498262700094  )	0.04234700254299864 9.957293878315454e-10
1506	(  -1.057838732828370043     1.1190120656067599203   -0.24049684340916999137 )	0.04234700261818506 -1.1385952181086623e-9
1507	(  -1.0578387328732699046    1.1190148836557600731   -0.24049685161771999775 )	0.04234700256756221 2.764765749674325e-9
1508	(  -1.057838733735730008     1.119019247557760055    -0.24049684161772000301 )	0.042347002553155495 -2.9076312468845344e-9
1509	(  -1.0578387332175400726    1.1190190656067600106   -0.24049684695893000508 )	0.04234700253314128 1.7964696397143598e-10
1510	(  -1.0578387333914600621    1.1190150656067598955   -0.24049684627650999569 )	0.04234700258606404 -3.2251268322625037e-10
1511	(  -1.057838732804500026     1.1190167292517601005   -0.2404968465503899977  )	0.042347002538971806 3.9618175406985756e-10
1512	(  -1.0578387338045001087    1.1190174019617600276   -0.24049684668505000307 )	0.04234700257245688 -5.390476953692769e-10
1513	(  -1.0578387333020800032    1.119016722715759915    -0.24049684861771999933 )	0.04234700255954255 8.929745831665059e-10
1514	(  -1.0578387333069199094    1.1190174084977599911   -0.24049684461772000144 )	0.04234700255189642 -1.0358400803767154e-9
1515	(  -1.0578387332943000043    1.1190180656067600928   -0.24049684663129999862 )	0.04234700254474178 -5.470091046788639e-11
1516	(  -1.0578387332637000373    1.1190210656067600681   -0.24049684667203999333 )	0.04234700252416184 -4.505285033928885e-12
1517	(  -1.0578387331718999143    1.1190300656067599938   -0.24049684679426000522 )	0.04234700257042673 1.4608181331254855e-10
1518	(  -1.0578387329757599211    1.1190191995327600782   -0.24049684567203999386 )	0.042347002522208264 -1.975588581615284e-10
1519	(  -1.0578387335516499235    1.1190229316807600579   -0.2404968476720399928  )	0.04234700253307575 1.8853851813105393e-10
1520	(  -1.057838733451410107     1.1190260656067601008   -0.2404968460826300003  )	0.04234700253968492 -4.757179095093989e-10
1521	(  -1.0578387330759899676    1.1190160656067600353   -0.24049684726144998637 )	0.042347002558630824 4.667072284192386e-10
1522	(  -1.0578387327636999959    1.1190239953897600511   -0.24049684702924001289 )	0.042347002502091266 6.673056551775858e-10
1523	(  -1.0578387337637000787    1.119018135823760085    -0.24049684631484000152 )	0.04234700256341207 -6.76316336267746e-10
1524	(  -1.0578387332238901042    1.1190230656067599035   -0.2404968466998700094  )	0.0423470025196435 4.86907181240781e-11
1525	(  -1.0578387331044600828    1.1190290656067600761   -0.2404968467833600021  )	0.042347002554092496 2.0827883862040153e-10
1526	(  -1.0578387333801799741    1.1190180656067600928   -0.24049684639239998774 )	0.04234700254827802 -2.5549029558646907e-10
1527	(  -1.0578387337238899235    1.1190225328967600138   -0.24049684704064999696 )	0.04234700254020778 -2.8739610691275175e-10
1528	(  -1.0578387327238900628    1.1190235983167600153   -0.24049684635908999408 )	0.042347002499649025 3.847776541832104e-10
1529	(  -1.0578387330676000122    1.1190280656067599363   -0.24049684700734000331 )	0.042347002541015574 3.5287184285692774e-10
1530	(  -1.0578387336102899052    1.1190273481737600392   -0.24049684619986999579 )	0.042347002556278476 -5.782059275816209e-10
1531	(  -1.0578387328374900811    1.11901878303975999     -0.24049684719986999526 )	0.042347002519675284 6.755875858743821e-10
1532	(  -1.0578387331062000243    1.1190223491717599114   -0.24049684649986999285 )	0.042347002514911476 7.018197134556203e-11
1533	(  -1.0578387327531300066    1.1190201998667599348   -0.24049684589986999872 )	0.04234700250687048 1.3465584203231629e-10
1534	(  -1.0578387336062000657    1.1190206155687600909   -0.24049684683777000638 )	0.04234700254001184 -2.672901899813951e-10
1535	(  -1.0578387326061999829    1.1190240827747599539   -0.24049684616197000708 )	0.0423470024958292 4.076542436948216e-10
1536	(  -1.0578387332954199973    1.119018061205760084    -0.24049684599987000699 )	0.04234700254482947 -3.595348463392156e-10
1537	(  -1.0578387334750098958    1.1190273491717599441   -0.24049684621065001155 )	0.0423470025507225 -4.3774095459525597e-10
1538	(  -1.0578387329169800513    1.1190266371377599608   -0.24049684699987000647 )	0.04234700252177366 4.998987890303397e-10
1539	(  -1.0578387327373899307    1.1190173491717601006   -0.24049684678909000191 )	0.042347002529084854 5.78105119330985e-10
1540	(  -1.0578387332174798985    1.1190203491717600759   -0.24049684653760000641 )	0.04234700252523689 -2.294986423123646e-11
1541	(  -1.0578387333062000408    1.1190237808237599726   -0.24049684666887000128 )	0.04234700252394296 -4.853006885241484e-11
1542	(  -1.057838732994919928     1.1190243491717599689   -0.24049684646214000705 )	0.042347002512587946 1.6331425101157038e-10
1543	(  -1.0578387329062000077    1.1190209175197600722   -0.24049684633087001218 )	0.04234700250997682 1.8889412256584137e-10
1544	(  -1.057838733246379892     1.1190227518077600077   -0.24049684629987000406 )	0.04234700252049179 -1.661966120281022e-10
1545	(  -1.0578387329660199345    1.119021946535760037    -0.2404968466998700094  )	0.042347002509654896 3.0656088778613366e-10
1546	(  -1.0578387330667700095    1.1190221819977599349   -0.24049684639987001233 )	0.04234700251346233 6.151268383547404e-11
1547	(  -1.057838732948479965     1.1190216804757600055   -0.24049684609986998751 )	0.04234700250944986 3.550459926060512e-11
1548	(  -1.0578387325936100538    1.1190201759097599954   -0.24049684519986999631 )	0.04234700250042781 -4.2519765486304095e-11
1549	(  -1.0578387315290000981    1.119015662211759965    -0.24049684249986999496 )	0.042347002500499144 -2.765927487047293e-10
1550	(  -1.0578387326314300232    1.1190301759097600609   -0.24049684517843000764 )	0.04234700254981786 -9.065237449590313e-11
1551	(  -1.0578387325557900844    1.1190101759097599299   -0.24049684522131001274 )	0.04234700265103455 5.612621478690016e-12
1552	(  -1.0578387325566200872    1.1190204043097600195   -0.24049684619986999579 )	0.042347002497765754 4.754638904813646e-10
1553	(  -1.0578387326306100125    1.1190199475097599713   -0.24049684419986999684 )	0.04234700250319467 -5.605134134611944e-10
1554	(  -1.0578387315936099711    1.1190205460097599754   -0.24049684516202998741 )	0.04234700245746789 9.392794320106646e-10
1555	(  -1.0578387335936099145    1.1190198058097600153   -0.24049684523771000522 )	0.0423470025436648 -1.0243188519609703e-9
1556	(  -1.0578387325200500069    1.1190251759097600281   -0.2404968453183499999  )	0.042347002496318405 8.802836237720157e-11
1557	(  -1.0578387326854199468    1.1190191261797599598   -0.24049684569987000993 )	0.042347002510785714 1.0616718615352738e-10
1558	(  -1.0578387325017999387    1.119021225639760031    -0.24049684469987001045 )	0.04234700249227457 -1.912066061038331e-10
1559	(  -1.0578387326671701008    1.1190151759097599626   -0.24049684508138999273 )	0.042347002554540304 -1.7306800437211223e-10
1560	(  -1.0578387320936100124    1.119019267962759967    -0.24049684527261999678 )	0.04234700248540268 4.92472507218622e-10
1561	(  -1.0578387330936100952    1.1190210838567600238   -0.24049684512711999584 )	0.042347002517097825 -5.775122602358351e-10
1562	(  -1.0578387324423399463    1.1190214236777600298   -0.24049684499987000752 )	0.042347002489249046 1.2551515382597245e-11
1563	(  -1.0578387319885300677    1.1190251669817599112   -0.24049684439987001339 )	0.04234700247440548 1.777652469669988e-10
1564	(  -1.0578387324411100412    1.1190264236777600626   -0.24049684501804999281 )	0.04234700250059666 2.2525870058132114e-11
1565	(  -1.0578387324435700734    1.1190164236777599971   -0.24049684498168999447 )	0.04234700252790148 2.576938662457451e-12
1566	(  -1.0578387325103399963    1.1190216071197600645   -0.24049684449986999391 )	0.04234700249158266 -2.959452682915753e-10
1567	(  -1.0578387323743398962    1.1190212402357599952   -0.24049684549986999338 )	0.04234700248698263 3.2104841007907226e-10
1568	(  -1.0578387319423399049    1.1190214360817600792   -0.24049684493192000079 )	0.04234700246863421 4.798680341977501e-10
1569	(  -1.0578387329423399876    1.1190214112737599805   -0.2404968450678199865  )	0.04234700250986424 -4.547648924102532e-10
1570	(  -1.0578387324498899069    1.1190234236777600874   -0.24049684495129000639 )	0.04234700248811905 -1.8365087228744414e-11
1571	(  -1.0578387324725400109    1.1190294236777600378   -0.24049684480555000299 )	0.04234700253272829 -1.1111511710737432e-10
1572	(  -1.0578387322944200477    1.1190184236777600546   -0.24049684471610999204 )	0.04234700250031948 2.398470311248957e-11
1573	(  -1.0578387325473199709    1.1190191785347600728   -0.24049684545128999225 )	0.04234700250471954 1.247016934158296e-10
1574	(  -1.0578387326053599882    1.1190284236777598981   -0.24049684518646999298 )	0.04234700252591204 -6.071498859228086e-11
1575	(  -1.0578387323524600649    1.1190276688207601019   -0.24049684445128999277 )	0.042347002507564534 -1.614322009402258e-10
1576	(  -1.0578387322498898904    1.1190253824767599777   -0.24049684536116999745 )	0.04234700248623329 3.787846702962838e-10
1577	(  -1.0578387326498899235    1.1190214648787599749   -0.24049684454140998757 )	0.04234700249768191 -4.155147337314702e-10
1578	(  -1.0578387323498898986    1.119022548268759909    -0.24049684493344999914 )	0.04234700248364942 7.305400728796485e-11
1579	(  -1.0578387324600100339    1.1190225535247599886   -0.24049684515128999518 )	0.04234700248817928 6.771350147261046e-11
1580	(  -1.0578387324017999305    1.1190254236777599228   -0.24049684504804000329 )	0.042347002492699584 7.626099751689708e-11
1581	(  -1.057838732439770002     1.1190242938307599641   -0.24049684475128998984 )	0.04234700248957324 -1.0444400899700668e-10
1582	(  -1.0578387324979801054    1.1190214236777600298   -0.24049684485454000948 )	0.04234700249153933 -1.1299139401899083e-10
1583	(  -1.0578387325498899152    1.1190242990867600437   -0.24049684496913001364 )	0.042347002494120614 -1.0978418174545368e-10
1584	(  -1.0578387324392299895    1.1190224236777599476   -0.24049684497331000332 )	0.04234700248740069 2.886357819420482e-12
1585	(  -1.0578387324072500153    1.1190194236777599723   -0.24049684503936999413 )	0.042347002497245066 6.664069296391517e-11
1586	(  -1.057838732385419922     1.1190234420287599182   -0.24049684477330998678 )	0.04234700248548968 -3.9502401349977845e-11
1587	(  -1.0578387322239899415    1.1190264970817600521   -0.24049684417330999264 )	0.042347002492203877 -1.6666867885817283e-10
1588	(  -1.0578387324985700779    1.1190254117427600455   -0.24049684527331000039 )	0.04234700249661838 8.784428739971872e-11
1589	(  -1.0578387322722699881    1.1190214723147600129   -0.24049684427331000092 )	0.04234700248211862 -1.6684920112197688e-10
1590	(  -1.0578387322475399923    1.1190284420287599509   -0.24049684477134999905 )	0.04234700251140123 9.743483797564068e-11
1591	(  -1.0578387325233000738    1.1190184420287601075   -0.24049684477527000226 )	0.04234700250958397 -1.7643975169789883e-10
1592	(  -1.0578387321854199055    1.1190200114417601096   -0.24049684519132999427 )	0.042347002484508234 3.6156266869369347e-10
1593	(  -1.0578387325854199386    1.1190268726157599488   -0.24049684435529000703 )	0.04234700251000317 -4.405673603713467e-10
1594	(  -1.0578387322854199137    1.1190233952087600411   -0.24049684465994000671 )	0.042347002481314816 5.9674487573602164e-12
1595	(  -1.057838731985420111     1.1190232547487599657   -0.24049684431983001098 )	0.04234700246881627 1.423764439678621e-10
1596	(  -1.0578387320854198972    1.1190241703007599572   -0.24049684461577000572 )	0.04234700247463362 1.8472190443930003e-10
1597	(  -1.0578387324854199303    1.1190226201167599029   -0.2404968447041100077  )	0.04234700248919885 -1.7278711794688206e-10
1598	(  -1.0578387321990498915    1.1190213952087599836   -0.2404968449105799877  )	0.042347002479312855 2.1289370266686092e-10
1599	(  -1.0578387322672699877    1.1190224710157599119   -0.24049684415993999309 )	0.0423470024802913 -2.1637958091957898e-10
1600	(  -1.057838732371789936     1.1190253952087600986   -0.24049684440929999796 )	0.042347002491315316 -2.0095880515214049e-10
1601	(  -1.0578387323035700618    1.1190243194017599482   -0.24049684515993999256 )	0.04234700248404645 2.2831403434508957e-10
1602	(  -1.0578387322303899332    1.1190223952087599013   -0.24049684459059000874 )	0.04234700247882648 2.7640445487975285e-11
1603	(  -1.0578387320652999914    1.1190193952087599261   -0.24049684438253998708 )	0.042347002483358744 9.265965772442541e-11
1604	(  -1.0578387322140399007    1.1190243952087599588   -0.24049684434863999316 )	0.042347002480600894 -7.238587507174543e-11
1605	(  -1.0578387321566100621    1.1190213670627600084   -0.24049684409058999512 )	0.04234700247764484 -1.3907652807176873e-10
1606	(  -1.0578387322467399656    1.1190203952087600658   -0.24049684483253999656 )	0.042347002485052354 1.2766687706999846e-10
1607	(  -1.0578387323041700263    1.1190234233547600162   -0.2404968450905899946  )	0.04234700248212167 1.9435719700311438e-10
1608	(  -1.0578387324303899497    1.119022240243759958    -0.24049684442604998824 )	0.04234700248720263 -2.515021524374106e-10
1609	(  -1.0578387320303899166    1.1190225501737600666   -0.24049684475513000148 )	0.04234700247049863 3.067831544356636e-10
1610	(  -1.0578387322270599302    1.1190233952087600411   -0.24049684458164000134 )	0.042347002478913036 2.6665558650051935e-11
1611	(  -1.0578387322337199361    1.1190213952087599836   -0.24049684459953998839 )	0.042347002480739956 2.8615332325898635e-11
1612	(  -1.0578387321303899249    1.1190223485277599469   -0.24049684453090999781 )	0.04234700247474905 9.893474928190926e-11
1613	(  -1.0578387323303899414    1.1190224418897600778   -0.24049684465028001168 )	0.04234700248290824 -4.3649084346952804e-11
1614	(  -1.0578387322603899356    1.1190223604507600896   -0.24049684439058999219 )	0.04234700248008944 -9.855827265425887e-11
1615	(  -1.0578387322003899307    1.119022429966759935    -0.24049684479058999753 )	0.042347002477565954 1.5383916363020944e-10
1616	(  -1.0578387322162099426    1.1190228952087599712   -0.24049684457354000844 )	0.04234700247810468 3.3619551587094065e-11
1617	(  -1.0578387321736699711    1.1190243952087599588   -0.24049684452239000754 )	0.04234700247893966 5.155664783984548e-11
1618	(  -1.0578387321162099344    1.1190231052267600731   -0.24049684443798000077 )	0.042347002474080214 6.841605060259326e-11
1619	(  -1.0578387318162099096    1.1190237352807599347   -0.24049684403130000554 )	0.0423470024625372 1.7280554764909084e-10
1620	(  -1.0578387320439399666    1.1190251052267599086   -0.24049684405796001307 )	0.042347002476394786 -4.210121140602041e-11
1621	(  -1.0578387318271300632    1.1190311052267600811   -0.24049684291789999446 )	0.04234700253134579 -3.736531084541639e-10
1622	(  -1.0578387315439399252    1.1190222048217599582   -0.24049684337560001124 )	0.042347002450756795 1.296879270640261e-10
1623	(  -1.0578387300439400232    1.1190135036067601071   -0.24049684132852000573 )	0.04234700247471742 6.450553424741656e-10
1624	(  -1.0578387309757799617    1.1190322048217600237   -0.24049684228604001346 )	0.042347002515853154 1.7377643768412554e-10
1625	(  -1.0578387309040300224    1.119013121321760007    -0.24049684137560001229 )	0.042347002517388765 -1.9238943771426875e-10
1626	(  -1.0578387321121001108    1.1190122048217598927   -0.24049684446516000902 )	0.042347002585708525 8.55993054216242e-11
1627	(  -1.0578387321838500501    1.1190312883217599094   -0.24049684537560001019 )	0.042347002549095604 4.517651808200185e-10
1628	(  -1.057838732543940008     1.1190236735217600206   -0.24049684182896000073 )	0.042347002492371624 -1.614236300184757e-9
1629	(  -1.0578387305439400645    1.1190207361217598958   -0.24049684492223999399 )	0.04234700241344373 1.8736119322682043e-9
1630	(  -1.0578387318173099185    1.1190172048217599254   -0.24049684333283000148 )	0.04234700249278561 -1.6425416582421803e-10
1631	(  -1.057838731539149979     1.1190223924467599392   -0.24049684237560001177 )	0.04234700245037828 -3.4651570501864626e-10
1632	(  -1.0578387320439399666    1.1190249361667599093   -0.24049684338651000637 )	0.04234700247563818 -3.6506442313566367e-10
1633	(  -1.0578387312705699319    1.1190272048217599909   -0.24049684341836999324 )	0.04234700245873955 4.2363001995227023e-10
1634	(  -1.0578387315487300935    1.1190220171967599772   -0.24049684437560001071 )	0.04234700245120575 6.05891448124396e-10
1635	(  -1.0578387310439401059    1.1190194734767600071   -0.24049684336468998835 )	0.042347002440784376 6.244401662414134e-10
1636	(  -1.057838731510859942     1.1190212436297599652   -0.24049684287559999762 )	0.042347002451428487 -7.772893440005646e-11
1637	(  -1.0578387314116199924    1.1190183600537599862   -0.24049684137560001229 )	0.042347002464528584 -6.999794077700017e-10
1638	(  -1.0578387318151900587    1.1190214670557601107   -0.2404968438755999971  )	0.04234700246331797 9.89346382596068e-11
1639	(  -1.0578387312065300474    1.1190210202037600418   -0.24049684187559999815 )	0.04234700243963828 -2.5439272910432464e-10
1640	(  -1.0578387312606301052    1.1190162436297599324   -0.2404968432248900112  )	0.042347002481505455 3.405071780093749e-10
1641	(  -1.0578387317610900009    1.1190262436297599979   -0.2404968425263100118  )	0.04234700247134093 -4.959652688540928e-10
1642	(  -1.0578387310108599006    1.119024754060760074    -0.2404968434528799992  )	0.042347002432377524 6.999392176965102e-10
1643	(  -1.0578387320108599834    1.1190177331987600784   -0.24049684229831999605 )	0.04234700249514056 -8.553970864966232e-10
1644	(  -1.0578387316638999671    1.1190220032237601089   -0.24049684337560001124 )	0.0423470024559677 9.727885164068084e-12
1645	(  -1.0578387321230200424    1.1190242820057600959   -0.24049684487559999657 )	0.042347002476503276 2.720983438564417e-10
1646	(  -1.0578387312793999797    1.1190186096487599876   -0.24049684237560001177 )	0.04234700245693957 -8.676570573129538e-11
1647	(  -1.0578387320483999545    1.1190253967987600081   -0.24049684437560001071 )	0.042347002478017495 1.0622158708173401e-10
1648	(  -1.0578387311638999257    1.1190253398087599557   -0.24049684369168000675 )	0.04234700244132923 6.617604242364905e-10
1649	(  -1.0578387318460200639    1.1190270032237599196   -0.24049684241677998786 )	0.04234700248067008 -6.335785229794055e-10
1650	(  -1.0578387321639000085    1.11901866663876004     -0.24049684305951998797 )	0.04234700249288589 -6.423046539083543e-10
1651	(  -1.0578387314817800924    1.1190170032237600761   -0.24049684433442000686 )	0.04234700248125764 6.530341822852392e-10
1652	(  -1.0578387315734900653    1.1190240032237599443   -0.24049684327924999994 )	0.042347002453131256 5.379408030137256e-11
1653	(  -1.0578387316594399792    1.1190210032237599691   -0.24049684321445000124 )	0.04234700245834208 -6.33242347447549e-11
1654	(  -1.0578387316683599551    1.1190230032237600266   -0.24049684353674999349 )	0.04234700245559329 8.278000507289107e-11
1655	(  -1.0578387316654700445    1.1190228082777600171   -0.24049684317559999469 )	0.04234700245542617 -8.804090789737984e-11
1656	(  -1.0578387315638999588    1.1190220379767599201   -0.2404968433780499959  )	0.042347002451798774 1.1090639517874479e-10
1657	(  -1.0578387317638999754    1.1190219684707600756   -0.24049684337314999882 )	0.042347002460139074 -9.145062485060862e-11
1658	(  -1.0578387316623298897    1.1190211981697599786   -0.24049684357560000003 )	0.04234700245780545 1.0749667822551601e-10
1659	(  -1.0578387316489499259    1.1190225032237599567   -0.24049684338044000076 )	0.042347002454823396 2.7005953029402008e-11
1660	(  -1.0578387316041000243    1.1190240032237599443   -0.24049684339495999708 )	0.042347002454390915 7.883993458079885e-11
1661	(  -1.0578387316605799562    1.1190233632777599748   -0.24049684328043999249 )	0.042347002455561895 -3.272337956161664e-11
1662	(  -1.0578387315489499176    1.1190216757747599718   -0.24049684329764001167 )	0.04234700245185356 8.71797078971781e-11
1663	(  -1.0578387317489499342    1.1190233306727599416   -0.24049684346323998985 )	0.04234700245916187 -3.3167690816071627e-11
1664	(  -1.0578387316373198956    1.1190216431697599386   -0.24049684348044000903 )	0.04234700245556421 8.673539664272312e-11
1665	(  -1.0578387317489499342    1.1190217911267599238   -0.24049684333082999022 )	0.04234700245984385 -9.685607871290358e-11
1666	(  -1.0578387315489499176    1.1190232153207599897   -0.2404968434300500113  )	0.0423470024508177 1.5086809579401006e-10
1667	(  -1.0578387316594199952    1.1190229376180900189   -0.24049684333043999662 )	0.042347002455200664 -7.513767386058134e-12
1668	(  -1.0578387316908299809    1.1190242408010799835   -0.24049684318044001197 )	0.04234700245859656 -1.1107292863243856e-10
1669	(  -1.0578387315594199869    1.1190236932220900545   -0.24049684325452000411 )	0.04234700245189117 5.5969229251218167e-11
1670	(  -1.0578387312594199621    1.1190259600340899393   -0.24049684302675999881 )	0.04234700244881781 2.464181081407446e-10
1671	(  -1.0578387316056900858    1.119021693222089997    -0.24049684326901998865 )	0.04234700245415078 1.6673440406123063e-11
1672	(  -1.0578387317444999383    1.1190156932220900465   -0.2404968433125199978  )	0.042347002508934264 -1.0121303795074255e-10
1673	(  -1.0578387317195800943    1.1190266932220900298   -0.24049684315643998778 )	0.04234700247294761 -1.5136669695436922e-10
1674	(  -1.0578387314918000772    1.1190166932220899643   -0.24049684338159998953 )	0.04234700248534912 1.8471379981122027e-10
1675	(  -1.0578387311056900444    1.1190211504740898985   -0.24049684314952998743 )	0.042347002435045474 4.591995672598159e-10
1676	(  -1.0578387312680499477    1.1190252768540900341   -0.2404968434690200052  )	0.04234700244529641 4.5051240515903146e-10
1677	(  -1.0578387321056899051    1.1190222359700900956   -0.24049684338850998988 )	0.04234700247384294 -4.2585246440296487e-10
1678	(  -1.0578387319433300018    1.1190181095900899599   -0.24049684306901999986 )	0.042347002488700214 -4.1716519127987794e-10
1679	(  -1.0578387315533499535    1.1190214970480900636   -0.24049684316902000814 )	0.04234700245246203 2.0914270315586236e-11
1680	(  -1.0578387313963300009    1.1190209085260900412   -0.24049684286902001107 )	0.04234700244785713 3.363609391016098e-11
1681	(  -1.0578387309252699211    1.1190191429600899742   -0.24049684196901999211 )	0.04234700243819401 7.18018977607926e-11
1682	(  -1.0578387295120899037    1.1190138462620899951   -0.24049683926901999076 )	0.04234700244656913 1.8629897624578007e-10
1683	(  -1.0578387310873600402    1.1190291429600900397   -0.24049684226033998802 )	0.042347002472107036 4.9834802950954327e-11
1684	(  -1.057838730763180024     1.1190091429600899087   -0.24049684167769999621 )	0.04234700260426727 9.376865950372348e-11
1685	(  -1.057838731140410049     1.1190219689600899855   -0.24049684096901999264 )	0.04234700243447529 -6.243319194965125e-10
1686	(  -1.0578387307101300152    1.1190163169600899629   -0.24049684296901999159 )	0.04234700245788014 7.679354929734927e-10
1687	(  -1.0578387329252700866    1.1190181046600899961   -0.24049684204724999792 )	0.04234700252917924 -1.8905701448801437e-9
1688	(  -1.0578387289252699777    1.1190201812600899522   -0.24049684189078998631 )	0.042347002349382525 2.034173718357124e-9
1689	(  -1.0578387313177499696    1.1190241429600900069   -0.24049684199405998997 )	0.0423470024429681 -3.086340072400162e-10
1690	(  -1.0578387311752999178    1.1190189026950900786   -0.24049684146902000625 )	0.0423470024502943 -4.187250546294763e-10
1691	(  -1.0578387305327900947    1.1190141429600899414   -0.24049684194397999426 )	0.04234700248340332 4.522375807169965e-10
1692	(  -1.0578387306752399244    1.1190193832250900918   -0.24049684246902000573 )	0.042347002426209694 5.62328739128759e-10
1693	(  -1.0578387319252700038    1.119017113071089975    -0.24049684210378999283 )	0.04234700249826342 -8.633747050623697e-10
1694	(  -1.0578387299252700604    1.1190211728490899734   -0.2404968418342499914  )	0.04234700238638269 1.0069781675170475e-9
1695	(  -1.0578387310088199769    1.1190211429600900317   -0.24049684192467998822 )	0.0423470024310825 -3.307554230502774e-11
1696	(  -1.0578387312594699221    1.1190271429600899822   -0.24049684179166000431 )	0.04234700245773949 -3.47707196368674e-10
1697	(  -1.0578387309890200374    1.1190261429600900644   -0.24049684165914000933 )	0.042347002438889246 -1.409985461719998e-10
1698	(  -1.0578387310286199163    1.1190161429600899989   -0.24049684219021999487 )	0.04234700247327658 7.484768360654925e-11
1699	(  -1.0578387309758900958    1.1190237950780899112   -0.24049684242468000184 )	0.04234700242807347 2.4035129442268044e-10
1700	(  -1.05783873104175008      1.1190184908420899301   -0.24049684142468000236 )	0.042347002448159726 -3.065023790327359e-10
1701	(  -1.0578387300088198941    1.1190209974710900731   -0.2404968419159299875  )	0.04234700239041593 9.627159069935942e-10
1702	(  -1.0578387320088200596    1.1190212884490899903   -0.24049684193342998895 )	0.042347002471790185 -1.0288667695590448e-9
1703	(  -1.0578387307862100464    1.1190231429600900892   -0.24049684178118999056 )	0.042347002419369485 1.2051670772450507e-10
1704	(  -1.0578387308989500859    1.1190195124350899025   -0.24049684172467999943 )	0.042347002434558856 -1.940425597979356e-11
1705	(  -1.0578387311186900899    1.1190227734850899388   -0.24049684212468000477 )	0.04234700243292187 -4.6746828630261916e-11
1706	(  -1.0578387312314299074    1.1190191429600899742   -0.24049684206817001364 )	0.04234700245079928 -1.8666757028995562e-10
1707	(  -1.0578387305088199355    1.1190207800560900697   -0.24049684199821000363 )	0.04234700241182035 5.022920968045241e-10
1708	(  -1.0578387315088200182    1.1190215058640899937   -0.24049684185115000057 )	0.04234700245060651 -5.684430703922771e-10
1709	(  -1.0578387308936398892    1.1190221429600899494   -0.24049684190942999251 )	0.04234700242406603 7.476952390561564e-11
1710	(  -1.0578387305481000702    1.1190251429600899247   -0.24049684186368000538 )	0.04234700241502247 3.983038343591261e-10
1711	(  -1.0578387310958698997    1.1190218402240899032   -0.24049684210943000906 )	0.04234700243286767 -3.126188197200008e-11
1712	(  -1.0578387306914101007    1.1190224456960899957   -0.24049684170943000372 )	0.0423470024154482 1.8080048569402152e-10
1713	(  -1.0578387310566499391    1.1190201429600898919   -0.24049684185278000226 )	0.042347002437327294 -1.1548895173518758e-10
1714	(  -1.0578387307306300613    1.1190241429600900069   -0.24049684196608001052 )	0.04234700241880753 2.65027555457209e-10
1715	(  -1.0578387313936399305    1.1190229878780899586   -0.24049684184132999465 )	0.0423470024442804 -4.5798631553850555e-10
1716	(  -1.0578387303936400698    1.1190212980420899402   -0.24049684197752999038 )	0.04234700240527586 6.07524919260527e-10
1717	(  -1.0578387309157899487    1.1190231429600900892   -0.24049684190126999206 )	0.04234700242470237 4.869449288236183e-11
1718	(  -1.0578387309822399054    1.1190261429600900644   -0.2404968418767899907  )	0.0423470024386103 -2.9530156098189764e-11
1719	(  -1.0578387308760999197    1.1190235692330900985   -0.24049684180127001154 )	0.04234700242355961 4.028521960464104e-11
1720	(  -1.0578387307570300546    1.1190248480520899044   -0.24049684150126998672 )	0.04234700242231269 1.5056955682268836e-11
1721	(  -1.0578387303998200153    1.1190286845090899881   -0.24049684060126999552 )	0.04234700243820417 -6.062728097333547e-11
1722	(  -1.0578387305176200073    1.1190148480520900609   -0.24049684123573000782 )	0.04234700247109605 1.2674394866962757e-10
1723	(  -1.057838730996440102     1.1190348480520899699   -0.24049684176680999337 )	0.042347002573509054 -9.66300373050899e-11
1724	(  -1.0578387302011400539    1.1190208681520898981   -0.24049684200127000033 )	0.04234700239881017 8.114438010409231e-10
1725	(  -1.0578387313129200553    1.1190288279520899106   -0.24049684100127000086 )	0.04234700247747567 -7.813298896763854e-10
1726	(  -1.0578387317570299153    1.1190204345520899931   -0.24049684169138998979 )	0.04234700246470623 -8.934963879880797e-10
1727	(  -1.0578387297570299719    1.1190292615520900377   -0.2404968413111500114  )	0.04234700241891447 9.236105213972223e-10
1728	(  -1.0578387308213299534    1.1190198480520900937   -0.24049684142107000118 )	0.04234700242928224 -8.781864124784988e-11
1729	(  -1.0578387307137600004    1.119022787340089975    -0.24049684170127000327 )	0.04234700241625624 1.5452572554863764e-10
1730	(  -1.0578387308003001088    1.1190269087640900558   -0.24049684130126999793 )	0.04234700243686145 -1.2441181418409997e-10
1731	(  -1.0578387306927299338    1.1190298480520899371   -0.24049684158147000002 )	0.04234700246534584 1.1793277465699248e-10
1732	(  -1.0578387302570300132    1.1190244451250899171   -0.24049684147732000583 )	0.042347002400233875 5.035372119266412e-10
1733	(  -1.057838731257030096     1.1190252509790898916   -0.24049684152521999536 )	0.042347002444714524 -4.734233005621036e-10
1734	(  -1.057838730614730105     1.1190241928020900897   -0.2404968414012700062  )	0.04234700241417647 1.092574919425715e-10
1735	(  -1.0578387308993300042    1.1190255033020899411   -0.24049684160126999499 )	0.0423470024313068 -7.914358057803383e-11
1736	(  -1.0578387306172400972    1.1190228480520900689   -0.24049684158376000154 )	0.04234700241228837 1.9452406352371554e-10
1737	(  -1.057838730954610007     1.1190228480520900689   -0.2404968414637499996  )	0.042347002426173334 -2.0057000504891676e-10
1738	(  -1.057838730896820012     1.1190268480520899619   -0.24049684141877999966 )	0.04234700244033463 -1.6441026318148033e-10
1739	(  -1.0578387305594600942    1.1190268480520899619   -0.24049684153879000159 )	0.0423470024264558 2.3067381338393034e-10
1740	(  -1.0578387307045000743    1.1190238480520899866   -0.24049684148274000361 )	0.042347002417015424 5.867406560611244e-11
1741	(  -1.0578387305469099111    1.1190208480520900114   -0.24049684142714999879 )	0.042347002413121004 1.8952583946685309e-10
1742	(  -1.0578387308074099771    1.1190239982010901088   -0.24049684158274001189 )	0.042347002421593574 3.863576125695545e-12
1743	(  -1.0578387306910699284    1.1190218480520899291   -0.24049684149369998654 )	0.04234700241619113 7.737588347822566e-11
1744	(  -1.0578387306015899494    1.1190236979030900866   -0.24049684138273999534 )	0.04234700241248225 1.1348488815343671e-10
1745	(  -1.0578387307179299981    1.1190258480520900441   -0.24049684147177999294 )	0.04234700242583949 3.9972469778604136e-11
1746	(  -1.0578387309045000908    1.1190236029340900892   -0.240496841432199987   )	0.04234700242478266 -1.6563528326685173e-10
1747	(  -1.0578387305045000577    1.1190240931700901061   -0.24049684153327999248 )	0.04234700240936877 2.8298352550137906e-10
1748	(  -1.0578387307187899768    1.1190235005520901002   -0.24049684143273999948 )	0.042347002416982096 2.033451185212698e-11
1749	(  -1.0578387307616599067    1.1190224580520899966   -0.24049684128273998707 )	0.042347002418331434 -9.468448247673678e-11
1750	(  -1.0578387307047099064    1.1190215005520900426   -0.2404968414005899946  )	0.042347002417521165 1.8950618851931722e-11
1751	(  -1.0578387306241099353    1.1190242103030900722   -0.2404968413327399912  )	0.04234700241461222 6.691514009560251e-11
1752	(  -1.0578387308134700184    1.1190227908010899061   -0.24049684153274000775 )	0.04234700242036004 -2.624611639134855e-11
1753	(  -1.0578387307328700473    1.1190255005520899356   -0.24049684146489000436 )	0.04234700242444281 2.1718404852322237e-11
1754	(  -1.0578387309187899934    1.1190236474170900394   -0.24049684138800000999 )	0.04234700242544587 -2.011850686045591e-10
1755	(  -1.0578387305187899603    1.1190233536870899389   -0.24049684147747998897 )	0.0423470024085612 2.418542033311155e-10
1756	(  -1.0578387307193899414    1.1190225005520899604   -0.24049684143103999823 )	0.04234700241656612 1.8916868071983117e-11
1757	(  -1.057838730721190057     1.1190195005520899851   -0.24049684142593999447 )	0.04234700242731816 1.4663714686946605e-11
1758	(  -1.0578387307046599464    1.1190230566290899628   -0.24049684138103999409 )	0.042347002415958075 9.597211914069703e-12
1759	(  -1.0578387306604699614    1.1190247248600899699   -0.24049684123104000943 )	0.0423470024178451 -1.8361978604275464e-11
1760	(  -1.0578387305644700866    1.1190280566290899955   -0.24049684129452000847 )	0.04234700243795596 1.0817147177988318e-10
1761	(  -1.0578387308448500281    1.11901805662908993     -0.24049684146756000747 )	0.04234700244396615 -8.89772699963487e-11
1762	(  -1.0578387305549699082    1.1190247595750899556   -0.24049684148104000236 )	0.04234700241364016 2.073865523755103e-10
1763	(  -1.0578387308543499845    1.1190213536830899699   -0.24049684128104001357 )	0.042347002424078205 -1.8819212854737088e-10
1764	(  -1.0578387305126499829    1.11901805662908993     -0.24049684134324000873 )	0.04234700243028723 1.834256080357477e-10
1765	(  -1.0578387308966699099    1.1190280566290899955   -0.24049684141884000721 )	0.042347002451620805 -1.6423129522991076e-10
1766	(  -1.0578387306805498991    1.1190210566290899052   -0.24049684133161000621 )	0.042347002417859825 9.931722111389263e-12
1767	(  -1.0578387307287699937    1.1190250566290900203   -0.24049684143047000973 )	0.04234700242205596 9.262590694447681e-12
1768	(  -1.0578387306496299658    1.1190213445960899286   -0.24049684143103999823 )	0.04234700241567737 8.867684364588513e-11
1769	(  -1.0578387306046599381    1.1190239071030900764   -0.24049684137172999687 )	0.042347002413036405 1.0511913561828123e-10
1770	(  -1.0578387307596899269    1.119024768662089997    -0.24049684133103998995 )	0.04234700242210012 -6.948241981774572e-11
1771	(  -1.0578387308046599546    1.1190222061550900712   -0.24049684139034999131 )	0.042347002420327066 -8.592482281244429e-11
1772	(  -1.057838730706520014     1.1190230060780899102   -0.24049684136103999244 )	0.04234700241600925 -1.8827162051593405e-12
1773	(  -1.0578387306988399352    1.1190229668202000823   -0.24049684137103999326 )	0.04234700241567697 1.060729282187367e-11
1774	(  -1.0578387306813799018    1.119022697393529997    -0.24049684134103999078 )	0.04234700241493036 1.363742452298311e-11
1775	(  -1.0578387306290000236    1.119021889113519963    -0.24049684125104001109 )	0.04234700241356146 2.2727930648613892e-11
1776	(  -1.0578387304718599449    1.1190194642734900832   -0.24049684098103998875 )	0.042347002417292334 4.999967107011116e-11
1777	(  -1.0578387305258600826    1.1190268891135199958   -0.24049684117789998927 )	0.042347002425409286 9.06880126549936e-11
1778	(  -1.0578387305266701013    1.119024226944520084    -0.24049684135103999161 )	0.0423470024106504 1.7315715528098963e-10
1779	(  -1.0578387307313299459    1.1190195512825200641   -0.24049684115104000282 )	0.04234700242740545 -1.277014050060643e-10
1780	(  -1.0578387307321399646    1.1190168891135199303   -0.24049684132418000515 )	0.042347002451717984 -4.523226238006828e-11
1781	(  -1.0578387308290000401    1.1190252048475199942   -0.24049684127119999588 )	0.042347002426876855 -1.6757528698008173e-10
1782	(  -1.057838730429000007     1.1190185733795199319   -0.24049684123087999854 )	0.04234700242222865 2.130311482773095e-10
1783	(  -1.0578387305904199955    1.1190219513965200537   -0.24049684120104000695 )	0.0423470024118664 3.7258307550303016e-11
1784	(  -1.0578387304746799114    1.1190221382455201038   -0.24049684105103999454 )	0.04234700240682789 8.084932723306792e-11
1785	(  -1.0578387306808900714    1.1190239513965198892   -0.24049684121685999116 )	0.04234700241627525 -4.5602410736478305e-11
1786	(  -1.0578387304999499197    1.1190199513965199962   -0.24049684118521999499 )	0.04234700241545601 1.2011902583708434e-10
1787	(  -1.0578387307904200121    1.1190207768385200815   -0.24049684128634998825 )	0.04234700242342537 -1.2170819907453279e-10
1788	(  -1.057838730390419979     1.119023125954520026    -0.2404968411157299979  )	0.04234700240306857 1.9622470315283636e-10
1789	(  -1.0578387307399099715    1.1190215915485199893   -0.24049684110103999868 )	0.04234700241874545 -1.6033108174440258e-10
1790	(  -1.0578387304409300196    1.1190223112445198961   -0.24049684130103998747 )	0.04234700240524677 2.3484758582270615e-10
1791	(  -1.0578387306323000505    1.1190222045535200834   -0.24049684115104000282 )	0.04234700241323472 -2.8671509610944668e-11
1792	(  -1.0578387305667900087    1.1190229513965199715   -0.24049684120875000626 )	0.04234700241023679 6.45966613532778e-11
1793	(  -1.0578387306140499824    1.119020951396519914    -0.24049684119333000765 )	0.04234700241549619 9.919842725025774e-12
1794	(  -1.0578387306904200038    1.1190221166285199139   -0.24049684122407000153 )	0.04234700241573585 -5.1664450495536585e-11
1795	(  -1.0578387305485399406    1.119021698239520024    -0.24049684125104001109 )	0.042347002410626146 1.0318801368924824e-10
1796	(  -1.0578387304904199873    1.1190217861645199715   -0.24049684117801001237 )	0.0423470024080514 1.2618095457384015e-10
1797	(  -1.0578387306028000925    1.1190224513965199016   -0.24049684121164999206 )	0.04234700241179738 2.998146175769989e-11
1798	(  -1.0578387306399399392    1.1190239513965198892   -0.24049684124348000291 )	0.04234700241459006 8.15170153600775e-12
1799	(  -1.0578387305695700071    1.1190223229965199359   -0.24049684116164998793 )	0.04234700241053055 3.916189594832531e-11
1800	(  -1.0578387304698799731    1.1190219377965200387   -0.24049684101165000327 )	0.042347002406927646 6.670286545329418e-11
1801	(  -1.0578387301708100932    1.1190207821965199031   -0.24049684056164999379 )	0.04234700239789755 1.4932566294589833e-10
1802	(  -1.0578387308898999919    1.1190248531085200678   -0.24049684121164999206 )	0.04234700242780095 -2.571183266297794e-10
1803	(  -1.0578387307649899096    1.119026261499519892    -0.24049684081164998672 )	0.04234700243048336 -3.2460589771687864e-10
1804	(  -1.0578387300498599544    1.1190190224845200095   -0.24049684081164998672 )	0.04234700240304206 3.9052416855867023e-10
1805	(  -1.0578387301747700366    1.1190176140935199633   -0.24049684121164999206 )	0.04234700242074995 4.5801151760116454e-10
1806	(  -1.0578387309698800145    1.1190169984155200478   -0.2404968409588399969  )	0.04234700246023254 -4.5869841258650013e-10
1807	(  -1.0578387299698799318    1.1190268771775200296   -0.24049684106446000964 )	0.042347002402438626 5.92104254515391e-10
1808	(  -1.0578387304483201081    1.1190213901955199383   -0.240496840911649995   )	0.04234700240726207 4.016342813883966e-11
1809	(  -1.057838730383640069     1.1190197473925200811   -0.24049684061164999793 )	0.04234700241186319 -3.945466175991896e-11
1810	(  -1.0578387303719201107    1.119026390195519971    -0.2404968408940399982  )	0.04234700241522446 1.0809309003434464e-10
1811	(  -1.057838730733630106     1.1190222664175200062   -0.24049684111165001155 )	0.042347002417338006 -1.4894796507292085e-10
1812	(  -1.0578387305247201056    1.1190163901955199055   -0.24049684092925999179 )	0.042347002449302944 -2.7766233756665315e-11
1813	(  -1.0578387301630101103    1.1190205139735200923   -0.24049684071165000621 )	0.0423470023987196 2.2927459930599525e-10
1814	(  -1.0578387309483199274    1.1190218951565200634   -0.24049684079399000214 )	0.0423470024266941 -5.164302319116132e-10
1815	(  -1.0578387299483200668    1.1190208852345200352   -0.24049684102930998786 )	0.04234700238833789 5.967570881892925e-10
1816	(  -1.0578387303497500671    1.1190233901955199958   -0.24049684085222000629 )	0.04234700240164774 1.1014800183062334e-10
1817	(  -1.0578387305468899271    1.1190193901955201028   -0.24049684097108001146 )	0.04234700242087808 -2.9821034530641555e-11
1818	(  -1.0578387306483199026    1.1190230264895200119   -0.24049684096639001307 )	0.042347002413623616 -1.3350676120182925e-10
1819	(  -1.0578387305956400422    1.119020927700520085    -0.24049684081164998672 )	0.042347002414825585 -1.5525603025423607e-10
1820	(  -1.0578387302483200916    1.1190197539015200867   -0.24049684085691000468 )	0.042347002406252686 2.138338395241135e-10
1821	(  -1.057838730300999952     1.1190218526905200136   -0.24049684101165000327 )	0.04234700240012697 2.355828865319154e-10
1822	(  -1.057838730449329967     1.119022390195520078    -0.24049684091355000293 )	0.042347002405524754 4.006739384720959e-11
1823	(  -1.0578387304523599877    1.1190253901955200533   -0.24049684091924999896 )	0.04234700241231279 3.9779068927714434e-11
1824	(  -1.0578387304383201073    1.1190224688425201016   -0.24049684086354999879 )	0.04234700240501654 2.7027602378382198e-11
1825	(  -1.0578387304052900841    1.1190227047835199503   -0.24049684071354998638 )	0.04234700240356616 -1.209143896119258e-11
1826	(  -1.0578387303062000147    1.1190234126065199405   -0.24049684026355000466 )	0.04234700239988336 -1.2944845195761445e-10
1827	(  -1.057838730300969976     1.1190277047835199831   -0.24049684078485999983 )	0.04234700242352723 1.2652834335824537e-10
1828	(  -1.0578387305096099702    1.1190177047835199176   -0.24049684064224000068 )	0.04234700243360948 -1.507109992360256e-10
1829	(  -1.057838730214899936     1.1190205247305200498   -0.24049684091355000293 )	0.042347002400807084 2.744974247903542e-10
1830	(  -1.0578387305956800102    1.1190248848365200729   -0.24049684051354999759 )	0.042347002415826965 -2.986801916904369e-10
1831	(  -1.0578387299052900428    1.1190223894635200619   -0.24049684063189000205 )	0.04234700238313351 4.486306881545943e-10
1832	(  -1.0578387309052899035    1.1190230201035200608   -0.24049684079520999846 )	0.042347002424196305 -4.728133440323745e-10
1833	(  -1.0578387303762599725    1.1190230263425200441   -0.24049684061355000586 )	0.04234700240242672 -3.116062963215427e-11
1834	(  -1.0578387302891700816    1.1190239910195201034   -0.24049684031355000879 )	0.04234700240024969 -8.836886777885411e-11
1835	(  -1.0578387302105800583    1.1190269049385199729   -0.24049684081354999465 )	0.0423470024125692 2.3071788923800796e-10
1836	(  -1.0578387305419401088    1.1190191477465198933   -0.24049684041354998931 )	0.042347002422376705 -2.9303959259152634e-10
1837	(  -1.0578387298878100253    1.1190273854545200738   -0.24049684041354998931 )	0.04234700240348724 3.610904908413204e-10
1838	(  -1.0578387308647099196    1.1190186672305200144   -0.24049684081354999465 )	0.04234700243938794 -4.2341197215023385e-10
1839	(  -1.0578387298762599311    1.1190190560015200738   -0.24049684067047000235 )	0.042347002395643846 4.962175115252876e-10
1840	(  -1.0578387308762600139    1.1190269966835200144   -0.24049684055663000937 )	0.042347002440720025 -5.585389928342011e-10
1841	(  -1.0578387303319600754    1.1190230972655199615   -0.24049684051354999759 )	0.04234700240064358 -3.4960256911631404e-11
1842	(  -1.0578387301990599401    1.1190233100345199357   -0.24049684021355000052 )	0.04234700239535466 -4.6358028527038186e-11
1843	(  -1.0578387298003599781    1.1190239483415200805   -0.24049683931355000932 )	0.04234700238003267 -8.055245359628316e-11
1844	(  -1.0578387286042600923    1.1190258632625200708   -0.24049683661355000797 )	0.0423470023389688 -1.8313550675941315e-10
1845	(  -1.0578387250159599908    1.1190316080255200415   -0.2404968285135500039  )	0.04234700225989664 -4.908842221595933e-10
1846	(  -1.057838726081050007     1.1190458632625199797   -0.24049683495387000343 )	0.04234700275886923 1.5417789267502258e-9
1847	(  -1.0578387311274699556    1.1190058632625199397   -0.24049683827323001251 )	0.042347002719495486 -1.908049718224447e-9
1848	(  -1.0578387236042599007    1.1190085165625200947   -0.2404968357394199896  )	0.04234700232667454 4.396413677554278e-9
1849	(  -1.057838724581110057     1.1190343390625199227   -0.24049683861355000691 )	0.042347002297763565 4.802001907222575e-9
1850	(  -1.0578387336042600619    1.1190432099625200468   -0.24049683748767999858 )	0.042347002952345295 -4.7626844690285e-9
1851	(  -1.0578387326274099056    1.1190173874625199968   -0.24049683461355000902 )	0.04234700252414112 -5.168272698696796e-9
1852	(  -1.0578387286139498968    1.1190158632625200053   -0.24049683710016001026 )	0.04234700237761734 4.1231018599319214e-11
1853	(  -1.0578387275208200879    1.1190209709625200674   -0.24049683561355000849 )	0.04234700228809401 4.193108082972685e-10
1854	(  -1.0578387285945700658    1.1190358632625199142   -0.24049683612694000567 )	0.04234700250032107 -4.075018100735406e-10
1855	(  -1.0578387296877000967    1.1190307555625200742   -0.24049683761355000744 )	0.04234700243766793 -7.855818218160948e-10
1856	(  -1.0578387266042599268    1.1190279532625200254   -0.24049683705301999614 )	0.04234700227397303 2.028246903762465e-9
1857	(  -1.0578387306042600358    1.1190237732625198941   -0.24049683617407999203 )	0.04234700241273616 -2.3945176952366864e-9
1858	(  -1.0578387279597800674    1.1190278813435199368   -0.24049683611354999435 )	0.04234700232899242 2.2084767348218293e-10
1859	(  -1.0578387278484200351    1.119020863262520038    -0.24049683665530000032 )	0.04234700230197948 5.927860424748133e-10
1860	(  -1.0578387292487398952    1.1190238451815199827   -0.24049683711354999383 )	0.042347002357101496 -5.871185759787068e-10
1861	(  -1.0578387293600999275    1.1190308632625201035   -0.24049683657179998786 )	0.04234700242592613 -9.590568339490346e-10
1862	(  -1.0578387276042600096    1.1190300527605199221   -0.24049683710489000443 )	0.04234700234126508 1.0531959748760755e-9
1863	(  -1.057838729604259953     1.1190216737645199974   -0.2404968361222100115  )	0.04234700237181175 -1.4194667663502969e-9
1864	(  -1.0578387285199200019    1.1190238632625200133   -0.24049683666422999595 )	0.04234700232714792 -7.441869342983409e-11
1865	(  -1.0578387282668999525    1.1190178632625200628   -0.24049683681626998766 )	0.0423470023396767 2.517316355366006e-10
1866	(  -1.0578387281664500819    1.1190244765395200854   -0.24049683616423001009 )	0.042347002314313015 3.8554381909250424e-11
1867	(  -1.0578387271060400998    1.11902631637052008     -0.240496834664229997   )	0.042347002280332634 3.774738299711089e-10
1868	(  -1.0578387283266699193    1.1190144765395200199   -0.24049683623641998631 )	0.042347002386878156 -8.694245323681571e-11
1869	(  -1.0578387280062300224    1.1190344765395199289   -0.24049683609204000612 )	0.042347002441761414 1.6405155012222394e-10
1870	(  -1.0578387283106800432    1.1190238124395199826   -0.24049683516423001062 )	0.04234700231842921 -5.866691576983385e-10
1871	(  -1.0578387280222198985    1.1190251406395199663   -0.24049683716423000956 )	0.04234700231107967 6.637782545837467e-10
1872	(  -1.0578387301664500253    1.1190253256395199521   -0.24049683623070000626 )	0.04234700240021585 -1.9294739139752437e-9
1873	(  -1.0578387261664499164    1.1190236274395199967   -0.24049683609775998616 )	0.04234700222983778 2.0065828998383495e-9
1874	(  -1.057838728574449938     1.1190232595585198894   -0.24049683666422999595 )	0.04234700232844323 -1.289486295519282e-10
1875	(  -1.0578387277584500037    1.1190256935205200595   -0.24049683566422999648 )	0.042347002303149084 2.0605761541503398e-10
1876	(  -1.0578387284685599745    1.1190194765395200527   -0.24049683598089999226 )	0.04234700233473379 -3.5173597368043374e-10
1877	(  -1.0578387278643399672    1.1190294765395198961   -0.24049683634756000017 )	0.042347002343905 4.28845070565842e-10
1878	(  -1.0578387291664499426    1.119026550040520096    -0.24049683601069998806 )	0.04234700236681031 -1.0352925183809703e-9
1879	(  -1.0578387271664499991    1.1190224030385200749   -0.24049683631776000436 )	0.042347002270397005 1.112401504244076e-9
1880	(  -1.0578387282871799524    1.1190224765395200279   -0.24049683624276999017 )	0.042347002316475105 -4.439826284396986e-11
1881	(  -1.0578387280457199893    1.1190264765395199209   -0.24049683608569000226 )	0.042347002320152975 1.2150724870707563e-10
1882	(  -1.0578387284463199869    1.1190239614025199177   -0.24049683596422999354 )	0.04234700232434226 -3.375142387795904e-10
1883	(  -1.0578387278865799548    1.1190249916765200311   -0.24049683636422999888 )	0.042347002304815695 4.146232246426962e-10
1884	(  -1.0578387286664499012    1.1190253143645199074   -0.24049683625459999936 )	0.042347002338439486 -4.179780965785085e-10
1885	(  -1.0578387276664500405    1.1190236387145200414   -0.24049683607385999307 )	0.042347002291586895 4.950870824416143e-10
1886	(  -1.0578387282316799034    1.1190254765395200032   -0.24049683608124000633 )	0.04234700232140037 -6.659317541846121e-11
1887	(  -1.0578387281012200383    1.1190234765395199457   -0.24049683624722001385 )	0.04234700230922509 1.4370216128156699e-10
1888	(  -1.057838728345620094     1.119025014256519901    -0.24049683626422999061 )	0.04234700232380462 -9.251621690964384e-11
1889	(  -1.0578387279872800697    1.1190239388225200479   -0.24049683606423000182 )	0.042347002305398874 1.6962509175044715e-10
1890	(  -1.0578387283664500984    1.1190237369615199103   -0.24049683611441999287 )	0.04234700232057341 -1.8540391444332727e-10
1891	(  -1.0578387279664500653    1.1190252161175200385   -0.24049683621403999956 )	0.042347002309147834 2.625126782618281e-10
1892	(  -1.0578387281457599656    1.1190239765395200155   -0.2404968361373399921  )	0.04234700231200985 4.631062200388669e-11
1893	(  -1.0578387280836900608    1.1190224765395200279   -0.24049683605666999364 )	0.04234700230809985 6.957878717628319e-11
1894	(  -1.0578387278974799024    1.1190179765395200651   -0.24049683581465999826 )	0.042347002323365114 1.3938361576038005e-10
1895	(  -1.0578387280617700394    1.1190224632075200795   -0.24049683585667000485 )	0.042347002307205804 -4.700018152448138e-12
1896	(  -1.0578387279960099754    1.119022423211520012    -0.24049683525667001072 )	0.042347002304525726 -2.2753621209403718e-10
1897	(  -1.0578387279018399703    1.119023452286519893    -0.24049683535666999123 )	0.04234700230098637 -8.52666826034465e-11
1898	(  -1.0578387282217001086    1.1190214741285200439   -0.24049683635666999071 )	0.04234700231538312 7.586675732085268e-11
1899	(  -1.057838727796180045     1.119020463207520022    -0.24049683569434998631 )	0.04234700230151789 1.8281509639450633e-10
1900	(  -1.0578387283273600339    1.1190244632075199149   -0.24049683601898999563 )	0.042347002320889206 -1.922151326994026e-10
1901	(  -1.0578387275617699981    1.119023199643520039    -0.24049683610763999964 )	0.04234700228671203 6.160150167744405e-10
1902	(  -1.0578387285617700808    1.1190217267715198979   -0.24049683560570001006 )	0.04234700232878737 -6.254150530793368e-10
1903	(  -1.0578387280218199962    1.1190227708965199138   -0.2404968356566699883  )	0.042347002305464634 -6.0948579516662e-11
1904	(  -1.0578387279657299747    1.1190214632075199397   -0.24049683581431999246 )	0.042347002304875314 7.097000764844097e-11
1905	(  -1.0578387281017200827    1.1190221555185200231   -0.24049683605666999364 )	0.0423470023091364 5.1548765256370643e-11
1906	(  -1.0578387281578101042    1.1190234632075199972   -0.24049683589901998948 )	0.042347002311535445 -8.036993293103478e-11
1907	(  -1.0578387278617700229    1.1190228743255199451   -0.2404968359219200047  )	0.04234700229888753 2.266848930787546e-10
1908	(  -1.057838728261770056     1.1190220520895199918   -0.240496835791420005   )	0.04234700231586282 -2.360849293836509e-10
1909	(  -1.0578387279617700312    1.1190221660558299366   -0.24049683579639000164 )	0.04234700230336322 6.630573867738576e-11
1910	(  -1.0578387280514200963    1.1190220431340400786   -0.24049683595667001312 )	0.042347002307217864 5.3749338313480166e-11
1911	(  -1.0578387280721199826    1.1190228832810000803   -0.24049683575666999658 )	0.04234700230754662 -6.314926359607398e-11
1912	(  -1.0578387281617700477    1.1190227603592100003   -0.24049683591695000806 )	0.04234700231122473 -7.570566395997957e-11
1913	(  -1.0578387279617700312    1.1190229457852600703   -0.24049683592741000204 )	0.042347002303022546 1.2932555026878845e-10
1914	(  -1.0578387281617700477    1.1190219806297800886   -0.24049683578593000766 )	0.042347002311855224 -1.3872547555138226e-10
1915	(  -1.0578387280117700353    1.1190224256310499218   -0.24049683583945999366 )	0.0423470023051727 3.7022163112965245e-11
1916	(  -1.0578387278617700229    1.1190223129016398929   -0.24049683578782998783 )	0.042347002299090254 1.6218848486460047e-10
1917	(  -1.0578387280403600545    1.1190219256310500739   -0.24049683575524999357 )	0.042347002306948316 -3.207234477997645e-11
1918	(  -1.0578387281117700436    1.1190222952932900036   -0.24049683590435999569 )	0.0423470023093965 -3.1761482333081403e-11
1919	(  -1.057838727911770027     1.1190225559688100621   -0.24049683577455999162 )	0.04234700230098298 1.0580569753670943e-10
1920	(  -1.0578387279831800161    1.1190229256310499917   -0.24049683592366999374 )	0.04234700230389717 1.0611667100590694e-10
1921	(  -1.0578387280962899819    1.1190229256310499917   -0.24049683574940000641 )	0.042347002308552366 -9.081602136973288e-11
1922	(  -1.0578387279272500887    1.1190219256310500739   -0.24049683592952000866 )	0.04234700230229268 1.6486034759566337e-10
1923	(  -1.0578387280067100829    1.1190224187173098969   -0.24049683578945998952 )	0.042347002304969315 1.8032353388264255e-11
1924	(  -1.0578387279915300034    1.1190223979760900441   -0.24049683563946000486 )	0.04234700230435971 -3.8936631696628865e-11
1925	(  -1.0578387279227499107    1.1190224028595900929   -0.240496835689460009   )	0.04234700230152518 5.3893223217471586e-11
1926	(  -1.0578387276708700604    1.1190223552864300149   -0.24049683538946001193 )	0.04234700229119578 1.6147494452667388e-10
1927	(  -1.0578387279917700337    1.1190222028595899761   -0.24049683561329998627 )	0.04234700230455457 -5.17594855864445e-11
1928	(  -1.0578387279686098932    1.1190224948429499108   -0.24049683548945999245 )	0.042347002303352824 -8.816547492074278e-11
1929	(  -1.0578387281227499273    1.119022446731829934    -0.24049683575548999603 )	0.04234700230972614 -1.1434675428745322e-10
1930	(  -1.0578387278537300098    1.1190226028595899876   -0.24049683576562000398 )	0.04234700229857592 1.5954559895448028e-10
1931	(  -1.0578387278768899282    1.119022310876230053    -0.24049683588945999779 )	0.04234700229971443 1.9595192135568595e-10
1932	(  -1.0578387277227498942    1.1190223589873500298   -0.24049683562342999421 )	0.04234700229332799 2.221332007223964e-10
1933	(  -1.0578387278992000819    1.1190223678111499428   -0.24049683558946000073 )	0.042347002300583164 2.934363863005274e-11
1934	(  -1.0578387278285499296    1.1190222626658299365   -0.24049683528946000366 )	0.0423470022977718 -4.430433797608657e-11
1935	(  -1.0578387276165999165    1.1190219472298699177   -0.24049683438946001246 )	0.04234700228947004 -2.652484898391094e-10
1936	(  -1.0578387277691099211    1.1190227626658300064   -0.24049683531988000351 )	0.04234700229506402 2.976752178085462e-11
1937	(  -1.0578387275907898957    1.119024262665829994    -0.24049683541114000307 )	0.04234700228994215 2.519831010516782e-10
1938	(  -1.0578387278093699386    1.1190237626658299241   -0.24049683532394999785 )	0.042347002297698215 -8.534728479503428e-12
1939	(  -1.0578387277288499035    1.1190217626658300887   -0.24049683531581000917 )	0.042347002294429475 6.80699940858176e-11
1940	(  -1.0578387281906500572    1.1190227538378298977   -0.2404968348198799899  )	0.042347002312413576 -6.322693479887675e-10
1941	(  -1.057838727347570007     1.1190227714938298931   -0.24049683581987998937 )	0.042347002277714665 6.918042805281743e-10
1942	(  -1.0578387287691100038    1.1190227189738299884   -0.24049683553084000298 )	0.04234700233622394 -8.687621733116657e-10
1943	(  -1.0578387267691100604    1.1190228063578300244   -0.24049683510892000404 )	0.04234700225390832 9.2829699482877e-10
1944	(  -1.0578387277278500367    1.1190222626658299365   -0.24049683522358999976 )	0.042347002293627097 2.4712565327433822e-11
1945	(  -1.0578387276040699394    1.1190207626658299489   -0.24049683493471998852 )	0.0423470022923153 9.548029034078809e-12
1946	(  -1.0578387272327300916    1.119016262665829986    -0.2404968340681100103  )	0.042347002315370516 -3.5946134957498543e-11
1947	(  -1.0578387270679199261    1.1190227626658300064   -0.24049683427508000699 )	0.04234700226620527 2.2841539770723784e-10
1948	(  -1.0578387281402199527    1.1190187626658298914   -0.2404968355943599978  )	0.04234700232643443 -2.0931922861677776e-10
1949	(  -1.0578387277401000155    1.1190195892568299829   -0.24049683393471998905 )	0.04234700230401193 -6.074756253582336e-10
1950	(  -1.0578387274680400854    1.1190219360748299149   -0.24049683593471998799 )	0.04234700228337381 6.265715724040888e-10
1951	(  -1.0578387266040700787    1.1190198601728300609   -0.24049683506343999539 )	0.042347002255590446 1.0714613640772086e-9
1952	(  -1.0578387286040700221    1.1190216651588300589   -0.2404968348060000094  )	0.04234700233066153 -1.052365528053656e-9
1953	(  -1.0578387276502501102    1.1190217626658300887   -0.24049683518279998951 )	0.04234700229119422 8.269274154315553e-11
1954	(  -1.0578387275578899906    1.1190197626658300312   -0.24049683468663998753 )	0.042347002295436 -6.359690551960284e-11
1955	(  -1.057838727104069898     1.1190210580558299647   -0.24049683473012001267 )	0.04234700227063251 4.111367912784658e-10
1956	(  -1.0578387281040699808    1.1190204672758299331   -0.24049683513931999213 )	0.042347002314173855 -3.9204062218800573e-10
1957	(  -1.0578387278745700062    1.1190212088618300967   -0.24049683443472000266 )	0.042347002301854536 -5.014488824173213e-10
1958	(  -1.0578387273335700947    1.1190203164698300231   -0.24049683543472000213 )	0.04234700228317324 5.20544718440874e-10
1959	(  -1.0578387275164999881    1.1190202626658301011   -0.24049683475631999929 )	0.04234700229097122 1.1308731728831845e-11
1960	(  -1.0578387272537899122    1.1190187626658298914   -0.24049683422112000386 )	0.042347002289936785 1.6590950835393414e-11
1961	(  -1.0578387264656599065    1.1190142626658299285   -0.24049683261551998981 )	0.04234700231381343 3.243749713277566e-11
1962	(  -1.0578387262537900515    1.1190196646768300059   -0.24049683344000999385 )	0.04234700224234598 6.408819031022972e-10
1963	(  -1.0578387282537899949    1.1190178606548299989   -0.24049683500223001387 )	0.04234700233916248 -6.077001124538128e-10
1964	(  -1.057838727023600045     1.1190207626658299489   -0.24049683509320998742 )	0.0423470022684201 6.662506102372845e-10
1965	(  -1.0578387274839800014    1.1190167626658300559   -0.24049683334902999254 )	0.042347002319457365 -6.330689306111026e-10
1966	(  -1.0578387282537899949    1.1190205540068300927   -0.24049683345803998802 )	0.04234700231994454 -1.3504457552215854e-9
1967	(  -1.0578387262537900515    1.1190169713248299121   -0.24049683498419999195 )	0.04234700226633168 1.3836274348477673e-9
1968	(  -1.0578387269597400167    1.1190178850558301082   -0.24049683372111999025 )	0.04234700228563754 7.014400171811985e-11
1969	(  -1.0578387275478400298    1.1190196402758298966   -0.24049683472111998972 )	0.042347002295774226 -3.696243311424041e-11
1970	(  -1.0578387269481199784    1.1190197626658300312   -0.2404968339620799922  )	0.042347002270332064 1.976643293488678e-10
1971	(  -1.0578387275594600681    1.1190177626658299737   -0.24049683448015998777 )	0.04234700231154409 -1.644826497226859e-10
1972	(  -1.0578387277537899536    1.1190189734818301037   -0.24049683383455999763 )	0.04234700230887682 -6.693419152270508e-10
1973	(  -1.0578387267537900929    1.1190185518498299011   -0.24049683460768001009 )	0.04234700227108474 7.025237058755351e-10
1974	(  -1.0578387271272799985    1.1190192259429099231   -0.24049683402111998731 )	0.042347002281227085 4.6902148831406976e-11
1975	(  -1.0578387267477500355    1.1190206157741500181   -0.24049683342111999318 )	0.0423470022576765 1.3783585384175012e-10
1976	(  -1.0578387256091599244    1.1190247852678700813   -0.24049683162112001078 )	0.042347002210231036 4.106374129619894e-10
1977	(  -1.0578387274685199237    1.1190226157741500757   -0.24049683425498999401 )	0.04234700228271741 -1.818478700954529e-10
1978	(  -1.0578387260269799253    1.1190186157741499606   -0.24049683258724999235 )	0.04234700224062339 4.5751979982355806e-10
1979	(  -1.057838727713430016     1.1190186157741499606   -0.24049683378565001046 )	0.042347002310061894 -6.525073814600546e-10
1980	(  -1.0578387257820700551    1.1190226157741500757   -0.24049683305659000365 )	0.04234700221330746 9.281793111881598e-10
1981	(  -1.0578387274583600508    1.119021259145150049    -0.24049683242111999371 )	0.04234700228456713 -1.0537677397337575e-9
1982	(  -1.0578387260371400203    1.1190199724031499873   -0.24049683442111999265 )	0.04234700223160985 1.3294395584395602e-9
1983	(  -1.0578387267581599307    1.1190216157741499359   -0.24049683343281000325 )	0.042347002254792904 1.3304879420417137e-10
1984	(  -1.0578387267893900603    1.1190246157741499111   -0.24049683346788000571 )	0.04234700225814166 1.1868717120222527e-10
1985	(  -1.057838726883080005     1.1190336157741500589   -0.24049683357309001308 )	0.04234700237618317 7.56025242409919e-11
1986	(  -1.0578387268999001058    1.1190296157741499439   -0.24049683339888000555 )	0.042347002306125495 -2.5011548387965377e-11
1987	(  -1.0578387266788800147    1.1190196157741501004   -0.24049683353688000587 )	0.04234700226015317 2.6238577977011346e-10
1988	(  -1.0578387272893901017    1.1190238604431499425   -0.24049683372131999692 )	0.042347002276502795 -2.5940982695260573e-10
1989	(  -1.0578387270245499518    1.1190234060431500929   -0.24049683296787999209 )	0.04234700226482172 -3.5696956501851673e-10
1990	(  -1.0578387262893900189    1.1190253711051501018   -0.24049683321443998674 )	0.04234700224092477 4.967841693570563e-10
1991	(  -1.0578387265542299467    1.1190258255051499514   -0.24049683396787999157 )	0.04234700225439092 5.943441294675722e-10
1992	(  -1.0578387268282800626    1.1190226157741500757   -0.24049683343340000352 )	0.04234700225636676 6.321243528617515e-11
1993	(  -1.0578387269449500696    1.1190166157741499031   -0.24049683332995999696 )	0.042347002299046005 -1.0321143939506783e-10
1994	(  -1.057838726568139931     1.1190216792281499902   -0.24049683293339998991 )	0.04234700224682875 8.285572228317051e-11
1995	(  -1.0578387257877199801    1.119018869590149956    -0.24049683143340000457 )	0.04234700222872772 1.417852502072492e-10
1996	(  -1.0578387234464599054    1.1190104406761500755   -0.24049682693339999306 )	0.042347002269042144 3.1857383397948524e-10
1997	(  -1.0578387252094099136    1.1190388695901500871   -0.24049682968321001164 )	0.0423470024489583 -1.2173506647172871e-10
1998	(  -1.0578387273944600544    1.1190388695901500871   -0.24049683318796000187 )	0.042347002538739076 -6.210225667047098e-10
1999	(  -1.0578387263660300466    1.1189988695901500471   -0.24049683318358999751 )	0.04234700280859502 4.0530545586392464e-10
2000	(  -1.0578387241809799058    1.1189988695901500471   -0.24049682967884000728 )	0.042347002718444444 9.045930671192082e-10
2001	(  -1.0578387277877199235    1.1190137410901499493   -0.24049683018649001265 )	0.04234700237742343 -2.457970493807693e-9
2002	(  -1.0578387237877200366    1.1190239980901499628   -0.2404968326803099965  )	0.042347002132721884 2.7415409942221913e-9
2003	(  -1.0578387256671200056    1.1190288695901500216   -0.24049683153486001164 )	0.04234700224576361 3.111868540628393e-10
2004	(  -1.0578387259083199545    1.1190088695901498905   -0.24049683133193999751 )	0.04234700241170204 -2.761635364834092e-11
2005	(  -1.0578387259552100019    1.1190200860901500235   -0.2404968304334000051  )	0.042347002227613686 -5.066984609669589e-10
2006	(  -1.0578387256202299582    1.1190176530901501106   -0.24049683243340000405 )	0.042347002232799774 7.902689613814573e-10
2007	(  -1.0578387267877200628    1.1190198929901500335   -0.24049683161334001191 )	0.04234700226296112 -7.716649541578136e-10
2008	(  -1.0578387247877198973    1.1190178461901501006   -0.24049683125345999724 )	0.042347002196580365 1.0552353435500095e-9
2009	(  -1.0578387253921399669    1.119022563834149997    -0.24049683093339999096 )	0.04234700219727754 2.968684187365511e-10
2010	(  -1.0578387261832999933    1.1190151753461499151   -0.24049683193339999043 )	0.042347002287485155 -1.32980293443552e-11
2011	(  -1.0578387262877200214    1.1190235138331499076   -0.24049683138096000778 )	0.042347002234646706 -3.8343817010400016e-10
2012	(  -1.0578387260765700351    1.1190151952881499664   -0.24049683093339999096 )	0.042347002282786525 -3.875617604620629e-10
2013	(  -1.0578387254988699251    1.1190225438921499457   -0.24049683193339999043 )	0.0423470022016789 6.711321498542588e-10
2014	(  -1.0578387252877199387    1.1190142253471500045   -0.24049683148584000136 )	0.04234700226592707 6.670085594961961e-10
2015	(  -1.0578387257803298915    1.1190186101301500265   -0.24049683123339998803 )	0.04234700223051465 5.297662308834106e-11
2016	(  -1.05783872575816007      1.119017831750150016    -0.24049683063339999389 )	0.04234700223668316 -2.134497023575932e-10
2017	(  -1.0578387257642400954    1.1190236101301500593   -0.24049683148362999141 )	0.04234700221325619 1.8942547530542697e-10
2018	(  -1.0578387259803299081    1.1190188321581500119   -0.24049683126939999656 )	0.04234700223695152 -1.2970757801156196e-10
2019	(  -1.0578387257902499563    1.1190211324161500883   -0.24049683073340000217 )	0.04234700221630137 -1.9744028634249844e-10
2020	(  -1.057838725580330097     1.1190183881021500412   -0.24049683119740000725 )	0.042347002224176 2.3566060214363915e-10
2021	(  -1.0578387257964199097    1.1190136101301499938   -0.2404968309831700124  )	0.04234700229777377 -8.347256219565224e-11
2022	(  -1.0578387257704100488    1.1190160878441499648   -0.24049683173340000164 )	0.04234700225745158 3.0339331047457563e-10
2023	(  -1.0578387258225900869    1.1190206101301500841   -0.2404968312253299989  )	0.04234700221961579 6.834754984197389e-12
2024	(  -1.0578387259493700068    1.1190266101301500345   -0.24049683120112000378 )	0.04234700223491497 -1.3159007217211638e-10
2025	(  -1.0578387256387300486    1.1190204927111500055   -0.24049683102533001011 )	0.0423470022125679 9.449607762945789e-11
2026	(  -1.0578387258191299658    1.1190256101301498948   -0.24049683122380999256 )	0.04234700222287624 9.563794201028486e-12
2027	(  -1.0578387260064499031    1.1190207275491499406   -0.2404968314253299877  )	0.04234700222669107 -8.082623459415572e-11
2028	(  -1.0578387258260499859    1.1190156101301500513   -0.24049683122685000525 )	0.04234700226635551 4.106048834273679e-12
2029	(  -1.0578387256225900703    1.1190205585831500823   -0.24049683140923999725 )	0.04234700221160788 2.9529434453223757e-10
2030	(  -1.0578387260225901034    1.1190206616771500858   -0.24049683104142000056 )	0.04234700222762894 -2.8162472354154033e-10
2031	(  -1.0578387257532999577    1.1190226101301499195   -0.24049683113969999582 )	0.04234700221212512 3.4937386317324126e-11
2032	(  -1.0578387255454300142    1.1190286101301500921   -0.24049683088280998655 )	0.04234700223766013 1.192448362274945e-10
2033	(  -1.0578387256304699893    1.1190203702741499114   -0.24049683093970000702 )	0.042347002212800376 6.156863907591514e-11
2034	(  -1.0578387258761299261    1.1190248499861499276   -0.24049683133970001236 )	0.042347002221481446 8.306244581035571e-12
2035	(  -1.0578387257936099353    1.1190276101301499523   -0.24049683102534999413 )	0.042347002237187584 -6.037415012372094e-11
2036	(  -1.0578387257129899801    1.1190176101301501088   -0.24049683125404999751 )	0.04234700223706094 1.3024903378067165e-10
2037	(  -1.0578387259532999742    1.1190204102161500632   -0.24049683105628999469 )	0.04234700222590018 -2.051823155824195e-10
2038	(  -1.0578387255532999411    1.1190248100441499979   -0.24049683122310999694 )	0.042347002208033016 2.7505708821706776e-10
2039	(  -1.0578387256975501085    1.119023516874150026    -0.24049683103969998754 )	0.04234700221036362 4.258793318001608e-11
2040	(  -1.0578387255302998948    1.1190262371061499014   -0.24049683073969999048 )	0.042347002214947846 6.554001785730179e-11
2041	(  -1.0578387257441899116    1.1190226378601499935   -0.24049683083969999875 )	0.04234700221174209 -1.0025069663299746e-10
2042	(  -1.057838725693639903     1.1190185168741499933   -0.24049683107395000703 )	0.04234700222772971 6.297218302364627e-11
2043	(  -1.057838725897549903     1.119023615777150038    -0.24049683108565000911 )	0.04234700221875184 -1.3531020748303035e-10
2044	(  -1.057838725701460092     1.1190285168741500588   -0.24049683100544999581 )	0.04234700224299732 2.2203905380990818e-11
2045	(  -1.0578387256509100833    1.1190243958881500586   -0.24049683123970000409 )	0.04234700221053081 1.8542667401533208e-10
2046	(  -1.057838725497550092     1.119023417971150014    -0.24049683099374999373 )	0.04234700220199478 2.2048629588766744e-10
2047	(  -1.0578387256110599601    1.1190227536281500686   -0.24049683093970000702 )	0.042347002206245765 8.097866821543676e-11
2048	(  -1.0578387257840400348    1.1190242801201499834   -0.24049683113969999582 )	0.04234700221564599 4.197309166897867e-12
2049	(  -1.0578387257845200953    1.1190215168741499685   -0.24049683100263999358 )	0.042347002214954306 -6.220779447119185e-11
2050	(  -1.0578387257692900558    1.1190255058901499297   -0.24049683093970000702 )	0.0423470022202443 -7.725131645486272e-11
2051	(  -1.0578387256258099391    1.1190215278581499003   -0.24049683113969999582 )	0.04234700220839409 1.624274048594998e-10
2052	(  -1.0578387256105798997    1.1190255168741500835   -0.24049683107676000926 )	0.04234700221377436 1.4738377185352647e-10
2053	(  -1.0578387257166699253    1.1190234514811499      -0.24049683098970001116 )	0.042347002211057014 -5.81534820298657e-13
2054	(  -1.057838725774030042     1.1190232553021499662   -0.24049683083969999875 )	0.0423470022131886 -1.3009082699966257e-10
2055	(  -1.0578387256408299244    1.1190237909481499656   -0.24049683088970000289 )	0.04234700220851418 2.7159052784497817e-11
2056	(  -1.0578387254133099216    1.1190248093491499404   -0.24049683058970000582 )	0.042347002202269855 1.103809266211897e-10
2057	(  -1.0578387256862800125    1.1190217909481499081   -0.24049683076631001022 )	0.04234700221029902 -7.764078269190122e-11
2058	(  -1.0578387254408299079    1.119024121668150018    -0.24049683076243000279 )	0.042347002201068996 1.6594303708927782e-10
2059	(  -1.0578387258408299409    1.1190234602281499132   -0.24049683101697000298 )	0.042347002216178674 -1.1162493152028219e-10
2060	(  -1.0578387255953800583    1.1190257909481500231   -0.24049683101308999555 )	0.04234700221473012 1.3195866621629193e-10
2061	(  -1.0578387257942700739    1.1190253735561499493   -0.24049683068969998634 )	0.042347002220565456 -2.2247981235068437e-10
2062	(  -1.057838725487389997     1.119022208340149982    -0.24049683108969999168 )	0.04234700220147016 2.767976958750751e-10
2063	(  -1.0578387255769901021    1.1190227909481500479   -0.24049683079390998808 )	0.04234700220484376 4.4924508557642184e-11
2064	(  -1.057838725385469969     1.1190197909481500727   -0.24049683050653999916 )	0.04234700220582932 9.82214309885876e-11
2065	(  -1.0578387255308598913    1.1190241331751500375   -0.24049683059390999929 )	0.04234700220480506 -5.1441073622982e-12
2066	(  -1.0578387253924699252    1.1190281598561500065   -0.24049682999391000515 )	0.04234700222631103 -1.5535017716672428e-10
2067	(  -1.0578387253459200501    1.1190242829241499045   -0.24049683009391001343 )	0.042347002197625654 -6.070099978217058e-11
2068	(  -1.0578387247911000824    1.1190247321711499495   -0.24049682859391000034 )	0.042347002176357895 -2.273714549971828e-10
2069	(  -1.0578387253813499314    1.119024563053149901    -0.2404968310939100129  )	0.042347002200010316 3.8486280828919917e-10
2070	(  -1.0578387248703100543    1.1190292829241499373   -0.24049683005474001285 )	0.04234700221820501 3.9606840029904333e-10
2071	(  -1.0578387253104899468    1.119024002795149908    -0.2404968290939099862  )	0.04234700219539785 -5.062645858089354e-10
2072	(  -1.0578387258215300459    1.1190192829241500938   -0.24049683013307998625 )	0.04234700222706643 -5.17470510885687e-10
2073	(  -1.0578387243459199674    1.1190219169831499002   -0.24049683015584999435 )	0.04234700215489849 9.69091806801714e-10
2074	(  -1.0578387263459199108    1.1190266488651499088   -0.24049683003197000475 )	0.04234700225152815 -1.0904936953437527e-9
2075	(  -1.0578387251118499535    1.1190244819521499853   -0.24049682959390999981 )	0.04234700218863608 -6.712785882712069e-11
2076	(  -1.0578387244096401076    1.1190250790361500055   -0.24049682809390998672 )	0.0423470021621451 -8.640843596197101e-11
2077	(  -1.057838722303009904     1.1190268702881500662   -0.24049682359391000297 )	0.04234700208697155 -1.4424972327731211e-10
2078	(  -1.0578387159831199593    1.1190322440441500262   -0.2404968100939099962  )	0.04234700190014581 -3.1777380726794036e-10
2079	(  -1.0578386970234499032    1.1190483653121499064   -0.24049676959391000364 )	0.042347001687922145 -8.383436167491709e-10
2080	(  -1.0578387125914399114    1.1190522440441499352   -0.24049681212834000954 )	0.042347002540778986 4.052454150027529e-9
2081	(  -1.0578387193748000072    1.1190122440441498952   -0.24049680805948001061 )	0.04234700206008677 -4.688001542518805e-9
2082	(  -1.0578387133309099521    1.1190263760441498953   -0.24049682009390999093 )	0.0423470017140301 7.14437253801492e-9
2083	(  -1.0578387186353299665    1.1190381120441499352   -0.24049680009391000146 )	0.04234700215499671 -7.779919819483894e-9
2084	(  -1.0578387059831200201    1.1190268611441500646   -0.24049680665202999297 )	0.042347001415506735 8.026703857133555e-9
2085	(  -1.0578387259831198985    1.1190376269441499879   -0.24049681353578999943 )	0.04234700244228146 -8.662251360647133e-9
2086	(  -1.0578387134257198898    1.1190222440441499607   -0.24049680848964000157 )	0.04234700170498579 1.467982735370299e-9
2087	(  -1.0578387185405200288    1.1190422440441500918   -0.24049681169817999082 )	0.04234700229508943 -2.1035302388838772e-9
2088	(  -1.0578387145337200259    1.1190305181441499993   -0.24049681509390999357 )	0.04234700181074468 3.5365943507059683e-9
2089	(  -1.0578387174325198927    1.1190339699441500532   -0.24049680509390999883 )	0.04234700199548323 -4.172141743197244e-9
2090	(  -1.0578387109831199897    1.1190379717441500951   -0.24049680913877000132 )	0.04234700183625979 4.2228099905727845e-9
2091	(  -1.0578387209831199289    1.1190265163441499574   -0.24049681104904999107 )	0.04234700202988746 -4.858357494086363e-9
2092	(  -1.0578387161531399574    1.1190323526901500006   -0.24049681209390999514 )	0.042347001909211354 4.74193462274286e-10
2093	(  -1.0578387148915799898    1.119037244044150059    -0.24049681014324000849 )	0.0423470019752386 7.97493626691903e-10
2094	(  -1.0578387158130999612    1.1190321353981500518   -0.24049680809390999725 )	0.04234700189110368 -1.1097409657878643e-9
2095	(  -1.0578387170746599288    1.1190272440441499935   -0.24049681004458001166 )	0.04234700187509919 -1.4330412412277838e-9
2096	(  -1.0578387139831200159    1.1190295032341499581   -0.2404968102877499958  )	0.04234700177335343 1.7754619996424026e-9
2097	(  -1.0578387179831199028    1.1190349848541500943   -0.24049680990006999659 )	0.042347002041915896 -2.4110093921336784e-9
2098	(  -1.0578387158941700008    1.1190342440441500838   -0.24049681037560999286 )	0.04234700193846928 -9.332778994064483e-11
2099	(  -1.0578387156273199032    1.1190402440441500342   -0.2404968112207100106  )	0.04234700210144874 5.800099289743343e-10
2100	(  -1.0578387159760300751    1.119029244044150051    -0.24049681028284000672 )	0.04234700185188412 -2.1980972597646087e-10
2101	(  -1.0578387162216100759    1.1190142440441499527   -0.2404968100045299928  )	0.04234700189214947 -5.992550899946991e-10
2102	(  -1.0578387159171800391    1.1190192440441499855   -0.24049681053383001328 )	0.04234700181956065 -4.023514854623045e-11
2103	(  -1.0578387157406299313    1.118989244044150011    -0.24049681128680000519 )	0.04234700292256033 4.984888057890657e-10
2104	(  -1.0578387158277500202    1.1190392440441498945   -0.24049680904268000425 )	0.04234700207569228 -6.680387354407458e-10
2105	(  -1.0578387160066100581    1.1189992440441500765   -0.24049681202497999455 )	0.04234700236344415 5.875685493705873e-10
2106	(  -1.0578387165949298954    1.1190264208441500493   -0.24049681553383001065 )	0.04234700184864338 1.6869832197841106e-9
2107	(  -1.0578387152394299608    1.1190120672441499217   -0.24049680553382998816 )	0.04234700189344967 -1.7674530727873616e-9
2108	(  -1.0578387149171799564    1.119021280044149913    -0.24049681373990999811 )	0.04234700176827122 2.501869045268279e-9
2109	(  -1.0578387169171798998    1.1190172080441500579   -0.24049680732775000069 )	0.04234700187915792 -2.5823390092938325e-9
2110	(  -1.0578387154171799978    1.1190244191441500732   -0.24049680933826000917 )	0.042347001789491565 -1.1529666110732251e-10
2111	(  -1.0578387139171800957    1.1190399444441498922   -0.24049680575154999684 )	0.04234700202079563 -3.404814208352036e-10
2112	(  -1.0578387164171800805    1.1190412153441500198   -0.24049681390661001301 )	0.04234700216882581 1.0820505602637809e-9
2113	(  -1.057838715672370089     1.1190044191441499422   -0.24049681253758001254 )	0.04234700213316182 1.1683658485139858e-9
2114	(  -1.057838714417179915     1.1190076229441499045   -0.24049680476991000533 )	0.042347001974239865 -1.3126437714561234e-9
2115	(  -1.0578387151619899065    1.1190444191441499822   -0.2404968061389400058  )	0.04234700224586451 -1.398958948684026e-9
2116	(  -1.057838714417179915     1.119030024944150048    -0.24049681352255000699 )	0.04234700179852863 2.8973202725879332e-9
2117	(  -1.0578387164171800805    1.1190188133441500984   -0.24049680515397001135 )	0.042347001843351946 -3.1279134837802758e-9
2118	(  -1.0578387159171800391    1.1190199865441499139   -0.24049681095221001059 )	0.042347001814907255 1.6100298871890573e-10
2119	(  -1.0578387154978299289    1.1190344191441499166   -0.24049681003708001104 )	0.04234700192623306 1.401814220258757e-10
2120	(  -1.0578387149171799564    1.1190288517441500105   -0.24049680772431000775 )	0.04234700180339053 -3.9159631093355074e-10
2121	(  -1.0578387153365300666    1.1190144191441500077   -0.2404968086394400073  )	0.04234700185274325 -3.707747442405207e-10
2122	(  -1.0578387149683399215    1.1190223729441499678   -0.24049681133826000812 )	0.04234700176836532 1.2955306827322488e-9
2123	(  -1.057838715866020074     1.1190264653441499565   -0.24049680733826001022 )	0.04234700181898392 -1.5261238939245914e-9
2124	(  -1.0578387152171799812    1.119023814266149941    -0.24049680958972000089 )	0.04234700177960512 2.0565404934558273e-10
2125	(  -1.0578387154067701026    1.1190294191441501059   -0.24049680961242000943 )	0.04234700183077651 2.6982527323582417e-11
2126	(  -1.0578387154275898929    1.1190194191441500404   -0.24049680906410000891 )	0.042347001798207065 -2.5757573851592497e-10
2127	(  -1.0578387154737500797    1.1190231219511499461   -0.24049681033826000864 )	0.0423470017891664 3.091269462629498e-10
2128	(  -1.0578387156171800143    1.1190250240221499833   -0.2404968090867999897  )	0.04234700180010876 -4.362472605379253e-10
2129	(  -1.0578387153606099158    1.1190257163371499782   -0.2404968083382600097  )	0.04234700179318278 -5.397200464329899e-10
2130	(  -1.0578387153171799895    1.1190235055461499325   -0.24049680952620999808 )	0.04234700178315706 7.510614352668199e-11
2131	(  -1.0578387150171799647    1.1190207647521499545   -0.24049681009005999255 )	0.04234700177416485 6.46314446406393e-10
2132	(  -1.0578387151171799729    1.1190241690641500316   -0.24049680863712999401 )	0.04234700177637296 -1.525357617992995e-10
2133	(  -1.057838715517180006     1.1190228420281500554   -0.24049681041529000214 )	0.042347001790822805 3.02747937830361e-10
2134	(  -1.0578387154210799892    1.1190185055461498997   -0.24049680879261001176 )	0.04234700180485589 -3.8165071103435366e-10
2135	(  -1.0578387154821999872    1.1190285055461499653   -0.24049680874741000136 )	0.04234700182252396 -4.6451176238804237e-10
2136	(  -1.0578387152132799898    1.1190285055461499653   -0.24049681025981001214 )	0.04234700181146263 5.318631091100201e-10
2137	(  -1.0578387151521599918    1.1190185055461498997   -0.24049681030500999479 )	0.04234700179378319 6.147239384191039e-10
2138	(  -1.0578387152171799812    1.1190238581201499279   -0.24049680931001998774 )	0.04234700177970061 7.112010980137029e-11
2139	(  -1.0578387149171799564    1.1190249158421499143   -0.24049680866145001223 )	0.04234700177082475 5.916211964773765e-11
2140	(  -1.057838714017180104     1.1190280890081500953   -0.24049680671574000246 )	0.042347001757638586 2.328792714223482e-11
2141	(  -1.0578387113171801026    1.1190376085061499722   -0.24049680087861000088 )	0.04234700183905294 -8.433431730736629e-11
2142	(  -1.057838714983619921     1.1190080890081499643   -0.24049680982787000061 )	0.0423470019837087 5.537627023599612e-10
2143	(  -1.0578387130507400649    1.1190480890081500043   -0.24049680360361000431 )	0.04234700233173207 -5.071867370531891e-10
2144	(  -1.057838713790749896     1.1190112639081499779   -0.24049680171574000509 )	0.04234700185156124 -2.15524997848604e-9
2145	(  -1.0578387142436100898    1.1190449141081499906   -0.24049681171573999983 )	0.042347002229851674 2.2018260548151147e-9
2146	(  -1.0578387130171800212    1.1190172529081499064   -0.24049681012686999204 )	0.042347001718060474 2.6640197825500422e-9
2147	(  -1.0578387150171799647    1.1190389251081500621   -0.24049680330461001287 )	0.04234700203196712 -2.6174435951986652e-9
2148	(  -1.0578387145171799233    1.1190248149081500895   -0.24049680761521999295 )	0.04234700175393786 -4.4067860471841414e-11
2149	(  -1.0578387160171800474    1.119014992608150072    -0.24049681031365999218 )	0.04234700187155561 -2.461355563809775e-10
2150	(  -1.0578387144970999856    1.1190448149081499984   -0.24049681045813001146 )	0.04234700223587238 1.3434336976203554e-9
2151	(  -1.057838714537260083     1.1190048149081499584   -0.2404968047723100022  )	0.04234700207200673 -1.4315695295863406e-9
2152	(  -1.0578387151674699673    1.1190137044081500672   -0.24049681261521999032 )	0.042347001858195066 1.7106103200603684e-9
2153	(  -1.0578387138668901013    1.1190359254081498896   -0.24049680261521999558 )	0.04234700189662825 -1.7987460410040512e-9
2154	(  -1.0578387135171800626    1.1190188898081498969   -0.24049681004380998872 )	0.042347001723353796 2.1240683656387205e-9
2155	(  -1.057838715517180006     1.1190307400081500599   -0.24049680518662999718 )	0.042347001854685415 -2.2122041976047058e-9
2156	(  -1.0578387142757099681    1.119014814908150024    -0.24049680655691998976 )	0.0423470018026121 -3.1163338576334354e-10
2157	(  -1.0578387147586501005    1.1190348149081499329   -0.24049680867351999614 )	0.042347001905243195 2.2349755379735825e-10
2158	(  -1.0578387146544299124    1.1190181977081499198   -0.2404968096152199919  )	0.04234700177599495 7.806694179990359e-10
2159	(  -1.057838714017180104     1.1190273160081500858   -0.24049680849523999426 )	0.042347001749974085 8.792160333115362e-10
2160	(  -1.0578387143799299341    1.1190314321081500371   -0.240496805615219994   )	0.04234700181946314 -8.688050279204163e-10
2161	(  -1.0578387150171799647    1.1190223138081500931   -0.24049680673519999163 )	0.042347001770423234 -9.67351754255219e-10
2162	(  -1.0578387144483198945    1.1190198149081500567   -0.24049680768174999668 )	0.042347001755413186 5.679279269088511e-11
2163	(  -1.0578387145860399521    1.1190298149081499002   -0.24049680754868998922 )	0.04234700180245963 -1.44928291589963e-10
2164	(  -1.0578387143171799067    1.1190266580851500056   -0.24049680798132999637 )	0.0423470017567341 3.3202884885952244e-10
2165	(  -1.0578387145865100205    1.119024550869150092    -0.24049680861521999242 )	0.04234700175576788 3.6759573163180903e-10
2166	(  -1.0578387147171799398    1.1190229717311499513   -0.24049680724910998952 )	0.04234700175793934 -4.2016434775860034e-10
2167	(  -1.0578387144478500481    1.119025078947150087    -0.24049680661521999347 )	0.042347001752247454 -4.5573145257549186e-10
2168	(  -1.057838714417179915     1.1190242774601499853   -0.24049680766008998956 )	0.04234700174788775 7.751443931169888e-11
2169	(  -1.0578387141171798902    1.119022665116149895    -0.24049680779470000713 )	0.042347001733200884 4.4226100559541237e-10
2170	(  -1.0578387146171799316    1.1190238164131500742   -0.24049680774283999085 )	0.04234700175491835 -8.268341566974868e-11
2171	(  -1.0578387144017600274    1.1190192774601499526   -0.24049680761447000954 )	0.042347001756935496 7.099132393051377e-11
2172	(  -1.0578387144517200635    1.1190246670961498943   -0.2404968071600900037  )	0.0423470017506545 -1.975224428463207e-10
2173	(  -1.0578387144326000247    1.1190292774601500181   -0.24049680770570999733 )	0.042347001788839364 8.40372216259766e-11
2174	(  -1.0578387142171798985    1.1190247385071498964   -0.24049680757733998826 )	0.04234700174128306 2.37712183270844e-10
2175	(  -1.0578387143826399885    1.1190238878241500764   -0.24049680816009000317 )	0.04234700174542454 3.5255109942511353e-10
2176	(  -1.057838714430680005     1.1190226033891499391   -0.24049680746009000076 )	0.04234700174611741 -3.218447730546359e-11
2177	(  -1.0578387144711800527    1.1190175811761500224   -0.24049680686009000663 )	0.04234700177443769 -3.612805610231362e-10
2178	(  -1.0578387142306799884    1.1190240463011500438   -0.24049680698593001171 )	0.042347001739558326 -6.02522476356171e-11
2179	(  -1.0578387136306799388    1.1190283750371499139   -0.24049680556344998905 )	0.042347001744879674 -1.4445600271528747e-10
2180	(  -1.0578387138443599014    1.1190223907011500604   -0.24049680598593001224 )	0.04234700172209127 -1.5492584992671254e-10
2181	(  -1.0578387146170000754    1.1190257019011500272   -0.24049680798593001119 )	0.04234700176250199 3.442124363317589e-11
2182	(  -1.0578387138823199809    1.1190340463011501093   -0.24049680735869000126 )	0.042347001851257116 4.674028941664687e-10
2183	(  -1.0578387145790399959    1.1190140463011499783   -0.24049680661316999442 )	0.04234700182788899 -5.879075004600054e-10
2184	(  -1.0578387137542699659    1.1190140463011499783   -0.24049680788767999196 )	0.04234700179391378 8.498937109635563e-10
2185	(  -1.0578387147070900109    1.1190340463011501093   -0.24049680608418000372 )	0.042347001885162563 -9.703984282793954e-10
2186	(  -1.0578387143565399775    1.119019046301150011    -0.24049680721363000946 )	0.04234700175673052 -7.659006762139597e-11
2187	(  -1.0578387141048199993    1.1190290463011500766   -0.24049680675822998621 )	0.042347001772391445 -4.391464969444314e-11
2188	(  -1.0578387143275100879    1.1190278467151499875   -0.24049680748592999757 )	0.042347001767873094 8.341438650916189e-11
2189	(  -1.057838714133850111     1.1190202458871501001   -0.2404968064859299981  )	0.04234700174012674 -2.0391932586960593e-10
2190	(  -1.0578387140306799719    1.1190225278011500798   -0.24049680734341999377 )	0.042347001729681574 3.116981117656792e-10
2191	(  -1.057838714430680005     1.1190255648011500078   -0.2404968066284400019  )	0.042347001754044204 -4.3220271805921584e-10
2192	(  -1.0578387141306799801    1.1190224303611500112   -0.24049680687047000904 )	0.04234700173384918 -1.5787815499379576e-11
2193	(  -1.0578387138306799553    1.1190175825411499133   -0.24049680652409000103 )	0.04234700174804869 1.1760559193163544e-10
2194	(  -1.0578387141036400543    1.1190274303611500439   -0.24049680683001001258 )	0.0423470017545893 -8.208989044078407e-12
2195	(  -1.057838714157719906     1.1190174303611499784   -0.24049680691093000551 )	0.04234700176311019 -2.3366641954680745e-11
2196	(  -1.0578387139306799636    1.1190217917131499714   -0.24049680691659999776 )	0.04234700172642692 2.0640045228503823e-10
2197	(  -1.0578387141467899824    1.1190228894421498929   -0.2404968073704699949  )	0.04234700173443396 2.0859891591840096e-10
2198	(  -1.0578387141145699779    1.1190219712801499075   -0.24049680637046999543 )	0.042347001733685836 -2.401745469171601e-10
2199	(  -1.0578387143306799967    1.1190230690091500509   -0.24049680682433999257 )	0.042347001742086096 -2.379760832837974e-10
2200	(  -1.0578387140306799719    1.1190235233341498944   -0.24049680672463999431 )	0.0423470017302404 1.4068857190352446e-11
2201	(  -1.057838713730679947     1.1190268022531499881   -0.24049680628715000563 )	0.04234700173375465 1.0363898628185098e-10
2202	(  -1.0578387138306799553    1.1190228019481500699   -0.24049680628462000165 )	0.04234700172140639 2.4220625505222415e-12
2203	(  -1.0578387132306799057    1.1190206377901499302   -0.2404968049645599959  )	0.0423470017011418 -3.251821034666591e-11
2204	(  -1.0578387114306799788    1.1190141453161499552   -0.24049680100438000641 )	0.04234700169648512 -1.3733969517204514e-10
2205	(  -1.0578387127356501107    1.1190269938901500346   -0.24049680296455999695 )	0.042347001694412384 -4.994757940579575e-10
2206	(  -1.0578387137257099226    1.1190142816901500478   -0.24049680696455999485 )	0.04234700178869787 4.3443892927541583e-10
2207	(  -1.057838712895750044     1.1190406377901500612   -0.24049680593177000243 )	0.04234700200316574 7.676334012884922e-10
2208	(  -1.0578387135656099893    1.1190006377901500212   -0.24049680399734998937 )	0.04234700219917455 -8.326701550487314e-10
2209	(  -1.057838712230680045     1.1190106812901499111   -0.24049680563820000079 )	0.0423470018009911 1.2914981306622053e-9
2210	(  -1.0578387142306799884    1.1190305942901499492   -0.24049680429091999101 )	0.04234700179947204 -1.3565348844224445e-9
2211	(  -1.0578387127306800863    1.1190246914901500475   -0.24049680463411998721 )	0.042347001679930545 3.085419697512748e-10
2212	(  -1.0578387134234799039    1.1190306377901499957   -0.24049680502442000174 )	0.04234700176696198 -1.9652590665941716e-10
2213	(  -1.0578387130378799075    1.1190106377901500867   -0.24049680490469999006 )	0.04234700183530527 1.3148937494378288e-10
2214	(  -1.057838713730679947     1.1190165840901500349   -0.24049680529500000459 )	0.04234700175523518 -3.73578723511514e-10
2215	(  -1.0578387130772999303    1.1190212219901500834   -0.24049680596455999537 )	0.04234700169270949 6.018552323183712e-10
2216	(  -1.0578387133840601031    1.119020053590149999    -0.24049680396455999642 )	0.04234700171025743 -6.668920971009129e-10
2217	(  -1.0578387133085600524    1.1190217150631500687   -0.24049680546456000951 )	0.04234700170097173 1.3009837651623002e-10
2218	(  -1.0578387130306798891    1.1190240396371500253   -0.24049680508598000883 )	0.04234700169015948 2.2588397818879002e-10
2219	(  -1.0578387131527999809    1.1190195605171500137   -0.24049680446456001004 )	0.04234700170363221 -1.951352412987717e-10
2220	(  -1.057838713345440107     1.1190256377901499629   -0.24049680474511000994 )	0.042347001709809345 -2.528326437101214e-10
2221	(  -1.0578387131159199264    1.1190156377901498974   -0.24049680518401000962 )	0.04234700174246939 1.877957789275797e-10
2222	(  -1.0578387134306799222    1.1190172359431500571   -0.24049680484314001072 )	0.04234700173527502 -2.9092062092672677e-10
2223	(  -1.0578387131306798974    1.1190215688321500931   -0.24049680483925001129 )	0.04234700169397201 7.208456054286216e-12
2224	(  -1.0578387128306800946    1.1190243619581499157   -0.24049680446332000194 )	0.04234700168286939 1.2638823321253767e-10
2225	(  -1.0578387132931399428    1.1190265688321499038   -0.24049680504018999816 )	0.04234700171391404 -5.860067986418471e-11
2226	(  -1.057838712968220074     1.1190165688321500603   -0.24049680463830999666 )	0.04234700172402308 7.301736992815222e-11
2227	(  -1.0578387129306801029    1.1190253689851499264   -0.24049680490424998891 )	0.04234700169126002 2.384727970650147e-10
2228	(  -1.0578387131523800946    1.1190231376921500051   -0.24049680433924999767 )	0.04234700169364219 -2.5498869682394343e-10
2229	(  -1.0578387131089799222    1.1190199999721499591   -0.24049680533924999715 )	0.04234700169922418 2.69405164843306e-10
2230	(  -1.0578387133306799139    1.1190177686791500378   -0.24049680477425000591 )	0.04234700172557275 -2.2405610700104717e-10
2231	(  -1.0578387130415201067    1.1190235688321499286   -0.24049680481492000106 )	0.04234700168960612 8.466560785791444e-11
2232	(  -1.0578387132306799057    1.1190234318521499191   -0.24049680490490998874 )	0.042347001697183244 -6.12094819274489e-11
2233	(  -1.0578387130306798891    1.1190197058121500451   -0.24049680477359000608 )	0.04234700169770087 7.562639403602134e-11
2234	(  -1.0578387131548099287    1.1190217556781500985   -0.24049680463924999474 )	0.04234700169456135 -1.1312040193445227e-10
2235	(  -1.0578387131065500881    1.1190213819861500877   -0.24049680503925000008 )	0.04234700169345244 1.2753698097611732e-10
2236	(  -1.0578387132198399101    1.1190195688321500356   -0.24049680486357999376 )	0.04234700170633939 -7.024913983855186e-11
2237	(  -1.0578387131327200432    1.1190225688321500108   -0.24049680480447999109 )	0.042347001692707636 -1.1555867374113404e-11
2238	(  -1.0578387131388400366    1.1190255688321499861   -0.24049680470017001377 )	0.042347001700914405 -6.784839357010242e-11
2239	(  -1.057838713093969929     1.1190245688321500683   -0.24049680467535999862 )	0.042347001694416415 -3.491162914315282e-11
2240	(  -1.0578387131649900077    1.1190245688321500683   -0.24049680495934000479 )	0.04234700169733882 3.066080722646802e-11
2241	(  -1.0578387131004500787    1.1190205688321499533   -0.24049680464962000515 )	0.04234700169607589 -5.377254197469483e-11
2242	(  -1.0578387131714699354    1.1190205688321499533   -0.24049680493360001132 )	0.04234700169899947 1.1800116439530939e-11
2243	(  -1.0578387130827400231    1.1190223105541499127   -0.24049680500448000764 )	0.04234700169080719 1.3462286840848492e-10
2244	(  -1.0578387131827000633    1.119022827110150109    -0.2404968046044800023  )	0.04234700169474136 -1.577347141790142e-10
2245	(  -1.0578387131127200416    1.1190221136891500553   -0.24049680478805998685 )	0.042347001692250155 5.46229728115577e-13
2246	(  -1.0578387130527200366    1.1190207482601499667   -0.24049680473880000187 )	0.04234700169336308 3.685241001250006e-11
2247	(  -1.0578387130944899575    1.1190241136891498908   -0.24049680475776999411 )	0.04234700169298287 4.206968107212106e-12
2248	(  -1.0578387130654800519    1.1190211219571499779   -0.24049680458805999805 )	0.04234700169253723 -4.84126072564095e-11
2249	(  -1.0578387131599600313    1.1190231054211499107   -0.24049680498806000339 )	0.0423470016939297 4.950495569033819e-11
2250	(  -1.0578387131309499036    1.1190201136891499978   -0.24049680481835000734 )	0.04234700169951772 -3.114397628678489e-12
2251	(  -1.0578387130649700154    1.1190217202241499184   -0.24049680498806000339 )	0.04234700169093471 1.444949715434518e-10
2252	(  -1.0578387131604700677    1.1190225071541499702   -0.24049680458805999805 )	0.04234700169387505 -1.4340262310952312e-10
2253	(  -1.057838713132430053     1.119023113689149973    -0.24049680483104998729 )	0.04234700169280276 1.5141221609837885e-12
2254	(  -1.0578387131023399004    1.1190230550971500545   -0.24049680468806000633 )	0.0423470016915244 -3.717293139970934e-11
2255	(  -1.0578387130930100302    1.1190211136891499155   -0.2404968047450699864  )	0.042347001693697345 -4.2166270475263445e-13
2256	(  -1.0578387130933000204    1.1190226405291499034   -0.24049680488805999512 )	0.04234700169106538 6.80655531937191e-11
2257	(  -1.0578387131230999607    1.1190211722811500561   -0.24049680488805999512 )	0.04234700169474847 3.826561290054542e-11
2258	(  -1.0578387131321400627    1.1190215868491499851   -0.24049680468806000633 )	0.04234700169399012 -6.697309373748794e-11
2259	(  -1.0578387131027200407    1.1190225672015099434   -0.24049680475738999252 )	0.042347001691473485 -4.205968906489943e-12
2260	(  -1.0578387130727200383    1.1190239277385900518   -0.24049680466538000956 )	0.04234700169161179 -1.8462120721096653e-11
2261	(  -1.0578387130841599983    1.1190220340125101028   -0.24049680465739001201 )	0.04234700169118124 -3.374522883348163e-11
2262	(  -1.0578387130827200391    1.119023560662510075    -0.2404968047972300127  )	0.0423470016912882 3.495692624255753e-11
2263	(  -1.0578387131212800831    1.119023100390510006    -0.2404968048573900008  )	0.0423470016923342 2.533340204280421e-11
2264	(  -1.0578387130919899572    1.1190216259265099996   -0.2404968048573900008  )	0.042347001692248656 5.4623527923070014e-11
2265	(  -1.0578387131227200424    1.1190215737405100338   -0.24049680471755000011 )	0.042347001693632855 -4.336864201093249e-11
2266	(  -1.0578387131134499022    1.1190235084765101092   -0.24049680465739001201 )	0.04234700169247021 -6.303513266914251e-11
2267	(  -1.0578387130927200399    1.1190226493973700617   -0.24049680473050000229 )	0.042347001691039776 -7.139844271364382e-12
2268	(  -1.0578387130627200374    1.1190228959849499724   -0.24049680464983000383 )	0.04234700168981978 -1.5941470365987698e-11
2269	(  -1.05783871297272003      1.1190236357476899265   -0.24049680440782000845 )	0.04234700168688982 -4.2346792739067496e-11
2270	(  -1.0578387127027200076    1.1190258550359100109   -0.24049680368178999457 )	0.04234700168467031 -1.2156253781370197e-10
2271	(  -1.0578387130537099114    1.1190232804806901079   -0.24049680490781999431 )	0.042347001689714545 1.1716017045415583e-10
2272	(  -1.0578387129707700343    1.1190186357476898937   -0.24049680438021001083 )	0.04234700170287867 -5.367706279457707e-11
2273	(  -1.0578387129746700257    1.1190286357476899592   -0.24049680443543000607 )	0.04234700172090084 -3.1016522683557923e-11
2274	(  -1.0578387128917299265    1.1190239910146899671   -0.24049680390781999484 )	0.04234700168431773 -2.0185342286538344e-10
2275	(  -1.0578387128727200217    1.1190235103086900725   -0.24049680481189000814 )	0.042347001682566145 2.520083031143372e-10
2276	(  -1.0578387130727200383    1.1190237611866900025   -0.24049680400375000877 )	0.04234700169124485 -3.367017775701697e-10
2277	(  -1.0578387129227200258    1.1190237974616898953   -0.24049680441001000664 )	0.042347001685147205 8.706591003715403e-12
2278	(  -1.0578387127727200134    1.1190242826036900237   -0.24049680441658000118 )	0.04234700168023359 1.618667422320641e-10
2279	(  -1.0578387129425999014    1.1190217974616900598   -0.24049680432703998689 )	0.042347001685745844 -5.108136136300345e-11
2280	(  -1.0578387128227200176    1.1190234300516899157   -0.24049680440275000848 )	0.04234700168039165 1.05214614798399e-10
2281	(  -1.0578387129188699944    1.119024611806689995    -0.24049680421000999009 )	0.04234700168737003 -8.364220427381497e-11
2282	(  -1.0578387129265700572    1.1190229831166900176   -0.24049680461000999543 )	0.042347001684250686 1.0105527525894331e-10
2283	(  -1.0578387129028399283    1.1190257974616899528   -0.24049680449297999862 )	0.042347001692548875 6.849476541503918e-11
2284	(  -1.0578387130227200341    1.1190241648716900968   -0.24049680441727000479 )	0.042347001690172435 -8.780132176866573e-11
2285	(  -1.0578387128930599737    1.1190237626456900344   -0.24049680431000999836 )	0.04234700168385437 -9.732659123073972e-12
2286	(  -1.0578387128040800391    1.1190236581976900077   -0.2404968040100100013  )	0.042347001679990386 -6.505085359265195e-11
2287	(  -1.0578387128263999628    1.1190247626456899521   -0.24049680422063998697 )	0.042347001684151724 1.3940848475613166e-11
2288	(  -1.0578387129597199845    1.1190227626456898946   -0.24049680439938000975 )	0.04234700168555757 -3.3406388766366035e-11
2289	(  -1.0578387128653599092    1.1190231311076899168   -0.24049680411001000957 )	0.042347001681824675 -7.82314213410018e-11
2290	(  -1.0578387129207600381    1.11902439418368993     -0.24049680451000998715 )	0.04234700168668159 5.876588105024894e-11
2291	(  -1.0578387127930599654    1.1190233392916899557   -0.24049680441888998672 )	0.0423470016790544 1.426379014901613e-10
2292	(  -1.0578387129930599819    1.119024185999689891    -0.24049680420113001    )	0.04234700168901243 -1.6210321973630926e-10
2293	(  -1.0578387128563699893    1.1190233857613900437   -0.24049680421000999009 )	0.0423470016817175 -2.114219910254178e-11
2294	(  -1.0578387127463000361    1.1190222551084900715   -0.24049680391000999302 )	0.042347001677010734 -5.537015290713043e-11
2295	(  -1.0578387124160899546    1.119018863149789933    -0.24049680301001000182 )	0.04234700167822461 -1.5805445841010624e-10
2296	(  -1.0578387125798500712    1.119020255108490014    -0.24049680375730000947 )	0.04234700167610674 3.7627234661385955e-11
2297	(  -1.0578387120804999544    1.1190142551084900635   -0.24049680329917000332 )	0.042347001721377855 3.166197304338425e-10
2298	(  -1.0578387121670600468    1.1190202588104900538   -0.24049680275730001    )	0.0423470016590949 -3.057643027659651e-11
2299	(  -1.0578387109286899737    1.1190202699164899514   -0.24049679975730001158 )	0.04234700160805964 -2.35187203045939e-10
2300	(  -1.0578387111670599641    1.1190240391184900215   -0.24049680235317999477 )	0.04234700161346777 7.75044584067075e-10
2301	(  -1.0578387113908500616    1.1190152588104900211   -0.24049680295677999808 )	0.04234700167694552 8.41582248334305e-10
2302	(  -1.0578387131670599075    1.1190164785024900862   -0.24049680316141999747 )	0.042347001733335485 -8.361971115533606e-10
2303	(  -1.057838712943270032     1.1190252588104900866   -0.24049680255781999416 )	0.04234700169121145 -9.027349978651955e-10
2304	(  -1.0578387120872501104    1.1190210672554901095   -0.24049680475730000895 )	0.04234700165244983 1.01122077378335e-9
2305	(  -1.0578387122468699832    1.1190194503654899982   -0.24049680075730001105 )	0.04234700166704767 -1.0723735233142406e-9
2306	(  -1.0578387118439900316    1.1190222588104898893   -0.24049680234213000052 )	0.04234700163986914 9.279954582552818e-11
2307	(  -1.0578387108747799861    1.1190282588104900618   -0.24049680109661999983 )	0.042347001630224625 4.6292725208729735e-10
2308	(  -1.0578387123804200431    1.1190172588104900786   -0.24049680221514999068 )	0.04234700169177395 -5.047071649499912e-10
2309	(  -1.0578387116187200068    1.1190219720554899219   -0.24049680034213000157 )	0.04234700163095535 -6.439175859185298e-10
2310	(  -1.0578387113075600201    1.1190272588104899221   -0.24049680246911001036 )	0.042347001637987 6.903061455787451e-10
2311	(  -1.0578387120692600565    1.1190225455654900788   -0.24049680434212999947 )	0.042347001648946794 8.295166775695861e-10
2312	(  -1.0578387128439898923    1.1190250225484899005   -0.24049680182818999885 )	0.04234700168599321 -1.1544021294440654e-9
2313	(  -1.0578387108439899489    1.1190194950724901002   -0.24049680285607000219 )	0.042347001608998174 1.3400014431397267e-9
2314	(  -1.0578387118706700232    1.1190202588104900538   -0.24049680155781999469 )	0.04234700164689335 -3.1112867837634894e-10
2315	(  -1.0578387117892900093    1.1190238157454899248   -0.24049680134213000104 )	0.042347001638542936 -3.334941212074227e-10
2316	(  -1.057838712343990073     1.1190224316314900666   -0.24049680229998998682 )	0.042347001660311634 -4.2746961526063387e-10
2317	(  -1.0578387118173100401    1.1190242588104899468   -0.24049680312644000635 )	0.04234700164084539 4.967275479828004e-10
2318	(  -1.0578387118987000459    1.1190207018754900758   -0.24049680334212999999 )	0.04234700164604457 5.19083109828955e-10
2319	(  -1.0578387113439899903    1.1190220859894899341   -0.24049680238426998646 )	0.04234700161948565 6.130685958893878e-10
2320	(  -1.0578387118834600145    1.1190232588104900291   -0.24049680226152000961 )	0.04234700164153057 1.455668918737274e-11
2321	(  -1.057838712001869963     1.1190262588104900043   -0.24049680201969000914 )	0.0423470016585129 -2.201718807270936e-10
2322	(  -1.0578387119820000795    1.1190212588104899716   -0.24049680210189000595 )	0.04234700164751296 -1.6076451281321624e-10
2323	(  -1.0578387117849199495    1.1190252588104900866   -0.24049680242115001327 )	0.04234700164354984 1.898776691433568e-10
2324	(  -1.0578387113834599731    1.1190229276234899825   -0.24049680206425000373 )	0.04234700162071886 4.196710756687594e-10
2325	(  -1.0578387123834600558    1.1190235899974900757   -0.24049680245878998774 )	0.04234700166256026 -3.9055780831631637e-10
2326	(  -1.0578387119661800675    1.1190236432754900875   -0.24049680126152001014 )	0.04234700164548121 -5.491569421423037e-10
2327	(  -1.0578387118007399614    1.1190228743454899707   -0.24049680326152000909 )	0.04234700163787529 5.782703205170492e-10
2328	(  -1.0578387116834599979    1.1190227494984898993   -0.24049680222260999551 )	0.04234700163303051 1.9584123212013083e-10
2329	(  -1.0578387119905099389    1.1190222588104898893   -0.2404968020948100027  )	0.04234700164589972 -1.7267964835809835e-10
2330	(  -1.057838712083460031     1.1190237681224899369   -0.24049680230042999596 )	0.04234700165054857 -1.667279647676878e-10
2331	(  -1.05783871177641009      1.1190242588104899468   -0.24049680242822998877 )	0.042347001639162336 2.0179302673284383e-10
2332	(  -1.0578387118690000257    1.1190235535284900337   -0.240496801761519996   )	0.04234700164132795 -2.1148016671190817e-10
2333	(  -1.0578387118979200032    1.1190229640924900245   -0.24049680276151999547 )	0.04234700164190695 2.405934340643512e-10
2334	(  -1.0578387118169600978    1.119023758810490099    -0.24049680209251000917 )	0.0423470016395624 -2.362554596402333e-13
2335	(  -1.0578387116174599036    1.1190252588104900866   -0.24049680158548000786 )	0.042347001636659505 -4.461409019995699e-11
2336	(  -1.0578387110189599873    1.1190297588104900495   -0.2404968000643900039  )	0.042347001654966084 -1.777487046439319e-10
2337	(  -1.0578387116346998909    1.1190232588104900291   -0.24049680171008999685 )	0.04234700163129296 -1.9175772081325704e-12
2338	(  -1.0578387116864200745    1.1190172588104900786   -0.24049680208391999159 )	0.04234700166319507 1.2617207278964315e-10
2339	(  -1.0578387117057799216    1.1190182588104899963   -0.24049680117892999198 )	0.04234700165402995 -3.284821303850549e-10
2340	(  -1.0578387115636200821    1.1190282588104900618   -0.24049680224125000172 )	0.042347001658558966 3.246468649464873e-10
2341	(  -1.0578387112884100052    1.11902409443648998     -0.2404967997100899979  )	0.04234700161860836 -6.176148481529253e-10
2342	(  -1.0578387119809899986    1.1190224231844900782   -0.2404968037100899958  )	0.04234700164537653 6.137795827143577e-10
2343	(  -1.0578387111347000715    1.1190216976564899554   -0.24049680299088999069 )	0.042347001611529156 1.114138892255312e-9
2344	(  -1.0578387121346999322    1.1190248199644901028   -0.24049680042929000301 )	0.04234700165592455 -1.1179741576938795e-9
2345	(  -1.0578387114347000963    1.1190226530214899547   -0.24049680146951998849 )	0.042347001622799724 8.236966664298961e-11
2346	(  -1.0578387108347000467    1.1190208356544899537   -0.24049680074780999117 )	0.04234700160171765 3.3523173126326355e-10
2347	(  -1.057838710934700055     1.119019636713489918    -0.24049680029688000338 )	0.04234700161183404 1.8337331653128786e-11
2348	(  -1.0578387094346999309    1.1190105877894900299   -0.24049679677895999252 )	0.04234700168803777 -1.7375945127184877e-10
2349	(  -1.0578387108271800621    1.1190296367134899835   -0.24049680132393999599 )	0.04234700164537923 6.198666024914701e-10
2350	(  -1.0578387110422200479    1.1190096367134900746   -0.24049679926982001077 )	0.04234700177829795 -5.831919391852125e-10
2351	(  -1.0578387119346999157    1.1190210839134899778   -0.24049679939120999217 )	0.042347001646114824 -1.4172840678838838e-9
2352	(  -1.0578387099346999722    1.1190181895134900802   -0.24049680120254998683 )	0.04234700158172978 1.4539588422124439e-9
2353	(  -1.0578387107270699197    1.1190214676134899729   -0.24049679529688000601 )	0.04234700159528216 -2.1790005355626363e-9
2354	(  -1.0578387111423299682    1.1190178058134900851   -0.24049680529688000075 )	0.04234700163509354 2.2156754209134988e-9
2355	(  -1.0578387106480200419    1.1190215962874900946   -0.24049679829688000443 )	0.04234700159171797 -6.56969811885233e-10
2356	(  -1.057838711221380068     1.1190176771394899635   -0.24049680229688000233 )	0.04234700163963471 6.936444751914905e-10
2357	(  -1.0578387107565700997    1.1190246367134899508   -0.2404968014892399919  )	0.042347001598487845 7.699848536546483e-10
2358	(  -1.0578387111128300102    1.1190146367134901073   -0.2404967991045199871  )	0.0423470016751878 -7.333100793260883e-10
2359	(  -1.0578387114347000963    1.1190224660434899828   -0.24049679959368999715 )	0.04234700162286699 -8.198925982583205e-10
2360	(  -1.0578387104347000136    1.1190168073834900753   -0.2404968010000700096  )	0.04234700161679932 8.565672615645781e-10
2361	(  -1.0578387111347000715    1.1190211776954899214   -0.24049680053562000337 )	0.0423470016128822 -6.683031905652115e-11
2362	(  -1.0578387107347000384    1.1190180957314899146   -0.24049680005814000339 )	0.04234700161553251 1.0350498236277872e-10
2363	(  -1.0578387108906799341    1.1190208277864899244   -0.2404967992968800039  )	0.04234700160405206 -4.186362367875063e-10
2364	(  -1.0578387109787199538    1.1190184456404899116   -0.24049680129688000285 )	0.04234700162245376 4.553110111160663e-10
2365	(  -1.057838711127359943     1.1190176367134900826   -0.24049679948930999251 )	0.04234700163617401 -5.627585064615914e-10
2366	(  -1.0578387107420399449    1.1190216367134899755   -0.24049680110444998649 )	0.04234700159549731 5.994333918124539e-10
2367	(  -1.0578387108347000467    1.1190196467284900805   -0.24049680028247000241 )	0.042347001607655026 1.1140621758443103e-10
2368	(  -1.0578387110347000633    1.1190196266984899776   -0.24049680031129000435 )	0.042347001616013256 -7.473155427817346e-11
2369	(  -1.0578387109359799201    1.1190186367134900003   -0.24049679990187999845 )	0.042347001619090004 -1.7293499965376213e-10
2370	(  -1.0578387109334199678    1.1190206367134900578   -0.2404968006918800083  )	0.04234700160657807 2.0960988500462463e-10
2371	(  -1.0578387109383700082    1.1190204271914900858   -0.24049679979687998976 )	0.042347001607706415 -2.2582935521597847e-10
2372	(  -1.0578387109310301017    1.1190188462354899723   -0.24049680079687998924 )	0.04234700161721134 2.6250401852223604e-10
2373	(  -1.0578387109475100303    1.1190201367134899879   -0.24049680015367000396 )	0.04234700160950976 -6.335576507865426e-11
2374	(  -1.057838710910979918     1.119019339468700025    -0.24049680009687998683 )	0.04234700161278971 -5.414135806347531e-11
2375	(  -1.0578387108847000508    1.1190198457180200453   -0.24049680034205001    )	0.042347001608522755 9.006384527054934e-11
2376	(  -1.0578387109847000591    1.1190194277089600128   -0.24049680025170999675 )	0.04234700161523277 -5.33890709419893e-11
2377	(  -1.0578387109584199699    1.1190199339582800331   -0.24049680049687999217 )	0.04234700161105502 9.081613239203534e-11
2378	(  -1.0578387109218900797    1.1190191367134900702   -0.24049680044009000279 )	0.042347001614658264 1.0003042838491183e-10
2379	(  -1.0578387109147000533    1.1190198119338901073   -0.24049680022285999104 )	0.042347001609954416 2.734146242744373e-12
2380	(  -1.0578387108547000484    1.1190203375950900089   -0.24049680000080000952 )	0.042347001604684145 -4.407518794380394e-11
2381	(  -1.0578387106747000335    1.1190219145786899357   -0.24049679933462000947 )	0.042347001592190806 -1.8450352357035626e-10
2382	(  -1.0578387108530999949    1.1190213375950899266   -0.24049680001438000776 )	0.042347001600817134 -3.594324837763452e-11
2383	(  -1.0578387108483000567    1.1190243375950899019   -0.24049680005512000247 )	0.0423470016012161 -1.1547651723731178e-11
2384	(  -1.05783871083390002      1.1190333375950900496   -0.2404968001773399866  )	0.04234700171041375 6.163936028258377e-11
2385	(  -1.0578387108469000655    1.1190193375950900911   -0.24049680000383999445 )	0.042347001610164185 -3.481304133856611e-11
2386	(  -1.0578387107483000484    1.1190242654400899269   -0.24049680019361999173 )	0.04234700159687546 1.550699568753089e-10
2387	(  -1.057838710948300065     1.1190244097500900988   -0.24049679991662001322 )	0.042347001605567085 -1.7816526032277125e-10
2388	(  -1.0578387108761500013    1.1190238052980900907   -0.24049680055511998833 )	0.0423470016009428 2.010991373424531e-10
2389	(  -1.0578387108497000479    1.1190293375950899346   -0.24049680010640001049 )	0.04234700164226795 1.171762686880129e-11
2390	(  -1.0578387108204498901    1.1190248698920899351   -0.24049679955511998886 )	0.04234700160205621 -2.2419444078991546e-10
2391	(  -1.0578387107983000526    1.1190243340660899207   -0.24049679999365999872 )	0.042347001599147324 8.890443936593329e-12
2392	(  -1.0578387106483000402    1.1190243234790899773   -0.24049679980927998746 )	0.042347001592941136 7.020484193986931e-11
2393	(  -1.0578387101983000029    1.1190242917180899251   -0.24049679925614000919 )	0.04234700157432382 2.541481469719997e-10
2394	(  -1.0578387108483000567    1.1190241497970900841   -0.24049680007775001145 )	0.04234700160065063 -6.628031457012185e-13
2395	(  -1.0578387104483000236    1.1190244971610900926   -0.24049679954080999122 )	0.042347001585292254 1.4107248702543984e-10
2396	(  -1.0578387106688300623    1.1190223234790899198   -0.24049679910342000588 )	0.042347001591443174 -2.8983926370074187e-10
2397	(  -1.057838710627770018     1.1190263234790900349   -0.24049680051513999679 )	0.042347001602439434 4.3024905860278295e-10
2398	(  -1.0578387107148499169    1.1190258035250899571   -0.24049679880927998799 )	0.042347001602563696 -4.773386130807467e-10
2399	(  -1.0578387105817499414    1.1190228434330899976   -0.24049680080927998693 )	0.0423470015876988 6.177485190050902e-10
2400	(  -1.0578387105483000319    1.119024277573090087    -0.24049679957795999652 )	0.04234700158868262 5.894140731044217e-11
2401	(  -1.0578387102483000071    1.1190241398550899721   -0.24049679888399999594 )	0.04234700157593215 2.515110342216076e-11
2402	(  -1.0578387093482999326    1.1190237267010900712   -0.24049679680211999422 )	0.04234700153790625 -7.621969722038102e-11
2403	(  -1.0578387066482999312    1.1190224872390899247   -0.24049679055647998904 )	0.04234700142585807 -3.8033243221491375e-10
2404	(  -1.0578387093118499784    1.1190187267010900385   -0.2404967974206400072  )	0.04234700155148842 2.577343893861439e-10
2405	(  -1.0578387093847501088    1.119028726701090104    -0.24049679618360000899 )	0.04234700157432256 -4.1017411689381333e-10
2406	(  -1.0578387103483000153    1.1190239416600900046   -0.24049680001310000388 )	0.04234700157953048 4.682410015277583e-10
2407	(  -1.0578387083483000719    1.1190235117420899158   -0.24049679359114001231 )	0.04234700149637264 -6.206806180131252e-10
2408	(  -1.0578387086997700361    1.119024463417090054    -0.24049680180211999159 )	0.04234700151322356 2.9772782017545296e-9
2409	(  -1.0578387099968300511    1.1190229899850900885   -0.24049679180211999685 )	0.042347001563678495 -3.1297178182398966e-9
2410	(  -1.0578387096733599115    1.1190227520370898961   -0.24049679880211999317 )	0.04234700155030146 5.607074804458989e-10
2411	(  -1.0578387092678600556    1.1190257267010899067   -0.24049679798597001223 )	0.04234700154256343 5.73644465262646e-10
2412	(  -1.0578387090232399537    1.1190247013650900243   -0.24049679480211999527 )	0.042347001527413664 -7.13146874886661e-10
2413	(  -1.0578387094287400316    1.1190217267010900137   -0.24049679561827000396 )	0.04234700154125043 -7.26084081748013e-10
2414	(  -1.0578387088482998912    1.1190228796360899288   -0.24049679768955001258 )	0.042347001516365605 8.506284565612532e-10
2415	(  -1.057838709848299974     1.1190245737660899916   -0.24049679591469000361 )	0.042347001560878346 -1.0030678510020152e-9
2416	(  -1.0578387095014500918    1.119024726701089989    -0.24049679725482001058 )	0.04234700154719152 -1.1624035067825389e-11
2417	(  -1.0578387091951499954    1.1190227267010899315   -0.24049679634942000561 )	0.042347001530619675 -1.4081558141754158e-10
2418	(  -1.0578387094252998946    1.1190229791970900397   -0.24049679780211999369 )	0.042347001540151405 3.2777391911764653e-10
2419	(  -1.0578387091482999161    1.119024168617090087    -0.24049679751745001166 )	0.0423470015307479 4.67849425866973e-10
2420	(  -1.0578387092712999706    1.1190244742050901028   -0.24049679580211999474 )	0.0423470015367791 -4.80213424580711e-10
2421	(  -1.0578387095482999491    1.1190232847850900555   -0.24049679608679000453 )	0.042347001545455926 -6.202889313300375e-10
2422	(  -1.0578387092482999243    1.1190236079151199      -0.24049679670651000207 )	0.04234700153356945 -2.220756911697208e-11
2423	(  -1.0578387089482998995    1.1190232515572100525   -0.24049679641967999788 )	0.04234700152072777 1.3982914826016213e-10
2424	(  -1.0578387092800201064    1.1190226079151199823   -0.24049679681043001356 )	0.042347001534128695 -3.942846049653781e-12
2425	(  -1.0578387092165799643    1.1190246079151200398   -0.24049679660258999059 )	0.042347001535010476 -4.0472514228895307e-11
2426	(  -1.0578387090482999078    1.1190234501611200368   -0.24049679671463000674 )	0.04234700152508811 1.8169821203173342e-10
2427	(  -1.0578387094482999409    1.1190237656691199852   -0.2404967966983899974  )	0.0423470015421003 -2.2611312822107266e-10
2428	(  -1.0578387092466901009    1.119023710553119999    -0.24049679770651000155 )	0.04234700153369297 4.60395943591152e-10
2429	(  -1.0578387092499099698    1.119023505277120023    -0.2404967957065100026  )	0.04234700153346701 -5.048110818250962e-10
2430	(  -1.0578387091482999161    1.1190235579014000677   -0.24049679664945000646 )	0.04234700152936928 5.034694883221391e-11
2431	(  -1.0578387088482998912    1.1190234078602399048   -0.24049679647826999185 )	0.04234700151679855 2.680105026797719e-10
2432	(  -1.0578387090615199995    1.1190245579013999855   -0.24049679614566998875 )	0.04234700152844502 -1.0518808046811046e-10
2433	(  -1.0578387092350800547    1.119022557901399928    -0.2404967971532299964  )	0.04234700153229427 2.0588175608793335e-10
2434	(  -1.0578387093482999326    1.1190237913294001082   -0.24049679625153999596 )	0.042347001538038616 -3.4104519208710826e-10
2435	(  -1.0578387090973899731    1.1190229436814000952   -0.24049679564945000698 )	0.042347001526639894 -3.797366865398999e-10
2436	(  -1.0578387089482998995    1.1190233244734000273   -0.2404967970473599892  )	0.042347001520808544 4.4173920077383855e-10
2437	(  -1.057838709199210081     1.1190241721214000403   -0.24049679764945000593 )	0.04234700153285294 4.804303621597228e-10
2438	(  -1.0578387090482999078    1.1190237625245800235   -0.24049679636710000197 )	0.04234700152563286 1.4538481529768887e-11
2439	(  -1.057838708748300105     1.1190243763941198907   -0.2404967955200499885  )	0.042347001514927075 -9.28874754890785e-11
2440	(  -1.0578387078483000305    1.1190262180027399364   -0.24049679297890000362 )	0.04234700148734107 -4.1516412530029356e-10
2441	(  -1.0578387086103600012    1.1190263763941199482   -0.24049679579513000283 )	0.0423470015198227 1.7736445645510912e-10
2442	(  -1.0578387092482999243    1.1190247130261199437   -0.24049679708415999668 )	0.04234700153672053 1.5943968367793104e-10
2443	(  -1.0578387082483000636    1.1190240397621200596   -0.24049679395594000808 )	0.04234700149335883 -3.4521430158918065e-10
2444	(  -1.0578387088862399867    1.1190223763941200552   -0.24049679524497000194 )	0.042347001518033764 -3.631388523217538e-10
2445	(  -1.0578387083856899409    1.1190237011671200218   -0.24049679752004998745 )	0.042347001498242276 1.2317099562508815e-9
2446	(  -1.0578387091109100471    1.1190250516211199816   -0.24049679352004998956 )	0.04234700153252164 -1.4174845741621311e-9
2447	(  -1.0578387087556899715    1.1190233763941199729   -0.24049679554420999583 )	0.04234700151294586 -8.865641554223203e-11
2448	(  -1.0578387087778600151    1.1190203763941199977   -0.24049679561668999006 )	0.0423470015190026 -7.596412388011231e-11
2449	(  -1.0578387085556899549    1.1190244185921200959   -0.24049679528178999344 )	0.04234700150714165 -1.4878764886816498e-11
2450	(  -1.0578387079556899053    1.1190275451861200207   -0.24049679449452998625 )	0.04234700150277372 2.0645429810173255e-10
2451	(  -1.0578387083275899716    1.1190294185921199066   -0.24049679595806999766 )	0.04234700153961297 5.385075718677967e-10
2452	(  -1.0578387087837899383    1.1190194185921200631   -0.24049679460550998922 )	0.04234700152467998 -5.682649906191273e-10
2453	(  -1.057838708836660091     1.1190240096921200141   -0.24049679728178999238 )	0.042347001517492926 6.661382556671924e-10
2454	(  -1.0578387082747200409    1.1190248274921199556   -0.24049679328178999449 )	0.04234700149712574 -6.958960074854303e-10
2455	(  -1.0578387080556899136    1.1190212744241199161   -0.24049679630282000398 )	0.0423470014858484 9.762302077831464e-10
2456	(  -1.0578387090556899963    1.1190275627601200537   -0.24049679426076001065 )	0.042347001548193174 -1.0059877375567794e-9
2457	(  -1.0578387084570599619    1.1190224185921200384   -0.24049679482533001251 )	0.04234700150034113 -1.3580314650596392e-10
2458	(  -1.057838708654319948     1.1190264185921199314   -0.24049679573825000212 )	0.042347001521940486 1.0604561673233093e-10
2459	(  -1.0578387086557901053    1.1190230120271200676   -0.24049679628178999291 )	0.04234700150849887 3.6601466302244035e-10
2460	(  -1.0578387084555900266    1.1190258251571199022   -0.24049679428178999396 )	0.04234700150974248 -3.957723038183758e-10
2461	(  -1.0578387083556899384    1.1190248193781200392   -0.24049679592320999388 )	0.042347001500423545 4.936401287736203e-10
2462	(  -1.0578387087556899715    1.1190240178061199305   -0.24049679464036999299 )	0.04234700151418168 -5.233977695695557e-10
2463	(  -1.057838708563620056     1.1190234185921199561   -0.24049679560152001367 )	0.04234700150509745 1.3097922746396762e-10
2464	(  -1.0578387084556899467    1.1190244871451200392   -0.24049679539738000322 )	0.04234700150326247 1.4071932508130658e-10
2465	(  -1.057838708547760076     1.1190254185921200136   -0.24049679496206000096 )	0.04234700151118592 -1.6073697928220554e-10
2466	(  -1.0578387086556899632    1.1190243500391199305   -0.24049679516620001141 )	0.042347001511030276 -1.704767438326371e-10
2467	(  -1.0578387085833400594    1.1190250799761201073   -0.24049679578179000705 )	0.04234700151094601 1.9796797534610278e-10
2468	(  -1.0578387085280400726    1.1190237572081200845   -0.24049679478179000758 )	0.04234700150421198 -2.2772561614203823e-10
2469	(  -1.0578387085517100275    1.119023918592120026    -0.24049679527560999248 )	0.04234700150554259 -1.3871348514271631e-11
2470	(  -1.0578387085397700229    1.1190224185921200384   -0.24049679525706998962 )	0.042347001503745325 -1.0848877352032105e-11
2471	(  -1.0578387085039500093    1.1190179185921200755   -0.24049679520145000877 )	0.04234700152535259 -1.7819079545233762e-12
2472	(  -1.0578387084397700146    1.1190226802071199241   -0.24049679524018000021 )	0.04234700149953342 8.102707393931041e-11
2473	(  -1.057838708548979989     1.1190244185921200959   -0.24049679534867998698 )	0.042347001506865524 2.4004909171537747e-11
2474	(  -1.0578387085305600568    1.1190204185921199809   -0.24049679516545999225 )	0.04234700150862494 -4.570277489790442e-11
2475	(  -1.0578387085255001043    1.1190215288111200476   -0.24049679545707000616 )	0.042347001504509665 9.961964586580052e-11
2476	(  -1.0578387086397700312    1.1190221569771199306   -0.24049679527396000678 )	0.04234700150809435 -1.0272493966567708e-10
2477	(  -1.0578387085540399415    1.1190233083731200292   -0.24049679505707000082 )	0.04234700150456428 -1.2131762261446966e-10
2478	(  -1.0578387084897700188    1.119022115243119897    -0.24049679523278000293 )	0.0423470015019703 2.746769478534361e-11
2479	(  -1.0578387083397700064    1.1190212051961199169   -0.24049679515990998735 )	0.042347001497748706 1.4241774426437814e-10
2480	(  -1.0578387084857800993    1.1190241152431199545   -0.24049679521978001295 )	0.042347001503334356 2.5204727194250154e-11
2481	(  -1.0578387083897700105    1.1190219696971199781   -0.2404967951318099928  )	0.04234700149805536 7.890177400327048e-11
2482	(  -1.057838708589770027     1.1190222607891200379   -0.24049679533375001306 )	0.04234700150592748 -2.3966384432583254e-11
2483	(  -1.0578387084937699303    1.1190201152431200615   -0.2404967952457799929  )	0.0423470015086067 2.972067036921544e-11
2484	(  -1.0578387085405800416    1.1190220258081200466   -0.24049679503277998638 )	0.04234700150418016 -1.1954104373046448e-10
2485	(  -1.0578387084389599959    1.1190222046781199694   -0.24049679543277999172 )	0.042347001499776486 1.744764333011517e-10
2486	(  -1.0578387084780900285    1.119021865576119934    -0.24049679513277999465 )	0.042347001501860417 -8.951728247552637e-12
2487	(  -1.0578387084430500575    1.1190211165751200451   -0.24049679483277999759 )	0.0423470015022787 -1.1820988632393892e-10
2488	(  -1.0578387083780900202    1.119021789781120102    -0.24049679514874999775 )	0.042347001497881606 9.872980211156346e-11
2489	(  -1.0578387084678100294    1.1190238655761199915   -0.2404967949700999863  )	0.042347001501967074 -7.691980385970965e-11
2490	(  -1.0578387084829699027    1.1190235023841199613   -0.2404967953327800112  )	0.042347001501900274 8.236722415233544e-11
2491	(  -1.0578387084883700275    1.1190198655761200985   -0.24049679529546000301 )	0.04234700150975396 5.901634736460437e-11
2492	(  -1.0578387084732099321    1.1190202287681199067   -0.24049679493278000586 )	0.042347001507178794 -1.0027023655823086e-10
2493	(  -1.0578387085780900367    1.1190219413711199881   -0.24049679511680999155 )	0.04234700150585066 -1.1663314758436627e-10
2494	(  -1.0578387084280900243    1.1190216466581199839   -0.24049679508347998613 )	0.04234700150023014 1.7335355373404582e-11
2495	(  -1.0578387082780900119    1.1190209899041199115   -0.24049679493557998833 )	0.04234700149591382 9.619638419167131e-11
2496	(  -1.0578387083601898944    1.1190223954611200341   -0.24049679488347999734 )	0.04234700149636921 -1.0963230323568496e-11
2497	(  -1.0578387081564899486    1.1190246418701199627   -0.24049679428348000321 )	0.042347001491517516 -9.585954252600004e-11
2498	(  -1.0578387081601900999    1.1190225732891199151   -0.24049679462014000864 )	0.042347001488049346 6.237166338962652e-11
2499	(  -1.0578387075601900502    1.1190231067731200021   -0.24049679383011998701 )	0.04234700146347099 2.8237723270763126e-10
2500	(  -1.0578387081591700269    1.1190275732891199478   -0.2404967940646600133  )	0.04234700151141544 -2.037905399987494e-10
2501	(  -1.0578387081612099507    1.1190175732891201044   -0.24049679517562000397 )	0.04234700151468326 3.2853419984490984e-10
2502	(  -1.0578387081619300414    1.1190197959451200216   -0.24049679362014000916 )	0.04234700149671889 -4.203617454123787e-10
2503	(  -1.0578387086601899192    1.1190225885081199753   -0.24049679462192999346 )	0.042347001508623416 -4.367670669580548e-10
2504	(  -1.0578387076601900585    1.1190225580701200769   -0.24049679461834999605 )	0.04234700146747568 5.615107268042152e-10
2505	(  -1.0578387081584499363    1.1190253506331200306   -0.24049679562014000811 )	0.04234700149480712 5.451055162808416e-10
2506	(  -1.0578387080805200515    1.1190205732891200796   -0.24049679432067999629 )	0.04234700148940642 -1.9966250874858815e-12
2507	(  -1.0578387078415099065    1.1190145732891199071   -0.24049679342229998702 )	0.042347001541469594 -1.9510149051882308e-10
2508	(  -1.0578387075805200102    1.1190163137641200297   -0.24049679346983998673 )	0.04234700150535083 8.875489232451628e-11
2509	(  -1.0578387085805200929    1.1190248328141199075   -0.24049679517152000585 )	0.04234700150973108 -9.274803147718558e-11
2510	(  -1.0578387077488300427    1.1190255732891198903   -0.24049679409911001171 )	0.04234700147916888 2.2311963387977585e-10
2511	(  -1.0578387084122100603    1.1190155732891200469   -0.24049679454225000863 )	0.04234700154965801 -2.2711277303244515e-10
2512	(  -1.0578387077484099343    1.1190194779851199147   -0.24049679532067999577 )	0.04234700148166253 8.111070703975543e-10
2513	(  -1.0578387084126299467    1.1190216685931200225   -0.24049679332067999682 )	0.042347001499546615 -8.150999875056186e-10
2514	(  -1.057838707880520035     1.1190192669491199062   -0.24049679405335000482 )	0.0423470014885195 6.941935914994701e-11
2515	(  -1.0578387082805200681    1.1190218796291200309   -0.24049679458800998777 )	0.04234700149370418 -7.341260932491878e-11
2516	(  -1.0578387079207400845    1.1190225732891199151   -0.24049679445694999158 )	0.042347001478194195 2.2332835580840538e-10
2517	(  -1.0578387082403000186    1.1190185732891200221   -0.24049679418441000101 )	0.04234700150862136 -2.2732149496107468e-10
2518	(  -1.0578387081273898929    1.119021492807120044    -0.24049679382068001043 )	0.042347001488210675 -2.893632000677826e-10
2519	(  -1.0578387080336499881    1.1190196537711198932   -0.24049679482068000991 )	0.04234700149229282 2.853702829597182e-10
2520	(  -1.0578387080026601108    1.1190215732891199973   -0.24049679421324998696 )	0.042347001482883534 2.4190205394347686e-11
2521	(  -1.0578387077690800666    1.1190245732891199726   -0.24049679389095998672 )	0.0423470014753188 1.0275080786215085e-10
2522	(  -1.0578387078026600943    1.1190227360611200158   -0.24049679389254000061 )	0.04234700147330925 6.993072787508936e-11
2523	(  -1.0578387072026600446    1.1190262243771200712   -0.24049679293041001382 )	0.042347001460822646 2.071525173619193e-10
2524	(  -1.0578387083026599136    1.1190207105131200205   -0.24049679458921999209 )	0.042347001497977176 -9.497047592788022e-11
2525	(  -1.0578387073026600529    1.1190247616091200111   -0.24049679319586000914 )	0.042347001456855556 2.3483215372266386e-10
2526	(  -1.0578387078761299911    1.119017736061119983    -0.24049679310015001366 )	0.04234700150129122 -3.8467362628580304e-10
2527	(  -1.0578387077291899754    1.1190277360611200486   -0.24049679468492998757 )	0.04234700149533036 5.245354151028891e-10
2528	(  -1.0578387083026599136    1.1190271321121199044   -0.24049679296841000586 )	0.042347001513241694 -8.745697499534799e-10
2529	(  -1.0578387073026600529    1.1190183400101199052   -0.24049679481666999536 )	0.04234700147200871 1.0144314277482636e-9
2530	(  -1.057838707692480007     1.1190231712251199614   -0.240496793392539987   )	0.04234700146896793 -6.038591848778196e-11
2531	(  -1.0578387073619399672    1.1190244767171200202   -0.24049679189254000167 )	0.04234700145821885 -4.513363016656058e-10
2532	(  -1.0578387071924799656    1.1190246131691199416   -0.24049679263861001299 )	0.04234700145174086 7.697864568001478e-11
2533	(  -1.0578387056924800635    1.1190289390011201043   -0.24049679037682000771 )	0.04234700142504672 4.890720051164976e-10
2534	(  -1.0578387074015001001    1.1190146131691200981   -0.24049679196001000347 )	0.04234700152269596 -4.584437274246511e-10
2535	(  -1.0578387069834600531    1.1190346131691200071   -0.24049679331720999476 )	0.04234700158080348 6.124007967400757e-10
2536	(  -1.0578387071590300561    1.1190279362691200049   -0.24049679063860998629 )	0.04234700147392094 -8.515586014112841e-10
2537	(  -1.0578387081924800484    1.1190265935691199317   -0.24049679270332999237 )	0.04234700150426042 -8.918916716282865e-10
2538	(  -1.0578387072259300972    1.1190212900691201003   -0.24049679463861001194 )	0.04234700145164773 1.0055156707267088e-9
2539	(  -1.0578387061924801049    1.1190226327691199515   -0.24049679257389000586 )	0.04234700140704852 1.0458485188991062e-9
2540	(  -1.0578387066924799242    1.1190249550521200739   -0.24049679168748999691 )	0.04234700143257141 1.1949607969796716e-10
2541	(  -1.0578387051924800222    1.1190259807011200266   -0.24049678883413000419 )	0.042347001376474375 2.470480486849169e-10
2542	(  -1.0578387006924800939    1.1190290576481201068   -0.24049678027404999825 )	0.042347001220885 6.29704621779581e-10
2543	(  -1.0578387067098999896    1.1190359807011200921   -0.24049678849482000742 )	0.04234700160393135 -1.4335777009932826e-9
2544	(  -1.0578387048692299288    1.1190265283011200381   -0.24049678383413000682 )	0.042347001367039845 -1.8346697494564523e-9
2545	(  -1.0578387036750600547    1.1190159807011199611   -0.24049678917344000095 )	0.04234700134888901 1.9276740204077214e-9
2546	(  -1.0578387071924799656    1.1190182552011200823   -0.2404967878144599891  )	0.042347001468223885 -2.243406571622586e-9
2547	(  -1.0578387055157298935    1.1190254331011200151   -0.24049679383413000155 )	0.04234700138651014 2.3287661798931936e-9
2548	(  -1.0578387031924800787    1.1190337062011199709   -0.24049678985381001128 )	0.04234700140422238 2.737507553973728e-9
2549	(  -1.0578387043705699266    1.1190237116831200925   -0.24049678683413000524 )	0.04234700133303008 1.0697109864565846e-10
2550	(  -1.0578387019048400841    1.1190169046291200683   -0.2404967808341300084  )	0.042347001264383774 -3.1326052862823417e-10
2551	(  -1.0578387043115000665    1.119013711683120027    -0.24049678333464000191 )	0.042347001410852306 -1.5171912615130623e-9
2552	(  -1.0578387044296400088    1.119033711683119936    -0.24049679033362000857 )	0.04234700145520283 1.7311331257374718e-9
2553	(  -1.0578387063705700921    1.1190239543831199676   -0.24049678644979000097 )	0.04234700141587134 -2.0778943010668627e-9
2554	(  -1.0578387041827299608    1.1190307383831199495   -0.24049678183413000787 )	0.042347001388553844 -2.11015693807326e-9
2555	(  -1.0578387023705699832    1.1190234689831199955   -0.24049678721847000951 )	0.04234700125030254 2.2918360542689697e-9
2556	(  -1.0578387045584098924    1.1190166849831200135   -0.24049679183413000261 )	0.042347001376266485 2.324098913319972e-9
2557	(  -1.0578387035136600502    1.1190199687951198904   -0.24049678483413000629 )	0.042347001304371544 1.893818435405592e-12
2558	(  -1.057838700942929977     1.11900874013111995     -0.24049677883413000945 )	0.042347001386343654 -3.1333757810614316e-10
2559	(  -1.0578387034725300619    1.1190299687951199559   -0.24049678722557998878 )	0.04234700134760291 1.1932957955096413e-9
2560	(  -1.0578387035547900386    1.1190099687951200469   -0.24049678244267999605 )	0.042347001461143646 -1.1895082696611325e-9
2561	(  -1.0578387015136601068    1.119019851895119988    -0.24049678474137001216 )	0.04234700122269123 1.9572767850917216e-9
2562	(  -1.0578387055136599937    1.1190200856951200148   -0.24049678492689000042 )	0.04234700138607724 -1.9534891482209105e-9
2563	(  -1.0578387035395699911    1.1190247543951199471   -0.24049677983413000892 )	0.04234700130198194 -2.4289839029023597e-9
2564	(  -1.0578387034877501094    1.1190151831951200556   -0.24049678983413000366 )	0.042347001352564015 2.432771539773171e-9
2565	(  -1.0578387028699800521    1.1190249687951199231   -0.24049678416306999318 )	0.04234700127534731 3.2279823258818396e-10
2566	(  -1.0578387029436899791    1.1190164567591200928   -0.24049678283413000734 )	0.04234700131257599 -3.901232670244781e-10
2567	(  -1.0578387040836298993    1.11902348083111991     -0.24049678683413000524 )	0.042347001320818936 3.939111259398942e-10
2568	(  -1.0578387041573400484    1.1190149687951200796   -0.24049678550518999165 )	0.042347001383423004 -3.190105957173728e-10
2569	(  -1.0578387025136599675    1.1190181380771200281   -0.24049678648844000084 )	0.04234700127662996 1.797606286046971e-9
2570	(  -1.0578387045136599109    1.1190217995131199746   -0.24049678317982001174 )	0.042347001338800684 -1.7938186491761599e-9
2571	(  -1.0578387030136600089    1.1190206869221199781   -0.24049678436343999155 )	0.042347001280349315 2.754949601779799e-10
2572	(  -1.0578387040136600916    1.1190192506681200246   -0.24049678530481999328 )	0.042347001329428216 -2.7170732330716874e-10
2573	(  -1.0578387037393899295    1.1190219687951199479   -0.24049678463784998628 )	0.04234700130664713 -3.182454300088011e-10
2574	(  -1.057838703287929949     1.1190179687951200549   -0.24049678503041999056 )	0.04234700131009209 3.220380628832231e-10
2575	(  -1.0578387033414700102    1.1190206723151199242   -0.24049678583413000577 )	0.042347001293903404 6.550774367397594e-10
2576	(  -1.0578387036858500903    1.1190192652751200786   -0.24049678383413000682 )	0.04234700131583058 -6.512899108912507e-10
2577	(  -1.0578387033136600337    1.1190196809881201023   -0.24049678460264001245 )	0.042347001297805595 9.054856864310068e-11
2578	(  -1.0578387037136600668    1.1190202566021199004   -0.24049678506562000013 )	0.04234700131110266 -8.676104279459196e-11
2579	(  -1.057838703417109949     1.1190209687951200301   -0.24049678504467000839 )	0.04234700129588941 1.9971224674009136e-10
2580	(  -1.0578387036102099295    1.1190189687951199726   -0.24049678462359000419 )	0.042347001314854464 -1.9592438782467525e-10
2581	(  -1.0578387035736800392    1.1190205347541199998   -0.24049678433412999268 )	0.04234700130404549 -2.9862290418236626e-10
2582	(  -1.0578387034536400613    1.1190194028361200029   -0.24049678533412999215 )	0.04234700130533792 3.0241054105317744e-10
2583	(  -1.0578387034169800529    1.11902005408750993     -0.24049678463412998974 )	0.042347001299928924 2.3751001165805974e-12
2584	(  -1.0578387031269400609    1.1190203099646800489   -0.24049678403412999561 )	0.04234700128668878 3.8189451601056135e-12
2585	(  -1.0578387022568200848    1.1190210775961899614   -0.24049678223413001321 )	0.0423470012477578 8.150480290680662e-12
2586	(  -1.0578386996464599346    1.1190233804907199211   -0.2404967768341300105  )	0.042347001138069926 2.1145418749313194e-11
2587	(  -1.0578386918153799279    1.1190302891743100222   -0.24049676063413000238 )	0.04234700087295177 6.013012310290833e-11
2588	(  -1.0578386683221399078    1.1190510152250801035   -0.24049671203413000575 )	0.04234700065310665 1.7708734478816268e-10
2589	(  -1.0578385978424200697    1.1191131933773899032   -0.24049656623412998813 )	0.04234700517315521 5.279872095087512e-10
2590	(  -1.0578386591890400759    1.1190362732250800359   -0.24049669203412998852 )	0.04234699965869776 -3.0968094755223774e-10
2591	(  -1.0578386317897399138    1.1189920472250800554   -0.24049663203412999235 )	0.04234699927655783 -1.7699801624360134e-9
2592	(  -1.0578386687735399363    1.1190009732250800756   -0.24049674203412998996 )	0.04234700033684239 1.4155490890566114e-8
2593	(  -1.0578386496045399934    1.1190715732250799963   -0.24049664203412998709 )	0.04234700147559716 -1.4774847567622373e-8
2594	(  -1.0578386545665099394    1.1191362732250800249   -0.24049671522429000303 )	0.0423470121995423 1.5467163327897993e-8
2595	(  -1.0578386638115699903    1.118936273225080047    -0.24049666884397000177 )	0.042347007121765305 -1.608652389073484e-8
2596	(  -1.0578386391890399754    1.1189973132250798926   -0.24049670911814999275 )	0.04234699928813552 2.7907620103739816e-8
2597	(  -1.0578386791890399543    1.1190752332250799572   -0.24049667495011001206 )	0.04234700305843262 -2.852698099964357e-8
2598	(  -1.0578386499974199442    1.1190210892250800345   -0.24049667203412999905 )	0.04234699909654305 -7.379281630193191e-10
2599	(  -1.0578386224225599932    1.1189755372250800303   -0.24049661203413000288 )	0.04234700016964318 -2.0226651464838596e-9
2600	(  -1.0578386599999300977    1.1190841792250800779   -0.24049672203413000049 )	0.04234700329413751 1.3309231494673668e-8
2601	(  -1.0578386399949100127    1.1189579992250799911   -0.24049662203412999761 )	0.04234700285430524 -1.4785082935730998e-8
2602	(  -1.0578386299974200657    1.1191015992250799016   -0.24049667164217000681 )	0.04234700451717103 1.9073541634995195e-8
2603	(  -1.0578386699974200447    1.1189405792250799454   -0.24049667242608999129 )	0.042347006653265525 -2.0549397961033833e-8
2604	(  -1.0578386343233299183    1.1189247192250799667   -0.24049672203413000049 )	0.04234700802513775 3.898583167405434e-8
2605	(  -1.0578386656715099701    1.1191174592250801023   -0.24049662203412999761 )	0.042347008729521365 -4.0461682893067064e-8
2606	(  -1.0578386478859200803    1.118971089225079929    -0.24049667757269999058 )	0.04234700166120059 4.037587153504774e-9
2607	(  -1.0578386521089200301    1.119071089225079918    -0.24049666649556000753 )	0.04234700153099213 -5.513443479543412e-9
2608	(  -1.0578386399974200049    1.1190271236250799447   -0.2404966655008899945  )	0.04234699870323373 6.119626916323284e-9
2609	(  -1.0578386599974201054    1.1190150548250799023   -0.2404966785673700036  )	0.04234699956319191 -7.59548313133962e-9
2610	(  -1.057838647137889998     1.1190379546250799336   -0.24049669203412998852 )	0.04234699921220379 1.174146913029972e-8
2611	(  -1.0578386528569498903    1.1190042238250799134   -0.24049665203413000958 )	0.04234699955017398 -1.3217324568159938e-8
2612	(  -1.0578386518083400247    1.1190010892250799035   -0.24049667933248000673 )	0.04234699963204773 9.616096807718577e-10
2613	(  -1.0578386481865000857    1.1190410892250799435   -0.24049666473577999137 )	0.04234699936134493 -2.437466006810496e-9
2614	(  -1.0578386449974199746    1.1190088377250799745   -0.24049666860332000184 )	0.042346999077816735 2.6118751605963553e-9
2615	(  -1.0578386549974199138    1.1190333407250800946   -0.24049667546493999626 )	0.04234699941494971 -4.0877312645903885e-9
2616	(  -1.057838646763999968     1.1190310015250799491   -0.24049668203412999379 )	0.04234699903169706 7.305425486769934e-9
2617	(  -1.0578386532308399204    1.1190111769250798979   -0.24049666203413000432 )	0.04234699935816777 -8.781281479741665e-9
2618	(  -1.0578386495137499512    1.1190310892250801      -0.24049667266860000336 )	0.04234699914625004 5.091782551147617e-11
2619	(  -1.0578386480627399724    1.1190610892250800745   -0.24049667457200998855 )	0.04234700049561663 2.417455347014652e-9
2620	(  -1.0578386451490500164    1.1190239675250799323   -0.24049666266860000863 )	0.042346998896561176 -3.943156912100676e-10
2621	(  -1.0578386320549499899    1.1190026024250800951   -0.24049663266859999666 )	0.04234699875454055 -1.730014576040162e-9
2622	(  -1.0578386435092999029    1.1189739675250800488   -0.24049666840927999556 )	0.04234700119190151 4.006663223421469e-9
2623	(  -1.0578386467887999078    1.1190739675250800378   -0.24049665692791999394 )	0.042347001600527005 -4.795294161752395e-9
2624	(  -1.0578386472891900816    1.1190365645250799354   -0.2404966826685999981  )	0.04234699917767472 7.085411146690035e-9
2625	(  -1.0578386430089099512    1.1190113705250799292   -0.2404966426685999914  )	0.042346998932588344 -7.87404164093175e-9
2626	(  -1.0578386351490500772    1.1190344777250800234   -0.24049666588970999848 )	0.04234699862472418 1.1155016688135788e-8
2627	(  -1.0578386551490499556    1.1190134573250800631   -0.24049665944748999102 )	0.04234699939021712 -1.1943648070555923e-8
2628	(  -1.0578386449987200457    1.1190439675250800633   -0.24049666292995999783 )	0.042346999345121844 -1.1827316903634255e-10
2629	(  -1.0578386452993799871    1.1190039675250800233   -0.24049666240723999167 )	0.04234699924802595 -6.703579913391877e-10
2630	(  -1.0578386401490500468    1.1190234399250800212   -0.24049666125961999263 )	0.04234699868962968 3.927974390194322e-9
2631	(  -1.057838650149049986     1.1190244951250800653   -0.24049666407757999687 )	0.04234699910402728 -4.716605550569852e-9
2632	(  -1.0578386444485599061    1.1190233605250798909   -0.24049667266860000336 )	0.04234699886644077 5.116107870684061e-9
2633	(  -1.0578386458495399047    1.1190245745250799736   -0.24049665266859998614 )	0.04234699892741486 -5.904738697992684e-9
2634	(  -1.0578386451080898922    1.1190139675250800888   -0.24049666506281999756 )	0.04234699896750681 7.982483563040432e-10
2635	(  -1.0578386462062099316    1.119028647725079928    -0.240496667668600006   )	0.042346998974756016 9.534910638819838e-10
2636	(  -1.0578386451900099186    1.1190339675250799978   -0.24049666027437999194 )	0.04234699902561207 -1.5868792946349686e-9
2637	(  -1.0578386440918901013    1.1190192873250799366   -0.24049665766860001126 )	0.04234699886213301 -1.742122224257514e-9
2638	(  -1.057838643149050073     1.1190262025250798938   -0.2404966647884899944  )	0.042346998825389906 2.62533728090375e-9
2639	(  -1.0578386471490499599    1.1190217325250799707   -0.2404966605487099951  )	0.04234699897776076 -3.4139684412792803e-9
2640	(  -1.0578386446083700712    1.1190189675250798995   -0.24049666212768000539 )	0.04234699888561668 -1.1381451336944792e-10
2641	(  -1.0578386429863300133    1.1190039675250800233   -0.24049666050491999569 )	0.042346999152645955 7.276886870855037e-10
2642	(  -1.0578386436768600909    1.119028967525079965    -0.24049666257928001278 )	0.04234699887469381 1.0349119339281287e-9
2643	(  -1.0578386455398800514    1.119008967525080056    -0.240496661676079998   )	0.04234699909661839 -1.2625411827116295e-9
2644	(  -1.0578386426083699057    1.1190143279250799324   -0.24049666202823000161 )	0.042346998858447206 1.8383508049168995e-9
2645	(  -1.0578386466083700146    1.1190236071250800887   -0.24049666222713000918 )	0.04234699895575943 -2.0659798316557954e-9
2646	(  -1.0578386446445799951    1.1190181486250800891   -0.24049666712768000276 )	0.04234699889372427 2.2549421219153487e-9
2647	(  -1.0578386445721599252    1.119019786425079932    -0.24049665712768000803 )	0.042346998878850524 -2.482571037631942e-9
2648	(  -1.0578386436904601009    1.1190139675250800888   -0.24049666146606998862 )	0.04234699890910997 4.858653479544728e-10
2649	(  -1.0578386436083699884    1.1190237934490800953   -0.24049666184189000262 )	0.04234699883271346 7.487224173985396e-10
2650	(  -1.0578386455262900334    1.1190239675250799323   -0.24049666278928999441 )	0.042346998912084974 -7.135045887451952e-10
2651	(  -1.0578386456083699318    1.1190141416010799258   -0.24049666241347000817 )	0.042346998985139814 -9.763514441374355e-10
2652	(  -1.0578386443633100988    1.1190184382400800711   -0.24049666412768000434 )	0.04234699887964977 1.0932320604339907e-9
2653	(  -1.0578386448534400355    1.11901949681007995     -0.24049666012768000645 )	0.042346998892143196 -1.3208711902024106e-9
2654	(  -1.0578386441083700298    1.1190204635940799172   -0.24049666148532999888 )	0.04234699885640904 7.721934203175351e-11
2655	(  -1.0578386426083699057    1.1190249518010799701   -0.24049665955828000707 )	0.04234699879568278 6.503213523245677e-10
2656	(  -1.0578386443609100187    1.1190254635940799499   -0.24049666179348000439 )	0.042346998870465946 -2.7102542432544396e-11
2657	(  -1.0578386438558300409    1.1190154635940801064   -0.24049666117717999336 )	0.04234699889234144 1.8154122649605142e-10
2658	(  -1.0578386436174500584    1.1190218538530800618   -0.24049665948532999993 )	0.04234699883220376 -3.938471770936758e-10
2659	(  -1.0578386445992900011    1.1190190733350799945   -0.24049666348532999782 )	0.04234699888448574 5.482860832017877e-10
2660	(  -1.0578386451083698905    1.1190196154120799488   -0.24049666040914999265 )	0.04234699890191681 -1.440415786646554e-9
2661	(  -1.057838643108369947     1.1190213117760801076   -0.2404966625615100051  )	0.042346998812347256 1.5948549147992708e-9
2662	(  -1.0578386440480800346    1.1190224635940799747   -0.2404966614824100013  )	0.04234699884939416 1.3610490512405704e-10
2663	(  -1.057838644168660025     1.1190184635940800817   -0.24049666148824999645 )	0.042346998871424936 1.8333889961752448e-11
2664	(  -1.0578386446083700712    1.1190207050530800448   -0.24049666153401999535 )	0.04234699887601949 -3.9936098872317416e-10
2665	(  -1.0578386441325400291    1.1190204694050800427   -0.2404966604853299994  )	0.042346998857379255 -4.2794390253675374e-10
2666	(  -1.0578386436083699884    1.1190202221350800116   -0.2404966614366400024  )	0.042346998836914174 5.537998948312861e-10
2667	(  -1.0578386440842000304    1.1190204577830800137   -0.24049666248532999835 )	0.04234699885543888 5.823826976225632e-10
2668	(  -1.057838644101819936     1.1190194635940799994   -0.24049666127405000537 )	0.042346998861406124 -1.7854828726626693e-11
2669	(  -1.0578386440821700987    1.1190164635940800242   -0.24049666064020999712 )	0.042346998888397054 -3.0307778509097716e-10
2670	(  -1.0578386441001799145    1.1190214635940800569   -0.24049666126471999639 )	0.042346998852805164 -2.070255078479022e-11
2671	(  -1.0578386440952600722    1.1190274635940800074   -0.24049666123672999718 )	0.0423469988750025 -2.9245494914675874e-11
2672	(  -1.0578386439752700543    1.1190264635940800897   -0.24049666070044001254 )	0.04234699886133274 -1.6720758111432588e-10
2673	(  -1.0578386442250899968    1.1190164635940800242   -0.24049666182900000799 )	0.04234699889428288 1.2580236852244298e-10
2674	(  -1.057838643900179898     1.1190187195140799403   -0.24049666139895001238 )	0.04234699885832054 2.4386126451503287e-10
2675	(  -1.0578386443001799311    1.1190242076740799515   -0.24049666113049000815 )	0.04234699886234508 -2.8526625506231085e-10
2676	(  -1.0578386440740499275    1.1190238769410800757   -0.24049666226471999586 )	0.04234699885208376 4.864209035559952e-10
2677	(  -1.0578386441263099016    1.1190190502470800382   -0.24049666026471999691 )	0.0423469988651756 -5.278257830809707e-10
2678	(  -1.0578386440903999599    1.1190234635940798924   -0.24049666136049999143 )	0.042346998851869266 3.5146996424373356e-11
2679	(  -1.057838644061060096     1.1190294635940800649   -0.24049666164784000433 )	0.04234699889706253 2.0269552702956162e-10
2680	(  -1.0578386441642100291    1.1190184635940800817   -0.24049666135358999108 )	0.042346998871241714 -4.1986636389879095e-11
2681	(  -1.0578386439903999516    1.1190197724720800654   -0.24049666138149999872 )	0.04234699885497886 1.452479247987526e-10
2682	(  -1.0578386441903999682    1.1190271547160799415   -0.2404966613395000119  )	0.042346998876005314 -7.495382092770342e-11
2683	(  -1.0578386440165898907    1.1190284635940799252   -0.24049666136740999178 )	0.04234699888249993 1.1228074026092827e-10
2684	(  -1.0578386440887099784    1.1190234357870800785   -0.24049666036049999196 )	0.042346998851752284 -4.4415626732075e-10
2685	(  -1.0578386440920899414    1.1190234914010799283   -0.24049666236049999091 )	0.04234699885198779 5.144503711917991e-10
2686	(  -1.0578386440917899591    1.1190214635940800569   -0.24049666135499001007 )	0.04234699885245983 3.110678381545995e-11
2687	(  -1.0578386440890099607    1.1190254635940799499   -0.24049666136601000055 )	0.04234699885927873 3.9187320055589225e-11
2688	(  -1.0578386440433700244    1.1190234333600799221   -0.24049666086050000557 )	0.04234699884988234 -1.5831957966838672e-10
2689	(  -1.0578386441374298954    1.1190234938280800847   -0.24049666186050000505 )	0.042346998853858 2.2861379456173836e-10
2690	(  -1.057838644140399964     1.1190235398990799887   -0.24049666088994001156 )	0.04234699885406499 -2.411890687170626e-10
2691	(  -1.0578386440403999558    1.1190233872890800182   -0.24049666183105999906 )	0.04234699884968515 3.114832836104142e-10
2692	(  -1.0578386440732701068    1.1190229350870799507   -0.24049666116050000264 )	0.04234699885052752 -4.392175512180074e-11
2693	(  -1.0578386440218801035    1.1190213495660799037   -0.24049666056050000851 )	0.042346998849853656 -2.811277877157181e-10
2694	(  -1.0578386440232701027    1.1190224199600800059   -0.24049666119391999164 )	0.04234699884838658 2.2153057166462986e-11
2695	(  -1.0578386438732700903    1.1190208745790799494   -0.24049666129417998639 )	0.042346998845146706 2.2037749403125417e-10
2696	(  -1.0578386439232700944    1.1190209080100799177   -0.24049666090450999567 )	0.042346998847090894 -1.7051249301403004e-11
2697	(  -1.0578386436232700696    1.1190163721600800972   -0.24049666003628000777 )	0.042346998870628066 -1.346640576826985e-10
2698	(  -1.0578386440845699568    1.1190309080100799832   -0.24049666122057000717 )	0.04234699891995246 -2.6328272895170812e-11
2699	(  -1.05783864376197001      1.1190109080100800742   -0.24049666058845001193 )	0.042346998974215684 -7.773781618425346e-12
2700	(  -1.0578386437553699562    1.1190308392100800639   -0.2404966599045099962  )	0.04234699890527626 -3.301443562975237e-10
2701	(  -1.0578386440911700106    1.1190109768100799936   -0.24049666190450999514 )	0.042346998986177095 2.960421907616251e-10
2702	(  -1.057838643763080011     1.1190242067100799606   -0.24049666190450999514 )	0.04234699884024034 6.241321903743824e-10
2703	(  -1.0578386440834599558    1.1190176093100800969   -0.2404966599045099962  )	0.04234699887570874 -6.58234355910281e-10
2704	(  -1.0578386440232701027    1.1190229915150800011   -0.24049666115383000475 )	0.04234699884851112 2.870037540958492e-12
2705	(  -1.0578386438232700861    1.1190188245050800564   -0.24049666065518998659 )	0.04234699885435089 -3.697242512146204e-11
2706	(  -1.0578386438770499556    1.1190259080100799505   -0.24049666095012001144 )	0.042346998853303584 5.1107007514872294e-11
2707	(  -1.0578386439694900112    1.119015908010080107    -0.24049666085890000766 )	0.04234699889088014 -8.520917305077091e-11
2708	(  -1.0578386438846500983    1.1190195593610801073   -0.24049666140451000929 )	0.04234699885187433 2.620654804275091e-10
2709	(  -1.0578386439618900905    1.1190222566590799502   -0.24049666040451000981 )	0.04234699884594472 -2.961679790303151e-10
2710	(  -1.057838643880860019     1.1190229080100799752   -0.24049666099591998636 )	0.042346998842591216 6.932643348278589e-11
2711	(  -1.0578386439687899045    1.1190215383730799381   -0.24049666110451001222 )	0.04234699884723307 3.362765621517383e-11
2712	(  -1.0578386438777500622    1.1190202776470798973   -0.24049666070451000688 )	0.042346998847743164 -6.772982175107245e-11
2713	(  -1.0578386439571199062    1.1190229080100799752   -0.24049666071819000845 )	0.04234699884572972 -1.4051959595917651e-10
2714	(  -1.0578386438894200605    1.1190189080100800822   -0.24049666109083001064 )	0.04234699885645148 1.0641754144558035e-10
2715	(  -1.0578386439656799478    1.1190189080100800822   -0.24049666081310000498 )	0.042346998859591284 -1.0342859901868451e-10
2716	(  -1.0578386439122600127    1.1190215498110800407   -0.24049666100451000395 )	0.04234699884488216 4.2058134752664955e-11
2717	(  -1.0578386438792299895    1.1190234752140799657   -0.24049666130451000101 )	0.04234699884319926 2.1938617589256637e-10
2718	(  -1.0578386438847300344    1.1190235498110800982   -0.24049666089527999002 )	0.042346998843562245 1.704925089995868e-11
2719	(  -1.0578386438021400995    1.1190295498110800487   -0.24049666056759000377 )	0.04234699888760533 -5.797740065816015e-11
2720	(  -1.0578386439847300426    1.1190214368120801058   -0.24049666075830000711 )	0.04234699884811447 -1.4883716481506326e-10
2721	(  -1.0578386438458899921    1.1190221962160800118   -0.24049666039528000416 )	0.04234699884121507 -1.8460744044546118e-10
2722	(  -1.0578386438532398905    1.1190185498110800655   -0.24049666109178999274 )	0.042346998857732535 1.4305945317261148e-10
2723	(  -1.0578386437847300261    1.1190256628100800906   -0.24049666103226000069 )	0.04234699884794134 1.8293577763728308e-10
2724	(  -1.0578386439162199562    1.1190285498110799089   -0.24049666069876998731 )	0.042346998879390654 -1.0896061830578674e-10
2725	(  -1.0578386439235700767    1.1190249034060799627   -0.24049666139528000364 )	0.04234699884957343 2.1870594224537854e-10
2726	(  -1.0578386438347300302    1.1190229253330798986   -0.24049666088345000858 )	0.0423469988407038 6.135913999116838e-11
2727	(  -1.0578386439015399212    1.1190215498110800407   -0.24049666081456999578 )	0.04234699884444092 -3.858158237335374e-11
2728	(  -1.0578386439347300385    1.1190241742890800758   -0.24049666090710999922 )	0.042346998847200376 -2.726063819125102e-11
2729	(  -1.0578386438817100057    1.1190243162110800057   -0.24049666069528000123 )	0.042346998845486594 -7.612932506617653e-11
2730	(  -1.057838643887750063     1.1190227834110799687   -0.24049666109528000657 )	0.042346998842812685 1.1022793788839635e-10
2731	(  -1.0578386438679199255    1.1190255498110799337   -0.24049666097599001202 )	0.04234699885068389 7.268030621787602e-11
2732	(  -1.0578386438887199539    1.1190225498110799585   -0.24049666089253998735 )	0.04234699884281984 1.1741385641528268e-11
2733	(  -1.0578386439006899344    1.1190195498110799832   -0.2404966608843200071  )	0.0423469988525928 -4.182210133762965e-12
2734	(  -1.0578386438387199497    1.1190215559720799732   -0.24049666083873999511 )	0.04234699884184231 3.586397845367628e-11
2735	(  -1.057838643938719958     1.1190235436500799437   -0.24049666094634000735 )	0.042346998845772386 -1.2381207170619746e-11
2736	(  -1.0578386438646198986    1.119024549811080016    -0.2404966608897599889  )	0.04234699884564138 3.450428831541785e-11
2737	(  -1.0578386439109799255    1.1190229232330799469   -0.24049666079254000683 )	0.04234699884384053 -5.861777729876394e-11
2738	(  -1.0578386439128200092    1.1190205498110799009   -0.24049666089532001356 )	0.04234699884799872 -1.1021406010058854e-11
2739	(  -1.0578386438664599822    1.11902217638907997     -0.24049666099253999563 )	0.04234699884207797 8.21007706264254e-11
2740	(  -1.0578386438687199522    1.1190226877310800457   -0.24049666085728998999 )	0.04234699884200285 1.4786394331167685e-11
2741	(  -1.0578386438087199473    1.1190231014910800855   -0.24049666075153999789 )	0.042346998839780305 2.3921420400085935e-11
2742	(  -1.0578386436287199324    1.1190243427710799828   -0.24049666043428999385 )	0.042346998835168265 5.132627656223576e-11
2743	(  -1.0578386430887201097    1.1190280666110798968   -0.24049665948254000947 )	0.04234699883983284 1.3354073402638278e-10
2744	(  -1.0578386438287199489    1.1190224272710800335   -0.24049666055078000593 )	0.04234699884037685 -9.264278233445111e-11
2745	(  -1.0578386434287199158    1.1190262582710799322   -0.24049666031780000952 )	0.042346998837301204 1.9529533545892264e-10
2746	(  -1.0578386436669200421    1.1190221501710799767   -0.24049665993429000799 )	0.04234699883388788 -2.273705668187631e-10
2747	(  -1.0578386435822599854    1.1190143427710799173   -0.24049666052174001329 )	0.04234699889831816 1.3984902125230292e-10
2748	(  -1.0578386435905200447    1.1190265353710799889   -0.24049666093429000746 )	0.04234699884606435 3.3002278687632725e-10
2749	(  -1.0578386436751801014    1.1190343427710800484   -0.24049666034684000215 )	0.04234699897201444 -3.719669017243632e-11
2750	(  -1.0578386435698399204    1.1190221727590798917   -0.24049666023429000505 )	0.04234699882987258 1.4007572879393138e-11
2751	(  -1.0578386433932001065    1.1190156627230800623   -0.24049665963429001092 )	0.04234699887048646 -9.794853816913474e-11
2752	(  -1.0578386433698399038    1.1190196255590800778   -0.24049665996788999189 )	0.04234699883028222 8.587097699574997e-11
2753	(  -1.0578386437698399369    1.1190247199590799276   -0.24049666050068999046 )	0.04234699884243507 -5.785572021466123e-11
2754	(  -1.0578386436304099139    1.1190312000590800778   -0.24049665973428999144 )	0.042346998906217 -2.8705904320247555e-10
2755	(  -1.0578386434431399366    1.1190321727590799572   -0.24049666058972998806 )	0.042346998916201736 3.1167179947999557e-10
2756	(  -1.0578386435092699269    1.1190131454590799276   -0.24049666073428999091 )	0.04234699891650781 3.150742999835643e-10
2757	(  -1.0578386436965399042    1.1190121727590800482   -0.2404966598788499943  )	0.042346998943554134 -2.836566537212093e-10
2758	(  -1.0578386434698399121    1.1190231788480800024   -0.24049666016306001093 )	0.042346998825918074 7.97464316804053e-11
2759	(  -1.0578386436698399287    1.1190211666700800031   -0.24049666030551999918 )	0.04234699883585237 -5.173128592161902e-11
2760	(  -1.0578386436082700683    1.1190228731100799742   -0.24049666003428998851 )	0.04234699883135209 -1.2062129073342476e-10
2761	(  -1.0578386435314099945    1.1190214724080800313   -0.24049666043428999385 )	0.042346998829373816 1.486362144476061e-10
2762	(  -1.0578386435831499401    1.1190271727590799244   -0.24049666027253999157 )	0.0423469988511894 1.9095613978947767e-11
2763	(  -1.0578386435565299006    1.119017172759080081    -0.24049666019603999079 )	0.04234699885855519 8.91964280214097e-12
2764	(  -1.057838643572730053     1.1190217982670800367   -0.24049666013428999678 )	0.04234699883044865 -3.6981973039473814e-11
2765	(  -1.057838643560309988     1.1190241727590799492   -0.24049666021446999831 )	0.04234699883178815 1.4004242210319262e-11
2766	(  -1.0578386435198399163    1.1190217831830799877   -0.24049666023215998667 )	0.04234699882829598 6.298306320928759e-11
2767	(  -1.0578386436198399245    1.1190225623350800177   -0.24049666023641999568 )	0.04234699883175256 -3.4967806428198855e-11
2768	(  -1.0578386435669500099    1.1190225472510799687   -0.24049666033429001333 )	0.042346998829577015 6.499689675365516e-11
2769	(  -1.0578386435793700748    1.1190201727590800562   -0.2404966602541100118  )	0.04234699883595718 1.401079252616455e-11
2770	(  -1.057838643570460091     1.1190231727590800315   -0.24049666023183000063 )	0.04234699883005196 1.2204237620494496e-11
2771	(  -1.0578386435601399018    1.1190221385800800391   -0.24049666018429000092 )	0.04234699882950341 -3.419486915845482e-13
2772	(  -1.0578386435310400682    1.1190220360430800373   -0.24049666003428998851 )	0.04234699882840999 -4.339129056063484e-11
2773	(  -1.0578386435435500612    1.1190231385800799568   -0.24049666015848000789 )	0.04234699882890623 3.8333780594257405e-12
2774	(  -1.0578386434937800953    1.1190261385800799321   -0.24049666008105000103 )	0.04234699883911545 1.6360024446271382e-11
2775	(  -1.0578386434938100713    1.1190230663300799741   -0.24049665995847999134 )	0.04234699882678596 -4.2625236673643485e-11
2776	(  -1.0578386433445901016    1.1190228495800800257   -0.2404966593584799972  )	0.04234699882048767 -1.8200130291745609e-10
2777	(  -1.057838643331449946     1.1190229909480799986   -0.24049665945848000548 )	0.042346998820038735 -1.207618449683423e-10
2778	(  -1.0578386436561699746    1.1190231417120799495   -0.24049666045848000495 )	0.04234699883354444 3.5511482643357795e-11
2779	(  -1.0578386433640198927    1.1190250663300800316   -0.24049666020304999448 )	0.04234699882732823 2.0480139806267061e-10
2780	(  -1.0578386436236000279    1.1190210663300799165   -0.2404966597139099882  )	0.04234699883424589 -2.900517603876551e-10
2781	(  -1.0578386433061399696    1.1190210663300799165   -0.24049666035819999843 )	0.04234699882117822 3.3730740423010275e-10
2782	(  -1.0578386436814799509    1.1190250663300800316   -0.240496659558760012   )	0.04234699884039053 -4.2255776655508726e-10
2783	(  -1.057838643410790036     1.1190220663300800563   -0.24049665992450000584 )	0.042346998823427615 2.405053933784984e-11
2784	(  -1.0578386431617299301    1.1190190663300800811   -0.24049665982255999386 )	0.04234699882534838 2.240782004392372e-10
2785	(  -1.0578386432855699795    1.1190223930730800461   -0.24049665942449999223 )	0.042346998818034824 -9.122613775502941e-11
2786	(  -1.0578386434393600712    1.1190200663300799988   -0.24049665979810000427 )	0.04234699883072043 -6.531708507395706e-11
2787	(  -1.0578386433822299928    1.1190240663300798918   -0.24049666005090000742 )	0.04234699882413571 1.1340817174243512e-10
2788	(  -1.0578386435360100926    1.1190217395870800665   -0.2404966604244999917  )	0.042346998829034296 1.393272164307291e-10
2789	(  -1.0578386436107900526    1.1190226446540800787   -0.2404966596350600061  )	0.04234699883138133 -3.151681138291451e-10
2790	(  -1.0578386432107900195    1.119021488006080034    -0.24049666021394000559 )	0.04234699881614184 3.6326930352714726e-10
2791	(  -1.0578386434150999218    1.1190230663300799741   -0.24049665987397000899 )	0.04234699882354667 -4.5639048096290935e-12
2792	(  -1.0578386434280300232    1.1190260663300799493   -0.24049665972237999068 )	0.042346998835903614 -9.040768134127575e-11
2793	(  -1.0578386433150999135    1.1190225662090800274   -0.24049665947728998683 )	0.04234699881921017 -9.536438305701722e-11
2794	(  -1.0578386435150999301    1.1190235664510799207   -0.2404966602706500034  )	0.042346998828383005 8.623646241545657e-11
2795	(  -1.057838643380200061     1.1190210663300799165   -0.24049666025151000825 )	0.04234699882422677 2.1193014010378874e-10
2796	(  -1.0578386434500000046    1.1190250663300800316   -0.24049665949643000973 )	0.042346998830866 -2.2105828278995432e-10
2797	(  -1.0578386433199200578    1.1190250663300800316   -0.24049666031621000362 )	0.04234699882551369 3.0333047185138184e-10
2798	(  -1.0578386435102800078    1.1190210663300799165   -0.24049665943172998661 )	0.04234699882958128 -3.1245850351524496e-10
2799	(  -1.0578386433797000166    1.1190229317610800308   -0.24049665967396999244 )	0.04234699882198116 -6.536260421796669e-11
2800	(  -1.0578386433828599333    1.1190240663300798918   -0.24049665993835001032 )	0.04234699882416163 5.864242424991062e-11
2801	(  -1.0578386434505000491    1.1190232008990799173   -0.24049666007396999778 )	0.04234699882514837 5.623457255410358e-11
2802	(  -1.0578386434473399103    1.1190220663300800563   -0.24049665980959000766 )	0.04234699882493199 -6.77702338691688e-11
2803	(  -1.0578386433650999177    1.1190221541830800422   -0.24049666004010999965 )	0.042346998821461826 1.2534828730537129e-10
2804	(  -1.0578386434650999259    1.1190239784770799059   -0.24049665970782999058 )	0.04234699882729516 -1.3447620794693194e-10
2805	(  -1.0578386433979900527    1.1190225663300799042   -0.24049665985331999951 )	0.04234699882262166 2.6134649999676185e-12
2806	(  -1.0578386433466600014    1.1190210663300799165   -0.24049665979136999883 )	0.04234699882284613 2.4146018517967605e-11
2807	(  -1.0578386433479900486    1.1190232702800799736   -0.24049665983762999466 )	0.04234699882101849 4.5066617104794204e-11
2808	(  -1.0578386433617998907    1.1190215663300799864   -0.24049665990369001323 )	0.042346998822190285 6.303124688855632e-11
2809	(  -1.0578386434479900569    1.1190218623800800568   -0.24049665986901000436 )	0.04234699882521622 -3.983968710485897e-11
2810	(  -1.0578386434341799927    1.1190235663300800439   -0.24049665980295001355 )	0.04234699882505269 -5.7804205866318625e-11
2811	(  -1.0578386433947200018    1.119022361874079996    -0.24049665965332001072 )	0.042346998822540775 -9.031508874102201e-11
2812	(  -1.0578386434012601036    1.1190227707860800344   -0.2404966600533199883  )	0.04234699882278612 9.554201874095725e-11
2813	(  -1.0578386433953999024    1.1190230663300799741   -0.24049665985742998964 )	0.04234699882273591 7.1804784340656624e-12
2814	(  -1.057838643400579981     1.1190220663300800563   -0.24049665984921000939 )	0.042346998823007395 -1.9533263895255004e-12
2815	(  -1.0578386433839499503    1.1190225414006600424   -0.24049665975331999124 )	0.04234699882204587 -3.144573490487801e-11
2816	(  -1.0578386434120299331    1.119022591259499988    -0.24049665995332000779 )	0.042346998823198645 3.667288694941817e-11
2817	(  -1.0578386433779900511    1.1190224869128300167   -0.24049665992432001094 )	0.04234699882180945 5.6763926892244854e-11
2818	(  -1.0578386434179900544    1.1190226457473300137   -0.24049665978231998809 )	0.042346998823446474 -5.1536996892309617e-11
2819	(  -1.0578386433879900519    1.1190226172254400527   -0.24049665985217000275 )	0.042346998822209714 1.2060352716503075e-11
2820	(  -1.0578386433579900494    1.1190227699115200544   -0.24049665984872001245 )	0.042346998821005 4.0400904843806984e-11
2821	(  -1.0578386433679900502    1.1190226813336499045   -0.24049665981428000605 )	0.04234699882139349 1.3835488310576238e-11
2822	(  -1.0578386433079900453    1.1190228736582799041   -0.24049665970060998821 )	0.042346998818994196 1.916100611509819e-11
2823	(  -1.0578386431279900304    1.1190234506321699026   -0.24049665935959999019 )	0.04234699881224077 3.513744850636158e-11
2824	(  -1.0578386425879899857    1.1190251815538398983   -0.24049665833656999614 )	0.04234699879598054 8.306688670245421e-11
2825	(  -1.0578386409679900737    1.1190303743188501073   -0.24049665526747998623 )	0.042346998783200404 2.2685497924612719e-10
2826	(  -1.0578386421049599253    1.1190234045538400842   -0.24049665733656999667 )	0.0423469987700629 8.510359084112906e-11
2827	(  -1.0578386406558699662    1.1190180735538399759   -0.24049665433656999824 )	0.04234699873015924 9.121370325715361e-11
2828	(  -1.0578386363086000888    1.119002080553840095    -0.24049664533657000298 )	0.04234699895109083 1.0954381846062233e-10
2829	(  -1.0578386426558699096    1.1190468686538399545   -0.24049665847879000968 )	0.042346999381341406 8.359379854994131e-11
2830	(  -1.0578386386558700227    1.1189892784538399972   -0.24049665019434998681 )	0.042346999736805314 9.883349694206345e-11
2831	(  -1.0578386388165299525    1.1190680735538400814   -0.24049665641135001271 )	0.04234700070320087 2.9285089908626105e-9
2832	(  -1.0578386424952099798    1.1189680735538400924   -0.24049665226179001154 )	0.04234700175789595 -2.7460815843483033e-9
2833	(  -1.0578386414265998905    1.1190565418538400699   -0.24049664933657000088 )	0.04234699989412518 -3.0844826692799643e-9
2834	(  -1.0578386398851400418    1.1189796052538401039   -0.24049665933656999561 )	0.04234700052556261 3.266910186816574e-9
2835	(  -1.0578386416558700489    1.1190168582538400077   -0.24049665474726000802 )	0.04234699878379409 -7.112472832915273e-10
2836	(  -1.0578386396558701055    1.1190192888538399441   -0.24049665392587998847 )	0.0423469986794886 8.936743567389271e-10
2837	(  -1.0578386405852000518    1.1190380735538401069   -0.24049665561674998804 )	0.042346998946610905 7.776416177662782e-10
2838	(  -1.0578386407265401026    1.1189980735538400669   -0.24049665305639000845 )	0.04234699931371956 -5.952145443188783e-10
2839	(  -1.0578386409011599767    1.1190312220538400911   -0.2404966523365699993  )	0.04234699879436852 -1.1160630197792898e-9
2840	(  -1.0578386404105799556    1.1190049250538400827   -0.24049665633656999719 )	0.04234699901168878 1.2984903152712945e-9
2841	(  -1.0578386403437098906    1.1190179618538400597   -0.24049665333656999877 )	0.042346998718327006 -7.761946640982842e-11
2842	(  -1.057838639407230108     1.1190176267538400889   -0.24049665033657000035 )	0.04234699868297827 -5.841196415445893e-10
2843	(  -1.0578386410403100015    1.1190228462538400755   -0.24049665533656999772 )	0.042346998725651716 1.8776691312893945e-10
2844	(  -1.0578386396471100017    1.1190130774538400438   -0.24049665133656999982 )	0.04234699875868823 -3.4300629003780614e-10
2845	(  -1.0578386401251300697    1.1190079618538399941   -0.24049665461798000465 )	0.042346998901860444 7.573098814717127e-10
2846	(  -1.0578386405622899336    1.1190279618538399031   -0.24049665205515999289 )	0.04234699873477507 -9.12549147358277e-10
2847	(  -1.0578386393437100299    1.1190230260538400753   -0.24049665423506000339 )	0.042346998655952574 1.3545480292975753e-9
2848	(  -1.0578386413437099733    1.119012897653840044    -0.24049665243807999415 )	0.04234699883203654 -1.509787406206442e-9
2849	(  -1.0578386404950599342    1.1190222482838398932   -0.24049665433656999824 )	0.042346998703261876 2.520237352143795e-10
2850	(  -1.0578386403968200735    1.1190129618538400269   -0.24049665416169999088 )	0.04234699879178652 2.661522113811543e-10
2851	(  -1.0578386402905999297    1.1190229618538400924   -0.24049665251144000666 )	0.042346998694869756 -4.21391588290021e-10
2852	(  -1.057838640192360069     1.1190136754238400041   -0.2404966523365699993  )	0.04234699877013361 -4.0726311212324617e-10
2853	(  -1.0578386398437100713    1.1190183822458399376   -0.24049665356718999409 )	0.04234699869402602 5.333069541535451e-10
2854	(  -1.057838640843709932     1.1190175414618399596   -0.24049665310595000345 )	0.04234699874298324 -6.885463310624118e-10
2855	(  -1.0578386403335100496    1.1190199618538398951   -0.24049665340927001145 )	0.0423469987033985 -3.24515969651884e-11
2856	(  -1.0578386403029100826    1.1190259618538400677   -0.24049665362736999397 )	0.04234699870661399 1.0305312159175628e-10
2857	(  -1.0578386401335100331    1.1190208391658400533   -0.24049665311108001098 )	0.042346998691325716 2.4121149522216e-11
2858	(  -1.0578386395335099834    1.1190234711018400837   -0.24049665221651000957 )	0.042346998664352396 1.9383894489521936e-10
2859	(  -1.0578386397630699101    1.1190222519658399314   -0.24049665111108001203 )	0.04234699867313199 -5.674254399679057e-10
2860	(  -1.0578386405039499341    1.1190194263658399532   -0.24049665511108000993 )	0.04234699871351587 6.156678500346402e-10
2861	(  -1.0578386398677399605    1.1190308391658398968   -0.24049665418126001115 )	0.042346998745408884 8.04640576390625e-10
2862	(  -1.0578386403992801057    1.1190108391658399878   -0.2404966520409000108  )	0.042346998837265046 -7.56398277346193e-10
2863	(  -1.0578386406335100745    1.1190294666658400224   -0.24049665187311000669 )	0.04234699875613752 -1.0713341325185866e-9
2864	(  -1.0578386396335099917    1.1190122116658400842   -0.24049665434904998751 )	0.04234699877534492 1.1195764315630186e-9
2865	(  -1.0578386400478501095    1.1190258391658400861   -0.24049665285703999973 )	0.042346998695307475 -1.241051705846985e-11
2866	(  -1.0578386402191699567    1.1190158391658400205   -0.24049665336511999447 )	0.04234699873734758 6.065270508059939e-11
2867	(  -1.0578386400368300357    1.1190185337448399494   -0.2404966521110800115  )	0.04234699870072617 -3.601920983697937e-10
2868	(  -1.0578386402301900304    1.1190231445868399351   -0.24049665411108001045 )	0.04234699869255332 4.084343974142257e-10
2869	(  -1.0578386403335100496    1.1190222065488399927   -0.24049665250158999696 )	0.042346998696642955 -4.690394739270687e-10
2870	(  -1.0578386399335100165    1.1190194717828398918   -0.24049665372056999724 )	0.042346998689745646 5.172817729715007e-10
2871	(  -1.0578386402145600886    1.1190228391658401108   -0.24049665313400001021 )	0.04234699869166381 -4.590461344378127e-11
2872	(  -1.0578386400398500644    1.1190224492168399095   -0.24049665261107999736 )	0.04234699868442995 -1.2271561544707765e-10
2873	(  -1.0578386400524599775    1.1190188391658399958   -0.24049665308816001175 )	0.04234699869898625 9.414680146591081e-11
2874	(  -1.0578386402271700018    1.119019229114839975    -0.24049665361107999684 )	0.042346998703407294 1.709578034692072e-10
2875	(  -1.0578386401987600607    1.1190198731278400146   -0.24049665261107999736 )	0.04234699869832514 -2.8162561171996003e-10
2876	(  -1.0578386400682600055    1.119021805203840092    -0.24049665361107999684 )	0.042346998686193286 3.2986779974208957e-10
2877	(  -1.0578386400835100289    1.1190213601678400401   -0.24049665292315000609 )	0.042346998687716186 -1.6271872738116144e-11
2878	(  -1.0578386399335100165    1.1190229231738400006   -0.24049665235935999141 )	0.042346998680146235 -1.374511615637175e-10
2879	(  -1.0578386399835100207    1.1190218418998401084   -0.24049665252435001306 )	0.042346998682648844 -1.0809197981132002e-10
2880	(  -1.0578386401835100372    1.1190208784358399718   -0.24049665332194999912 )	0.04234699869324807 7.554812331278526e-11
2881	(  -1.0578386400476200713    1.1190233601678400976   -0.24049665329910999145 )	0.04234699868532605 2.0045221038600403e-10
2882	(  -1.0578386401193999866    1.1190193601678399826   -0.24049665254718999297 )	0.04234699869810694 -2.329960668845388e-10
2883	(  -1.0578386399892401037    1.1190193601678399826   -0.24049665336313999497 )	0.042346998692748196 2.8963020870520495e-10
2884	(  -1.0578386401777799541    1.1190233601678400976   -0.24049665248315998944 )	0.04234699869068258 -3.221740652037397e-10
2885	(  -1.0578386400760799724    1.1190223601678399579   -0.2404966529656999974  )	0.04234699868595381 1.1624368134732777e-11
2886	(  -1.0578386400537900247    1.1190253601678399331   -0.24049665309334999908 )	0.042346998692667066 9.531309075327954e-11
2887	(  -1.0578386400030399539    1.1190203601678399004   -0.24049665282758000973 )	0.04234699868786012 1.8229640019740145e-11
2888	(  -1.0578386401491199909    1.1190243601678400154   -0.24049665310382001282 )	0.042346998692046264 5.019096249725408e-12
2889	(  -1.0578386399806900542    1.1190243061568398986   -0.24049665246570001154 )	0.042346998684927015 -1.334823362952875e-10
2890	(  -1.0578386401714801046    1.1190204141788400172   -0.24049665346570001101 )	0.04234699869455635 1.567208585129265e-10
2891	(  -1.0578386401522998916    1.119021799217839952    -0.24049665246570001154 )	0.04234699868966179 -3.0509217374685704e-10
2892	(  -1.0578386399998600531    1.1190229211178399638   -0.24049665346570001101 )	0.042346998682875524 3.283409100163226e-10
2893	(  -1.0578386400260799682    1.1190224579908401026   -0.24049665290330998757 )	0.042346998683860854 3.161515493843581e-11
2894	(  -1.0578386398760799558    1.1190227514598400926   -0.24049665271614001361 )	0.04234699867769707 9.158773739414983e-11
2895	(  -1.0578386401058899047    1.1190214579908399628   -0.24049665282982998771 )	0.042346998688406634 -8.353806535410513e-11
2896	(  -1.0578386399462700318    1.1190234579908400203   -0.24049665297678998743 )	0.042346998681315744 1.467684862532792e-10
2897	(  -1.0578386399924799566    1.1190223368158400685   -0.24049665240331000171 )	0.04234699868252422 -1.7528134499400494e-10
2898	(  -1.0578386401260799765    1.1190233208748399107   -0.24049665268305001065 )	0.04234699868849585 -1.743283295496667e-10
2899	(  -1.05783863992607996      1.1190215951068400724   -0.24049665312356999225 )	0.042346998680714266 2.375587504488408e-10
2900	(  -1.0578386400596799799    1.1190225791658399146   -0.24049665340331000118 )	0.042346998685226823 2.385118769154815e-10
2901	(  -1.0578386399760799641    1.1190221649365899026   -0.24049665285378998836 )	0.0423469986819652 5.779643430514625e-11
2902	(  -1.0578386400545900514    1.1190219579908400327   -0.24049665291623001373 )	0.04234699868541465 9.319545135610952e-12
2903	(  -1.0578386399975701071    1.1190229579908399504   -0.24049665289038998917 )	0.042346998682807176 5.39106537189582e-11
2904	(  -1.0578386400760799724    1.1190227510450900805   -0.24049665295282998678 )	0.04234699868592815 5.433986594027829e-12
2905	(  -1.0578386400367800757    1.1190224866846800733   -0.24049665270330999878 )	0.04234699868429459 -7.528355716601709e-11
2906	(  -1.0578386400153800828    1.1190224292969999098   -0.24049665310331000412 )	0.042346998683428776 1.3851375602058624e-10
2907	(  -1.0578386400173200865    1.1190224744184900096   -0.24049665280331000705 )	0.04234699868349631 -7.724265671527064e-12
2908	(  -1.0578386399910399973    1.1190225237014399529   -0.24049665250331000999 )	0.0423469986824059 -1.2574208341220583e-10
2909	(  -1.0578386400019699209    1.1190222744184898929   -0.24049665280644000331 )	0.04234699868295009 9.13147335523945e-12
2910	(  -1.0578386399559200903    1.1190216744184899866   -0.2404966528158299921  )	0.04234699868179127 5.969780225711929e-11
2911	(  -1.0578386399627199843    1.1190221829889799299   -0.24049665260643998677 )	0.04234699868140037 -4.781730567060549e-11
2912	(  -1.0578386399586900968    1.1190227744184899628   -0.24049665280383999977 )	0.04234699868110499 5.116063128696169e-11
2913	(  -1.0578386400452499672    1.119021774418490045    -0.24049665280904000686 )	0.04234699868529535 -3.289812866569264e-11
2914	(  -1.0578386400412200796    1.1190223658480000779   -0.24049665300643999211 )	0.04234699868451651 6.6079919314177e-11
2915	(  -1.0578386399019699127    1.1190220610726799855   -0.24049665290054000888 )	0.04234699867901362 1.5439294287489247e-10
2916	(  -1.0578386401019699292    1.1190224877643000223   -0.24049665271233999775 )	0.042346998686977395 -1.3612999616441357e-10
2917	(  -1.0578386399519699168    1.1190222260687299194   -0.24049665276126999669 )	0.04234699868092486 3.7404968011856e-11
2918	(  -1.0578386398019699044    1.119022081019449999    -0.24049665262576000457 )	0.042346998674877095 1.222255630040081e-10
2919	(  -1.0578386399854000643    1.1190227260687299893   -0.24049665276796000635 )	0.0423469986821886 7.192690887336539e-12
2920	(  -1.0578386399375199201    1.119022183739079912    -0.24049665266126998842 )	0.042346998680362576 3.7556624477019795e-12
2921	(  -1.0578386398941699298    1.1190220567501298898   -0.24049665236126999135 )	0.04234699867869716 -9.7192476289365e-11
2922	(  -1.0578386398375199118    1.1190217682530099186   -0.24049665255492999605 )	0.042346998676755225 5.260680779883842e-11
2923	(  -1.057838639537520109     1.1190205217947999383   -0.24049665223590999119 )	0.042346998668002615 1.9916013282994527e-10
2924	(  -1.0578386397020900223    1.1190224122680099139   -0.24049665205493001019 )	0.04234699867054024 -5.246003631498297e-11
2925	(  -1.0578386392957999096    1.1190243443130098999   -0.2404966505549299971  )	0.04234699865687678 -3.6765990252263236e-10
2926	(  -1.0578386396477199582    1.1190204122680100784   -0.24049665199097000623 )	0.04234699867300356 -2.885425232079797e-11
2927	(  -1.0578386397564600863    1.1190244122680099714   -0.24049665211888998639 )	0.042346998676076004 -7.606559826456305e-11
2928	(  -1.0578386399777599536    1.1190221644440099258   -0.24049665305493000966 )	0.04234699868203476 1.528633886138664e-10
2929	(  -1.0578386394264200909    1.119022660092009902    -0.24049665105493001072 )	0.04234699865916913 -2.5778335022152987e-10
2930	(  -1.0578386392020899809    1.1190225580500099412   -0.24049665261530001059 )	0.0423469986499319 7.170742888362724e-10
2931	(  -1.0578386402020900636    1.1190222664860101087   -0.24049665149456000979 )	0.042346998691191684 -8.219942504439359e-10
2932	(  -1.0578386395020900057    1.1190228988260100262   -0.24049665189427998913 )	0.04234699866237522 7.026845771918033e-11
2933	(  -1.0578386389020899561    1.1190243585000099191   -0.2404966514123300092  )	0.04234699864072597 4.384538287993678e-10
2934	(  -1.0578386395276000442    1.1190208988260099687   -0.24049665166768999236 )	0.0423469986661789 -6.422973264363918e-11
2935	(  -1.0578386394765799672    1.1190248988260100838   -0.24049665212087001365 )	0.04234699866657197 2.047667591043023e-10
2936	(  -1.0578386400020900471    1.1190227889820099083   -0.24049665236180001182 )	0.042346998682896785 -2.0485746432541418e-10
2937	(  -1.0578386390020899643    1.1190230086700099221   -0.24049665142675999419 )	0.04234699864187824 3.453944907860773e-10
2938	(  -1.0578386397427499421    1.1190234011160100636   -0.24049665089427998965 )	0.04234699867284449 -6.513847239375536e-10
2939	(  -1.0578386392614300693    1.1190223965360099889   -0.2404966528942799886  )	0.0423469986524095 7.919217503982168e-10
2940	(  -1.0578386397020900223    1.1190236837020099969   -0.24049665213457999124 )	0.042346998671710816 -1.414890427042792e-11
2941	(  -1.0578386394579499807    1.1190237923030099676   -0.24049665139428000327 )	0.04234699866191391 -1.2608802890667903e-10
2942	(  -1.0578386393020899892    1.1190221139500100556   -0.24049665165397998701 )	0.04234699865427034 1.5468581970878859e-10
2943	(  -1.0578386395462300307    1.1190220053490100849   -0.24049665239428000274 )	0.042346998664433484 2.666251663896446e-10
2944	(  -1.0578386397020900223    1.1190221626300100866   -0.24049665145505000341 )	0.04234699867069012 -3.4099811863086416e-10
2945	(  -1.0578386393020899892    1.1190236350220099659   -0.2404966523335100026  )	0.042346998655145525 4.815351450915273e-10
2946	(  -1.0578386394700098894    1.1190232194267599741   -0.24049665169428000033 )	0.04234699866135757 6.149969422608592e-12
2947	(  -1.0578386393737699844    1.1190241812290100398   -0.2404966510942800062  )	0.042346998659538615 -1.862061616009214e-10
2948	(  -1.0578386392700100949    1.1190237013387600573   -0.24049665123117000554 )	0.04234699865396881 -1.660316328866429e-11
2949	(  -1.0578386386700100452    1.1190251470747600848   -0.24049664984183999339 )	0.04234699863459426 -8.486145119945832e-11
2950	(  -1.0578386368700098963    1.1190294842827599453   -0.24049664567385001246 )	0.04234699860159648 -2.896365369764453e-10
2951	(  -1.0578386386575899802    1.1190201470747600521   -0.24049664962857000838 )	0.04234699863346685 -1.750228850738722e-10
2952	(  -1.0578386386824301102    1.1190301470747598955   -0.24049665005511000615 )	0.04234699868572113 5.299982674955572e-12
2953	(  -1.0578386389069400764    1.1190245991777600931   -0.24049665184183999234 )	0.042346998641836706 6.401951191392641e-10
2954	(  -1.0578386384330800141    1.1190256949717600765   -0.24049664784183999444 )	0.04234699862795329 -8.099179105158782e-10
2955	(  -1.0578386376700099625    1.1190250836117598965   -0.24049665031292000172 )	0.04234699859312695 1.1417249368150806e-9
2956	(  -1.0578386396700099059    1.1190252105377600511   -0.24049664937076001281 )	0.04234699867606908 -1.3114476171693923e-9
2957	(  -1.0578386386938500863    1.1190231470747600273   -0.24049665018224000712 )	0.04234699862932893 5.5028648304755734e-11
2958	(  -1.0578386387653699874    1.1190171470747600768   -0.24049665120343999281 )	0.04234699866153536 4.746990578397003e-10
2959	(  -1.0578386381938500449    1.1190226693197600216   -0.24049664937969000844 )	0.0423469986084424 1.6900747468184818e-10
2960	(  -1.0578386391938499056    1.119023624829760033    -0.2404966509847900058  )	0.042346998650669945 -5.894995602773179e-11
2961	(  -1.0578386387431000237    1.1190281470747600601   -0.24049664921506000437 )	0.04234699866197035 -4.5942849524749363e-10
2962	(  -1.0578386386445999268    1.1190181470747599946   -0.24049665114942000987 )	0.0423469986466854 5.694859028793076e-10
2963	(  -1.0578386389197200756    1.1190205066337599593   -0.24049664818224000817 )	0.04234699864263339 -1.1328280535849444e-9
2964	(  -1.0578386384679800969    1.1190257875157600953   -0.24049665218224000607 )	0.04234699862997338 1.2428852391721534e-9
2965	(  -1.0578386388938501028    1.1190218912037599441   -0.24049665031365999313 )	0.0423469986377276 -8.17592660240507e-11
2966	(  -1.0578386384938500697    1.1190244029457601105   -0.24049665005081999336 )	0.04234699862408682 1.9181656263356217e-10
2967	(  -1.0578386386455000956    1.1190219585657599222   -0.24049664918224000765 )	0.0423469986274166 -3.7761460625063137e-10
2968	(  -1.057838638839690093     1.1190251470747600848   -0.24049664941171000621 )	0.04234699864157589 -4.614311155393125e-10
2969	(  -1.0578386387422000769    1.1190243355837599104   -0.24049665118224000659 )	0.042346998634065894 4.876719028601428e-10
2970	(  -1.0578386385480100795    1.1190211470747599698   -0.24049665095277000804 )	0.042346998625079506 5.71488412148824e-10
2971	(  -1.057838638593850078     1.1190234036287600716   -0.2404966498161300037  )	0.04234699862556757 -2.1067814159891896e-11
2972	(  -1.0578386382938500532    1.1190241732907599825   -0.24049664871779999342 )	0.04234699861507459 -2.493572015538348e-10
2973	(  -1.0578386383938500614    1.1190216266577599491   -0.24049664888405000718 )	0.04234699861758474 -2.6939206421161543e-10
2974	(  -1.0578386387938500945    1.1190251805997599721   -0.24049665074821000021 )	0.04234699863986263 2.2725643589183164e-10
2975	(  -1.0578386386250300255    1.1190214036287600141   -0.24049665060208999523 )	0.042346998627577674 3.257937253309251e-10
2976	(  -1.0578386385626699084    1.1190254036287599071   -0.24049664903017001216 )	0.04234699863155796 -3.6792924262840643e-10
2977	(  -1.0578386383938500614    1.1190241895007599915   -0.24049665051443999686 )	0.042346998619241356 5.148146353661787e-10
2978	(  -1.0578386387938500945    1.1190226177567599297   -0.24049664911782001053 )	0.04234699863313029 -5.569502636859625e-10
2979	(  -1.0578386384938500697    1.1190239576977600855   -0.24049664970084999593 )	0.04234699862266627 2.348332639456885e-11
2980	(  -1.0578386381938500449    1.1190256199047599051   -0.2404966493550100004  )	0.042346998617649144 1.5713663703564862e-10
2981	(  -1.0578386382938500532    1.1190228337787599955   -0.24049664904963999335 )	0.04234699861261292 -8.974443410636468e-11
2982	(  -1.0578386376938500035    1.1190194620217599475   -0.24049664709601001333 )	0.0423469985975998 -4.2942716049765295e-10
2983	(  -1.0578386384617199933    1.1190278337787600282   -0.24049665023997998659 )	0.04234699864700931 3.1493130325799257e-10
2984	(  -1.057838638125979891     1.1190178337787599627   -0.24049664785930000011 )	0.04234699862820945 -4.944198384038145e-10
2985	(  -1.0578386386628100269    1.1190186191727600207   -0.24049665104963999229 )	0.042346998643467415 5.032823047201873e-10
2986	(  -1.0578386379248900795    1.1190270483847599703   -0.2404966470496399944  )	0.04234699861729742 -6.827709508883117e-10
2987	(  -1.0578386377938500118    1.1190224893177600496   -0.2404966504093500046  )	0.04234699859198138 1.0642671188776376e-9
2988	(  -1.0578386387938500945    1.1190231782397599414   -0.24049664768993000985 )	0.042346998633480334 -1.243755765045762e-9
2989	(  -1.0578386380938500366    1.119022984026760037    -0.24049664905948001103 )	0.04234699860447934 1.1498868524029149e-10
2990	(  -1.057838637493849987     1.1190234347707599394   -0.24049664908900000859 )	0.04234699858035101 7.291875991910501e-10
2991	(  -1.057838638593850078     1.1190237067717601072   -0.24049664989218000333 )	0.0423469986261556 1.55117030331553e-11
2992	(  -1.0578386375938499953    1.1190222612817599668   -0.24049664822677999099 )	0.042346998583844754 2.1446555642512521e-10
2993	(  -1.0578386382636499885    1.1190249840267600945   -0.24049664821767000045 )	0.04234699861706518 -4.5971626505547647e-10
2994	(  -1.0578386379240500847    1.1190209840267599795   -0.24049664990128999387 )	0.04234699859989064 6.89693524513757e-10
2995	(  -1.057838638593850078     1.1190210056727600829   -0.24049664828785000115 )	0.042346998627393134 -7.561602455297134e-10
2996	(  -1.0578386375938499953    1.119024962380759991    -0.24049664983110999317 )	0.04234699858940169 9.86137504987994e-10
2997	(  -1.0578386380449400495    1.1190236834317599524   -0.24049664855947999742 )	0.04234699860351497 -7.659806122717328e-11
2998	(  -1.0578386378982100879    1.1190257816467599206   -0.24049664705948001209 )	0.04234699860649364 -6.513580785849626e-10
2999	(  -1.0578386375449400081    1.1190226289007600968   -0.24049664765748998696 )	0.04234699858173024 -1.0449197063167048e-11
3000	(  -1.057838636044940106     1.1190194653077600861   -0.24049664495152001109 )	0.04234699852969374 1.8799739542885163e-10
