1	(  14.720000000000000639    -2.4700000000000001954    2.5400000000000000355  -22.890000000000000568   )	-14.72 -3198.427648 -304.80369999999994
2	(  14.720000000000000639    -1.4699999999999999734    3.5400000000000000355  -24.890000000000000568   )	-14.72 -3203.507648 -401.3637
3	(  14.720000000000000639    -3.4700000000000001954    1.5400000000000000355  -20.890000000000000568   )	-14.72 -3195.347648 -216.24370000000002
4	(  14.720000000000000639    -6.4699999999999997513   -1.4599999999999999645  -14.890000000000000568   )	-14.72 -3198.107648 1.4362999999999886
5	(  14.720000000000000639   -15.470000000000000639   -10.460000000000000853     3.1099999999999998757  )	-14.72 -3314.387648 222.4763
6	(  15.720000000000000639    -3.4700000000000001954   -3.4599999999999999645   -4.8899999999999996803  )	-15.72 -3900.142848 226.67630000000003
7	(  13.720000000000000639    -2.4700000000000001954   -4.4599999999999999645  -14.890000000000000568   )	-13.72 -2604.992448 -31.00370000000001
8	(  10.720000000000000639     9.5299999999999993605  -13.460000000000000853   -14.890000000000000568   )	-10.72 -1403.5668480000004 -116.3237
9	(   1.7199999999999999734   45.530000000000001137   -40.460000000000000853   -14.890000000000000568   )	-1.72 -1596.570048 -264.2837
10	(  10.720000000000000639    29.530000000000001137   -13.460000000000000853   -14.890000000000000568   )	-10.72 -1383.5668480000004 -136.3237
11	(  10.720000000000000639    89.530000000000001137   -13.460000000000000853   -14.890000000000000568   )	-10.72 -1323.5668480000004 -196.3237
12	(  10.720000000000000639   269.52999999999997272    -13.460000000000000853   -14.890000000000000568   )	-10.72 -1143.5668480000004 -376.3237
13	(  10.720000000000000639   809.52999999999985903    -13.460000000000000853   -14.890000000000000568   )	-10.72 -603.5668480000004 -916.3236999999999
14	(  10.720000000000000639   2429.5299999999997453     -13.460000000000000853   -14.890000000000000568   )	-10.72 1016.4331519999995 -2536.3237
15	(  10.720000000000000639   830.52999999999985903    -30.460000000000000853    -4.8899999999999996803  )	-10.72 -1329.2068480000003 -739.5236999999998
16	(  10.720000000000000639   309.52999999999985903    -12.460000000000000853   -13.890000000000000568   )	-10.72 -1077.6468480000003 -387.54369999999983
17	(   5.7199999999999997513  806.52999999999985903    -14.460000000000000853   -15.890000000000000568   )	-5.72 410.2891519999999 -1026.3037
18	(  11.720000000000000639   764.52999999999985903    -33.460000000000000853   -22.890000000000000568   )	-11.72 -1964.8820480000004 -1151.1236999999999
19	(  10.720000000000000639   1309.5299999999997453     -14.460000000000000853   -15.890000000000000568   )	-10.72 -131.48684800000052 -1447.1036999999997
20	(  10.720000000000000639   788.52999999999985903      3.5400000000000000355  -24.890000000000000568   )	-10.72 -455.9268480000004 -1293.1236999999999
21	(  15.720000000000000639   812.52999999999985903    -12.460000000000000853   -13.890000000000000568   )	-15.72 -3227.4228480000006 -758.3436999999999
22	(   9.7200000000000006395  854.52999999999985903      6.5400000000000000355   -6.8899999999999996803  )	-9.72 -106.5716480000003 -807.5236999999998
23	(   6.7199999999999997513  989.52999999999985903     66.539999999999992042    17.109999999999999432   )	-6.72 -3741.5060479999993 -1237.1236999999999
24	(   9.7200000000000006395  354.52999999999985903     -6.4599999999999999645  -14.890000000000000568   )	-9.72 -605.5316480000002 -481.76369999999986
25	(   9.7200000000000006395  -1145.4700000000002547     -45.460000000000000853   -38.890000000000000568   )	-9.72 -4130.411648000001 -272.48369999999977
26	(  10.720000000000000639   398.52999999999985903      3.5400000000000000355   35.109999999999999432   )	-10.72 -845.9268480000004 -1516.3237
27	(  -0.28000000000000002665 -51.470000000000140972    13.539999999999999147    -9.8900000000000005684  )	0.28 -234.77964800000012 -46.26369999999987
28	( -30.280000000000001137   -1269.4700000000002547      73.540000000000006253     5.1100000000000003197  )	30.28 21085.476352 2160.2363000000005
29	(  11.720000000000000639   1948.5299999999997453      27.539999999999999147     8.1099999999999994316  )	-11.72 -419.7620480000006 -1876.9436999999996
30	(  19.719999999999998863   -807.47000000000014097     -8.4600000000000008527  -37.890000000000000568   )	-19.72 -8547.723647999997 -239.30369999999994
31	(   6.7199999999999997513  -1169.4700000000002547       5.5400000000000000355   40.109999999999999432   )	-6.72 -1503.6260480000003 -394.1836999999996
32	(  -7.2800000000000002487  1066.5299999999997453      21.539999999999999147   -59.890000000000000568   )	7.28 988.3867519999998 -4600.343699999999
33	( -12.279999999999999361   -2051.4700000000002547      -0.46000000000000001998 -27.890000000000000568   )	12.28 -199.8772480000006 1424.4163000000003
34	(  -1.2800000000000000266  131.52999999999985903    -186.46000000000000796     -7.8899999999999996803  )	1.28 -34633.704448000004 -192.14369999999985
35	( -20.280000000000001137   704.52999999999985903     35.539999999999999147    18.109999999999999432   )	20.28 7782.164352000002 -621.2236999999998
36	(   0.71999999999999997335 -234.47000000000016939    213.53999999999999204    -11.890000000000000568   )	-0.72 -45834.174847999995 93.61630000000017
37	(   6.7199999999999997513  948.52999999999985903      4.5400000000000000355  -14.890000000000000568   )	-6.72 624.453952 -1125.0837
38	(  -7.2800000000000002487  206.52999999999983061     22.539999999999999147   -29.890000000000000568   )	7.28 84.3067519999999 -1046.9436999999998
39	(   6.7199999999999997513  -309.47000000000014097      4.5400000000000000355   10.109999999999999432   )	-6.72 -633.546048 252.41630000000012
40	(  -7.2800000000000002487  -1051.4700000000002547      22.539999999999999147    -4.8899999999999996803  )	7.28 -1173.6932480000003 1080.5563000000002
41	( -10.279999999999999361   948.52999999999985903     47.539999999999999147    10.109999999999999432   )	10.28 -225.14764800000012 -945.0636999999998
42	(   9.7200000000000006395  -1051.4700000000002547     -20.460000000000000853   -29.890000000000000568   )	-9.72 -2388.4116480000007 252.5363000000002
43	(  -2.2799999999999998046   20.529999999999859028   -86.460000000000007958    -8.8900000000000005684  )	2.28 -7442.949248000002 -94.36369999999988
44	(   1.7199999999999999734  -123.47000000000014097    113.54000000000000625    -10.890000000000000568   )	-1.72 -13019.890048000001 7.836300000000122
45	(   4.7199999999999997513  121.52999999999985903     10.539999999999999147    -7.8899999999999996803  )	-4.72 -94.71564800000012 -161.50369999999984
46	(  19.719999999999998863   640.52999999999985903      1.5400000000000000355   -1.8899999999999999023  )	-19.72 -7030.523647999999 -255.22369999999992
47	(   4.7199999999999997513  207.52999999999983061     20.539999999999999147    12.109999999999999432   )	-4.72 -319.51564800000017 -331.90369999999984
48	(  -5.2800000000000002487  113.52999999999985903     10.539999999999999147    -7.8899999999999996803  )	5.28 149.63635199999987 -147.90369999999984
49	(   4.7199999999999997513   35.529999999999859028     0.54000000000000003553 -27.890000000000000568   )	-4.72 -69.91564800000013 -791.1036999999999
50	(   4.7199999999999997513  1121.5299999999997453      19.539999999999999147    -9.8900000000000005684  )	-4.72 634.5643519999999 -1197.0637
51	(   4.7199999999999997513  324.52999999999985903    -39.460000000000000853    -3.8900000000000001243  )	-4.72 -1337.715648 -317.38369999999986
52	(   4.7199999999999997513  -878.47000000000014097      1.5400000000000000355   -5.8899999999999996803  )	-4.72 -985.9956480000001 866.0563000000002
53	(  14.720000000000000639   129.52999999999985903     10.539999999999999147    -7.8899999999999996803  )	-14.72 -3171.0676480000006 24.89630000000016
54	(   4.7199999999999997513  -81.470000000000140972    60.539999999999999147   -11.890000000000000568   )	-4.72 -3851.715648 -37.62369999999987
55	(   3.7200000000000001954  -196.47000000000016939     -7.4599999999999999645  -17.890000000000000568   )	-3.72 -303.60044800000014 -109.74369999999982
56	(   4.7199999999999997513    2.5299999999998599165   -7.4599999999999999645    2.1099999999999998757  )	-4.72 -158.27564800000013 15.296300000000139
57	(   4.7199999999999997513  -354.47000000000014097    -61.460000000000000853    32.109999999999999432   )	-4.72 -4236.955648 -654.3036999999997
58	(   3.7200000000000001954  -29.470000000000140972    -0.46000000000000001998 -17.890000000000000568   )	-3.72 -81.16044800000014 -276.7436999999999
59	(  -0.28000000000000002665 -222.47000000000016939    -12.460000000000000853     5.1100000000000003197  )	0.28 -377.6996480000002 196.43630000000016
60	(   5.7199999999999997513   34.529999999999859028   -14.460000000000000853    22.109999999999999432   )	-5.72 -361.71084800000017 -490.66369999999984
61	(   9.7200000000000006395  227.52999999999983061     -2.4599999999999999645   -0.89000000000000001332 )	-9.72 -696.8516480000003 -133.84369999999984
62	(   3.7200000000000001954  1002.529999999999859        3.5400000000000000355    3.1099999999999998757  )	-3.72 938.5195519999999 -998.3636999999999
63	(   5.7199999999999997513  -997.47000000000014097    -18.460000000000000853     1.1100000000000000977  )	-5.72 -1525.3908480000002 1028.9563000000003
64	(   4.7199999999999997513  -236.47000000000016939     42.539999999999999147     5.1100000000000003197  )	-4.72 -2151.275648 232.63630000000018
65	(   4.7199999999999997513  241.52999999999983061    -57.460000000000000853    -0.89000000000000001332 )	-4.72 -3165.2756480000003 -220.04369999999983
66	(   3.7200000000000001954  219.52999999999983061     12.539999999999999147     0.11000000000000000056 )	-3.72 10.799551999999863 -205.70369999999983
67	(   6.7199999999999997513  298.52999999999985903      1.5400000000000000355    6.1100000000000003197  )	-6.72 -7.3060480000000885 -290.70369999999986
68	(   3.7200000000000001954  167.52999999999985903    -11.460000000000000853    12.109999999999999432   )	-3.72 -15.280448000000149 -300.34369999999984
69	(   5.7199999999999997513  -162.47000000000014097     -3.4599999999999999645   -7.8899999999999996803  )	-5.72 -361.5908480000001 132.93630000000016
70	(   4.7199999999999997513  502.52999999999985903    -20.460000000000000853    -2.8900000000000001243  )	-4.72 -21.23564800000014 -488.6036999999999
71	(   2.7200000000000001954  -293.47000000000014097    -16.460000000000000853    -1.8899999999999999023  )	-2.72 -584.5252480000001 297.29630000000014
72	(   4.7199999999999997513  -497.47000000000014097      5.5400000000000000355    7.1100000000000003197  )	-4.72 -633.3156480000001 469.1963000000002
73	(   5.7199999999999997513  -214.47000000000016939    -27.460000000000000853     4.1100000000000003197  )	-5.72 -1155.6708480000002 230.29630000000017
74	(   4.7199999999999997513   96.529999999999859028     2.5400000000000000355    1.1100000000000000977  )	-4.72 -15.075648000000129 -75.48369999999986
75	(   4.7199999999999997513  378.52999999999985903     32.539999999999999147    -1.8899999999999999023  )	-4.72 -785.4756480000001 -359.82369999999986
76	(   3.7200000000000001954   83.529999999999859028     2.5400000000000000355    0.11000000000000000056 )	-3.72 25.599551999999854 -69.70369999999986
77	(   0.71999999999999997335  44.529999999999859028     2.5400000000000000355   -2.8900000000000001243  )	-0.72 37.70515199999986 -52.36369999999986
78	(  -8.2799999999999993605  -72.470000000000140972     2.5400000000000000355  -11.890000000000000568   )	8.28 488.74195199999974 -0.34369999999987044
79	(   1.7199999999999999734   -9.4700000000001391953  -17.460000000000000853    -3.8900000000000001243  )	-1.72 -319.41004800000013 -2.7036999999998628
80	(  -0.28000000000000002665  98.529999999999859028    22.539999999999999147    -1.8899999999999999023  )	0.28 -409.4996480000001 -102.02369999999986
81	(  -4.2800000000000002487  -439.47000000000014097     -0.46000000000000001998   0.11000000000000000056 )	4.28 -361.2788480000001 457.77630000000016
82	(   1.7199999999999999734   -4.4700000000001400835    3.5400000000000000355   17.109999999999999432   )	-1.72 -22.09004800000014 -285.32369999999986
83	(   5.7199999999999997513  528.52999999999985903      5.5400000000000000355   -5.8899999999999996803  )	-5.72 310.6891519999999 -530.5036999999999
84	(   4.7199999999999997513  -455.47000000000014097      9.5399999999999991473   -8.8900000000000005684  )	-4.72 -651.6356480000002 398.7163000000001
85	(  -3.2799999999999998046  544.52999999999985903     -4.4599999999999999645    3.1099999999999998757  )	3.28 559.9259519999998 -543.4436999999998
86	(  -0.28000000000000002665  93.529999999999859028     1.5400000000000000355  -22.890000000000000568   )	0.28 91.18035199999986 -617.4036999999998
87	(  -1.2800000000000000266  -47.470000000000140972     2.5400000000000000355   -1.8899999999999999023  )	1.28 -51.82444800000014 45.53630000000014
88	(   0.71999999999999997335 -37.470000000000140972    -7.4599999999999999645   -1.8899999999999999023  )	-0.72 -93.49484800000013 34.41630000000014
89	(   0.71999999999999997335  51.529999999999859028     3.5400000000000000355    7.1100000000000003197  )	-0.72 38.62515199999986 -101.56369999999987
90	(   0.71999999999999997335 126.52999999999985903     12.539999999999999147    -3.8900000000000001243  )	-0.72 -31.094848000000113 -141.14369999999985
91	(   2.7200000000000001954  136.52999999999985903      2.5400000000000000355   -3.8900000000000001243  )	-2.72 109.95475199999986 -144.26369999999986
92	(   0.71999999999999997335  37.529999999999859028     1.5400000000000000355  -12.890000000000000568   )	-0.72 34.78515199999986 -203.1636999999999
93	(   1.7199999999999999734  -155.47000000000014097      7.5400000000000000355   -2.8900000000000001243  )	-1.72 -217.41004800000013 150.07630000000015
94	(  -0.28000000000000002665 244.52999999999983061     -2.4599999999999999645   -2.8900000000000001243  )	0.28 238.50035199999982 -252.80369999999985
95	(   1.7199999999999999734   35.529999999999859028     0.54000000000000003553   1.1100000000000000977  )	-1.72 30.14995199999986 -33.803699999999864
96	(   4.7199999999999997513    8.5299999999998608047   -5.4599999999999999645   13.109999999999999432   )	-4.72 -126.43564800000013 -158.12369999999984
97	(   0.71999999999999997335   5.5299999999998599165   -9.4600000000000008527    2.1099999999999998757  )	-0.72 -84.33484800000016 -9.46369999999986
98	(   0.71999999999999997335  19.529999999999859028     1.5400000000000000355   -8.8900000000000005684  )	-0.72 16.785151999999858 -98.04369999999987
99	(   2.7200000000000001954   65.529999999999859028    10.539999999999999147     0.11000000000000000056 )	-2.72 -65.68524800000013 -58.14369999999985
100	(   0.71999999999999997335 -64.470000000000140972     5.5400000000000000355    4.1100000000000003197  )	-0.72 -95.53484800000015 48.09630000000014
101	(   3.7200000000000001954  -24.470000000000140972    -2.4599999999999999645   -0.89000000000000001332 )	-3.72 -82.00044800000013 37.51630000000014
102	(   2.7200000000000001954  135.52999999999985903     -4.4599999999999999645   -1.8899999999999999023  )	-2.72 95.51475199999986 -131.70369999999986
103	(   2.7200000000000001954   51.529999999999859028    -0.46000000000000001998  11.109999999999999432   )	-2.72 31.194751999999852 -167.56369999999984
104	(  -0.28000000000000002665  95.529999999999859028     3.5400000000000000355    3.1099999999999998757  )	0.28 83.02035199999986 -105.12369999999986
105	(   2.7200000000000001954   16.529999999999859028     1.5400000000000000355    1.1100000000000000977  )	-2.72 -5.965248000000147 -10.363699999999858
106	(   5.7199999999999997513  -40.470000000000140972     4.5400000000000000355    1.1100000000000000977  )	-5.72 -248.23084800000012 71.95630000000014
107	(   0.71999999999999997335  10.529999999999860805     9.5399999999999991473   -2.8900000000000001243  )	-0.72 -80.85484800000013 -18.36369999999986
108	(   1.7199999999999999734   24.529999999999859028     3.5400000000000000355    6.1100000000000003197  )	-1.72 6.909951999999858 -58.90369999999986
109	(   1.7199999999999999734   23.529999999999859028    -8.4600000000000008527    0.11000000000000000056 )	-1.72 -53.13004800000016 -20.583699999999858
110	(   3.7200000000000001954    8.5299999999998608047   -0.46000000000000001998  -3.8900000000000001243  )	-3.72 -43.160448000000144 -9.82369999999986
111	(   2.7200000000000001954  116.52999999999985903      2.5400000000000000355    1.1100000000000000977  )	-2.72 89.95475199999986 -110.36369999999987
112	(   2.7200000000000001954  -83.470000000000140972     0.54000000000000003553   1.1100000000000000977  )	-2.72 -103.88524800000015 89.63630000000013
113	(   4.7199999999999997513   22.529999999999859028    -6.4599999999999999645    5.1100000000000003197  )	-4.72 -124.35564800000013 -26.363699999999863
114	(   3.7200000000000001954    9.5299999999998608047   11.539999999999999147     2.1099999999999998757  )	-3.72 -175.12044800000012 -0.14369999999985872
115	(   2.7200000000000001954    2.5299999999998599165   -3.4599999999999999645    2.1099999999999998757  )	-2.72 -29.565248000000146 0.4163000000001418
116	(   2.7200000000000001954   30.529999999999859028     6.5400000000000000355    0.11000000000000000056 )	-2.72 -32.36524800000015 -23.143699999999857
117	(   1.7199999999999999734  -33.470000000000140972    -0.46000000000000001998   0.11000000000000000056 )	-1.72 -38.77004800000014 36.41630000000014
118	(   2.7200000000000001954   48.529999999999859028    -0.46000000000000001998  -0.89000000000000001332 )	-2.72 28.194751999999852 -41.923699999999855
119	(   2.7200000000000001954  -15.470000000000139195     3.5400000000000000355    3.1099999999999998757  )	-2.72 -48.12524800000014 13.196300000000141
120	(   3.7200000000000001954   66.529999999999859028     3.5400000000000000355    2.1099999999999998757  )	-3.72 2.5195519999998517 -57.14369999999986
121	(   1.7199999999999999734   46.529999999999859028    -0.46000000000000001998   2.1099999999999998757  )	-1.72 41.22995199999986 -48.02369999999986
122	(   3.7200000000000001954  -13.470000000000139195     3.5400000000000000355    0.11000000000000000056 )	-3.72 -77.48044800000014 27.29630000000014
123	(   2.75                    16.529999999999859028     1.5400000000000000355    0.11000000000000000056 )	-2.75 -6.638475000000141 -8.97959999999986
124	(   2.75                    16.529999999999859028     1.5400000000000000355   -2.8900000000000001243  )	-2.75 -6.638475000000141 -17.31959999999986
125	(   1.75                     3.5299999999998599165    2.5400000000000000355    0.11000000000000000056 )	-1.75 -8.28097500000014 -0.4795999999998599
126	(  -1.25                   -35.470000000000140972     5.5400000000000000355    0.11000000000000000056 )	1.25 -64.20847500000013 37.020400000000144
127	(  -0.25                    20.529999999999859028     7.5400000000000000355   -0.89000000000000001332 )	0.25 -36.30597500000014 -21.25959999999986
128	(   1.75                    28.529999999999859028    -1.4599999999999999645   -1.8899999999999999023  )	-1.75 21.03902499999986 -29.039599999999858
129	(  -0.25                    23.529999999999859028    -0.46000000000000001998   1.1100000000000000977  )	0.25 23.33402499999986 -24.699599999999858
130	(   2.75                    53.529999999999859028     3.5400000000000000355    1.1100000000000000977  )	-2.75 20.201524999999858 -47.19959999999986
131	(   0.75                   -46.470000000000140972     1.5400000000000000355   -0.89000000000000001332 )	-0.75 -49.26347500000014 46.24040000000014
132	(   1.75                   -21.470000000000140972     6.5400000000000000355    2.1099999999999998757  )	-1.75 -69.60097500000015 20.08040000000014
133	(   3.75                   -13.470000000000139195    -2.4599999999999999645    1.1100000000000000977  )	-3.75 -72.25597500000013 26.300400000000142
134	(   3.75                   -16.470000000000140972     5.5400000000000000355   -0.89000000000000001332 )	-3.75 -99.89597500000013 29.74040000000014
135	(   0.75                    -1.4700000000001400835    2.5400000000000000355   -0.89000000000000001332 )	-0.75 -8.34347500000014 1.24040000000014
136	(   1.75                    -0.47000000000013997248   0.54000000000000003553   0.11000000000000000056 )	-1.75 -6.12097500000014 3.52040000000014
137	(   1.75                   -12.470000000000139195    -5.4599999999999999645    0.11000000000000000056 )	-1.75 -47.64097500000014 15.520400000000139
138	(   1.75                     4.5299999999998599165    2.5400000000000000355    1.1100000000000000977  )	-1.75 -7.28097500000014 -2.69959999999986
139	(   0.75                     3.5299999999998599165    0.54000000000000003553   0.11000000000000000056 )	-0.75 2.81652499999986 -2.97959999999986
140	(  -2.25                    15.529999999999860805     0.54000000000000003553   0.11000000000000000056 )	2.25 26.62902499999986 -10.479599999999861
141	(   0.75                     0.52999999999986002752  -4.4599999999999999645    0.11000000000000000056 )	-0.75 -19.78347500000014 0.020400000000139973
142	(   0.75                   -13.470000000000139195     1.5400000000000000355   -0.89000000000000001332 )	-0.75 -16.26347500000014 13.24040000000014
143	(   0.75                     6.5299999999998599165    5.5400000000000000355    0.11000000000000000056 )	-0.75 -24.583475000000142 -5.97959999999986
144	(  -1.25                    21.529999999999859028    -0.46000000000000001998   0.11000000000000000056 )	1.25 23.27152499999986 -19.97959999999986
145	(   0.75                    20.529999999999859028    -0.46000000000000001998   1.1100000000000000977  )	-0.75 19.89652499999986 -21.199599999999858
146	(   2.75                   -14.470000000000139195     1.5400000000000000355    0.11000000000000000056 )	-2.75 -37.63847500000014 22.02040000000014
147	(  -0.25                   -46.470000000000140972     0.54000000000000003553   0.11000000000000000056 )	0.25 -46.74597500000014 46.520400000000144
148	(   1.75                    53.529999999999859028     0.54000000000000003553   0.11000000000000000056 )	-1.75 47.87902499999986 -50.479599999999856
149	(   0.75                    -3.4700000000001400835   -1.4599999999999999645    0.08999999999999999667 )	-0.75 -6.02347500000014 4.02440000000014
150	(   0.75                    -0.47000000000013997248   0.54000000000000003553   0.60999999999999998668 )	-0.75 -1.18347500000014 0.6604000000001401
151	(   0.75                   -12.470000000000139195     0.54000000000000003553   2.6099999999999998757  )	-0.75 -13.18347500000014 6.22040000000014
152	(  -0.25                    11.529999999999860805     2.5400000000000000355    0.60999999999999998668 )	0.25 5.094024999999861 -11.83959999999986
153	(   1.75                   -12.470000000000139195    -1.4599999999999999645    0.60999999999999998668 )	-1.75 -19.96097500000014 15.16040000000014
154	(  -0.25                    15.529999999999860805    -0.46000000000000001998  -0.39000000000000001332 )	0.25 15.33402499999986 -15.619599999999862
155	(   1.75                   -16.470000000000140972     1.5400000000000000355    1.6100000000000000977  )	-1.75 -24.200975000000142 16.94040000000014
156	(   0.75                    27.529999999999859028    -1.4599999999999999645    1.6100000000000000977  )	-0.75 24.97652499999986 -29.55959999999986
157	(   0.75                   -28.470000000000140972     2.5400000000000000355   -0.39000000000000001332 )	-0.75 -35.34347500000014 28.88040000000014
158	(   0.75                   -50.470000000000140972     0.54000000000000003553   0.60999999999999998668 )	-0.75 -51.18347500000014 50.66040000000014
159	(   0.75                    49.529999999999859028     0.54000000000000003553   0.60999999999999998668 )	-0.75 48.81652499999986 -49.33959999999986
160	(   0.75                   -12.470000000000139195     0.54000000000000003553   2.1099999999999998757  )	-0.75 -13.18347500000014 8.58040000000014
161	(   0.63000000000000000444   4.5299999999998599165    1.5400000000000000355    0.73999999999999999112 )	-0.63 1.9083529999998596 -4.68069999999986
162	(   0.86999999999999999556  -5.4700000000001400835   -0.46000000000000001998   0.47999999999999998224 )	-0.87 -6.34010300000014 5.99650000000014
163	(   1.2099999999999999645   10.529999999999860805     0.54000000000000003553   0.11000000000000000056 )	-1.21 8.46683899999986 -9.07799999999986
164	(   0.28999999999999998002 -11.470000000000139195     0.54000000000000003553   1.1100000000000000977  )	-0.29 -11.78598900000014 10.322000000000138
165	(   1.0600000000000000533   18.529999999999859028     0.54000000000000003553   1.1100000000000000977  )	-1.06 17.04738399999986 -18.63849999999986
166	(   0.26000000000000000888  19.529999999999859028     0.54000000000000003553   0.38000000000000000444 )	-0.26 19.220823999999862 -19.60679999999986
167	(   0.44000000000000000222 -19.470000000000140972     0.54000000000000003553   0.11000000000000000056 )	-0.44 -19.84678400000014 19.65150000000014
168	(   1.2399999999999999911  -20.470000000000140972     0.54000000000000003553   0.83999999999999996891 )	-1.24 -22.66822400000014 21.30200000000014
169	(   0.75                    -0.47000000000013997248   0.04000000000000000083   0.60999999999999998668 )	-0.75 -0.89347500000014 0.6604000000001401
170	(   0.75                    -0.47000000000013997248  -1.9599999999999999645    0.60999999999999998668 )	-0.75 -4.73347500000014 0.6604000000001401
171	(   0.94999999999999995559   9.5299999999998608047    1.0400000000000000355    0.40999999999999997558 )	-0.95 7.591024999999862 -8.795599999999862
172	(   0.56999999999999995115   8.5299999999998608047    1.0400000000000000355    0.79000000000000003553 )	-0.57 7.263206999999861 -8.829199999999862
173	(   0.93000000000000004885   9.5299999999998608047   -0.95999999999999996447   0.81000000000000005329 )	-0.93 7.8040429999998615 -9.32119999999986
174	(   0.55000000000000004441   9.5299999999998608047   -0.95999999999999996447   0.41999999999999998446 )	-0.55 8.44202499999986 -9.40389999999986
175	(   0.93000000000000004885  -9.4700000000001391953   -0.95999999999999996447   0.42999999999999999334 )	-0.93 -11.195957000000138 10.150000000000139
176	(   0.55000000000000004441 -10.470000000000139195    -0.95999999999999996447   0.81000000000000005329 )	-0.55 -11.55797500000014 10.116400000000139
177	(   0.56999999999999995115 -10.470000000000139195     1.0400000000000000355    0.40999999999999997558 )	-0.57 -11.736793000000139 10.626800000000138
178	(   0.94999999999999995559 -10.470000000000139195     1.0400000000000000355    0.80000000000000004441 )	-0.95 -12.408975000000138 10.732500000000138
179	(   0.75                    -0.47000000000013997248  -1.4599999999999999645    0.60999999999999998668 )	-0.75 -3.02347500000014 0.6604000000001401
180	(   0.8499999999999999778    1.5299999999998599165    0                        0.58999999999999996891 )	-0.85 0.91587499999986 -1.1555999999998599
181	(   0.73999999999999999112   1.5299999999998599165    0.54000000000000003553   0.58999999999999996891 )	-0.74 0.8331759999998598 -1.33049999999986
182	(   0.70999999999999996447   2.5299999999998599165   -0.23999999999999999112   0.51000000000000000888 )	-0.71 2.11448899999986 -2.2859999999998597
183	(   0.6500000000000000222   -2.4700000000001400835    0.08000000000000000167   0.63000000000000000444 )	-0.65 -2.75102500000014 2.49560000000014
184	(   0.76000000000000000888  -2.4700000000001400835   -0.46000000000000001998   0.63000000000000000444 )	-0.76 -3.12057600000014 2.65070000000014
185	(   0.79000000000000003553  -3.4700000000001400835    0.32000000000000000666   0.70999999999999996447 )	-0.79 -4.06543900000014 3.59000000000014
186	(   0.72999999999999998224   4.5299999999998599165   -0.10000000000000000555   0.69999999999999995559 )	-0.73 4.13098299999986 -4.48709999999986
187	(   0.77000000000000001776  -5.4700000000001400835    0.17999999999999999334   0.52000000000000001776 )	-0.77 -5.95893300000014 5.79250000000014
188	(   0.75329999999999996962   0.52999999999986002752  -0.16000000000000000333   0.61599999999999999201 )	-0.7533 0.07693171156286006 -0.34199510999986005
189	(   0.76329999999999997851   3.5299999999998599165   -0.76000000000000000888   0.63600000000000000977 )	-0.7633 2.50768089486286 -3.3518691099998597
190	(   0.74329999999999996074   0.52999999999986002752  -0.13000000000000000444   0.51600000000000001421 )	-0.7433 0.1024305482628601 -0.24376110999986006
191	(   0.71330000000000004512   0.52999999999986002752  -0.13000000000000000444   0.21599999999999999756 )	-0.7133 0.15017517836285996 -0.06785910999985997
192	(   0.62329999999999996518   0.52999999999986002752  -0.13000000000000000444  -0.6840000000000000524  )	-0.6233 0.27094614866286004 -0.6093531099998601
193	(   0.91330000000000000071  -0.47000000000013997248  -0.13000000000000000444   0.13600000000000000977 )	-0.9133 -1.24869895563714 1.2856208900001398
194	(   0.51329999999999997851   1.5299999999998599165   -0.13000000000000000444   0.29599999999999998535 )	-0.5133 1.37785731236286 -1.3541391099998599
195	(   0.66330000000000000071   2.5299999999998599165    0.86999999999999999556  -0.21399999999999999578 )	-0.6633 1.4812699618628602 -2.13582910999986
196	(   0.76329999999999997851  -1.4700000000001400835   -1.1299999999999998934    0.64600000000000001865 )	-0.7633 -3.19161910513714 1.6353108900001403
197	(   0.76329999999999997851   5.5299999999998599165   -1.1299999999999998934   -0.153999999999999998   )	-0.7633 3.808380894862861 -4.97108910999986
198	(   0.66330000000000000071  -4.4700000000001400835   -0.13000000000000000444  -0.22400000000000000466 )	-0.6633 -4.77873003813714 4.85979089000014
199	(   0.66330000000000000071  -4.4700000000001400835    0.86999999999999999556   0.58599999999999996536 )	-0.6633 -5.51873003813714 4.56657089000014
200	(   0.76329999999999997851   5.5299999999998599165   -0.13000000000000000444   0.65600000000000002753 )	-0.7633 5.068380894862861 -5.377709109999859
201	(   0.66330000000000000071   0.52999999999986002752  -0.51000000000000000888   0.01600000000000000033 )	-0.6633 -0.02193003813713995 -0.09028910999986003
202	(   0.51329999999999997851   0.52999999999986002752  -1.5100000000000000089   -0.58399999999999996358 )	-0.5133 -1.88534268763714 -0.60757910999986
203	(   0.46329999999999998961   0.52999999999986002752   0.48999999999999999112  -0.44400000000000000577 )	-0.4633 0.19045409586286005 -0.5124891099998601
204	(   0.77329999999999998739   2.5299999999998599165   -1.5100000000000000089   -0.48399999999999998579 )	-0.7733 -0.2125279018371402 -2.1662631099998597
205	(   0.8632999999999999563    0.52999999999986002752  -1.5100000000000000089    0.47599999999999997868 )	-0.8633 -2.39350617213714 -0.011289109999860075
206	(   0.55330000000000001403  -1.4700000000001400835    0.48999999999999999112   0.51600000000000001421 )	-0.5533 -1.87948775443714 1.50988489000014
207	(   0.46329999999999998961   2.5299999999998599165   -1.5100000000000000089    0.30599999999999999423 )	-0.4633 0.15045409586285974 -2.40898910999986
208	(   0.77329999999999998739   2.5299999999998599165    0.48999999999999999112   0.27600000000000002309 )	-0.7733 1.8274720981628598 -2.0081831099998597
209	(   0.8632999999999999563   -1.4700000000001400835    0.48999999999999999112  -0.27400000000000002132 )	-0.8633 -2.35350617213714 2.14021089000014
210	(   0.55330000000000001403  -1.4700000000001400835   -1.5100000000000000089   -0.24399999999999999467 )	-0.5533 -3.91948775443714 1.71660489000014
211	(   0.51329999999999997851   0.52999999999986002752  -1.6499999999999999112   -0.58399999999999996358 )	-0.5133 -2.32774268763714 -0.60757910999986
212	(   0.67330000000000000959   0.52999999999986002752  -0.4500000000000000111    0.21599999999999999756 )	-0.6733 0.022270965162860035 -0.12332310999986004
213	(   0.65329999999999999183   0.52999999999986002752  -0.56999999999999995115  -0.18399999999999999689 )	-0.6533 -0.07372902143713994 -0.13705510999986004
214	(   0.60329999999999994742   0.52999999999986002752  -0.01000000000000000021  -0.00400000000000000008 )	-0.6033 0.31031636206286006 -0.16604510999986008
215	(   0.723300000000000054     0.52999999999986002752  -1.0100000000000000089    0.03599999999999999728 )	-0.7233 -0.86850371833714 -0.00813310999985998
216	(   0.62329999999999996518   1.5299999999998599165   -0.83999999999999996891   0.02599999999999999881 )	-0.6233 0.58224614866286 -1.14217310999986
217	(   0.70330000000000003624  -0.47000000000013997248  -0.17999999999999999334   0.00600000000000000012 )	-0.7033 -0.85027390493714 0.96459489000014
218	(   0.56330000000000002292  -0.47000000000013997248  -0.6500000000000000222    0.04599999999999999922 )	-0.5633 -1.07123897113714 0.78519089000014
219	(   0.76329999999999997851   1.5299999999998599165   -0.36999999999999999556  -0.01400000000000000029 )	-0.7633 0.9483808948628598 -0.9475691099998599
220	(   0.66029999999999999805   0.45999999999986002086  -0.53000000000000002665  -0.08400000000000000522 )	-0.6603 -0.10878821822714002 -0.031059909999860018
221	(   0.66630000000000000338   0.59999999999985997867  -0.48999999999999999112   0.11600000000000000588 )	-0.6663 0.06409232375286 -0.16950030999985996
222	(   0.69659999999999999698   0.6399999999998600142   -0.30999999999999999778  -0.00400000000000000008 )	-0.6966 0.20587376330386004 -0.15476443999986003
223	(   0.63000000000000000444   0.41999999999985998533  -0.70999999999999996447   0.03599999999999999728 )	-0.63 -0.33414700000014 -0.024395999999859953
224	(   0.64049999999999995826   0.02999999999985999977  -0.4000000000000000222    0.02599999999999999881 )	-0.6405 -0.39275888012514004 0.37956425000013994
225	(   0.68610000000000004317   1.0299999999998599165   -0.61999999999999999556   0.00600000000000000012 )	-0.6861 0.3226299446188599 -0.5593027899998598
226	(   0.71330000000000004512   0.16999999999986001309  -0.60999999999999998668   0.02599999999999999881 )	-0.7133 -0.5650248216371401 0.33812089000014
227	(   0.6132999999999999563    0.8899999999998600142   -0.40999999999999997558   0.00600000000000000012 )	-0.6133 0.49121524536286015 -0.5138991099998601
228	(   0.68330000000000001847   0.45999999999986002086  -0.46999999999999997335   0.05099999999999999672 )	-0.6833 -0.07993201153713997 0.004297890000139991
229	(   0.74329999999999996074   0.24999999999986000088  -0.3499999999999999778    0.16100000000000000422 )	-0.7433 -0.2831694517371399 0.27657389000013993
230	(   0.73329999999999995186   0.64999999999986002308  -0.56999999999999995115   0.10100000000000000644 )	-0.7333 -0.06921659503713984 -0.12247210999986012
231	(   0.63329999999999997407   0.26999999999986001864  -0.36999999999999999556   0.00100000000000000002 )	-0.6333 -0.12089692803713994 0.13106789000013994
232	(   0.65380000000000004778   0.84999999999985997867  -0.67000000000000003997   0.01099999999999999936 )	-0.6538 0.12163028712785984 -0.4226665599998599
233	(   0.71279999999999998916   0.06999999999985999366  -0.27000000000000001776   0.09099999999999999756 )	-0.7128 -0.36506216115213996 0.42980284000013996
234	(   0.65569999999999994955   0.82999999999985996091  -0.36999999999999999556   0.15099999999999999534 )	-0.6557 0.41118670930685997 -0.42285850999986
235	(   0.70789999999999997371   0.95999999999985996535  -0.2999999999999999889   -0.03899999999999999994 )	-0.7079 0.5152554459608599 -0.46039858999985994
236	(   0.71089999999999997637   0.08999999999985999755  -0.56999999999999995115  -0.04900000000000000189 )	-0.7109 -0.5941737960291399 0.41297781000014
237	(   0.65869999999999995222  -0.04000000000013999996  -0.64000000000000001332   0.14099999999999998646 )	-0.6587 -0.7354005040031399 0.45400469000013993
238	(   0.74329999999999996074   0.24999999999986000088  -0.3499999999999999778    0.15599999999999999978 )	-0.7433 -0.2831694517371399 0.27815889000013994
239	(   0.66330000000000000071   0.45999999999986002086  -0.36999999999999999556   0.00659999999999999996 )	-0.6633 0.031269961862860046 -0.020076669999860023
240	(   0.60329999999999994742   0.45999999999986002086  -0.07000000000000000666  -0.1233999999999999958  )	-0.6033 0.23551636206286009 -0.11125666999986009
241	(   0.71330000000000004512   0.45999999999986002086  -0.36999999999999999556   0.00659999999999999996 )	-0.7133 -0.039824821637140045 0.04875333000014004
242	(   0.66310000000000002274   0.4399999999998600031   -0.17000000000000001221   0.03660000000000000059 )	-0.6631 0.11953386240885996 -0.0016379499998599827
243	(   0.6132999999999999563    0.45999999999986002086  -0.36999999999999999556   0.00659999999999999996 )	-0.6133 0.09241524536286008 -0.08390666999986007
244	(   0.66349999999999997868   0.47999999999985998311  -0.56999999999999995115  -0.02340000000000000066 )	-0.6635 -0.13699409787513994 -0.040315309999859994
245	(   0.66410000000000002363   0.27999999999986002752  -0.34000000000000002442  -0.09339999999999999691 )	-0.6641 -0.12848723272114004 0.15230525000014003
246	(   0.66159999999999996589   0.25999999999986000976  -0.44000000000000000222   0.08659999999999999643 )	-0.6616 -0.22319195289613997 0.17021500000013998
247	(   0.6624999999999999778    0.6399999999998600142   -0.4000000000000000222    0.10660000000000000031 )	-0.6625 0.18922460937486002 -0.21245730999986
248	(   0.66500000000000003553   0.65999999999986003196  -0.2999999999999999889   -0.07340000000000000691 )	-0.665 0.27592037499986 -0.22316255999986
249	(   0.60329999999999994742   0.45999999999986002086  -0.07000000000000000666  -0.12659999999999999032 )	-0.6033 0.23551636206286009 -0.11205666999986008
250	(   0.68330000000000001847   0.4399999999998600031   -0.35999999999999998668  -0.00970000000000000029 )	-0.6833 -0.008632011537139994 0.026804800000140006
251	(   0.74329999999999996074   0.37999999999986000532  -0.33000000000000001554  -0.05970000000000000306 )	-0.7433 -0.13956945173713992 0.16893080000013996
252	(   0.69289999999999996039   0.47999999999985998311  -0.26000000000000000888   0.00029999999999999997 )	-0.6929 0.07973149691086005 0.00011032000013994884
253	(   0.63329999999999997407   0.45999999999986002086  -0.33000000000000001554  -0.07969999999999999307 )	-0.6333 0.09710307196286004 -0.06528319999986007
254	(   0.71850000000000002753   0.59999999999985997867  -0.38000000000000000444  -0.10970000000000000584 )	-0.7185 0.08467994337485993 -0.09579183999985996
255	(   0.67369999999999996554   0.39999999999986002308  -0.46000000000000001998  -0.01969999999999999876 )	-0.6737 -0.11737335755313993 0.053483600000139915
256	(   0.73329999999999995186   0.41999999999985998533  -0.39000000000000001332   0.06029999999999999943 )	-0.7333 -0.12641659503713992 0.11409280000013992
257	(   0.64810000000000000941   0.27999999999986002752  -0.34000000000000002442   0.09030000000000000526 )	-0.6481 -0.10782378264114 0.13187952000013997
258	(   0.66410000000000002363   0.6399999999998600142   -0.38000000000000000444   0.05029999999999999749 )	-0.6641 0.20271276727885998 -0.20150127999985998
259	(   0.70250000000000001332   0.23999999999985999199  -0.34000000000000002442  -0.06969999999999999807 )	-0.7025 -0.22228814062514007 0.24864816000014003
260	(   0.74329999999999996074   0.37999999999986000532  -0.33000000000000001554  -0.05859999999999999931 )	-0.7433 -0.13956945173713992 0.16906093000013994
261	(   0.67390000000000005453   0.47999999999985998311  -0.40999999999999997558   0.00419999999999999974 )	-0.6739 0.005854238580859927 -0.02587642999985991
262	(   0.66330000000000000071   0.41999999999985998533  -0.33329999999999998517   0.01490000000000000005 )	-0.6633 0.01708107186286001 0.019744880000140012
263	(   0.70330000000000003624   0.45999999999986002086  -0.38669999999999998819  -0.03429999999999999716 )	-0.7033 -0.03741079493714 0.03345440000014002
264	(   0.67310000000000003162   0.47999999999985998311  -0.35449999999999998179  -0.05970000000000000306 )	-0.6731 0.04937263410885995 -0.03050047999985992
265	(   0.69269999999999998241   0.39999999999986002308  -0.30999999999999999778  -0.02359999999999999945 )	-0.6927 -0.028480519983139926 0.07927633000013995
266	(   0.69350000000000000533   0.39999999999986002308  -0.36549999999999999156   0.04030000000000000249 )	-0.6935 -0.06712370037514001 0.07931816000014
267	(   0.68689999999999995506   0.5399999999998600364   -0.34089999999999998082   0.00779999999999999964 )	-0.6869 0.0996860570908601 -0.06822922999986009
268	(   0.67969999999999997087   0.3399999999998600253   -0.37909999999999999254  -0.02719999999999999848 )	-0.6797 -0.11773283357313993 0.12125225000013994
269	(   0.68089999999999994973   0.4684999999998599729   -0.38000000000000000444  -0.01559999999999999928 )	-0.6809 0.008417866870860019 -0.00511854999986003
270	(   0.67369999999999996554   0.55849999999985999732  -0.44000000000000000222  -0.03330000000000000321 )	-0.6737 0.059126642446860056 -0.10573719999986006
271	(   0.70089999999999996749   0.44849999999986001065  -0.36830000000000001625   0.00820000000000000069 )	-0.7009 -0.031469591729139934 0.04269357000013992
272	(   0.67500000000000004441   0.42849999999985999288  -0.42999999999999999334   0.03160000000000000309 )	-0.675 -0.06394687500014004 0.026126440000140066
273	(   0.66090000000000004299   0.48849999999985999066  -0.39169999999999999263  -0.03939999999999999752 )	-0.6609 0.04639738547085992 -0.05326354999985991
274	(   0.66810000000000002718   0.37849999999986000399  -0.33000000000000001554   0.00889999999999999993 )	-0.6681 -0.02861151924114004 0.06777840000014002
275	(   0.68679999999999996607   0.50849999999985995291  -0.33000000000000001554  -0.06279999999999999472 )	-0.6868 0.07564039596786003 -0.04074959999986002
276	(   0.6936999999999999833    0.55849999999985999732  -0.42999999999999999334  -0.04009999999999999676 )	-0.6937 0.03977790104686005 -0.07888831999986001
277	(   0.68549999999999999822   0.3684999999998599951   -0.39800000000000002043  -0.05229999999999999927 )	-0.6855 -0.11202747637514002 0.09867496000013998
278	(   0.67630000000000001226   0.56849999999986000621  -0.36199999999999998845   0.0211000000000000007  )	-0.6763 0.12812876305286003 -0.11156351999986
279	(   0.67369999999999996554   0.55399999999986004884  -0.44000000000000000222  -0.03330000000000000321 )	-0.6737 0.05462664244686011 -0.10123719999986011
280	(   0.6822000000000000286    0.45929999999985998693  -0.38059999999999999387   0.00440000000000000027 )	-0.6822 -0.0030500842481400448 0.0060774800001400465
281	(   0.68610000000000004317   0.4292999999998600158   -0.38240000000000001767   0.06439999999999999891 )	-0.6861 -0.03989981538114004 0.03728585000014005
282	(   0.68559999999999998721   0.49929999999986002246  -0.40060000000000001164   0.00589999999999999986 )	-0.6856 0.016555169983860057 -0.029287449999860053
283	(   0.66220000000000001084   0.46929999999985999581  -0.38350000000000000755   0.01250000000000000069 )	-0.6622 0.03184719615185999 -0.030947409999859985
284	(   0.68530000000000002025   0.49929999999986002246  -0.37659999999999999032   0.05439999999999999697 )	-0.6853 0.03563082752286004 -0.03262326999986002
285	(   0.67879999999999995897   0.41929999999986000692  -0.36059999999999997611   0.0028999999999999998  )	-0.6788 -0.023502655872139927 0.04146103000013991
286	(   0.70220000000000004636   0.44929999999985997805  -0.37769999999999998019  -0.00370000000000000016 )	-0.7022 -0.03960146464814007 0.043771150000140105
287	(   0.67910000000000003695   0.41929999999986000692  -0.38459999999999999742  -0.04560000000000000164 )	-0.6791 -0.04180233167114006 0.03979745000014004
288	(   0.68089999999999994973   0.55929999999986002024  -0.37299999999999999822  -0.01689999999999999836 )	-0.6809 0.10448886687086006 -0.09596079999986008
289	(   0.68349999999999999645   0.35929999999986000914  -0.38819999999999998952   0.02570000000000000062 )	-0.6835 -0.11071147287513997 0.10721176000014
290	(   0.68610000000000004317   0.43169999999985997352  -0.38240000000000001767   0.06439999999999999891 )	-0.6861 -0.037499815381140084 0.03488585000014009
291	(   0.69220000000000003748   0.47129999999985999759  -0.38059999999999999387   0.00740000000000000033 )	-0.6922 -0.005217649448140044 0.00778608000014007
292	(   0.7221999999999999531    0.51129999999985997761  -0.38059999999999999387   0.01640000000000000138 )	-0.7222 -0.010236265048139931 0.010003880000139949
293	(   0.81220000000000003304   0.63129999999985997317  -0.38059999999999999387   0.0463999999999999968  )	-0.8122 -0.04933939184814004 0.026215880000140062
294	(   0.72079999999999999627   0.51129999999985997761  -0.38030000000000002691   0.11640000000000000346 )	-0.7208 -0.007821632912140025 -0.005296319999859968
295	(   0.72079999999999999627   0.51129999999985997761  -0.37940000000000001501   0.41639999999999999236 )	-0.7208 -0.007137902912140032 -0.16513631999985995
296	(   0.72079999999999999627   0.51129999999985997761  -0.38030000000000002691  -0.08359999999999999376 )	-0.7208 -0.007821632912140025 0.0012636800001400335
297	(   0.72079999999999999627   0.51129999999985997761  -0.38030000000000002691  -0.68359999999999998543 )	-0.7208 -0.007821632912140025 -0.45905631999985996
298	(   0.7608000000000000318    0.50129999999985996872  -0.39029999999999998028   0.16639999999999999236 )	-0.7608 -0.09139778971214002 0.049827680000140026
299	(   0.70079999999999997851   0.49129999999986001535  -0.37630000000000002336   0.41639999999999999236 )	-0.7008 0.005520965487859991 -0.17356831999986
300	(   0.68079999999999996074   0.52129999999985998649  -0.37030000000000001803  -0.33360000000000000764 )	-0.6808 0.06863484388786004 -0.16910031999986003
301	(   0.62080000000000001847   0.53129999999985999537  -0.3849000000000000199   -0.09360000000000000264 )	-0.6208 0.14390023908785995 -0.15466831999986
302	(   0.73080000000000000515   0.71129999999986004422  -0.38000000000000000444  -0.04359999999999999987 )	-0.7308 0.17660263788786004 -0.17913231999986007
303	(   0.71079999999999998739   0.31129999999986002202  -0.38059999999999999387  -0.12360000000000000153 )	-0.7108 -0.19267856371213996 0.17865968000014
304	(   0.82079999999999997407   0.49129999999986001535  -0.37569999999999997842  -0.07359999999999999876 )	-0.8208 -0.2028338249121399 0.17699568000013996
305	(   0.74080000000000001403   0.53129999999985999537  -0.38429999999999997495  -0.58360000000000000764 )	-0.7408 -0.022926151312140014 -0.32310431999985995
306	(   0.76380000000000003446   0.58129999999986003978  -0.38410600000000000298   0.11640000000000000346 )	-0.7638 -0.011831037308140058 -0.011458519999859975
307	(   0.8938000000000000389    0.79129999999986000425  -0.39550600000000002421   0.71640000000000003677 )	-0.8938 -0.07916254570814008 -0.50565051999986
308	(   0.71379999999999999005   0.38129999999985997317  -0.38690600000000002767  -0.04359999999999999987 )	-0.7138 -0.13208480490814006 0.12630948000014003
309	(   0.81379999999999996785   0.78129999999985999537  -0.38130599999999997829   0.27639999999999997904 )	-0.8138 0.09695005029186013 -0.19542651999986008
310	(   0.85380000000000000338   0.51129999999985997761  -0.39410600000000001186   0.43640000000000001013 )	-0.8538 -0.2664179161081401 0.027229480000140027
311	(   0.76380000000000003446   0.69129999999986002646  -0.39270599999999999952  -0.38359999999999999654 )	-0.7638 0.09148837949185992 -0.25505851999985996
312	(   0.76380000000000003446   0.47129999999985999759  -0.37550600000000000644   0.61639999999999994795 )	-0.7638 -0.11529837410814012 -0.2678585199998599
313	(   0.67379999999999995453   0.65129999999985999093  -0.3741059999999999941   -0.2036000000000000032  )	-0.6738 0.20543516149186006 -0.23874651999986005
314	(   0.86380000000000001226   0.50129999999985996872  -0.37810599999999999765  -0.2535999999999999921  )	-0.8638 -0.28618889730814 0.18053748000014
315	(   0.66379999999999994564   0.66129999999985999981  -0.39010600000000000831   0.48639999999999999902 )	-0.6638 0.2166268226918601 -0.4572545199998601
316	(   0.89280000000000003801   0.79129999999986000425  -0.3955239999999999867    0.71640000000000003677 )	-0.8928 -0.0767828293281401 -0.50743711999986
317	(   0.81379999999999996785   0.67129999999986000869  -0.38502700000000000813  -0.0035999999999999999  )	-0.8138 -0.015901474801139903 -0.009042519999860103
318	(   0.96379999999999999005   0.94129999999986002646  -0.38782699999999997731  -0.36359999999999997877 )	-0.9638 -0.10439366400114 -0.14459451999986
319	(   0.71379999999999999005   0.65129999999985999093  -0.38542700000000001959  -0.0035999999999999999  )	-0.7138 0.13905747559885995 -0.14180251999986
320	(   0.81379999999999996785   0.66129999999985999981  -0.3852269999999999861    0.4964000000000000079  )	-0.8138 -0.026055525601139884 -0.2454425199998601
321	(   0.91379999999999994564   0.69129999999986002646  -0.38462699999999999667  -0.0035999999999999999  )	-0.9138 -0.21968874520113985 0.1437174800001399
322	(   0.81379999999999996785   0.68129999999986001757  -0.38482699999999997464  -0.50360000000000004761 )	-0.8138 -0.005747504001139853 -0.27264251999986017
323	(   0.80379999999999995897   0.8612999999998599554   -0.37502699999999999925   0.02639999999999999986 )	-0.8038 0.20132403839886007 -0.21590251999986002
324	(   0.80379999999999995897   0.87129999999985996428  -0.39472699999999999454   0.00640000000000000031 )	-0.8038 0.19615988459886008 -0.22524651999986003
325	(   0.82379999999999997673   0.48129999999986000647  -0.39502700000000001701  -0.03359999999999999792 )	-0.8238 -0.23381526800113991 0.19621748000013994
326	(   0.82379999999999997673   0.47129999999985999759  -0.37532700000000002172  -0.01359999999999999924 )	-0.8238 -0.22863929420113993 0.20716148000013995
327	(   0.96379999999999999005   0.94129999999986002646  -0.38779000000000002357  -0.36359999999999997877 )	-0.9638 -0.10436496617214003 -0.14459451999986
328	(   0.83689999999999997726   0.67129999999986000869  -0.38915300000000002667   0.19639999999999999125 )	-0.8369 -0.06630616481814 -0.009471349999859997
329	(   0.79649999999999998579   0.5712999999998600309   -0.38193300000000002248   0.12640000000000001235 )	-0.7965 -0.07988217361414002 0.04713529000013998
330	(   0.79069999999999995843   0.67129999999986000869  -0.38090099999999998959  -0.2036000000000000032  )	-0.7907 0.03186365655586007 -0.08754646999986007
331	(   0.7973000000000000087    0.5712999999998600309   -0.39002700000000001257  -0.14360000000000000542 )	-0.7973 -0.08765453704614001 0.043766330000139984
332	(   0.83109999999999994991   0.77129999999985998649  -0.38812099999999999378  -0.13359999999999999654 )	-0.8311 0.0465987051278601 -0.09842174999986006
333	(   0.83030000000000003801   0.77129999999985998649  -0.38002700000000000369   0.13639999999999999347 )	-0.8303 0.05447224514385987 -0.10050686999985992
334	(   0.76380000000000003446   0.71129999999986004422  -0.38619999999999998774   0.05639999999999999875 )	-0.7638 0.11655594192785995 -0.13109051999986
335	(   0.86380000000000001226   0.63129999999985997317  -0.383853999999999973    -0.06360000000000000375 )	-0.8638 -0.16056864338813995 0.11080548000014
336	(   0.81389999999999995683   0.67109999999986003072  -0.38302700000000000635  -0.0035999999999999999  )	-0.8139 -0.01476407234813984 -0.008679749999860147
337	(   0.81420000000000003482   0.67109999999986003072  -0.37702700000000000102  -0.0035999999999999999  )	-0.8142 -0.010800158017140044 -0.00819131999985994
338	(   0.81420000000000003482   0.67109999999986003072  -0.35902699999999998504  -0.0035999999999999999  )	-0.8142 0.002448813982859982 -0.00819131999985994
339	(   0.81420000000000003482   0.67109999999986003072  -0.30502699999999999259  -0.0035999999999999999  )	-0.8142 0.03830772998285996 -0.00819131999985994
340	(   0.85419999999999995932   0.69109999999986004848  -0.37162699999999998512  -0.10359999999999999765 )	-0.8542 -0.07028018321713977 0.027824680000139837
341	(   0.77419999999999999929   0.65109999999986001296  -0.34642699999999998495   0.09639999999999999958 )	-0.7742 0.06704397118286001 -0.06100731999985996
342	(   0.74419999999999997264   0.64109999999986000407  -0.3790270000000000028    0.02639999999999999986 )	-0.7442 0.08527553838286009 -0.0879633199998601
343	(   0.88419999999999998597   0.70109999999985994634  -0.33902700000000002278  -0.03359999999999999792 )	-0.8842 -0.10511539041714005 0.07958068000014003
344	(   0.8242000000000000437    0.57109999999986005292  -0.35552699999999998193  -0.03359999999999999792 )	-0.8242 -0.11518315621714001 0.10707668000013999
345	(   0.80420000000000002593   0.77109999999986000851  -0.36252699999999998814   0.02639999999999999986 )	-0.8042 0.11956776418285994 -0.12505931999986
346	(   0.714199999999999946     0.6810999999998600396   -0.35022700000000001053  -0.07359999999999999876 )	-0.7142 0.19414074118286012 -0.17643531999986015
347	(   0.91420000000000001261   0.66109999999986002184  -0.36782700000000001506   0.06640000000000000069 )	-0.9142 -0.23824999321714002 0.17025268000013996
348	(   0.82120000000000004103   0.66449999999985998045  -0.36312699999999997758  -0.05360000000000000181 )	-0.8212 -0.02115340225714013 0.0069964800001401165
349	(   0.8072000000000000286    0.67769999999985996997  -0.3549269999999999925    0.0463999999999999968  )	-0.8072 0.025778035422859946 -0.028281119999859956
350	(   0.83630000000000004334   0.67409999999986003338  -0.36902699999999999392   0.01940000000000000058 )	-0.8363 -0.04698721487614005 0.02492133000014004
351	(   0.79210000000000002629   0.66809999999986002805  -0.34902699999999997615  -0.02659999999999999865 )	-0.7921 0.04929886230985997 -0.041385149999859934
352	(   0.82030000000000002913   0.62109999999985998631  -0.35852699999999998459   0.00279999999999999997 )	-0.8203 -0.059414991156140046 0.051784250000140065
353	(   0.8081000000000000405    0.72109999999985996411  -0.35952699999999998548  -0.01000000000000000021 )	-0.8081 0.06413034082985991 -0.06817438999985993
354	(   0.8641999999999999682    0.67799999999986004795  -0.35472700000000001452  -0.00619999999999999978 )	-0.8642 -0.09325178981713994 0.06880320000013992
355	(   0.76419999999999999041   0.66419999999986001349  -0.36332700000000001106  -0.00100000000000000002 )	-0.7642 0.08589943778286002 -0.08019935999986003
356	(   0.66549999999999998046   0.4792999999998600047   -0.39060000000000000275  -0.0355999999999999997  )	-0.6655 0.03198817862486003 -0.03767710999986002
357	(   0.66159999999999996589   0.46929999999985999581  -0.38329999999999997407   0.10440000000000000668 )	-0.6616 0.032789157103860045 -0.042484799999860025
358	(   0.70279999999999998028   0.44929999999985997805  -0.37790000000000001368  -0.09560000000000000442 )	-0.7028 -0.04064089595213999 0.035488480000139974
359	(   0.69889999999999996572   0.43929999999986002468  -0.37059999999999998499   0.04440000000000000197 )	-0.6989 -0.039429899669139956 0.047189850000139956
360	(   0.69289999999999996039   0.55929999999986002024  -0.37919999999999998153   0.01439999999999999961 )	-0.6929 0.0828388569108601 -0.07939694999986009
361	(   0.63219999999999998419   0.4792999999998600047   -0.37559999999999998943  -0.02560000000000000123 )	-0.6322 0.08554894175186006 -0.08027851999986002
362	(   0.67149999999999998579   0.35929999999986000914  -0.38200000000000000622  -0.00559999999999999994 )	-0.6715 -0.08941157587513998 0.09158089000013996
363	(   0.73219999999999996199   0.43929999999986002468  -0.38559999999999999831   0.03440000000000000002 )	-0.7322 -0.10193211024813992 0.09563348000013991
364	(   0.68679999999999996607   0.47439999999985998924  -0.37559999999999998943  -0.02069999999999999965 )	-0.6868 0.009365035967860091 -0.003134249999860058
365	(   0.6775999999999999801    0.44419999999985998462  -0.38559999999999999831   0.02949999999999999845 )	-0.6776 -0.01560181657613996 0.01407151000013997
366	(   0.67120000000000001883   0.46799999999985997245  -0.3777200000000000002    0.05439999999999999697 )	-0.6712 0.022945665471859944 -0.020449919999859935
367	(   0.69320000000000003837   0.45059999999986000141  -0.38347999999999998755  -0.04560000000000000164 )	-0.6932 -0.029557699968140033 0.02784688000014005
368	(   0.68779999999999996696   0.50929999999985997583  -0.38206400000000001471   0.01179999999999999973 )	-0.6878 0.03795035175186001 -0.03637039999986004
369	(   0.66220000000000001084   0.47519999999986001216  -0.38125900000000001455  -0.02199999999999999872 )	-0.6622 0.039461021070860025 -0.03717515999986
370	(   0.67659999999999997922   0.40929999999985999803  -0.37913599999999997303  -0.00300000000000000006 )	-0.6766 -0.04418316959213994 0.04847856000013998
371	(   0.70220000000000004636   0.44339999999986001722  -0.37994099999999997319   0.03080000000000000099 )	-0.7022 -0.04719933812914001 0.04873620000014006
372	(   0.67969999999999997087   0.46309999999986001251  -0.3785999999999999921   -0.00239999999999999979 )	-0.6797 0.005746016426860068 -0.0011136699998600462
373	(   0.67220000000000001972   0.47449999999985997823  -0.37259999999999998677  -0.02280000000000000082 )	-0.6722 0.03193376095185996 -0.023166999999859945
374	(   0.69969999999999998863   0.49069999999986002592  -0.37936199999999997701  -0.01969999999999999876 )	-0.6997 0.0042252839828600675 -0.0015079999998600581
375	(   0.75970000000000004192   0.57069999999985998596  -0.38166200000000000125  -0.06969999999999999807 )	-0.7597 -0.013422247417140154 0.0015860000001401238
376	(   0.69799999999999995381   0.49069999999986002592  -0.38936199999999998589  -0.01969999999999999876 )	-0.698 -0.0009711590441399132 -0.003884089999860111
377	(   0.68799999999999994493   0.49069999999986002592  -0.41936200000000001253  -0.01969999999999999876 )	-0.688 -0.010825159044139915 -0.017744089999860095
378	(   0.72799999999999998046   0.49069999999986002592  -0.37556200000000000694  -0.11970000000000000084 )	-0.728 -0.03617516784413996 0.024955910000139983
379	(   0.66800000000000003819   0.49069999999986002592  -0.40316200000000002035   0.08029999999999999638 )	-0.668 0.030082769755859967 -0.05092408999985996
380	(   0.64800000000000002043   0.50069999999986003481  -0.36936200000000002364   0.03030000000000000054 )	-0.648 0.09217392095586002 -0.08171408999986003
381	(   0.74799999999999999822   0.48069999999986001704  -0.40936200000000000365  -0.06969999999999999807 )	-0.748 -0.10538623904414002 0.07394591000013999
382	(   0.69799999999999995381   0.39069999999985999262  -0.38876199999999999646  -0.00970000000000000029 )	-0.698 -0.10050428464413994 0.09640991000013992
383	(   0.69799999999999995381   0.59069999999986000372  -0.38996199999999997532  -0.0297000000000000007  )	-0.698 0.09856124655586007 -0.10437808999986009
384	(   0.59799999999999997602   0.49069999999986002592  -0.39506200000000002426  -0.06969999999999999807 )	-0.598 0.12077882415586 -0.13795408999986006
385	(   0.79800000000000004263   0.49069999999986002592  -0.38366200000000000303   0.03030000000000000054 )	-0.798 -0.16466612224413998 0.14518591000014
386	(   0.69289999999999996039   0.49069999999986002592  -0.41936200000000001253  -0.01969999999999999876 )	-0.6929 -0.01783299013313991 -0.010977679999860095
387	(   0.70040000000000002256   0.47339999999985998835  -0.39936199999999999477  -0.06880000000000000004 )	-0.7004 -0.02967834310814002 0.012426720000140034
388	(   0.69559999999999999609   0.50799999999986000798  -0.37936199999999997701   0.02939999999999999905 )	-0.6956 0.027511902139860017 -0.025004999999859993
389	(   0.70340000000000002522   0.45179999999985998027  -0.37936199999999997701  -0.05659999999999999754 )	-0.7034 -0.04013784234814008 0.03976800000014007
390	(   0.69259999999999999343   0.52959999999985996055  -0.39936199999999999477   0.01720000000000000001 )	-0.6926 0.03787340217985999 -0.05020107999985996
391	(   0.69640000000000001901   0.44069999999985998151  -0.39226199999999999957   0.01290000000000000001 )	-0.6964 -0.05090464598814001 0.04410655000014003
392	(   0.69959999999999999964   0.54069999999985995931  -0.38646200000000002772  -0.05229999999999999927 )	-0.6996 0.04893478661985992 -0.05399512999985995
393	(   0.64800000000000002043   0.48939999999986000256  -0.38906200000000001893  -0.02340000000000000066 )	-0.648 0.06593296815585997 -0.07004355999986
394	(   0.74799999999999999822   0.49199999999985999377  -0.38966200000000000836  -0.01600000000000000033 )	-0.748 -0.07834546624414004 0.06724800000014
395	(   0.70150000000000001243   0.49059999999985998143  -0.386126999999999998     0.00029999999999999997 )	-0.7015 -0.0037037885041400487 0.0015021600001400375
396	(   0.71199999999999996625   0.49029999999986001447  -0.37642700000000001159   0.06029999999999999943 )	-0.712 -0.012341414329139905 0.013007910000139936
397	(   0.70089999999999996749   0.49469999999985997396  -0.38302700000000000635   0.05029999999999999749 )	-0.7009 0.00366561554186004 -0.005969279999860037
398	(   0.70350000000000001421   0.4997999999998600229   -0.39612700000000000689   0.01110000000000000049 )	-0.7035 -0.005287368004139981 -0.005010959999860025
399	(   0.69950000000000001066   0.48139999999985999546  -0.37612699999999998912  -0.01050000000000000065 )	-0.6995 -0.0023370450041400037 0.007790000000139997
400	(   0.70209999999999994635   0.48649999999985998889  -0.38922699999999998965  -0.04970000000000000112 )	-0.7021 -0.01109392779013993 0.003974320000139955
401	(   0.69850000000000000977   0.5105999999998600547   -0.38222699999999998344  -0.01590000000000000094 )	-0.6985 0.023702798845860018 -0.022950559999860017
402	(   0.7045000000000000151    0.47059999999986001917  -0.39002700000000001257   0.01650000000000000078 )	-0.7045 -0.031178676854139997 0.025448000000139998
403	(   0.65149999999999996803   0.48989999999986000301  -0.38662699999999999845   0.00089999999999999998 )	-0.6515 0.06388892199586005 -0.06544855999986003
404	(   0.75149999999999994582   0.49129999999986001535  -0.38562699999999999756  -0.00029999999999999997 )	-0.7515 -0.0818194990041399 0.07345216000013995
405	(   0.71199999999999996625   0.49029999999986001447  -0.37642199999999997884   0.06029999999999999943 )	-0.712 -0.012337650084139895 0.013007910000139936
406	(   0.70779999999999998472   0.50059999999986004582  -0.38493399999999999839   0.01110000000000000049 )	-0.7078 -0.0021684229081399553 0.000257630000139937
407	(   0.72670000000000001261   0.53059999999985996144  -0.38133400000000000629   0.043499999999999997   )	-0.7267 0.0014192772808599152 -0.004399359999859924
408	(   0.69079999999999996962   0.49919999999985997796  -0.37493399999999998951   0.00659999999999999996 )	-0.6908 0.028971530331860035 -0.02203891999986002
409	(   0.72479999999999999982   0.50199999999986000265  -0.39493400000000000727   0.01559999999999999928 )	-0.7248 -0.03473570134813997 0.02309168000013997
410	(   0.68140000000000000568   0.49839999999986001056  -0.38593399999999999928   0.06110000000000000153 )	-0.6814 0.03307686649986 -0.037827249999859994
411	(   0.73419999999999996376   0.50279999999986002557  -0.3839339999999999975   -0.03889999999999999708 )	-0.7342 -0.04037556204413992 0.03473643000013997
412	(   0.68789999999999995595   0.52059999999985995256  -0.3856339999999999768    0.0057999999999999996  )	-0.6879 0.04636772860485999 -0.04742722999985999
413	(   0.7277000000000000135    0.48059999999985997254  -0.38423400000000001997   0.01640000000000000138 )	-0.7277 -0.05238732968914003 0.04867833000014003
414	(   0.65780000000000005134   0.49069999999986002592  -0.38923400000000002441  -0.02009999999999999981 )	-0.6578 0.05456628069185995 -0.05840316999985994
415	(   0.75780000000000002913   0.51049999999985995469  -0.38063399999999997236   0.04229999999999999732 )	-0.7578 -0.06955710650814001 0.06197155000014004
416	(   0.72670000000000001261   0.53059999999985996144  -0.38135499999999999954   0.043499999999999997   )	-0.7267 0.0014032608118599021 -0.004399359999859924
417	(   0.70499999999999996003   0.50049999999985994581  -0.38609399999999999276  -0.00889999999999999993 )	-0.705 0.001028798163860034 -0.003554209999860007
418	(   0.71060000000000000941   0.50069999999986003481  -0.38377400000000000402   0.03109999999999999917 )	-0.7106 -0.005401630092139953 0.003285150000139954
419	(   0.70669999999999999485   0.5105999999998600547   -0.38538400000000000434   0.01140000000000000041 )	-0.7067 0.009135602780860036 -0.011305069999860045
420	(   0.7088999999999999746    0.49059999999985998143  -0.38448399999999999244   0.01080000000000000057 )	-0.7089 -0.013477992225140012 0.011822570000140033
421	(   0.69710000000000005294   0.50119999999985997974  -0.37993399999999999395   0.00800000000000000017 )	-0.6971 0.018095519032859914 -0.015315589999859927
422	(   0.71850000000000002753   0.49999999999986000088  -0.38993400000000000283   0.01420000000000000082 )	-0.7185 -0.022968580981140047 0.016040610000140013
423	(   0.68779999999999996696   0.49959999999985998942  -0.38738299999999997736   0.01619999999999999912 )	-0.6878 0.024157663158860032 -0.026793599999860054
424	(   0.72780000000000000249   0.50159999999986004671  -0.38248500000000001942   0.00600000000000000012 )	-0.7278 -0.03020522417714 0.028056840000140006
425	(   0.70730000000000003979   0.49957599999986002093  -0.38293399999999999661   0.00300000000000000006 )	-0.7073 -0.0009057463731400595 0.0006882900001400717
426	(   0.70579999999999998295   0.49647599999985997377  -0.37693399999999999128  -0.02129999999999999949 )	-0.7058 0.0027999205318600118 0.0012239500001399793
427	(   0.71519999999999994689   0.50957599999986002981  -0.37861099999999997534  -0.00919999999999999984 )	-0.7152 0.00039701487086010734 0.0018504000001398871
428	(   0.69940000000000002167   0.48957599999986001205  -0.38725700000000001788   0.01519999999999999997 )	-0.6994 -0.002510739833140041 -0.0006466799998599958
429	(   0.70040000000000002256   0.49077599999985999091  -0.37793399999999999217  -0.01540000000000000049 )	-0.7004 0.0043535555798599745 -0.0004529999998599681
430	(   0.714199999999999946     0.50837599999986005095  -0.38793400000000000105   0.02139999999999999888 )	-0.7142 -0.006417095644139836 0.001247680000139841
431	(   0.69969999999999998863   0.50657599999986002715  -0.38707200000000002715  -0.01700000000000000122 )	-0.6997 0.01419207784286003 -0.01728490999986006
432	(   0.71489999999999997993   0.49257599999986001471  -0.37879600000000002158   0.02299999999999999961 )	-0.7149 -0.01628293856513996 0.01797701000013996
433	(   0.69730000000000003091   0.50667599999986001613  -0.37985600000000002696   0.01789999999999999925 )	-0.6973 0.023339129946859966 -0.020769119999859982
434	(   0.71730000000000004867   0.49247599999986002572  -0.38601200000000002177  -0.01190000000000000085 )	-0.7173 -0.02559395086114008 0.021901680000140047
435	(   0.70579999999999998295   0.49650399999986000177  -0.37693399999999999128  -0.02129999999999999949 )	-0.7058 0.0028279205318600398 0.0011959500001399513
436	(   0.70773500000000000298   0.50256299999985998284  -0.38413900000000000823   0.0129999999999999994  )	-0.707735 0.0005036724195696396 -0.0018431697748600125
437	(   0.70657800000000003937   0.50035599999986002384  -0.38093399999999999483   0.00820000000000000069 )	-0.706578 0.002484475836847466 -0.001170769915859991
438	(   0.70686499999999996557   0.49658899999986000351  -0.38172899999999998499  -0.00700000000000000015 )	-0.706865 -0.0023188722489045632 0.0030201282251399388
439	(   0.7080279999999999907    0.50457599999986002537  -0.3826550000000000229   -0.00229999999999999996 )	-0.708028 0.0032141311336220113 -0.003277641215860003
440	(   0.70802200000000004021   0.49879599999986001801  -0.38493399999999999839  -0.00220000000000000013 )	-0.708022 -0.0043061808081666375 0.0024943124841400105
441	(   0.70657199999999997786   0.49457599999986001649  -0.38321300000000002584   0.00830000000000000009 )	-0.706572 -0.005028028708001231 0.004599101184139963
442	(   0.70230000000000003535   0.50021699999986002361  -0.38319199999999997708   0.00229999999999999996 )	-0.7023 0.006988769968860026 -0.006996999999859985
443	(   0.71230000000000004423   0.49893499999986001825  -0.38267600000000001614   0.00370000000000000016 )	-0.7123 -0.00890649084314002 0.008422600000140012
444	(   0.70689500000000005109   0.50024799999986002685  -0.3839339999999999975    0.00363199999999999981 )	-0.706895 -0.0003931303040074219 -0.0005606503988599712
445	(   0.70567999999999997396   0.50226399999986004463  -0.38693400000000000016   0.00553199999999999959 )	-0.70568 0.0011285453534280454 -0.004310340623860056
446	(   0.70676099999999997259   0.49871399999985999152  -0.38193399999999999572   0.00273200000000000005 )	-0.706761 -0.00019455276312901892 0.0007896472971399484
447	(   0.70702900000000001857   0.50178199999985995117  -0.38593399999999999928   0.00453199999999999957 )	-0.707029 -0.0005997840029254575 -0.001912532182859906
448	(   0.70663100000000000911   0.49721899999986002294  -0.38413199999999997347   0.01363200000000000002 )	-0.706631 -0.003178592328377583 0.0019225387371400162
449	(   0.70715899999999998204   0.50327699999985997525  -0.38373600000000002153  -0.0063680000000000004  )	-0.707159 0.002391957705839276 -0.0032437001428599604
450	(   0.70590799999999997993   0.49524799999986002241  -0.38467400000000001592  -0.00286799999999999989 )	-0.705908 -0.00448435186611329 0.0030498790401399544
451	(   0.70788200000000001122   0.50524799999986003129  -0.38319399999999997908   0.01013200000000000038 )	-0.707882 0.0036928642469270523 -0.004253731499860017
452	(   0.71189499999999994451   0.49945699999985998518  -0.38398599999999999399   0.0031319999999999998  )	-0.711895 -0.008772712384382347 0.0073276816011399746
453	(   0.70189500000000004665   0.50103899999986001301  -0.38388200000000000101   0.00413200000000000026 )	-0.701895 0.007880412118367541 -0.008399482398859922
454	(   0.70567999999999997396   0.50226399999986004463  -0.38693400000000000016   0.00552799999999999993 )	-0.70568 0.0011285453534280454 -0.0043102963838600565
455	(   0.70769199999999998774   0.50101199999986001377  -0.38293399999999999661   0.00696599999999999997 )	-0.707692 -5.839388205786111e-5 -0.0002325582918600178
456	(   0.71008300000000001972   0.5033039999998599745   -0.37993399999999999395   0.01696599999999999844 )	-0.710083 0.0009176200697181558 0.0006260217331400804
457	(   0.7106839999999999824    0.50081899999986001504  -0.38093399999999999483  -0.00063400000000000001 )	-0.710684 -0.0032381224094334415 0.004252345900139938
458	(   0.70469999999999999307   0.50120499999986001249  -0.38493399999999999839   0.01456600000000000082 )	-0.7047 0.003075322820860038 -0.004815078355860016
459	(   0.70783099999999998797   0.49601199999986000932  -0.38300400000000001111   0.00726599999999999989 )	-0.707831 -0.005320895826877198 0.004959929805139992
460	(   0.7075529999999999875    0.50601199999986001821  -0.38286399999999998212   0.00666600000000000005 )	-0.707553 0.005204016222858626 -0.005425187746859983
461	(   0.71166499999999999204   0.50120499999986001249  -0.38493399999999999839   0.00006600000000000001 )	-0.711665 -0.007404073311144566 0.005262067869139969
462	(   0.70371899999999998343   0.50081899999986001504  -0.38093399999999999483   0.01386599999999999985 )	-0.703719 0.007212261188416114 -0.005790834994860024
463	(   0.71269199999999999218   0.50125499999986000699  -0.38266400000000000414   0.01656600000000000086 )	-0.712692 -0.007174303825017853 0.006400454508139973
464	(   0.7026919999999999833    0.50076899999986002054  -0.38320399999999998908  -0.00263400000000000006 )	-0.702692 0.006951216460902215 -0.006999891091860069
465	(   0.71008300000000001972   0.5033039999998599745   -0.37993399999999999395   0.01696800000000000044 )	-0.710083 0.0009176200697181558 0.0006259538651400803
466	(   0.70804500000000003546   0.50140199999986001522  -0.38293700000000002737   0.00196599999999999987 )	-0.708045 -0.00020133291033119782 -7.814313085992649e-5
467	(   0.70910399999999995657   0.50257199999986001959  -0.38294600000000000861  -0.01303400000000000045 )	-0.709104 -0.000633327394896771 8.65976601398802e-5
468	(   0.70794500000000004647   0.50073099999986003805  -0.38193700000000002648   0.00976600000000000038 )	-0.707945 4.2918165926303375e-5 0.0003597482691400584
469	(   0.70814500000000002444   0.50207299999985999239  -0.38393699999999997274  -0.00583399999999999978 )	-0.708145 -0.00044762646928869776 -0.000637694530859922
470	(   0.70857599999999998364   0.50640199999986001966  -0.38285200000000002563   0.00266599999999999997 )	-0.708576 0.00406454502053305 -0.004329159779860062
471	(   0.70751399999999997625   0.49640199999986001078  -0.3830219999999999736    0.00126599999999999998 )	-0.707514 -0.004468423137652666 0.004172457440139972
472	(   0.70310399999999995124   0.50192999999985998816  -0.38372400000000000952   0.01196599999999999921 )	-0.703104 0.00710274880379122 -0.007717950339860077
473	(   0.71298600000000000865   0.50087399999986004229  -0.3821499999999999897   -0.00803399999999999948 )	-0.712986 -0.007610368421381242 0.007410491040139983
474	(   0.70304500000000003102   0.50193599999986004967  -0.38245699999999999141  -0.00423399999999999992 )	-0.703045 0.008166993665043865 -0.00768165473085998
475	(   0.7130450000000000399    0.50086799999985998078  -0.38341700000000000781   0.00816599999999999965 )	-0.713045 -0.0086763270357062 0.0074984884691400655
476	(   0.70604500000000003368   0.50012999999985996435  -0.38274837000000000442   0.00442700000000000038 )	-0.706045 0.001670576113161848 -0.001650056303859889
477	(   0.71004500000000003723   0.50267399999985995507  -0.3831256299999999948   -0.000495               )	-0.710045 -0.002090306176378093 0.0014896570001400997
478	(   0.70709699999999997555   0.5020669999998600419   -0.3834369999999999723    0.0031319999999999998  )	-0.707097 0.0015043480144583954 -0.00209064201486006
479	(   0.70899299999999998434   0.50073699999985998854  -0.38243700000000002692   0.00080000000000000004 )	-0.708993 -0.00191133177236269 0.0019334340491400331
480	(   0.70786899999999997046   0.503401999999860017    -0.38266816999999997417   0.00547299999999999957 )	-0.707869 0.0022691199729953093 -0.0023534325678600822
481	(   0.70822099999999998943   0.49940199999986001345  -0.38320583000000002505  -0.00154100000000000005 )	-0.708221 -0.0026720619272067314 0.0021726101601399817
482	(   0.70663100000000000911   0.50239399999986000811  -0.38280366999999998479  -0.0030339999999999998  )	-0.706631 0.0030151513301535093 -0.0030758349948599687
483	(   0.70945899999999995078   0.50040999999986002233  -0.38307033000000001444   0.00696599999999999997 )	-0.709459 -0.0034263466786383645 0.0028735475251398645
484	(   0.70771799999999995823   0.50148499999985995945  -0.38303323999999999705  -0.000034               )	-0.707718 0.00029952551241224645 -0.000620233631860072
485	(   0.70837200000000000166   0.50131899999985995997  -0.38284076000000000217   0.00396599999999999991 )	-0.708372 -0.000702664120612484 0.00045616122814008344
486	(   0.70756300000000005301   0.5015239999998599707   -0.38273699999999999388   0.00133899999999999991 )	-0.707563 0.0007982284001573636 -0.0008803939518599046
487	(   0.7080800000000000427    0.50240199999986001611  -0.38295136000000001841   0.00217799999999999981 )	-0.70808 0.0007350269198983794 -0.0010294572838600055
488	(   0.7085270000000000179    0.50127999999985994872  -0.38313700000000000534   0.00259299999999999982 )	-0.708527 -0.0012019611958992982 0.0007237860801401274
489	(   0.70801000000000002821   0.50040199999986001433  -0.38292263999999998081   0.00175399999999999992 )	-0.70801 -0.0011376983571106392 0.0008730835841400221
490	(   0.70704500000000003457   0.50136199999985997522  -0.38300233999999999668   0.00292900000000000018 )	-0.707045 0.0012104806442682359 -0.0014579470158599497
491	(   0.70904500000000003634   0.50144199999986005523  -0.38287166000000000254   0.00100299999999999999 )	-0.709045 -0.001617403273561746 0.0013018060161400433
492	(   0.70794677999999999773   0.501299589999860018    -0.38287770999999998223   0.00096599999999999995 )	-0.70794678 -0.0001106370205437579 -0.00011187984349167535
493	(   0.70765177999999995251   0.50099258999985996077  -0.38269984000000001334  -0.00203399999999999978 )	-0.70765178 0.0001619034060729163 -0.00022568541869160655
494	(   0.70802377999999999147   0.50066958999985999856  -0.38282627000000002404  -0.00103399999999999998 )	-0.70802378 -0.0008170363771236866 0.0006270138896283359
495	(   0.70786978000000000399   0.50192958999986003743  -0.38292914999999999592   0.00296599999999999989 )	-0.70786978 0.0005957318593901306 -0.0008587617186116603
496	(   0.70784278000000000475   0.50214858999986000665  -0.38267771000000000425   0.00039399999999999998 )	-0.70784278 0.0010478219498372965 -0.0011073440377315513
497	(   0.70805077999999999072   0.50045058999986002934  -0.38307771000000001571   0.00153800000000000009 )	-0.70805078 -0.0012692219338392707 0.0008829516147483916
498	(   0.70824578000000004696   0.50043658999985995983  -0.38267771000000000425   0.002614               )	-0.70824578 -0.0012702820497763334 0.0011686618919485472
499	(   0.70764777999999994851   0.50216258999985996514  -0.38307771000000001571  -0.00068199999999999999 )	-0.70764778 0.0010485482617880737 -0.001397674584931692
500	(   0.70894677999999999862   0.50149258999986001673  -0.38289348000000000827   0.00083600000000000005 )	-0.70894678 -0.0014354040024872339 0.0011122479765084024
501	(   0.70694677999999999685   0.50110658999986001927  -0.3828619400000000117    0.00109599999999999997 )	-0.70694678 0.0012098817833337827 -0.00133404146349164
502	(   0.70765211999999999559   0.50099235999986002632  -0.38269984000000001334  -0.00203399999999999978 )	-0.70765212 0.00016116261936488518 -0.00022497421536559728
503	(   0.70814518999999997995   0.50143071999985999732  -0.38277770999999999324   0.00035399999999999999 )	-0.70814519 -0.00020134761073373197 3.876480427602501e-5
504	(   0.70874018999999999213   0.50182371999985997402  -0.38247771000000002628  -0.00148200000000000003 )	-0.70874019 -0.0004746465527457888 0.0004867405973760819
505	(   0.70734319000000001054   0.50111171999986003911  -0.38297771000000002672  -0.00093800000000000003 )	-0.70734319 0.0005316712576084459 -0.0007782114044838737
506	(   0.70894718999999994935   0.50174971999985995552  -0.38257771000000001527   0.00164599999999999989 )	-0.70894719 -0.0009371793699887998 0.0008536888930360467
507	(   0.70717319000000000706   0.5010437199998599711   -0.38272634999999999295   0.00235400000000000019 )	-0.70717319 0.0009112478464925744 -0.0009553406610838793
508	(   0.70911718999999995283   0.50181771999986002353  -0.38282906999999999353  -0.00164599999999999989 )	-0.70911719 -0.0013179626091304186 0.0010267598376359978
509	(   0.70791519000000002748   0.5024307199998599982   -0.3828351400000000182    0.00082700000000000004 )	-0.70791519 0.0011005849037988846 -0.0012874876961238675
510	(   0.70743518999999999153   0.50174971999985995552  -0.38257771000000001527  -0.00129400000000000001 )	-0.70743519 0.001337783172762147 -0.0012868463855238222
511	(   0.70837519000000004343   0.50043071999985999643  -0.38272028000000002379  -0.00011900000000000001 )	-0.70837519 -0.00150351148695968 0.0013646756466761227
512	(   0.70885518999999996836   0.50111171999986003911  -0.38297771000000002672   0.00200199999999999987 )	-0.70885519 -0.0017427002501714806 0.0013599523860760244
513	(   0.7087404200000000376    0.50182410999986004629  -0.38247771000000002628  -0.00148200000000000003 )	-0.70874042 -0.0004746031485915181 0.0004866766179163518
514	(   0.70846472000000004776   0.50191215999986005247  -0.38267771000000000425   0.000015               )	-0.70846472 -0.00012428275856415927 1.00992598184488e-5
515	(   0.70942371999999997989   0.50335615999986005331  -0.38237770999999998178  -0.00100200000000000007 )	-0.70942372 0.00010324796029795302 -7.514950522164521e-5
516	(   0.71230071999999999832   0.5076881599998599448   -0.38147771000000002539  -0.00405300000000000018 )	-0.71230072 0.0007612509829216796 -0.00033227109634154903
517	(   0.70951571999999996088   0.50368915999985997001  -0.38287770999999998223  -0.00044799999999999999 )	-0.70951572 -8.530360016950622e-5 -0.00027680377674157693
518	(   0.7093317199999999989    0.50302315999986002559  -0.38187770999999998134  -0.00155600000000000009 )	-0.70933172 0.00029126349339111957 0.00012590786229839927
519	(   0.71025572000000003481   0.50405515999985994746  -0.38228363999999998013   0.00399799999999999982 )	-0.71025572 -0.0003834860710021093 0.00039204378885853406
520	(   0.70859172000000003599   0.50265715999986004814  -0.38247177999999998343  -0.00600200000000000039 )	-0.70859172 0.0005870178125171321 -0.0005909583513015834
521	(   0.70886972000000003646   0.50135615999986005153  -0.38244031000000000553   0.00143899999999999996 )	-0.70886972 -0.0011088279700972592 0.0011380492120184353
522	(   0.70997772000000003434   0.50535615999986005509  -0.38231511000000001355  -0.00344299999999999988 )	-0.70997772 0.0013140096522303302 -0.0012996513524616076
523	(   0.71142371999999998167   0.50255415999985997288  -0.38240279999999998717  -0.00233499999999999984 )	-0.71142372 -0.0037461535543297786 0.003564097153778403
524	(   0.70742371999999997811   0.50415815999986002272  -0.3823526199999999764    0.00033100000000000002 )	-0.70742372 0.003935622046629561 -0.003709949942221685
525	(   0.70975772000000003636   0.5034361599998600223   -0.38217771000000000381   0.00013799999999999999 )	-0.70975772 -0.00016836699290698198 0.0003198420557384721
526	(   0.70908972000000003444   0.5032761599998599733   -0.38257771000000001527  -0.00214199999999999981 )	-0.70908972 0.00037430807066765603 -0.00047251715418155423
527	(   0.70935672000000005166   0.50235615999986005242  -0.38236231999999997777  -0.00091399999999999999 )	-0.70935672 -0.0007838325592346151 0.000829960813298379
528	(   0.70949072000000001914   0.5043561599998600542   -0.38239309999999998579  -0.00109000000000000004 )	-0.70949072 0.0009903088985078745 -0.0009802663337416593
529	(   0.71011371999999994831   0.50329315999986001806  -0.38253681999999999963   0.00099799999999999997 )	-0.71011372 -0.0011242649589907061 0.0009673393283782783
530	(   0.70873372000000001147   0.50341915999985997754  -0.38221860000000001945  -0.00300199999999999989 )	-0.70873372 0.0013286837078038682 -0.0011246861388216093
531	(   0.71042371999999998078   0.5032641599998599613   -0.38236805000000001487  -0.00231700000000000005 )	-0.71042372 -0.0014933399103164713 0.0014323334497784574
532	(   0.708423719999999979     0.5034481599998600343   -0.38238737000000000421   0.00031300000000000002 )	-0.70842372 0.001695579101961081 -0.0015840909102216901
533	(   0.70952475999999997658   0.50333868999985997839  -0.3822777099999999928   -0.00084900000000000004 )	-0.70952476 9.66692933762614e-6 8.597425219758297e-5
534	(   0.70982776000000002981   0.50328627999985997565  -0.38197771000000002584  -0.00038999999999999999 )	-0.70982776 -0.00027127556976985767 0.0005690167667576189
535	(   0.70918175999999999437   0.50364524999986004516  -0.38247771000000002628  -0.00146900000000000004 )	-0.70918176 0.0006810501822753501 -0.000708639244162419
536	(   0.70986775999999995879   0.50303212999986002263  -0.38207771000000001482  -0.00022900000000000001 )	-0.70986776 -0.0006622971728710014 0.000880054246557558
537	(   0.70852475999999997569   0.50284088999985998569  -0.38236238999999999644   0.00015699999999999999 )	-0.70852476 0.0009552657865488645 -0.0008335791158024441
538	(   0.71052475999999997747   0.50383648999985997108  -0.38219302999999998915  -0.00185500000000000009 )	-0.71052476 -0.0009402034178382923 0.0010055035481975566
539	(   0.70906875999999996463   0.50374678999986000072  -0.38220829000000000608   0.0011509999999999999  )	-0.70906876 0.0011590809618076126 -0.0009696083929224697
540	(   0.70998075999999998853   0.50293058999985995605  -0.38234712999999997951  -0.00284899999999999997 )	-0.70998076 -0.0011406419558480652 0.0011339727693175838
541	(   0.70852475999999997569   0.50345089999986003537  -0.38212561999999999918  -0.00265599999999999994 )	-0.70852476 0.001746283612676619 -0.0014506188028024938
542	(   0.71052475999999997747   0.50322647999986003242  -0.38242979999999998642   0.00095799999999999998 )	-0.71052476 -0.0017312531652973195 0.0016180368091974952
543	(   0.70982787999999996664   0.50328627999985997565  -0.38197771000000002584  -0.00038999999999999999 )	-0.70982788 -0.0002714569577620396 0.0005691871254343399
544	(   0.70937793999999998462   0.50325715999985998206  -0.38237770999999998178  -0.00067199999999999996 )	-0.70937794 7.336425181656003e-5 -4.054982521642413e-5
545	(   0.70967157999999996854   0.50342021999985997471  -0.38217771000000000381  -0.001026               )	-0.70967158 -5.4142160714115706e-5 0.0002124787838363802
546	(   0.70930634999999997437   0.50321739999986003777  -0.38225790999999997855  -0.00184899999999999995 )	-0.70930635 0.00023327262085504064 -0.00010532065053762227
547	(   0.70974316999999997879   0.50345997999986003002  -0.38229751000000000705   0.00015100000000000001 )	-0.70974317 -0.0002141426247112832 0.00027536456078889243
548	(   0.70925497000000004011   0.50353868999985995636  -0.38231036000000001573  -0.00128399999999999999 )	-0.70925497 0.0005920056206109581 -0.0004977261861590115
549	(   0.70979455000000002407   0.50313868999986000041  -0.38224506000000002537  -0.00041399999999999998 )	-0.70979455 -0.0005729837575379759 0.00066944181384249
550	(   0.70902476000000003165   0.50331300999985995048  -0.38223237999999998271  -0.00024499999999999999 )	-0.70902476 0.0007732482307268307 -0.0005969597318023229
551	(   0.71002476000000003253   0.50336436999986000629  -0.38232304000000000288  -0.00145300000000000008 )	-0.71002476 -0.000754982768809559 0.0007686786041976698
552	(   0.70952309000000002293   0.50333739999986004676  -0.38232770999999998729  -0.00084730999999999999 )	-0.70952309 -2.7331186419649045e-5 8.489730905199523e-5
553	(   0.70952643000000004125   0.50333997999986002103  -0.3822277099999999983   -0.00085068999999999997 )	-0.70952643 4.666003322206791e-5 8.705119520884222e-5
554	(   0.7095749000000000084    0.50337745999986005518  -0.38227789579999998937  -0.00034900000000000003 )	-0.7095749 -2.743572291707963e-5 0.00011895690914993354
555	(   0.70947461999999994475   0.50329991999986001261  -0.38227752419999999622  -0.00134899999999999994 )	-0.70947462 4.675887896851694e-5 5.249662328432859e-5
556	(   0.70942419999999994928   0.50343868999985996737  -0.38227818920000000702  -0.00097982999999999989 )	-0.7094242 0.00026115240051977073 -0.00015695452104888758
557	(   0.70932475999999999861   0.50329900999985999199  -0.38227696909999997477  -0.00064670000000000005 )	-0.70932476 0.0002725234839600077 -0.00015781307169235038
558	(   0.70972475999999995455   0.50337836999985996478  -0.38227845090000001083  -0.00105130000000000002 )	-0.70972476 -0.0002533599123250019 0.00032975972550758527
559	(   0.70962532000000000387   0.5032386899998599894   -0.38227723079999997857  -0.00071816999999999996 )	-0.70962532 -0.00024186159192515766 0.00032888901709355976
560	(   0.7093241999999999603    0.50318360999986000426  -0.38227696680000000651  -0.00284899999999999997 )	-0.7093242 0.0001579705196802228 -5.0906095220080264e-5
561	(   0.7096284200000000375    0.50349991999985999058  -0.3823016002999999885   -0.00175000000000000004 )	-0.70962842 -3.947199489678921e-6 6.951197183650623e-5
562	(   0.71008941999999997119   0.50409991999986003552  -0.38237382860000002083  -0.0029529999999999999  )	-0.71008942 -0.00015607169642167795 0.00011834418707634845
563	(   0.70990741999999995571   0.50395949999986000556  -0.38233180030000002425   0.00025000000000000001 )	-0.70990742 1.0884957664353268e-5 8.982471196359164e-6
564	(   0.71074442000000004338   0.50533849999986002466  -0.38242240030000002049   0.00625000000000000035 )	-0.71074442 5.364060689733163e-5 -0.0002199319387235299
565	(   0.71022942000000000018   0.5031244999998599754   -0.38224564030000002246   0.00525000000000000033 )	-0.71022942 -0.0012452935160047196 0.0012737665336764127
566	(   0.70958542000000002226   0.50479449999986003572  -0.38241796030000002604  -0.00474999999999999988 )	-0.70958542 0.0012666069479964348 -0.0013055942232835897
567	(   0.71065442000000000888   0.50348649999985994885  -0.38213180029999999077  -0.00417700000000000016 )	-0.71065442 -0.0014398046525172237 0.0015257573366764786
568	(   0.70916042000000001355   0.50443249999985995125  -0.38253180030000000222   0.00467699999999999973 )	-0.70916042 0.0014591177594684979 -0.0015458730342835247
569	(   0.71029242000000003543   0.50295949999986000467  -0.38252163030000002619  -0.00203499999999999992 )	-0.71029242 -0.0017167065736567455 0.0015516806845964665
570	(   0.70952241999999998701   0.50495949999986000645  -0.38214197030000002231   0.00253499999999999993 )	-0.70952242 0.0017377730619635434 -0.0015438617422036448
571	(   0.70790741999999995393   0.50369149999985995958  -0.38230413029999998908  -0.00036200000000000002 )	-0.70790742 0.002779342814650393 -0.002558715752803657
572	(   0.71190741999999995748   0.50422749999986005154  -0.38235947030000000391   0.00086200000000000003 )	-0.71190742 -0.002774612208659405 0.0025839316071962727
573	(   0.71074442000000004338   0.50533823999986005049  -0.38242240030000002049   0.00625000000000000035 )	-0.71074442 5.338060689735746e-5 -0.00021967193872355573
574	(   0.71005841999999996794   0.50395938999986000795  -0.38243180030000001324   0.000475               )	-0.71005842 -0.00029404771650778927 0.00022334418803639502
575	(   0.70975642000000005449   0.50395960999986000317  -0.38223180029999997975   0.000025               )	-0.70975642 0.0003157005122418066 -0.00020543489364350067
576	(   0.71020042000000005444   0.50395850999986002705  -0.38231614029999999582   0.00224999999999999983 )	-0.71020042 -0.0004213018662955481 0.0004210640683164206
577	(   0.70961441999999996799   0.50396048999985998407  -0.38234746029999999717  -0.00175000000000000004 )	-0.70961442 0.0004427056221003589 -0.0004109274279236624
578	(   0.70990542000000000922   0.5034594999998599496   -0.38233182030000001372   0.00024699999999999999 )	-0.70990542 -0.0004861065328572445 0.0005061443365164862
579	(   0.70990942000000001322   0.50445949999985995049  -0.38233178029999997927   0.00025300000000000002 )	-0.70990942 0.0005078764311471085 -0.00048817940412350066
580	(   0.71090741999999995659   0.50395876999986000122  -0.38232017029999998403  -0.00037199999999999999 )	-0.71090742 -0.0014949884970907046 0.00143045142719637
581	(   0.70890741999999995482   0.5039602299998600099   -0.38234343030000000896   0.00087200000000000005 )	-0.70890742 0.001512498697385678 -0.0014112602528037052
582	(   0.70992151000000003336   0.50397612999985996751  -0.38233154190000001593   0.00125000000000000003 )	-0.70992151 6.4093734634118604e-6 1.085786082016451e-5
583	(   0.70996378000000004427   0.50402601999985996439  -0.38233076669999999098   0.00425000000000000031 )	-0.70996378 -7.022453824667707e-6 4.4864120284638725e-6
584	(   0.71009058999999996598   0.50417568999985995504  -0.38232844110000002713   0.01324999999999999963 )	-0.71009059 -4.736361178706017e-5 -0.00012260649331191257
585	(   0.70987007999999995889   0.50404503999985994511  -0.38228076669999999648   0.00689999999999999988 )	-0.70987008 0.0001918974766035031 -0.00017711952065360345
586	(   0.71005748000000001863   0.50400699999985998367  -0.38238076669999998547   0.00160000000000000008 )	-0.71005748 -0.00020598478382413687 0.00017206490409048126
587	(   0.70998497999999998775   0.50452601999986002035  -0.38232909520000002424   0.00365100000000000017 )	-0.70998498 0.0004621972288838816 -0.00046067797525962083
588	(   0.70994257999999998976   0.50352601999986001946  -0.38233243820000001323   0.00484900000000000001 )	-0.70994258 -0.0004762440566376258 0.000468934096196408
589	(   0.7104637799999999892    0.50405251999986000477  -0.3823410620000000093    0.00794199999999999941 )	-0.71046378 -0.0007450004309054181 0.0006431873280283366
590	(   0.70946377999999998831   0.50399951999986003504  -0.38232047139999997265   0.00055800000000000001 )	-0.70946378 0.0007298903655999223 -0.000660976231971672
591	(   0.7104102599999999601    0.50393537999986004472  -0.38229555689999999979  -0.00075000000000000002 )	-0.71041026 -0.0007463075999332158 0.0007467950134074872
592	(   0.70951730000000001741   0.50411665999985999509  -0.38236597649999998216   0.00924999999999999954 )	-0.7095173 0.0007314110490425352 -0.0007874235005700144
593	(   0.70997560000000003999   0.50416162999986002813  -0.38231076670000002649   0.00564200000000000031 )	-0.7099756 0.00012600651701585863 -0.00012810956850002253
594	(   0.70995196000000004855   0.50389040999986001168  -0.38235076670000001098   0.00285799999999999986 )	-0.70995196 -0.00014005281980963846 0.0001332073439816559
595	(   0.70995196000000004855   0.50416950999985998827  -0.38235076670000001098   0.00573599999999999978 )	-0.70995196 0.00013904718019033813 -0.0001706261880183207
596	(   0.70997560000000003999   0.50388252999986005154  -0.38231076670000002649   0.00276399999999999996 )	-0.7099756 -0.00015309348298411796 0.00017518289949995406
597	(   0.7099473099999999981    0.50422601999986005339  -0.38233073290000002542   0.00230999999999999999 )	-0.70994731 0.00021790785377223676 -0.0002061731236239454
598	(   0.70998024999999997942   0.50382601999985998642  -0.38233080050000001204   0.00619000000000000019 )	-0.70998025 -0.00023195391693617284 0.00020761929020245636
599	(   0.70976377999999995527   0.50401751999985999753  -0.38232958210000000943   0.00433199999999999991 )	-0.70976378 0.00028772731651813266 -0.0002716628239716304
600	(   0.71016378000000002224   0.50403451999986004228  -0.38233195129999997253   0.00416799999999999983 )	-0.71016378 -0.0003019426182810647 0.000280702200028405
601	(   0.70996387000000005241   0.50407770999986001303  -0.38233252220000002453   0.00525000000000000033 )	-0.70996387 4.3189086640749164e-5 -5.6575794483015705e-5
602	(   0.70996369000000003613   0.50397432999986002677  -0.38232901120000001294   0.00324999999999999985 )	-0.70996369 -5.723400048818217e-5 6.354861855615272e-5
603	(   0.70996391000000003135   0.5040969799998600287   -0.38232076669999998098   0.00405900000000000011 )	-0.70996391 7.138748253152083e-5 -6.470197837190598e-5
604	(   0.70996364999999994616   0.50395505999986001111  -0.38234076670000000098   0.00444099999999999964 )	-0.70996365 -8.54325902525932e-5 7.360184046236247e-5
605	(   0.70996422000000003472   0.50412601999985995338  -0.38233913229999999528   0.00358600000000000021 )	-0.70996422 8.591527914497687e-5 -8.968571565155728e-5
606	(   0.70996334000000005382   0.50392601999985997541  -0.38232240109999998667   0.00491399999999999997 )	-0.70996334 -9.996032758552431e-5 9.777674809573082e-5
607	(   0.70986378000000005528   0.50402631999986002853  -0.38233077700000001053   0.00424900000000000017 )	-0.70986378 0.00014446294292161377 -0.00013778784497157006
608	(   0.71006378000000003325   0.50402571999986001128  -0.38233075640000002693   0.00425099999999999957 )	-0.71006378 -0.0001585504483979927 0.00014678066702848727
609	(   0.70995737179999995892   0.50402447529986005303  -0.38232975251099998726   0.00474999999999999988 )	-0.7099573718 1.8984011169731474e-6 -7.568026696668631e-6
610	(   0.70993814720000003593   0.50401984119985998589  -0.3823267099439999761    0.00625000000000000035 )	-0.7099381472 2.8659904045380546e-5 -4.673085009102796e-5
611	(   0.70996817180000004743   0.50402920469986001173  -0.38232840891100000613   0.00374999999999999986 )	-0.7099681718 -8.675931427754024e-6 1.1537769174419488e-5
612	(   0.70994657179999998142   0.50401974589985998332  -0.3823310961110000239    0.0057499999999999999  )	-0.7099465718 1.24722331942273e-5 -2.867358928747277e-5
613	(   0.7100573717999999479    0.50406824849985998327  -0.3823307627110000273    0.00492699999999999996 )	-0.7100573718 -0.00010633399958867584 8.894741866334407e-5
614	(   0.70985737179999996993   0.50398070209986001178  -0.38232874231100000273   0.00457299999999999981 )	-0.7098573718 0.00011008820233909811 -0.00010412613005658083
615	(   0.7100114217999999866    0.50398927709985996692  -0.38233975251099999726   0.00460699999999999998 )	-0.7100114218 -0.0001226827163287869 0.00010571753759757295
616	(   0.70990332180000004225   0.50405967349986002812  -0.38231975251099997726   0.00489299999999999978 )	-0.7099033218 0.0001264668741348951 -0.00012088864618555955
617	(   0.71003778179999998965   0.50398287739986002975  -0.38231975251099997726   0.00489299999999999978 )	-0.7100377818 -0.0001536562169053568 0.0001468327346043386
618	(   0.7098769618000000392    0.50406607319985996529  -0.38233975251099999726   0.00460699999999999998 )	-0.7098769618 0.00015742527662063188 -0.0001619967544612786
619	(   0.70997814650000001802   0.50403398119985998171  -0.38233233343700001594   0.00425000000000000031 )	-0.7099781465 -2.1983960696747573e-5 1.6924807715561576e-5
620	(   0.70998012830000001294   0.50402701159985996426  -0.38232475251100001001   0.00461660000000000022 )	-0.7099801283 -2.6153651923543908e-5 2.3457985464511158e-5
621	(   0.70993659710000001084   0.50401496939986001333  -0.38232717158500001409   0.00525000000000000033 )	-0.7099365971 2.577891115279618e-5 -3.2559997932257565e-5
622	(   0.70993461530000001591   0.50402193899986003078  -0.38233475251100002001   0.00488340000000000041 )	-0.7099346153 2.9948198213225474e-5 -3.86285942610028e-5
623	(   0.7099778957000000279    0.50400447529986003303  -0.38233037356100002535   0.00462967999999999973 )	-0.7099778957 -4.961195525124418e-5 4.270314583771221e-5
624	(   0.70993684790000000095   0.50404447529985996201  -0.38232913146100000468   0.00487032000000000003 )	-0.7099368479 5.3406962379320966e-5 -5.786731057463757e-5
625	(   0.71000737179999995341   0.50403004789985994538  -0.38233126550699997326   0.00510206000000000028 )	-0.7100073718 -6.929717321596529e-5 5.438909423977016e-5
626	(   0.70990737179999996442   0.50401890269986004967  -0.38232823951500000126   0.00439794000000000036 )	-0.7099073718 7.30833215109028e-5 -6.97680401202268e-5
627	(   0.70995276240000004808   0.50401724009986004216  -0.38232926729599997495   0.00455000000000000022 )	-0.7099527624 2.004138486694229e-6 -5.0177604691587375e-6
628	(   0.70993893419999998251   0.50399553449986000953  -0.38232781165099999354   0.00395000000000000039 )	-0.7099389342 2.3208047472411675e-6 2.153293171869703e-6
629	(   0.70989744960000000784   0.50393041769986002265  -0.3823234447159999938    0.00215                )	-0.7098974496 3.265891025117096e-6 1.9348748724552476e-5
630	(   0.7099381841999999887    0.50399977559985997821  -0.38233781165100000354   0.00395999999999999998 )	-0.7099381842 4.9277219305032816e-8 -3.231814666898184e-6
631	(   0.70993968419999997632   0.50399129339986004084  -0.38231781165099998354   0.00393999999999999993 )	-0.7099396842 4.592129879105178e-6 7.5382021356265874e-6
632	(   0.70994094419999997925   0.50398415379985994633  -0.38232791005099997506   0.00495000000000000041 )	-0.7099409442 -1.217434612099666e-5 7.48795172752601e-6
633	(   0.70993692419999998577   0.5040069151998599617   -0.38232771325100001203   0.00294999999999999993 )	-0.7099369242 1.681593838659401e-5 -5.18135730347241e-6
634	(   0.70995701420000001391   0.50394553449986001503  -0.38232869575099998061   0.00371799999999999995 )	-0.7099570142 -7.569360515055634e-5 7.960398791898646e-5
635	(   0.70992085419999995111   0.50404553449986000402  -0.38232692755100000648   0.00418199999999999995 )	-0.7099208542 8.033382066544026e-5 -7.540439580243339e-5
636	(   0.7100389341999999715    0.50400431189985994695  -0.38232773575099998631   0.00396999999999999957 )	-0.7100389342 -0.00014006904415270194 0.00013521528001191914
637	(   0.70983893419999999352   0.50398675709985996107  -0.38232788755100000078   0.00393000000000000033 )	-0.7098389342 0.00014466805729948518 -0.00013088949366807923
638	(   0.70997331060000001823   0.50401364629986000754  -0.3823228116510000163    0.00349170999999999987 )	-0.7099733106 -2.7725146477336482e-5 3.626342573998111e-5
639	(   0.70990455779999994679   0.50397742269986001151  -0.3823328116510000263    0.0044082899999999996  )	-0.7099045578 3.236167220563302e-5 -3.237453537069165e-5
640	(   0.70997689450000001088   0.50401553449986002953  -0.38233206303000000226   0.00426491000000000023 )	-0.7099768945 -3.833061038419072e-5 3.346676669605959e-5
641	(   0.70990097389999995414   0.50397553449985998952  -0.38232356027199998483   0.00363509000000000011 )	-0.7099009739 4.296604566461637e-5 -2.9355634999634424e-5
642	(   0.70997643929999998402   0.50398245539985997432  -0.38233201205900002595   0.00344999999999999994 )	-0.7099764393 -7.068238097726609e-5 7.21864612465645e-5
643	(   0.709901429099999981     0.50400861359986004473  -0.38232361124300001665   0.00444999999999999996 )	-0.7099014291 7.5317963445648e-5 -6.837706163775976e-5
644	(   0.709988934199999977     0.50398154629986002817  -0.38232483820099999461   0.00430394999999999996 )	-0.7099889342 -8.500105704203897e-5 8.421640098935969e-5
645	(   0.70988893419999998802   0.50400952269985999088  -0.38233078510099999248   0.00359604999999999994 )	-0.7098889342 8.963199976957936e-5 -8.015537585053965e-5
646	(   0.70994566889999999315   0.50399560919985997298  -0.38232981165099999554   0.00397052999999999989 )	-0.7099456689 -9.317042018536226e-6 1.1478481527596633e-5
647	(   0.70993219949999997187   0.50399545979986004607  -0.38232581165099999154   0.00392947000000000001 )	-0.7099321995 1.39584503122403e-5 -7.172647433219661e-6
648	(   0.70993972329999999182   0.50398553449986005504  -0.38232779754800000349   0.00395240999999999995 )	-0.7099397233 -8.861563302986486e-6 1.3254674612392789e-5
649	(   0.7099381450999999732    0.50400553449985996401  -0.38232782575399998359   0.00394758999999999995 )	-0.7099381451 1.3503170144646415e-5 -8.94809863940519e-6
650	(   0.70995191140000002417   0.50399567839986003648  -0.38232757972800002211   0.00374999999999999986 )	-0.7099519114 -1.6980356572687816e-5 2.1975600653446037e-5
651	(   0.70992595700000005188   0.50399539059985998257  -0.38232804357400002049   0.00415000000000000004 )	-0.709925957 2.162124860408121e-5 -1.7748677494020175e-5
652	(   0.70995893420000000251   0.50399604169986000901  -0.38232699434799999327   0.00408939999999999998 )	-0.7099589342 -2.6788689938245236e-5 2.8923358179957252e-5
653	(   0.70991893419999996251   0.50399502729986001004  -0.38232862895399999381   0.00381059999999999992 )	-0.7099189342 3.142859424326572e-5 -2.4654836556151653e-5
654	(   0.70993956039999994712   0.50399480997085999157  -0.38232829895800002351   0.00404999999999999978 )	-0.7099395604 2.7681326961181973e-7 2.9669500851826515e-6
655	(   0.70994143899999995195   0.50399263638386004871  -0.38232976087900000239   0.0043499999999999997  )	-0.709941439 -5.855174034563593e-6 5.2879255305797296e-6
656	(   0.70994050269999997571   0.5039976438708599904   -0.38232973411199999703   0.00425000000000000031 )	-0.7099405027 5.885116598491891e-7 -1.8899693130060966e-7
657	(   0.70994332959999995047   0.5040061455708599869   -0.38233403957399997308   0.00485000000000000014 )	-0.7099433296 1.5235594211793213e-6 -1.0136827325828989e-5
658	(   0.70994367169999994527   0.50399957347085999615  -0.38232701701200000333   0.00474999999999999988 )	-0.7099436717 -1.9593639413728603e-7 -2.1189839827344268e-6
659	(   0.70993733370000000615   0.50399571427085998465  -0.38233245121199999073   0.00374999999999999986 )	-0.7099373337 1.3729021709207867e-6 1.2410102051779507e-6
660	(   0.70995050270000004122   0.50400373287085997731  -0.38232753883800002503   0.00395756999999999966 )	-0.7099505027 -6.764534614372986e-6 1.0321052817865422e-5
661	(   0.70993050270000002122   0.50399155487086000349  -0.38233192938600002453   0.00454243000000000008 )	-0.7099305027 7.94112233118427e-6 -1.0869877290139067e-5
662	(   0.70994742860000004114   0.50399409297085995263  -0.38233473411199997427   0.00442052999999999977 )	-0.7099474286 -1.7258096060457362e-5 1.1717319411253814e-5
663	(   0.7099335768000000213    0.50400119477086002817  -0.38232473411200001978   0.00407946999999999997 )	-0.7099335768 1.843486505315184e-5 -1.2153378299396092e-5
664	(   0.70994195599999998514   0.5039776438708599704   -0.38232848808800001805   0.0042075000000000003  )	-0.709941956 -2.0656167596028174e-5 2.2233961995894682e-5
665	(   0.70993904939999996628   0.5040176438708600104   -0.382330980135999976     0.00429250000000000031 )	-0.7099390494 2.1833178813990273e-5 -2.2615564134430362e-5
666	(   0.7099407706300000509    0.50399647387085999561  -0.38232943225200000104   0.00444999999999999996 )	-0.70994077063 -7.557911098909909e-7 -3.7856814161335394e-7
667	(   0.70994023477000001154   0.50399881387085998519  -0.38233003597199999302   0.00404999999999999978 )	-0.70994023477 1.932813941424305e-6 -7.942557721397615e-8
668	(   0.70993872750499997792   0.50399414967085998107  -0.38233173411199999903   0.00427580999999999968 )	-0.709938727505 -1.7508405092403478e-6 5.645894025643255e-7
669	(   0.7099422778949999735    0.50400113807085999973  -0.38232773411199999503   0.00422419000000000006 )	-0.709942277895 2.9278424054923757e-6 -9.439092747404499e-7
670	(   0.70994550270000000847   0.50400133437086003241  -0.38233068623900001715   0.00426229000000000018 )	-0.7099455027 -4.0093281785114065e-6 3.115317051637294e-6
671	(   0.70993550270000005398   0.50399395337085994839  -0.38232878198499997691   0.00423770999999999957 )	-0.7099355027 5.186243193872064e-6 -3.4935630022123267e-6
672	(   0.70994279264500004256   0.50398764387086003591  -0.38232940345100002721   0.00421670000000000031 )	-0.709942792645 -1.2621159995396258e-5 1.3344398831506693e-5
673	(   0.70993821275500001988   0.50400764387085994489  -0.38233006477300002235   0.0042833000000000003  )	-0.709938212755 1.3798160759359579e-5 -1.3724599986275089e-5
674	(   0.70994038991899999225   0.50399667337985998294  -0.38233028018600001552   0.00415000000000000004 )	-0.709940389919 -6.290101977335372e-7 1.4613584818049826e-6
675	(   0.70994061548099995917   0.50399861436185999786  -0.38232918803799997853   0.0043499999999999997  )	-0.709940615481 1.806032866896734e-6 -1.8593523189820877e-6
676	(   0.70994250270000003322   0.50399733761786003061  -0.38232990643399999975   0.00425496000000000034 )	-0.7099425027 -2.873610642301072e-6 2.914837477957259e-6
677	(   0.70993997323799995502   0.50399308780286000697  -0.38233073411200002578   0.0043237900000000001  )	-0.709939973238 -3.931646213789497e-6 2.9826383479808315e-6
678	(   0.70993850270000002922   0.50399795012385995019  -0.3823295617899999943    0.00424504000000000027 )	-0.7099385027 4.050616863898737e-6 -3.292872543602388e-6
679	(   0.7099410321619999964    0.50400219993885997383  -0.38232873411200002378   0.00417620999999999964 )	-0.709941032162 5.108666339403989e-6 -3.371521578119418e-6
680	(   0.70994065450400001271   0.50399264387085995764  -0.3823289990929999993    0.0042288400000000002  )	-0.709940654504 -4.078984406685748e-6 5.2059589624024895e-6
681	(   0.70994035089600004973   0.50400264387086002316  -0.38233046913099999475   0.00427116000000000041 )	-0.709940350896 5.2560065475770745e-6 -5.58484826990741e-6
682	(   0.70994094480199998465   0.50399817980686001384  -0.38232923411199998265   0.00426694570000000009 )	-0.709940944802 8.382979229670795e-7 -2.415261103676769e-7
683	(   0.70994227110800001146   0.50399978761485997314  -0.38232773411199999503   0.00431778280000000032 )	-0.709942271108 1.5876487165777942e-6 -4.0255718298257354e-7
684	(   0.70994191717699994815   0.50399846684285998233  -0.3823302341120000114    0.00423817570000000008 )	-0.709941917177 -1.1096056563575374e-6 1.096788830235552e-6
685	(   0.70994150610700001991   0.50399805844886003126  -0.3823288113150000167    0.00416694569999999983 )	-0.709941506107 1.915140324659781e-7 1.5202081488042084e-6
686	(   0.70994038349699994939   0.50399830116485999643  -0.38232965690900000411   0.00436694570000000035 )	-0.709940383497 1.4850801137722414e-6 -2.02325973937697e-6
687	(   0.70994294480200004216   0.50399774739285996272  -0.38232887761799999593   0.00431029570000000025 )	-0.709942944802 -2.345625438271437e-6 2.658832254254757e-6
688	(   0.70993997242700002115   0.50399789277086004535  -0.3823282341120000094    0.0042957157000000001  )	-0.709939972427 2.7861954746410955e-6 -1.5814945857280216e-6
689	(   0.70993894480200003816   0.50399861222085995394  -0.38232959060600002488   0.00422359569999999993 )	-0.709938944802 4.0222039910386975e-6 -3.1456349197229927e-6
690	(   0.70994084452899997029   0.50399317980685998108  -0.38232930964099998139   0.00426477569999999997 )	-0.709940844529 -4.067838360877207e-6 4.634611918403237e-6
691	(   0.70994104507499999901   0.5040031798068600466   -0.38232915858299998391   0.00426911570000000021 )	-0.709941045075 5.74443415252146e-6 -5.117673536843549e-6
692	(   0.7099419448020000134    0.50399953080385995197  -0.3823293272485500105    0.00423357360000000023 )	-0.709941944802 6.060266974083905e-7 1.1103995942299733e-7
693	(   0.70994494480199998865   0.50400358379485998839  -0.38232960665819998303   0.00413345729999999977 )	-0.709944944802 -9.08126410736898e-8 1.1553858039396596e-6
694	(   0.7099539448020000254    0.50401574276785998663  -0.38233044488715001163   0.00383310840000000014 )	-0.709953944802 -2.18156161604921e-6 4.1682520551236785e-6
695	(   0.70994729111599996774   0.50400615539486004479  -0.38232991736619997836   0.0043334573000000003  )	-0.709947291116 -1.3045905879194297e-6 2.2191591544023581e-7
696	(   0.70995433005800001602   0.50401387019485999197  -0.38233084949020001986   0.00493345730000000014 )	-0.709954330058 -4.946066290090201e-6 -3.0584276872361413e-6
697	(   0.7099468489160000173    0.50400917669486000605  -0.38232956252220001714   0.00383345729999999985 )	-0.709946848916 2.6566835961416846e-6 6.561960267931391e-7
698	(   0.70994773331600002919   0.50400313409485997251  -0.38233027221019999509   0.00483345729999999987 )	-0.709947733316 -5.2658658570292616e-6 -7.123638045590415e-7
699	(   0.70993729111600001325   0.50399592529486003656  -0.38233111885519999174   0.00430840729999999988 )	-0.709937291116 2.6671192899230256e-6 -3.5303511985323953e-6
700	(   0.70995729111600003325   0.50401638549486005303  -0.38232871587720002049   0.00435850729999999985 )	-0.709957291116 -5.276729321546103e-6 3.9731280246514684e-6
701	(   0.70994436381600001251   0.50402615539485995377  -0.38233457157119998815   0.00438243729999999998 )	-0.709944363816 1.9562784392329613e-5 -2.4361437443418138e-5
702	(   0.70995021841600003398   0.50398615539486002479  -0.38232526316120002408   0.00428447729999999975 )	-0.709950218416 -2.217204539328721e-5 2.4800488331900426e-5
703	(   0.70994105991599998351   0.50402071559485994712  -0.38232491736620000111   0.00443770729999999961 )	-0.709941059916 2.650084554786658e-5 -2.410028628690663e-5
704	(   0.70995352231599995196   0.50399159519486003145  -0.38233491736620001111   0.00422920730000000012 )	-0.709953522316 -2.9110242118296492e-5 2.4522459648668835e-5
705	(   0.70995229111600000049   0.5040116539948600316   -0.3823283921892000059    0.00434502730000000011 )	-0.709952291116 -2.2001819100225806e-6 1.7224037598540908e-6
706	(   0.70994694510400002674   0.50400577489485998139  -0.38232983277619997375   0.00453345729999999995 )	-0.709946945104 -1.0972120178254219e-6 -1.6622674488237978e-6
707	(   0.70994763712800001976   0.50400653589485999717  -0.38233000195619998296   0.00413345729999999977 )	-0.709947637128 -1.5119696826770834e-6 2.0260995195124503e-6
708	(   0.709942291116000046     0.50400065679485994696  -0.38233144254320000632   0.00432188729999999962 )	-0.709942291116 -4.091104106040966e-7 -1.2787896584364082e-6
709	(   0.70994860319800001669   0.50401515209486003055  -0.38233191736619998036   0.00435239729999999971 )	-0.709948603198 4.1788150710597716e-6 -7.0762743258306855e-6
710	(   0.70994597903400002981   0.50399715869485994801  -0.38232791736619997636   0.00431451730000000002 )	-0.709945979034 -6.788011580438624e-6 7.5193921528678774e-6
711	(   0.709942291116000046     0.50401592649486004483  -0.38232869500920002581   0.00432188729999999962 )	-0.709942291116 1.6961519315850104e-5 -1.654848965853427e-5
712	(   0.70995229111600000049   0.50399638429486004476  -0.38233113972319998641   0.00434502730000000011 )	-0.709952291116 -1.9570809972335734e-5 1.6992103759840932e-5
713	(   0.70994904215599996533   0.50401115539485996653  -0.38233072934619999339   0.00425933729999999986 )	-0.709949042156 4.2680910128378713e-7 -1.6548908732905173e-6
714	(   0.70995429527599995811   0.50402615539485995377  -0.38233316528619998298   0.00403697730000000029 )	-0.709954295276 5.620921892574016e-6 -7.3511997389366445e-6
715	(   0.7099503096089999632    0.50400922839485995386  -0.38232872934619999139   0.00424949730000000019 )	-0.709950309609 -1.8873694452858913e-6 2.1554917522105755e-6
716	(   0.70995030778599999      0.50400923119485996349  -0.38233083346919999324   0.00445933730000000039 )	-0.709950307786 -3.490750681622856e-6 3.2264142097227947e-7
717	(   0.70994777652600005169   0.50401307959485996957  -0.38233062522319999355   0.0040593373000000002  )	-0.709947776526 4.344362039165883e-6 -3.7124199637827414e-6
718	(   0.70994777470299996747   0.5040130823948599792   -0.38233272934619999539   0.0042691773000000004  )	-0.709947774703 2.7409728050598048e-6 -5.46546393722823e-6
719	(   0.70995404215599999809   0.50401164989486002543  -0.38233124254820000099   0.00420794729999999974 )	-0.709954042156 -7.031584835143212e-6 5.385258303793763e-6
720	(   0.7099440421560000436    0.50401066089486001864  -0.38233021614419998579   0.00431072729999999998 )	-0.709944042156 7.88509601862275e-6 -8.700271914570661e-6
721	(   0.70994880152799999529   0.50400115539486001204  -0.38233110905020001313   0.0042213073000000002  )	-0.709948801528 -9.49968669006207e-6 8.32596086247457e-6
722	(   0.7099492827840000464    0.50402115539486003204  -0.38233034964219997365   0.00429736730000000039 )	-0.709949282784 1.035330435766868e-5 -1.163863505505935e-5
723	(   0.709948841334000047     0.50401039704985994838  -0.38233172934620002215   0.00418455729999999988 )	-0.709948841334 -7.92538925792341e-7 -5.502581677546979e-7
724	(   0.70994823886799995893   0.50400812201486000497  -0.38233472934619999739   0.00396021729999999992 )	-0.709948238868 -4.450596037208765e-6 2.696535851554883e-6
725	(   0.70994935762199995466   0.50401041254986000961  -0.38232972934620002015   0.00416802730000000003 )	-0.709949357622 -2.8386404726798986e-8 3.053864568712696e-7
726	(   0.70995090648600001071   0.50401045904985997126  -0.38232372934620001415   0.00411843729999999963 )	-0.709950906486 2.2640163453158113e-6 2.8690446391678495e-6
727	(   0.70995133542199995169   0.50401223174985998465  -0.38232472934619998739   0.00414776729999999979 )	-0.709951335422 2.6234772859956568e-6 1.4629440461414519e-6
728	(   0.70994737982199995763   0.50400859334986003457  -0.38233472934619999739   0.00418828730000000028 )	-0.709947379822 -2.6803167578748344e-6 -8.529842443013474e-7
729	(   0.70995565842200003548   0.50401620784986000956  -0.38233037315619999852   0.00436802729999999969 )	-0.709955658422 -4.252807356497357e-6 1.749413062016506e-6
730	(   0.70994305682199998486   0.50400461724986000966  -0.38232908553619998626   0.00396802730000000037 )	-0.709943056822 4.195864607731137e-6 -1.2185607480098247e-6
731	(   0.70994854222199998972   0.5040204125498599641   -0.38233084025719998866   0.00405667730000000039 )	-0.709948542222 1.0355095855868468e-5 -9.93657743339182e-6
732	(   0.70995017302200003062   0.50400041254986005512  -0.38232861843519999612   0.00427937729999999968 )	-0.709950173022 -1.0411873965721075e-5 1.0522554031959499e-5
733	(   0.70993935762200000017   0.50401290244985996747  -0.38232870756019998737   0.0042704472999999998  )	-0.709939357622 1.8363460608683546e-5 -1.724766926399097e-5
734	(   0.70995935762200002017   0.50400792264986005176  -0.38233075113219999741   0.00406560730000000026 )	-0.709959357622 -1.8420661475865296e-5 1.783766246506108e-5
735	(   0.70994862674100001065   0.50401078990185999018  -0.38232980766919999471   0.00426802730000000029 )	-0.709948626741 1.3942276927969566e-6 -1.9533474617659597e-6
736	(   0.70995008850300000969   0.50401003519786002904  -0.38232965102319999007   0.00406802729999999977 )	-0.709950088503 -1.451002789976119e-6 2.544121443987138e-6
737	(   0.70995435762199998742   0.50401435719386000756  -0.38232919353520000705   0.00417773729999999961 )	-0.709954357622 -3.234504344723499e-6 3.3792236588552397e-6
738	(   0.70994435762200003293   0.50400646790586001167  -0.38233026515719997773   0.00415831729999999958 )	-0.709944357622 3.1776244686643196e-6 -2.768589313197533e-6
739	(   0.70994713290699995589   0.50401156116386003347  -0.38232772934620001815   0.00416370729999999967 )	-0.709947132907 6.013488530715039e-6 -3.966099470682968e-6
740	(   0.70995158233699995343   0.50400926393585998575  -0.38233172934620002215   0.0041723473000000004  )	-0.709951582337 -6.070290422793834e-6 4.57684495826297e-6
741	(   0.70994619941299996757   0.50401541254986004237  -0.38233076714120001194   0.00414921729999999985 )	-0.709946199413 8.953509665732273e-6 -9.022493099580837e-6
742	(   0.70995251583100005277   0.50400541254985997686  -0.38232869155119997284   0.00418683730000000021 )	-0.709952515831 -9.010327116559802e-6 9.632578329721703e-6
743	(   0.70994965429699996573   0.50401042757986003195  -0.38232872934619999139   0.00416661899999999988 )	-0.709949654297 3.0270426543133055e-7 7.23342678617185e-7
744	(   0.70994906094700005461   0.50401039751985998727  -0.38233072934619999339   0.00416943560000000019 )	-0.709949060947 -3.594794498740228e-7 -1.1257355530003377e-7
745	(   0.70995013868699996529   0.5040104521188599751   -0.38232975926020001944   0.00421802729999999973 )	-0.709950138687 -1.1927288292301608e-6 9.555485269232613e-7
746	(   0.70994857655700005505   0.50401037298086004412  -0.38232969943220002085   0.00411802730000000033 )	-0.709948576557 1.1359534193289278e-6 -3.4977439304561885e-7
747	(   0.70994916265100005415   0.5040124125498599561   -0.38232972187920000184   0.00416895280000000035 )	-0.709949162651 2.272135808722986e-6 -1.979168452410013e-6
748	(   0.70994955259299996619   0.5040084125498599521   -0.38232973681319998294   0.00416710179999999972 )	-0.709949552593 -2.328908780380168e-6 2.589939729324374e-6
749	(   0.70995135762200001217   0.50401062462785994889  -0.38232988967420000748   0.00414815600000000007 )	-0.709951357622 -2.963081813939228e-6 3.098363260706566e-6
750	(   0.70994735762200000817   0.50401020047185995931  -0.3823295690181999773    0.0041878986           )	-0.709947357622 2.906291914156478e-6 -2.4883720838242895e-6
751	(   0.70995015720999998798   0.50401141254986003837  -0.3823296618507400213    0.00418056719999999968 )	-0.70995015721 -1.8582116725895936e-7 3.360305299944581e-7
752	(   0.70995255597399997693   0.50401441254986001361  -0.38232945936436002476   0.00421818690000000038 )	-0.709952555974 -6.581418500462011e-7 4.2608343223405815e-7
753	(   0.70995975226600005481   0.50402341254986005037  -0.38232885190521997965   0.00433104599999999985 )	-0.709959752266 -2.0752514548472156e-6 6.793282860045459e-7
754	(   0.70998134114199995537   0.50405041254986004962  -0.38232702952780001082   0.00466962330000000002 )	-0.709981341142 -6.327908297160123e-6 1.2868381690046654e-6
755	(   0.70996581716600004608   0.50403341254986000486  -0.38232760923322001156   0.00438451599999999976 )	-0.709965817166 -2.9602106460524524e-7 -1.1749862280308e-6
756	(   0.70998401186600001989   0.50406341254985997935  -0.3823238812172199963    0.00454492600000000035 )	-0.709984011866 5.040711441778312e-6 -6.771796865017033e-6
757	(   0.70996879006599999951   0.50402960834985999217  -0.38231760923322000156   0.00433973600000000029 )	-0.709968790066 -9.49271474287583e-7 7.241209370331237e-6
758	(   0.70996284426599998163   0.50403721674986001755  -0.38233760923322002157   0.0044292960000000001  )	-0.709962844266 3.569916966483788e-7 -9.595174647110025e-6
759	(   0.70995762286599994884   0.50401341254985998486  -0.38232932393321999998   0.00414910599999999963 )	-0.709957622866 -9.216274648504719e-6 9.198635082225452e-6
760	(   0.7099740114660000323    0.50405341254986002486  -0.38232589453322002315   0.00461992599999999989 )	-0.709974011466 8.623940608548653e-6 -1.1659308981576925e-5
761	(   0.7099761931660000247    0.50402013524986000181  -0.3823287475332199925    0.0048845160000000002  )	-0.709976193166 -3.0134072599191652e-5 2.2201116071126048e-5
762	(   0.70995544116599995643   0.5040466898498600079   -0.38232647093321997511   0.00388451600000000018 )	-0.709955441166 2.9541569263435985e-5 -2.505087320465008e-5
763	(   0.70998581716599995506   0.50403164404986000591  -0.38232980343321998351   0.00408327600000000027 )	-0.709985817166 -3.398627201889326e-5 3.154338412052507e-5
764	(   0.70994581716600002608   0.50403518104986000381  -0.38232541503321998411   0.00468575600000000012 )	-0.709945817166 3.3392516343044853e-5 -3.4074047652053554e-5
765	(   0.70996991176599999473   0.50403584054985994811  -0.38232260923321997881   0.00444010600000000009 )	-0.709969911766 -2.3647302491158761e-7 1.720521870642709e-6
766	(   0.70998219556599995173   0.50404312454985999992  -0.38230760923321999156   0.0046068760000000002  )	-0.709982195566 -5.8557421966920487e-8 1.0370164378417623e-5
767	(   0.70996819806599997804   0.5040409110498600409   -0.38233260923321998881   0.00439726600000000037 )	-0.709968198066 -2.2112260486539803e-7 -5.4047330517828675e-6
768	(   0.70997162546600001143   0.50403077004985996634  -0.38231260923322002432   0.00448294599999999981 )	-0.709971625466 -2.5203595496736675e-7 8.84211213528115e-6
769	(   0.70994991176599997473   0.50402262934985997411  -0.38232361833321998335   0.00455172599999999986 )	-0.709949911766 1.60233070478355e-5 -1.4470342887953459e-5
770	(   0.70998991176600001474   0.50404905174986003313  -0.38232160013321997427   0.00432848600000000031 )	-0.709989911766 -1.649795906186191e-5 1.7887268580283024e-5
771	(   0.70996544736599997982   0.50404904974985997868  -0.38232160033321999082   0.00494010599999999966 )	-0.709965447366 2.0495073971088518e-5 -2.2517943546777902e-5
772	(   0.70997437616600000965   0.50402263134986002857  -0.38232361813322002231   0.00394010599999999964 )	-0.709974376166 -2.0968106958452193e-5 2.5459027149621823e-5
773	(   0.70995184346600004321   0.50405584054985996811  -0.38231852593322002143   0.00398844599999999966 )	-0.709951843466 5.020746500927764e-5 -4.012821058304023e-5
774	(   0.70998798006599994626   0.50401584054986003913  -0.3823266925332199917    0.00489176599999999965 )	-0.709987980066 -5.068183508116775e-5 4.3161913739949375e-5
775	(   0.70997029356600005467   0.50403889994985995315  -0.38232760923322001156   0.00440409599999999971 )	-0.709970293566 -1.5776716313364858e-6 -4.782652448754118e-7
776	(   0.70997143896600001245   0.50404807814985996828  -0.38234260923321999881   0.00429606600000000029 )	-0.709971438966 -5.601571175878339e-6 -7.090185483695455e-6
777	(   0.70997131666599999633   0.50403814354985998492  -0.38231760923322000156   0.00424966600000000003 )	-0.709971316666 3.7652736639970374e-6 3.067277482129196e-6
778	(   0.709969270466000002     0.50403965634986003241  -0.38233760923322002157   0.00455852600000000024 )	-0.709969270466 -6.920821385258957e-6 -4.071503128465535e-6
779	(   0.70996029356599998916   0.50403716274985999046  -0.38232880993321999297   0.00404940600000000019 )	-0.709960293566 1.0888526948665822e-5 -9.941998491964537e-6
780	(   0.70998029356600000916   0.50404063714986002687  -0.38232640853321997465   0.00475878600000000009 )	-0.709980293566 -1.4044299076504396e-5 8.734058009697186e-6
781	(   0.70997101566599996048   0.50405889994985997316  -0.38232797823322001163   0.00429509599999999998 )	-0.709971015666 1.7048228895866213e-5 -1.8504713697574917e-5
782	(   0.70996957146600003785   0.50401889994986004417  -0.3823272402332200115    0.00451309600000000029 )	-0.709969571466 -2.020357465171152e-5 1.752442225043453e-5
783	(   0.70996246846599997404   0.5040446851498600056   -0.38232361063322001238   0.00490409600000000015 )	-0.709962468466 1.9097840806919786e-5 -2.2028677101204972e-5
784	(   0.70997811866600002428   0.50403311474986001173  -0.38233160783322001075   0.00390409600000000013 )	-0.709978118666 -2.2253476885142343e-5 2.0572269075604075e-5
785	(   0.70997093236300001795   0.50403707554985999195  -0.38232260923321997881   0.0044628259999999996  )	-0.709970932363 -5.447932734103933e-7 1.7324346212241112e-6
786	(   0.7099728487540000188    0.50403160234985999733  -0.38230760923321999156   0.00463901600000000015 )	-0.709972848754 2.553531370297346e-6 8.323148561916432e-6
787	(   0.70997242376299996014   0.50404301724986000366  -0.38232420463321997728   0.00396282600000000002 )	-0.709972423763 1.9217249158376415e-6 2.1212641425328575e-6
788	(   0.70996944096299996474   0.50403113384985998024  -0.38232101383321998034   0.00496282600000000004 )	-0.709969440963 -3.011326028146133e-6 8.436095484679935e-7
789	(   0.70996158426300004507   0.50402943084985996069  -0.38231260923322002432   0.00425657599999999976 )	-0.709961584263 1.3592646881249726e-5 -2.0981598747981223e-6
790	(   0.70998028046299999083   0.50404472024986002321  -0.38233260923321998881   0.0046690760000000003  )	-0.709980280463 -1.4682805681370814e-5 5.478125766330432e-6
791	(   0.70997595246300004845   0.50405707554986001195  -0.38231318023321997357   0.00457358600000000014 )	-0.709975952463 1.9073628295368517e-5 -1.2140163015266612e-5
792	(   0.70996591226299998745   0.50401707554985997195  -0.38233203823321998405   0.00435206599999999992 )	-0.709965912263 -2.0163500007885915e-5 1.55805471054189e-5
793	(   0.70996093236299995244   0.50405557514985999124  -0.382327576533220026     0.00456527600000000006 )	-0.709960932363 2.9278108612640352e-5 -3.189141307599844e-5
794	(   0.70998093236299997244   0.50401857594985999267  -0.38231764193321998713   0.00436037600000000001 )	-0.709980932363 -3.036817049004159e-5 3.533549031335219e-5
795	(   0.70997593236300005071   0.50404632414985994782  -0.38232402761121997425   0.004525706            )	-0.709975932363 5.831463900651812e-8 -9.816299471128955e-7
796	(   0.70999093236300003795   0.50407406994986003745  -0.3823282827452200161    0.00471434600000000033 )	-0.709990932363 1.8669752540056983e-6 -9.170970385676241e-6
797	(   0.7099859323630000052    0.50406135094986004308  -0.38231553541121998663   0.004040236            )	-0.709985932363 6.456399006482538e-6 2.349696562657886e-6
798	(   0.70996593236299998519   0.50403129734985996357  -0.38233251981122001739   0.005011176            )	-0.709965932363 -6.340339948590623e-6 -4.784118699111216e-6
799	(   0.70996752996300005467   0.50402632414986003884  -0.38231590451121999497   0.00406133599999999959 )	-0.709967529963 -1.0245010490239626e-6 1.1075001798401629e-5
800	(   0.70998433476300004674   0.50406632414985996782  -0.38233215071122000905   0.00499007600000000041 )	-0.709984334763 1.140697610563235e-6 -1.3469399486042702e-5
801	(   0.70998549776300001746   0.50402632414986003884  -0.38231590451121999497   0.00498661600000000014 )	-0.709985497763 -2.8195407324765887e-5 2.8216544783356304e-5
802	(   0.70996636696299997293   0.50406632414985996782  -0.38233215071122000905   0.00406479599999999986 )	-0.709966366963 2.8311514870232868e-5 -3.0604497740494905e-5
803	(   0.70998327076300005167   0.50403098054985995269  -0.38233402761121998426   0.0041694560000000002  )	-0.709983270763 -3.4029090554971164e-5 2.7879850131574748e-5
804	(   0.70996859396300004974   0.50406166774986005397  -0.38231402761122001976   0.0048819559999999998  )	-0.709968593963 3.414529043091474e-5 -3.0096830446732652e-5
805	(   0.70997614703500000477   0.50404489814985997675  -0.38232489409622000265   0.00472570599999999966 )	-0.709976147035 -2.3548687359264964e-6 -1.1010883945069598e-6
806	(   0.70997571769099998562   0.5040477501498600299   -0.38232316112622000137   0.00432570600000000034 )	-0.709975717691 2.471496316408528e-6 -9.421714079033863e-7
807	(   0.70997717111400004963   0.50404879344985997758  -0.38232902761122000701   0.00449596599999999968 )	-0.709977171114 -3.1688900380966167e-6 -1.423657094981159e-6
808	(   0.70997469361200005178   0.50404385484986002908  -0.38231902761121999701   0.00455544600000000032 )	-0.709974693612 3.285462779445414e-6 -5.413686655661473e-7
809	(   0.70998093236299997244   0.50404881354985997532  -0.38232251496322000595   0.00453470600000000033 )	-0.709980932363 -3.856684913816633e-6 3.5472106683095235e-6
810	(   0.70997093236300001795   0.50404383474986003133  -0.38232554025921999807   0.00451670599999999967 )	-0.709970932363 3.973203119622681e-6 -5.510582562975266e-6
811	(   0.70997743776099997426   0.50403632414985999333  -0.38232475488621997517   0.00448955599999999958 )	-0.709977437761 -1.2774259183362391e-5 1.1481866737511112e-5
812	(   0.70997442696500001613   0.50405632414986001333  -0.38232330033621997334   0.00456185600000000042 )	-0.709974426965 1.2890877750082463e-5 -1.3447735744584474e-5
813	(   0.70997585777000005169   0.50404496848486002314  -0.38232202761121997225   0.00459648600000000032 )	-0.70997585777 3.4474108384641156e-7 -3.775521608367437e-7
814	(   0.70997563399100005466   0.50404090148986002706  -0.38231602761122002176   0.00480882600000000042 )	-0.709975633991 1.2039722758760973e-6 1.3745635641381738e-6
815	(   0.70997616263499996325   0.50404330178486000946  -0.38231702761121999501   0.00457888599999999989 )	-0.709976162635 2.040220176191543e-6 1.8835280589519784e-6
816	(   0.70997555290500002911   0.50404663518486003682  -0.38232702761122000501   0.00461408599999999988 )	-0.709975552905 -1.350788404297365e-6 -2.6392517148851446e-6
817	(   0.70997785776999999818   0.50404576408486001515  -0.38232297758521999187   0.00448100600000000005 )	-0.70997785777 -2.61045462168763e-6 2.715024046327182e-6
818	(   0.70997385776999999418   0.50404417288486003113  -0.38232107763722000815   0.00471196599999999972 )	-0.70997385777 3.299917945176478e-6 -3.4967916289776326e-6
819	(   0.7099770745319999854    0.50403831648485997174  -0.38232260555721997441   0.00479648599999999998 )	-0.709977074532 -8.589169412376307e-6 6.123598208911936e-6
820	(   0.70997464100800000697   0.50405162048485996351  -0.3823214496652200256    0.0043964859999999998  )	-0.709974641008 9.278644605287267e-6 -6.958699569620606e-6
821	(   0.70997534100299997117   0.50403496848485995763  -0.38232289643722000561   0.00449086599999999961 )	-0.709975341003 -9.538149288002007e-6 9.848470036177025e-6
822	(   0.70997637453700002119   0.50405496848485997763  -0.38232115878521999441   0.00470210600000000017 )	-0.709976374537 1.0227628808451295e-5 -1.0625884992633224e-5
823	(   0.70997542818500003481   0.50404275362086004009  -0.38232002761122002576   0.00462656600000000036 )	-0.709975428185 3.087780164889864e-7 9.498926617381989e-7
824	(   0.70997628735499995756   0.50404718334886000619  -0.38232402761121997425   0.00456640600000000028 )	-0.709976287355 3.8069536534290904e-7 -1.706806227395595e-6
825	(   0.70997685776999996943   0.50404333739385998037  -0.38232103617321999689   0.00452646599999999982 )	-0.70997685777 -2.040453011969978e-6 3.3122806536551025e-6
826	(   0.70997508772999995408   0.50404099829385995424  -0.38232279105821997955   0.00449648600000000006 )	-0.70997508773 -3.0447646739983902e-6 3.4085170130219757e-6
827	(   0.70997485777000002294   0.50404659957585995489  -0.38232301904922000313   0.00466650599999999995 )	-0.70997485777 2.729928954003924e-6 -4.077188576283846e-6
828	(   0.70997662781000003829   0.50404893867585998102  -0.38232126416422002047   0.00469648599999999972 )	-0.70997662781 3.7342431501441453e-6 -4.18362014886624e-6
829	(   0.70997624537600001471   0.50403996848485999038  -0.38232298908521999969   0.00466439600000000034 )	-0.709976245376 -5.976582229699767e-6 4.543923297365196e-6
830	(   0.70997547016399997766   0.50404996848485994487  -0.38232106613722000032   0.0045285760000000003  )	-0.709975470164 6.666061908605636e-6 -5.308250854923352e-6
831	(   0.70997635777000001056   0.50404571732386005412  -0.3823216009652199987    0.00459100550000000017 )	-0.70997635777 6.63713119103404e-7 -3.660630060196584e-7
832	(   0.70997785776999999818   0.50404796384086003602  -0.38232032102722002254   0.00457456399999999971 )	-0.70997785777 1.6206206503999177e-6 -3.31952971753685e-7
833	(   0.70997735777000003932   0.50404616561785997586  -0.3823208634332200262    0.00461183549999999963 )	-0.70997735777 1.637539892851425e-7 4.139015316375923e-7
834	(   0.70998035777000001456   0.50404751049985996314  -0.38231865083721999765   0.00467432549999999974 )	-0.70998035777 -1.336155486253432e-6 2.748600477321822e-6
835	(   0.70997896664500004249   0.50405116561786000862  -0.38232114535821998258   0.00443962549999999973 )	-0.709978966645 2.515230298261173e-6 -7.428141381960281e-7
836	(   0.70997574889500003614   0.50404116561786005413  -0.3823205815082200143    0.00478404550000000039 )	-0.709975748895 -2.1877335050213276e-6 1.5113098100191235e-6
837	(   0.70997725003000000665   0.50404634860385999495  -0.38232586343322000344   0.00462336549999999968 )	-0.70997725003 -3.313568859658611e-6 -2.855224540769508e-8
838	(   0.70997746550999996096   0.50404598263185995677  -0.38231586343321999344   0.00460030549999999958 )	-0.70997746551 3.6410267890696346e-6 8.56089449864494e-7
839	(   0.70997792965399997289   0.50404933915686001011  -0.38232053600822002437   0.00481183550000000015 )	-0.709977929654 2.722849990560716e-6 -3.832321958921207e-6
840	(   0.70997678588599999472   0.50404299207886005263  -0.38232119085821997251   0.00441183549999999997 )	-0.709976785886 -2.3953436192880595e-6 4.580125676006721e-6
841	(   0.70997535776999998181   0.50404956244786003339  -0.38232051297022001668   0.00458186549999999981 )	-0.70997535777 6.852961071696084e-6 -5.547298680601139e-6
842	(   0.70997935776999998581   0.50404276878786002936  -0.3823212138962199802    0.00464180550000000032 )	-0.70997935777 -6.525470377855003e-6 6.373313341788319e-6
843	(   0.70997835776999995705   0.50404658772286003998  -0.38232101021122000262   0.00457416550000000043 )	-0.70997835777 -1.0385792909572977e-6 1.7577889045861653e-6
844	(   0.70997742881699998918   0.50404583855786000424  -0.38232286343321997268   0.00464101549999999981 )	-0.709977428817 -1.800031000337432e-6 5.718468670720283e-7
845	(   0.70997635777000001056   0.50404574351286002276  -0.38232071665521999426   0.00464950549999999969 )	-0.70997635777 1.3660829669692731e-6 -9.328218994883015e-7
846	(   0.70997760121499997599   0.50404756343585999101  -0.38232047374321997957   0.00471183549999999989 )	-0.709977601215 1.4914065537552368e-6 -1.5706026335008137e-6
847	(   0.70997728672299997843   0.50404649267785994748  -0.38231886343322002419   0.00458265550000000032 )	-0.709977286723 2.1275309576573864e-6 2.542532612841313e-7
848	(   0.70997711432499999162   0.50404476779985996071  -0.38232125312322001731   0.00451183550000000023 )	-0.709977114325 -1.1638991311291313e-6 2.3784058151257628e-6
849	(   0.70997692330899997426   0.50404816561786003337  -0.38232155888822000334   0.00455929550000000027 )	-0.709976923309 2.288972656278032e-6 -1.721162002736644e-6
850	(   0.70997779223099999335   0.50404416561786002937  -0.38232016797821999354   0.00466437549999999986 )	-0.709977792231 -1.9614664487077604e-6 2.54344453995458e-6
851	(   0.70997737586689002587   0.50404671489186003708  -0.38232139024021999374   0.00466183550000000019 )	-0.70997737586689 2.828429157275547e-7 -5.733592538185639e-7
852	(   0.70997735404624995326   0.50404605259486001678  -0.38232186343321999944   0.00458861259999999993 )	-0.70997735404625 -7.082806694480581e-7 7.352980612744048e-7
853	(   0.70997736149375001435   0.50404627864086004596  -0.38231986343321999744   0.0046350584000000002  )	-0.70997736149375 1.035786648367898e-6 9.142639549888527e-8
854	(   0.70997785776999999818   0.50404615860886003986  -0.38232085671122001402   0.00461039539999999991 )	-0.70997785777 -5.942173942619089e-7 1.1441690739973135e-6
855	(   0.70997685776999996943   0.50404617262686002288  -0.38232087015521998286   0.00461327560000000022 )	-0.70997685777 9.217243081005577e-7 -3.1636965878677407e-7
856	(   0.70997735385043003742   0.50404716561786000462  -0.38232074933322002241   0.00458739139999999983 )	-0.70997735385043 1.256926785014878e-6 -3.6679725809616665e-7
857	(   0.70997733967311005276   0.50404561634386002567  -0.38232033662622000314   0.00456183549999999993 )	-0.70997733967311 4.4664506537728244e-8 1.3961623176488525e-6
858	(   0.70997736168957004121   0.5040451656178599471   -0.38232097753321997446   0.0046362796000000003  )	-0.70997736168957 -9.294188323683006e-7 1.193405293210702e-6
859	(   0.70997755731772005383   0.50404666561786004575  -0.38232094214836997992   0.00460150940000000029 )	-0.70997755731772 3.018082404826483e-7 2.9238821812342983e-7
860	(   0.70997815596087998635   0.50404816561786003337  -0.38232117829382000762   0.00457053109999999967 )	-0.70997815596088 7.159699015601984e-7 -7.343078445152433e-8
861	(   0.70997995189036000596   0.50405266561785999624  -0.38232188673016997971   0.00447759620000000042 )	-0.70997995189036 1.9584450558496336e-6 -1.1823993523561495e-6
862	(   0.709978137562879974     0.50404824144285997889  -0.38232317829382000962   0.0045703810999999997  )	-0.70997813756288 -7.09672228954572e-7 -1.7400900346781046e-7
863	(   0.70997818612387997295   0.50404804130785996197  -0.38232118120781999338   0.00447053110000000028 )	-0.70997818612388 5.438190336659599e-7 9.9781557871868e-7
864	(   0.70997736618188000968   0.50404616561785997586  -0.38232122516981997817   0.00457437110000000029 )	-0.70997736618188 -1.255655148468815e-7 7.700017388030351e-7
865	(   0.70997812579787999976   0.50404828992785999375  -0.38232117537982002187   0.00467053109999999994 )	-0.70997812579788 8.881207655131451e-7 -1.1646771457343526e-6
866	(   0.70997894573987996303   0.50405016561785997986  -0.38232113141781998156   0.00456669109999999993 )	-0.70997894573988 1.5575026564851324e-6 -9.168915513484736e-7
867	(   0.70997817435887999871   0.50404808979285997683  -0.38231917829382000562   0.00457068109999999965 )	-0.70997817435888 2.141604030586608e-6 2.7147390341920397e-8
868	(   0.70997915596088001511   0.50404659438985999209  -0.38232127488882000632   0.0045784411000000004  )	-0.70997915596088 -2.4413278120472004e-6 2.8453861574421846e-6
869	(   0.7099771559608799576    0.50404973684585996363  -0.38232108169882000892   0.00456262109999999981 )	-0.70997715596088 3.873263336590105e-6 -2.992370862478461e-6
870	(   0.70997865596087994522   0.50404849487586000922  -0.38232118061782000007   0.00456085069999999978 )	-0.70997865596088 2.873468674113866e-7 3.9568504979331555e-7
871	(   0.70998015596088004386   0.5040494826498600478   -0.38232118758981997741   0.00453180950000000009 )	-0.70998015596088 -9.985286252844894e-7 1.8019110311756276e-6
872	(   0.70997871976988002896   0.5040485879358600485   -0.38232218061781997331   0.00462159069999999988 )	-0.70997871976988 -4.807290514829976e-7 -1.6451038056078222e-7
873	(   0.7099789111968799471    0.50404886711586005532  -0.38232518061782000407   0.00480381070000000018 )	-0.70997891119688 -2.7849689119563426e-6 -1.8893687943063203e-6
874	(   0.70997947978088005172   0.50404749874786003438  -0.38232018061782002682   0.00476719069999999995 )	-0.70997947978088 -1.1899292979011822e-6 6.368548988958105e-7
875	(   0.70997795975888000619   0.5040496771238599516   -0.38232418061781997531   0.00447599069999999981 )	-0.70997795975888 2.2846073416404877e-7 -1.00827322460827e-6
876	(   0.70997925704588005225   0.50405001020385997723  -0.38232076675381998498   0.00442159070000000022 )	-0.70997925704588 1.2101656802765426e-6 9.847672415440903e-7
877	(   0.70997796424888004463   0.50404658793585999099  -0.38232106772481999624   0.00447685069999999991 )	-0.70997796424888 -4.872582303194761e-7 2.079590933905665e-6
878	(   0.70997947529088001328   0.50405058793585999499  -0.3823232935108200059    0.00476633069999999985 )	-0.70997947529088 -4.742047814421113e-7 -2.450509888473869e-6
879	(   0.70997818249388000567   0.50404716566786000875  -0.38232359448182001715   0.0048215907000000004  )	-0.70997818249388 -2.1716290110884717e-6 -1.3937874251276433e-6
880	(   0.7099777197698800002    0.50405014480386001186  -0.38232063294882001614   0.00473426070000000036 )	-0.70997771976988 3.7717601447384563e-6 -4.19545859730332e-6
881	(   0.70997971976987994669   0.50404703106785997413  -0.382323728286819986     0.00450892070000000027 )	-0.70997971976988 -4.733227298187037e-6 3.841050778448526e-6
882	(   0.70997921976987998782   0.50404911525385998061  -0.38232230121582000404   0.00466433070000000019 )	-0.70997921976988 -8.017308530117173e-7 -3.7872969140265034e-7
883	(   0.70997821976987995907   0.50404806061786000537  -0.3823220600198199981    0.00457885070000000043 )	-0.70997821976988 -1.597283440513131e-7 4.60560151255274e-8
884	(   0.70997890622367998414   0.50404878457685997617  -0.38232177265181999104   0.00452159069999999962 )	-0.70997890622368 -2.540965698127895e-7 8.179232546834346e-7
885	(   0.70997853331607996274   0.50404839129486000981  -0.3823225885838200111    0.00472159070000000014 )	-0.70997853331608 -7.073620141295756e-7 -1.1669439463050375e-6
886	(   0.70997846884177995275   0.50404958793585996624  -0.38232272965482000382   0.00460014069999999976 )	-0.70997846884178 4.78908285223012e-7 -1.3230114015032164e-6
887	(   0.70997856949779003521   0.50404906993985998387  -0.38232118061782000007   0.0046606607000000003  )	-0.70997856949779 9.93161120677044e-7 -1.2225518921815957e-6
888	(   0.70997897069797999414   0.50404758793586001975  -0.38232163158081999832   0.00464304069999999999 )	-0.70997897069798 -1.4403672592977479e-6 9.930705612809448e-7
889	(   0.7099788700419700227    0.50404810593186000212  -0.38232318061782000207   0.00458252070000000032 )	-0.70997887004197 -1.9546213201049323e-6 8.904782466681483e-7
890	(   0.70997872707939002623   0.50404851605208000898  -0.38232168061782001445   0.00462770070000000002 )	-0.70997872707939 -1.8134441037709337e-7 -1.387605778036605e-7
891	(   0.70997874900792001807   0.50404830040074000141  -0.38232018061782002682   0.00464603069999999958 )	-0.70997874900792 7.16806511730228e-7 -6.195915428819815e-8
892	(   0.70997892707939003198   0.5040485002080800081   -0.38232179464282001202   0.00461435070000000037 )	-0.70997892707939 -5.868188436286559e-7 2.844563392344491e-7
893	(   0.70997852707939002048   0.50404853189608000985  -0.38232156659282001687   0.00464105069999999967 )	-0.70997852707939 2.2412982639274937e-7 -5.623338597946912e-7
894	(   0.70997875412705002685   0.50404865500308004833  -0.38232068061781998569   0.00464194069999999959 )	-0.70997875412705 6.81347224196216e-7 -3.7130474419822307e-7
895	(   0.70997870398000995085   0.5040483973850800048   -0.38232150611282000874   0.00452770069999999976 )	-0.70997870398001 -1.3164625306538724e-7 8.626464258157852e-7
896	(   0.70997870003173002562   0.50404837710107996962  -0.38232268061781998769   0.00461346069999999959 )	-0.70997870003173 -1.0440380480702949e-6 9.337803483420079e-8
897	(   0.7099787501787699906    0.50404863471908001316  -0.38232185512282002016   0.00472770070000000028 )	-0.70997875017877 -2.3104263077722287e-7 -1.1601675805349276e-6
898	(   0.70997872390789995567   0.50404951605208003773  -0.3823217978738199796    0.00461397070000000003 )	-0.7099787239079 7.337925109762722e-7 -1.0163758105118589e-6
899	(   0.70997873025087998577   0.50404751605207998022  -0.38232156336181999379   0.00464143070000000001 )	-0.70997873025088 -1.0964813590419453e-6 7.384776288824918e-7
900	(   0.7099788270793899736    0.50404894522472998286  -0.38232173944718000902   0.00460787589999999986 )	-0.70997882707939 5.162379743128831e-8 -2.4284401342176303e-7
901	(   0.70997912707939003774   0.50405023274268001554  -0.38232191593525999274   0.00454840150000000026 )	-0.70997912707939 7.505281237329964e-7 -5.598104726014518e-7
902	(   0.70997902707938997935   0.50404892583372995496  -0.3823208779881799857    0.00456623589999999996 )	-0.70997902707939 3.884990158464774e-7 4.4254857277340547e-7
903	(   0.70997864255617004758   0.50404889865072999289  -0.38232115282118001032   0.0045078758999999996  )	-0.70997864255617 7.326469486090836e-7 4.5329004208234224e-7
904	(   0.70997901160261001063   0.50404899179872997284  -0.38232232607318000772   0.00470787590000000013 )	-0.70997901160261 -6.294001871909316e-7 -9.589780007581744e-7
905	(   0.70997862707938996785   0.50404896461573001076  -0.38232260090617997683   0.00464951589999999977 )	-0.70997862707939 -2.8525307554927437e-7 -9.317042988808753e-7
906	(   0.70997891626286002698   0.50404896773472995797  -0.38232273944717998226   0.00450796589999999994 )	-0.70997891626286 -8.25374816215696e-7 7.720464996981743e-7
907	(   0.70997882988330995868   0.50404794522472995411  -0.38232177088718000135   0.00460939590000000038 )	-0.70997882988331 -9.766567098112855e-7 7.471271810870303e-7
908	(   0.70997873789592003124   0.50404892271473000775  -0.38232073944717998026   0.00470778589999999979 )	-0.70997873789592 9.286203771496915e-7 -1.27769852675449e-6
909	(   0.70997882427546998851   0.50404994522473001162  -0.38232170800718001669   0.00460635590000000022 )	-0.70997882427547 1.0799043027032162e-6 -1.2328198287305657e-6
910	(   0.70997892707939003198   0.50404889304670996708  -0.38232176590159000495   0.00461628339999999981 )	-0.70997892707939 -1.7200341720369217e-7 -1.2622233724959582e-7
911	(   0.7099792270793899851    0.50404873651265003076  -0.38232184526481999276   0.00464150589999999964 )	-0.70997922707939 -8.428853247588464e-7 2.2279457827395442e-7
912	(   0.70997893613808005231   0.50404885576571001327  -0.38232126590158999058   0.00462245339999999959 )	-0.70997893613808 1.5933845484705778e-7 -1.3308138520871248e-7
913	(   0.70997896331415000226   0.5040487439227100408   -0.38231976590159000295   0.00464096339999999982 )	-0.70997896331415 1.1533610689284934e-6 -1.5411535499788818e-7
914	(   0.70997883525043004038   0.50404785576570998451  -0.38232089377758998738   0.00465502339999999959 )	-0.70997883525043 -4.0355652744517023e-7 4.2149499276585643e-7
915	(   0.70997903702572995321   0.50404985576571004202  -0.38232163802558999377   0.0045898833999999996  )	-0.70997903702573 7.222331169509655e-7 -6.89779352777219e-7
916	(   0.70997913106268994987   0.50404842230270996417  -0.38232198488058999342   0.00472245339999999986 )	-0.70997913106269 -1.1186540627983188e-6 -3.573242928356611e-7
917	(   0.70997913613807994704   0.50404841101570996287  -0.38232054030159001723   0.00455788339999999969 )	-0.70997913613808 -3.3029589591171415e-8 1.188434576353696e-6
918	(   0.70997874121347004372   0.50404928922870995134  -0.38232054692258998774   0.0045224534000000002  )	-0.70997874121347 1.4373297767822368e-6 7.11615983574878e-8
919	(   0.70997873613808004656   0.50404930051570995264  -0.38232199150159001944   0.00468702340000000037 )	-0.70997873613808 3.5170527590278056e-7 -1.4629358366350672e-6
920	(   0.70997891459131001746   0.50404825287871002359  -0.38232226590159001933   0.00453492339999999987 )	-0.70997891459131 -1.1756088310888035e-6 1.240755300844531e-6
921	(   0.70997895768484997614   0.50404945865271000294  -0.38232026590159001733   0.00470998340000000019 )	-0.70997895768485 1.4942837388565167e-6 -1.522241072284805e-6
922	(   0.70997895548614997629   0.50404898669921005538  -0.38232145634665998246   0.0045724533999999999  )	-0.70997895548615 1.1539116734349264e-7 2.2320389926853369e-7
923	(   0.70997903613807999967   0.50404858947109998368  -0.38232087857141999754   0.00461040100000000008 )	-0.70997903613808 3.799176850893815e-8 3.864870763119137e-7
924	(   0.7099789167900100173    0.50404872483220997115  -0.38232107545651999869   0.00467245340000000016 )	-0.70997891679001 2.032856683820139e-7 -4.943666691308513e-7
925	(   0.70997886225297002216   0.5040483557657100544   -0.38232120318698997741   0.00459982359999999962 )	-0.70997886225297 -1.8097748805123715e-7 4.707031606632785e-7
926	(   0.70997898693507000001   0.50404853497815005348  -0.38232176590159000495   0.00463801169999999985 )	-0.70997898693507 -6.205863563313319e-7 1.1575866888790674e-7
927	(   0.70997883613807999392   0.50404912206032004285  -0.38232165323175998362   0.00463450579999999997 )	-0.70997883613808 2.8068479876464103e-7 -6.529403476588943e-7
928	(   0.70997901002318997143   0.50404935576570997213  -0.38232132861619000375   0.00464508319999999957 )	-0.70997901002319 4.996543667423747e-7 -7.378901360076173e-7
929	(   0.70997888534108999359   0.50404917655326997306  -0.3823207659015899762    0.00460689510000000021 )	-0.70997888534109 9.392627552951005e-7 -3.824055558181363e-7
930	(   0.70997898613807997048   0.50404885118525999399  -0.38232125475385997371   0.00461920480000000029 )	-0.70997898613808 8.767151454813771e-8 -2.748058835419238e-8
931	(   0.70997913613807994704   0.50404883744391004718  -0.38232122131066997861   0.00460945899999999978 )	-0.70997913613808 -1.2732937207382555e-7 2.891951915839383e-7
932	(   0.70997958613807998773   0.50404879621985998472  -0.38232112098109999332   0.00458022159999999998 )	-0.70997958613808 -7.723326206354741e-7 1.2380830342149144e-6
933	(   0.70997933613807995279   0.5040490185393200484   -0.38232110503879002117   0.00465162900000000001 )	-0.70997933613808 -1.597698706945483e-7 1.5513950058081995e-9
934	(   0.70997993613807997004   0.50404956182555005206  -0.38232075622314998231   0.00477813899999999982 )	-0.70997993613808 -2.570925512479505e-7 -8.827192212460997e-7
935	(   0.70997983613808002268   0.50404911082703995895  -0.38232049062878997736   0.0047691490000000003  )	-0.70997983613808 -3.537852271418007e-7 -4.878865692316507e-7
936	(   0.7099813361380800103    0.50404938769020002365  -0.38231864739879001247   0.00512170900000000033 )	-0.70998133613808 -9.358422158600721e-7 -2.1219288673654928e-6
937	(   0.70997956846407994647   0.5040501108270399877   -0.38232067459979002244   0.00453298900000000029 )	-0.70997956846408 9.103232183615972e-7 3.2882012709471945e-7
938	(   0.70997883613807999392   0.50404858192103996206  -0.38232117792279002311   0.00452606899999999975 )	-0.70997883613808 1.039871151409244e-7 8.805423498945359e-7
939	(   0.70997967537408002148   0.50404902579804000684  -0.38231849062878997536   0.00462730899999999959 )	-0.70997967537408 1.3335732684249813e-6 7.016576625675514e-7
940	(   0.70998083613808005143   0.50404963973303995584  -0.38231980333478998713   0.00501222899999999999 )	-0.70998083613808 -8.115627741223097e-7 -1.974489261091051e-6
941	(   0.70998010381207998787   0.50404811082704004122  -0.38232030665778998779   0.00500530900000000032 )	-0.70998010381208 -1.6178940453748236e-6 -1.4161362136502747e-6
942	(   0.70997999690208002388   0.50404919585604002208  -0.38232249062878997936   0.00491098900000000015 )	-0.70997999690208 -2.041151832721244e-6 -1.717667920605472e-6
943	(   0.70998054776408003885   0.50404881108104004905  -0.38232088013778997571   0.00426914899999999986 )	-0.70998054776408 -2.027497874784734e-6 5.341489158881225e-6
944	(   0.7099791245120800065    0.50404941057303997987  -0.38232010111978997902   0.00526914899999999988 )	-0.70997912451208 1.319924959913843e-6 -6.817261284599076e-6
945	(   0.70998033034888996529   0.50404898445974000154  -0.38231949062879000412   0.00480391900000000024 )	-0.70998033034889 -4.6286562288555544e-7 7.3848204114900005e-9
946	(   0.70998181298132001515   0.50404860535784001829  -0.38231649062878997336   0.00490822900000000006 )	-0.70998181298132 -7.901250529684933e-7 1.4786944856407162e-6
947	(   0.70998057515588997024   0.5040499844597400303   -0.3823175738887900077    0.00485338899999999962 )	-0.70998057515589 1.6325435832353907e-6 -1.1227458370211652e-6
948	(   0.70997933034889004755   0.50404838017174002918  -0.38231770632679001887   0.00477402899999999995 )	-0.70997933034889 1.809404135327819e-6 -5.220019745273864e-7
949	(   0.70997933034889004755   0.50404979020473994478  -0.38232064889179001588   0.00477402899999999995 )	-0.70997933034889 9.694390735170977e-7 -1.9320349744429867e-6
950	(   0.70998133034888999404   0.50404817871473994728  -0.38231833236578999236   0.00483380899999999968 )	-0.70998133034889 -1.8951772625397378e-6 1.945019791243774e-6
951	(   0.70998133034888999404   0.5040495887477399739   -0.38232127493078998937   0.00483380899999999968 )	-0.70998133034889 -2.735146008570055e-6 5.349867912171513e-7
952	(   0.70998008554188996033   0.50404798445973997278  -0.38232140736879000054   0.004754449            )	-0.70998008554189 -2.5582824320635744e-6 1.132621035837216e-6
953	(   0.70998040081188995565   0.50404902703973997191  -0.38231940901379002362   0.0043039189999999998  )	-0.70998040081189 -4.644349204108167e-7 4.61877851341637e-6
954	(   0.70998025988588997492   0.50404894187974003117  -0.38231957224378998461   0.00530391899999999982 )	-0.70998025988589 -4.6129635980496353e-7 -5.1040088627124e-6
955	(   0.70998033844411001514   0.50404948445973996041  -0.38231944920179000702   0.00483461900000000007 )	-0.70998033844411 5.656935134212837e-8 -7.770234021107507e-7
956	(   0.70998030023250002785   0.50404900806601005137  -0.38231849062878997536   0.0046896990000000003  )	-0.7099803002325 3.7092111948577866e-7 1.0253755102731764e-6
957	(   0.70998032225367002646   0.50404848445974004267  -0.38231953205579000121   0.00477321900000000042 )	-0.70998032225367 -9.823006009435087e-7 7.899080631557753e-7
958	(   0.70997983034889000642   0.50404897629951994631  -0.38231943735279000363   0.00484339899999999997 )	-0.70997983034889 3.258186323518153e-7 -1.075311154566633e-6
959	(   0.70998083034889003518   0.50404899261995994575  -0.38231954390479000461   0.00476443899999999965 )	-0.70998083034889 -1.251550948960789e-6 1.0869639547450928e-6
960	(   0.70998036046528001375   0.50404896085346995172  -0.38232049062878997736   0.00491813900000000019 )	-0.70998036046528 -1.2966543692372046e-6 -1.0366982843628188e-6
961	(   0.70998044635214996312   0.50404889353233994775  -0.38231889698679000222   0.0050039189999999999  )	-0.70998044635215 -2.752935998606709e-7 -1.698535300402569e-6
962	(   0.70998021434562996745   0.50404907538714005533  -0.38232008427079000601   0.00460391899999999972 )	-0.70998021434563 -6.504384079952796e-7 1.6333049680929537e-6
963	(   0.70998033696572004914   0.50404898400777997658  -0.38231899062878998974   0.00480191899999999998 )	-0.70998033696572 -9.100442002751841e-8 3.644409481488154e-8
964	(   0.70998035681620996762   0.50404898265190001272  -0.38231749062879000212   0.00479591900000000005 )	-0.70998035681621 1.0245761878635573e-6 1.2357391824709604e-7
965	(   0.70998031901655000997   0.50404918400777998233  -0.38231906915678998127   0.00479227899999999998 )	-0.70998031901655 7.609310809231218e-8 -9.655495166699081e-8
966	(   0.70998035491488997728   0.50404878400777997083  -0.38231891210078999821   0.00481155899999999997 )	-0.70998035491489 -2.581019616920699e-7 1.6925728265186645e-7
967	(   0.70998053696572005489   0.50404901005532998237  -0.38231811562878997846   0.00477264900000000034 )	-0.70998053696572 3.0165726547237703e-7 5.746363249456788e-7
968	(   0.70998013696572004338   0.50404895796022997079  -0.38231986562879000102   0.00483118899999999962 )	-0.70998013696572 -4.836678071384881e-7 -5.034615210688341e-7
969	(   0.70998052316700999143   0.50404900825821996602  -0.38231973811579000877   0.00490191900000000024 )	-0.70998052316701 -9.198881772420897e-7 -6.937916013379174e-7
970	(   0.70998015076442999582   0.50404895975733998714  -0.38231824314179002622   0.00470191899999999972 )	-0.70998015076443 7.378780721156719e-7 7.466798602455974e-7
971	(   0.70998024979632001763   0.50404900825821996602  -0.38231817599778999961   0.00490191900000000024 )	-0.70998024979632 6.879621254896051e-7 -1.081967257512023e-6
972	(   0.70998042413511996962   0.50404895975733998714  -0.38231980525978997987   0.00470191899999999972 )	-0.70998042413512 -8.6997232498498e-7 1.1348554622408194e-6
973	(   0.7099804369657199965    0.50404900279077002878  -0.38231873815355998936   0.00483169030000000013 )	-0.70998043696572 -3.039098842028132e-8 -1.2714789044963293e-7
974	(   0.70998073696571994962   0.50404905913973996334  -0.38231798072786998821   0.00492100419999999972 )	-0.70998073696572 1.5144828546809208e-7 -6.285596895392771e-7
975	(   0.70998061503251996829   0.5040489300419800367   -0.38231773815356001611   0.00487417030000000025 )	-0.70998061503252 3.9222104838976257e-7 -2.138561381445662e-7
976	(   0.70998056102188999983   0.50404920279077003453  -0.38231905236356000799   0.00486128029999999961 )	-0.70998056102189 -2.582476687496005e-7 -4.378079675276499e-7
977	(   0.70998031290954999317   0.50404880279077002303  -0.38231842394356002623   0.00480210029999999979 )	-0.70998031290955 1.9746542881393658e-7 1.8176108129259002e-7
978	(   0.70998025889892002471   0.50404907553956002086  -0.38231973815356001811   0.00478921030000000001 )	-0.70998025889892 -4.5300516030022386e-7 -4.404868016096453e-8
979	(   0.70998036809386999568   0.50404916409315003722  -0.38231773815356001611   0.0047375103           )	-0.70998036809387 9.996970169734443e-7 5.14981714436142e-7
980	(   0.70998059653662004553   0.50404893759844004997  -0.38231914231556002326   0.00473169029999999987 )	-0.70998059653662 -6.459267216651909e-7 1.1209669597237067e-6
981	(   0.70998050583756999732   0.50404884148839002034  -0.38231973815356001811   0.00492587030000000026 )	-0.70998050583757 -1.0604810139758225e-6 -7.870172306985145e-7
982	(   0.70998027739481994747   0.50404906798310000759  -0.38231833399156001096   0.00493169030000000039 )	-0.70998027739482 5.851443095894471e-7 -1.3952626896637355e-6
983	(   0.70998053696572005489   0.50404899102816003165  -0.38231888579616002399   0.00482553550000000032 )	-0.70998053696572 -3.0626837291269915e-7 8.604911033715401e-8
984	(   0.709980836965720008     0.50404895574033004024  -0.38231932872396001688   0.00480707110000000003 )	-0.70998083696572 -1.133901043365304e-6 7.25185653845132e-7
985	(   0.70998050275227997385   0.5040487910281600259   -0.38231845659815999472   0.00486931549999999966 )	-0.70998050275228 -1.2634940865785538e-7 -1.8697321828072208e-7
986	(   0.7099804001119599528    0.50404819102816000864  -0.38231716900416001792   0.00500065550000000029 )	-0.70998040011196 4.1340524356558994e-7 -1.0290404509455715e-6
987	(   0.70998100275228004374   0.5040492475174199738   -0.382317707565159981     0.00491359550000000037 )	-0.70998100275228 1.4676856735507116e-7 -3.6666902456420917e-7
988	(   0.70998250275228003137   0.50405061698520003954  -0.38231546046615999535   0.00504643549999999989 )	-0.70998250275228 9.661093730573e-7 -9.29282064392033e-7
989	(   0.70998200275227996148   0.50404919350241994547  -0.38231808854915999563   0.00490175550000000043 )	-0.70998200275228 -1.7107816394912323e-6 1.223522736704266e-6
990	(   0.70998000275228001499   0.50404930153242000213  -0.38231732658116002188   0.00492543550000000031 )	-0.70998000275228 2.004314224035575e-6 -1.9571391570769325e-6
991	(   0.70998091701228005501   0.50404824751741994504  -0.38231910867216001293   0.00469447549999999977 )	-0.70998091701228 -1.7949117808169213e-6 2.616903958042121e-6
992	(   0.70998094197327998867   0.50404966908841997153  -0.38232270756516001375   0.00475826549999999997 )	-0.70998094197328 -3.1629513531361564e-6 6.277862775151758e-7
993	(   0.7099810635312799878    0.50404882594641997606  -0.38231270756516000375   0.0050689254999999999  )	-0.70998106353128 3.4564384721602615e-6 -1.4093791371161177e-6
994	(   0.70998108849228003248   0.50405024751742000255  -0.38231630645816000458   0.0051327155000000001  )	-0.70998108849228 2.0884449578595365e-6 -3.4462691412045696e-6
995	(   0.70998102954027997313   0.50404955994741995617  -0.38231550388016000142   0.00441359549999999993 )	-0.70998102954028 2.1036999798829115e-6 4.022534418359995e-6
996	(   0.70998097596428000333   0.50404893508741999142  -0.38231991125016001609   0.00541359549999999995 )	-0.70998097596428 -1.8101725607344576e-6 -5.255872466045115e-6
997	(   0.70998050275227997385   0.50404896623563999469  -0.38231966099016001515   0.00478965550000000004 )	-0.70998050275228 -8.720659604166681e-7 4.072529316104752e-7
998	(   0.70998150275228000261   0.5040495287991999529   -0.38231575414016000236   0.00503753549999999984 )	-0.70998150275228 1.1655943983057693e-6 -1.1713127278944357e-6
999	(   0.7099813794608099693    0.50404874751742001493  -0.3823186908401600137    0.00500697550000000005 )	-0.70998137946081 -1.674745413432488e-6 -2.5814000295553804e-7
1000	(   0.70998062604375000717   0.50404974751742004369  -0.38231672429016000381   0.00482021549999999983 )	-0.70998062604375 1.9682800100895292e-6 -4.926374113108886e-7
1001	(   0.70998145899873998932   0.50404950418505001242  -0.38231889844816002721   0.00471359549999999985 )	-0.70998145899874 -1.1971015799749907e-6 1.9499543918775645e-6
1002	(   0.70998105114791998371   0.50404881646304999787  -0.382315707565159979     0.00472366549999999989 )	-0.70998105114792 1.1717962128121595e-6 1.9635102995209466e-6
1003	(   0.70998095435663999275   0.50404967857178994972  -0.382319707565159983     0.00510352549999999999 )	-0.70998095435664 -8.782670880558285e-7 -2.7689951537864207e-6
1004	(   0.70998054650581998715   0.5040489908497900462   -0.38231651668215999029   0.00511359550000000003 )	-0.70998054650582 1.4906349917187534e-6 -2.7632920248943856e-6
1005	(   0.70998120275228004949   0.50404925553754997836  -0.38231769333915999187   0.00491000550000000001 )	-0.70998120275228 -1.367774992433457e-7 -5.542998585967085e-8
1006	(   0.70998180275227995573   0.50404927959793999204  -0.38231765066116002449   0.00489923549999999978 )	-0.70998180275228 -9.874167235524034e-7 8.781329528923316e-7
1007	(   0.70998170275228000836   0.50404937751284994985  -0.3823175497531600131    0.00499680549999999973 )	-0.70998170275228 -6.611217781005152e-7 -3.273350278911163e-7
1008	(   0.70998110262952995875   0.50404945553754998411  -0.38231772209115999495   0.00486328549999999991 )	-0.70998110262953 1.9264529951823484e-7 5.900763864007374e-8
1009	(   0.70998130287503002922   0.50404905553754997261  -0.3823176645871599888    0.0049567255000000001  )	-0.70998130287503 -4.6620034224731377e-7 -1.7423310717540008e-7
1010	(   0.70998118161795997771   0.50404925038182002428  -0.38231669333916001863   0.00490014549999999958 )	-0.70998118161796 6.546608964097533e-7 1.6443893421017985e-8
1011	(   0.70998070275227997961   0.50404913356225000687  -0.38231783692516002615   0.00482320550000000028 )	-0.70998070275228 3.8756567352637994e-7 2.0140707610520587e-7
1012	(   0.70998122388660001025   0.50404926069328004345  -0.38231869333916002063   0.00491986550000000043 )	-0.7099812238866 -9.282178966285581e-7 -1.2749830367422333e-7
1013	(   0.70998170275228000836   0.50404920508436001914  -0.3823177527311599766    0.00481350549999999978 )	-0.70998170275228 -9.887544124287384e-7 1.6433234683395916e-6
1014	(   0.70998070275227997961   0.5040493059907400486   -0.38231763394716000715   0.00500650550000000024 )	-0.70998070275228 7.151983421882502e-7 -1.7728074402365247e-6
1015	(   0.70998140275228005525   0.50404925378351994603  -0.38231759277619997706   0.00491117910000000036 )	-0.70998140275228 -3.6408161174783515e-7 2.187904230922741e-7
1016	(   0.70998200275227996148   0.50404924852142996006  -0.38231729108731998812   0.00491469989999999968 )	-0.70998200275228 -1.0459950926799966e-6 1.0414356014099256e-6
1017	(   0.70998135881832002969   0.50404935378352000441  -0.38231759372620000015   0.00494316370000000022 )	-0.70998135881832 -1.9837017209423102e-7 -2.587813769608049e-7
1018	(   0.70998122701643995303   0.50404965378351995753  -0.38231759657620001391   0.00503911749999999981 )	-0.70998122701644 2.9876409735063447e-7 -1.7037729291182043e-6
1019	(   0.70998185881831998856   0.50404949735806003908  -0.38231715882619998759   0.00501705370000000029 )	-0.70998185881832 -4.783668054453294e-7 -4.283347718440724e-7
1020	(   0.70998335881831997618   0.50404992808168003204  -0.38231585412620000541   0.00523872369999999962 )	-0.70998335881832 -1.3183653651271943e-6 -1.0025087416492122e-6
1021	(   0.7099808588183199598    0.50404929637365003536  -0.38231823056120001203   0.00481832370000000003 )	-0.70998085881832 1.3382865177158365e-8 3.072714711202812e-7
1022	(   0.70998212720931996866   0.50404899735805996919  -0.38231704650019998626   0.00503788369999999975 )	-0.70998212720932 -1.2983456250670322e-6 2.433264362985694e-7
1023	(   0.70998285881832001731   0.50404969834247004279  -0.38231608709120001866   0.00521578369999999968 )	-0.70998285881832 -9.70123033211534e-7 -1.2429262406526608e-6
1024	(   0.70998159042732000845   0.50404999735805999794  -0.38231727115219998892   0.00499622369999999996 )	-0.70998159042732 3.4161168202540004e-7 -1.100863613679755e-6
1025	(   0.70998148891332002464   0.50404946832605002083  -0.38231515882619998559   0.00498834369999999992 )	-0.70998148891332 1.5812442735185783e-6 -6.372993446212622e-7
1026	(   0.70998222872331995248   0.5040495263900699463   -0.38231915882619998959   0.00504576369999999979 )	-0.70998222872332 -2.5379864672658847e-6 -2.2101845359689989e-7
1027	(   0.70998270431832000149   0.50404956371719000785  -0.38231680497120001938   0.00481705369999999976 )	-0.70998270431832 -1.4200239562833783e-6 2.6727076163503052e-6
1028	(   0.70998101331831997562   0.50404943099892995928  -0.3823175126812000113    0.00521705369999999995 )	-0.70998101331832 4.632870495846486e-7 -3.609375730182209e-6
1029	(   0.70998182838167001041   0.50404956729359995382  -0.38231615882620001434   0.00497004370000000018 )	-0.70998182838167 4.0222904376663315e-7 -7.199580074675221e-8
1030	(   0.70998173707171996494   0.50404977710022003112  -0.38231315882619998359   0.00482901369999999986 )	-0.70998173707172 3.044004568159009e-6 9.705018421143757e-7
1031	(   0.70998148649252001974   0.50404906729359999495  -0.38231712533020001388   0.00500763369999999985 )	-0.70998148649252 -3.1977983694364553e-7 -4.325267449689677e-7
1032	(   0.70998217027082000108   0.50405006729360002371  -0.38231519232220001481   0.00493245369999999964 )	-0.70998217027082 1.124235558425113e-6 2.8570936097741984e-7
1033	(   0.70998232838166996927   0.50404915824023999171  -0.38231567593819998363   0.00495126369999999982 )	-0.70998232838167 -3.9370460611087843e-7 1.233361790538073e-6
1034	(   0.7099820295604699627    0.50404966780719995256  -0.38231815882620001634   0.00496248369999999998 )	-0.70998202956047 -1.3307532036321845e-6 1.8824713130920697e-7
1035	(   0.70998175609608005221   0.50404953117803996676  -0.38231622863819997304   0.00477004369999999966 )	-0.70998175609608 4.2204485850572127e-7 1.8094943338429052e-6
1036	(   0.70998132838167005154   0.50404997634696002695  -0.38231664171419998954   0.00498882369999999967 )	-0.70998132838167 1.1981611624800603e-6 -1.378058268898139e-6
1037	(   0.70998190066725996861   0.5040496034091600519   -0.38231608901420000013   0.00517004369999999984 )	-0.70998190066726 3.8241319724741096e-7 -2.0334859250113246e-6
1038	(   0.70998162720286994709   0.50404946677999995508  -0.38231415882620001234   0.00497760370000000039 )	-0.70998162720287 2.135203118924789e-6 -3.323529591784721e-7
1039	(   0.70998183623452004731   0.50404976729359995957  -0.38231667436020000395   0.00493808370000000003 )	-0.70998183623452 1.9615956337037943e-7 5.581871270989288e-8
1040	(   0.709981859793070047     0.50405036729359997683  -0.38231822096219997276   0.00484220369999999959 )	-0.70998185979307 -4.220520684050655e-7 4.2700495432391585e-7
1041	(   0.70998203623452005306   0.50404967362185004731  -0.38231626281019998048   0.00504303370000000039 )	-0.70998203623452 1.1472788891131458e-7 -6.140350339887796e-7
1042	(   0.70998163623452004156   0.50404986096534998286  -0.38231708591020002741   0.00483313369999999968 )	-0.70998163623452 2.775907288754542e-7 7.036435342335991e-7
1043	(   0.70998199474986001256   0.5040502225082900134   -0.38231867436020000595   0.00477943370000000027 )	-0.70998199474986 -1.117606980710617e-6 1.367374207520733e-6
1044	(   0.70998179068212996512   0.50404963647901002144  -0.38231867436020000595   0.00508464369999999961 )	-0.70998179068213 -1.395040373580736e-6 -1.3469803621513704e-6
1045	(   0.70998187576297999701   0.50404926729360000071  -0.38231717309419999129   0.00481090369999999986 )	-0.70998187576298 -7.449651685254022e-7 1.8518239088878817e-6
1046	(   0.70998167771917997104   0.50404931207891001677  -0.38231467436020000195   0.0050967336999999998  )	-0.70998167771918 1.5099180008248947e-6 -1.3060763772519358e-6
1047	(   0.70998179670605998659   0.50405026729360002946  -0.3823161756262000166    0.00506526370000000021 )	-0.70998179670606 1.1372837915302192e-6 -1.772535985492537e-6
1048	(   0.70998188178691001848   0.50404989810819000873  -0.38231467436020000195   0.00479152369999999959 )	-0.70998188178691 1.787351491838729e-6 1.4156581241459217e-6
1049	(   0.70998181473846000422   0.50404956729359995382  -0.38231653341319998818   0.00497990369999999974 )	-0.70998181473846 1.3643914750782749e-7 -1.8947514431407229e-7
1050	(   0.70998185773057997938   0.50404996729359996532  -0.38231681530720001971   0.00489626370000000033 )	-0.70998185773058 2.5587993784936813e-7 2.976147455999932e-7
1051	(   0.70998180794284004858   0.50404979729320997794  -0.38231767436019997719   0.00499311370000000022 )	-0.70998180794284 -4.956918584764214e-7 -5.608678472536838e-7
1052	(   0.70998192606955001782   0.50404982180408997028  -0.38231633729019998125   0.0050380837000000003  )	-0.70998192606955 3.725543208099591e-7 -8.687460301719538e-7
1053	(   0.70998193623451999468   0.50404966125673000832  -0.38231733004719997693   0.00488480369999999987 )	-0.70998193623452 -5.624601664699913e-7 8.272154004341436e-7
1054	(   0.70998174639948996578   0.50404971278310994887  -0.38231701143020002664   0.00483808369999999977 )	-0.70998174639949 1.976454452878862e-8 9.603834715789513e-7
1055	(   0.70998186452620004605   0.50404973729399005222  -0.38231567436019997519   0.00488305369999999985 )	-0.7099818645262 8.880089819862658e-7 6.664486723167611e-7
1056	(   0.70998173623451998893   0.50404987333047002185  -0.38231601867319997545   0.0049913637000000002  )	-0.70998173623452 9.547783912378094e-7 -7.212554721634084e-7
1057	(   0.70998188623451996548   0.50404976633295994759  -0.3823166684362099832    0.0049721899999999996  )	-0.70998188623452 1.2411746730389694e-7 -2.1022522917544514e-7
1058	(   0.70998203623452005306   0.50404976345104002267  -0.38231665066423997645   0.00507450890000000002 )	-0.70998203623452 -9.200888570481958e-8 -1.0223159008076502e-6
1059	(   0.7099818395706799512    0.50404966633296000023  -0.38231704128487997707   0.00492467999999999986 )	-0.70998183957068 -1.9040907445200261e-7 2.937141043087585e-7
1060	(   0.70998198623452002387   0.50404981887559996423  -0.38231714159366997352   0.00491190000000000029 )	-0.70998198623452 -3.3635438906332027e-7 4.7514030422295304e-7
1061	(   0.70998178800765998631   0.50404985348721997873  -0.38231662694243001566   0.0048721900000000002  )	-0.70998178800766 3.915401333154378e-7 5.475799377687536e-7
1062	(   0.70998193289835997977   0.50404986633296000598  -0.38231629558753998932   0.0050197000000000002  )	-0.70998193289836 4.386437218728556e-7 -7.18678958640814e-7
1063	(   0.70998198446137994466   0.50404967917870002747  -0.38231670992999000624   0.00507218999999999986 )	-0.70998198446138 -1.433052431165649e-7 -9.880303770238178e-7
1064	(   0.70998194785067003654   0.50404971166248002667  -0.38231617611709001192   0.0048721900000000002  )	-0.70998194785067 3.5271299922423616e-7 9.163759553822799e-7
1065	(   0.70998178623452001812   0.50404971379032004197  -0.38231619527874999287   0.00503247999999999977 )	-0.70998178623452 5.845888333411153e-7 -9.028605107898408e-7
1066	(   0.70998182461837000545   0.50404982100343997953  -0.38231716075533000998   0.00507218999999999986 )	-0.70998182461837 -1.0447856557682655e-7 -1.3568264061836636e-6
1067	(   0.70998193623451999468   0.50404976813906998689  -0.38231668830247000912   0.00496346659999999992 )	-0.70998193623452 3.512202512157003e-8 -5.436044132630486e-8
1068	(   0.70998208623451997124   0.50404977355739999378  -0.38231674790124997587   0.00493729640000000001 )	-0.70998208623452 -2.3186437014821593e-7 4.123207799284806e-7
1069	(   0.70998203623452005306   0.5040497750913000008   -0.38231685995290998203   0.0049642165999999998  )	-0.70998203623452 -2.4039775620154913e-7 7.323796367787386e-8
1070	(   0.70998233623452000618   0.5040497959479900425   -0.3823173749042300118    0.00496646660000000031 )	-0.70998233623452 -1.0669577089339466e-6 4.560265480393681e-7
1071	(   0.70998209638446996284   0.50404976399598000469  -0.38231635995291002317   0.00500094660000000024 )	-0.70998209638447 3.986335969652366e-8 -1.962763892066226e-7
1072	(   0.70998227683432002522   0.50404973071002001639  -0.38231485995290998003   0.00511113659999999984 )	-0.70998227683432 8.806436146147067e-7 -1.021008518806282e-6
1073	(   0.70998259638447003272   0.50404981139726001693  -0.38231652449591002618   0.00498281660000000036 )	-0.70998259638447 -7.946627473554013e-7 6.473103040667121e-7
1074	(   0.7099820020123199793    0.50404996399598001044  -0.3823158558189099776    0.00492442660000000018 )	-0.70998200201232 7.680522431108283e-7 2.2920810311818706e-7
1075	(   0.70998219075661994637   0.50404956399597999894  -0.38231686408691001322   0.0050774666000000003  )	-0.70998219075662 -6.883260698087312e-7 -6.33471484678887e-7
1076	(   0.70998196045199002402   0.50404981239517998581  -0.38231735995290999641   0.0048907365999999999  )	-0.70998196045199 -4.7081087750644457e-7 6.524675805784564e-7
1077	(   0.70998223231695001267   0.50404971559678002357  -0.38231535995290999441   0.00511115659999999972 )	-0.70998223231695 5.505355181456562e-7 -1.0693128102212676e-6
1078	(   0.70998159638447000397   0.50404971659469999246  -0.38231619540991002015   0.00501907660000000012 )	-0.70998159638447 8.743883475326175e-7 -1.0405199762355074e-6
1079	(   0.70998214904416001581   0.50404965239591004167  -0.38231597255691002202   0.00480094659999999972 )	-0.70998214904416 1.4484555799221255e-7 1.950477197713358e-6
1080	(   0.70998204372478002089   0.50404987559604996772  -0.38231674734891002432   0.0052009465999999999  )	-0.70998204372478 -6.511915059959072e-8 -2.4230299705754805e-6
1081	(   0.70998198797476996802   0.50404966399597994631  -0.38231674182461000688   0.00495945660000000031 )	-0.70998198797477 -1.8818868674497224e-7 1.630428591770516e-7
1082	(   0.70998229638446996859   0.50404974092502996541  -0.38231644805433001588   0.00495834659999999997 )	-0.70998229638447 -3.530176579946698e-7 5.35053329699632e-7
1083	(   0.70998220479416995765   0.50404986399597995206  -0.38231597808120998394   0.00504243660000000017 )	-0.70998220479417 2.67915064383617e-7 -5.590384542535678e-7
1084	(   0.70998203767288003974   0.50404985299251003905  -0.38231656676370001646   0.00490094659999999998 )	-0.70998203767288 5.9510602362644605e-8 6.215480487593995e-7
1085	(   0.70998205619162002566   0.50404972692102001375  -0.38231585995291000879   0.00493248660000000002 )	-0.70998205619162 4.4588508774090485e-7 4.637690015219309e-7
1086	(   0.70998213657732001103   0.50404980107093999564  -0.38231685995290998203   0.0050694065999999996  )	-0.70998213657732 -3.6615887533120173e-7 -8.656953198044963e-7
1087	(   0.70998215509605999696   0.50404967499944997034  -0.38231615314211997436   0.00510094659999999964 )	-0.70998215509606 2.0216016666241288e-8 -1.0341008201782293e-6
1088	(   0.70998189638446995708   0.50404978706693004398  -0.38231627185148997494   0.00504354659999999965 )	-0.70998189638447 4.3274419156413835e-7 -9.312355481768108e-7
1089	(   0.70998219638447002122   0.50404977753113000549  -0.38231629418842000279   0.00498850019999999995 )	-0.70998219638447 -4.753820823100163e-8 5.6517540725577637e-8
1090	(   0.70998249638446997434   0.50404981813658000789  -0.38231609689494999715   0.00495116099999999993 )	-0.70998249638447 -3.0974321940657745e-7 8.1304049595074e-7
1091	(   0.70998239638447002697   0.50404970966040996139  -0.38231626046601002722   0.00501629019999999971 )	-0.70998239638447 -3.9206859256402105e-7 1.3034805417970596e-7
1092	(   0.70998299638447004423   0.50404950604825005112  -0.38231615929877998949   0.00509966019999999985 )	-0.70998299638447 -1.4256607810403388e-6 3.4257266484740125e-7
1093	(   0.70998276092057999165   0.50404990966040996714  -0.38231577610590000704   0.00508092020000000012 )	-0.70998276092058 -3.7297224056431766e-7 -2.0460607930807885e-7
1094	(   0.7099838545289099967    0.50405050966040998439  -0.38231432302557000202   0.00527481019999999964 )	-0.70998385452891 -3.156893965960972e-7 -1.2595913276250182e-6
1095	(   0.7099837609205800204    0.50404957021773999504  -0.38231477775889999293   0.00500246020000000031 )	-0.70998376092058 -1.4612769834165817e-6 2.345945138768578e-6
1096	(   0.70998237825557997116   0.50404940966041000827  -0.38231615813890001965   0.00480950019999999961 )	-0.70998237825558 -5.864110066144956e-7 2.436480865614341e-6
1097	(   0.70998314358558001214   0.50405040966041003703  -0.38231539407289999444   0.00535234019999999977 )	-0.70998314358558 -1.5953439005955694e-7 -2.993030364264678e-6
1098	(   0.70998176092057996289   0.50405024910308005026  -0.38231677445290002115   0.00515938019999999994 )	-0.70998176092058 7.153262490677825e-7 -2.7674672406289786e-6
1099	(   0.70998205599258001897   0.50405014894295996353  -0.3823149017579000053    0.00458092019999999968 )	-0.70998205599258 1.6008734010641845e-6 3.3860586122862496e-6
1100	(   0.70998346584857996433   0.50404967037785997075  -0.38231665045390000879   0.0055809201999999997  )	-0.70998346584858 -2.3468215280542104e-6 -4.295269777030751e-6
1101	(   0.70998363149358001412   0.50405014894295996353  -0.38231647986790001648   0.00458092019999999968 )	-0.70998363149358 -1.988314045742179e-6 5.623215972871301e-6
1102	(   0.70998189034757996918   0.50404967037785997075  -0.38231507234389999761   0.0055809201999999997  )	-0.70998189034758 1.2423653455162498e-6 -6.532426615699958e-6
1103	(   0.70998297065419002649   0.50404979133273997149  -0.38231527610589999266   0.00510933019999999967 )	-0.70998297065419 -4.2614921430539354e-7 -7.796888414665881e-8
1104	(   0.70998359985502002001   0.50404943634972998456  -0.38231377610590000504   0.00519456020000000004 )	-0.70998359985502 -5.856842596185796e-7 2.922576918265903e-7
1105	(   0.70998548745751000055   0.50404837140070002377  -0.38230927610589998666   0.0054505602000000002  )	-0.70998548745751 -1.064326514171876e-6 1.3123930842556466e-6
1106	(   0.7099831418740200073    0.50405043634973001332  -0.38231356023489998508   0.00477656020000000008 )	-0.70998314187402 1.2719488314549832e-6 2.8098682306001975e-6
1107	(   0.70998405783602003272   0.50404843634972995581  -0.382313991976900025     0.00561256020000000001 )	-0.70998405783602 -2.443318337319589e-6 -2.57480042750476e-6
1108	(   0.70998405555802002187   0.50404955425872999264  -0.38231177610590000304   0.00561056019999999975 )	-0.70998405555802 3.723475928141262e-7 -3.6734978741484063e-6
1109	(   0.70998314415202001815   0.50404931844072997649  -0.38231577610590000704   0.00477856020000000034 )	-0.70998314415202 -1.5437249965277733e-6 3.911901673024995e-6
1110	(   0.7099815998550199625    0.5040492215497299755   -0.38231334435789998683   0.00528456019999999985 )	-0.70998159985502 2.554093723100559e-6 -3.275993543676257e-6
1111	(   0.7099855998550199665    0.50404965114972999363  -0.38231420785390002326   0.00510456020000000024 )	-0.70998559985502 -3.725479654520525e-6 3.844316927152466e-6
1112	(   0.70998380254701998204   0.50404899377273004735  -0.38231288652689998653   0.00419456020000000002 )	-0.70998380254702 -6.545824758064089e-7 1.0411771124437388e-5
1113	(   0.70998339716301994695   0.5040498789267300328   -0.38231466568490002356   0.00619456020000000007 )	-0.70998339716302 -5.167878007472648e-7 -1.1827255658960772e-5
1114	(   0.70998548745751000055   0.50404837140070002377  -0.38230927610589998666   0.0054502502000000003  )	-0.70998548745751 -1.064326514171876e-6 1.3157723354796454e-6
1115	(   0.70998350233501994477   0.50404993634973005445  -0.38231362100490001721   0.00505566020000000008 )	-0.70998350233502 1.803828771906879e-7 1.077538113336964e-6
1116	(   0.70998369737501998422   0.5040489363497300257   -0.38231393120689999288   0.00533346020000000001 )	-0.70998369737502 -1.3517514846350664e-6 -5.316091310320376e-7
1117	(   0.70998297110102004392   0.50404926254005999464  -0.38231277610589997629   0.00495841019999999997 )	-0.70998297110102 9.55952527720294e-7 1.9708816603529366e-6
1118	(   0.70998422860901999609   0.50404961015939997448  -0.38231477610589997829   0.00543071020000000012 )	-0.70998422860902 -2.1273247307607157e-6 -1.4978991312209604e-6
1119	(   0.70998259985501999125   0.50404949191510994844  -0.38231409579690001088   0.00548086019999999979 )	-0.70998259985502 7.376644777234986e-7 -4.239646748502136e-6
1120	(   0.70998395090001997776   0.50404953339101998822  -0.38231301562690001017   0.00569456019999999962 )	-0.70998395090002 -4.3802144214510896e-7 -4.750871289462793e-6
1121	(   0.70998324881001995124   0.50404933930843998091  -0.38231453658489999992   0.0046945601999999996  )	-0.70998324881002 -7.33348758330532e-7 4.835386919252426e-6
1122	(   0.70998459985502004876   0.50404938078435002069  -0.3823134564148999992    0.0049082602000000003  )	-0.70998459985502 -1.9090374611119287e-6 4.660228752000052e-6
1123	(   0.70998357193548000676   0.50404963634972999031  -0.3823138598654700071    0.00521126019999999975 )	-0.70998357193548 -4.075083734345064e-7 -1.2116433916665217e-7
1124	(   0.70998348817685996703   0.50405023634973000757  -0.38231411114418001329   0.00526136019999999972 )	-0.70998348817686 1.2701918092328235e-7 -1.3647771027094953e-6
1125	(   0.7099830719354800479    0.50404971520788000028  -0.38231374508447002469   0.00518176019999999973 )	-0.70998307193548 5.152289738186155e-7 -6.034117092881395e-7
1126	(   0.70998407193547996563   0.50404955749157998035  -0.38231397464646998952   0.00524076019999999976 )	-0.70998407193548 -1.3302468119258393e-6 3.59343030888262e-7
1127	(   0.70998366535580004211   0.50405013634972994918  -0.38231313209847000989   0.0052850401999999996  )	-0.7099836653558 5.076888878463581e-7 -1.2629275889101173e-6
1128	(   0.70998366535580004211   0.50405013634972994918  -0.38231480787146998601   0.00502422020000000032 )	-0.7099836653558 -7.73653968971777e-7 1.4259337086178733e-6
1129	(   0.70998347851515997142   0.50404913634973003145  -0.38231458763247000432   0.00513748019999999989 )	-0.70998347851516 -1.322706731116119e-6 1.0097119512073152e-6
1130	(   0.70998347851515997142   0.50404913634973003145  -0.38231291185946997269   0.00539830020000000004 )	-0.70998347851516 -4.13646123742506e-8 -1.7382302927206869e-6
1131	(   0.7099836718293900395    0.50404951895589000799  -0.38231308166747002275   0.00501126020000000009 )	-0.70998367182939 -8.093364733952058e-8 2.182579660919596e-6
1132	(   0.70998347204156997403   0.50404975374356997264  -0.38231463806346999146   0.00541126020000000027 )	-0.70998347204157 -7.340843532488428e-7 -2.5049083192688954e-6
1133	(   0.70998358953517004544   0.50404960164142997847  -0.38231335986546999273   0.0052002302000000002  )	-0.70998358953517 -8.651784372259996e-8 5.337368179668861e-8
1134	(   0.70998364233424005043   0.50404949751653005396  -0.3823118598654700051    0.00516714019999999982 )	-0.70998364233424 8.764507374581232e-7 5.755278175504599e-7
1135	(   0.70998378953517005119   0.5040495957946600214   -0.38231318834446997856   0.00527579019999999989 )	-0.70998378953517 -2.6366120717269403e-7 -4.483541738232816e-7
1136	(   0.70998355918324995706   0.50404952037168004875  -0.38231235986547001948   0.00518876019999999979 )	-0.70998355918325 6.427372109540919e-7 2.1070642225127164e-7
1137	(   0.70998338953517003969   0.50404960748820004657  -0.38231353138647000689   0.00512467019999999964 )	-0.70998338953517 9.062529054970625e-8 5.436829901527199e-7
1138	(   0.70998361988709002279   0.50404968291118001922  -0.38231435986547002148   0.00521170019999999973 )	-0.70998361988709 -8.157749021853178e-7 -1.0422217879255303e-7
1139	(   0.70998355972553994775   0.50405010164143004836  -0.38231319971946997605   0.00527078020000000015 )	-0.70998355972554 5.81013059108848e-7 -1.2276847974308348e-6
1140	(   0.7099836193448000321    0.5040491016414300196   -0.38231352001147000941   0.00512968020000000025 )	-0.7099836193448 -7.54048801426821e-7 1.3244775575785205e-6
1141	(   0.70998366384166999854   0.50404980060318005375  -0.38231329613947001578   0.00500023019999999967 )	-0.70998366384167 4.8801967522660306e-8 2.000016808443412e-6
1142	(   0.70998351522866998131   0.50404940267968001422  -0.38231342359147002519   0.00540023019999999986 )	-0.70998351522867 -2.2183768647043856e-7 -1.9732694339698415e-6
1143	(   0.70998362308989004799   0.50404980164142998422  -0.38231346501238999691   0.00524032019999999977 )	-0.70998362308989 -1.7658459111613567e-8 -5.175413814148045e-7
1144	(   0.70998364576425998518   0.50404955208794999244  -0.38231285986546997835   0.00526742020000000016 )	-0.70998364576426 1.6121045756656294e-7 -5.205508031984802e-7
1145	(   0.70998348953516998705   0.50404968976925002     -0.38231304650592001781   0.00520689019999999968 )	-0.70998348953517 3.9243595087445904e-7 -2.460622680562921e-7
1146	(   0.7099836895351699928    0.50404951351361004797  -0.38231367322502002315   0.00519357019999999985 )	-0.70998368953517 -5.654718771841427e-7 3.5272094032266806e-7
1147	(   0.70998355598045004289   0.50404940164142997272  -0.38231325471854998854   0.00516014019999999976 )	-0.70998355598045 -1.5537725542302816e-7 6.210743312506811e-7
1148	(   0.70998353330607999467   0.5040496511949099645   -0.3823138598654700071    0.00513304020000000024 )	-0.70998353330608 -3.342466583511339e-7 6.18269180809102e-7
1149	(   0.70998354707472000058   0.50404952788790002849  -0.38231362211379998906   0.00530023019999999959 )	-0.70998354707472 -2.9658355638062517e-7 -9.83211271846613e-7
1150	(   0.70998363199561997927   0.50404967539496003948  -0.3823130976171399964    0.00510023019999999994 )	-0.70998363199562 1.235477238570315e-7 1.0699586388816885e-6
1151	(   0.70998363953516996361   0.50404958130135002481  -0.38231339648133999543   0.00520369440000000016 )	-0.70998363953517 -2.1046690748538488e-7 1.0867084756325333e-7
1152	(   0.70998378953517005119   0.5040495202811100528   -0.38231350632895000352   0.00521408700000000006 )	-0.70998378953517 -5.823141790428643e-7 2.744183669923569e-7
1153	(   0.70998373953517002199   0.50404972931485003684  -0.38231359316792001835   0.00520383010000000003 )	-0.70998373953517 -3.640683269301448e-7 1.0124178440004851e-7
1154	(   0.70998403953516997511   0.50405017335534996192  -0.38231418322765997608   0.00520423719999999965 )	-0.70998403953517 -8.248733048832335e-7 7.895449395166226e-8
1155	(   0.70998373768739997391   0.50405022931484999571  -0.38231359687291999183   0.00520048460000000021 )	-0.7099837376874 1.358929839212486e-7 -3.665743540397004e-7
1156	(   0.70998373652821999968   0.50404972745527998335  -0.38231259316791998959   0.00519838580000000008 )	-0.70998373652822 4.032454916091943e-7 1.5546436727464498e-7
1157	(   0.70998379608414996511   0.50404976428609005179  -0.38231347977092000612   0.00525383009999999973 )	-0.70998379608415 -3.2790578280428306e-7 -3.763147499160561e-7
1158	(   0.70998353953517001624   0.50404973410213005369  -0.38231357764492002183   0.00521784579999999987 )	-0.70998353953517 -4.4965678291930544e-8 -3.3360603428034773e-7
1159	(   0.70998368298618996786   0.5040496943436100219   -0.38231370656491997506   0.00515383010000000034 )	-0.70998368298619 -4.0023091019136814e-7 5.737983250444202e-7
1160	(   0.70998393953517002775   0.50404972452757001999  -0.38231360869092001487   0.0051898144000000002  )	-0.70998393953517 -6.831711464871937e-7 5.356968035455656e-7
1161	(   0.70998374138293995905   0.50404922931484996695  -0.38231358946291998935   0.00520717559999999986 )	-0.70998374138294 -8.640296378092938e-7 5.690355382103182e-7
1162	(   0.70998374254212004431   0.50404973117441997932  -0.38231459316791999159   0.00520927439999999999 )	-0.70998374254212 -1.1313841455640183e-6 4.695992094251391e-8
1163	(   0.70998372923862995698   0.50404992931485004259  -0.38231352309524002653   0.00520120460000000027 )	-0.70998372923863 -9.491811159278996e-8 -8.606054894332995e-8
1164	(   0.70998369834900998399   0.50405052931484994883  -0.38231331287719999557   0.00519332810000000013 )	-0.70998369834901 7.125324723022963e-7 -6.48050266200095e-7
1165	(   0.70998392923862996273   0.50404997260401995796  -0.382312764442239994     0.00522033290000000014 )	-0.70998392923863 2.2601086252516112e-7 -4.4702482817743475e-8
1166	(   0.70998452923862997999   0.50405010247153003711  -0.38231048848324000744   0.00527771779999999975 )	-0.70998452923863 1.1887898563878174e-6 7.498149251161331e-8
1167	(   0.70998442923863003262   0.50405020103020004019  -0.38231306919123997368   0.00523095290000000039 )	-0.70998442923863 -5.34698217785623e-7 3.258628612407856e-7
1168	(   0.70998592923863002024   0.50405088630873995381  -0.38231398343824002373   0.00526281290000000027 )	-0.70998592923863 -2.816832963159488e-6 1.4362084805500244e-6
1169	(   0.70998372722162994553   0.50405120103019995792  -0.38231545016323997821   0.00514451290000000026 )	-0.70998372722163 -2.9364461859304747e-7 -7.741236603749525e-7
1170	(   0.7099851312556300087    0.50404920103020001143  -0.38231068821924002465   0.00531739289999999965 )	-0.70998513125563 -7.757652543960436e-7 1.4109066212015156e-6
1171	(   0.70998481646263000844   0.50405103016920005388  -0.38231175587624000034   0.00543095290000000005 )	-0.70998481646263 7.130605446381555e-7 -2.0858111276233957e-6
1172	(   0.70998342923863000387   0.50404985183020001305  -0.38231223775523998087   0.00535757290000000042 )	-0.70998342923863 1.2640703282718047e-6 -2.08562413404613e-6
1173	(   0.70998404201462994578   0.5040493718912000265   -0.38231438250624000252   0.00503095289999999987 )	-0.70998404201463 -1.782461068383645e-6 2.6575371497541722e-6
1174	(   0.70998542923862995035   0.5040505502301999563   -0.38231390062724002199   0.00510433290000000036 )	-0.70998542923863 -2.3334724063295287e-6 2.7052866076834603e-6
1175	(   0.70998428238663002787   0.50405041021520002875  -0.38230806919123999643   0.00515510289999999982 )	-0.70998428238663 3.7196669669947724e-6 6.959349483889818e-7
1176	(   0.70998457609063003737   0.50404999184520005162  -0.38231806919124000643   0.00530680290000000009 )	-0.70998457609063 -4.789113494441111e-6 -5.5715627830745554e-8
1177	(   0.70998445688445999124   0.50405070103019999905  -0.38231190913724000247   0.00521128290000000011 )	-0.70998445688446 8.105010902981213e-7 7.05178577439756e-8
1178	(   0.70998443192992000128   0.50405024970461997924  -0.38231272769523999555   0.00533095289999999979 )	-0.70998443192992 -2.2897700602264592e-7 -7.751805908423174e-7
1179	(   0.70998392923862996273   0.50405021447634001941  -0.38231297485423998417   0.00523042290000000007 )	-0.70998392923863 3.069967515478833e-7 -3.9202292890119813e-7
1180	(   0.70998444500036994587   0.50404989911752995368  -0.38231106919124002719   0.00521974290000000018 )	-0.70998444500037 6.688019545675328e-7 7.673090112656939e-7
1181	(   0.70998492923862999149   0.50405018758405994994  -0.3823131635282400187    0.00523148289999999985 )	-0.70998492923863 -1.3763942698918896e-6 1.043748589516208e-6
1182	(   0.70998442654733995294   0.50405015235577999011  -0.38231341068724000731   0.00513095290000000013 )	-0.70998442654734 -8.404196627231908e-7 1.4069063131018578e-6
1183	(   0.70998441347689000835   0.50405050294287001567  -0.38231506919123997568   0.00524216289999999974 )	-0.70998441347689 -1.7382063911275392e-6 -1.1583461665104394e-7
1184	(   0.70998440159279996298   0.5040497010301999703   -0.3823142292452400004    0.0052506228999999998  )	-0.7099844015928 -1.8799002204916704e-6 5.804340482698751e-7
1185	(   0.70998444848706998567   0.50405027184779005456  -0.38231273856823999591   0.00528095290000000009 )	-0.70998444848707 -2.4018588909435756e-7 -2.432178331476864e-7
1186	(   0.70998450623238995583   0.50405048430055998665  -0.38231174669924000709   0.00543095290000000005 )	-0.70998450623239 6.433497754532169e-7 -1.980459911428136e-6
1187	(   0.70998464848706999142   0.50405049826615999642  -0.38231214901024002106   0.00530256290000000012 )	-0.70998464848707 1.3457636480196378e-7 -4.143521600665665e-7
1188	(   0.70998524848707000867   0.50405117752127004405  -0.38231038033623998551   0.00536739290000000022 )	-0.70998524848707 1.2588579336447747e-6 -9.333585665178803e-7
1189	(   0.70998502682427000465   0.50405149826616002517  -0.38231203574723998662   0.00520611289999999959 )	-0.70998502682427 6.490450834284456e-7 1.3643697186423412e-7
1190	(   0.70998616183587004436   0.50405449826616000042  -0.3823116959582399943    0.00491676289999999974 )	-0.70998616183587 2.192447426774269e-6 1.6771748553936846e-6
1191	(   0.70998485656726995074   0.50404949826615996766  -0.38231317018624000337   0.00525628290000000001 )	-0.70998485656727 -1.9609068310222355e-6 1.369778762133112e-6
1192	(   0.70998602682427003341   0.50405114236516002091  -0.38231223762124000309   0.00512212289999999966 )	-0.70998602682427 -1.3734520220298752e-6 2.7797775503394003e-6
1193	(   0.70998506817127005064   0.50405198396415995532  -0.38231703574724001937   0.00532073289999999977 )	-0.70998506817127 -2.7509287085503153e-6 -1.4971365901141644e-6
1194	(   0.70998519708126994754   0.50405349826615997166  -0.38231090130824002538   0.00515594290000000004 )	-0.70998519708127 3.258994300536777e-6 -1.1019388182510093e-6
1195	(   0.7099840268242699759    0.50405185416716002944  -0.38231183387324002565   0.00529010290000000039 )	-0.70998402682427 2.671537847526162e-6 -2.5210102468551816e-6
1196	(   0.70998498547726995866   0.50405101256815998401  -0.38230703574724000937   0.00509149290000000029 )	-0.70998498547727 4.048968868103353e-6 1.7437350484843157e-6
1197	(   0.70998484645727000242   0.50405146807816003651  -0.3823132375482399814    0.00470611290000000002 )	-0.70998484645727 -2.7312894473885407e-8 4.8666221656542355e-6
1198	(   0.70998520719127000689   0.50405152845416001384  -0.38231083394623999183   0.00570611290000000004 )	-0.70998520719127 1.3254000341966776e-6 -5.093748156977729e-6
1199	(   0.70998486874850996742   0.50405187399315998231  -0.38231403574723998862   0.00518374289999999974 )	-0.70998486874851 -2.654322236728124e-7 -2.3133177439967596e-7
1200	(   0.70998439452122996673   0.50405300117415996475  -0.38232003574723999462   0.00511663290000000017 )	-0.70998439452123 -3.008912784124851e-6 -1.34064271578711e-6
1201	(   0.70998586874850999617   0.50405210149916002127  -0.38231324855324000378   0.00510380290000000004 )	-0.70998586874851 -9.482538848026856e-7 1.7835193743617654e-6
1202	(   0.70998386874851004968   0.50405164648716005438  -0.38231482294123997345   0.0052636829000000003  )	-0.70998386874851 4.1738393805057505e-7 -2.2589617302943513e-6
1203	(   0.70998467386150998504   0.50405329692515998818  -0.38231549440924000871   0.00468374290000000016 )	-0.70998467386151 3.3687870357179683e-7 3.002745521451291e-6
1204	(   0.7099850636355099498    0.50405045106115997644  -0.38231257708524002403   0.00568374290000000018 )	-0.70998506363551 -8.677475683005476e-7 -3.965408994200378e-6
1205	(   0.70998467083251004528   0.50405331903815997485  -0.38230903574724001137   0.00531418289999999963 )	-0.70998467083251 5.30202365961463e-6 -3.326760907040472e-6
1206	(   0.70998468405050996211   0.50404987399316003582  -0.38230936965924000592   0.00470988290000000018 )	-0.70998468405051 1.581674680201095e-6 6.194596210735508e-6
1207	(   0.70998506666451000058   0.50405042894815998977  -0.38231903574724002137   0.00505330289999999984 )	-0.70998506666451 -5.8329382741362235e-6 2.8300682495338846e-6
1208	(   0.70998505344650997273   0.50405387399316003982  -0.38231870183524002682   0.00565760290000000016 )	-0.70998505344651 -2.112582817681563e-6 -7.106346290456159e-6
1209	(   0.70998510175790996435   0.50405263304416003667  -0.38231544954224000454   0.00498374290000000008 )	-0.70998510175791 -9.397757786966388e-7 1.3739807364187243e-6
1210	(   0.70998463573910997049   0.50405111494216003898  -0.38231262195223997269   0.00538374290000000026 )	-0.70998463573911 4.089071023727353e-7 -1.916644176638277e-6
1211	(   0.70998452810074996755   0.50405236732416003331  -0.38231203574723998662   0.00505375289999999977 )	-0.70998452810075 2.272290321986281e-6 1.2239991027468831e-7
1212	(   0.70998536874851003731   0.50405114988615995486  -0.38231268703923998453   0.00507168289999999997 )	-0.70998536874851 -7.143993491498524e-7 2.3519833596942832e-6
1213	(   0.7099852621844799927    0.50405287399316001107  -0.38231297448624002033   0.00533387289999999979 )	-0.70998526218448 9.510684148283932e-7 -2.2516741085263264e-6
1214	(   0.70998447531254005316   0.50405087399315995356  -0.38231509700824001241   0.00503361289999999968 )	-0.70998447531254 -1.4819357744833006e-6 1.7439328357902175e-6
1215	(   0.70998520939626996729   0.50405138066216004233  -0.38231603574723999062   0.0053137328999999997  )	-0.70998520939627 -2.803163263676023e-6 -6.188580272374322e-7
1216	(   0.70998436874851000855   0.50405259810016000976  -0.3823153844552399927    0.00529580290000000037 )	-0.70998436874851 1.835301984276505e-7 -2.8397612954271513e-6
1217	(   0.70998506874850997317   0.50405191074901001258  -0.38231383690524001207   0.00520204290000000034 )	-0.70998506874851 -3.7908343178405524e-7 -1.7415351702120357e-7
1218	(   0.70998566874850999042   0.50405202101655999236  -0.3823132403792400269    0.00525694290000000043 )	-0.70998566874851 -7.200385528094433e-7 -6.63694493635198e-9
1219	(   0.70998746874851004218   0.50405235181921004273  -0.3823114508012400159    0.00542164289999999983 )	-0.70998746874851 -1.7429173873872994e-6 4.5974897130702223e-7
1220	(   0.70998599869651002336   0.50405302101656002112  -0.3823133205642400001    0.00524773289999999962 )	-0.70998599869651 -2.803105823845353e-7 -4.4137206905582363e-7
1221	(   0.70998698854051001117   0.50405602101655999636  -0.38231356111923997521   0.00522010289999999978 )	-0.70998698854051 1.0388704691499662e-6 -1.746594024325856e-6
1222	(   0.70998690859651003571   0.50405189180055998133  -0.38230832056424002285   0.00558797289999999995 )	-0.70998690859651 1.0375923606142923e-6 -1.7068632619868308e-6
1223	(   0.70998508879651001102   0.50405415023255994988  -0.38231832056423997734   0.00490749290000000015 )	-0.70998508879651 -1.5982670524550269e-6 5.925942646838355e-7
1224	(   0.70998580333451000168   0.50405102101655996361  -0.38231439409924000694   0.00502328290000000031 )	-0.70998580333451 -2.8057309771900574e-6 3.5865488961653525e-6
1225	(   0.70998619405851004505   0.50405502101655996761  -0.38231224702923999326   0.00547218289999999979 )	-0.70998619405851 2.2451073447005143e-6 -4.570048562782642e-6
1226	(   0.70998799869650996985   0.50405320841155998313  -0.38231415031923998704   0.00507425290000000032 )	-0.70998799869651 -3.7518582794160427e-6 4.001839022336655e-6
1227	(   0.70998556348951002981   0.5040535611235600344   -0.38230866082224002067   0.00474773290000000004 )	-0.70998556348951 4.480874763096443e-6 3.3982722673421696e-6
1228	(   0.70998399869650996585   0.50405283362155994809  -0.38231249080924001316   0.00542121289999999978 )	-0.70998399869651 3.191218697962128e-6 -4.944765781203242e-6
1229	(   0.70998643390351001692   0.50405248090956000784  -0.38231798030623997953   0.00574773290000000006 )	-0.70998643390351 -5.041540161232483e-6 -4.781016026534714e-6
1230	(   0.70998616026851002481   0.50405271961856001894  -0.3823113205642399981    0.00533723289999999979 )	-0.70998616026851 7.032049455790723e-7 -8.579007664599993e-7
1231	(   0.70998583712451002192   0.50405332241456002329  -0.3823153205642400021    0.00515823290000000031 )	-0.70998583712451 -1.2638342216375609e-6 -4.086381936015761e-8
1232	(   0.70998552496551003976   0.50405287622556005367  -0.38231235976723998427   0.00504773289999999996 )	-0.70998552496551 1.0259431350301274e-6 1.089827561055039e-6
1233	(   0.70998699869651005212   0.5040533266565599968   -0.38231305332524001539   0.00515697289999999999 )	-0.70998699869651 -1.2825750798917124e-6 1.6172920267838598e-6
1234	(   0.70998628422651000047   0.50405202101655999236  -0.38231389966124001978   0.00522182289999999997 )	-0.70998628422651 -2.1548940740134803e-6 1.235338807686768e-6
1235	(   0.70998647242751000697   0.50405316580755998856  -0.38231428136124001593   0.00544773290000000014 )	-0.70998647242751 -1.58656710214089e-6 -2.052571250303527e-6
1236	(   0.70998571316651004626   0.50405402101656004987  -0.38231274146723998042   0.00527364290000000013 )	-0.70998571316651 1.5942718911421405e-6 -2.119425438906663e-6
1237	(   0.70998499869650999461   0.50405271537656004543  -0.38231358780323998481   0.00533849290000000011 )	-0.70998499869651 7.219495123667041e-7 -2.516508920139762e-6
1238	(   0.70998612399448002286   0.50405252101655995123  -0.3823123976262399748    0.00528302289999999994 )	-0.70998612399448 -2.640891314797944e-7 -1.3508281669016595e-7
1239	(   0.70998649988839002134   0.50405102101655996361  -0.38230962881224000993   0.00538889290000000003 )	-0.70998649988839 -2.154354014349824e-7 7.68840519167579e-7
1240	(   0.709986762434480001     0.50405352101655997998  -0.38231322370824000201   0.00527860290000000017 )	-0.70998676243448 -8.61208535152258e-7 -1.8183294116036415e-7
1241	(   0.70998548555448004471   0.50405152101656003349  -0.38231157154424000311   0.00528744289999999971 )	-0.70998548555448 3.330271711454724e-7 -8.837095000524371e-8
1242	(   0.70998712399448005161   0.5040521594125599858   -0.38231106097223999107   0.00529017289999999998 )	-0.70998712399448 -1.1158991457815848e-6 1.5708960812899734e-6
1243	(   0.70998614158647999073   0.50405249255156003851  -0.38231237411224000544   0.00508302290000000028 )	-0.70998614158648 -3.011780868311664e-7 1.9915714952805307e-6
1244	(   0.7099851239944799941    0.50405288262056002768  -0.38231373428024001404   0.0052758728999999999  )	-0.70998512399448 5.877130497267125e-7 -1.8411619598255708e-6
1245	(   0.70998610640248005499   0.50405254948155997496  -0.38231242114023999967   0.0054830228999999996  )	-0.70998610640248 -2.27000178376624e-7 -2.3417371282167726e-6
1246	(   0.70998570270247995939   0.5040532026945599986   -0.3823103976262399728    0.0052800128999999996  )	-0.70998570270248 2.5839290696272332e-6 -1.3831888498551537e-6
1247	(   0.7099865452864799753    0.50405183933856001488  -0.3823143976262399768    0.00528603290000000028 )	-0.70998654528648 -3.1121160883884613e-6 1.1130054509910796e-6
1248	(   0.70998624267868004623   0.50405302101656002112  -0.38231267028223997473   0.00523552290000000014 )	-0.70998624267868 -1.5204787398581665e-7 3.307639306772872e-8
1249	(   0.7099865987312800053    0.50405452101656000874  -0.38231348825023997451   0.00509302289999999987 )	-0.70998659873128 1.840746460812781e-7 5.104791916504273e-7
1250	(   0.70998766688907999356   0.50405902101655997161  -0.38231594215423997385   0.00466552289999999995 )	-0.70998766688908 1.192430937019262e-6 1.6990141088481554e-6
1251	(   0.70998721409428000584   0.50405307266456000903  -0.38230848825023999726   0.00559050289999999967 )	-0.70998721409428 1.628253387425671e-6 -2.4822098778983393e-6
1252	(   0.70998598336828000477   0.50405596936856000845  -0.38231848825024000726   0.00459554290000000008 )	-0.70998598336828 -1.2601557084768178e-6 3.0081963177933433e-6
1253	(   0.70998459873127994779   0.5040540253845600116   -0.38231454095723998998   0.0052632629000000002  )	-0.70998459873128 1.907990669874904e-6 -3.5968852979720437e-6
1254	(   0.70998859873127995179   0.50405501664856000588  -0.38231243554324001455   0.00492278290000000042 )	-0.70998859873128 -1.5398606336147758e-6 4.55988836589592e-6
1255	(   0.70998721721428004194   0.50405582382956004572  -0.38231658010123997782   0.00559302290000000032 )	-0.70998721721428 -1.8125319425910114e-6 -5.2571270427292425e-6
1256	(   0.70998598024827996866   0.50405321820355997176  -0.38231039639924002671   0.0045930229000000003  )	-0.70998598024828 2.1806604861007717e-6 5.778086191084781e-6
1257	(   0.70998574898928001886   0.50405652101655995523  -0.38230924031323998413   0.00509569289999999963 )	-0.70998574898928 6.717158603536388e-6 -2.7233348221720266e-6
1258	(   0.70998744847327999175   0.50405252101655995123  -0.3823177361872400204    0.00509035290000000012 )	-0.70998744847328 -6.349048477433117e-6 3.7442803919620156e-6
1259	(   0.70998593190727998792   0.50405439644955996048  -0.38231548825023997651   0.00519925289999999957 )	-0.70998593190728 -4.613513870932451e-7 -1.4051740293100575e-6
1260	(   0.70998653567528002828   0.50405428648556005466  -0.38231228345924000989   0.0052930229000000004  )	-0.70998653567528 9.661138747341091e-7 -1.4217367943268528e-6
1261	(   0.70998759873128003406   0.50405470782355998871  -0.3823144478802399937    0.00517220289999999975 )	-0.70998759873128 -1.8751233014924207e-6 9.308458103849193e-7
1262	(   0.70998639454428003059   0.50405552101656003749  -0.38231329230624000459   0.00512555290000000011 )	-0.70998639454428 1.642678930463548e-6 -1.1118711046963853e-6
1263	(   0.70998726555528002269   0.50405464558355994598  -0.38231148825023997251   0.00498679290000000018 )	-0.70998726555528 8.294907848926947e-7 2.4035636763216024e-6
1264	(   0.70998666178727998233   0.50405475554755996281  -0.38231469304123999464   0.00489302290000000022 )	-0.70998666178728 -5.979675026246412e-7 2.362695185621307e-6
1265	(   0.70998680291827998001   0.50405352101655997998  -0.38231368419423999994   0.00506049289999999964 )	-0.70998680291828 -1.274529892708598e-6 2.130713169574992e-6
1266	(   0.70998559873127997655   0.50405433420956002877  -0.38231252862024001082   0.0050138429           )	-0.70998559873128 2.243266491841478e-6 7.757562818271941e-8
1267	(   0.70998683543402996143   0.50405442655756005355  -0.38231324915123998665   0.00519302290000000014 )	-0.70998683543403 -8.551504060427817e-8 -8.755477163331993e-8
1268	(   0.70998754554228005187   0.50405414318055996592  -0.38231253185424002305   0.00549302290000000006 )	-0.70998754554228 -8.942862193273005e-7 -2.001655988689411e-6
1269	(   0.70998731858902996983   0.50405542655755997128  -0.38231302179324000434   0.00522317289999999976 )	-0.70998731858903 3.5768015085868576e-7 -7.15535462533399e-7
1270	(   0.70998635227902995304   0.50405342655756002479  -0.38231347650924002446   0.00516287289999999965 )	-0.70998635227903 -5.287113300500579e-7 5.386083412265693e-7
1271	(   0.7099864571650299494    0.50405477017956001884  -0.38231342715324001524   0.00499302289999999961 )	-0.70998645716503 6.940365721019859e-7 1.0689005109808409e-6
1272	(   0.70998679691703003858   0.5040543468375600078   -0.38231124915123998464   0.00517266289999999962 )	-0.70998679691703 1.4222610516534395e-6 1.485174670486615e-7
1273	(   0.70998721370302997347   0.50405408293555997723  -0.38231307114924001356   0.00539302289999999979 )	-0.70998721370303 -8.650673264665176e-7 -1.3240097679209585e-6
1274	(   0.70998687395102999531   0.50405450627755998827  -0.38231524915123998865   0.00521338289999999979 )	-0.70998687395103 -1.5932991395406493e-6 -3.244560662956455e-7
1275	(   0.70998783543402999019   0.50405402575255997544  -0.38231334027724001023   0.00509063290000000019 )	-0.70998783543403 -2.0682434528351834e-6 2.7861684167643434e-6
1276	(   0.7099858354340300437    0.50405482736256002063  -0.38231315802524001857   0.00529541290000000008 )	-0.70998583543403 1.8972090947144693e-6 -2.9822433839421636e-6
1277	(   0.70998733543403003132   0.50405423257504999857  -0.38231230353324002769   0.0051923828999999996  )	-0.70998733543403 -3.12576357214267e-7 8.230614837012399e-7
1278	(   0.70998733543403003132   0.50405487773409995977  -0.382313936346240002     0.00519451289999999996 )	-0.70998733543403 -9.159089718602242e-7 1.557783456860272e-7
1279	(   0.7099868376667399783    0.50405442857225002395  -0.38231325897223999988   0.00509302289999999987 )	-0.70998683766674 -9.43861497293419e-8 9.422055077917283e-7
1280	(   0.70998633543403000257   0.50405397538102003629  -0.38231256195624002681   0.00519153290000000031 )	-0.70998633543403 7.448768807871708e-7 -3.3089182888617697e-7
1281	(   0.70998683320131994456   0.50405442454286997211  -0.38231323933023997341   0.0052930229000000004  )	-0.70998683320132 -7.664393184003693e-8 -1.137315050947349e-6
1282	(   0.70998633543403000257   0.5040546205400699975   -0.38231419476924000111   0.0051936628999999998  )	-0.70998633543403 1.415434222606926e-7 -9.981713459013783e-7
1283	(   0.70998701506964001506   0.50405392655755998366  -0.38231403932424001813   0.00519355289999999959 )	-0.70998701506964 -1.4613558069476174e-6 6.62018212200653e-7
1284	(   0.70998665579842001883   0.50405492655756001241  -0.38231245897824001068   0.00519249289999999981 )	-0.70998665579842 1.2903243390982588e-6 -8.371282524302644e-7
1285	(   0.70998694750600999104   0.50405462655755994827  -0.38231315254587000529   0.00521666999999999964 )	-0.70998694750601 1.887177861203959e-8 -3.745745470779337e-7
1286	(   0.70998683997057998596   0.50405453439030001306  -0.38231345341600997401   0.00514302289999999957 )	-0.70998683997058 -1.407289684507429e-7 3.278565600708194e-7
1287	(   0.70998703543402996718   0.50405433554709000443  -0.38231307675246001265   0.00517484670000000011 )	-0.70998703543403 -3.471537340649089e-7 4.758989439810734e-7
1288	(   0.70998672336205004285   0.50405422655756004779  -0.38231334575661002351   0.00516937579999999976 )	-0.70998672336205 -1.8990193234591501e-7 1.9834665844756366e-7
1289	(   0.70998675883438000511   0.50405446141441001551  -0.38231274915123997227   0.00517686040000000028 )	-0.70998675883438 4.474921508901275e-7 -6.357786307050064e-8
1290	(   0.70998683089748004793   0.50405431872481998301  -0.38231304488646999928   0.00524302289999999983 )	-0.70998683089748 -3.030119660740738e-8 -5.079661030043864e-7
1291	(   0.70998691203368002878   0.50405439170070998056  -0.38231374915124000102   0.00520918539999999999 )	-0.70998691203368 -6.185227574284635e-7 -1.1205412101823246e-7
1292	(   0.70998663543402995568   0.50405451756802999164  -0.38231342155002001615   0.00521119910000000016 )	-0.70998663543403 1.7612342281814186e-7 -6.516691556935134e-7
1293	(   0.70998693543403001982   0.50405442715644999119  -0.382313245635819976     0.00519144769999999988 )	-0.70998693543403 -2.3345258076679087e-7 7.020133370805459e-8
1294	(   0.70998723543402997294   0.50405442895312002616  -0.38231323508955999957   0.00518672209999999998 )	-0.70998723543403 -6.772654563003133e-7 5.434399940206674e-7
1295	(   0.70998702480861997088   0.50405448318510004402  -0.38231310223789000124   0.00517144769999999983 )	-0.70998702480862 -2.0293433047879894e-7 3.483401820474118e-7
1296	(   0.70998680901666999521   0.50405434790581005178  -0.38231304563582002576   0.00519125759999999967 )	-0.70998680901667 3.1395941318956844e-8 -2.808360614056578e-8
1297	(   0.70998713543403002557   0.50405439613170999191  -0.38231316734059000995   0.00520252229999999989 )	-0.70998713543403 -5.070596741374445e-7 2.7011182765511983e-7
1298	(   0.70998706185139004443   0.50405450640709004162  -0.38231344563581998175   0.00519163780000000009 )	-0.70998706185139 -4.983012508452678e-7 1.684862331440588e-7
1299	(   0.70998686315410997061   0.50405452715645004957  -0.38231313128457000694   0.00520762229999999996 )	-0.70998686315411 6.32882905526877e-8 -3.006350566637471e-7
1300	(   0.70998684605943995773   0.50405437112780004938  -0.38231338903375000626   0.00521144769999999993 )	-0.70998684605944 -2.6397090591157024e-7 -2.0873749897715974e-7
1301	(   0.70998673543403001407   0.50405445818118999046  -0.38231332393104999756   0.00518037309999999987 )	-0.70998673543403 4.015432999993074e-8 -1.299543738332695e-7
1302	(   0.70998700771394995801   0.50405432715645004382  -0.38231335998707000057   0.0051752730999999998  )	-0.70998700771395 -5.301935002144376e-7 4.4051449881256477e-7
1303	(   0.70998694874834000768   0.50405447715645002038  -0.38231319021129001046   0.00519233269999999983 )	-0.70998694874834 -1.6120801027419418e-7 2.9917660479105156e-8
1304	(   0.70998698869126997124   0.50405462715644999694  -0.38231302393770000281   0.00519498769999999967 )	-0.70998698869127 5.5525659709010355e-8 -9.094275568730247e-8
1305	(   0.70998710852005997296   0.50405507715645003763  -0.38231252511692997986   0.00520295270000000008 )	-0.70998710852006 7.057262970122657e-7 -4.536085730576303e-7
1306	(   0.70998699131603004719   0.50405475159070001201  -0.38231352393770001719   0.00519214629999999958 )	-0.70998699131603 -2.0632264344233597e-7 -1.8213591207456617e-7
1307	(   0.70998698617768996044   0.5040545079927399863   -0.38231313826592999705   0.00517498769999999962 )	-0.70998698617769 -1.4725525834813347e-7 2.3205124418007288e-7
1308	(   0.70998698606651000631   0.50405450272219998187  -0.38231252393769998843   0.00519782909999999976 )	-0.70998698606651 3.1737346262161736e-7 2.3425392510573943e-10
1309	(   0.70998699060873005084   0.50405442715644999119  -0.38231338920196000775   0.0052102444999999999  )	-0.70998699060873 -4.266647098682963e-7 -4.6970558835390336e-8
1310	(   0.70998699120484998204   0.50405474632016000758  -0.38231290960947000857   0.00521498769999999973 )	-0.70998699120485 2.5830655159264637e-7 -4.147367554436573e-7
1311	(   0.70998698677381000266   0.50405482715645000269  -0.38231265867343999787   0.00517973090000000032 )	-0.70998698677381 5.377157623054352e-7 -1.3538049220966053e-7
1312	(   0.70998748869127004113   0.50405462662913003147  -0.38231302181880999491   0.00519489920000000029 )	-0.70998748869127 -6.99504320550437e-7 6.204913081581864e-7
1313	(   0.70998648869127001237   0.50405462768376996241  -0.3823130260565900107    0.00519507619999999993 )	-0.70998648869127 8.105545747927323e-7 -8.023763349308088e-7
1314	(   0.70998718869126997699   0.50405471063395002052  -0.38231294654052000448   0.00519948090000000012 )	-0.70998718869127 -1.042659460714912e-7 6.287015351268734e-8
1315	(   0.70998778869126999425   0.50405496106644998022  -0.38231271434898000949   0.00521296049999999973 )	-0.70998778869127 -5.836418578153424e-7 5.240670949072164e-7
1316	(   0.70998711361835997735   0.50405459328722002077  -0.38231251632763002535   0.00521948090000000017 )	-0.70998711361836 2.208677066517506e-7 -1.3476395547693182e-7
1317	(   0.70998726376417997663   0.50405482798068002026  -0.38231337675340998361   0.00517948090000000007 )	-0.70998726376418 -4.2939999303492904e-7 2.59704273826583e-7
1318	(   0.70998726376417997663   0.5040545376613599915   -0.38231264721222002478   0.00517948090000000007 )	-0.70998726376418 -1.6189313367664937e-7 5.500235938553476e-7
1319	(   0.70998711361835997735   0.50405488360654004953  -0.38231324586881998417   0.00521948090000000017 )	-0.70998711361836 -4.663896174816884e-8 -4.250832755056964e-7
1320	(   0.7099871018880199447    0.50405491063395002627  -0.3823124491057600105    0.00519357400000000028 )	-0.70998710188802 6.07353105724906e-7 -1.9899749389303386e-7
1321	(   0.70998768869127004688   0.50405473169921000132  -0.38231289414755997846   0.00520191660000000021 )	-0.70998768869127 -7.992629197650647e-7 7.264576484816783e-7
1322	(   0.70998727549452000929   0.50405451063395001476  -0.38231344397527999845   0.00520538779999999996 )	-0.70998727549452 -8.158855248907582e-7 3.246680330822266e-7
1323	(   0.70998668869127001813   0.50405468956869003971  -0.38231299893347997498   0.00519704520000000003 )	-0.70998668869127 5.907299570340196e-7 -6.007287065698081e-7
1324	(   0.70998720848225005398   0.50405481063394996788  -0.38231290448685001371   0.00519973449999999986 )	-0.70998720848225 -2.0394427813208438e-9 -1.1664402503212606e-8
1325	(   0.70998726785518995186   0.50405511063395003202  -0.38231277832583998588   0.00520049529999999996 )	-0.70998726785519 3.0464003644703475e-7 -2.3526883808760516e-7
1326	(   0.70998738834665997555   0.50405484517818999191  -0.38231240448684999933   0.00519440479999999996 )	-0.70998738834666 1.428182367091413e-7 2.645918947567786e-7
1327	(   0.7099879279398899623    0.50405494881090995296  -0.38231090448685001171   0.00517841570000000025 )	-0.70998792793989 5.773874479919616e-7 1.093020306467697e-6
1328	(   0.70998752505511997235   0.50405534517818995077  -0.38231266526785001592   0.00519133719999999993 )	-0.70998752505512 2.366816471699451e-7 -9.426219479560192e-9
1329	(   0.70998793518049996276   0.50405684517819004942  -0.38231344761085001016   0.00518213439999999984 )	-0.7099879351805 5.18270585003755e-7 -8.315932598496215e-7
1330	(   0.70998851308012000949   0.50405581913718999765  -0.38231232237684997788   0.00524133719999999963 )	-0.70998851308012 -5.213161065054095e-7 3.979528856331507e-7
1331	(   0.70999147715512000989   0.50405724101419002725  -0.38231129370384997479   0.00539133719999999959 )	-0.70999147715512 -2.795335729582904e-6 1.5901019151564526e-6
1332	(   0.70998859519512003136   0.50405781913719005516  -0.38231237705085002743   0.00524342720000000023 )	-0.70998859519512 1.312700291994373e-6 -1.5073588517234636e-6
1333	(   0.70998940946512001382   0.50405579468419003941  -0.38230732237685000063   0.00526412719999999959 )	-0.70998940946512 1.921768233964505e-6 1.4558332620096022e-6
1334	(   0.70998761669512000516   0.50405584359018995588  -0.38231732237685001063   0.00521854719999999966 )	-0.70998761669512 -2.964453869908068e-6 -6.60964651895473e-7
1335	(   0.70998843096511998763   0.50405381913719005116  -0.38231226770284998384   0.0052392471999999999  )	-0.70998843096512 -2.355332539671906e-6 2.3032559002234576e-6
1336	(   0.7099871963001199715    0.50405592641519003649  -0.3823097039778500239    0.00514133720000000023 )	-0.70998719630012 3.579345708465409e-6 -5.408532890786314e-7
1337	(   0.70998982986012004748   0.5040557118591899588   -0.38231494077584998736   0.00534133719999999989 )	-0.70998982986012 -4.6219990197937655e-6 1.3167625281265436e-6
1338	(   0.70998651308011995198   0.50405587369618998217  -0.38231099073085000883   0.00532126720000000025 )	-0.70998651308012 3.5759440822902278e-6 -3.340825136390206e-6
1339	(   0.70999051308011995598   0.50405576457819001313  -0.38231365402285000243   0.00516140719999999987 )	-0.70999051308012 -4.618596881528214e-6 4.12396129779055e-6
1340	(   0.70998855013911998935   0.50405571984218999759  -0.3823121337638499817    0.00529133720000000019 )	-0.70998855013912 -5.3243550915405e-7 2.3237095646714352e-8
1341	(   0.70998866131612003993   0.50405542195718999743  -0.38231156792484999318   0.00544133720000000015 )	-0.70998866131612 -5.657941791192833e-7 -1.1309102578812818e-6
1342	(   0.70998880665511998611   0.50405499876819004346  -0.38231053541484999458   0.00539133719999999959 )	-0.70998880665512 -4.1929240554572367e-7 4.0290567233583355e-8
1343	(   0.70998957620311997641   0.504052835546189959    -0.38230574036784997771   0.00569133720000000037 )	-0.70998957620312 -7.989543343578376e-8 -2.854822819318265e-8
1344	(   0.70999188484711994729   0.50404634588019003871  -0.38229135522684998261   0.00659133720000000013 )	-0.70999188484712 9.38004436845663e-7 -1.3150575081579004e-6
1345	(   0.70999035694311996014   0.50405783554618999176  -0.3823048741678499729    0.00560311720000000041 )	-0.70999035694312 4.401730549385974e-6 -2.923516328028766e-6
1346	(   0.70998879546311999267   0.50404783554619003727  -0.38230660656784998253   0.00577955720000000034 )	-0.70998879546312 -4.5615255134801025e-6 2.8508555539783113e-6
1347	(   0.7099881955041199566    0.50405195630918997463  -0.38230083136784998032   0.00519133719999999993 )	-0.70998819550412 4.882286954499548e-6 4.331464082399781e-6
1348	(   0.70999095690211999621   0.5040537147831900544   -0.3823106493678499751    0.00619133719999999995 )	-0.70999095690212 -5.042134138683041e-6 -4.888556726169246e-6
1349	(   0.70999457620312000916   0.50405184201318997683  -0.3823001932678499748    0.00570688719999999997 )	-0.70999457620312 -4.393414083092573e-6 7.887663144457093e-6
1350	(   0.70998457620312005467   0.5040538290791900522   -0.38231128746784998063   0.00567578719999999991 )	-0.70998457620312 4.23345517705509e-6 -7.945193205728284e-6
1351	(   0.7099923377811200309    0.50405228680219005266  -0.38231574036784998771   0.00537927720000000009 )	-0.70999233778112 -1.2451082266051738e-5 7.896282515553805e-6
1352	(   0.70998681462512003293   0.50405338429018997637  -0.38229574036785002322   0.00600339719999999979 )	-0.70998681462512 1.2291058911345631e-5 -8.14812660634113e-6
1353	(   0.7099897379401199915    0.50405315078618995184  -0.38230856866985002407   0.00549133719999999985 )	-0.70998973794012 -2.1718033518525193e-6 2.1224098461650195e-6
1354	(   0.70998941446611996131   0.50405252030618996617  -0.38230291206584998687   0.00589133720000000003 )	-0.70998941446612 2.0119963748399528e-6 -2.2595062501488437e-6
1355	(   0.70999157620312003392   0.50405269573418998164  -0.38230448599185001823   0.00567692720000000008 )	-0.70999157620312 -2.2851184260375135e-6 3.1150427666673435e-6
1356	(   0.70998887832512003193   0.50405147531618998968  -0.38230074036785000047   0.00555111719999999958 )	-0.70998887832512 3.438275842898575e-6 1.9171270039531124e-6
1357	(   0.7099902740811200319    0.50405419577619003935  -0.38231074036785001047   0.0058315572000000003  )	-0.70999027408112 -3.59811878467009e-6 -2.0135457829187603e-6
1358	(   0.70998757620312002992   0.50405297535819004739  -0.3823069947438499927    0.0057057471999999998  )	-0.70998757620312 2.1253073723692673e-6 -3.1725465192086212e-6
1359	(   0.70998942079011995165   0.50405483554619001652  -0.38230302264685001035   0.00566010720000000023 )	-0.70998942079012 4.233121985969257e-6 -1.8947258154671556e-6
1360	(   0.70998973161612000116   0.50405083554619001251  -0.38230845808885000059   0.00572256719999999965 )	-0.70998973161612 -4.392927727719931e-6 1.8356787815755081e-6
1361	(   0.70999018577812000874   0.50405349770519003449  -0.38230607471584998613   0.00579133719999999977 )	-0.70999018577812 -5.952168602996188e-7 -9.73390504812276e-7
1362	(   0.709989687900119959     0.50405270845919003531  -0.38230374036784997571   0.00570965719999999999 )	-0.70998968790012 1.1533220883597206e-6 4.827997818383583e-8
1363	(   0.70998896662812005509   0.50405217338718999454  -0.3823054060198500248    0.00559133720000000011 )	-0.70998896662812 4.3542418676212336e-7 8.96294791720236e-7
1364	(   0.70998946450611999381   0.50405296263318999372  -0.38230774036784997971   0.00567301719999999988 )	-0.70998946450612 -1.3131210082617528e-6 -1.0604765450119002e-7
1365	(   0.70999050914411998559   0.50405352910918999054  -0.3823054060198500248    0.00559133720000000011 )	-0.70999050914412 -5.415333267921874e-7 1.7309138525834758e-6
1366	(   0.70998864326211996723   0.50405214198319003849  -0.38230607471584998613   0.00579133719999999977 )	-0.70998864326212 3.817385285653785e-7 -1.8080085682511504e-6
1367	(   0.70999045510612002197   0.50405183554619004127  -0.3823062224408499965    0.00569994720000000041 )	-0.70999045510612 -2.7776218407271624e-6 2.1213975226175207e-6
1368	(   0.70998869730012004187   0.50405383554618998776  -0.38230525829485001443   0.00568272720000000033 )	-0.70998869730012 2.6178272182486584e-6 -2.178640698106499e-6
1369	(   0.70998959511479997619   0.50405233554619000014  -0.3823057594238499779    0.00569483129999999969 )	-0.7099895951148 -6.230651648231333e-7 4.5852155216902815e-7
1370	(   0.70998955770559002421   0.50405282293021003159  -0.38230474036785000447   0.00568791959999999982 )	-0.70998955770559 7.000720597394317e-7 -3.3086067380982834e-9
1371	(   0.70998957490861003272   0.50405286977143004545  -0.38230567038485002707   0.00574133720000000007 )	-0.70998957490861 9.797236827369105e-9 -6.362453653346365e-7
1372	(   0.70999007620312004629   0.50405285400802002371  -0.3823057026178500184    0.00569120819999999975 )	-0.70999007620312 -7.886978515281307e-7 6.644481164738722e-7
1373	(   0.70998907620312001754   0.50405281708436000532  -0.38230577811784999254   0.00569146620000000013 )	-0.70998907620312 6.28905916649769e-7 -7.215441059867561e-7
1374	(   0.70998957749763003111   0.50405280132094998358  -0.38230581035084998387   0.00564133719999999981 )	-0.70998957749763 -1.6958811360767712e-7 5.741489090593097e-7
1375	(   0.70998959470065003963   0.50405284816216999744  -0.38230674036785000647   0.00569475480000000006 )	-0.70998959470065 -8.598649282320903e-7 -5.381120885060935e-8
1376	(   0.70998955729143997662   0.50405333554619002889  -0.38230572131184997753   0.00568784310000000019 )	-0.70998955729144 4.6327429575887535e-7 -5.156424253588657e-7
1377	(   0.70998977620311998216   0.50405271901839998616  -0.38230623488534998256   0.00567502079999999964 )	-0.70998977620312 -8.769884300707798e-7 5.574334759378649e-7
1378	(   0.70998975447793999383   0.50405297838161000623  -0.3823059125315499962    0.00571133720000000043 )	-0.70998975447794 -3.3829554632602843e-7 -1.4629057663700636e-7
1379	(   0.70999028930240004609   0.50405340688787003689  -0.38230642902264999616   0.00577133719999999972 )	-0.7099902893024 -1.113497053173429e-6 -5.043172403848209e-7
1380	(   0.70998974871364994854   0.50405297947267002634  -0.38230491253155002296   0.00570972470000000003 )	-0.70998974871365 4.361234228478228e-7 -1.3715034799333472e-7
1381	(   0.70998977600595003512   0.5040534783816099651   -0.3823059103325500141    0.00571735949999999972 )	-0.70998977600595 1.3082996402902225e-7 -6.845482831122733e-7
1382	(   0.70998934230888999242   0.50405305639677000507  -0.38230595462555000408   0.00566133719999999986 )	-0.70998934230889 3.308389448231086e-7 -2.409434519518955e-7
1383	(   0.70999016664698999524   0.5040529003664500074   -0.38230587043754998833   0.00576133720000000012 )	-0.70999016664699 -1.0074307647545133e-6 -5.663736148284003e-8
1384	(   0.70998973294992995253   0.50405247838161004736  -0.38230591473054997831   0.00570531490000000027 )	-0.70998973294993 -8.074210587349917e-7 3.918945946428947e-7
1385	(   0.70998976024223003911   0.50405297729054998612  -0.38230691253155002496   0.00571294969999999996 )	-0.70998976024223 -1.1127165158164587e-6 -1.5543600537111762e-7
1386	(   0.70999025447793995269   0.50405300595771995731  -0.38230592741054997274   0.00567058189999999993 )	-0.70999025447794 -1.0782248055785093e-6 9.99996845363079e-7
1387	(   0.70998925447794003496   0.50405295080550005515  -0.38230589765255001966   0.00575209250000000005 )	-0.70998925447794 4.016326474454157e-7 -1.2958994875488165e-6
1388	(   0.70998975528369001609   0.50405293506590997943  -0.38230541253154998182   0.0057098425000000003  )	-0.70998975528369 -5.240844425102864e-10 -8.475949075893371e-8
1389	(   0.70998975770093997184   0.50405280511881001004  -0.3823039125315499942    0.00570535839999999992 )	-0.70998975770094 1.012787301551965e-6 9.98069570051305e-8
1390	(   0.70998983617321997919   0.50405283994940996983  -0.3823050856745500159    0.00572984250000000035 )	-0.70998983617322 3.195198919336839e-8 -1.0357520897902865e-7
1391	(   0.70999007884180997952   0.50405255459991005207  -0.38230410510355000708   0.00578984249999999964 )	-0.70999007884181 1.2937876095464595e-7 -1.6482228525755132e-7
1392	(   0.7099908068475799805    0.50405169855140996571  -0.38230116339054998065   0.00596984250000000011 )	-0.70999080684758 4.216460325889848e-7 -3.91762807103131e-7
1393	(   0.70999299086488998345   0.5040491304059100397   -0.38229233825155001236   0.0065098424999999998  )	-0.70999299086489 1.298330457116803e-6 -1.4613780130603188e-6
1394	(   0.70999247163057999099   0.50405376419240999208  -0.38230324809054999635   0.00616984249999999977 )	-0.70999247163058 -1.6242758209550345e-6 -2.521376784817856e-6
1395	(   0.70998914206457997      0.50404963291041005036  -0.38229907869055002045   0.00576984249999999959 )	-0.70998914206458 2.4675473878355003e-6 1.657856713511074e-6
1396	(   0.70998926039657994647   0.50404685946840999122  -0.38230324809054999635   0.00616984249999999977 )	-0.70998926039658 -3.672775593488442e-6 -1.765464021788598e-7
1397	(   0.70999235329858001453   0.50405653763441005122  -0.38229907869055002045   0.00576984249999999959 )	-0.70999235329858 4.516048779129589e-6 -6.869744291866046e-7
1398	(   0.70999053844757997744   0.50405247871840996865  -0.38231116339054999065   0.00593760249999999989 )	-0.70999053844758 -6.038419579856846e-6 -1.1691567734710176e-6
1399	(   0.70999107524757998355   0.50405091838440996277  -0.38229116339055002616   0.00600208250000000033 )	-0.70999107524758 6.881511338152624e-6 3.8355246806068565e-7
1400	(   0.70999252698958004171   0.50404669855141004398  -0.38230331739055001261   0.00590030250000000023 )	-0.70999252698958 -8.82662170276216e-6 7.876260048002152e-6
1401	(   0.70998908670558003031   0.50405669855140999847  -0.38229900939055000419   0.00603938249999999999 )	-0.70998908670558 9.669891883806736e-6 -8.669451367697648e-6
1402	(   0.70999126354658004256   0.50405369855141002322  -0.38230439592254999992   0.00593240250000000042 )	-0.70999126354658 -7.406143617549876e-7 -1.2976383627290896e-6
1403	(   0.70999035014858002945   0.50404969855141001922  -0.38229793085855001689   0.00600728249999999981 )	-0.70999035014858 1.5838846398608109e-6 5.113096584336222e-7
1404	(   0.70999003134558003048   0.5040506802004099951   -0.3823061633905500134    0.00591193249999999969 )	-0.70999003134558 -3.246981578441943e-6 2.1346380320389082e-7
1405	(   0.70999180684758000925   0.50405025696741001529  -0.38230083185454999395   0.00588786250000000039 )	-0.70999180684758 -2.27870784771933e-6 3.441898462462411e-6
1406	(   0.70999158234958004154   0.50405271690241004734  -0.3822961633905500034    0.00602775249999999967 )	-0.70999158234958 4.090221081581857e-6 -1.0036953507945191e-6
1407	(   0.7099913818965799539    0.50405086956941003162  -0.38230523360754997686   0.00606984250000000038 )	-0.70999138189658 -4.389074709315599e-6 4.9810030421792864e-8
1408	(   0.70999023179858000709   0.50405252753341001082  -0.38229709317354998444   0.00586984249999999985 )	-0.70999023179858 5.2323322326519595e-6 -8.533349834902401e-7
1409	(   0.70998980684757995174   0.50405314013541002716  -0.38230149492655002286   0.00605182249999999984 )	-0.70998980684758 3.121995433175151e-6 -4.238863517623938e-6
1410	(   0.7099910142129099988    0.50405069855141004798  -0.38229998737955001031   0.00597443919999999986 )	-0.70999101421291 7.234837340330813e-9 8.477879120634207e-7
1411	(   0.70999076932619997748   0.50405160711040997157  -0.38230105585454998707   0.00591984250000000042 )	-0.7099907693262 4.691694074077102e-7 2.408827745471105e-7
1412	(   0.70999065676205996844   0.50405133278740998914  -0.38230073324655000633   0.00576984249999999959 )	-0.70999065676206 6.117393570037599e-7 2.108819536484263e-6
1413	(   0.70999126932620004737   0.50405137221741003195  -0.38230080395654997272   0.00594711249999999979 )	-0.7099912693262 -3.2925278464768226e-7 8.621549310575526e-7
1414	(   0.70999088644143004689   0.50405180348041001004  -0.38230305585454998907   0.00589704249999999965 )	-0.70999088644143 -1.0407776023235726e-6 4.802392307635649e-7
1415	(   0.70999065626285995378   0.50405166022641001433  -0.38230159682955000555   0.00601984249999999981 )	-0.70999065626286 2.7963570337075083e-7 -1.166749568293599e-6
1416	(   0.70999067345208999313   0.50405060711041005383  -0.38230151458354999505   0.00591461250000000025 )	-0.70999067345209 -7.365893381072741e-7 1.1666375170739032e-6
1417	(   0.70999026932620001862   0.50405184200341002221  -0.38230130775255000142   0.00589257250000000017 )	-0.7099902693262 1.2675904074721522e-6 -3.818761877188775e-7
1418	(   0.70999088238954000118   0.50405155399441003983  -0.38230051487955002409   0.00581984250000000015 )	-0.70999088238954 6.587024717064072e-7 1.6285151428119377e-6
1419	(   0.70999086520030996184   0.50405260711041000032  -0.38230059712554997908   0.00592507249999999971 )	-0.70999086520031 1.6749276930128065e-6 -6.849266555720206e-7
1420	(   0.7099906522109700191    0.50405141074041004412  -0.38229905585454998507   0.00594264250000000032 )	-0.70999065221097 1.979108358696191e-6 4.866657531745486e-10
1421	(   0.70999072483648995036   0.50405132893666004801  -0.38230205585455001582   0.00595530249999999973 )	-0.70999072483649 -5.0632741940837e-7 3.478931785800898e-8
1422	(   0.70999096932619998324   0.50405178239440995291  -0.38230179027055000152   0.00589749829999999982 )	-0.7099909693262 -2.195353772105335e-7 6.136441486410049e-7
1423	(   0.70999156932620000049   0.50405230824641000797  -0.38230399351854998935   0.00583046569999999976 )	-0.7099915693262 -2.285657225570281e-6 1.7259375913663633e-6
1424	(   0.70999097268403998928   0.50405175387140999099  -0.38230176959154998917   0.00599749830000000008 )	-0.70999097268404 -2.3732507245521894e-7 -5.425644392377562e-7
1425	(   0.70999098275756000742   0.5040516683024099942   -0.38230170755455000764   0.0062974983           )	-0.70999098275756 -2.906941636016125e-7 -4.131190202651973e-6
1426	(   0.70999147268403994815   0.50405168698041002973  -0.38230017613954997424   0.00598945830000000012 )	-0.70999147268404 1.580091228692293e-7 3.306929143791459e-7
1427	(   0.70999297268404004679   0.5040514863074100349   -0.38229539578354998497   0.00596533830000000025 )	-0.70999297268404 1.3439748493548898e-6 2.9496922765185894e-6
1428	(   0.7099916476500399698    0.50405268698040994746  -0.3823027977585499726    0.00603225830000000008 )	-0.70999164765004 -1.1110833522121055e-6 -9.353877893476274e-7
1429	(   0.70999047268404003042   0.50405150735041004406  -0.38230307475954999896   0.00603677830000000012 )	-0.70999047268404 -7.256536084798704e-7 -1.4787405467970295e-6
1430	(   0.7099924726840399769    0.50405186661041001539  -0.38229727751955000503   0.00594213830000000012 )	-0.70999247268404 1.0416507900956606e-6 2.135650010933119e-6
1431	(   0.70999129771804003752   0.50405068698041000097  -0.38229755452054997589   0.00594665830000000017 )	-0.70999129771804 1.4270877215227795e-6 1.5931099996122731e-6
1432	(   0.70999229029804000746   0.50405092778641003015  -0.38230401101755001614   0.00618945829999999978 )	-0.70999229029804 -4.769798028575467e-6 -1.8489780114433832e-7
1433	(   0.70999121097104000988   0.50405192999340997506  -0.38229625472855000012   0.00618945829999999978 )	-0.70999121097104 3.7950978942769e-6 -2.719731333552581e-6
1434	(   0.70999173439703999744   0.50405144396740997337  -0.38230409755055000387   0.0057894582999999996  )	-0.70999173439704 -3.4791106955089912e-6 3.3011172995344462e-6
1435	(   0.70999065507003999986   0.5040524461744100293   -0.38229634126154998786   0.0057894582999999996  )	-0.70999065507004 5.085784013814099e-6 7.662849670552485e-7
1436	(   0.70999151925827996834   0.5040515716744300434   -0.38229952682754997362   0.00608945830000000039 )	-0.70999151925828 4.6873436931882395e-7 -6.95758136972193e-7
1437	(   0.70999197268404001804   0.50405182435363005133  -0.38230094971755002042   0.00599903829999999961 )	-0.70999197268404 -1.0522286363612299e-6 7.884616196766471e-7
1438	(   0.70999127072472001387   0.50405218698040998859  -0.38230067139055001757   0.0060243183000000004  )	-0.70999127072472 5.847554447324654e-7 -8.748860870479792e-7
1439	(   0.70999142610980003898   0.50405180228639001605  -0.38230082545154997486   0.00588945829999999986 )	-0.7099914261098 -1.5271697609287038e-7 1.3371439701713737e-6
1440	(   0.70999132922692997916   0.50405146205514994584  -0.38230217613954997624   0.00601421829999999966 )	-0.70999132922693 -1.3791759093662037e-6 5.470051283755278e-8
1441	(   0.70999167464335999345   0.50405118698040995984  -0.38229968088854998642   0.00595459829999999985 )	-0.70999167464336 -2.687378635457538e-7 1.5338415584297005e-6
1442	(   0.70999097268403998928   0.50405154960719000812  -0.38229940256154998357   0.00597987829999999977 )	-0.70999097268404 1.368244620075787e-6 -1.272588435628766e-7
1443	(   0.70999161614115002816   0.50405191190567000259  -0.38229817613955002775   0.00596469829999999972 )	-0.70999161614115 1.695186067185439e-6 6.054592421320665e-7
1444	(   0.70999161521285003573   0.50405148698041002397  -0.38230020815354998076   0.00602812420000000022 )	-0.70999161521285 -2.820099790634689e-7 2.6841077104625144e-7
1445	(   0.70999204279927996541   0.50405088698041000672  -0.38230030419555000032   0.00614412189999999966 )	-0.70999204279928 -1.602067815964503e-6 6.362396253473953e-8
1446	(   0.70999174292480005111   0.50405198698040998284  -0.3823002281325499907    0.00604677419999999962 )	-0.7099917429248 9.579813720073105e-9 -2.754372403529327e-7
1447	(   0.70999212606064998621   0.50405348698040997046  -0.38230028806955002052   0.00610272420000000041 )	-0.70999212606065 8.843487709075948e-7 -1.911154949373308e-6
1448	(   0.7099922875048000348    0.50405212494241002918  -0.38229922813255001746   0.00614885419999999967 )	-0.7099922875048 8.859145994577489e-8 -8.850340842488536e-7
1449	(   0.70999119834479995639   0.50405184901841004752  -0.38230122813255001946   0.00594469419999999957 )	-0.7099911983448 -6.943509553436478e-8 3.133195434910617e-7
1450	(   0.70999199199079998657   0.50405098698040995409  -0.38230034495854997578   0.00609346419999999989 )	-0.7099919919908 -1.456399295746147e-6 5.114046975531882e-7
1451	(   0.70999149385880000462   0.5040529869804100116   -0.38230011130655000562   0.00600008420000000021 )	-0.7099914938588 1.4755586319192826e-6 -1.0666389666692003e-6
1452	(   0.70999274292479996884   0.50405224031741002744  -0.38230069718854997607   0.00600348419999999997 )	-0.7099927429248 -1.6079907927402104e-6 1.412865931400626e-6
1453	(   0.70999182969779994767   0.50405171668641002292  -0.38229972768054998333   0.00584677419999999996 )	-0.7099918296978 -9.292380642733633e-9 2.496782673933752e-6
1454	(   0.70999074292480002235   0.50405173364341004927  -0.38229975907655000533   0.00609006420000000014 )	-0.7099907429248 1.6271457205507822e-6 -1.967486460683818e-6
1455	(   0.70999165615180004352   0.50405225727441005379  -0.38230072858454999807   0.00624677420000000014 )	-0.7099916561518 2.845147550889493e-8 -3.127657139984686e-6
1456	(   0.70999162750282995837   0.50405148698041002397  -0.38230026025904001452   0.00605056419999999966 )	-0.70999162750283 -3.404355590763686e-7 1.4816568876274445e-8
1457	(   0.70999185834677003282   0.50405248698041005273  -0.38230019600606002239   0.00604298419999999958 )	-0.70999185834677 3.595951280910281e-7 -5.657197515808779e-7
1458	(   0.70999203127536003599   0.50405195074799002963  -0.38230072813255000508   0.00603730420000000035 )	-0.70999203127536 -8.450156705752665e-7 2.84684518460536e-7
1459	(   0.70999158892290004097   0.5040520063313700394   -0.38230027099736002549   0.00594677420000000023 )	-0.7099915889229 2.2904792451594602e-7 6.858865084761293e-7
1460	(   0.70999224292480000997   0.5040518441548199613   -0.3822999117559899851    0.00600944420000000014 )	-0.7099922429248 -6.474771592213102e-7 1.0274389754049717e-6
1461	(   0.70999189692669995022   0.5040519676294500373   -0.38230018526774001142   0.00614677419999999988 )	-0.7099918969267 -2.0988840149227528e-7 -1.2567609421085485e-6
1462	(   0.7099914545742399552    0.50405202321283004707  -0.38229972813254997632   0.00605624419999999976 )	-0.70999145457424 8.641744441428845e-7 -8.357381949880755e-7
1463	(   0.70999124292479998122   0.50405212980600000439  -0.38230054450910999631   0.00608410419999999997 )	-0.7099912429248 6.666355217010977e-7 -1.5811000140884457e-6
1464	(   0.70999194292479994584   0.50405208662182998669  -0.38230027532909000021   0.00603161039999999989 )	-0.7099919429248 -2.2931831455963447e-7 9.207228505676358e-8
1465	(   0.70999254292479996309   0.50405238554608999824  -0.38230041691870997322   0.00598611899999999982 )	-0.7099925429248 -9.460137490036047e-7 1.1918420517140847e-6
1466	(   0.70999194940563004064   0.50405208787065003406  -0.38229977532908998583   0.0060350003999999997  )	-0.70999194940563 1.4442979387463417e-7 5.9120328686671864e-8
1467	(   0.70999196884811999197   0.50405209161710995414  -0.38229827532908999821   0.00604517040000000002 )	-0.70999196884812 1.2656711181613378e-6 -3.987344517952985e-8
1468	(   0.7099920706570199691    0.50405258787064999293  -0.3823001154970899762    0.00603140040000000027 )	-0.70999207065702 2.0097302819155338e-7 -2.252655922749849e-7
1469	(   0.70999243441118997655   0.50405408787064998055  -0.38230113600109000283   0.00602060040000000022 )	-0.70999243441119 3.706009666371024e-7 -1.0785786985234534e-6
1470	(   0.70999267249802000546   0.50405301643964994796  -0.38229911888709000589   0.00613140039999999966 )	-0.70999267249802 4.814046847545495e-7 -1.0155096343822718e-6
1471	(   0.70999146881602004377   0.5040521593016500379   -0.38230111210709000202   0.0059314004           )	-0.70999146881602 -7.9462157964727e-8 5.449791743638514e-7
1472	(   0.70999307065701999786   0.50405329996765002587  -0.38230149202009000575   0.0059749903999999996  )	-0.70999307065702 -1.6516900215868269e-6 1.1599030540799607e-6
1473	(   0.70999237910802004414   0.50405172781664997483  -0.3823021154970899782    0.00609953039999999985 )	-0.70999237910802 -2.6547456647429968e-6 2.463037159979866e-7
1474	(   0.70999302226901994661   0.50405158787064996417  -0.38229853969008997794   0.00597772039999999987 )	-0.70999302226902 -1.0332596708795272e-6 2.7706588665310245e-6
1475	(   0.70999107065702005137   0.50405187577364995999  -0.38229873897409000216   0.00608781040000000006 )	-0.70999107065702 2.053628028214627e-6 -1.6167964146521216e-6
1476	(   0.70999176220602000509   0.50405344792465001102  -0.3822981154970899742    0.00596327039999999982 )	-0.70999176220602 3.0566833156830953e-6 -7.061181038336753e-7
1477	(   0.7099911190450199916    0.50405358787065002169  -0.38230169130408997447   0.00608508039999999979 )	-0.70999111904502 1.435196903293301e-6 -3.226951324774171e-6
1478	(   0.70999257065702003899   0.50405244330603005132  -0.38229945178908997239   0.00604157119999999999 )	-0.70999257065702 -1.9225438527281646e-7 5.064995688305762e-7
1479	(   0.70999407065702002662   0.50405200961217000444  -0.38229746066509001645   0.00607208360000000003 )	-0.70999407065702 -1.3719483018537204e-6 2.7005567101202278e-6
1480	(   0.70999257990102004889   0.50405237329003005353  -0.38229956289609001718   0.00614157120000000025 )	-0.70999257990102 -3.6120209689904925e-7 -6.286723283811547e-7
1481	(   0.70999243863002003962   0.50405344330602996905  -0.38229994482209000983   0.00604732119999999967 )	-0.70999243863002 6.304330967266125e-7 -7.504879231561473e-7
1482	(   0.70999157065702001024   0.50405227984803002705  -0.38229971117708999584   0.00604063120000000037 )	-0.70999157065702 9.582259881957267e-7 -7.386693021601477e-7
1483	(   0.70999256141302002909   0.5040525133220300491   -0.3822993406820899831    0.00594157119999999973 )	-0.70999256141302 -2.3306698793135183e-8 1.6216714662643417e-6
1484	(   0.70999240425901999352   0.50405266368002998867  -0.3822974517890900259    0.0060488212000000003  )	-0.70999240425902 1.8089517919150921e-6 -3.781243588907139e-8
1485	(   0.70999357065701995673   0.50405260676402996456  -0.38229919240109000445   0.00604251119999999961 )	-0.70999357065702 -1.342739153337158e-6 1.7516686726880724e-6
1486	(   0.70999270268402003836   0.50405144330603002256  -0.38229895875608999045   0.00603582120000000031 )	-0.70999270268402 -1.0149424279348729e-6 1.7634209709003405e-6
1487	(   0.70999273705501997345   0.50405222293203000294  -0.38230145178908997439   0.00603432119999999968 )	-0.70999273705502 -2.1934686804669923e-6 1.050706503950346e-6
1488	(   0.70999288985645003791   0.50405278210066994937  -0.38229907036408999899   0.00609157119999999969 )	-0.70999288985645 -4.453816690452861e-8 1.4306358625544417e-8
1489	(   0.70999384745474003466   0.5040537984845899766   -0.38229792608909002327   0.00624157119999999965 )	-0.70999384745474 3.986061388738804e-7 -1.492272049967059e-6
1490	(   0.70999279176944996017   0.50405378210066997813  -0.38229873047808998754   0.00601149119999999995 )	-0.70999279176945 1.3636719000953423e-6 -1.557625401250046e-7
1491	(   0.70999289605545001791   0.50405271890067004925  -0.38229707036408999699   0.00610482119999999993 )	-0.70999289605545 1.4120795547023501e-6 -7.529334892779918e-8
1492	(   0.70999298794345000463   0.50405178210067003164  -0.38229941025009001043   0.00617165120000000029 )	-0.70999298794345 -1.4527485055204625e-6 1.7154966344987637e-7
1493	(   0.70999288365744994689   0.50405284530066996052  -0.38230107036409000099   0.00607832120000000031 )	-0.70999288365745 -1.5011638883344336e-6 1.0355494095683698e-7
1494	(   0.70999388985644995564   0.50405281831866999287  -0.38229905805408997965   0.00608398119999999966 )	-0.70999388985645 -1.5111798045697178e-6 1.490487580792006e-6
1495	(   0.70999293663245000019   0.50405360130967002963  -0.38229923245009000965   0.00619157119999999995 )	-0.70999293663245 5.800022200852517e-7 -1.9667956245157005e-6
1496	(   0.70999284308044996461   0.50405196289166998014  -0.38229890827808998832   0.00599157120000000029 )	-0.70999284308045 -6.690786153729089e-7 1.975408345763589e-6
1497	(   0.70999188985645000916   0.5040527458826700169   -0.38229908267409001832   0.00609916119999999971 )	-0.70999188985645 1.4220992109459374e-6 -1.4619880801182184e-6
1498	(   0.7099929498857600052    0.50405273900115998842  -0.38229908693009001519   0.00614157120000000025 )	-0.70999294988576 -1.9108452484206673e-7 -4.6901048130443496e-7
1499	(   0.70999298155053003345   0.50405271626666003915  -0.38229807036409002574   0.00609073120000000034 )	-0.70999298155053 5.155587662064587e-7 2.2057780056179206e-7
1500	(   0.7099928298271399596    0.50405282520018002135  -0.38229905379808998278   0.00604157119999999999 )	-0.70999282982714 1.0200817548988717e-7 4.926232054389024e-7
1501	(   0.70999338985644999678   0.50405296036101998602  -0.38229920834908998062   0.00608699059999999979 )	-0.70999338985645 -7.279162981543852e-7 6.018242684947234e-7
1502	(   0.70999279816237004237   0.50405284793467997062  -0.38230007036409002774   0.0060924111999999999  )	-0.70999279816237 -6.04637135581676e-7 -1.9196647796838765e-7
1503	(   0.70999238985644996802   0.50405260384032002374  -0.38229893237909001735   0.00609615179999999958 )	-0.70999238985645 6.388388617273311e-7 -5.732530154359912e-7
1504	(   0.70999304901253001976   0.50405228210066999051  -0.38229926255009000213   0.00608519129999999988 )	-0.70999304901253 -9.321702350295613e-7 8.179922813003222e-7
1505	(   0.70999273070036994504   0.50405328210067001926  -0.38229887817808999584   0.00609795110000000036 )	-0.70999273070037 8.430937198933286e-7 -7.894609200041584e-7
1506	(   0.70999295106573001579   0.50405274798332000419  -0.38229857036408998461   0.0060911489999999997  )	-0.70999295106573 2.1107835548872522e-7 1.4048356385442707e-7
1507	(   0.70999308985645004366   0.50405282736296996848  -0.38229920378880999365   0.0060921313000000003  )	-0.70999308985645 -4.0374620483007995e-7 2.462171627074238e-7
1508	(   0.70999288587040998433   0.50405278119857999108  -0.38229905714375000958   0.00611157119999999974 )	-0.70999288587041 -2.930404197076797e-8 -2.3451451967753984e-7
1509	(   0.70999289384248998047   0.50405278300276001868  -0.38229908358442998839   0.00607157119999999963 )	-0.70999289384249 -5.977229183828925e-8 2.623272365955668e-7
1510	(   0.70999282864716994901   0.50405281621802000558  -0.38229957036409001336   0.00609199339999999968 )	-0.70999282864717 -3.001552048298439e-7 -1.1187119600358195e-7
1511	(   0.70999285644771004122   0.50405298210066995512  -0.3822989595585499778    0.00609147759999999986 )	-0.70999285644771 2.9070655396812306e-7 -2.3199324265980935e-7
1512	(   0.7099929232651900346    0.50405258210067005464  -0.38229918116963002017   0.00609166480000000038 )	-0.70999292326519 -3.7978291683726795e-7 2.6060594438737957e-7
1513	(   0.70999268985645003216   0.50405273683837004128  -0.38229893693937000432   0.00609101109999999994 )	-0.70999268985645 3.1466966529669627e-7 -2.1760499316634461e-7
1514	(   0.70999298985644998528   0.50405287393127995443  -0.38229912590252002058   0.0060853341           )	-0.70999298985645 -1.4639913256675463e-7 1.4042291255521788e-7
1515	(   0.70999328985645004941   0.50405314942310996962  -0.38229929251780997435   0.00606662280000000009 )	-0.70999328985645 -4.519823226523112e-7 5.183058776954842e-7
1516	(   0.70999309839375002174   0.50405307393127996018  -0.38229883853729001997   0.00608708699999999971 )	-0.70999309839375 1.0918199466747325e-7 7.320733164515621e-8
1517	(   0.70999342400565002009   0.50405367393127997744  -0.38229797644160001813   0.00609234569999999968 )	-0.70999342400565 8.759240844591343e-7 -1.284761415435405e-7
1518	(   0.70999326140086005399   0.50405357393128003007  -0.38229938585429001918   0.00607403740000000015 )	-0.70999326140086 -5.5806528259649824e-8 -3.66269865857352e-8
1519	(   0.70999375042219003973   0.5040550739312800177   -0.38230102780529001683   0.00603488859999999974 )	-0.70999375042219 -5.507763707612856e-7 -3.6817312736630507e-7
1520	(   0.70999521748617999695   0.50405957393127998056  -0.38230595365829000976   0.00591744220000000026 )	-0.70999521748618 -2.0357243627755484e-6 -1.3812002222787854e-6
1521	(   0.70999361678419004029   0.50405367896627994995  -0.38229916543629000047   0.0061348886           )	-0.70999361678419 -3.19676522003709e-7 -3.7995011903933004e-7
1522	(   0.70999321587019004198   0.50404949407127996874  -0.38229357832929000693   0.00643488859999999992 )	-0.70999321587019 3.735809468718987e-7 -5.352808801184405e-7
1523	(   0.70999351865618998136   0.50405091544928004588  -0.38229520833628999332   0.00633488859999999966 )	-0.70999351865619 9.077916013344733e-8 -2.4972905683096205e-7
1524	(   0.70999322427219002662   0.5040426248982800006   -0.38228333703629002738   0.00693488860000000037 )	-0.70999322427219 1.3219580562995326e-6 -3.390657540765522e-7
1525	(   0.70999551865619003888   0.50405060424928005425  -0.38229428353629002491   0.00629983859999999965 )	-0.70999551865619 -2.5378817769816653e-6 3.344296206229704e-6
1526	(   0.70999151865619003487   0.50405122664928003751  -0.38229613313629001725   0.00636993859999999967 )	-0.70999151865619 2.719421346747408e-6 -3.8462033247355375e-6
1527	(   0.70999334557019000425   0.50404418624928004622  -0.38227520833628997332   0.00619676860000000027 )	-0.70999334557019 8.914740608628735e-6 7.964563589268706e-6
1528	(   0.70999369174218995848   0.50405764464928004553  -0.38231520833629001332   0.00647300859999999992 )	-0.70999369174219 -8.73398241585388e-6 -8.502175911889623e-6
1529	(   0.70999340447118997055   0.50404647614927999832  -0.3823068062362899866    0.00583488860000000008 )	-0.70999340447119 -1.3043619749603108e-5 1.0112318336311305e-5
1530	(   0.70999363284118999218   0.50405535474927998241  -0.38228361043629000005   0.00683488860000000011 )	-0.70999363284119 1.3224908991776863e-5 -1.1111776423883007e-5
1531	(   0.7099936003221900549    0.50404091544927998036  -0.38230464473629000022   0.00669248860000000011 )	-0.70999360032219 -1.7247792144681195e-5 5.207645524604927e-6
1532	(   0.70999343699019001885   0.50406091544928000037  -0.38228577193628998643   0.00597728860000000008 )	-0.70999343699019 1.7429172345040378e-5 -5.962859144722143e-6
1533	(   0.70999451865619001012   0.50405002068327997566  -0.3822936446362900087    0.0062045885999999998  )	-0.70999451865619 -1.1206737700886205e-6 3.698918859664867e-6
1534	(   0.70999251865618995261   0.50405181021528000507  -0.38229677203628997795   0.00646518860000000039 )	-0.70999251865619 1.3022229401471463e-6 -4.232331153371051e-6
1535	(   0.70999263785018995598   0.50404728251527997074  -0.38228885943628998501   0.0061348886           )	-0.70999263785019 2.6441298899282373e-6 4.626428056647724e-6
1536	(   0.70999439946219000674   0.50405454838328000999  -0.38230155723629000164   0.00653488860000000019 )	-0.70999439946219 -2.4626554917250854e-6 -5.205884618550939e-6
1537	(   0.70999368600918999483   0.50404591544928001312  -0.38229641463628999398   0.00643540860000000031 )	-0.70999368600919 -6.084631095498727e-6 3.7042397872631965e-6
1538	(   0.70999335130318996789   0.50405591544927996761  -0.38229400203628999266   0.00623436859999999989 )	-0.70999335130319 6.266186386105765e-6 -4.223906385658873e-6
1539	(   0.70999337704719001074   0.50405033137527999187  -0.38230520833629000332   0.00624982860000000001 )	-0.70999337704719 -7.925147668536026e-6 1.203718063943499e-6
1540	(   0.70999366026518995199   0.50405149952327998886  -0.38228520833628998332   0.00641994860000000018 )	-0.70999366026519 8.106505903326955e-6 -1.7176465446153624e-6
1541	(   0.70999401865619005125   0.50405018158928005523  -0.38229543318928999041   0.00639478860000000041 )	-0.70999401865619 -1.5711380667582375e-6 4.316170476567952e-7
1542	(   0.7099930186561900225    0.50405164930928003653  -0.38229498348328999624   0.00627498859999999978 )	-0.70999301865619 1.7526952208468671e-6 -9.382506811632632e-7
1543	(   0.70999321492500999664   0.50404891544927998837  -0.38229582113129001453   0.0063741186           )	-0.70999321492501 -1.9184343189038167e-6 8.204023445646295e-7
1544	(   0.70999382238736996609   0.50405291544927999237  -0.38229459554129002763   0.00629565860000000019 )	-0.70999382238737 2.0999914951413956e-6 -1.3229382595075011e-6
1545	(   0.70999370470937994693   0.50404966027027997555  -0.38229483296328997666   0.00623488860000000027 )	-0.70999370470938 -1.1587565582060755e-6 2.526620815816441e-6
1546	(   0.7099933326030000158    0.50405217062828000518  -0.38229558370929000999   0.00643488859999999992 )	-0.709993332603 1.3403144492052377e-6 -3.046078860200465e-6
1547	(   0.70999353718052005124   0.50405103742727996874  -0.38230020833629002608   0.00632492859999999983 )	-0.70999353718052 -3.6382337569029755e-6 -2.193109685996245e-7
1548	(   0.70999350013186002251   0.50405079347128001199  -0.38229020833629001608   0.00634484860000000036 )	-0.70999350013186 3.8197420755003986e-6 -2.803455473741385e-7
1549	(   0.70999371865618998712   0.5040505399082799709   -0.38229527300929000422   0.00635044180000000034 )	-0.70999371865619 -6.366647632427558e-7 2.1251190991449995e-7
1550	(   0.70999357490209002997   0.50405080983628003377  -0.38229460049029001523   0.00628488859999999996 )	-0.70999357490209 3.648598886907273e-7 5.667412552553316e-7
1551	(   0.70999346241029004378   0.50405102106227994696  -0.38229581618229002693   0.00638488860000000023 )	-0.70999346241029 -1.8330232112728773e-7 -1.0711993623669576e-6
1552	(   0.70999331865618997561   0.50405129099028000983  -0.38229514366328998243   0.00631933539999999985 )	-0.70999331865619 8.182229047082323e-7 -7.124537475898445e-7
1553	(   0.70999355619602000367   0.50405126294928004338  -0.38229720833628999532   0.00632049680000000037 )	-0.70999355619602 -1.147676124663155e-6 -3.6178920778453123e-7
1554	(   0.70999348111635995906   0.50405056794928004837  -0.38229320833628999132   0.00634928039999999982 )	-0.70999348111636 1.3292264390007968e-6 -1.380831509163326e-7
1555	(   0.70999344792054996933   0.50404991544928001712  -0.38229597277228999364   0.00632938779999999996 )	-0.70999344792055 -1.3867303192693914e-6 7.194909078954949e-7
1556	(   0.7099935893918299934    0.50405191544927996361  -0.38229444390028999301   0.00634038940000000023 )	-0.70999358939183 1.5682874494604704e-6 -1.2190095290556889e-6
1557	(   0.70999361865619003975   0.50405077749571003398  -0.38229508050228999672   0.0063346323000000003  )	-0.70999361865619 -1.006610352016768e-7 3.347042517498806e-8
1558	(   0.70999391865618999287   0.5040503636349999983   -0.38229469700029000689   0.00633386339999999961 )	-0.70999391865619 -6.749820727347533e-7 8.830682027096592e-7
1559	(   0.70999359762216995851   0.5040507969087100193   -0.38229500721629000592   0.00635463230000000035 )	-0.70999359762217 6.594889773170465e-9 -2.69595906407478e-7
1560	(   0.70999346656727002625   0.50405091786070999049  -0.38229708050228999872   0.00633371110000000015 )	-0.70999346656727 -1.2594804672527715e-6 -3.111887990607062e-7
1561	(   0.70999363969021000997   0.50405075808271004867  -0.38229515378828998751   0.00631463230000000025 )	-0.70999363969021 -2.0791697266653308e-7 3.357367575346017e-7
1562	(   0.709993418656190034     0.50405121652671003307  -0.38229342309329000793   0.00633175109999999965 )	-0.70999341865619 1.90806030989088e-6 -6.530635984517701e-7
1563	(   0.7099936863316600455    0.50405177749570995172  -0.38229531629428997741   0.0063350422           )	-0.70999368633166 6.167108825561041e-7 -8.756245660093717e-7
1564	(   0.709993550980720034     0.50404977749571000523  -0.38229484471029001602   0.00633422239999999973 )	-0.70999355098072 -8.180330837992411e-7 9.425650896492126e-7
1565	(   0.70999377074511005326   0.50405063713070996645  -0.38229308050228999472   0.00633555349999999958 )	-0.70999377074511 1.058150298188787e-6 3.781279985991284e-7
1566	(   0.7099938186561900455    0.50405033846471003489  -0.3822967379112899855    0.00633751350000000008 )	-0.70999381865619 -2.1093880446243496e-6 7.199879261109312e-7
1567	(   0.70999368537220997055   0.50405092928935002483  -0.38229481783029001241   0.00634463229999999989 )	-0.70999368537221 1.5107612980069796e-7 -1.5037995958098002e-7
1568	(   0.709993885520269985     0.50405138467026999738  -0.38229402981429000397   0.0063746323000000004  )	-0.70999388552027 9.062866826725635e-7 -7.031310600030905e-7
1569	(   0.7099934853722099648    0.50405049122235001668  -0.38229592838129000665   0.00635702889999999968 )	-0.70999348537221 -8.336533532660173e-7 -1.5376780692985542e-7
1570	(   0.7099937894689299922    0.50404992928934999608  -0.38229423980629001489   0.00635246990000000022 )	-0.70999378946893 -5.643957373402397e-7 8.979212708765027e-7
1571	(   0.7099938853722099763    0.50405136735635003298  -0.38229370727929001816   0.0063322357000000001  )	-0.70999388537221 1.1358029757824184e-6 -1.4729938356814506e-7
1572	(   0.70999383850412001173   0.5040512646993500212   -0.38229681783029001441   0.0063561618000000002  )	-0.70999383850412 -1.2742744597560307e-6 -4.147783633577285e-7
1573	(   0.7099935812754899489    0.50405192928935005359  -0.38229539585429000992   0.00633679470000000043 )	-0.70999358127549 8.665472825131193e-7 -1.1988040242256272e-6
1574	(   0.70999353224030004039   0.50405059387935002846  -0.38229281783029001041   0.00633310279999999958 )	-0.7099935322403 1.5764186192812613e-6 1.1375263252872537e-7
1575	(   0.70999369428598002596   0.50405034746035004556  -0.38229629283528998585   0.00632463229999999984 )	-0.70999369428598 -1.5720086362080998e-6 6.97491773382511e-7
1576	(   0.70999367645844002617   0.5040515111183500041   -0.38229334282528998346   0.00636463229999999994 )	-0.70999367645844 1.8741565440405505e-6 -9.990516922114059e-7
1577	(   0.70999378537221002894   0.50405088704819001055  -0.38229480657029002444   0.00634400539999999992 )	-0.70999378537221 -3.378308244261774e-8 4.181445461253218e-8
1578	(   0.70999408537220998205   0.50405076032470996772  -0.38229477279029000503   0.0063421247           )	-0.70999408537221 -5.883609758561281e-7 6.183931007207774e-7
1579	(   0.70999388366009996698   0.50405072409993001425  -0.38229410956428999668   0.00633400540000000033 )	-0.7099938836601 1.8755352523824875e-7 4.7111041431479927e-7
1580	(   0.70999368708431997987   0.50405104999645000685  -0.38229550357628999668   0.00635400540000000038 )	-0.70999368708432 -2.5512070270239384e-7 -3.8768148599389933e-7
1581	(   0.70999392430279995025   0.50405112083127001643  -0.38229580657028999768   0.00633892539999999973 )	-0.7099939243028 -7.746917097539718e-7 6.974039328920821e-8
1582	(   0.70999398537221003469   0.5040505554747599648   -0.38229478800028998675   0.00635121039999999963 )	-0.70999398537221 -6.53612874074172e-7 5.659164089595055e-7
1583	(   0.7099936464416199966    0.50405065326511000467  -0.38229380657028999568   0.00634908540000000011 )	-0.70999364644162 7.071234628674983e-7 1.3836941549581067e-8
1584	(   0.70999387119096002419   0.50405138704818996942  -0.38229419798829000765   0.00634709700000000033 )	-0.70999387119096 8.017505837287775e-7 -3.755597917989365e-7
1585	(   0.70999358537221002319   0.50405121862161994528  -0.38229482514029000662   0.00633680040000000021 )	-0.70999358537221 5.860465380480573e-7 -4.823912437373518e-7
1586	(   0.70999369955346003369   0.50405038704819005169  -0.38229541515228998572   0.00634091380000000038 )	-0.70999369955346 -8.69317520746371e-7 4.59169599808837e-7
1587	(   0.70999380138617995684   0.5040508562866300446   -0.3822948774134800054    0.00634900539999999972 )	-0.70999380138618 -1.4292811797989025e-7 3.1850599084013505e-8
1588	(   0.70999376935823999002   0.50405091780974997651  -0.38229473572709998797   0.00633900540000000012 )	-0.70999376935824 7.536194215895797e-8 5.1728310474127815e-8
1589	(   0.7099938853722099763    0.50405069495612997432  -0.38229447172785002707   0.00634294049700000022 )	-0.70999388537221 -1.2108557673196074e-7 3.8941564836239377e-7
1590	(   0.7099938853722099763    0.50405098134574000124  -0.38229524895409999763   0.00634294049700000022 )	-0.70999388537221 -4.2895516808028056e-7 1.030260383354779e-7
1591	(   0.70999382445027003907   0.5040510870481900163   -0.38229434597465999923   0.00634511414299999965 )	-0.70999382445027 4.592866211794444e-7 -1.1676415688982112e-7
1592	(   0.70999368537220997055   0.50405107914025004678  -0.38229514141273002181   0.00634507030299999962 )	-0.70999368537221 5.351914519891032e-8 -3.057889874121515e-7
1593	(   0.70999368537220997055   0.50405079275064001987  -0.38229436418647999574   0.00634507030299999962 )	-0.70999368537221 3.613885694031538e-7 -1.9399377385235605e-8
1594	(   0.70999374629415001881   0.5040506870481900048   -0.38229526716591999413   0.00634289665700000019 )	-0.70999374629415 -5.268532167757023e-7 2.0039061049041625e-7
1595	(   0.70999376395852997756   0.50405092294304998379  -0.38229485720173000951   0.00634200539999999965 )	-0.70999376395853 -4.217157623109813e-9 8.84457115354995e-10
1596	(   0.70999369971749004549   0.50405103062763001454  -0.38229500909605002024   0.00633600539999999973 )	-0.70999369971749 8.448057375876061e-8 -1.2195352938100404e-7
1597	(   0.70999376800578994917   0.50405092813083995917  -0.38229481386748997984   0.00634700540000000032 )	-0.70999376800579 2.7982980876917196e-8 -6.200132814222715e-8
1598	(   0.70999375991127000596   0.50405091775526000841  -0.38229490053596998367   0.00633700539999999986 )	-0.70999375991127 -3.641729998116183e-8 6.37202424839424e-8
1599	(   0.70999373925878994651   0.50405112294304998954  -0.38229512166347001667   0.00634215489300000036 )	-0.70999373925879 3.093080550020666e-8 -2.3608505820057058e-7
1600	(   0.70999378865827000862   0.50405072294304997804  -0.38229459273999000235   0.00634185590699999982 )	-0.70999378865827 -3.9365263382329374e-8 2.3785392906721878e-7
1601	(   0.70999386395853003595   0.50405105112351999974  -0.38229448825822998081   0.00634140015799999988 )	-0.70999386395853 2.548262166557347e-7 2.2379279816410057e-8
1602	(   0.7099936639585300302    0.50405079476257996784  -0.38229522614522998269   0.0063426106420000003  )	-0.70999366395853 -2.6326084703875985e-7 -2.0611077904392867e-8
1603	(   0.70999367030405002854   0.50405098280093996177  -0.38229435720172999513   0.00634172276300000014 )	-0.70999367030405 5.795665029006969e-7 -1.8837672667258845e-7
1604	(   0.70999385761301003761   0.50405086308516000582  -0.38229535720173002389   0.00634228803700000003 )	-0.70999385761301 -5.880013558279273e-7 1.9014549889950555e-7
1605	(   0.70999381395853000676   0.50405096593980003306  -0.38229476402719997363   0.00634292584899999977 )	-0.70999381395853 3.440619383843213e-8 1.721125382552559e-8
1606	(   0.70999371395852994837   0.50405087994630004555  -0.38229495037625998988   0.00634108495100000041 )	-0.70999371395853 -4.284053709002755e-8 -1.544402905154983e-8
1607	(   0.70999376797584001775   0.50405102294305004218  -0.38229496807709001382   0.00634091008900000003 )	-0.70999376797584 4.933398994877436e-9 -7.95192759143047e-8
1608	(   0.7099937599412200484    0.50405082294305003643  -0.3822947463263700052    0.00634310071100000015 )	-0.70999375994122 -1.3367739026826087e-8 8.128579084364893e-8
1609	(   0.70999373706723001298   0.50405096813946004275  -0.38229490731341997378   0.00634400539999999992 )	-0.70999373706723 4.333136419121253e-8 -1.0786928434665101e-7
1610	(   0.70999379084983005317   0.50405087774664003586  -0.38229480709003998973   0.00634000540000000026 )	-0.70999379084983 -5.176568765308254e-8 1.0963020013165099e-7
1611	(   0.70999373656978004288   0.50405096897552004176  -0.38229465720173000376   0.00634150120099999989 )	-0.70999373656978 2.3615249258868154e-7 -7.764468413901907e-8
1612	(   0.70999379134728002327   0.50405087691058003685  -0.38229505720173001526   0.00634250959900000029 )	-0.70999379134728 -2.445868912404059e-7 7.941309160178195e-8
1613	(   0.70999375991503999028   0.50405091755236997031  -0.38229482716264001629   0.00634100540000000039 )	-0.70999375991504 1.947460312456961e-8 1.3216442595422094e-8
1614	(   0.70999376800201996485   0.50405092833372999728  -0.38229488724082000273   0.00634300539999999979 )	-0.70999376800202 -2.7908920369190682e-8 -1.1449528253702139e-8
1615	(   0.70999374395852998809   0.50405092433897003001  -0.3822948372988900223    0.00634226435100000013 )	-0.70999374395853 4.2641736558435284e-8 -3.219581737432149e-8
1616	(   0.70999378395852996704   0.50405092154713004859  -0.38229487710456999672   0.00634174644900000004 )	-0.70999378395853 -5.107605427490114e-8 3.396459827093251e-8
1617	(   0.7099937634203300485    0.50405097294305001299  -0.38229486743204998955   0.00634187229599999982 )	-0.70999376342033 3.8774750243941725e-8 -4.8191505175029846e-8
1618	(   0.70999376449673001765   0.5040508729430499546   -0.38229484697140997396   0.00634213850400000036 )	-0.70999376449673 -4.720906601751729e-8 4.996038430543989e-8
1619	(   0.70999375869766001568   0.50405091592938000566  -0.38229495720173001239   0.00634177331300000025 )	-0.70999375869766 -7.97339352598403e-8 3.3714975874326886e-9
1620	(   0.70999376921940005047   0.50405092995671996192  -0.38229475720173000663   0.00634223748699999992 )	-0.7099937692194 7.129959961327259e-8 -1.6026907524231042e-9
1621	(   0.70999377395853002781   0.50405092092321002184  -0.38229482838708001013   0.00634191350608000019 )	-0.70999377395853 6.716519007632371e-10 1.8269747604209724e-8
1622	(   0.7099937623361900485    0.50405092090131997651  -0.38229482807486997453   0.00634250540000000015 )	-0.70999376233619 1.8464630630044e-8 -5.7197707283951175e-9
1623	(   0.70999375395853003834   0.50405092496288994575  -0.38229488601638000889   0.00634209729391999998 )	-0.70999375395853 -9.10596950620679e-9 -1.6500849818407235e-8
1624	(   0.70999376483650000758   0.50405094294304997327  -0.38229485467189999737   0.00634204882779000004 )	-0.7099937648365 1.6389393536764274e-8 -1.8419676801678057e-8
1625	(   0.70999376558087001765   0.50405092498477999108  -0.38229488632858998898   0.00634150540000000002 )	-0.70999376558087 -2.6898947819153918e-8 7.488185181131382e-9
1626	(   0.70999376308055994755   0.50405090294304999432  -0.38229485973156002165   0.00634196197221000013 )	-0.70999376308056 -2.4823709005028505e-8 2.0188587371450662e-8
1627	(   0.70999375700167999259   0.50405092434822995617  -0.38229480720172998032   0.00634166128570000029 )	-0.70999375700168 4.593816485543023e-8 -6.03473190218868e-9
1628	(   0.70999377091537996254   0.50405092153787001141  -0.38229490720172998319   0.00634234951429999989 )	-0.70999377091538 -5.4372485430720374e-8 7.803409525622201e-9
1629	(   0.70999376378236001006   0.50405092317879995889  -0.38229485694574000254   0.00634180539999999997 )	-0.70999376378236 -3.5192632141800573e-9 2.935310184605728e-9
1630	(   0.70999376413469994507   0.5040509227073000087   -0.38229485745772001648   0.0063422054000000002  )	-0.7099937641347 -4.915052170817447e-9 -1.1664758428923602e-9
1631	(   0.70999376895852994718   0.50405092806253004589  -0.3822948644668400231    0.00634199983694999983 )	-0.70999376895853 -1.2213873218369642e-8 2.9354764463922385e-9
1632	(   0.70999375895853000795   0.50405091782357003272  -0.38229484993661999592   0.00634201096305000035 )	-0.70999375895853 3.779557777860987e-9 -1.1665622775969687e-9
1633	(   0.70999376239067002459   0.50405093294305003404  -0.38229484634332000503   0.00634201371451000029 )	-0.70999376239067 1.6456103812956258e-8 -1.1447345894225087e-8
1634	(   0.70999376119923995887   0.50405092663539996511  -0.38229487720172999898   0.00634200847001000021 )	-0.70999376119924 -1.1643801395289088e-8 -6.764990269521581e-9
1635	(   0.70999376671781999626   0.50405091925070000247  -0.38229483720173002004   0.00634200232998999996 )	-0.70999376671782 3.2094852053798917e-9 8.533904592381979e-9
1636	(   0.70999376552639004156   0.50405091294305004457  -0.38229486806014001399   0.00634199708548999989 )	-0.70999376552639 -2.4890419447753942e-8 1.3216260097680945e-8
1637	(   0.70999376463508001578   0.50405092794304995341  -0.38229485362991999509   0.00634199921408000033 )	-0.70999376463508 2.4906828266502146e-9 -3.0763879798917804e-9
1638	(   0.7099937666647300194    0.50405094294304997327  -0.38229484291449000732   0.00634198065631999975 )	-0.70999376666473 2.2614204397974902e-8 -1.4958924057851858e-8
1639	(   0.70999376883139997396   0.50405093664891997829  -0.38229485983831001938   0.00634209921407999973 )	-0.7099937688314 1.0369846648039527e-10 -7.0919457762644105e-9
1640	(   0.70999378142035995953   0.50405096276653005294  -0.38229487846347998126   0.00634239921407999969 )	-0.70999378142036 -7.057255668740936e-9 -1.913873894335592e-8
1641	(   0.70999377883140002421   0.50405093376432996699  -0.38229481642008000808   0.00634228765736000004 )	-0.7099937788314 1.529350404649854e-8 7.60223226585504e-9
1642	(   0.70999376752539999913   0.50405091664891998882  -0.3822948655087399783    0.00634211722490999989 )	-0.7099937675254 -2.2256824994126845e-8 1.0825097285493144e-8
1643	(   0.70999375883140003474   0.50405093953350998959  -0.38229490325653997518   0.0063419107708000003  )	-0.7099937588314 -1.5086111498918697e-8 -2.1786194507064465e-8
1644	(   0.70999377013739994879   0.50405095664891996776  -0.38229485416788000496   0.00634208120324999958 )	-0.7099937701374 2.2464221816065333e-8 -2.5008989486801768e-8
1645	(   0.70999377883140002421   0.50405093376432996699  -0.38229488120638999149   0.00634196130595999965 )	-0.7099937788314 -3.4241441126958705e-8 1.1741754672987034e-8
1646	(   0.70999376739004005366   0.504050933327049977    -0.38229480983830999019   0.00634194040046000013 )	-0.70999376739004 3.71910423013766e-8 -3.8023906598762085e-9
1647	(   0.70999377027276000529   0.50405093997078997958  -0.38229490983830999307   0.0063422580277000002  )	-0.70999377027276 -3.6983650503197296e-8 -1.0381551225173153e-8
1648	(   0.70999375883140003474   0.50405093953350998959  -0.38229483847022999177   0.00634223712219999982 )	-0.7099937588314 3.444883650560726e-8 -2.5925683929750934e-8
1649	(   0.70999377064705004869   0.5040509336134399998   -0.38229486054754002744   0.00634199921408000033 )	-0.70999377064705 -6.219810888552502e-9 -2.0985552404433234e-10
1650	(   0.70999377609400005085   0.50405092450699995332  -0.3822948626752299961    0.00634169921408000038 )	-0.709993776094 -2.519033884262889e-8 2.043629523263156e-8
1651	(   0.70999378064704998792   0.50405094414716999918  -0.3822948518062599943    0.00634193779598000041 )	-0.70999378064705 -4.125322944359411e-9 4.235313285921459e-9
1652	(   0.70999381064705002764   0.5040509757483599973   -0.38229482558242000589   0.00634175354167999979 )	-0.70999381064705 2.158137335506183e-9 1.7570775670891622e-8
1653	(   0.70999390064705003578   0.50405107055192999166  -0.38229474691089998517   0.00634120077877999965 )	-0.70999390064705 2.1008486894569245e-8 5.757676631020452e-8
1654	(   0.70999376064704999845   0.50405092708730003803  -0.38229491784204999716   0.00634150856768000027 )	-0.70999376064705 -4.1430013031362733e-8 -1.6604735164296334e-9
1655	(   0.70999386064704994581   0.50405102440941995656  -0.38229473332279001463   0.00634199851568000017 )	-0.70999386064705 4.574626022435524e-8 3.680190971865944e-8
1656	(   0.70999376968450000902   0.50405093588272997795  -0.38229474231006999041   0.00634275354167999992 )	-0.7099937696845 8.790825817284187e-8 -1.3414413604352323e-8
1657	(   0.70999385160960004626   0.50405101561399001664  -0.38229490885477002138   0.00634075354167999965 )	-0.7099938516096 -8.359200454055582e-8 4.8553968387834935e-8
1658	(   0.70999379497180004073   0.50405107574835994466  -0.38229485450627997967   0.00634213621468000029 )	-0.7099937949718 1.0374851919237038e-7 -1.0954166711359646e-7
1659	(   0.70999377832956001022   0.50405101561399001664  -0.38229474999862000928   0.00634075354167999965 )	-0.70999377832956 1.4868723871575007e-7 -5.55027819395954e-8
1660	(   0.70999384296454004506   0.50405093588272997795  -0.38229490116622000251   0.00634275354167999992 )	-0.70999384296454 -1.443709799764381e-7 9.064233550183269e-8
1661	(   0.70999382632230001455   0.50405087574836004993  -0.38229479665855997661   0.00634137086868000015 )	-0.7099938263223 -9.943224721364885e-8 1.446829261332372e-7
1662	(   0.70999379064705003817   0.50405096941579996539  -0.3822948524138100046    0.00634145625433000029 )	-0.70999379064705 5.55604526275566e-9 -7.258584619932004e-10
1663	(   0.70999373064704995873   0.50405095041811998069  -0.38229493290798000071   0.00634056439228000007 )	-0.70999373064705 1.574975044826843e-8 -5.561681686592682e-8
1664	(   0.70999380828017000233   0.5040510244219299496   -0.38229488277555001563   0.00634045625433000016 )	-0.70999380828017 1.0681798945366694e-8 -1.801126424685152e-8
1665	(   0.70999377301392996298   0.50405091440966998118  -0.38229482205206999357   0.00634245625433000042 )	-0.70999377301393 4.30288554786884e-10 1.6557547877984623e-8
1666	(   0.70999384064704995634   0.50405100411585002096  -0.38229487156719998975   0.00634205794132999996 )	-0.70999384064705 -5.0002072510269e-8 2.7941967361735226e-8
1667	(   0.70999377772026994737   0.5040509604445999603   -0.38229495241381000747   0.00634161934933000042 )	-0.70999377772027 -6.03253079711763e-8 -1.2179071721046602e-8
1668	(   0.70999380357383001794   0.50405097838699997048  -0.38229475241381000172   0.00634129315933000016 )	-0.70999380357383 7.143737790205051e-8 1.0727301819154122e-8
1669	(   0.70999374064705000897   0.50405093471575002084  -0.38229483326042001945   0.00634085456732999975 )	-0.70999374064705 6.11141519057945e-8 -2.9394403566239207e-8
1670	(   0.70999381705028996592   0.50405086941580001803  -0.38229486252804001367   0.00634112313032999999 )	-0.70999381705029 -1.4210611376519466e-7 1.4099128656833534e-7
1671	(   0.70999376424380999939   0.50405106941580002378  -0.38229484229957999553   0.00634178937832999973 )	-0.70999376424381 1.5321820129310382e-7 -1.42443224214261e-7
1672	(   0.70999380812617995939   0.50405097257015996082  -0.38229481413237997867   0.00634195625432999992 )	-0.70999380812618 1.1546764627778927e-8 1.459822300313386e-8
1673	(   0.70999377316792000592   0.50405096626143996996  -0.38229489069523997502   0.00634095625432999979 )	-0.70999377316792 -4.346781268260713e-10 -1.60504394830155e-8
1674	(   0.70999379469985002267   0.50405097014718003301  -0.38229490241380997828   0.00634175005794000018 )	-0.70999379469985 -3.807100465436086e-8 5.713153166089151e-10
1675	(   0.70999381064705002764   0.50405096853346997854  -0.38229486312178001528   0.00634110181592999981 )	-0.70999381064705 -3.3758960266139226e-8 3.305140910973478e-8
1676	(   0.70999378659425005367   0.50405096868442000879  -0.38229480241380997541   0.0063411624507200004  )	-0.70999378659425 4.918309023937972e-8 -2.0232049927345155e-9
1677	(   0.70999377064705004869   0.50405097029812995224  -0.38229484170583999392   0.00634181069272999991 )	-0.70999377064705 4.487104887651583e-8 -3.450337650970527e-8
1678	(   0.70999379093093994975   0.50405091941580004722  -0.38229485179204997225   0.00634147683480000036 )	-0.70999379093094 -4.4397882592583926e-8 4.9416240936113226e-8
1679	(   0.70999379036316001557   0.50405101941579999458  -0.38229485303556998144   0.00634143567386000022 )	-0.70999379036316 5.550997342340658e-8 -5.086795892924494e-8
1680	(   0.70999380064704997739   0.50405097794300002256  -0.38229485598596002482   0.00634135057379999964 )	-0.70999380064705 -3.7707194588954e-9 6.2871430590651935e-9
1681	(   0.70999383064705001711   0.50405100352459997204  -0.38229486670240997448   0.00634103353221000029 )	-0.70999383064705 -3.1751016676961896e-8 2.7326015378055968e-8
1682	(   0.70999382064704996687   0.50405101867224999523  -0.38229488089326002509   0.0063415006108200004  )	-0.70999382064705 -1.233080806906095e-8 -7.945251671838893e-9
1683	(   0.70999388064705004631   0.50405114086000002427  -0.38229495561516002589   0.00634195072188000007 )	-0.70999388064705 -3.8011091718637147e-8 -5.0642701223832466e-8
1684	(   0.70999381901846003728   0.50405100730639995632  -0.38229485537134000328   0.00634250061081999966 )	-0.70999381901846 -1.7199863200367815e-9 -1.1575980428435754e-8
1685	(   0.7099938141326900265    0.5040509732088499506   -0.38229477880557999336   0.00634550061082000006 )	-0.70999381413269 3.0112471322008005e-8 -2.2480167031333387e-8
1686	(   0.70999382394068000224   0.50405089957342996687  -0.38229465537133999753   0.00634185132382000024 )	-0.70999382394068 3.6021202104441485e-8 1.1138226591668769e-7
1687	(   0.70999386901845995546   0.50405099048472001844  -0.382294881380289997     0.00634258504681999968 )	-0.70999386901846 -1.1404153113514504e-7 7.517400587755258e-8
1688	(   0.70999381409623996131   0.50405111503936994577  -0.38229505537134000903   0.00634314989781999995 )	-0.70999381409624 -3.946125473608397e-8 -1.3453507003181593e-7
1689	(   0.70999376901846000809   0.50405102412808000523  -0.38229482936239000956   0.00634241617481999965 )	-0.70999376901846 1.1060154680997414e-7 -9.832597633036548e-8
1690	(   0.70999381660206994926   0.50405094380495996109  -0.38229495355448001037   0.00634050061082000026 )	-0.70999381660207 -1.3663701148303176e-7 7.386021794341031e-8
1691	(   0.70999382143485001428   0.50405107080783995155  -0.38229475718819999619   0.00634450061081999993 )	-0.70999382143485 1.3319701963609987e-7 -9.702017891131959e-8
1692	(   0.7099938114079400453    0.50405080730639995057  -0.38229492751656002358   0.00634350450982000026 )	-0.70999381140794 -2.453722956208271e-7 1.6488170752540493e-7
1693	(   0.70999382662898002927   0.50405120730639996207  -0.38229478322611998298   0.00634149671181999993 )	-0.70999382662898 2.4193231223934575e-7 -1.880356837866468e-7
1694	(   0.70999383901846002676   0.50405104343036000181  -0.38229488799465999316   0.00634210859881999961 )	-0.70999383901846 -2.0784956367148055e-8 -1.4327668343674309e-8
1695	(   0.70999379901846004781   0.50405097118244002186  -0.3822948227480200134    0.00634289262281999972 )	-0.70999379901846 1.734497995231621e-8 -8.824599193883091e-9
1696	(   0.70999381430368002643   0.50405097099139994921  -0.38229484768075000511   0.0063415006108200004  )	-0.70999381430368 -2.5024802841056015e-8 3.0728091522678536e-8
1697	(   0.70999382373324004813   0.50405104362139996343  -0.38229486306193000145   0.0063435006108199998  )	-0.70999382373324 2.1584829867915545e-8 -5.388205226854008e-8
1698	(   0.70999381520321003247   0.5040509779199300322   -0.38229495537134000616   0.00634257539181999966 )	-0.70999381520321 -1.0179573525781471e-7 1.1444279020315039e-8
1699	(   0.7099938228337100421    0.50405103669286999146  -0.3822947553713400004    0.00634242582981999967 )	-0.70999382283371 9.835574257821555e-8 -3.4596251061585765e-8
1700	(   0.70999382962015999965   0.50405090730640000896  -0.38229483419389997945   0.00634275508581999981 )	-0.70999382962016 -1.0156060598065508e-7 1.0025022211790336e-7
1701	(   0.7099938084167599639    0.50405110730640001471  -0.38229487654878002711   0.00634224613582000038 )	-0.70999380841676 9.812063211933619e-8 -1.2340231248983945e-7
1702	(   0.7099938197039700194    0.50405101138609997857  -0.38229486747002000557   0.00634200061082000003 )	-0.70999381970397 -7.92749135780646e-9 -8.340014158481643e-9
1703	(   0.70999382176049996573   0.50405102362520004533  -0.38229490376606001245   0.00634050061082000026 )	-0.7099938217605 -2.6550008414005788e-8 1.3648847624217562e-9
1704	(   0.70999380970396996915   0.50405100258456003726  -0.38229484664185997556   0.00634251917181999966 )	-0.70999380970397 1.431870216839215e-8 -2.031604786600894e-8
1705	(   0.70999382970396995862   0.50405102018764003091  -0.38229488829817998008   0.0063414820498200004  )	-0.70999382970397 -3.017368591096137e-8 3.635481627003133e-9
1706	(   0.70999382733770999288   0.50405096912822999755  -0.3822947674700200027    0.00634278416082000029 )	-0.70999382733771 1.4729298031257443e-8 3.4818509203577786e-8
1707	(   0.70999381207023004592   0.50405105364396995959  -0.38229496747002000845   0.00634121706081999977 )	-0.70999381207023 -3.058430109170729e-8 -5.1499765199700034e-8
1708	(   0.70999382152981005412   0.50405106138610000777  -0.38229484355194998102   0.00634259610182000017 )	-0.70999382152981 5.759884905143231e-8 -6.330090706800986e-8
1709	(   0.70999381735357003365   0.50405102439715998575  -0.3822947674700200027    0.00634123403782000002 )	-0.70999381735357 8.509698010139566e-8 -1.4965987843246957e-8
1710	(   0.70999381787812998468   0.50405096138609994938  -0.38229489138808997462   0.00634140511981999989 )	-0.70999381787813 -7.345383296053498e-8 4.6620169531986144e-8
1711	(   0.70999382205437000515   0.5040509983750399714   -0.38229496747002000845   0.00634276718382000004 )	-0.70999382205437 -1.0095198288428975e-7 -1.7152157420408294e-9
1712	(   0.70999381796726002136   0.5040510137604800045   -0.38229486649195998371   0.0063415006108200004  )	-0.70999381796726 -2.1789159643237355e-9 -6.838750225814582e-9
1713	(   0.70999381275713002726   0.50405102088361997126  -0.38229486355777997364   0.00634000061081999976 )	-0.70999381275713 1.5066810243880013e-8 -2.337958538810162e-9
1714	(   0.70999382796725996059   0.50405102042896998693  -0.38229486745327001529   0.00634144489682000011 )	-0.70999382796726 -1.1368170432790592e-8 1.3992536925953782e-9
1715	(   0.70999385796726000031   0.50405104043444004525  -0.382294870337199999     0.00634127775482000011 )	-0.70999385796726 -3.893593694681563e-8 2.611322997556943e-8
1716	(   0.70999383209108002379   0.50405103133013995365  -0.38229487556406999138   0.00634244489682000024 )	-0.70999383209108 -1.2904779661537802e-8 -1.633003242400505e-8
1717	(   0.7099938238434400084    0.50405100952780002022  -0.38229485934246998369   0.00634044489681999997 )	-0.70999382384344 -9.831561703643743e-9 1.9126540142257154e-8
1718	(   0.70999384796725995006   0.50405107329827003593  -0.38229484529147000904   0.00634125297181999982 )	-0.70999384796726 2.8200338897388377e-8 -2.0636166019111148e-8
1719	(   0.70999380796725997111   0.50405096755967004896  -0.38229488961507002154   0.00634163682182000039 )	-0.70999380796726 -5.093668242750482e-8 2.343460051104526e-8
1720	(   0.70999382878977002065   0.50405108763053996235  -0.38229491745326998897   0.00634120094382000041 )	-0.70999382878977 1.636004989813422e-8 -6.154039260424551e-8
1721	(   0.70999382714475001155   0.50405095322740001151  -0.3822948174532699861    0.0063416888498199998  )	-0.70999382714475 -3.909639603727477e-8 6.433878118534725e-8
1722	(   0.70999381260116001258   0.50405112042897004532  -0.38229483723094997982   0.00634159235382000027 )	-0.70999381260116 1.3497725276367945e-7 -1.2229062094779508e-7
1723	(   0.70999384333336001962   0.50405092042897003957  -0.38229489767558999525   0.00634129743981999994 )	-0.70999384333336 -1.5771359665461837e-7 1.2508908551198735e-7
1724	(   0.70999382546721001574   0.50405102136248003397  -0.38229486489420999584   0.00634094489681999961 )	-0.70999382546721 -4.6972696288172244e-9 3.256898502667217e-9
1725	(   0.70999381796705995917   0.50405102416300995305  -0.38229485721702999301   0.00633944489681999984 )	-0.70999381796706 1.5315432672080576e-8 8.826832932867616e-9
1726	(   0.70999382571999003488   0.50405102746506003086  -0.38229484843846001096   0.00633994489682000034 )	-0.70999382571999 1.3604934928634904e-8 1.0194152840162121e-8
1727	(   0.70999382521442999661   0.50405101525990003708  -0.38229488134995998072   0.00634194489681999974 )	-0.70999382521443 -2.2999474824647592e-8 -3.6823557238177215e-9
1728	(   0.70999382512131004042   0.50405101301167998251  -0.38229481489421002216   0.00634125340882000024 )	-0.70999382512131 2.5704509687418664e-8 7.203914533148923e-9
1729	(   0.70999382581310999107   0.50405102971327997441  -0.38229491489421002504   0.00634063638481999984 )	-0.70999382581311 -3.5099054190856904e-8 -6.903076650880899e-10
1730	(   0.70999380546721002627   0.50405102146208002889  -0.38229486549057001277   0.0063409285758200002  )	-0.70999380546721 2.5191832647708523e-8 -2.5035473184957275e-8
1731	(   0.70999384546721000522   0.50405102126288003905  -0.38229486429784997892   0.00634096121781999988 )	-0.70999384546721 -3.4586373653944236e-8 3.154927054571351e-8
1732	(   0.70999382542659994488   0.50405107136247995214  -0.38229485902357002169   0.00634110556482000032 )	-0.7099938254266 4.985277476943217e-8 -4.883836686013645e-8
1733	(   0.70999382550781997558   0.50405097136248000478  -0.3822948707648500255    0.00634078422881999976 )	-0.70999382550782 -5.9247314138088925e-8 5.535211223705092e-8
1734	(   0.70999382263127996939   0.50405102027045001201  -0.38229486960420000496   0.00634144489682000011 )	-0.70999382263128 -5.101807254437318e-9 -6.019252006035517e-9
1735	(   0.70999382830313995107   0.50405102245450994491  -0.38229486018421998672   0.00634044489681999997 )	-0.70999382830314 -4.292732030952706e-9 1.2532549011358396e-8
1736	(   0.70999382677517997031   0.50405102599954998421  -0.38229484489421000637   0.00634108752280999974 )	-0.70999382677518 1.3253585923189704e-8 -1.3316576749110363e-9
1737	(   0.7099938154672099655    0.50405101751179004488  -0.38229486003407997519   0.00634082645816000032 )	-0.70999381546721 1.0290782698207934e-8 -5.5902759994022936e-9
1738	(   0.70999383546720995497   0.50405102521317002306  -0.3822948697543400165    0.00634106333547999976 )	-0.70999383546721 -1.9685322316664866e-8 1.2104045060320199e-8
1739	(   0.70999382415923995016   0.50405101672540997271  -0.38229488489420998532   0.00634080227083000034 )	-0.70999382415924 -2.264812595798027e-8 7.845413995890985e-9
1740	(   0.70999382321353998737   0.50405104136248002344  -0.38229486863716999334   0.00634091820465000015 )	-0.70999382321354 1.5849067447337717e-8 -1.9604778603581237e-8
1741	(   0.70999382772088004412   0.5040510013624800445   -0.38229486115124999834   0.00634097158898999994 )	-0.70999382772088 -2.5243606815994468e-8 2.611857429498461e-8
1742	(   0.70999382903979002535   0.5040510313624799732   -0.38229486197036000039   0.00634075204095000018 )	-0.70999382903979 2.1355571755421465e-9 7.756578194342378e-10
1743	(   0.70999383975753005416   0.50405106136248001292  -0.38229485319881001404   0.00634017347334000017 )	-0.70999383975753 2.263403733882008e-8 -6.668510772935975e-9
1744	(   0.70999383833950002742   0.50405104099199005141  -0.38229484876343000632   0.00634125204094999981 )	-0.7099938383395 7.799242890405012e-9 -1.989380807243741e-9
1745	(   0.70999386623863003365   0.50405106988051995298  -0.38229480914264002411   0.00634275204094999958 )	-0.70999386623863 2.479029539981248e-8 -1.028749524398931e-8
1746	(   0.70999384226475004134   0.5040510396886499489   -0.38229484681846997995   0.00634025204094999968 )	-0.70999384226475 2.046946584455256e-9 1.756927001563132e-8
1747	(   0.70999383441425001351   0.5040510422953300429   -0.38229485070838997718   0.00634225204094999995 )	-0.70999383441425 1.3551539057576889e-8 -2.155003151908851e-8
1748	(   0.7099938583395000169    0.50405102674942003915  -0.38229482750952997749   0.00634147226394999979 )	-0.7099938583395 -2.0438290448954177e-8 3.785991549232822e-8
1749	(   0.70999384635647000419   0.50405103833001996261  -0.38229489876342998      0.00634129320095000015 )	-0.70999384635647 -4.5216067973141705e-8 1.1534574352053224e-8
1750	(   0.70999383319249997903   0.50405099099199002222  -0.38229485131376000906   0.00634122561595000002 )	-0.7099938331925 -3.6367040157081476e-8 4.103707703015505e-8
1751	(   0.70999381833950003795   0.50405105523455995264  -0.38229487001732997964   0.00634103181794999984 )	-0.7099938183395 3.603677350971779e-8 -4.183877321497538e-8
1752	(   0.70999383032253005066   0.50405104365396002919  -0.38229479876342997713   0.00634121088095000035 )	-0.70999383032253 6.081454839712563e-8 -1.551333913279052e-8
1753	(   0.70999384348649996479   0.50405109099198996958  -0.38229484621310000358   0.00634127846594999961 )	-0.7099938434865 5.196552585462477e-8 -4.501584004120335e-8
1754	(   0.70999384108702001672   0.50405103956462005144  -0.38229484007626002295   0.00634175204095000031 )	-0.70999384108702 8.858991124016669e-9 -3.0020683474259137e-9
1755	(   0.70999384932957998462   0.50405103528251005152  -0.38229481401475001734   0.00634325204095000008 )	-0.70999384932958 1.203823468687304e-8 -6.04313074591584e-9
1756	(   0.70999384138164001179   0.50405103931895001157  -0.3822948382173099735    0.00634075204095000018 )	-0.70999384138164 9.589108951324476e-9 1.034446256799516e-8
1757	(   0.70999384079240002166   0.50405103981029997229  -0.38229484193521001689   0.00634275204094999958 )	-0.7099938407924 8.128883066671477e-9 -1.6350609032801612e-8
1758	(   0.70999383609232002978   0.50405101956461995094  -0.38229487159100999927   0.00634173721195000015 )	-0.70999383609232 -2.7683508901921172e-8 1.009360278007626e-8
1759	(   0.7099938610870200062    0.5040510228872300269   -0.38229479380795999832   0.00634181141894999984 )	-0.70999386108702 -2.6876124936681123e-9 4.132195114994562e-8
1760	(   0.70999384608172000366   0.50405105956462004091  -0.38229480856150999113   0.00634176686994999961 )	-0.70999384608172 4.5401488901752884e-8 -1.6097739692669765e-8
1761	(   0.7099938610870200062    0.50405104506080999904  -0.38229488166427999518   0.00634173247195000001 )	-0.70999386108702 -4.7688067716933347e-8 2.014969891736177e-8
1762	(   0.70999382108702002725   0.50405105624200996495  -0.38229488634455999208   0.00634169266294999992 )	-0.70999382108702 2.0405588579963663e-8 -4.732609389708503e-8
1763	(   0.70999382108702002725   0.50405103406842999281  -0.38229479848823999522   0.00634177160994999975 )	-0.70999382108702 6.540604463589617e-8 -2.615383537889329e-8
1764	(   0.70999385108701995595   0.50405104687681001607  -0.3822948417637099805    0.00634192640300999984 )	-0.70999385108702 -2.4176352586557925e-10 1.674066216007027e-9
1765	(   0.70999388108701999567   0.50405106881338002101  -0.38229484682606001966   0.00634244948919000014 )	-0.70999388108702 -2.754403027882546e-8 1.5702106524055398e-8
1766	(   0.70999385624563005059   0.50405105072942002487  -0.38229482176370999102   0.00634282985300999979 )	-0.70999385624563 1.1101408819991221e-8 -6.313423911600083e-9
1767	(   0.70999384592840997232   0.50405104302420000728  -0.38229486176371002548   0.00634102295300999989 )	-0.70999384592841 -1.1584936898678677e-8 9.659924121865155e-9
1768	(   0.70999385393514002907   0.50405106687681000555  -0.3822948442894100185    0.00634181231101000036 )	-0.70999385393514 1.3519974861875284e-8 -1.283452509099833e-8
1769	(   0.70999384823889999385   0.5040510268768100266   -0.38229483923800999801   0.00634204049501000018 )	-0.7099938482389 -1.4003502218917774e-8 1.6182631822108306e-8
1770	(   0.70999387108701994542   0.50405104346034002027  -0.38229483178779999353   0.00634112522900999974 )	-0.70999387108702 -2.6276232717448167e-8 4.365162185706505e-8
1771	(   0.70999383108701996647   0.50405105029328001187  -0.38229485173962002298   0.00634272757700999994 )	-0.70999383108702 2.5792703667315564e-8 -4.030477229642279e-8
1772	(   0.70999387108701994542   0.50405104346034002027  -0.38229485949957997537   0.0063426588930100003  )	-0.70999387108702 -4.746437401448311e-8 2.4198958765348e-8
1773	(   0.70999383108701996647   0.50405105029328001187  -0.38229482402783998563   0.00634119391301000025 )	-0.70999383108702 4.698084457577245e-8 -2.0851898528360393e-8
1774	(   0.70999385533862002795   0.5040510436801599603   -0.38229483176370998576   0.00634201816986999962 )	-0.70999385533862 -2.22210030931258e-9 9.743970341081674e-9
1775	(   0.70999384683541999497   0.50405105007345996082  -0.38229485176370997523   0.00634183463615000005 )	-0.70999384683542 1.7385727024699094e-9 -6.395854418308968e-9
1776	(   0.7099938610870200062    0.50405105180658005271  -0.38229484523170997878   0.00634214224386999998 )	-0.70999386108702 -1.3086328909395206e-8 8.206433168360633e-9
1777	(   0.70999385023534000716   0.5040510568768099553   -0.38229483715120998744   0.00634163933124000032 )	-0.70999385023534 1.4572879597496424e-8 -5.894215102529208e-9
1778	(   0.70999384108702001672   0.50405104194703997944  -0.38229483829570998221   0.0063417105621499997  )	-0.70999384108702 1.2602801247041384e-8 -4.858393466803139e-9
1779	(   0.70999385193870001576   0.50405103687680996583  -0.38229484637620997356   0.00634221347478000023 )	-0.7099938519387 -1.5056406954538915e-8 9.242183047202684e-9
1780	(   0.70999384532831000261   0.50405105120660997908  -0.3822948397665900111    0.00634242640301000034 )	-0.70999384532831 1.4323759928158708e-8 -1.7175207433769784e-8
1781	(   0.70999385684573002031   0.50405104254701005306  -0.38229484376083000541   0.00634142640301000021 )	-0.70999385684573 -1.4807287285201198e-8 2.0522840087823665e-8
1782	(   0.70999385608702003658   0.50405105110356995812  -0.38229484219629000785   0.00634209743970000003 )	-0.70999385608702 -3.9071189894546166e-9 2.377811457030443e-9
1783	(   0.70999387108701994542   0.50405106378385000632  -0.38229484349402997889   0.00634261054976999975 )	-0.70999387108702 -1.4903185296955e-8 4.4886958044474e-9
1784	(   0.70999385942829995599   0.50405106110357000837  -0.38229484008462999434   0.00634177070448000042 )	-0.7099938594283 2.654504283050585e-9 1.266654364769494e-9
1785	(   0.70999386945214004729   0.50405109110357004809  -0.3822948337496500093    0.00634079049881999986 )	-0.70999386945214 2.233937326789892e-8 -2.0680975387478385e-9
1786	(   0.70999385950551996416   0.50405106050834003195  -0.38229485008462998907   0.00634177651047999977 )	-0.70999385950552 -5.7034003630995755e-9 1.8978950651389755e-9
1787	(   0.70999385935107994783   0.50405106169879998479  -0.3822948300846299996    0.0063417648984800002  )	-0.70999385935108 1.1012408818178443e-8 6.354134859742162e-10
1788	(   0.70999386046237999981   0.50405105313253995014  -0.38229484002207997362   0.00634077070448000029 )	-0.70999386046238 -6.832512888799158e-9 2.33886068043315e-8
1789	(   0.7099938583942200232    0.50405106907459995558  -0.38229484014718001506   0.00634277070447999969 )	-0.70999385839422 1.2141521205100148e-8 -2.085729785273314e-8
1790	(   0.70999387942829994547   0.50405106618366002369  -0.38229484012448999852   0.00634172114948000024 )	-0.7099938794283 -2.2541359945282835e-8 2.5214849558371913e-8
1791	(   0.70999386492032001694   0.5040510411035700189   -0.3822948397524300046    0.00634218366147999962 )	-0.70999386492032 -2.539693735870152e-8 2.382732770938185e-8
1792	(   0.70999385393628000607   0.50405108110356999784  -0.38229484041682998408   0.00634135774748000036 )	-0.70999385393628 3.0705945647246935e-8 -2.129435982474887e-8
1793	(   0.70999383942829996652   0.50405105602347999305  -0.38229484004476999015   0.00634182025947999974 )	-0.7099938394283 2.7850366818293892e-8 -2.268154496305844e-8
1794	(   0.70999386532297004138   0.5040510711035699476   -0.38229483776618000679   0.00634166241490000029 )	-0.70999386532297 5.512811679375673e-9 1.0104972545570481e-9
1795	(   0.70999388300697996446   0.50405110110356998732  -0.38229483081082998863   0.00634133754615999988 )	-0.70999388300698 1.4087733757328635e-8 2.4188487124317303e-10
1796	(   0.70999393605900995574   0.50405119110356999546  -0.38229480994477998967   0.00634036293994000039 )	-0.70999393605901 3.981249094286987e-8 -2.0652146472718413e-9
1797	(   0.7099938910752200405    0.50405110158345001192  -0.38229483898471999792   0.00633933754615999961 )	-0.70999389107522 -3.883447369235071e-9 3.65801572049012e-8
1798	(   0.70999390539136997269   0.50405110087280002862  -0.3822948508108299781    0.00634229932816000007 )	-0.70999390539137 -3.528616054904177e-8 2.0059321595632888e-8
1799	(   0.70999387493873999944   0.50405110062368996271  -0.38229482263693997934   0.00634333754616000015 )	-0.70999387493874 3.2058914412047557e-8 -3.6104387351401244e-8
1800	(   0.70999388256761997162   0.50405105110356995812  -0.38229483088797999724   0.00634131866815999985 )	-0.70999388256762 -3.530682168850774e-8 4.985742225256158e-8
1801	(   0.70999386062258995622   0.50405110133433994601  -0.38229481081082999916   0.00634037576415999969 )	-0.70999386062259 6.346162523263033e-8 -1.9577401014202482e-8
1802	(   0.70999388344633995729   0.50405115110357001651  -0.38229483073367998003   0.00634135642415999991 )	-0.70999388344634 6.348228928643174e-8 -4.937365333385882e-8
1803	(   0.70999393300697999365   0.5040511005880999873   -0.38229482203072001623   0.00634130123915999967 )	-0.70999393300698 -5.5328257420050875e-8 7.22172142486515e-8
1804	(   0.70999383300698004629   0.50405110161903998733  -0.38229483959094001655   0.00634137385316000009 )	-0.70999383300698 8.350371397125578e-8 -7.173344203553945e-8
1805	(   0.70999389621208996992   0.50405110386361995367  -0.38229484081082998337   0.00634206697015999958 )	-0.70999389621209 -1.0767857050453244e-8 6.981350036971718e-9
1806	(   0.70999393582741998632   0.50405111214376996376  -0.38229487081083002309   0.00634425524216000042 )	-0.70999393582742 -8.533463527471419e-8 2.7193362931106672e-8
1807	(   0.70999384621209005175   0.50405107207307997541  -0.38229485115174000054   0.00634259478615999996 )	-0.70999384621209 2.5148744225989006e-8 -3.8922664450601844e-8
1808	(   0.70999386530957997454   0.5040511012136500435   -0.3822948208108299939    0.00634104614016000028 )	-0.70999386530958 4.860702657039084e-8 -2.1302563714620725e-8
1809	(   0.70999394621208999911   0.50405113565416004295  -0.38229483046992002171   0.00634153915416000007 )	-0.70999394621209 -4.668446931810344e-8 5.288481234107679e-8
1810	(   0.70999388423384002245   0.50405112769607995915  -0.38229483305854999875   0.00634406697015999985 )	-0.70999388423384 3.710631177322732e-8 -5.923234641608759e-8
1811	(   0.7099939271145999653    0.50405110651358997487  -0.38229486081082997284   0.00634308780015999975 )	-0.7099939271146 -7.014274547301191e-8 3.526318137713852e-8
1812	(   0.70999390819034002842   0.50405108003115994819  -0.3822948485631100235    0.00634006697016000018 )	-0.70999390819034 -5.864202687333453e-8 7.318704693410477e-8
1813	(   0.70999387108197997698   0.50405115386361998286  -0.38229485020069997603   0.00634123682415999989 )	-0.70999387108198 7.005635566104118e-8 -6.817410480984028e-8
1814	(   0.70999392134219996287   0.5040510538636200355   -0.38229483142095999071   0.00634289711616000014 )	-0.7099939213422 -9.159207267628311e-8 8.21354278202611e-8
1815	(   0.70999389392770995144   0.50405110214156001458  -0.38229483081082998863   0.00634208104716000014 )	-0.70999389392771 -1.3894118078283668e-9 5.281063433687006e-9
1816	(   0.70999388707457000702   0.50405109697537997526  -0.38229480081083000442   0.0063421232781600001  )	-0.70999388707457 2.6745922282467305e-8 1.8020191204027106e-10
1817	(   0.7099938984043600021    0.50405110394210994595  -0.38229483193210000991   0.00634308104716000028 )	-0.70999389840436 -7.216094805029272e-9 -2.8478601630366586e-9
1818	(   0.70999391183431004304   0.50405110934375996212  -0.38229483529591001822   0.00634608104715999981 )	-0.70999391183431 -2.469614390765429e-8 -2.7246631064215888e-8
1819	(   0.70999390202032996999   0.50405111319345996534  -0.38229481193210002044   0.00634169187015999961 )	-0.70999390202033 1.1858710652346005e-8 1.065681787866551e-8
1820	(   0.70999389552850000751   0.50405112394211004645  -0.38229484783853001639   0.00634211093716000041 )	-0.7099938955285 4.971101336126438e-9 -1.4625514723598911e-8
1821	(   0.70999390128021999669   0.50405108394210995648  -0.38229481602567000342   0.00634405115716000015 )	-0.70999390128022 -1.9403291418029767e-8 8.927912170708966e-9
1822	(   0.7099938947883900342    0.50405109469076003759  -0.38229485193209999938   0.00634447022416000008 )	-0.70999389478839 -2.6290901039560666e-8 -1.6356397830201213e-8
1823	(   0.70999390433330000771   0.504051119111110002    -0.38229482522851998549   0.00634508104715999968 )	-0.7099939043333 4.112211210438588e-9 -3.4974161817524286e-8
1824	(   0.70999389247541999648   0.50405108877311000093  -0.38229483863567997881   0.00634108104716000001 )	-0.70999389247542 -1.8544400987030585e-8 2.927044160248491e-8
1825	(   0.7099938484043599729    0.50405110478864001422  -0.38229483010204001747   0.00634319266015999968 )	-0.70999384840436 7.06433753161484e-8 -7.61097306679087e-8
1826	(   0.70999394840436003129   0.50405110309557998871  -0.38229483376216000234   0.00634296943416       )	-0.70999394840436 -8.507557550108125e-8 7.041399042292728e-8
1827	(   0.70999388687342002147   0.50405109394211000673  -0.38229482576246998082   0.00634225804915999978 )	-0.70999388687342 4.939081060806316e-9 1.2183546054764802e-9
1828	(   0.70999390993529998273   0.5040511139421099962   -0.38229483810172998348   0.00634390404515999991 )	-0.7099939099353 -1.937127117046522e-8 -6.915429360908722e-9
1829	(   0.70999388770694005224   0.50405110945887998675  -0.38229482193210001517   0.00634353507616000015 )	-0.70999388770694 2.2124001686218975e-8 -2.9314927484565018e-8
1830	(   0.70999391840435999157   0.50405110908874994902  -0.38229482556861998921   0.00634223219016000032 )	-0.70999391840436 -2.7449484740760255e-8 3.117327309699517e-8
1831	(   0.70999387901361998843   0.5040511139421099962   -0.38229483810172998348   0.00634208267315999972 )	-0.70999387901362 2.7390781226488414e-8 -2.771793638038769e-8
1832	(   0.70999387840436001262   0.50405109879547005391  -0.3822948382955799751    0.00634392990416000023 )	-0.70999387840436 1.301729349312275e-8 -3.6870433762323956e-8
1833	(   0.70999390910177995195   0.50405109842534001618  -0.38229484193210000464   0.0063426270181600004  )	-0.70999390910178 -3.655619190690018e-8 2.3618795095875413e-8
1834	(   0.70999391779510001577   0.50405109394211000673  -0.38229482576246998082   0.00634407942115999997 )	-0.7099939177951 -4.182297233534804e-8 2.2020223219170777e-8
1835	(   0.70999389591063000182   0.50405110166637001612  -0.38229482903124001325   0.00634258104715999978 )	-0.70999389591063 -3.5026641309610085e-9 2.2296447069617754e-9
1836	(   0.709993888429440001     0.50405109483915000457  -0.38229482032866002328   0.00634108104716000001 )	-0.70999388842944 7.637627419398996e-9 1.745915942795071e-8
1837	(   0.70999390103461001988   0.50405111166636995534  -0.38229482822151999999   0.0063424008991599997  )	-0.70999390103461 -6.32422475499439e-10 1.7908080399175238e-9
1838	(   0.70999391640654996305   0.50405114166636999506  -0.38229482579236001571   0.00634186045516000035 )	-0.70999391640655 7.978302268840665e-9 4.739083771202889e-10
1839	(   0.70999396252237001459   0.5040512316663700032   -0.38229481850488000738   0.00634023912315999968 )	-0.70999396252237 3.381047000705628e-8 -3.4802923482170735e-9
1840	(   0.70999391436670000743   0.50405114327909994465  -0.38229484579236000519   0.0063420241781599997  )	-0.7099939143667 -2.615949012962915e-9 -6.1120273175640214e-9
1841	(   0.70999391844640002969   0.50405114005364004548  -0.38229480579236002624   0.00634169673216000013 )	-0.7099939184464 1.8572552579199098e-8 7.059790572390499e-9
1842	(   0.70999401640655002144   0.50405118041313001775  -0.38229482518522001078   0.00634579399316000017 )	-0.70999401640655 -1.0403815448034592e-7 5.3818570730459656e-8
1843	(   0.70999381640655001569   0.50405110291960997237  -0.38229482639950002065   0.00633792691715999966 )	-0.70999381640655 1.1999471632995196e-7 -5.2901679434593765e-8
1844	(   0.70999397870231995      0.50405115230734998111  -0.38229482656411001296   0.00633686045515999968 )	-0.70999397870232 -7.617907654688949e-8 1.416857722096054e-7
1845	(   0.7099938541107799761    0.50405113102539000902  -0.38229482502061001847   0.00634686045516000014 )	-0.70999385411078 9.213566462551448e-8 -1.4078794779482268e-7
1846	(   0.7099939796486900434    0.50405109166636996587  -0.38229482657584001881   0.00634277377416000033 )	-0.70999397964869 -1.3826019643059517e-7 1.286918643786096e-7
1847	(   0.70999385316440999372   0.50405119166637002426  -0.38229482500888001262   0.00634094713616000036 )	-0.70999385316441 1.5421678381533077e-7 -1.2774570782293863e-7
1848	(   0.70999394977342000779   0.50405115580236004025  -0.3822948224006800233    0.00634386045515999974 )	-0.70999394977342 -2.5752319471328278e-8 8.347027105359047e-9
1849	(   0.7099939285691899693    0.50405113635579001929  -0.38229483579236001045   0.00634258948016000034 )	-0.70999392856919 -2.337141985497837e-8 1.3808008139314066e-8
1850	(   0.7099939042439099568    0.50405114697694997083  -0.38229481579236002098   0.00634113143016000035 )	-0.70999390424391 3.932802364325916e-8 -1.2861254117942317e-8
1851	(   0.70999388303968002933   0.50405112753037994988  -0.38229482918404000813   0.00633986045516000008 )	-0.70999388303968 4.170891909627272e-8 -7.4072080196452565e-9
1852	(   0.7099939613738800448    0.50405115623536000946  -0.38229482918404000813   0.00633986045516000008 )	-0.70999396137388 -4.804888337206492e-8 7.512142379770156e-8
1853	(   0.70999387143921999233   0.50405112709737998067  -0.3822948224006800233    0.00634386045515999974 )	-0.70999387143922 6.400547905571763e-8 -7.418160282460863e-8
1854	(   0.70999396221185995248   0.50405112166637000559  -0.38229482113633000973   0.00634173551416000042 )	-0.70999396221186 -7.773193302917925e-8 8.710159441755849e-8
1855	(   0.70999387060123997362   0.50405116166636998454  -0.3822948304483900217    0.00634198539616000027 )	-0.70999387060124 9.368852862956523e-8 -8.61538047760023e-8
1856	(   0.70999393057117998751   0.50405115166637004531  -0.3822948208222800015    0.00634205148215999989 )	-0.70999393057118 3.5757075078635125e-10 8.164541131469886e-9
1857	(   0.70999397306506994987   0.50405118166636997401  -0.38229480591204001438   0.00634262456316000024 )	-0.70999397306507 -2.2504629382247288e-8 3.1236004052238604e-8
1858	(   0.70999392740738997976   0.50405115198984995484  -0.38229483082227999624   0.00634212795815999961 )	-0.70999392740739 -2.180328084744332e-9 2.3784825777279782e-9
1859	(   0.70999391791601995649   0.50405115296029001648  -0.38229486082227998045   0.00634235738615999967 )	-0.70999391791602 -9.794025590537103e-9 -1.4979763710541456e-8
1860	(   0.70999393167783997338   0.50405117198985005533  -0.38229483488595000784   0.00634214988316000004 )	-0.70999393167784 8.254540856400538e-9 -1.1835633224200747e-8
1861	(   0.70999392313693998613   0.50405113198984996536  -0.38229482675861997665   0.00634210603316000005 )	-0.70999392313694 -1.261520457540577e-8 1.6592597196189046e-8
1862	(   0.70999392549801998431   0.50405115220499996376  -0.38229482900536998491   0.00634412795815999988 )	-0.70999392549802 2.311503460861175e-9 -2.5920461573613717e-8
1863	(   0.7099939293167599752    0.50405115177469994592  -0.38229483263919000757   0.00634012795816000022 )	-0.70999392931676 -6.6721595748386875e-9 3.0669426618031904e-8
1864	(   0.70999387743566999553   0.50405114962157004932  -0.38229485082227998571   0.00634223586515999995 )	-0.70999387743567 5.5730532522169085e-8 -6.758120220884888e-8
1865	(   0.70999397737910996398   0.50405115435812997138  -0.38229481082228000677   0.00634202005116000014 )	-0.70999397737911 -6.009119996042145e-8 7.233814885041433e-8
1866	(   0.70999387740738995056   0.50405115762384999911  -0.38229481163924000642   0.0063418712531599997  )	-0.70999387740739 9.373452694583229e-8 -7.099886181592972e-8
1867	(   0.70999397740739000895   0.50405114635585002159  -0.38229485000531998606   0.00634238466316000039 )	-0.70999397740739 -9.80951943285735e-8 7.575569995041978e-8
1868	(   0.70999392793132998225   0.50405116198985000509  -0.38229483066001002101   0.00634212897116000034 )	-0.70999392793133 7.151400999161339e-9 -6.890378198375459e-9
1869	(   0.70999392628819002482   0.5040511519999999468   -0.38229483116890999872   0.00634312795815999975 )	-0.70999392628819 -7.426706472024591e-10 -1.1906173728499256e-8
1870	(   0.70999393732795001988   0.50405115169699998834  -0.3822948208222800015    0.00634219040815999988 )	-0.70999393732795 -9.829888070189696e-9 1.5966271702211147e-8
1871	(   0.70999391748683005066   0.50405115228270003236  -0.38229484082227999098   0.00634206550816000022 )	-0.70999391748683 5.4692312623227934e-9 -1.1209314235747592e-8
1872	(   0.70999392688344997726   0.50405114198985001561  -0.38229483098455002699   0.00634212694515999976 )	-0.70999392688345 -1.1512057029872125e-8 1.1647343129726827e-8
1873	(   0.70999392852659004571   0.50405115197969996288  -0.38229483047564999376   0.00634112795816000035 )	-0.70999392852659 -3.617985633308507e-9 1.6661138883942875e-8
1874	(   0.70999390740738999028   0.50405115217123996896  -0.38229482583252999417   0.00634208927516000023 )	-0.70999390740739 3.206165496982827e-8 -2.5712000629658815e-8
1875	(   0.70999394740738996923   0.50405115180846005174  -0.38229483581202999831   0.00634216664115999987 )	-0.70999394740739 -3.642231272138474e-8 3.046896334746237e-8
1876	(   0.70999393040600000671   0.50405115119602994511  -0.38229482582228002663   0.00634248293392000034 )	-0.709993930406 -3.6859201524297447e-9 2.9275629343021537e-9
1877	(   0.70999393940182997653   0.50405114881457002696  -0.38229481082228000677   0.00634354786119999993 )	-0.70999393940183 -8.202696744064042e-9 4.573292021590894e-9
1878	(   0.70999396638931999703   0.50405114167019005045  -0.3822947658222800027    0.00634674264304000042 )	-0.70999396638932 -2.1753031709259574e-8 9.496871774369224e-9
1879	(   0.70999395596459002888   0.50405116881457001643  -0.38229479593540999227   0.00634229764320000042 )	-0.70999395596459 -1.867785676124001e-9 2.395228323940192e-8
1880	(   0.7099939228390700352    0.50405112881457003748  -0.38229482570915002126   0.00634479807920000031 )	-0.70999392283907 -1.4537609643872074e-8 -1.4808824509169379e-8
1881	(   0.7099939171503200086    0.50405116045882003561  -0.38229483082227999624   0.00634255747520000041 )	-0.70999391715032 2.1800143357175727e-8 -2.610369076246782e-8
1882	(   0.70999396165334005548   0.5040511371703200183   -0.3822947908222800173    0.00634453824720000031 )	-0.70999396165334 -3.820554003719501e-8 3.524831429802666e-8
1883	(   0.70999391290601998605   0.50405116267987004619  -0.38229480793701997587   0.00634554786120000019 )	-0.70999391290602 4.793757091281492e-8 -7.229392768645225e-8
1884	(   0.70999388940182994734   0.50405114320083999058  -0.382294801180220023     0.00634273810920000028 )	-0.70999388940183 6.916949590873855e-8 -5.0539623982076294e-8
1885	(   0.70999398940183000573   0.50405115442829995231  -0.38229482046433999054   0.00634435761319999958 )	-0.70999398940183 -8.5574900360319e-8 5.968490173568179e-8
1886	(   0.70999396589763996701   0.50405113494927000772  -0.38229481370753998215   0.00634154786119999966 )	-0.70999396589764 -6.434296756507862e-8 8.143251328394436e-8
1887	(   0.70999393570214996974   0.5040511478412700308   -0.38229480082228001203   0.0063433370192000002  )	-0.70999393570215 4.0648298893497525e-9 2.968019454156984e-9
1888	(   0.70999392460310994935   0.50405114492137004234  -0.38229477082227997231   0.00634270449320000016 )	-0.70999392460311 4.08674082352789e-8 -1.848331478282038e-9
1889	(   0.7099939488211699512    0.50405115024790003719  -0.38229478082228002256   0.0063435324662000003  )	-0.70999394882117 1.923696119066065e-9 1.67106283304735e-8
1890	(   0.70999392258312998827   0.50405114543464002441  -0.3822948208222800015    0.00634314157220000011 )	-0.70999392258313 6.205962022054479e-9 -1.0774665377128573e-8
1891	(   0.70999393452296999385   0.50405115784126997003  -0.38229480630541001762   0.00634414913919999993 )	-0.70999393452297 1.1655728993087422e-8 -1.901016301233266e-8
1892	(   0.70999393688132994562   0.50405113784126998056  -0.38229479533915000644   0.00634252489919999961 )	-0.70999393688133 -3.526069436432522e-9 2.4944882953887356e-8
1893	(   0.70999395679429000428   0.5040511517105400463   -0.38229480294384998729   0.00634133701919999994 )	-0.70999395679429 -2.5585129903582526e-8 5.44186809732424e-8
1894	(   0.70999391461001004622   0.5040511439720000153   -0.38229479870070998127   0.0063453370191999996  )	-0.70999391461001 3.371478754510271e-8 -4.849064095469377e-8
1895	(   0.70999398570214999893   0.50405114587532995341  -0.3822948058515699965    0.00634408191919999965 )	-0.70999398570215 -7.736016677251101e-8 6.648249730442836e-8
1896	(   0.70999388570215005156   0.50405114980720999718  -0.38229479579299002756   0.00634259211919999989 )	-0.70999388570215 8.548981544898027e-8 -6.054756281905719e-8
1897	(   0.70999393688372003375   0.50405114284126995017  -0.38229479983351000172   0.00634321718619999982 )	-0.70999393688372 -1.9660248706809824e-9 1.1166102604981485e-8
1898	(   0.70999393452058001674   0.50405115284127000042  -0.38229480181105002234   0.00634345685219999973 )	-0.70999393452058 1.009568431631358e-8 -5.230092083485967e-9
1899	(   0.70999394765205003921   0.50405114853502996919  -0.3822947908222800173    0.00634329883520000012 )	-0.70999394765205 -5.667039754131409e-9 1.972739934258329e-8
1900	(   0.70999392375225001128   0.50405114714750998139  -0.38229481082228000677   0.00634337520320000028 )	-0.70999392375225 1.3796698394852314e-8 -1.3791362795200868e-8
1901	(   0.70999394556227002351   0.50405114841371001511  -0.38229480430865997453   0.00634233701920000007 )	-0.70999394556227 -1.293958509784865e-8 2.908250455570054e-8
1902	(   0.70999392584203002698   0.5040511472688300465   -0.38229479733589999402   0.00634433701920000034 )	-0.70999392584203 2.1069244238169915e-8 -2.3148465203302925e-8
1903	(   0.70999395570214995921   0.50405114745224000039  -0.3822948064297799764    0.00634401661619999994 )	-0.70999395570215 -3.0857120580929376e-8 2.3134519894731282e-8
1904	(   0.70999391570214998026   0.50405114823029995019  -0.38229479521477999215   0.0063426574221999996  )	-0.70999391570215 3.898677838898301e-8 -1.7199403691370394e-8
1905	(   0.70999393765354001928   0.50405114984126997424  -0.38229480015460998166   0.00634350078089000041 )	-0.70999393765354 3.6242865930624646e-9 1.6613517588547067e-9
1906	(   0.70999394350770994588   0.50405115584127002659  -0.38229479815160000156   0.00634399206596000017 )	-0.70999394350771 2.302657203800962e-9 -2.258973807877263e-9
1907	(   0.70999396107021994773   0.50405117384126996161  -0.38229479214257000574   0.00634546592117000031 )	-0.70999396107022 -1.6622325182957809e-9 -1.4022845730092385e-8
1908	(   0.70999395175942003888   0.50405114742870005262  -0.38229477815160001208   0.00634486535495999964 )	-0.70999395175942 -3.296969697252905e-9 6.789884998696552e-9
1909	(   0.70999397651454998481   0.50405112219099001969  -0.38229471815159998815   0.00634748522195999979 )	-0.70999397651455 -2.009585645112999e-8 3.392731036936563e-8
1910	(   0.70999391346100004796   0.5040511636782899485   -0.38229472815159998289   0.00634171341896000006 )	-0.709993913461 1.0909980621698345e-7 -2.385571219058936e-8
1911	(   0.70999391346100004796   0.50405113245821997481  -0.38229472815159998289   0.00634913667296000024 )	-0.709993913461 7.787973624329148e-8 -8.684304592514202e-8
1912	(   0.70999399005784002981   0.50405113117911004572  -0.38229482815159998577   0.00634801729096000009 )	-0.70999399005784 -1.1569375696351969e-7 3.7415615895492816e-8
1913	(   0.70999399005784002981   0.50405116239918001941  -0.38229482815159998577   0.00634059403695999991 )	-0.70999399005784 -8.447368698982771e-8 1.0038633071623337e-7
1914	(   0.70999390692732000652   0.50405116645045000556  -0.38229479385419001813   0.0063498653549600003  )	-0.70999390692732 7.151716915898554e-8 -1.393665561674992e-7
1915	(   0.70999399659151996023   0.50405112840694998866  -0.38229476244901000603   0.00633986535495999984 )	-0.70999399659152 -7.8111117601809e-8 1.5289633027270043e-7
1916	(   0.7099938517594199805    0.50405114188011002074  -0.38229479522463000185   0.0063434068679600001  )	-0.70999385175942 1.2932798182374583e-7 -1.1115462528061686e-7
1917	(   0.70999405175941998625   0.50405115297728997348  -0.38229476107857002232   0.00634632384196000005 )	-0.70999405175942 -1.3592196432266057e-7 1.2473016089335038e-7
1918	(   0.70999396792294999781   0.50405115017377999376  -0.38229476307869997287   0.00634686535495999991 )	-0.70999396792295 -1.347099848336697e-8 1.6133609244647668e-9
1919	(   0.7099940164135399856    0.50405115840902003921  -0.38229471786000002176   0.00635286535495999984 )	-0.70999401641354 -4.399309433411602e-8 -1.396420818959728e-8
1920	(   0.70999395432987000287   0.5040511580704000183   -0.38229478268520999951   0.00634186535496000011 )	-0.70999395432987 -8.84592399330586e-12 3.785838512531536e-8
1921	(   0.70999398151602999274   0.50405114227715996922  -0.38229474347219000174   0.0063518653549599997  )	-0.70999398151603 -2.693315276358632e-8 -3.4681662721277814e-8
1922	(   0.70999393325823001444   0.50405114761656999445  -0.38229481307870000206   0.00634880918996000038 )	-0.70999393325823 -1.8351245800740656e-9 -6.973120856158376e-8
1923	(   0.70999400258766998117   0.50405115273098999307  -0.38229471307869999919   0.0063449215199600003  )	-0.70999400258767 -2.510688254520055e-8 7.29503758639796e-8
1924	(   0.70999393349533002073   0.50405117017377998323  -0.38229475599932000174   0.00634879589395999974 )	-0.70999393349533 6.400582372445562e-8 -9.178291206414789e-8
1925	(   0.70999400235056997488   0.50405113017378000428  -0.38229477015807999951   0.00634493481596000008 )	-0.70999400235057 -9.094782590923778e-8 9.500218239389871e-8
1926	(   0.70999386792295005044   0.50405114334601996973  -0.38229474612605002237   0.00634620629195999965 )	-0.70999386792295 1.4389046876228662e-7 -1.2519212868206684e-7
1927	(   0.70999406792294994517   0.50405115700154001779  -0.38229478003134997888   0.00634752441796000016 )	-0.70999406792295 -1.7083250899996294e-7 1.2841800189795644e-7
1928	(   0.70999396512001999859   0.50405114998655997649  -0.38229476350677998875   0.00634886535496000017 )	-0.70999396512002 -9.746724982662158e-9 -2.7571007261823735e-8
1929	(   0.70999397072587999702   0.50405115036100001102  -0.3822947626506200125    0.00634486535495999964 )	-0.70999397072588 -1.719527198407178e-8 3.0789729110751354e-8
1930	(   0.70999393567041002573   0.504051160173780044    -0.38229476800451001051   0.00634681993395999969 )	-0.70999393567041 4.153746394064406e-8 -5.360829579875622e-8
1931	(   0.70999391937591005419   0.50405114142687001966  -0.38229478307870001785   0.00634668093595999998 )	-0.70999391937591 3.59067365562904e-8 -5.623500661836679e-8
1932	(   0.7099939284381000526    0.5040511475364199967   -0.3822947430786999834    0.00634680974896000005 )	-0.7099939284381 5.8895352261778555e-8 -5.111144359401439e-8
1933	(   0.70999401646999005244   0.50405115892068996786  -0.3822947430786999834    0.00634704977395999983 )	-0.70999401646999 -6.284874465301016e-8 5.946166544256305e-8
1934	(   0.70999400017548996988   0.50405114017378005453  -0.38229475815288999074   0.00634691077596000013 )	-0.70999400017549 -6.847946540378125e-8 5.683501563097485e-8
1935	(   0.70999400740780005403   0.50405115281113999082  -0.38229478307870001785   0.00634692096095999976 )	-0.7099940074078 -8.583735691680694e-8 5.43381625895542e-8
1936	(   0.70999396533192005165   0.50405115517377996337  -0.38229476529863998246   0.00634678286095999994 )	-0.70999396533192 -6.2499933839443855e-9 -6.018720482222381e-9
1937	(   0.70999395755882999115   0.50405117017377998323  -0.38229477195846001125   0.00634653537896000004 )	-0.70999395755883 1.5413022053101244e-8 -2.891504669846125e-8
1938	(   0.70999397532085994911   0.50405114517378002414  -0.38229476372512999349   0.00634673432996       )	-0.70999397532086 -3.015292138197623e-8 1.878148281935963e-8
1939	(   0.7099939872081399983    0.50405115569810998721  -0.38229476185258998155   0.00634778286096000007 )	-0.70999398720814 -3.6173695733277e-8 1.1826352613686722e-8
1940	(   0.70999394345569999398   0.50405115464945005055  -0.38229476874468998338   0.00634578286095999981 )	-0.7099939434557 2.3673707078009087e-8 -2.386579280097415e-8
1941	(   0.70999395534298004318   0.50405116517378001362  -0.38229476687215002695   0.00634683139195999987 )	-0.70999395534298 1.7652934308776125e-8 -3.081892849431724e-8
1942	(   0.70999401431079001146   0.50405115821687995759  -0.38229474529863999299   0.00634616601396000013 )	-0.70999401431079 -6.198459426287606e-8 6.831719363645532e-8
1943	(   0.70999391635304998083   0.50405115213067996915  -0.38229478529864002745   0.00634739970795999975 )	-0.70999391635305 4.948459653153492e-8 -8.035539082738207e-8
1944	(   0.7099940082175399958    0.50405115620166995871  -0.38229478529864002745   0.00634657450396000026 )	-0.70999400821754 -8.536871892728115e-8 5.649520399612332e-8
1945	(   0.70999392244629999649   0.50405115414588996803  -0.38229474529863999299   0.00634699121795999962 )	-0.7099939224463 7.286872358291951e-8 -6.853272812210699e-8
1946	(   0.70999397741505998471   0.50405115789777998891  -0.38229475529863998773   0.00634722504045999968 )	-0.70999397741506 -1.4153120397875085e-8 2.8021625157035224e-9
1947	(   0.70999395324878000757   0.50405115244978004885  -0.3822947752986399772    0.0063463406814600002  )	-0.70999395324878 1.6531330193636506e-9 -1.4839994414550918e-8
1948	(   0.70999395405595000508   0.504051160173780044    -0.38229476004194001826   0.00634637021965999987 )	-0.70999395405595 1.982158367996867e-8 -2.179274252974762e-8
1949	(   0.70999397660788998721   0.50405115017377999376  -0.38229477055534000218   0.00634719550226       )	-0.70999397660789 -3.2321570919702225e-8 9.75496113063862e-9
1950	(   0.70999398533192004113   0.50405115968253999537  -0.38229477462235000873   0.00634669067043000003 )	-0.70999398533192 -3.911553123070455e-8 1.904249652711807e-8
1951	(   0.70999394533191995116   0.5040511506650200424   -0.38229475597493001171   0.00634687505148999985 )	-0.70999394533192 2.6615542769725664e-8 -3.1079953934640744e-8
1952	(   0.70999398463217999744   0.50405115209358997141  -0.3822947589290699999    0.00634628286096000031 )	-0.70999398463218 -3.3647364700017945e-8 3.0814138953056086e-8
1953	(   0.70999394603165999484   0.50405115825396995533  -0.38229477166821002054   0.00634728286095999957 )	-0.70999394603166 2.1147376266794637e-8 -4.2852079251365035e-8
1954	(   0.70999397242364004068   0.50405115717378001783  -0.38229476229205999749   0.00634689832077999991 )	-0.70999397242364 -1.2675819754948137e-8 5.858262494898292e-10
1955	(   0.70999397125668994857   0.50405115364148000978  -0.38229476029864001285   0.00634669440166000035 )	-0.70999397125669 -1.291922299695436e-8 5.049537355375608e-9
1956	(   0.7099939582401999516    0.50405115317378001993  -0.38229476830522002295   0.00634666740113999997 )	-0.7099939582402 1.7583284828148749e-10 -1.2623293875875475e-8
1957	(   0.7099939598418100184    0.50405115659365995473  -0.3822947631641400168    0.00634658286096000026 )	-0.70999395984181 5.104455080839898e-9 -1.2695817262802422e-8
1958	(   0.70999397082202997389   0.50405115375389997201  -0.38229476743314000364   0.00634698286095999962 )	-0.70999397082203 -1.7604441987506547e-8 6.582962983590641e-10
1959	(   0.70999395940715004372   0.50405115670608002798  -0.38229477029864000759   0.0063468713202600004  )	-0.70999395940715 4.1923628457674056e-10 -1.708699419197097e-8
1960	(   0.70999397533191999088   0.50405115555251001069  -0.3822947691865299924    0.00634663355680000017 )	-0.70999397533192 -2.3966646445217066e-8 9.697608729686584e-9
1961	(   0.70999395533192000141   0.50405115479505002707  -0.38229476141074997253   0.00634693216511999971 )	-0.70999395533192 1.146665945528369e-8 -2.173509427758855e-8
1962	(   0.70999396563975003538   0.50405115510358999842  -0.38229476329863998352   0.00634677768805000028 )	-0.70999396563975 -5.2565276853488996e-9 -5.445752971146073e-9
1963	(   0.70999396656323998656   0.50405115489301999254  -0.38229475729863998668   0.00634676216931999958 )	-0.70999396656324 -2.276130700584744e-9 -3.726850758996845e-9
1964	(   0.70999396933370995111   0.50405115426130997491  -0.38229473929863999615   0.00634671561313000007 )	-0.70999396933371 6.66505969859621e-9 1.4298530984712624e-9
1965	(   0.70999397764511995579   0.50405115236618003305  -0.38229468529864002457   0.00634657594455999979 )	-0.70999397764512 3.348862670504715e-8 1.6899938994203426e-8
1966	(   0.70999397043193002155   0.5040511546276400523   -0.38229473864514001979   0.0063472156131299997  )	-0.70999397043193 5.870238933836092e-9 -3.7239832526003974e-9
1967	(   0.70999397372659001082   0.50405115572662995138  -0.38229473668463997971   0.00634871561313000033 )	-0.70999397372659 3.485776833844767e-9 -1.91884925278751e-8
1968	(   0.70999397620666004904   0.50405114962763997166  -0.38229473366902000375   0.00634738395313000012 )	-0.70999397620666 -4.058048064248254e-9 7.339054911813519e-9
1969	(   0.70999399353085002051   0.5040511346276399518   -0.38229471874066001114   0.00634788897312999964 )	-0.70999399353085 -3.384291008545759e-8 4.0527829566864855e-8
1970	(   0.70999396169998996164   0.50405115962764002191  -0.38229473592113000224   0.0063477147601299997  )	-0.70999396169999 2.61580768157188e-8 -2.745986914924907e-8
1971	(   0.70999399071333002542   0.50405113962764003244  -0.38229473141691000526   0.00634705314612999966 )	-0.70999399071333 -3.42741736381047e-8 4.2137760328396956e-8
1972	(   0.7099939645966499846    0.50405114918542004432  -0.38229468366901997456   0.0063476487051300004  )	-0.70999396459665 5.128672289633762e-8 -1.2065834730691917e-8
1973	(   0.70999394925407000034   0.50405114628698000079  -0.38229474728487999879   0.00634938395313000038 )	-0.70999394925407 2.295045734013179e-8 -5.2986173328225996e-8
1974	(   0.70999398781667000247   0.50405115006986001003  -0.38229478366901997743   0.00634711920112999983 )	-0.70999398781667 -5.940282432614907e-8 2.6743804367079696e-8
1975	(   0.70999400315924998672   0.50405115296830005356  -0.38229472005316000871   0.00634538395312999985 )	-0.70999400315925 -3.106655674378622e-8 6.765628437310322e-8
1976	(   0.70999392620666001985   0.50405114772314996152  -0.38229474143134001274   0.00634609405213000001 )	-0.70999392620666 6.371618535561119e-8 -4.53825202464592e-8
1977	(   0.70999402620665996722   0.5040511515321299818   -0.38229472590669999477   0.00634867385413000022 )	-0.70999402620666 -7.183229217000431e-8 6.005730726589624e-8
1978	(   0.70999397530107000165   0.5040511546276400523   -0.38229473720776002699   0.00634730158512999965 )	-0.70999397530107 -3.942307869042594e-10 2.098763769099363e-9
1979	(   0.70999397258429997049   0.50405116962763996113  -0.38229474782397998567   0.00634705448112999997 )	-0.7099939725843 1.059722057328294e-8 -1.3622190739848964e-8
1980	(   0.70999397204084002677   0.50405115413887002784  -0.38229473013879000654   0.00634830158512999978 )	-0.70999397204084 9.452221283456907e-9 -1.4737556614710776e-8
1981	(   0.70999397856129997653   0.50405115511640996573  -0.38229474427672999193   0.00634630158513000038 )	-0.7099939785613 -1.0240683079310031e-8 1.8933084263926243e-8
1982	(   0.70999399530106999112   0.50405115762602004104  -0.38229472683922999243   0.00634744993412999971 )	-0.70999399530107 -1.9713669530130318e-8 2.5616889520261167e-8
1983	(   0.70999395530107001218   0.50405115162925995254  -0.38229474757629000603   0.00634715323612999958 )	-0.70999395530107 1.8925205957920355e-8 -2.1419405108731397e-8
1984	(   0.70999397686782994565   0.50405115808478995199  -0.38229478720776000067   0.00634747263213000009 )	-0.70999397686783 -3.7535927949194914e-8 -1.3050089272154683e-9
1985	(   0.70999397373430994662   0.50405115117049004159  -0.38229468720775999779   0.00634713053813000007 )	-0.70999397373431 3.6747461434893935e-8 5.502477951253339e-9
1986	(   0.70999396818034998802   0.50405116462763999152  -0.3822947217682999832    0.00634724876813000036 )	-0.70999396818035 3.217909955166576e-8 -1.7342084649950838e-8
1987	(   0.70999398242179001528   0.50405114462764000205  -0.38229475264722001526   0.0063473544021299998  )	-0.70999398242179 -3.296756187487482e-8 2.1539606830916895e-8
1988	(   0.70999398395936996753   0.50405115962764002191  -0.38229473484457998644   0.00634737115132000002 )	-0.70999398395937 -6.681093234206514e-9 8.510325501059034e-9
1989	(   0.7099939724886999981    0.50405115517217002896  -0.38229473797536001056   0.00634780158513000015 )	-0.7099939724887 3.8164752746983055e-9 -8.786849298185104e-9
1990	(   0.70999396664277003577   0.50405114962763997166  -0.38229473957094001202   0.00634723201894000014 )	-0.70999396664277 5.892631244064361e-9 -4.312807419739218e-9
1991	(   0.7099939781134400052    0.50405115408310996461  -0.3822947364401599879    0.00634680158513000001 )	-0.70999397811344 -4.604936959529127e-9 1.2983876947401355e-8
1992	(   0.70999397294236998857   0.50405115508432996041  -0.382294717207759982     0.00634728263385000036 )	-0.70999397294237 1.892124970592768e-8 -1.4666731136544846e-9
1993	(   0.70999397765977001473   0.50405115417095003316  -0.38229475720776001646   0.0063473205364099998  )	-0.70999397765977 -1.9709712223425768e-8 5.664200044564469e-9
1994	(   0.7099939853010700519    0.50405114982080001518  -0.38229473043174999614   0.0063475010543399997  )	-0.70999398530107 -1.5142948589508265e-8 1.857326126913499e-8
1995	(   0.7099939653010699514    0.50405115943447997839  -0.38229474398377000233   0.00634710211591999959 )	-0.70999396530107 1.4354486405077083e-8 -1.4375812973795824e-8
1996	(   0.70999397615675996498   0.50405115262763999784  -0.38229473311343997732   0.00634742680668000034 )	-0.70999397615676 -5.577947825852192e-10 3.7241796359423858e-9
1997	(   0.70999397444538003832   0.50405115662763999573  -0.38229474130208002114   0.00634717636357999982 )	-0.70999397444538 -2.3066684673445081e-10 4.733165413696883e-10
1998	(   0.70999397395229002505   0.50405115525905996865  -0.38229474366138999075   0.00634750158513000019 )	-0.70999397395229 -2.657463166189089e-9 -2.9868680722104288e-9
1999	(   0.70999397664984997824   0.50405115399622002492  -0.38229473075413000771   0.00634710158512999997 )	-0.70999397664985 1.869001398091541e-9 7.184315721419309e-9
2000	(   0.70999398030106997126   0.50405115507191999846  -0.38229473811726000232   0.00634732977089999973 )	-0.70999398030107 -8.206716639591605e-9 8.396615610529383e-9
2001	(   0.70999397474678005437   0.50405115592315996587  -0.38229472720775997674   0.00634738377596999991 )	-0.70999397474678 9.385422244934105e-9 -1.0272280616247767e-9
2002	(   0.70999397030107003204   0.50405115418336998712  -0.38229473629825999614   0.00634727339936000043 )	-0.70999397030107 7.418264891256854e-9 -4.199099542200307e-9
2003	(   0.70999397585535994892   0.50405115333212002771  -0.38229474720776002172   0.00634721939429000025 )	-0.70999397585536 -1.0173884124053956e-8 5.224742200168853e-9
2004	(   0.70999397597278002259   0.50405115473566997064  -0.38229473480398001861   0.00634740158512999992 )	-0.70999397597278 5.35894190134556e-10 1.6750836677142228e-9
2005	(   0.70999397798790997438   0.50405115505975994772  -0.38229472759263999349   0.00634770158512999987 )	-0.70999397798791 3.326269398806758e-9 4.0392303049400016e-10
2006	(   0.70999398403330005181   0.50405115603202998997  -0.38229470595861997362   0.00634860158512999973 )	-0.7099939840333 1.1697394192156096e-8 -3.4106387701321895e-9
2007	(   0.70999398049420003876   0.50405116005976002835  -0.38229472551040000194   0.00634761177720000007 )	-0.7099939804942 6.128130114468888e-9 1.0296438148030577e-10
2008	(   0.70999397548162002103   0.50405115005975997811  -0.38229472967487998503   0.00634779139305999968 )	-0.70999397548162 5.244087386557794e-10 7.048654375560633e-10
2009	(   0.70999398798791002463   0.5040511540298400206   -0.38229471928461000729   0.0063479462578699998  )	-0.70999398798791 -6.474162206338008e-9 1.2527443730305887e-8
2010	(   0.70999397609432002287   0.50405115649687004531  -0.38229473918536999166   0.00634820158513000037 )	-0.70999397609432 -1.2366721813261705e-9 -1.0070013663766018e-8
2011	(   0.70999397988150003691   0.50405115362264996115  -0.38229471599990999531   0.00634720158513000024 )	-0.7099939798815 7.889210784650658e-9 1.0877359613726937e-8
2012	(   0.70999396798791003516   0.50405115608967998586  -0.38229473590066997968   0.00634745691238999994 )	-0.70999396798791 1.3126700421084436e-8 -1.171971717676951e-8
2013	(   0.70999398399311997032   0.50405115444127002178  -0.38229474759263998296   0.00634748640076000011 )	-0.70999398399312 -2.1665535115955592e-8 1.2281544830647774e-8
2014	(   0.70999397198269997844   0.50405115567824998468  -0.38229470759264000401   0.00634791676949999963 )	-0.7099939719827 2.8318073108657416e-8 -1.1473791489308193e-8
2015	(   0.70999398298791005502   0.50405115604951000741  -0.38229472207948000939   0.00634774186571999965 )	-0.70999398298791 9.699515635119837e-10 6.002732876553513e-9
2016	(   0.70999399798790996385   0.50405115901875996443  -0.3822947055400000016    0.00634786270748999987 )	-0.70999399798791 -6.099002802795184e-9 2.27991431664572e-8
2017	(   0.70999398013988002099   0.50405116104950997702  -0.38229473269709002281   0.00634823970065999995 )	-0.70999398013988 2.1588416332374294e-9 -9.361938647949779e-9
2018	(   0.70999397765825000839   0.50405115104951003779  -0.38229474194870000092   0.00634790296361999965 )	-0.70999397765825 -1.1161936486203672e-8 1.3894380519041813e-9
2019	(   0.70999398831756999062   0.50405116104950997702  -0.38229470221026001786   0.00634758076781999966 )	-0.70999398831757 1.3101838863827098e-8 1.0615975685119617e-8
2020	(   0.7099939801780700277    0.5040511534134699545   -0.38229470207948001992   0.00634823302408000015 )	-0.70999398017807 1.7874949048701794e-8 -1.5869003218416371e-9
2021	(   0.70999398579774997131   0.50405115868554994929  -0.38229474207947999886   0.00634725070736000003 )	-0.70999398579775 -1.593504672658952e-8 1.3591883601871602e-8
2022	(   0.70999398583593997802   0.50405115104951003779  -0.38229471146186999597   0.00634724403078000023 )	-0.70999398583594 -2.1893861723576435e-10 2.1366908610771893e-8
2023	(   0.70999397298791000477   0.50405115707948000559  -0.38229471798655001447   0.00634754995770999992 )	-0.70999397298791 2.025207609945845e-8 -6.790788536913562e-9
2024	(   0.70999399298790999424   0.50405115501954000923  -0.38229472617241000432   0.00634793377373000026 )	-0.70999399298791 -1.831217336101254e-8 1.879618074366766e-8
2025	(   0.70999398082128994947   0.504051155804359996    -0.38229472608986997395   0.0063479418657200002  )	-0.70999398082129 9.350236973570958e-10 6.321717020102793e-10
2026	(   0.70999397432142996589   0.5040511550689099618   -0.38229473812103997865   0.00634854186572000011 )	-0.70999397432143 8.302393217363147e-10 -1.5479991377515012e-8
2027	(   0.70999398051099005258   0.50405115080655005233  -0.38229472574924999728   0.00634844186571999983 )	-0.70999398051099 -3.3330932458497387e-9 -1.1588323143955914e-9
2028	(   0.70999398113158995738   0.5040511608021700507   -0.38229472643049000613   0.0063474418657199997  )	-0.70999398113159 5.203140585052779e-9 2.422675718424924e-9
2029	(   0.70999398157019000255   0.5040511607914199832   -0.3822947269119200131    0.00634844186571999983 )	-0.70999398157019 4.161010619396777e-9 -9.639651139380784e-9
2030	(   0.70999398007239000741   0.50405115081730000881  -0.38229472526781999031   0.0063474418657199997  )	-0.70999398007239 -2.290963363460463e-9 1.0903494654432419e-8
2031	(   0.70999398081227005353   0.50405115565905000974  -0.38229474608987001893   0.00634793584203000028 )	-0.70999398081227 -1.448843517382059e-8 8.411495209194775e-10
2032	(   0.70999398083030995643   0.50405115594966998227  -0.38229470608986998448   0.00634794788941000013 )	-0.70999398083031 1.635848162484521e-8 4.231939215563769e-10
2033	(   0.70999399082128999972   0.50405115553929003003  -0.382294726071799984     0.00634793087785000005 )	-0.70999399082129 -1.4438973933161847e-8 1.523662198374496e-8
2034	(   0.70999397082129001024   0.50405115606942996198  -0.38229472610794001941   0.00634795285359000035 )	-0.70999397082129 1.6309020828275678e-8 -1.3972278599145172e-8
2035	(   0.70999398076747000097   0.50405115780436005046  -0.38229472792078000865   0.00634794909669999987 )	-0.70999398076747 1.6165197513906548e-9 -1.5360557312663428e-9
2036	(   0.70999398087511000899   0.50405115380436005257  -0.38229472425895999477   0.00634793463473999967 )	-0.70999398087511 2.5352747679008303e-10 2.8003991417446805e-9
2037	(   0.7099939807020200222    0.50405115572758996123  -0.3822947301471300019    0.00634774186571999965 )	-0.70999398070202 -2.06351569165264e-9 3.078716625204653e-9
2038	(   0.70999398094055998776   0.50405115588113003078  -0.38229472203261000152   0.00634814186571999988 )	-0.70999398094056 3.933562892077802e-9 -1.8144531101536117e-9
2039	(   0.70999398020146997634   0.50405115540540001984  -0.3822947360898700242    0.00634802513388999998 )	-0.70999398020147 -6.172493016709524e-9 -9.061752235696029e-10
2040	(   0.70999398144111003361   0.50405115620331997217  -0.38229471608986997921   0.00634785859755000043 )	-0.70999398144111 8.042540050601232e-9 2.170504871436285e-9
2041	(   0.7099939858212900301    0.50405115578306003421  -0.38229472721569002225   0.0063479463120499997  )	-0.70999398582129 -7.508438371051085e-9 7.696961524607563e-9
2042	(   0.70999397582128997986   0.5040511558256599578   -0.38229472496404998116   0.00634793741938999984 )	-0.70999397582129 9.378485432698369e-9 -6.432617938075121e-9
2043	(   0.70999398282129000393   0.50405115574567005421  -0.38229472746581000253   0.00634799427606000041 )	-0.70999398282129 -3.2002443195455754e-9 2.865439346113859e-9
2044	(   0.70999398882128994526   0.50405115556960000678  -0.38229473159362997725   0.00634815150708000018 )	-0.70999398882129 -1.560604812045341e-8 9.565209094269033e-9
2045	(   0.70999398355986997888   0.50405115674567002593  -0.38229472523160001884   0.0063478599976700004  )	-0.70999398355987 -1.6089264365248823e-9 4.618992868648587e-9
2046	(   0.70999398577561001478   0.5040511597456700521   -0.38229471852897001227   0.00634745716250000036 )	-0.70999398577561 3.1650268239591384e-9 9.879437290073582e-9
2047	(   0.70999398755612996847   0.50405115775950004586  -0.38229470806337001454   0.00634835999767000003 )	-0.70999398755613 6.488109244306983e-9 2.9316939414094517e-9
2048	(   0.70999399954491004827   0.50405116080098999465  -0.38229465655868000162   0.0063498599976699998  )	-0.70999399954491 3.077921198468836e-8 -2.1332022852183353e-9
2049	(   0.70999398755334997002   0.50405115275949996523  -0.38229470804861998001   0.0063483605726699999  )	-0.70999398755335 1.5035909739502529e-9 7.920445898728116e-9
2050	(   0.70999398755890996693   0.50405116275950001548  -0.38229470807811999356   0.00634835942267000016 )	-0.70999398755891 1.147262734813026e-8 -2.0570577945286817e-9
2051	(   0.70999398272143998678   0.50405115776139997052  -0.38229474681419001181   0.00634935999767000016 )	-0.70999398272144 -1.5827081395469733e-8 -1.6633127607999798e-8
2052	(   0.70999400755612995795   0.50405115776025999352  -0.38229469776938002079   0.00634876129266999985 )	-0.70999400755613 -1.5885943671634095e-8 2.623540258266311e-8
2053	(   0.70999399239081995017   0.50405115775760001018  -0.38229466931255001727   0.0063473599976699999  )	-0.70999399239082 2.8803296608925777e-8 2.2494515712857745e-8
2054	(   0.709993967556129979     0.50405115775873998718  -0.38229471835736000829   0.00634795870267000021 )	-0.70999396755613 2.8862160161846617e-8 -2.0372335887019642e-8
2055	(   0.70999399697976994794   0.50405115775580000559  -0.38229475806336998822   0.00634769888267000017 )	-0.70999399697977 -4.5996193687170006e-8 2.4710404558609756e-8
2056	(   0.70999397813248998901   0.50405115776319997511  -0.38229465806336998535   0.0063490211126699999  )	-0.70999397813249 5.897240662466885e-8 -1.884789037778729e-8
2057	(   0.70999398895441001578   0.5040511557594999914   -0.3822947090661399927    0.00634832119967999962 )	-0.70999398895441 1.6068187613793583e-9 7.409840548849649e-9
2058	(   0.70999399314925004667   0.50405114975950005007  -0.38229471207444998271   0.00634820480571000011 )	-0.70999399314925 -1.3037052437603336e-8 2.084426208570758e-8
2059	(   0.70999398670772995157   0.50405115645284004344  -0.38229470977220997296   0.00634882119968000012 )	-0.70999398670773 5.157901883379168e-9 -2.8223293157097194e-9
2060	(   0.70999397996768998098   0.50405115853285997751  -0.38229471189042002477   0.00635032119967999988 )	-0.70999397996769 1.581115047222248e-8 -3.3521838465293404e-8
2061	(   0.70999398937566005063   0.50405116645283998267  -0.38229472560513000357   0.00634873658268000039 )	-0.70999398937566 -9.824239755040765e-10 -7.959471326196425e-9
2062	(   0.70999398634169996747   0.50405115508089004539  -0.38229471111038998421   0.00634782119967999998 )	-0.7099939863417 3.316331376179704e-9 1.0726504845250963e-8
2063	(   0.70999398403979996353   0.5040511464528399932   -0.38229469393928999787   0.00634890581667999984 )	-0.7099939840398 1.1298226798572841e-8 2.3147987077693616e-9
2064	(   0.70999398123724000165   0.50405114874156997651  -0.38229472977221001795   0.00634899470468000028 )	-0.70999398123724 -9.5722753057359e-9 -5.082223683269881e-9
2065	(   0.70999398707376004669   0.5040511578247900415   -0.38229470843403001723   0.00634982119968000025 )	-0.70999398707376 6.999472168534027e-9 -1.637316336565366e-8
2066	(   0.70999399217822001251   0.50405116416410999935  -0.38229468977220998349   0.00634864769467999995 )	-0.70999399217822 1.9888077767982182e-8 -5.624948230586796e-10
2067	(   0.70999403670772998076   0.50405115559371005407  -0.38229471061018999167   0.00634882846967999969 )	-0.70999403670773 -7.195566331663628e-8 6.894389000767842e-8
2068	(   0.7099939367077300334    0.50405115731197003281  -0.38229470893423000977   0.00634881392967999968 )	-0.70999393670773 8.227145614769782e-8 -7.45885435267458e-8
2069	(   0.7099939888780899544    0.50405115598038996438  -0.38229471977221002321   0.00634885212868000013 )	-0.70999398887809 -6.242622391239294e-9 3.392795054437173e-10
2070	(   0.70999399538916996288   0.50405115456303994925  -0.38229474977221000742   0.00634894491568000017 )	-0.70999399538917 -4.0444196131028676e-8 9.824094378647278e-9
2071	(   0.7099939857818700073    0.50405115098038999477  -0.38229470974479001777   0.00634881382773999983 )	-0.70999398578187 1.1065711125191058e-9 1.4290169289993835e-9
2072	(   0.70999397649321005499   0.50405113598038997491  -0.38229467966253000144   0.00634869892491999981 )	-0.70999397649321 2.3154150124993222e-8 4.6982117071349785e-9
2073	(   0.70999401163239994617   0.50405115875549999505  -0.38229465974478998858   0.00634852553183000001 )	-0.7099940116324 8.018054054037549e-9 3.402194013093899e-8
2074	(   0.70999395993133995741   0.5040511432052799945   -0.38229475974478999145   0.00634910212364999966 )	-0.70999395993134 -5.804919461782632e-9 -3.1164071391781133e-8
2075	(   0.7099940190296499809    0.50405116098039004502  -0.38229474091361997923   0.00634924560957000027 )	-0.70999401902965 -6.300455560048768e-8 3.3157674287869593e-8
2076	(   0.7099939525340900337    0.50405114098038994452  -0.3822946785759600008    0.00634838204591000026 )	-0.70999395253409 6.521769119194332e-8 -3.03000110805381e-8
2077	(   0.70999403578187003649   0.50405114209288004457  -0.38229468204347000215   0.00634914337046999996 )	-0.70999403578187 -6.221452775179159e-8 7.713140853476925e-8
2078	(   0.70999393578186997811   0.50405115986789994498  -0.38229473744610997787   0.0063484842850099997  )	-0.70999393578187 6.442765787539884e-8 -7.42735868775854e-8
2079	(   0.70999403061518995273   0.50405114841349996091  -0.38229475177472999059   0.0063483138277400002  )	-0.70999403061519 -1.0139625347682646e-7 7.400724784065329e-8
2080	(   0.70999394094854995085   0.50405115354729002064  -0.38229466771484998944   0.00634931382774000033 )	-0.70999394094855 1.0360939375897438e-7 -7.114972008889271e-8
2081	(   0.70999398599868002169   0.50405115016894996849  -0.3822947088380900249    0.00634901382774000038 )	-0.70999398599868 6.605080649091377e-10 8.759044467651026e-12
2082	(   0.70999398664910995382   0.50405114773463000066  -0.3822947061179899908    0.00634961382774000029 )	-0.70999398664911 -6.776807170982835e-10 -4.252494942179254e-9
2083	(   0.70999398879501995907   0.50405116016895001874  -0.38229471391801000957   0.00634911469321999995 )	-0.70999398879502 2.547621807957867e-9 -7.301274787244367e-9
2084	(   0.70999398320233997328   0.50405114016895002926  -0.38229470375816998473   0.00634891296225999994 )	-0.70999398320234 -1.2266054005838356e-9 7.318772195429805e-9
2085	(   0.70999399986042999178   0.50405114716762000615  -0.38229470895593997692   0.00634951382774000001 )	-0.70999399986043 -2.3393698450613343e-8 1.6344343549850357e-8
2086	(   0.70999400599868001116   0.50405115206434003561  -0.3822946929354900103    0.00634869806997999993 )	-0.70999400599868 -1.55306308091685e-8 3.052252980939742e-8
2087	(   0.7099939721369300516    0.50405115317028004185  -0.38229470872024001737   0.00634851382773999988 )	-0.70999397213693 2.4714713914297803e-8 -1.6327325238861675e-8
2088	(   0.70999396599868003221   0.50405114827356001239  -0.382294724740689984     0.00634932958549999996 )	-0.70999396599868 1.685164494058533e-8 -3.0505210460249766e-8
2089	(   0.70999399700808996094   0.5040511477851999933   -0.38229472883809001438   0.00634878434744999987 )	-0.70999399700809 -3.366427950290962e-8 2.0939633249053276e-8
2090	(   0.70999397498926997141   0.5040511525527000547   -0.38229468883808997992   0.00634924330803000002 )	-0.70999397498927 3.4985294633527175e-8 -2.0922220482518894e-8
2091	(   0.70999398786815004492   0.50405115082656004599  -0.38229470774197998884   0.00634881382773999983 )	-0.70999398786815 -6.709593436404759e-10 4.545339462357968e-9
2092	(   0.70999398412920999846   0.50405114951134000201  -0.38229470993420000546   0.00634921382774000006 )	-0.70999398412921 1.991975639992205e-9 -4.527901484436788e-9
2093	(   0.70999398505594002451   0.50405114516894999888  -0.38229471717211999104   0.00634896572840999967 )	-0.70999398505594 -9.285921503954242e-9 4.280843822503902e-9
2094	(   0.70999398694142001887   0.50405115516895004912  -0.38229470050406000325   0.00634906192707000022 )	-0.70999398694142 1.0606937661528093e-8 -4.263330471681172e-9
2095	(   0.70999399593797996033   0.50405115366523001175  -0.38229471883809001964   0.00634904746153000001 )	-0.70999399593798 -1.8520055017345882e-8 1.0199081516173276e-8
2096	(   0.70999399599867996091   0.50405114705091003113  -0.3822947029748700043    0.00634904766694999959 )	-0.70999399599868 -1.3097319867538815e-8 1.689698632883563e-8
2097	(   0.70999397599867997144   0.50405115328699001687  -0.38229471470130999      0.0063489799885300003  )	-0.70999397599868 1.4418335830823636e-8 -1.6879470641096433e-8
2098	(   0.70999397605937997202   0.50405114667267003625  -0.38229469883808997466   0.00634898019394999989 )	-0.70999397605938 1.9841070841852826e-8 -1.018156580071916e-8
2099	(   0.70999398936390001325   0.50405114989245003443  -0.38229470437341001032   0.00634911382773999979 )	-0.7099939893639 -1.2914807279162943e-9 3.794018084517768e-9
2100	(   0.70999399945955998792   0.5040511490629500102   -0.38229469097937002209   0.00634941382773999974 )	-0.70999399945956 -7.147448161104464e-9 1.5149675759768184e-8
2101	(   0.70999399131736995461   0.50405115489245000404  -0.38229471152191002448   0.00634915812795000013 )	-0.70999399131737 -4.711330825468707e-9 1.0053858849910563e-9
2102	(   0.70999399717778000074   0.5040511698924500239   -0.38229473296741001143   0.00634929102858000031 )	-0.70999399717778 -1.4970881923037638e-8 -7.3605341526441375e-9
2103	(   0.70999399123164996794   0.50405115581454995599  -0.38229470621379002537   0.00634865812794999963 )	-0.70999399123165 3.989335806142691e-10 6.3104727612964045e-9
2104	(   0.70999399106825000771   0.50405114489244995379  -0.38229469609521998796   0.00634921440827       )	-0.70999399106825 -2.5395093805613556e-9 9.936970100695027e-9
2105	(   0.70999399156649001252   0.50405116489245005429  -0.38229472694860000548   0.00634910184763000027 )	-0.70999399156649 -6.883152936509873e-9 -7.926204554629696e-9
2106	(   0.70999399140309005229   0.50405115397035005209  -0.38229471683003002358   0.00634965812794999977 )	-0.70999399140309 -9.821595592374166e-9 -4.30020076924736e-9
2107	(   0.70999399056428003085   0.50405116299348995401  -0.38229469152190997949   0.00634932826136000005 )	-0.70999399056428 1.9820375757317876e-8 -1.0325469441912853e-8
2108	(   0.70999399207045998939   0.50405114679141005407  -0.38229473152191001395   0.00634898799454000021 )	-0.70999399207046 -2.9243038462967164e-8 1.2336183543188188e-8
2109	(   0.70999397131736996513   0.50405115479416995328  -0.38229471208767001889   0.00634915606393000008 )	-0.70999397131737 2.5003302178694398e-8 -2.7269883700767144e-8
2110	(   0.7099940113173700551    0.50405115499073005481  -0.38229471095614997456   0.00634916019197000019 )	-0.70999401131737 -3.442596574476653e-8 2.9280656461432215e-8
2111	(   0.70999399369201998677   0.50405115989244997365  -0.38229471502309997355   0.00634909677989000006 )	-0.70999399369202 -5.979426148661204e-9 1.56373696780785e-10
2112	(   0.70999400081596997225   0.50405117489244999351  -0.3822947255266699873    0.00634891273570999982 )	-0.70999400081597 -9.783712312527726e-9 -2.390708030867506e-9
2113	(   0.7099940221878200397    0.50405121989245005309  -0.38229475703737997305   0.00634836060317       )	-0.70999402218782 -2.1196573302129096e-8 -1.0032359236866913e-8
2114	(   0.70999400986764005239   0.50405118667701998003  -0.38229472644130002568   0.00634791273570999969 )	-0.70999400986764 -1.2387068204500196e-8 1.137481035249732e-8
2115	(   0.70999399176430000313   0.504051163107880007    -0.38229472461204000444   0.00634991273570999996 )	-0.7099939917643 -7.18035683688889e-9 -1.615822619219329e-8
2116	(   0.70999400003724000285   0.50405117507713004255  -0.38229467552667001362   0.00634889706471000043 )	-0.70999400003724 2.980809124530914e-8 -3.4821879420809704e-9
2117	(   0.70999396512740997611   0.50405115489245000404  -0.38229472618355997415   0.00634819453171000039 )	-0.70999396512741 2.3684931071965565e-8 -2.3948920593750084e-8
2118	(   0.70999403650452996839   0.50405119489244998299  -0.38229472486978000045   0.00634963093971000012 )	-0.70999403650453 -4.3252361026091535e-8 1.916647534051932e-8
2119	(   0.70999400159470005267   0.50405117470777005551  -0.3822947755266700165    0.00634892840671000009 )	-0.7099940015947 -4.937552092187936e-8 -1.2992286108315073e-9
2120	(   0.70999395081597005408   0.50405118675020998964  -0.38229472644697998218   0.00634908138570999987 )	-0.70999395081597 7.698410509071607e-8 -8.738938220792205e-8
2121	(   0.70999405081597000144   0.50405116303468999739  -0.38229472460635999242   0.00634874408570999978 )	-0.70999405081597 -9.655154048493486e-8 8.260791436756442e-8
2122	(   0.70999400315400995609   0.50405117533926002693  -0.3822947083736200069    0.00634841273571000019 )	-0.70999400315401 2.42380365778061e-10 6.831133399794306e-9
2123	(   0.70999401016813001863   0.50405117667969001616  -0.38229465691447001019   0.00634691273571000043 )	-0.70999401016813 3.0320654514914835e-8 3.449365802487897e-8
2124	(   0.70999397486201998309   0.50405116533925997668  -0.38229471243535001479   0.00634859340871000034 )	-0.70999397486202 2.9922076538735354e-8 -2.5637158417017743e-8
2125	(   0.70999403144600004012   0.50405118533925996616  -0.38229470431188999902   0.00634823206271000005 )	-0.709994031446 -2.9437319443159637e-8 3.929936170750576e-8
2126	(   0.70999397137209996345   0.50405117720335002041  -0.38229471293638001006   0.00634741273571000006 )	-0.7099939713721 4.6680800780407594e-8 -2.7467061137519187e-8
2127	(   0.70999403493591994874   0.50405117347517003346  -0.38229470381086000375   0.00634941273571000032 )	-0.70999403493592 -4.619604435096569e-8 4.1127329935517236e-8
2128	(   0.70999399085561998302   0.50405117606059002267  -0.38229465837361997771   0.00634849127371000035 )	-0.70999399085562 5.779171943776085e-8 -1.2350952191765758e-8
2129	(   0.70999401545240004019   0.5040511746179300312   -0.38229475837361998058   0.00634833419771000003 )	-0.7099940154524 -5.7306964312831e-8 2.601320698798949e-8
2130	(   0.70999395315401003792   0.50405118275020999175  -0.38229472651347001788   0.00634921962871000042 )	-0.70999395315401 6.939751001633354e-8 -8.182484504185955e-8
2131	(   0.70999405315400998528   0.50405116792830995109  -0.38229469023376999592   0.00634760584270999996 )	-0.70999405315401 -6.8912760692319e-8 9.548581479585413e-8
2132	(   0.70999399871861001987   0.5040511703392599463   -0.38229470745548999044   0.00634873281168000028 )	-0.70999399871861 2.6519147988679492e-9 1.4688675755924964e-9
2133	(   0.70999400758941000333   0.50405118033925999654  -0.38229470929175002336   0.0063480926597400001  )	-0.70999400758941 -2.1671543448675834e-9 1.2193194548797885e-8
2134	(   0.70999400239351995179   0.50405117520636000261  -0.38229472837361999638   0.00634842124362999978 )	-0.70999400239352 -1.403223873208681e-8 5.776123040785385e-9
2135	(   0.70999400391449996039   0.50405117547216005125  -0.38229468837362001743   0.00634840422778999974 )	-0.7099940039145 1.4516998769753542e-8 7.886143503033159e-9
2136	(   0.7099939892721900403    0.50405117291325995943  -0.38229470792814002067   0.00634791273570999969 )	-0.70999398927219 1.915011088593488e-8 -4.106721481785371e-9
2137	(   0.70999401703582998291   0.50405117776525998341  -0.38229470881909999314   0.00634891273570999982 )	-0.70999401703583 -1.866535115357948e-8 1.7768488836507822e-8
2138	(   0.70999398315400996662   0.50405117788779996157  -0.38229470773181001286   0.00634863648321000017 )	-0.70999398315401 3.352712971138594e-8 -2.6958099321053926e-8
2139	(   0.70999402315400994556   0.50405117279071998126  -0.38229470901543000094   0.00634818898821000021 )	-0.70999402315401 -3.3042370645164354e-8 4.062026677191776e-8
2140	(   0.70999400289501002348   0.50405117733925997037  -0.382294707494630015     0.00634840106287000005 )	-0.70999400289501 3.30612576204814e-9 4.611564523335861e-9
2141	(   0.7099940021180100036    0.50405118333926002272  -0.38229470485765998378   0.00634836604434999962 )	-0.70999400211801 1.2497362478214313e-8 -2.0471442962227324e-9
2142	(   0.70999400686411995309   0.504051182339260051    -0.38229471303983997288   0.00634835205247000038 )	-0.70999400686412 -1.936066612584497e-9 5.869925876388017e-9
2143	(   0.70999401877144996398   0.50405119733925995984  -0.38229472967547001305   0.00634820502126999964 )	-0.70999401877145 -1.7662645235283492e-8 9.644981999510195e-9
2144	(   0.7099939949789799698    0.50405118042534002853  -0.38229473303984001786   0.0063481216192199999  )	-0.70999399497898 -1.1681820788478348e-9 -6.167220624188037e-9
2145	(   0.70999400454814998174   0.50405119233925999023  -0.38229471693709998759   0.00634843047530000027 )	-0.70999400454815 8.586511751618175e-9 -8.414441255440543e-9
2146	(   0.70999401874926004741   0.50405118425317996245  -0.38229469303983998341   0.00634858248571999999 )	-0.70999401874926 -2.7039527561445453e-9 1.7906966622095234e-8
2147	(   0.70999400918009003547   0.50405117233926000075  -0.38229470914258001368   0.00634827362963999962 )	-0.70999400918009 -1.2458645365365228e-8 2.0154281041016614e-8
2148	(   0.70999399209818003786   0.50405117996143000703  -0.38229471257220998259   0.00634885205247000001 )	-0.70999399209818 1.8373801757842756e-8 -1.9068303569059878e-8
2149	(   0.70999402163005997934   0.50405118471708998396  -0.38229471350747001868   0.00634785205246999988 )	-0.70999402163006 -2.224593625976823e-8 3.0807656099000804e-8
2150	(   0.70999398686411996362   0.50405118404783000319  -0.38229469518566999708   0.00634799278108000038 )	-0.70999398686412 4.3669101168486435e-8 -1.96769704966494e-8
2151	(   0.70999402686412005359   0.50405118063068998779  -0.38229473089401000419   0.00634871132386000039 )	-0.70999402686412 -4.7541236947168386e-8 3.141656509676174e-8
2152	(   0.70999400845728999343   0.50405118733926002061  -0.38229471199594999842   0.00634832493132999991 )	-0.70999400845729 1.4527702374422802e-9 3.4765566222347733e-9
2153	(   0.70999401323680000342   0.50405120233926004047  -0.38229470886428001952   0.00634824356791000022 )	-0.7099940132368 1.1619280898544915e-8 -3.7035601889627372e-9
2154	(   0.70999401279256002528   0.50405119733925995984  -0.38229470893181000113   0.00634850148307000012 )	-0.70999401279256 7.239461002894743e-9 -2.6090586505638858e-9
2155	(   0.70999400558406000616   0.50405118897836997949  -0.38229473199594998789   0.0063483538700900002  )	-0.70999400558406 -7.854796341133508e-9 -2.609931631172857e-9
2156	(   0.70999400412201996158   0.50405117733925997037  -0.38229471506008999571   0.0063481483795899997  )	-0.70999400412202 -4.333920694543636e-9 9.562109665027128e-9
2157	(   0.7099940113305199807    0.50405118570014995072  -0.38229469199595000894   0.00634829599256999961 )	-0.70999401133052 1.0760335872328497e-8 9.563043311762085e-9
2158	(   0.7099940158834699977    0.50405118310279994898  -0.38229471329406000679   0.00634882493133000041 )	-0.70999401588347 -1.5006633602432373e-8 1.190952845527395e-8
2159	(   0.70999400103110998916   0.50405119157571998123  -0.38229471069783999004   0.00634782493133000027 )	-0.70999400103111 1.7912173744250026e-8 -4.956914988771353e-9
2160	(   0.7099940284572899829    0.50405118686199001932  -0.38229471549199001146   0.00634812349433000033 )	-0.70999402845729 -3.1943025335934294e-8 3.4911121759324674e-8
2161	(   0.70999398845729000396   0.50405118781653002191  -0.38229470849990998538   0.00634852636833000035 )	-0.70999398845729 3.484856411772874e-8 -2.7958089002460098e-8
2162	(   0.7099940118256999888    0.50405119233925999023  -0.38229471015180999105   0.00634837582497000015 )	-0.7099940118257 2.7688196735375925e-9 2.6134771386612603e-9
2163	(   0.70999402193092997493   0.50405120733926001009  -0.38229470461939002446   0.00634852850589000001 )	-0.70999402193093 6.716967732023349e-9 2.4207717014485593e-11
2164	(   0.70999405224662004432   0.50405125233925995865  -0.38229468802213001366   0.0063489865486499996  )	-0.70999405224662 1.8561408521300393e-8 -7.743878620155252e-9
2165	(   0.70999403741083999542   0.50405121011088005467  -0.38229468409576000676   0.00634952850589000015 )	-0.70999403741084 1.7708632615853759e-9 6.535818117542737e-9
2166	(   0.70999408385056994586   0.50405121842573996638  -0.38229462252487000917   0.00635252850588999968 )	-0.70999408385057 -1.3067461307469941e-8 2.6058651983683595e-8
2167	(   0.70999404031628998712   0.50405123913941995983  -0.38229474366000998353   0.00634752850588999988 )	-0.70999404031629 -1.9136630891036788e-8 7.0270965696662166e-9
2168	(   0.70999403450539000371   0.50405118108234003849  -0.38229462453150997447   0.00635152850589000041 )	-0.70999403450539 2.2678350170002304e-8 6.036539776439645e-9
2169	(   0.70999403450539000371   0.50405124613417995327  -0.38229478189984000824   0.00635152850589000041 )	-0.70999403450539 -3.259196795779573e-8 -5.901530013834738e-8
2170	(   0.70999404031628998712   0.50405117408758004505  -0.38229458629168000527   0.00634752850588999988 )	-0.70999404031629 3.6133675163085854e-8 7.207893648445324e-8
2171	(   0.70999403337809996462   0.50405126011087997284  -0.38229460142112997589   0.00634970241389       )	-0.7099940333781 1.2108160976631588e-7 -5.1399122415845785e-8
2172	(   0.70999404144358002622   0.50405116011088002548  -0.38229476677038998211   0.00634935459789000029 )	-0.70999404144358 -1.1753989712093293e-7 6.447069827396877e-8
2173	(   0.70999393741084004805   0.50405120899328004214  -0.38229468594369997447   0.00634946645688999958 )	-0.70999393741084 1.504677865082904e-7 -1.3355741931865686e-7
2174	(   0.7099941374108400538    0.50405121122847995618  -0.38229468224781998353   0.00634959055488999984 )	-0.70999413741084 -1.4692610292299513e-7 1.4662906817067755e-7
2175	(   0.70999404132011001423   0.50405123011088004414  -0.38229471519880997565   0.00634902348988999974 )	-0.70999404132011 -7.922088818279605e-9 -1.500093148765376e-9
2176	(   0.70999405304791995963   0.50405129011088001256  -0.38229480850795999336   0.00634750844189000026 )	-0.70999405304792 -3.7000957020527636e-8 -2.561088733060333e-8
2177	(   0.70999404583300995686   0.50405123645243998798  -0.38229472098811001501   0.00634702348989000034 )	-0.70999404583301 -1.2831710610727853e-8 2.3958705008510694e-8
2178	(   0.70999403680720996057   0.50405122376931998929  -0.3822947094095099918    0.00635102348989000001 )	-0.70999403680721 -3.012467220120385e-9 -2.6966891306050137e-8
2179	(   0.70999406612143001194   0.50405126496182994789  -0.38229461519880997278   0.00634917405189000007 )	-0.70999406612143 6.588138615204464e-8 -3.045329662522292e-9
2180	(   0.70999401651879001651   0.50405119525993002938  -0.38229481519880997853   0.00634887292789000027 )	-0.70999401651879 -8.172558654817585e-8 4.509935941409207e-11
2181	(   0.70999401625168001573   0.50405128011087996232  -0.38229476084457997276   0.00634923949889000007 )	-0.70999401625168 4.508798470692632e-8 -8.983990338533136e-8
2182	(   0.70999406638854001272   0.50405118011088001495  -0.38229466955303997855   0.00634880748089000028 )	-0.70999406638854 -6.093216933789058e-8 8.683962510028681e-8
2183	(   0.70999399132010998503   0.50405122050101003328  -0.38229465105713000828   0.00634871995389000004 )	-0.70999399132011 1.0712381312560915e-7 -5.903540257515239e-8
2184	(   0.70999409132011004342   0.50405123972075005501  -0.38229477934048999854   0.00634932702589000031 )	-0.70999409132011 -1.229680097192265e-7 5.603503700540906e-8
2185	(   0.70999404149634004479   0.50405122951656999852  -0.38229471122492997281   0.00634802348988999961 )	-0.70999404149634 -5.744520470418735e-9 1.2041508479453112e-8
2186	(   0.70999404114387998366   0.50405123070518997874  -0.38229471917268997849   0.00635002348988999987 )	-0.70999404114388 -1.009965738818508e-8 -1.5043694554938043e-8
2187	(   0.7099940465631700004    0.50405121242955996941  -0.38229466519881000197   0.00634913154788999991 )	-0.70999404656317 4.697113448193235e-9 2.2254172461405922e-8
2188	(   0.70999403607705002806   0.50405124779220000786  -0.38229476519881000485   0.00634891543188999957 )	-0.70999403607705 -2.0541296441578538e-8 -2.5254381889949567e-8
2189	(   0.70999402132011002475   0.50405122864300999641  -0.38229470538385001976   0.00634903246088999989 )	-0.70999402132011 2.835994708516587e-8 -2.85458985703531e-8
2190	(   0.70999404321595005474   0.50405125011088003362  -0.38229467244909998147   0.00634906256289000017 )	-0.70999404321595 4.189685498534601e-8 -1.9304175221178485e-8
2191	(   0.7099940613201100037    0.50405123157874998086  -0.38229472501376998705   0.00634901451888999959 )	-0.70999406132011 -4.420412688665998e-8 2.554571311106648e-8
2192	(   0.70999403942426997371   0.50405121011088005467  -0.38229475794852002535   0.00634898441689000018 )	-0.70999403942427 -5.774103636890793e-8 1.6303985870243036e-8
2193	(   0.70999404466434001826   0.50405122918968003898  -0.38229469519880998618   0.00634875117399999987 )	-0.70999404466434 1.3911051477411007e-9 7.627679489230846e-9
2194	(   0.70999405469703003035   0.50405122642608002348  -0.38229463519881001776   0.00634793422633000027 )	-0.70999405469703 2.9330682160821908e-8 3.5010107420870354e-8
2195	(   0.70999405816087002297   0.50405123438257004587  -0.38229468700189001007   0.006349751174         )	-0.70999405816087 -7.55918710959591e-9 8.901199125060856e-9
2196	(   0.70999409865046003709   0.50405124996123995551  -0.38229466241113002622   0.0063527511740000004  )	-0.70999409865046 -3.441006965476667e-8 1.2709760475042059e-8
2197	(   0.70999406039673995661   0.50405121438256994537  -0.38229463263935997697   0.0063509393560000002  )	-0.70999406039674 1.0624573082429478e-8 1.698537613055944e-8
2198	(   0.7099940559249999783    0.50405125438257003534  -0.38229474136441998766   0.00634856299199999981 )	-0.709994055925 -2.574295324131448e-8 8.141985666338075e-10
2199	(   0.70999405935091997044   0.50405124943160994899  -0.3822946580671600092    0.00635175117400000027 )	-0.70999405935092 2.7813356590078442e-8 -2.98609886640271e-8
2200	(   0.70999405697081996447   0.50405121933353003172  -0.38229471593662001094   0.00634775117399999974 )	-0.70999405697082 -4.293173255787153e-8 4.7655386914153674e-8
2201	(   0.70999405758704003944   0.50405123951551999983  -0.38229458700189000719   0.00634878679599999978 )	-0.70999405758704 7.490047873592864e-8 1.5199608063909203e-8
2202	(   0.7099940587347000065    0.50405122924961998088  -0.38229478700189001295   0.00635071555200000023 )	-0.7099940587347 -9.001887316117951e-8 2.600930247387376e-9
2203	(   0.70999400816086999377   0.50405123401173002051  -0.3822946859939099773    0.00634982084699999959 )	-0.70999400816087 6.845439279312693e-8 -6.261218148753022e-8
2204	(   0.70999410816087005216   0.5040512347534099602   -0.38229468800986998733   0.00634968150100000042 )	-0.70999410816087 -8.357277775372651e-8 8.041457513602686e-8
2205	(   0.70999405727975994918   0.50405124438256998509  -0.38229468800864002676   0.00634970876000000035 )	-0.70999405727976 3.0035429143815406e-9 -1.8113317581269382e-9
2206	(   0.70999405463642994984   0.50405127438257002481  -0.3822946910288900213    0.00634958151799999964 )	-0.70999405463643 3.469173287529159e-8 -3.3948945884020964e-8
2207	(   0.70999405409363003372   0.50405123926259998157  -0.38229472089715998973   0.00634870876000000021 )	-0.70999405409363 -2.2444337527405267e-8 1.1482789137386997e-8
2208	(   0.70999405854210995148   0.50405122438256999562  -0.38229469943035998547   0.00635010496099999971 )	-0.70999405854211 -2.7638402927410155e-8 1.4949511354982387e-8
2209	(   0.70999406046588997565   0.50405124950253998861  -0.38229465512012000827   0.00635070875999999961 )	-0.70999406046589 2.8451421024699997e-8 -1.510745254261058e-8
2210	(   0.70999406280584997919   0.50405125326275002084  -0.38229473800864000044   0.00635020884700000007 )	-0.70999406280585 -3.470271445205064e-8 -9.195593315055868e-9
2211	(   0.70999407727976004967   0.504051243194090004    -0.38229468131686000776   0.00634947663300000024 )	-0.70999407727976 -2.3313967922877765e-8 3.072473490540762e-8
2212	(   0.70999405601740994687   0.50405126438256997456  -0.38229467658692001253   0.00634931255900000012 )	-0.70999405601741 3.3645488506373056e-8 -1.8572488821694234e-8
2213	(   0.70999405175367003018   0.50405123550238994934  -0.38229463800863999756   0.00634920867299999976 )	-0.70999405175367 4.070979497949878e-8 5.572429846840922e-9
2214	(   0.7099940372797599597    0.50405124557104996619  -0.38229469470041999024   0.00634994088699999959 )	-0.70999403727976 2.9321051753239402e-8 -3.434750518834168e-8
2215	(   0.70999405715579999576   0.50405124447044002967  -0.38229468781302000657   0.00634920875999999985 )	-0.7099940571558 3.4284434458076163e-9 4.274235315596781e-9
2216	(   0.70999405740372001361   0.50405124429470005154  -0.38229468820425999143   0.00635020875999999998 )	-0.70999405740372 2.5786423274443138e-9 -7.897398720819581e-9
2217	(   0.70999406727975999942   0.50405125228431002515  -0.38229470378967000954   0.00634970217482000009 )	-0.70999406727976 -1.62834722650107e-8 4.570437379537826e-9
2218	(   0.70999406727975999942   0.50405123729380996167  -0.3822946768550399832    0.00634970217482000009 )	-0.70999406727976 -1.0680040241073385e-8 1.956093744302095e-8
2219	(   0.70999405648588997941   0.5040512353986700278   -0.38229470800864001623   0.00634970041431000016 )	-0.70999405648589 -2.0071595524528973e-8 6.151267600048704e-9
2220	(   0.70999404727976000995   0.50405123648082994503  -0.38229467222761998046   0.00634971534517999973 )	-0.70999404727976 2.2290549406278615e-8 -8.193100649447416e-9
2221	(   0.70999405807363002996   0.50405125336647005341  -0.38229466800863998177   0.00634971710568999967 )	-0.70999405807363 2.6078680520624786e-8 -9.773931255595454e-9
2222	(   0.70999404727976000995   0.50405125147133000851  -0.3822946991622400148    0.00634971534517999973 )	-0.70999404727976 1.6687125264924774e-8 -2.318360071293054e-8
2223	(   0.70999405921705005529   0.50405124439997994745  -0.38229468289564999539   0.0063495087599999998  )	-0.70999405921705 4.000575898333025e-9 3.462030712611953e-9
2224	(   0.70999406502892004056   0.50405124445220994556  -0.38229466755668001232   0.00634890875999999989 )	-0.70999406502892 6.991675016720933e-9 1.928163756970521e-8
2225	(   0.7099940643721499578    0.50405124590002003959  -0.38229466739389000862   0.0063500087600000003  )	-0.70999406437215 9.55716936146267e-9 2.9324125443006737e-9
2226	(   0.70999405406195004176   0.50405124289993996634  -0.38229469839740998216   0.00634900876000000017 )	-0.70999405406195 -1.5560179811302532e-9 3.991148769889375e-9
2227	(   0.70999405591068998067   0.50405124939998002809  -0.38229469283812000935   0.00634963663635999993 )	-0.70999405591069 6.398793689355031e-9 -7.856881918212654e-9
2228	(   0.70999406252342001089   0.50405123939997997784  -0.38229467295317998143   0.00634938088363999967 )	-0.70999406252342 1.60234303603346e-9 1.4780924516503004e-8
2229	(   0.70999406921704999451   0.50405124730979999903  -0.38229468074332001448   0.00634912200185999958 )	-0.70999406921705 -6.56670248733171e-9 1.9663390634845656e-8
2230	(   0.70999404921705000504   0.5040512414901600069   -0.3822946850479799763    0.00634989551814000002 )	-0.70999404921705 1.4567854117464307e-8 -1.2739628484359771e-8
2231	(   0.7099940665252499894    0.50405124246466004312  -0.38229470289564998486   0.00634976599245000006 )	-0.70999406652525 -2.4278537624766727e-8 1.250824220609193e-8
2232	(   0.70999405190885001016   0.50405124633529996281  -0.38229466289565000592   0.00634925152755000041 )	-0.70999405190885 3.227968864427666e-8 -5.584313228963755e-9
2233	(   0.70999405826737005398   0.50405124239998000402  -0.38229468569260000033   0.00634961850046000028 )	-0.70999405826737 1.2982347419310258e-9 2.7198883046457008e-9
2234	(   0.70999405541833005007   0.50405123639997995166  -0.38229469408345001513   0.00634994772183999998 )	-0.70999405541833 -6.808789032586304e-9 4.9331667615097e-10
2235	(   0.70999406193842995449   0.5040512373999800344   -0.38229468057754001364   0.00635006767849000033 )	-0.70999406193843 -5.342495723592577e-9 7.22832961956338e-9
2236	(   0.70999405459631004245   0.50405124739997997363  -0.38229469080765998701   0.00634916932243000023 )	-0.70999405459631 7.93896526296578e-9 -1.7889567541302573e-9
2237	(   0.70999405615672994685   0.5040512452746900296   -0.38229470492458000885   0.00635011850045999991 )	-0.70999405615673 -7.339755525581637e-9 -9.501774135770437e-9
2238	(   0.70999406046229995848   0.50405124649429000616  -0.38229466569260001085   0.00634988706456999976 )	-0.7099940604623 1.7364994775448395e-8 -1.6682787128805454e-9
2239	(   0.70999405607244003846   0.50405123830567000187  -0.3822947056925999898    0.00634934993634999993 )	-0.70999405607244 -1.4768525957720158e-8 7.107910846770795e-9
2240	(   0.70999406037801005009   0.50405123952526997844  -0.3822946664606199918    0.00634911850045999978 )	-0.70999406037801 9.936224398821025e-9 1.4941050523026007e-8
2241	(   0.70999406826736999321   0.50405124322132000003  -0.38229469118742998024   0.00634954471481999957 )	-0.70999406826737 -1.7204460911468544e-8 1.7035445353747792e-8
2242	(   0.70999404826737000374   0.504051241578640008    -0.38229468019778001242   0.00634969228610000012 )	-0.70999404826737 1.980092240172482e-8 -1.1595679633092033e-8
2243	(   0.70999405662603998213   0.5040512416368699844   -0.38229468990211001866   0.00634981850045999996 )	-0.70999405662604 -2.0127999267316454e-10 -1.387558289099621e-9
2244	(   0.7099940632673700236    0.50405124290059999392  -0.38229468293103002763   0.00634972650458999997 )	-0.70999406326737 -3.6510516554510986e-9 7.947627130291068e-9
2245	(   0.70999405990870001482   0.50405124316309002364  -0.38229468148308998199   0.00634941850045999973 )	-0.7099940599087 2.79774964306867e-9 6.8272546763478215e-9
2246	(   0.70999406000083997714   0.50405124039997994956  -0.38229468473518002369   0.0063495730119999998  )	-0.70999406000084 -2.5912148815532277e-9 7.759061689421073e-9
2247	(   0.7099940565339000198    0.50405124439997994745  -0.38229468665001997696   0.00634966398891999989 )	-0.7099940565339 5.187684393170855e-9 -2.31928932954489e-9
2248	(   0.70999405326736997335   0.50405124189936001411  -0.38229468845416997302   0.00634951049632999972 )	-0.70999405326737 6.247521222579877e-9 -2.5078740728253033e-9
2249	(   0.70999406021656996657   0.50405124259514000329  -0.38229469569259999506   0.00634956735101000012 )	-0.70999406021657 -9.100224795943745e-9 5.9421254115094024e-9
2250	(   0.70999405631817003037   0.50405124220482000474  -0.38229467569260000559   0.00634966964990999957 )	-0.70999405631817 1.169669419653907e-8 -5.023541457693944e-10
2251	(   0.70999405938679005512   0.50405124339997997573  -0.38229468982731001914   0.00634964793095999999 )	-0.70999405938679 -2.5559911687178527e-9 2.9357056089741613e-9
2252	(   0.70999406274504994752   0.50405124639998000191  -0.38229470223144002006   0.00634973622246       )	-0.70999406274505 -1.4118668872908913e-8 3.583147128092786e-9
2253	(   0.70999405975315998951   0.50405124264358003305  -0.38229468600215998908   0.00634984793095999967 )	-0.70999405975316 -9.417739921246948e-10 1.6724473406919214e-9
2254	(   0.70999406085227001473   0.50405124037437998297  -0.38229467452671000993   0.00635044793095999958 )	-0.70999406085227 3.9008766217207835e-9 -2.117806909041639e-9
2255	(   0.70999406025647004981   0.50405124764358000267  -0.38229468927019999436   0.00634969072324999967 )	-0.70999406025647 7.983742000838845e-10 -6.163929352961126e-10
2256	(   0.70999406176640000865   0.50405126264358002253  -0.38229469907432001019   0.00634921910011999966 )	-0.7099940617664 6.018819220798832e-9 -7.483210667498606e-9
2257	(   0.7099940603108499948    0.50405124949908997056  -0.38229468653189002669   0.0063486907232500004  )	-0.70999406031085 4.66532945608833e-9 1.0303697441240529e-8
2258	(   0.70999406020208999379   0.50405124578807003477  -0.38229469200851001753   0.0063506907232499998  )	-0.70999406020209 -3.0685809171426826e-9 -1.1538483422867394e-8
2259	(   0.70999407025646998903   0.50405124710885995665  -0.38229469005932997794   0.00634968537525000022 )	-0.70999407025647 -1.54624533454939e-8 1.4186124644915499e-8
2260	(   0.70999405025646999956   0.50405124817830004869  -0.38229468848107001078   0.00634969607124999998 )	-0.70999405025647 1.7059201495861487e-8 -1.541891046170419e-8
2261	(   0.70999406044377000313   0.50405125403398998163  -0.38229473927020002355   0.00634975463325000017 )	-0.70999406044377 -3.132393622262697e-8 -7.552460771488264e-9
2262	(   0.70999406006916998546   0.5040512412531700237   -0.38229463927020002068   0.00634962681325000004 )	-0.70999406006917 3.292067979332458e-8 6.319666620884705e-9
2263	(   0.70999405960660000314   0.50405123764357995242  -0.3822947219917000039    0.00634946897824999971 )	-0.7099940596066 -3.3237356228399406e-8 1.1276774563829205e-8
2264	(   0.70999406090633998545   0.50405125764358005291  -0.38229465654869998481   0.00634991246824999963 )	-0.70999406090634 3.483410268567688e-8 -1.2509658887134426e-8
2265	(   0.70999406045169000112   0.50405124264358003305  -0.38229468513261999352   0.00635014945362000031 )	-0.70999406045169 -1.3333022186312604e-9 -1.1649853162639138e-9
2266	(   0.70999406006124998747   0.50405125264357997228  -0.3822946934077799952    0.00634923199287999989 )	-0.70999406006125 2.930050785332483e-9 -6.822153246781228e-11
2267	(   0.70999406525647001942   0.50405124795615996458  -0.38229468952885997668   0.00634970497286000031 )	-0.70999406525647 -6.64818802786904e-9 5.99000630228995e-9
2268	(   0.7099940606846999458    0.50405124354241004347  -0.38229468019412998769   0.00634919072325000004 )	-0.7099940606847 2.9890697139656197e-9 1.0442299110180518e-8
2269	(   0.7099940598282400428    0.50405125174474996186  -0.38229469834627000102   0.00635019072325000017 )	-0.70999405982824 -1.3923212860422751e-9 -1.16755850918066e-8
2270	(   0.70999405525646996917   0.50405124733100004075  -0.38229468901154001204   0.00634967647363999989 )	-0.70999405525647 8.244936455792384e-9 -7.222792578997204e-9
2271	(   0.70999406032570999692   0.50405124587016003623  -0.38229470927019998383   0.00634960987684999971 )	-0.70999406032571 -1.637154350975223e-8 2.282039674944363e-9
2272	(   0.70999406018722999168   0.5040512494169999691   -0.38229466927020000488   0.00634977156964999963 )	-0.70999406018723 1.7968291299297334e-8 -3.5148387288386944e-9
2273	(   0.70999406225646999324   0.50405124759780994825  -0.38229468999519000683   0.00634969445289000015 )	-0.70999406225647 -2.826264777766596e-9 2.2219891273274664e-9
2274	(   0.7099940682564700456    0.50405124746050000706  -0.38229469217015998872   0.00634970564180999987 )	-0.70999406825647 -1.3700182072140521e-8 1.073713537033666e-8
2275	(   0.70999406326632996667   0.5040512484538399729   -0.38229468978955999381   0.00634989445288999983 )	-0.70999406326633 -3.340198007073525e-9 2.600305821969591e-10
2276	(   0.70999406629590999795   0.50405125102193004683  -0.38229468917267001027   0.00635049445288999974 )	-0.70999406629591 -4.881997694994311e-9 -5.626325164215218e-9
2277	(   0.70999406401013998025   0.50405125345384005353  -0.38229469345099997835   0.0063501550876800001  )	-0.70999406401014 -2.264541110186258e-9 -6.993842894834827e-9
2278	(   0.70999406252251995308   0.50405124345384000328  -0.38229468612812000927   0.00634963381810000043 )	-0.70999406252252 -4.415854737427338e-9 7.513767976189377e-9
2279	(   0.70999405774432999827   0.50405125093317004747  -0.38229469160514001347   0.0063493944528900002  )	-0.70999405774433 6.10173972459549e-9 -3.710829415958254e-9
2280	(   0.70999406878833004608   0.50405124597451000934  -0.38229468797397997415   0.00635039445289000033 )	-0.70999406878833 -1.2782135822009266e-8 4.230390580347394e-9
2281	(   0.7099940598367500133    0.50405124999368999816  -0.38229467978955999907   0.00634997472075000003 )	-0.70999405983675 1.1032012747769215e-8 -7.169173641324638e-9
2282	(   0.70999406669591003105   0.50405124691398994763  -0.38229469978955998855   0.00634981418502999963 )	-0.70999406669591 -1.7712409122738748e-8 7.689222030889619e-9
2283	(   0.70999407326633001691   0.50405124990386995787  -0.38229468650164999399   0.00634966040738000042 )	-0.70999407326633 -1.4499014294733215e-8 1.5982155773111638e-8
2284	(   0.70999405326633002744   0.50405124700380998792  -0.38229469307746999363   0.00635012849840000011 )	-0.70999405326633 7.818617780985804e-9 -1.546220394128432e-8
2285	(   0.70999406154439004268   0.50405124668638001673  -0.3822946847895600242    0.0063500746326099998  )	-0.70999406154439 1.3193351411366905e-9 -2.7059206527069385e-9
2286	(   0.70999406154439004268   0.50405124997951999966  -0.3822946847895600242    0.00634979578332999992 )	-0.70999406154439 4.612475124066151e-9 -2.457710914055794e-9
2287	(   0.70999406498827000167   0.50405125022130004009  -0.38229469478956001893   0.00634971427316999987 )	-0.70999406498827 -7.999731183039316e-9 3.2259167766189047e-9
2288	(   0.70999406135497000747   0.5040512501473499718   -0.38229469121078002436   0.00635009445289000038 )	-0.70999406135497 1.571635876995714e-10 -6.687585691372475e-9
2289	(   0.7099940682663300473    0.50405124891577002266  -0.38229468827572998801   0.00634994900518000022 )	-0.70999406826633 -9.282183299763602e-9 6.2052357355850906e-9
2290	(   0.70999406517769003688   0.50405124676032997399  -0.38229468836834001877   0.00634969445289000015 )	-0.70999406517769 -6.8375597961356505e-9 7.2075669667833234e-9
2291	(   0.70999405826632999705   0.50405124799191003415  -0.3822946913033899996    0.00634983990060000031 )	-0.70999405826633 2.6017872301054012e-9 -5.685180523101957e-9
2292	(   0.70999406498827000167   0.50405124692815994614  -0.38229469478956001893   0.00634999312244999975 )	-0.70999406498827 -1.1292871276991079e-8 2.97775260709349e-9
2293	(   0.70999406496698003188   0.50405124840160997479  -0.38229468778955999486   0.00634990165640000014 )	-0.70999406496698 -4.435099315580615e-9 2.6356803052872196e-9
2294	(   0.70999407006893000549   0.50405124824491998048  -0.38229468178955999802   0.00634992326693000018 )	-0.70999407006893 -7.719803130079583e-9 9.762628851873588e-9
2295	(   0.70999406423297994895   0.50405124896705999493  -0.38229468278956002525   0.00634987775670999965 )	-0.70999406423298 1.0633073033172735e-9 1.331479695880597e-9
2296	(   0.70999406203098003321   0.50405125066341005535  -0.38229466778956000539   0.00634980605763999992 )	-0.70999406203098 1.7558526438365973e-8 -2.5811285426100765e-9
2297	(   0.70999406677471998961   0.50405124934155998151  -0.382294672789559975     0.00634993487713000036 )	-0.70999406677472 5.239891714969858e-9 3.840801761825622e-9
2298	(   0.70999406169124001931   0.50405124859256000835  -0.38229469278956001999   0.0063498206362899998  )	-0.70999406169124 -3.113277441402218e-9 -1.1778486735142149e-9
2299	(   0.70999406833589995269   0.50405124765580999746  -0.38229467974874997704   0.00634967775670999997 )	-0.7099940683359 -4.127713865154092e-9 1.1008738511410242e-8
2300	(   0.7099940601300599452    0.5040512502783099924   -0.38229468583037001794   0.00635007775671000019 )	-0.70999406013006 6.254328471788639e-9 -8.345859119661197e-9
2301	(   0.70999407225527000342   0.5040512469670600515   -0.38229468553062001535   0.00635005804131000013 )	-0.70999407225527 -1.5164384470356396e-8 1.2433433491875975e-8
2302	(   0.70999407423297999919   0.50405125044044996052  -0.38229468620635997933   0.00634984243640999979 )	-0.70999407423298 -1.5198499098145746e-8 1.4506529150299112e-8
2303	(   0.70999405621069000549   0.50405125096706004939  -0.38229468004849997964   0.00634969747211000003 )	-0.70999405621069 1.7290998799435187e-8 -9.770538883152927e-9
2304	(   0.70999405423298000972   0.50405124749367002934  -0.38229467937276001566   0.00634991307701000037 )	-0.70999405423298 1.732511309415763e-8 -1.1843571809502839e-8
2305	(   0.70999406475160997676   0.50405124906238996108  -0.38229468285134998728   0.00634997775670999992 )	-0.70999406475161 3.2708225017330506e-10 7.02612636162823e-10
2306	(   0.70999406630749994918   0.50405124934837997053  -0.38229468303671998441   0.00635027775670999987 )	-0.7099940663075 -1.881592798236298e-9 -1.1841086539971435e-9
2307	(   0.70999407097516997744   0.50405125020634999888  -0.3822946835928299758    0.00635117775670999973 )	-0.70999407097517 -8.507617943465107e-9 -6.845352635500722e-9
2308	(   0.70999406506694995311   0.50405124990826000175  -0.38229468138565997348   0.00634977775671000024 )	-0.70999406506695 1.8167226334409037e-9 2.844472734237554e-9
2309	(   0.70999406754804994524   0.50405124878850005032  -0.38229468468777999535   0.00635077775671000037 )	-0.70999406754805 -5.5799080078688945e-9 -5.213190264288e-9
2310	(   0.70999407006434001044   0.50405124981229998404  -0.38229468803672000954   0.00635013929250000022 )	-0.70999407006434 -1.0921993864876356e-8 5.4451928085662315e-9
2311	(   0.70999406255065999893   0.50405124888445995701  -0.3822946780367200148    0.0063504162209200004  )	-0.70999406255066 7.158808074114731e-9 -7.813448350218295e-9
2312	(   0.709994070739029981     0.50405124734838002709  -0.38229468353611001374   0.00635011442568000038 )	-0.70999407073903 -1.0965111846283904e-8 9.182979437719562e-9
2313	(   0.70999406187597002837   0.50405125134838002499  -0.3822946825373300106    0.00635044108774000023 )	-0.70999406187597 7.201926222055732e-9 -1.1551250099777095e-8
2314	(   0.70999408630750004967   0.504051249710280036    -0.38229468196949001335   0.00635030731134999995 )	-0.7099940863075 -3.094919542867558e-8 2.64783931578204e-8
2315	(   0.7099940463074999597    0.50405124898648001608  -0.38229468410395001099   0.0063502482020699998  )	-0.7099940463075 2.7186008194624023e-8 -2.8846611546635504e-8
2316	(   0.70999406666439002223   0.50405124944692003552  -0.38229468103671998547   0.0063503417684399998  )	-0.70999406666439 -7.935897772259892e-10 -1.5888577285989337e-9
2317	(   0.70999406773506001933   0.50405124974254000847  -0.38229467503671998863   0.00635053380362999957 )	-0.70999406773506 2.470419119271483e-9 -2.8031540114006447e-9
2318	(   0.70999406955041999279   0.50405125044692000724  -0.38229467663663002641   0.00634992041391000024 )	-0.70999406955042 -7.937980273098333e-10 6.86058358356816e-9
2319	(   0.70999406955041999279   0.50405125044692000724  -0.38229468464894000856   0.00635060729837000001 )	-0.70999406955042 -6.919924994130966e-9 -1.863211535795342e-9
2320	(   0.70999406377836005166   0.50405124844691995278  -0.38229467742450001788   0.00635007623850999958 )	-0.70999406377836 5.3327452176343826e-9 -1.3146448226702295e-9
2321	(   0.70999406377836005166   0.50405124844691995278  -0.38229468543681000003   0.00635076312297000022 )	-0.70999406377836 -7.933817769423257e-10 -1.0038654009038414e-8
2322	(   0.70999407008909998229   0.50405124925980004935  -0.3822946853231499742    0.00634984176844000017 )	-0.7099940700891 -9.437170933601635e-9 9.811401546239325e-9
2323	(   0.70999406323967995114   0.5040512496340400217   -0.38229467675028999674   0.0063508417684400003  )	-0.70999406323968 7.849991379149657e-9 -1.298961711447105e-8
2324	(   0.70999407666438996145   0.5040512491783000204   -0.38229468006640998645   0.00635045495242999962 )	-0.70999407666439 -1.544306849066146e-8 1.1442116819327666e-8
2325	(   0.70999405666438997198   0.50405124971554005064  -0.38229468200702998448   0.00635022858444999998 )	-0.70999405666439 1.3855888575386999e-8 -1.4619857786732002e-8
2326	(   0.70999406900716000024   0.50405124936492995413  -0.38229467903671998652   0.00635018853083000028 )	-0.70999406900716 -2.8893129833118536e-9 3.766036839253698e-9
2327	(   0.7099940760354700453    0.50405124911896004303  -0.38229467303671998968   0.006349728818         )	-0.70999407603547 -9.176482573813871e-9 1.983043865063977e-8
2328	(   0.70999406921430996409   0.50405125036493003687  -0.38229467912676001751   0.00635019774925999966 )	-0.70999406921431 -2.271424187627602e-9 2.943109616380794e-9
2329	(   0.70999406983575996666   0.50405125336492995203  -0.38229467939687999944   0.00635022540455000041 )	-0.70999406983576 -4.1775832793078393e-10 4.743274830662546e-10
2330	(   0.70999407170010997437   0.50405126236493003056  -0.38229468020724000077   0.00635030837042000005 )	-0.70999407170011 5.14323969524888e-9 -6.9320285387040816e-9
2331	(   0.70999407272467995877   0.50405125405660000659  -0.38229467729734001313   0.00634972540454999991 )	-0.70999407272468 -2.4896430750320775e-9 1.0234864942620372e-8
2332	(   0.70999406694683997454   0.50405125267326000849  -0.38229468149641998576   0.00635072540455000004 )	-0.70999406694684 1.654126530192812e-9 -9.286710087494615e-9
2333	(   0.70999407293639005267   0.50405124836492998242  -0.38229467714347997731   0.00635029564695000024 )	-0.70999407293639 -8.383837180048204e-9 8.985070339877568e-9
2334	(   0.70999407983576001691   0.50405125575914999647  -0.38229467823052998288   0.00635045194711999963 )	-0.70999407983576 -1.2254507075759591e-8 9.402744843516986e-9
2335	(   0.70999406673512999166   0.50405125836493003266  -0.38229468165028002158   0.00635015516214999971 )	-0.70999406673513 7.54832049643106e-9 -8.036425241719552e-9
2336	(   0.70999407515831003401   0.50405125171773002002  -0.38229468439688002457   0.00635006954588999972 )	-0.70999407515831 -1.393706308694398e-8 1.1658936293838633e-8
2337	(   0.70999405983576002743   0.50405125097071001861  -0.38229468056323001601   0.00634999886198000033 )	-0.70999405983576 1.1418990031319964e-8 -8.454192409421699e-9
2338	(   0.70999406451321001033   0.50405125501212999506  -0.38229467439687997432   0.00635038126321000023 )	-0.70999406451321 1.3101546347815685e-8 -1.0710329911537309e-8
2339	(   0.70999407001808001461   0.50405125339195000489  -0.38229467927466997956   0.00635042540455000009 )	-0.70999407001808 -5.730157459638008e-10 -1.8339304906300432e-9
2340	(   0.70999406965344002973   0.50405125333791001019  -0.38229467951909001933   0.00635002540454999986 )	-0.70999406965344 -2.625009098977671e-10 2.782505456777509e-9
2341	(   0.70999407084350996122   0.50405125136493000859  -0.38229467872138001017   0.00635022250871000032 )	-0.70999407084351 -3.4252729819161942e-9 3.94209888235857e-9
2342	(   0.70999406882800997209   0.50405125536493000649  -0.38229468007237998872   0.00635022830038999963 )	-0.70999406882801 2.5897565480992313e-9 -2.9934441550283656e-9
2343	(   0.70999407483576004729   0.50405125410583995205  -0.38229467840283998248   0.00635021103667000007 )	-0.70999407483576 -6.4781897624044404e-9 7.0158366872422485e-9
2344	(   0.70999407274573000937   0.50405125292278996074  -0.38229468139687999839   0.00635023397850000004 )	-0.70999407274573 -6.789751233471364e-9 4.939697347748585e-9
2345	(   0.70999406692579003497   0.50405125380707005434  -0.3822946773968800005    0.00635021683059999991 )	-0.70999406692579 5.954234494343069e-9 -3.991042417604812e-9
2346	(   0.70999406483575999705   0.50405125262401995201  -0.38229468039092001641   0.00635023977242999988 )	-0.70999406483576 5.6426728289871164e-9 -6.067181911929322e-9
2347	(   0.70999407168605999097   0.50405125436493003477  -0.38229467926468002625   0.00635019615293999987 )	-0.70999407168606 -2.1148415241256657e-9 2.473239250654405e-9
2348	(   0.70999407723695995287   0.50405125736492994992  -0.38229467886807999566   0.00635010839810999997 )	-0.70999407723696 -7.206091279243765e-9 8.469964507560668e-9
2349	(   0.70999407154220994798   0.5040512563649299782   -0.38229467882733997319   0.00635020357175000022 )	-0.70999407154221 4.370847850321269e-10 1.747520723437211e-10
2350	(   0.70999407111066004106   0.50405126236493003056  -0.38229467751531998054   0.00635022582818000041 )	-0.70999407111066 8.092863379438597e-9 -6.7207099009854794e-9
2351	(   0.70999407166057004748   0.50405125651096005512  -0.38229467883612000545   0.00635000357174999967 )	-0.70999407166057 3.9740868928994644e-10 2.7368334264921894e-9
2352	(   0.7099940714238499595    0.50405125621890001231  -0.38229467881855999645   0.0063504035717499999  )	-0.70999407142385 4.767607142408536e-10 -2.3874091707674883e-9
2353	(   0.70999407124763003196   0.50405125600150002541  -0.38229468382733999832   0.00635020321935000041 )	-0.70999407124763 -3.303806228593942e-9 1.2435769826553943e-10
2354	(   0.70999407183678997502   0.50405125672836004203  -0.38229467382734000358   0.00635020392415000003 )	-0.70999407183679 4.1779756598803175e-9 2.25146557207036e-10
2355	(   0.70999407654221002861   0.50405125740985001759  -0.38229467919813997501   0.00635020955300999966 )	-0.70999407654221 -6.3628788349312515e-9 6.15380841741803e-9
2356	(   0.70999407261305003125   0.50405125136493000859  -0.38229467852678000739   0.0063501987235700004  )	-0.70999407261305 -5.952514620100047e-9 6.756906095654414e-9
2357	(   0.70999407047136997573   0.50405126136492994782  -0.38229467912789999451   0.00635020841993000004 )	-0.70999407047137 6.826683995875271e-9 -6.407401775922531e-9
2358	(   0.70999406654220997837   0.50405125532001004984  -0.38229467845654002689   0.00635019759048999991 )	-0.70999406654221 7.2370481829509e-9 -5.8043042332453e-9
2359	(   0.70999407354221000244   0.50405125633380998273  -0.3822946789800499845    0.00635019596154999966 )	-0.70999407354221 -2.7353452003442413e-9 3.142501013538902e-9
2360	(   0.70999407954221005479   0.50405125624044999633  -0.3822946794381800184    0.00635017313094999973 )	-0.70999407954221 -1.2252635211984497e-8 1.2045747031087892e-8
2361	(   0.70999407350089005497   0.50405125833381003719  -0.38229467862185001481   0.00635015103497000005 )	-0.70999407350089 -3.9898215287159644e-10 1.6544102708819053e-9
2362	(   0.70999407337692999054   0.50405126433380997852  -0.38229467754724999473   0.00635001625523000032 )	-0.70999407337693 6.610107128324216e-9 -2.80988617785391e-9
2363	(   0.70999407579200002338   0.50405126304824998673  -0.38229467802485000982   0.00635035103496999973 )	-0.709994075792 1.3071297932931714e-9 -2.3467810580227503e-9
2364	(   0.70999408266533003964   0.50405127719156994637  -0.38229467623384999486   0.00635095103496999963 )	-0.70999408266533 6.425465715054202e-9 -1.4350835044755399e-8
2365	(   0.70999407574497996887   0.50405126306371994538  -0.38229468802485000456   0.00635034704889999961 )	-0.70999407574498 -6.252186601773957e-9 -2.3783930695812612e-9
2366	(   0.70999408164049004899   0.50405126498923003009  -0.38229467796962002257   0.00634985103497000009 )	-0.70999408164049 -5.554185777967291e-9 1.0367126458717796e-8
2367	(   0.70999407583901996688   0.50405126303278002808  -0.38229466802485001509   0.00635035502103999984 )	-0.70999407583902 8.866446243871451e-9 -2.315169189267218e-9
2368	(   0.70999407404456005288   0.50405125304825004751  -0.38229467800848998538   0.00635020289107000001 )	-0.70999407404456 -6.03775207608237e-9 7.053384452811737e-9
2369	(   0.70999407753944998589   0.50405127304825003698  -0.38229467804120997876   0.00635049917887000031 )	-0.70999407753945 8.651996757924607e-9 -1.1746976362272152e-8
2370	(   0.70999408579199996261   0.50405125975722997467  -0.38229467811848999448   0.0063506114947899997  )	-0.709994085792 -1.7178234057446673e-8 1.1836030032580359e-8
2371	(   0.70999406994350999778   0.5040512611072700544   -0.38229467808007999707   0.00635085103497000023 )	-0.70999406994351 8.16844544782036e-9 -1.506118868580393e-8
2372	(   0.70999406579199997314   0.5040512663392699988   -0.38229467793121002517   0.00635009057514999975 )	-0.709994065792 1.9792493449743986e-8 -1.652972782727137e-8
2373	(   0.70999407558930005546   0.50405125804825001712  -0.38229467486697998879   0.00635042636498000038 )	-0.7099940755893 -9.718582882900506e-10 1.4086376866519071e-9
2374	(   0.70999407498120004067   0.50405124304824999726  -0.38229466539336998121   0.00635065235500999973 )	-0.7099940749812 -7.808822810595473e-9 1.2674825714364241e-8
2375	(   0.70999407532507996521   0.50405125847043996679  -0.38229467453883997363   0.00635092636498000001 )	-0.70999407532508 1.007973982058985e-10 -5.7394180630711885e-9
2376	(   0.70999408058930002507   0.50405126274298994726  -0.38229468107650999009   0.00635045306476999995 )	-0.7099940805893 -8.586232780327663e-9 3.4747276893556055e-9
2377	(   0.70999407585352003469   0.50405125762605995643  -0.38229467519512000395   0.00634992636497999988 )	-0.70999407585352 -2.0445139192748485e-9 8.556193325354698e-9
2378	(   0.70999407058929997483   0.50405125335350997595  -0.38229466865744998749   0.00635039966518999993 )	-0.7099940705893 6.642515981702957e-9 -6.574537418047532e-10
2379	(   0.70999407064363995179   0.50405126595067994977  -0.38229468486697998353   0.00635039995539000025 )	-0.70999407064364 6.763874904613942e-9 -1.3181147322126254e-8
2380	(   0.70999408053496004811   0.50405125014581997345  -0.38229466486697999406   0.00635045277456999964 )	-0.70999408053496 -8.7075917587498e-9 1.599842130050233e-8
2381	(   0.70999407567289996024   0.50405126804824995634  -0.38229466709463999496   0.00635039294538999963 )	-0.7099940756729 1.4844363988020248e-8 -8.048195259595468e-9
2382	(   0.70999407550570003966   0.50405124804824996687  -0.38229468263931998262   0.00635045978457000025 )	-0.7099940755057 -1.6788080592355925e-8 1.0865468288149454e-8
2383	(   0.70999407626082999823   0.50405126066040994992  -0.38229467986698001392   0.00635048629023000043 )	-0.70999407626083 -3.198182968455754e-9 -1.0110630516000545e-9
2384	(   0.7099940760327599909    0.50405125977323994579  -0.38229467209541001527   0.00635062636498000006 )	-0.70999407603276 2.2016112266598498e-9 -2.226854946588922e-9
2385	(   0.70999407491777000168   0.50405125543608997329  -0.38229466986698001918   0.00635036643973000033 )	-0.70999407491777 1.2544663363645014e-9 3.828331131807891e-9
2386	(   0.7099940775892999989    0.50405125754029000973  -0.38229467389468002603   0.00635036747041000001 )	-0.7099940775893 -3.760957600906778e-9 5.504581739805125e-9
2387	(   0.709994073589300001     0.50405125855621002451  -0.38229467583928000707   0.00635048525954999988 )	-0.7099940735893 1.8172410243266768e-9 -2.6873134146556885e-9
2388	(   0.70999407536533998275   0.50405126304824998673  -0.38229467319943000181   0.00635032535746000038 )	-0.70999407536534 5.641821815283166e-9 -2.6265115702140177e-9
2389	(   0.709994075145840009     0.50405125632325997742  -0.38229467763855001783   0.00635022636497999983 )	-0.70999407514584 -4.145327830995527e-9 5.044050208878614e-9
2390	(   0.70999407581326001715   0.50405125304825004751  -0.38229467653452997578   0.00635052737250000037 )	-0.70999407581326 -7.585538253085389e-9 5.443766316429199e-9
2391	(   0.7099940765824199751    0.50405126004824996055  -0.38229467578616999068   0.00635048713933999975 )	-0.70999407658242 -1.1765314278378014e-9 4.6966351116659467e-11
2392	(   0.70999407956177995604   0.50405126604825001291  -0.38229467854373999636   0.00635066946241999962 )	-0.70999407956178 -1.790551040770083e-9 -4.038091755744486e-9
2393	(   0.70999408849986000991   0.50405128404824994792  -0.38229468681645001338   0.00635121643166000008 )	-0.70999408849986 -3.632610406922865e-9 -1.6293664643730692e-8
2394	(   0.70999408304750000198   0.50405126861592997045  -0.38229467551639001455   0.00635016946241999999 )	-0.7099940830475 -2.179557950787725e-9 4.694328858549949e-9
2395	(   0.70999409350466002877   0.5040512763189699541   -0.38229466643434001361   0.00634866946242000022 )	-0.70999409350466 -3.346579152685436e-9 3.088859092348985e-8
2396	(   0.70999408996158996921   0.50405128473587001992  -0.38229466774054998712   0.00634916946241999985 )	-0.70999408996159 9.429702380048255e-9 1.1091653761651063e-8
2397	(   0.70999408739656999501   0.50405127875561994699  -0.38229469551639000402   0.00635048999741999985 )	-0.70999408739657 -1.3908644402871317e-8 -3.3407389889717463e-9
2398	(   0.70999407304749995173   0.50405127290911000415  -0.38229468676275002448   0.00634943244341999984 )	-0.7099940730475 8.637522613819115e-9 -4.438884881997971e-9
2399	(   0.70999409304750005223   0.50405126432275004777  -0.38229466427003000462   0.00635090648142000013 )	-0.7099940930475 -1.2996639237039531e-8 1.3826456427133325e-8
2400	(   0.70999407613341003476   0.50405125249599003201  -0.38229468329222998646   0.00635116946242000012 )	-0.70999407613341 -1.3788818559179461e-8 -1.7049959335276466e-9
2401	(   0.70999407869843000896   0.50405125847623999391  -0.38229465551639002507   0.00634984892742000012 )	-0.70999407869843 9.549527557606297e-9 1.2729191331725643e-8
2402	(   0.70999407782190004923   0.50405128861592995992  -0.382294665868920025     0.00635080170042000031 )	-0.7099940778219 3.309933777062568e-8 -3.075599778605179e-8
2403	(   0.70999408827309995473   0.50405124861592998098  -0.3822946851638600041    0.00634953722441999966 )	-0.7099940882731 -3.7458454033023614e-8 4.0143856164400306e-8
2404	(   0.70999408598381996693   0.50405127182317999157  -0.38229467179371001695   0.00635066946241999962 )	-0.70999408598382 -5.665092561724094e-10 -6.938009114906807e-10
2405	(   0.70999409479277997281   0.50405128144493005493  -0.38229466062567002416   0.00635216946242000025 )	-0.70999409479278 4.272636633384508e-9 -1.6861190332656767e-8
2406	(   0.70999409598382001718   0.5040512724272500078   -0.38229466796650002358   0.00635063320041999967 )	-0.70999409598382 -1.2158943546447532e-8 1.3362585535375501e-8
2407	(   0.70999408636516003757   0.50405127062576005059  -0.38229467938019001672   0.00634966946242000035 )	-0.70999408636516 -8.141161939034802e-9 1.3745456244972207e-8
2408	(   0.70999408560248000732   0.50405127302060004357  -0.38229466420723001718   0.00635166946241999975 )	-0.70999408560248 7.008143371178832e-9 -1.5135058178988208e-8
2409	(   0.70999407598382002771   0.50405127121910997534  -0.38229467562092001032   0.00635070572441999957 )	-0.70999407598382 1.1025924562257927e-8 -1.4750189766180152e-8
2410	(   0.7099940856730300176    0.5040512518231800021   -0.38229466561073999209   0.00635061088042000038 )	-0.70999408567303 -1.5369076428184414e-8 1.9608947389835208e-8
2411	(   0.70999408629461002729   0.50405129182317998104  -0.3822946779766799863    0.00635072804441999973 )	-0.70999408629461 1.4236057749306141e-8 -2.0996555965505526e-8
2412	(   0.70999408381966999659   0.50405127861859999605  -0.38229465179371002748   0.00635026154342000024 )	-0.70999408381967 2.4793486708141188e-8 -5.381337197148128e-9
2413	(   0.7099940881479700483    0.50405126502775998709  -0.38229469179371000642   0.00635107738141999986 )	-0.70999408814797 -2.5926506108664427e-8 3.99340268935933e-9
2414	(   0.70999408721432000213   0.50405127157560003504  -0.38229466179371002221   0.00635062592832000023 )	-0.70999408721432 4.970949984972606e-9 1.8540139281675652e-9
2415	(   0.70999408989819001725   0.50405127103558000634  -0.3822946728691899998    0.00635116946242000012 )	-0.70999408989819 -8.096012915626005e-9 -6.987612823701906e-10
2416	(   0.70999408475332004276   0.50405127207075994811  -0.38229468179371001169   0.00635071299651999988 )	-0.70999408475332 -6.103968747117605e-9 -3.241619541601037e-9
2417	(   0.70999408206945002764   0.5040512726107799768   -0.38229467071822997859   0.00635016946241999999 )	-0.70999408206945 6.962994403281186e-9 -6.893405406227255e-10
2418	(   0.70999408687104004212   0.50405128182318004182  -0.38229467203746997361   0.00635063807354999989 )	-0.70999408687104 7.905393950569106e-9 -9.035279262170257e-9
2419	(   0.70999408509660000277   0.50405126182318005235  -0.38229467154995000477   0.00635070085129000022 )	-0.7099940850966 -9.03841243515835e-9 7.647675468658223e-9
2420	(   0.70999409098382004757   0.50405126944440004078  -0.38229467504198000327   0.00635025119039999992 )	-0.70999409098382 -1.2990256037515024e-8 1.4097359745093223e-8
2421	(   0.70999408098381999732   0.50405127420196005339  -0.38229466854543997512   0.00635108773444000019 )	-0.70999408098382 1.1857237414147903e-8 -1.5485311471056065e-8
2422	(   0.70999408604932001676   0.5040512716459100151   -0.38229467128904998097   0.00635046946241999994 )	-0.70999408604932 -4.569755962524624e-10 2.1167061169021775e-9
2423	(   0.70999408798382002139   0.50405127293853002612  -0.38229467496885999322   0.0063506616117400003  )	-0.70999408798382 -4.903394745792156e-9 1.1305395049754276e-9
2424	(   0.70999408591832002813   0.50405127200044996805  -0.38229467229836999742   0.00635086946242000017 )	-0.70999408591832 -6.760429993590833e-10 -3.504387828873385e-9
2425	(   0.70999408767491001271   0.50405126724629001345  -0.38229466679370999183   0.00635070167791999991 )	-0.70999408767491 -3.877845322630691e-9 5.875235847926008e-9
2426	(   0.7099940839838200235    0.50405127070782995702  -0.38229466861855998516   0.0063506773130999998  )	-0.70999408398382 3.7703761779361855e-9 -2.518141451230576e-9
2427	(   0.70999408644634998122   0.50405127682317996118  -0.38229466823003999121   0.00635067827372000002 )	-0.70999408644635 6.458762413785735e-9 -5.148929197239347e-9
2428	(   0.70999408552128995264   0.50405126682318002196  -0.38229467535737998718   0.00635066065112000009 )	-0.70999408552129 -7.591780787352675e-9 3.761327107950827e-9
2429	(   0.70999408429273003218   0.5040512764000699697   -0.38229467679370998656   0.00635063724692000019 )	-0.70999408429273 2.744826810285872e-9 -7.262839746598876e-9
2430	(   0.70999408692969001589   0.50405127220515000275  -0.38229467026698998877   0.00635056946242000021 )	-0.70999408692969 -4.476408410614141e-10 1.5374772482706564e-9
2431	(   0.70999408976730005172   0.50405127335106003628  -0.38229466568683001526   0.00635026946242000026 )	-0.7099940897673 -9.103540143939881e-11 8.231191505539274e-9
2432	(   0.70999408892968995932   0.5040512755427200009   -0.38229467058369998034   0.00635073977406000034 )	-0.70999408892969 -3.767734180204485e-10 -1.1232973019291242e-9
2433	(   0.70999409492969001167   0.50405128555542999536  -0.38229467153383001055   0.00635125070897999983 )	-0.70999409492969 -1.6417173176463962e-10 -9.105968692106484e-9
2434	(   0.70999409392969003996   0.50405128204539995096  -0.38229467324857002719   0.00635068615209999961 )	-0.70999409392969 -3.4729989717430243e-9 1.550390694597453e-10
2435	(   0.70999410892968994879   0.50405130155344002318  -0.38229468124318000122   0.00635052528622000005 )	-0.70999410892969 -1.2761675494132874e-8 3.990013457762405e-9
2436	(   0.70999410392968997918   0.50405129462801001594  -0.38229467156091001545   0.00634978484609999977 )	-0.70999410392969 -4.72277059127002e-9 1.321932165493459e-8
2437	(   0.7099940925979599804    0.50405128435305002199  -0.38229466324856997694   0.00635080618209999965 )	-0.70999409259796 8.494486364307718e-9 -5.568212005893538e-9
2438	(   0.7099940952614199885    0.50405127973774999095  -0.38229468324857002193   0.00635056612209999958 )	-0.70999409526142 -1.544048422452704e-8 5.878261219383269e-9
2439	(   0.70999408392968998971   0.504051269462789997    -0.38229467493622998342   0.00635158745810000033 )	-0.70999408392969 -2.223227463238331e-9 -1.291086822104463e-8
2440	(   0.70999409721103001747   0.5040513012710400309   -0.38229467512102999205   0.00635168615209999975 )	-0.70999409721103 9.358690267191605e-9 -2.7113509277862282e-8
2441	(   0.70999409064834995142   0.50405126281975998204  -0.38229467137611000682   0.00634968615210000035 )	-0.70999409064835 -1.6304687933121897e-8 2.742158719472483e-8
2442	(   0.70999408392968998971   0.50405129937357995296  -0.38229467493622998342   0.0063501498221000003  )	-0.70999408392969 2.7687562492717532e-8 -2.4561183400440814e-8
2443	(   0.70999410392968997918   0.50405126471721994896  -0.38229467156091001545   0.0063512224820999998  )	-0.70999410392969 -3.4633560658248186e-8 2.487068635063282e-8
2444	(   0.70999409658542000923   0.50405128170361002127  -0.38229466824857000207   0.00635056571924999969 )	-0.70999409658542 -4.008035764391238e-9 5.797582166467308e-9
2445	(   0.70999409127395995966   0.50405128238718999167  -0.3822946782485699968    0.0063508065849500004  )	-0.70999409127396 -2.937961873783479e-9 -5.487533257753584e-9
2446	(   0.70999409279951997132   0.50405128192217996119  -0.38229467144605999707   0.00635118615210000011 )	-0.70999409279952 -5.089111909661881e-10 -7.67750525213119e-9
2447	(   0.70999408892968995932   0.50405128150027000977  -0.38229467106481002103   0.00635049407407999988 )	-0.70999408892969 5.2129249805688005e-9 -3.960154408332104e-9
2448	(   0.70999409505985999758   0.50405128216862005175  -0.3822946750510800018    0.00635018615209999998 )	-0.70999409505986 -6.4370863916973775e-9 7.987083168994522e-9
2449	(   0.70999409892969000957   0.50405128259053000317  -0.38229467543232997784   0.00635087823012000022 )	-0.70999409892969 -1.2158922757521395e-8 4.27015864828224e-9
2450	(   0.70999409378189004549   0.50405129204540000121  -0.3822946730128499726    0.0063506804743299998  )	-0.70999409378189 6.930744339550543e-9 -9.98271977151107e-9
2451	(   0.70999409407749003442   0.50405127204540001173  -0.38229467348429002627   0.0063506918298700003  )	-0.70999409407749 -1.3876742116503138e-8 1.0292797734918558e-8
2452	(   0.70999409522150003227   0.50405128319718994767  -0.38229467124856997273   0.00635067162678999968 )	-0.7099940952215 -2.745602051268392e-9 1.0220952331363637e-9
2453	(   0.7099940990969300092    0.50405128665256004883  -0.38229466524856997589   0.00635062805085999989 )	-0.70999409909693 -5.634111788221929e-10 3.6232608592771747e-9
2454	(   0.70999411072322005101   0.50405129701867001923  -0.38229464724856998536   0.00635049732306999966 )	-0.70999411072322 5.983159967470897e-9 1.1426735728537808e-8
2455	(   0.70999410255865003094   0.5040513066525600383   -0.38229467488442997469   0.00635024288841999976 )	-0.70999410255865 6.834040777725647e-9 -6.5692390966616836e-9
2456	(   0.70999410909692994842   0.50405129148159999453  -0.38229466152803998069   0.00635077676699999979 )	-0.70999410909693 -8.012442404004005e-9 1.1105198953454375e-8
2457	(   0.70999408909692995895   0.50405128182351999211  -0.3822946689691000266    0.00635047933472       )	-0.70999408909693 6.885619630025985e-9 -3.858721356853024e-9
2458	(   0.70999409563520998745   0.50405126665255994833  -0.38229465561270997709   0.00635101321330000003 )	-0.70999409563521 -7.96086346843694e-9 1.3815464226026464e-8
2459	(   0.70999409550438996597   0.5040512996320200001   -0.38229465524856998115   0.00635034312097999994 )	-0.70999409550439 2.5494849953400234e-8 -1.0838677342100912e-8
2460	(   0.70999410268947005243   0.50405127367309998654  -0.38229467524857002614   0.00635091298073999985 )	-0.70999410268947 -2.6621672671867103e-8 1.808503680160087e-8
2461	(   0.70999409460308005038   0.50405130288833999153  -0.38229466643269000015   0.00635112805086000039 )	-0.70999409460308 2.1562939489516708e-8 -2.534461102491096e-8
2462	(   0.70999410359077996802   0.50405127041677999511  -0.38229466406445000715   0.00635012805086000026 )	-0.70999410359078 -2.2689762096961275e-8 3.259063285448283e-8
2463	(   0.70999410409692997881   0.50405129579385998806  -0.38229466485174001811   0.00635057673180000008 )	-0.70999410409693 1.3199264181640302e-9 2.2337157788376535e-9
2464	(   0.70999411909692999867   0.5040513232177600278   -0.38229466366124997823   0.00635042277461999975 )	-0.70999411909693 6.969938681766763e-9 -1.9349508441706916e-9
2465	(   0.70999416409692994723   0.50405140548946003598  -0.38229466008978002511   0.00634996090307999965 )	-0.70999416409693 2.391996958839293e-8 -1.4441232371423826e-8
2466	(   0.70999411895788999693   0.50405132109013994768  -0.38229467366124997296   0.00635037745362       )	-0.70999411895789 -2.5933080682882803e-9 5.708470237646341e-10
2467	(   0.70999411854076999173   0.50405131470728004039  -0.38229470366125001268   0.00635024149061999988 )	-0.70999411854077 -3.1283049234387406e-8 8.088215757639735e-9
2468	(   0.70999412945895001847   0.50405136400135996944  -0.38229465562680997603   0.00634937745361999987 )	-0.70999412945895 3.822636207573282e-8 -1.4729236183737336e-8
2469	(   0.70999410731233003613   0.5040513474450699638   -0.38229469366125001795   0.0063496223736199996  )	-0.70999410731233 2.6081122844745508e-8 -3.2731125134618795e-8
2470	(   0.70999413060344995774   0.50405129473521004257  -0.38229465366124998349   0.0063511325336200004  )	-0.70999413060345 -3.12677403135897e-8 3.387167911258262e-8
2471	(   0.70999413119369003677   0.50405137109013997687  -0.3822946822247800247    0.00635117080362000014 )	-0.70999413119369 2.2355213846747546e-8 -4.213123396378383e-8
2472	(   0.7099941084568299754    0.50405127817892003694  -0.3822946916956900254    0.00635137745362000013 )	-0.70999410845683 -4.341297929477683e-8 1.5868930453312425e-8
2473	(   0.7099941067220899571    0.50405127109014002951  -0.38229466509771997673   0.00634958410361999986 )	-0.70999410672209 -2.7541830760480224e-8 4.327166953594031e-8
2474	(   0.70999409895789000746   0.50405134702385001599  -0.38229466276200002595   0.00635078894362000029 )	-0.70999409895789 6.191935034149942e-8 -5.89890303233633e-8
2475	(   0.70999413895788998641   0.50405129515642999039  -0.38229468456049997549   0.00634996596361999972 )	-0.70999413895789 -6.710596842096628e-8 6.01303865000141e-8
2476	(   0.70999412404141004629   0.5040513368590799903   -0.38229468316247000592   0.00635087745361999963 )	-0.70999412404141 -1.7765798276947464e-9 -1.4330181705744587e-8
2477	(   0.7099941254053999673    0.50405134109014004817  -0.38229466455409000236   0.00635025199566000009 )	-0.7099941254054 1.4619521537806435e-8 -8.680369567939678e-9
2478	(   0.70999411387436994758   0.50405130532120001607  -0.38229466416002999551   0.00634987745362000037 )	-0.70999411387437 -3.4100365031708435e-9 1.547137575328263e-8
2479	(   0.70999411387436994758   0.50405133570584004232  -0.38229468084175999287   0.00634987745362000037 )	-0.70999411387437 1.4219930510872558e-8 -1.4913264272966003e-8
2480	(   0.70999411251038002657   0.50405130109013995821  -0.38229468276840999907   0.00635050291157999991 )	-0.70999411251038 -1.9806138035205478e-8 9.822032247094523e-9
2481	(   0.70999412404141004629   0.50405130647443996406  -0.38229466648074000856   0.00635087745361999963 )	-0.70999412404141 -1.9406546786226997e-8 1.6054458320504045e-8
2482	(   0.70999410895788994669   0.50405132962331999913  -0.38229466977560000451   0.00635064802281999977 )	-0.70999410895789 2.4033547818547163e-8 -2.5598721600049294e-8
2483	(   0.70999412895789004718   0.50405131255696000725  -0.38229467754689999692   0.00635010688442000024 )	-0.70999412895789 -2.9220164399212933e-8 2.6740269454245515e-8
2484	(   0.70999411837475001619   0.50405132133101004932  -0.38229466866125000335   0.00635051561685999987 )	-0.70999411837475 2.3523766823352332e-9 -2.252871464691376e-9
2485	(   0.70999412090350999538   0.50405132028648003129  -0.38229466997057998112   0.00635017745362000032 )	-0.70999412090351 -3.517433483368748e-9 6.677375499874864e-9
2486	(   0.70999411701226999849   0.50405132189379997509  -0.38229467735192002031   0.00635057745361999968 )	-0.70999411701227 -1.6691827087189637e-9 -5.5357614523374155e-9
2487	(   0.70999411954102997768   0.50405132084926995706  -0.38229467866124999809   0.00635023929038000014 )	-0.70999411954103 -7.53899284666737e-9 3.394527334067243e-9
2488	(   0.70999412395788996655   0.50405132119963003134  -0.38229467416405998881   0.00635044025667000009 )	-0.70999412395789 -1.04296359049183e-8 6.763648040926872e-9
2489	(   0.70999411395789002732   0.50405132098064997503  -0.38229467315844001263   0.00635031465056999991 )	-0.70999411395789 5.243019685075012e-9 -5.621961881835771e-9
2490	(   0.70999411900998998792   0.50405133109013999793  -0.38229467356241997322   0.0063503651093600004  )	-0.70999411900999 7.403466811828352e-9 -9.198390381514796e-9
2491	(   0.70999411890579000595   0.50405131109014000845  -0.3822946737600799727    0.0063503897978799996  )	-0.70999411890579 -1.259008283738261e-8 1.0340084013266083e-8
2492	(   0.70999412095789005139   0.50405132285224996114  -0.38229467371129999265   0.00635036626612999963 )	-0.70999412095789 -3.894015748739932e-9 1.790803040905252e-9
2493	(   0.70999412695788999272   0.50405132813858000151  -0.38229467386144999619   0.00635033270366000026 )	-0.70999412695789 -7.796138540294706e-9 5.450669257301376e-9
2494	(   0.70999411956031999171   0.50405132526391005499  -0.3822946717112999937    0.00635048787995000016 )	-0.70999411956032 2.1603332178710133e-9 -4.149989536329887e-9
2495	(   0.70999411595788997076   0.50405132030748001082  -0.38229467336727002147   0.00635023793997999998 )	-0.70999411595789 1.3856308045401278e-9 -1.1345486698830388e-9
2496	(   0.70999411732567996314   0.50405132100362004532  -0.38229467524436999692   0.00635056626613000018 )	-0.70999411732568 -1.4219143640303855e-9 -4.058449153681459e-9
2497	(   0.70999412595789002101   0.50405132539702002248  -0.38229467405533001934   0.00635049459228000015 )	-0.70999412595789 -9.173662190997689e-9 4.716121594432968e-9
2498	(   0.70999412459010002863   0.50405132470087998797  -0.38229467217822998837   0.00635016626612999995 )	-0.7099941245901 -6.3661169946716e-9 7.63997501343521e-9
2499	(   0.70999412235546000005   0.50405132044058997831  -0.38229467571129999159   0.00635024465230999997 )	-0.70999412235546 -9.948364465550696e-9 7.731565705219293e-9
2500	(   0.70999411992358996137   0.50405133285225001138  -0.38229467414786000301   0.0063503397204599998  )	-0.70999411992359 7.336341256714007e-9 -9.340742203698554e-9
2501	(   0.7099941219922000224    0.50405131285225002191  -0.38229467327473998228   0.00635039281180000033 )	-0.7099941219922 -1.51243876311824e-8 1.2922360864957988e-8
2502	(   0.70999412181071996919   0.50405132785225004177  -0.38229467302769998271   0.00635036113567000009 )	-0.70999412181072 3.389442060353076e-10 -1.9330279501435254e-9
2503	(   0.70999412436920994462   0.50405134285224995061  -0.38229467097690000843   0.00635034574428999972 )	-0.70999412436921 1.3037823654027392e-8 -1.310452079502874e-8
2504	(   0.70999412681072004982   0.50405133237208998853  -0.38229467244010001403   0.00635039858003999969 )	-0.70999412681072 -2.253318087674927e-9 1.7150145857630509e-10
2505	(   0.70999414181071995866   0.50405134593161005085  -0.38229467067729999696   0.00635051091315000024 )	-0.70999414181072 -1.0030104941050055e-8 6.485072637689513e-9
2506	(   0.70999418681072001824   0.50405138661017001578  -0.38229466538890000127   0.00635084791248000016 )	-0.70999418681072 -3.336047213475801e-8 2.542563808098804e-8
2507	(   0.70999413960250001843   0.50405136072766998367  -0.38229466067730000223   0.00635073034976000022 )	-0.7099941396025 1.5751284138110222e-8 -1.4233751029847684e-8
2508	(   0.70999413864686000686   0.50405136713087994593  -0.38229466771789000212   0.00635001091314999974 )	-0.70999413864686 1.8216524705350068e-8 -1.2856580378804098e-8
2509	(   0.70999412181071996919   0.50405134384056005104  -0.38229467209055001398   0.00635056023199999983 )	-0.70999412181072 1.7043789102277884e-8 -2.0450044791326663e-8
2510	(   0.70999414401894000992   0.50405133113555000701  -0.3822946806772999917    0.00635029147654000026 )	-0.70999414401894 -3.581149460307742e-8 2.7203800333439336e-8
2511	(   0.70999414497458002149   0.50405132473234004475  -0.3822946736367099918    0.00635101091314999987 )	-0.70999414497458 -3.827673497602824e-8 2.5826225987258806e-8
2512	(   0.70999416181071994814   0.50405134802266005067  -0.38229466926404997995   0.00635046159429999979 )	-0.70999416181072 -3.7104000816245986e-8 3.3420186090190934e-8
2513	(   0.70999414273645999884   0.50405139593160996903  -0.38229467486953999655   0.00635065721204999996 )	-0.70999414273646 3.5364579376029326e-8 -4.4058554173528604e-8
2514	(   0.7099941408849800295    0.50405129593161002166  -0.38229466648505999737   0.00635036461424999966 )	-0.70999414088498 -5.5424789591196344e-8 5.7028656975246866e-8
2515	(   0.7099941417400500443    0.5040513585863799495   -0.38229467567730002209   0.00635038130823000011 )	-0.70999414174005 -1.0914094350500392e-9 -4.623949646360124e-9
2516	(   0.70999414152803996814   0.5040513965506899785   -0.38229469067729998644   0.00634999249346999972 )	-0.70999414152804 2.5724677665817097e-8 -3.7951218622837054e-8
2517	(   0.70999414515713998863   0.5040513571868300291   -0.38229468567730001682   0.0063502725865500001  )	-0.70999414515714 -1.530443283215277e-8 3.0086644332995944e-9
2518	(   0.70999414594017995483   0.50405135215000995696  -0.38229467203160999444   0.00634988130822999961 )	-0.70999414594018 -1.1092075341556651e-8 1.412668695115535e-8
2519	(   0.70999415174004998352   0.50405135449065996411  -0.38229467335739997225   0.00635063887513000018 )	-0.70999415174005 -1.853610917534887e-8 1.0400290879722417e-8
2520	(   0.70999413832295998894   0.50405135998592998092  -0.38229466567730002735   0.00635049002991000013 )	-0.70999413832296 1.312161390654154e-8 -1.2256587477853676e-8
2521	(   0.70999413753992002274   0.50405136502275005306  -0.38229467932298999422   0.00635088130822999974 )	-0.70999413753992 8.909256665745602e-9 -2.337508635488235e-8
2522	(   0.70999413174004999405   0.50405136268210004591  -0.38229467799720001642   0.00635012374133000004 )	-0.70999413174005 1.6353290083204186e-8 -1.9648322742836402e-8
2523	(   0.70999414061178001134   0.50405130858638003133  -0.38229467593904997713   0.00635041720632999965 )	-0.70999414061178 -4.958528596055167e-8 4.33179855303828e-8
2524	(   0.70999414286831996623   0.50405140858637997869  -0.38229467541555001153   0.0063503454101299997  )	-0.70999414286832 4.7402467395762926e-8 -5.2565887622479175e-8
2525	(   0.70999414674005001391   0.50405135975075998633  -0.38229467209119000204   0.00635042548853000013 )	-0.70999414674005 -4.7465030794668905e-9 7.50486274850564e-10
2526	(   0.70999416174005003377   0.50405136324389998581  -0.3822946613328599974    0.00635055802943000017 )	-0.70999416174005 -1.5711785233962772e-8 1.6873771170815668e-8
2527	(   0.70999415214554995046   0.5040513781237400126   -0.38229466951843998901   0.00634992548852999963 )	-0.70999415214555 7.418971298411847e-9 -3.596571557975127e-9
2528	(   0.70999416836204998216   0.5040514332426799804   -0.38229466180019000543   0.00634842548852999986 )	-0.70999416836205 4.3915393266313885e-8 -1.664074439035383e-8
2529	(   0.70999416712258001105   0.50405139397846998595  -0.38229467874012001971   0.00635092548852999976 )	-0.70999416712258 -6.426487009214554e-9 -1.0884944735758007e-8
2530	(   0.70999421205366997079   0.50405144154266001699  -0.3822947064051600008    0.00635392548853000016 )	-0.70999421205367 -4.7962868038320394e-8 -3.276206215966883e-8
2531	(   0.70999416445497998129   0.50405140056082997635  -0.38229467465182997987   0.00634892548853000036 )	-0.70999416445498 7.315881261904522e-9 4.144436283038105e-9
2532	(   0.70999415645218000304   0.50405142030790994756  -0.38229466238696002689   0.00634292548853000043 )	-0.70999415645218 4.854298532586121e-8 4.9184579672522516e-8
2533	(   0.70999415476717997464   0.50405139140629995342  -0.38229472465183000907   0.00634911226452999997 )	-0.70999415476718 -2.5417499771585028e-8 -2.8292852822132e-9
2534	(   0.70999417414277998795   0.50405140971535999928  -0.38229462465183000619   0.00634873871252999988 )	-0.70999417414278 4.004925693856798e-8 1.1118088188780942e-8
2535	(   0.70999415532192999834   0.50405139193050996216  -0.3822946706194599864    0.00635392548853000016 )	-0.70999415532193 1.5580352730193425e-8 -6.370832293582342e-8
2536	(   0.70999417358802996425   0.50405140919114999054  -0.38229467868419997334   0.0063439254885299997  )	-0.70999417358803 -9.485904839401371e-10 7.194719561293876e-8
2537	(   0.70999421445498001049   0.50405139886832994733  -0.38229468389587001331   0.0063499060415299997  )	-0.70999421445498 -7.705827584358893e-8 6.43844779694454e-8
2538	(   0.7099941144549799521    0.50405140225333000537  -0.38229466540779000194   0.00634794493553000015 )	-0.70999411445498 9.169002751496791e-8 -5.6097523375721575e-8
2539	(   0.70999416527832004409   0.50405130056083002899  -0.38229467040247000487   0.00634847474153000038 )	-0.70999416527832 -9.068022002733933e-8 1.1103688452657396e-7
2540	(   0.70999416363164002952   0.50405150056083003474  -0.38229467890119001039   0.00634937623553000034 )	-0.70999416363164 1.0531198244012607e-7 -1.0274841830620407e-7
2541	(   0.70999416596257003409   0.50405140121312996815  -0.38229467108269998832   0.00635092548852999976 )	-0.70999416596257 8.41720912414523e-9 -1.9766805427125656e-8
2542	(   0.70999418445497997077   0.5040514092144300351   -0.38229465558709002648   0.00634842999152999965 )	-0.70999418445498 3.0067440204284424e-10 3.018210475514896e-8
2543	(   0.70999416294739003952   0.50405139990852998455  -0.38229467822096002694   0.0063469254885300001  )	-0.70999416294739 6.2145532608859355e-9 2.8047678104235806e-8
2544	(   0.70999414445497999182   0.50405139190723002862  -0.38229469371656998877   0.00634942098553000021 )	-0.70999414445498 1.4331085762542273e-8 -2.1893722557472664e-8
2545	(   0.70999418429129002028   0.50405139690558997678  -0.38229469465183002486   0.00634913478453000019 )	-0.70999418429129 -4.162910555161048e-8 3.330935219549627e-8
2546	(   0.70999414461867005333   0.50405140421606997592  -0.3822946546518299904    0.00634871619252999966 )	-0.70999414461867 5.626086543863984e-8 -2.5020566350855483e-8
2547	(   0.70999416549816996014   0.50405135056082994716  -0.3822946721821199878    0.00634889964352999998 )	-0.70999416549817 -4.237339509827187e-8 5.5953929226895596e-8
2548	(   0.70999416341179000245   0.50405145056083000554  -0.38229467712154002745   0.00634895133352999987 )	-0.70999416341179 5.7005157622080915e-8 -4.7665057996732645e-8
2549	(   0.70999417202962000761   0.50405140613549004325  -0.38229468465182997461   0.0063488658365300002  )	-0.70999417202962 -6.210292224917424e-9 1.0083125367857729e-8
2550	(   0.70999419475353997555   0.5040514228594700219   -0.38229471465183001433   0.00634868688052999969 )	-0.70999419475354 -4.678881529440737e-8 2.7899150588103305e-8
2551	(   0.70999417412008003492   0.50405142280037995572  -0.38229469650273001369   0.00634786583653000006 )	-0.70999417412008 -1.767825358323094e-9 9.08339596451097e-9
2552	(   0.70999418039146000581   0.50405147279505002622  -0.3822947320554300199    0.00634486583652999966 )	-0.70999418039146 1.1559573742658813e-8 6.07220742141108e-9
2553	(   0.70999417265738995475   0.50405140178843998999  -0.38229469368491997283   0.00634986583653000033 )	-0.70999417265739 -1.841330785068429e-8 2.622869792138897e-9
2554	(   0.70999417558277000406   0.50405144381232003248  -0.38229469932053999903   0.0063458658365299998  )	-0.70999417558277 1.487765727281598e-8 1.5535922025858827e-8
2555	(   0.70999418966133998055   0.50405152280038001411  -0.38229472644224998801   0.00634837175253000034 )	-0.70999418966134 5.18380721403755e-8 -7.527142550701099e-8
2556	(   0.70999417800868003248   0.50405147866101995824  -0.38229464650272998449   0.00634799242252999992 )	-0.70999417800868 8.644164850579727e-8 -4.286259524104185e-8
2557	(   0.70999417023148003736   0.50405136693973995321  -0.38229474650272998737   0.0063477392505300002  )	-0.70999417023148 -8.997730435722495e-8 6.102935523305921e-8
2558	(   0.70999415857881997827   0.50405132280038000836  -0.38229466656320998386   0.00634735992052999978 )	-0.70999415857882 -5.537372538277907e-8 9.343770575608078e-8
2559	(   0.70999412412008000572   0.50405144893633002656  -0.3822947000076999946    0.00634792506352999976 )	-0.70999412412008 9.73020155836668e-8 -8.880390261680756e-8
2560	(   0.70999422412007995309   0.50405139666442999591  -0.38229469299775997726   0.00634780660953000037 )	-0.70999422412008 -1.0083767673640942e-7 1.0697069230411954e-7
2561	(   0.70999418168423999997   0.50405142690728999     -0.38229467650273002421   0.00634829338453000037 )	-0.70999418168424 6.191780616005005e-9 1.0289287521754854e-8
2562	(   0.70999420437672000617   0.5040514392280199818   -0.38229461650273000028   0.00634957602853000042 )	-0.70999420437672 3.007059196091788e-8 1.3904769625188904e-8
2563	(   0.70999416014464000746   0.5040514267423300554   -0.3822947265027299979    0.00634888839853000025 )	-0.70999416014464 3.711526919136787e-10 -2.768673432425111e-8
2564	(   0.7099942032238499845    0.50405142707225003562  -0.38229462650272999502   0.00634769837052999962 )	-0.70999420322385 1.2012386529924868e-8 4.8264616272467205e-8
2565	(   0.7099941659853500342    0.50405142635279998053  -0.38229465486260000295   0.00635029338452999977 )	-0.70999416598535 4.592414479254181e-8 -3.684563683794954e-8
2566	(   0.70999419738312996575   0.50405142746177999946  -0.38229469814285998996   0.0063462933845300001  )	-0.70999419738313 -3.3540585614444396e-8 5.74162124365824e-8
2567	(   0.70999418119525004034   0.50405147690729001919  -0.38229467635656999569   0.00634830689253000017 )	-0.70999418119525 5.704302041831255e-8 -4.0576578197905474e-8
2568	(   0.70999418217322995961   0.5040513769072899608   -0.38229467664888999723   0.0063482798765299997  )	-0.70999418217323 -4.465945924181369e-8 6.115515298752214e-8
2569	(   0.70999423168424002917   0.50405142729022001102  -0.38229469144749000931   0.00634918023553000029 )	-0.70999423168424 -8.046566005170952e-8 6.964501099931904e-8
2570	(   0.70999413168423997078   0.50405142652435996897  -0.38229466155796998361   0.00634740653352999958 )	-0.70999413168424 9.284921015373371e-8 -4.90680039691812e-8
2571	(   0.7099941858177200027    0.50405142586747997413  -0.38229467741967998462   0.00634929338452999963 )	-0.70999418581772 -1.8000790025229918e-9 4.501004326426549e-9
2572	(   0.70999419821816001086   0.50405142274805003755  -0.38229468017052997686   0.00635229338453000003 )	-0.70999419821816 -2.577565819117389e-8 -1.2875845259598508e-8
2573	(   0.70999417642343998214   0.50405142525006996213  -0.38229465741967999515   0.00634937548152999989 )	-0.70999417642344 2.7081034470466392e-8 -9.263876569459294e-9
2574	(   0.70999420790235001633   0.50405142731893004537  -0.38229467653609000566   0.0063512933845299999  )	-0.70999420790235 -3.3071085481228835e-8 9.008299045871039e-9
2575	(   0.70999416373308998907   0.50405142441603001391  -0.38229467830327001909   0.00634729338453000023 )	-0.70999416373309 2.947092539451468e-8 -1.4289504848212075e-11
2576	(   0.70999419521200002325   0.50405142648488998613  -0.38229469741967997409   0.00634921128753000025 )	-0.709994195212 -3.06811936967577e-8 1.8265871964512044e-8
2577	(   0.70999416987718999561   0.5040514458674799636   -0.3822946780574499881    0.00634943268953000028 )	-0.70999416987719 4.181875698505699e-8 -3.9903358723983556e-8
2578	(   0.70999420175825000978   0.50405140586747998466  -0.38229467678190998114   0.00634915407952999986 )	-0.70999420175825 -4.5418916100326e-8 4.8905329009144385e-8
2579	(   0.7099941358177199735    0.5040514186868200186   -0.38229468179100001279   0.00635024819353000036 )	-0.70999413581772 6.329075252775596e-8 -7.144338843675149e-8
2580	(   0.70999423581772003189   0.50405143304814004068  -0.38229467304836001196   0.00634833857552999977 )	-0.70999423581772 -6.689092119094298e-8 8.04435786541267e-8
2581	(   0.70999419005390995707   0.50405142835767002829  -0.38229467168914998965   0.00635029338452999977 )	-0.70999419005391 -1.3346719007767405e-9 -4.67343204882246e-9
2582	(   0.70999420276248004225   0.50405143582823996873  -0.38229465449756000472   0.00635329338453000016 )	-0.70999420276248 6.154787790535465e-11 -3.220874028639055e-8
2583	(   0.70999421987172994797   0.50405144704366999786  -0.3822946588088499964    0.00635229338453000003 )	-0.70999421987173 -1.789328507584287e-8 -6.423646706378962e-9
2584	(   0.70999416023608996618   0.5040514096716699477   -0.38229468456944998289   0.00634829338453000037 )	-0.70999416023609 1.5223936972175167e-8 -2.9312153928799808e-9
2585	(   0.70999421711781995903   0.50405141580448997729  -0.38229469168914997912   0.00635210866953000042 )	-0.70999421711782 -7.010772209992133e-8 2.3251706587623384e-8
2586	(   0.70999416298999995512   0.50405144091084996827  -0.38229465168915000017   0.00634847809952999997 )	-0.70999416299 6.743837413503151e-8 -3.260515953920856e-8
2587	(   0.70999424005390998627   0.50405143908790994711  -0.38229468168217001223   0.00634874171053000005 )	-0.70999424005391 -7.385875658294516e-8 7.530051217863342e-8
2588	(   0.70999423317273002709   0.50405140835767003882  -0.38229465306325999263   0.00634993388153000035 )	-0.70999423317273 -7.230104362432321e-8 8.112056312215666e-8
2589	(   0.7099941400539100389    0.50405141762742999845  -0.38229466169613002258   0.00635184505853000035 )	-0.70999414005391 7.118940151262798e-8 -8.465218633162038e-8
2590	(   0.70999414693508999807   0.50405144835767001776  -0.38229469031503998666   0.00635065288753000005 )	-0.70999414693509 6.963169094098554e-8 -9.046768170782837e-8
2591	(   0.70999419117782003319   0.50405142932806001888  -0.38229466385788002381   0.00634929338452999963 )	-0.70999419117782 3.9237621762833186e-9 8.6517039992823e-9
2592	(   0.70999419158446996914   0.50405141835766997804  -0.38229467123897997727   0.00635023590052999961 )	-0.70999419158447 -1.3305104823446712e-8 8.230022704839874e-9
2593	(   0.70999418892999999198   0.50405142738728003771  -0.382294679520420011     0.0063512933845299999  )	-0.70999418893 -6.593106366414858e-9 -1.80005678748814e-8
2594	(   0.70999418852334994501   0.50405143835766996752  -0.38229467213932000202   0.00635035086852999992 )	-0.70999418852335 1.0635760827604201e-8 -1.7576893189255518e-8
2595	(   0.70999421005390994655   0.5040514290865799607   -0.38229466580667997855   0.00635081732552999958 )	-0.70999421005391 -2.6353593945982468e-8 1.6342793353972388e-8
2596	(   0.7099941700539099676    0.50405142762875998486  -0.38229467757162000074   0.00634976944352999995 )	-0.70999417005391 2.368424828480542e-8 -2.569020559178419e-8
2597	(   0.70999420928542000819   0.50405142905857003299  -0.38229468168914998438   0.00634957109552999974 )	-0.70999420928542 -3.7363002941548373e-8 3.110716158403646e-8
2598	(   0.70999417082240001697   0.50405142765677002359  -0.38229466168914999491   0.00635101567352999979 )	-0.7099941708224 3.46936570860823e-8 -4.0455068085285136e-8
2599	(   0.70999419974658994903   0.50405143155804998933  -0.38229466668915002003   0.00635043957359000041 )	-0.70999419974659 -8.969345599574297e-9 4.03297290065696e-9
2600	(   0.70999422882463003592   0.50405144115918998349  -0.38229465168915000017   0.00635087814076999973 )	-0.70999422882463 -3.187336908294647e-8 3.0151932182402466e-8
2601	(   0.70999418653180002003   0.50405142867315000377  -0.38229466442485998678   0.00634943957359000027 )	-0.7099941865318 9.861406330413658e-9 8.529038025766413e-10
2602	(   0.70999418851365003746   0.50405142910580003068  -0.38229467668915001477   0.00635065499159000006 )	-0.70999418851365 -2.0801917410828707e-9 -1.2201465779598309e-8
2603	(   0.70999418726839003124   0.50405142155805005011  -0.38229465884038998924   0.00635131802558999963 )	-0.70999418726839 5.902205724162002e-9 -1.48438105413207e-8
2604	(   0.70999421097952997162   0.50405143401029994799  -0.3822946566891500253    0.00635022415558999988 )	-0.70999421097953 -1.5858500262977415e-8 2.02673191041522e-8
2605	(   0.70999421296137998905   0.5040514344429499749   -0.38229466895343999777   0.00635143957358999967 )	-0.70999421296138 -2.7800098389985095e-8 7.211042442827704e-9
2606	(   0.70999421222478997784   0.50405144155805003958  -0.38229467453790999532   0.00634956112159000031 )	-0.70999421222479 -2.3840897617199985e-8 2.2908213208849804e-8
2607	(   0.70999418348387999256   0.50405144155805003958  -0.38229466390261002129   0.00635075144958999974 )	-0.70999418348388 2.775490712259021e-8 -3.302108309260598e-8
2608	(   0.70999421600930001652   0.50405142155805005011  -0.38229466947569001878   0.0063501276975900002  )	-0.7099942160093 -4.569359943196183e-8 4.1086834804736154e-8
2609	(   0.70999420295489001909   0.50405143603807001096  -0.38229466168914999491   0.00635071357020999989 )	-0.70999420295489 -5.518211859678601e-9 6.286287367794586e-10
2610	(   0.70999421257979000721   0.50405144947812996481  -0.38229464668914997505   0.00635153556007000009 )	-0.70999421257979 4.835188999186002e-9 -9.585304755664278e-9
2611	(   0.70999424145448997159   0.50405148979831004841  -0.38229460168915002649   0.00635400152964999982 )	-0.70999424145449 3.58953865797762e-8 -4.023521224175283e-8
2612	(   0.70999422650510002342   0.50405145215457003438  -0.38229462668914998558   0.0063514922030700003  )	-0.7099942265051 1.7445110633840244e-9 8.062799630124138e-9
2613	(   0.70999426828102996101   0.50405146018389002105  -0.38229456668915001716   0.00635136213207000005 )	-0.70999426828103 -7.527532458473374e-9 6.100709245001148e-8
2614	(   0.70999423834651997911   0.50405150215456995255  -0.38229462613671999494   0.00635136121506999982 )	-0.70999423834652 3.425940464651944e-8 -2.3458599275853352e-8
2615	(   0.7099942146636799567    0.50405140215457000519  -0.38229462724157997622   0.00635162319106999992 )	-0.70999421466368 -3.077038293608503e-8 3.9584164331427215e-8
2616	(   0.70999421218594005456   0.50405145270928997103  -0.38229457668915001189   0.00635165059906999969 )	-0.70999421218594 6.218320422468615e-8 -1.483708900860037e-8
2617	(   0.70999424082425999227   0.50405145159984998671  -0.38229467668915001477   0.00635133380707000005 )	-0.70999424082426 -5.8694187954344557e-8 3.0962638423344944e-8
2618	(   0.70999416508829005235   0.50405145915876004015  -0.38229463512394001867   0.0063534922030699997  )	-0.70999416508829 9.517867441410921e-8 -1.1156251648373024e-7
2619	(   0.70999428792190999449   0.50405144515038002861  -0.38229461825436000799   0.00634949220307000003 )	-0.70999428792191 -9.168966844108617e-8 1.276801231824912e-7
2620	(   0.70999412650509996503   0.504051456028529965    -0.38229463135435998167   0.00635021068006999968 )	-0.7099941265051 1.532790208924606e-7 -1.2153247138441592e-7
2621	(   0.70999432650509997078   0.50405144828060999274  -0.38229462202393998949   0.00635277372607000006 )	-0.7099943265051 -1.497900412594788e-7 1.3765480591527567e-7
2622	(   0.70999424759658003037   0.50405146201712003329  -0.38229464053638001486   0.00635249220307000043 )	-0.70999424759658 -3.0876509737876034e-8 1.5445923645033936e-8
2623	(   0.70999421632060999432   0.50405144739221996453  -0.3822946066891499961    0.00635238790906999997 )	-0.70999421632061 2.767569926009905e-8 -1.3015650095194158e-8
2624	(   0.70999423668959005251   0.50405145691691999321  -0.38229464668914997505   0.00635059649706999976 )	-0.70999423668959 -2.418667835457633e-8 2.9139644999030985e-8
2625	(   0.70999420541362001646   0.50405144229202003547  -0.3822946128419200118    0.00635049220307000017 )	-0.70999420541362 3.436552961644246e-8 6.776763923716715e-10
2626	(   0.70999422252283994617   0.50405147215457002385  -0.38229461886890997446   0.00635130339406999971 )	-0.70999422252284 3.3746056421479764e-8 -1.519356154969486e-8
2627	(   0.70999423048735998965   0.50405143215457004491  -0.38229463450938999669   0.00635168101207000003 )	-0.70999423048736 -3.0257034239200564e-8 3.13190892902419e-8
2628	(   0.70999417650509999422   0.50405145370866000221  -0.38229463321570000822   0.00635164977806999993 )	-0.7099941765051 7.392223599911318e-8 -6.649240816729632e-8
2629	(   0.70999427650510005261   0.50405145060047995553  -0.38229462016260001844   0.0063513346280699998  )	-0.7099942765051 -7.043322466926405e-8 8.261796276380222e-8
2630	(   0.70999421405074003566   0.50405144608689000929  -0.38229463659860002389   0.00635199220306999993 )	-0.70999421405074 6.934593954621704e-9 -9.906309863325221e-9
2631	(   0.70999423895946001117   0.50405145822224994845  -0.38229461677970000277   0.0063509922030699998  )	-0.70999423895946 -3.445572716032075e-9 2.603140934563365e-8
2632	(   0.70999421462001000016   0.50405146215456997361  -0.38229463614566000507   0.00635114201635999989 )	-0.70999421462001 2.2487694040229655e-8 -1.4365597113011829e-8
2633	(   0.70999423839019004667   0.50405144215456998413  -0.3822946172326400216    0.00635184238977999985 )	-0.70999423839019 -1.899867277388445e-8 3.049095144488104e-8
2634	(   0.70999420650510003394   0.50405144730704998235  -0.38229462210509002063   0.00635126090571000012 )	-0.7099942065051 3.064742118419339e-8 -1.255133570692593e-8
2635	(   0.70999424650510001289   0.50405145700208997539  -0.38229463127321000604   0.00635172350042999961 )	-0.7099942465051 -2.715840097256006e-8 2.8676828858428555e-8
2636	(   0.70999421462001000016   0.50405146215456997361  -0.38229461944781001348   0.00635196934894999982 )	-0.70999421462001 3.5254690722297255e-8 -2.4875295139928388e-8
2637	(   0.70999423839019004667   0.50405144215456998413  -0.38229463393049001319   0.00635101505718999992 )	-0.70999423839019 -3.17656694004409e-8 4.1000439396879525e-8
2638	(   0.70999421867648004891   0.50405145001369000557  -0.3822946316891500107    0.00635133501100000001 )	-0.70999421867648 7.619714054163396e-9 1.0839134607497792e-9
2639	(   0.70999423433371999792   0.50405145429544995217  -0.38229462168915001596   0.00635164939513999972 )	-0.70999423433372 -4.1306923159734055e-9 1.504163660286269e-8
2640	(   0.70999422106458998094   0.5040514560654499876   -0.38229463016391002084   0.00635169220306999998 )	-0.70999422106459 1.122617634963241e-8 -6.114178697061749e-9
2641	(   0.70999421650509997317   0.50405144827577996747  -0.38229462324289997799   0.00635160054769999972 )	-0.7099942165051 1.5623440707823733e-8 -3.6346067883833463e-9
2642	(   0.70999423650509996264   0.50405145603335999027  -0.38229463013539999316   0.00635138385844000002 )	-0.7099942365051 -1.2134418803100289e-8 1.976018257153462e-8
2643	(   0.70999421954948005453   0.50405145715457000399  -0.38229462336315001014   0.00635135254016000027 )	-0.70999421954948 1.9806347839601557e-8 -5.039984152955667e-9
2644	(   0.70999423194560995487   0.50405144824368997014  -0.38229462321439000583   0.00635129220306999975 )	-0.70999423194561 -7.737154278375513e-9 2.2239697846302678e-8
2645	(   0.7099942334607199923    0.50405144715456995375  -0.38229463001515001652   0.00635163186598000033 )	-0.70999423346072 -1.6317325990389264e-8 2.1165544512775382e-8
2646	(   0.70999422538945999861   0.50405145364179004819  -0.38229462868914998452   0.00635145875637000042 )	-0.70999422538946 3.389707597944991e-9 5.416255409566872e-9
2647	(   0.70999422204254003521   0.50405145810344997859  -0.38229463468914998137   0.0063513584162699999  )	-0.70999422204254 8.325296591005227e-9 -2.5233902321936618e-9
2648	(   0.7099942320674299534    0.5040514586417900178   -0.38229463180881001483   0.0063513162149600004  )	-0.70999423206743 -4.09448078220187e-9 1.1709567123879318e-8
2649	(   0.70999421871149004382   0.50405144864178996755  -0.38229462556949000973   0.00635160129778000043 )	-0.70999421871149 1.0873895534002642e-8 -8.770967188084572e-10
2650	(   0.70999423538946004886   0.50405145550148000577  -0.38229462507404998739   0.00635162393509999985 )	-0.70999423538946 -7.10929015657058e-9 1.5658171098445245e-8
2651	(   0.70999421538945994836   0.50405145178209997958  -0.38229463230424998166   0.00635129357764000011 )	-0.70999421538946 1.3888704714082323e-8 -4.825714514261907e-9
2652	(   0.70999423116854998295   0.50405145029334996742  -0.38229463368915000965   0.00635155421468000005 )	-0.70999423116855 -1.2521254477704247e-8 1.575832836025619e-8
2653	(   0.70999421961037001427   0.50405145699023001793  -0.38229462368915001491   0.00635136329805999992 )	-0.70999421961037 1.9300669368282897e-8 -4.925835654671299e-9
2654	(   0.70999421782461002994   0.50405145802491002627  -0.38229463142392000607   0.0063516587563700001  )	-0.70999421782461 1.7121988132862143e-8 -1.2249487583179761e-8
2655	(   0.70999423295430996728   0.50405144925866995909  -0.38229462595438001848   0.00635125875636999987 )	-0.70999423295431 -1.0342573436572522e-8 2.308191862436629e-8
2656	(   0.70999422508453002845   0.50405145362264003328  -0.38229462818713999539   0.00635155875636999982 )	-0.70999422508453 4.215527149575848e-9 3.7321065905740925e-9
2657	(   0.70999422416974000694   0.50405145356518998856  -0.38229462668110997248   0.00635185875636999978 )	-0.70999422416974 6.692985859979572e-9 -1.320459866429246e-9
2658	(   0.70999422994103000839   0.5040514555442100475   -0.38229463318714002051   0.00635168607271999978 )	-0.70999422994103 -5.030214716983394e-9 7.0893797767681926e-9
2659	(   0.70999424451052994822   0.50405146130891997913  -0.38229464818713998486   0.00635206802176999964 )	-0.70999424451053 -3.276744109381724e-8 1.7161005043963044e-8
2660	(   0.70999423600221001074   0.50405146054421001711  -0.38229463084178999521   0.00635179383752000008 )	-0.70999423600221 -7.4031589469836234e-9 9.327197547897691e-9
2661	(   0.70999422387985000604   0.50405145054420996686  -0.3822946355324899903    0.00635157830792000035 )	-0.70999422387985 -2.657270792294497e-9 4.851539001172523e-9
2662	(   0.70999422216807994701   0.50405146006287004923  -0.38229464318714001525   0.00635122658924000029 )	-0.70999422216808 3.5973937440036963e-9 -2.6300010678452957e-9
2663	(   0.70999422373292997435   0.50405145662967998366  -0.38229463558934001499   0.00635218607272000028 )	-0.70999422373293 3.606915932596877e-9 -9.163456617781204e-9
2664	(   0.70999422289928004748   0.50405145677544005434  -0.38229462318714002578   0.00635156087381000007 )	-0.70999422289928 1.4495973144068586e-8 -2.5506212461800766e-9
2665	(   0.70999423771397995875   0.50405145102555004577  -0.38229462318714002578   0.00635214555620000013 )	-0.70999423771398 -1.3657823427770666e-8 1.680833826021356e-8
2666	(   0.70999423614913004243   0.50405145445874000032  -0.38229463078494002604   0.00635118607272000014 )	-0.70999423614913 -1.366734558860827e-8 2.3341716282328337e-8
2667	(   0.7099942369827799693    0.50405145431298004066  -0.38229464318714001525   0.00635181127163000035 )	-0.70999423698278 -2.4556402938857858e-8 1.6729349450173275e-8
2668	(   0.7099942272780399577    0.50405145567385001293  -0.38229462818713999539   0.00635181841043000028 )	-0.70999422727804 2.949545996333569e-9 1.4971719380744986e-9
2669	(   0.70999421928907002766   0.50405145606277002024  -0.38229461318713997553   0.00635221542356000004 )	-0.70999421928907 2.6888827275861615e-8 -1.5279661293118613e-8
2670	(   0.70999422871940998103   0.5040514549397200339   -0.38229462806235997574   0.00635231841042999991 )	-0.70999422871941 1.3107304130954844e-10 -2.0740377068643448e-9
2671	(   0.70999423304352005104   0.50405145273732998579  -0.3822946276880199723    0.00635381841042999967 )	-0.70999423304352 -8.324346129073845e-9 -1.2790666419658164e-8
2672	(   0.70999423449724996527   0.50405145993972000351  -0.38229462683192999561   0.00635217763243000038 )	-0.70999423449725 -2.665838910731466e-9 2.918941973938387e-9
2673	(   0.70999425183077002899   0.50405147493972002337  -0.38229462314063999973   0.00635175529843000006 )	-0.70999425183077 -1.1056575571766203e-8 1.789764375013269e-8
2674	(   0.70999424480544004457   0.50405146172285997253  -0.38229463069440999812   0.00635417763242999978 )	-0.70999424480544 -1.942473254468169e-8 -9.639397321668764e-9
2675	(   0.70999422418905999699   0.5040514581565800345   -0.38229462296944999311   0.00635017763243000011 )	-0.70999422418906 1.4093054112596093e-8 1.5469281713646386e-8
2676	(   0.70999421594892997422   0.50405146917288001784  -0.38229464683192998509   0.00635161506443000009 )	-0.70999421594893 1.9325703676242867e-8 -2.5505870918058693e-8
2677	(   0.70999425304556995631   0.50405145070655998918  -0.38229460683193000614   0.0063527402004299998  )	-0.70999425304557 -2.4657383773663e-8 3.1343122677596246e-8
2678	(   0.70999418449725004709   0.50405145129057005171  -0.38229463686671999456   0.00635270461743000017 )	-0.70999418449725 5.662628491109878e-8 -6.612661123373383e-8
2679	(   0.70999428449724999446   0.50405146858886995531  -0.38229461679713999667   0.00635165064742999972 )	-0.70999428449725 -6.195797375152523e-8 7.196394497328742e-8
2680	(   0.70999418449725004709   0.50405146687016999518  -0.3822946080969499838    0.00635270461743000017 )	-0.70999418449725 9.42029415862411e-8 -8.170621117720541e-8
2681	(   0.70999428449724999446   0.50405145300927001184  -0.38229464556691000743   0.00635165064742999972 )	-0.70999428449725 -9.953463092626791e-8 8.7543544916759e-8
2682	(   0.70999423457139998472   0.50405146493971997312  -0.38229462698444000024   0.00635218626042999973 )	-0.7099942345714 2.1054183119151304e-9 -2.085379027948653e-9
2683	(   0.7099942347938500431    0.50405147993971999298  -0.38229462744197001411   0.00635221214443000039 )	-0.70999423479385 1.6419190007610496e-8 -1.7098343148989534e-8
2684	(   0.70999423535517003359   0.50405145801705997233  -0.3822946169844400055    0.00635233372142999988 )	-0.70999423535517 1.6433745475552541e-9 4.076804155105941e-9
2685	(   0.70999423378763004688   0.50405147186237997392  -0.38229463698443999498   0.00635203879942999958 )	-0.70999423378763 2.5674617154525237e-9 -8.247605589471383e-9
2686	(   0.70999423502463998581   0.50405146093647001937  -0.38229462829003002522   0.0063511862604299996  )	-0.70999423502464 -3.5814955168245177e-9 1.526483906791142e-8
2687	(   0.70999423725093002702   0.5040514549397200339   -0.3822946347030000136    0.00635269039443000019 )	-0.70999423725093 -1.7848297201306096e-8 5.31456235077399e-9
2688	(   0.70999423411815998364   0.5040514689429700379   -0.38229462567884997526   0.00635318626042999986 )	-0.70999423411816 7.79233219616593e-9 -1.9437597234829812e-8
2689	(   0.70999423189187005345   0.50405147493972002337  -0.38229461926587998688   0.00635168212643000014 )	-0.70999423189187 2.2059133658602903e-8 -9.485828708859342e-9
2690	(   0.7099942545713999742    0.50405146592548000228  -0.38229462666294999895   0.00635216526243000037 )	-0.7099942545714 -2.6908523520496885e-8 2.5595396674265376e-8
2691	(   0.70999421457139999525   0.50405146395396005499  -0.38229462730593000153   0.00635220725842999996 )	-0.7099942145714 3.111935853450376e-8 -2.976615494587148e-8
2692	(   0.70999423467424005452   0.50405146454743998685  -0.38229463198444002536   0.00635200597034000017 )	-0.70999423467424 -2.2653305342679175e-9 7.433726612380122e-10
2693	(   0.70999423498276004185   0.50405146337060002804  -0.38229464698443998971   0.00635146510006999974 )	-0.70999423498276 -1.537757682301688e-8 9.229237230522474e-9
2694	(   0.70999424433353996999   0.50405146954743995646  -0.38229462970783001374   0.0063522998063399996  )	-0.70999424433354 -1.0132181232913595e-8 5.726484892877484e-9
2695	(   0.70999422501494002802   0.50405145954744001724  -0.38229463426104998147   0.00635171213433999987 )	-0.70999422501494 5.6015199978443064e-9 -4.239912249580629e-9
2696	(   0.7099942329615700487    0.50405146366090003429  -0.38229462983635997819   0.0063530059703400003  )	-0.70999423296157 1.0805572547845088e-9 -1.3507071061993371e-8
2697	(   0.70999423638690994931   0.50405146543398005043  -0.38229463413252001702   0.00635100597034000004 )	-0.70999423638691 -5.611218018009012e-9 1.4991816051396927e-8
2698	(   0.70999424160048996146   0.50405146042032999976  -0.38229462198443997512   0.00635176343233999959 )	-0.70999424160049 -9.220945618171328e-9 1.7786824463483428e-8
2699	(   0.70999422774799003655   0.50405146867454997395  -0.3822946419844400201    0.00635224850833999988 )	-0.70999422774799 4.690284410857615e-9 -1.63001969013892e-8
2700	(   0.70999422670124001655   0.50405146761613994766  -0.38229462198443997512   0.00635176343233999959 )	-0.70999422670124 2.0506634057504414e-8 -1.056574860361961e-8
2701	(   0.70999424264723998146   0.50405146147874002605  -0.3822946419844400201    0.00635224850833999988 )	-0.70999424264724 -2.5037295320329278e-8 1.2052376165713839e-8
2702	(   0.70999423696104002612   0.50405146446775994651  -0.38229462698444000024   0.00635201460993999999 )	-0.70999423696104 -1.980335700979552e-9 3.960524641703517e-9
2703	(   0.70999424382144005197   0.50405146422872004752  -0.38229461198443998038   0.00635204052874000034 )	-0.70999424382144 -1.1253516174480893e-9 1.361197968737963e-8
2704	(   0.70999423392385996312   0.50405146646776000097  -0.3822946292700499793    0.00635177340433999964 )	-0.70999423392386 2.865164355769778e-9 7.119886933851108e-10
2705	(   0.70999423999822997011   0.50405146246776000307  -0.38229462469883002118   0.00635225581554000034 )	-0.70999423999823 -6.825850634717412e-9 7.208958107519188e-9
2706	(   0.70999423237660996833   0.50405146394385003106  -0.3822946169844400055    0.0063516505262100004  )	-0.70999423237661 1.2074567845576922e-8 2.5997944536239196e-9
2707	(   0.70999422696103997588   0.50405146332496997275  -0.3822946345098500176    0.00635191544383000017 )	-0.70999422696104 6.245780975744353e-9 -7.836770771909945e-9
2708	(   0.7099942415454699729    0.50405146499166997298  -0.38229463698443999498   0.00635237869366999958 )	-0.70999424154547 -1.603523921978045e-8 5.320989382789844e-9
2709	(   0.70999424696103996535   0.50405146561055003129  -0.38229461945902998288   0.00635211377604999981 )	-0.70999424696104 -1.0206452655259213e-8 1.5757800276460692e-8
2710	(   0.70999422935670997159   0.50405146518724996962  -0.382294622246560023     0.00635251460993999963 )	-0.70999422935671 1.3861527953240582e-8 -1.3909290992254644e-8
2711	(   0.70999424456536996964   0.50405146374827003442  -0.38229463172231997747   0.00635151460994000036 )	-0.70999424456537 -1.782219932744411e-8 2.1829840053612295e-8
2712	(   0.70999423738351996604   0.50405146405767997653  -0.38229462198443997512   0.00635207282476999997 )	-0.70999423738352 7.936245549622356e-10 4.230954993264026e-9
2713	(   0.70999423865096000785   0.50405146282743995556  -0.38229460698444001077   0.00635224746925999988 )	-0.70999423865096 9.115504434609178e-9 5.042205713408896e-9
2714	(   0.70999424126167998139   0.50405146362337005517  -0.38229461900116001871   0.0063525728247699996  )	-0.70999424126168 -3.224547767688435e-9 3.8198845474606805e-9
2715	(   0.70999425289616002743   0.50405146232043995802  -0.38229461005131998297   0.00635407282477000023 )	-0.70999425289616 -1.5279065679330017e-8 2.583673987178092e-9
2716	(   0.70999424332723004571   0.50405146862337002478  -0.38229461957506999381   0.00635325022377000032 )	-0.70999424332723 -1.787033965250373e-9 -6.853969896871608e-9
2717	(   0.70999424149590995015   0.50405146370513997933  -0.38229459900115997373   0.00635258390276999957 )	-0.70999424149591 1.1794786231034138e-8 3.929970841450318e-9
2718	(   0.70999423919613002809   0.50405145862336997453  -0.3822946184272499881    0.00635189542576999975 )	-0.70999423919613 -4.66206193094898e-9 1.4492821586033862e-8
2719	(   0.70999424102745001264   0.50405146354160001998  -0.38229463900116000818   0.00635256174676999963 )	-0.70999424102745 -1.824388276561173e-8 3.709798230065828e-9
2720	(   0.70999423126168004217   0.50405146626093000339  -0.38229461860045999      0.00635209986677000033 )	-0.70999423126168 1.4842137435744363e-8 -7.008783415430155e-9
2721	(   0.70999423377930004353   0.50405146101127995539  -0.38229461870134001655   0.00635357282476999973 )	-0.7099942337793 5.7080207505055824e-9 -1.689906430081252e-8
2722	(   0.70999425126168003164   0.50405146098580999592  -0.38229461940185999191   0.00635304578276999973 )	-0.70999425126168 -2.1291233776032925e-8 1.464810568690576e-8
2723	(   0.70999424874406003028   0.50405146623546004392  -0.38229461930098002087   0.00635157282477000033 )	-0.70999424874406 -1.2157116924260691e-8 2.4536833839810754e-8
2724	(   0.70999424442944003566   0.50405146378365994764  -0.38229460900116002398   0.00635306822083999984 )	-0.70999424442944 -2.088914596853897e-10 1.8634528403777234e-9
2725	(   0.70999425393271997642   0.50405146426452995811  -0.38229457900115998426   0.00635455440904999971 )	-0.70999425393272 8.838076714923204e-9 -4.008787843162948e-9
2726	(   0.70999428244256002074   0.50405146570713998955  -0.38229448900115997612   0.00635901297368000017 )	-0.70999428244256 3.5978967943828266e-8 -2.165201373729097e-8
2727	(   0.70999427393271996589   0.50405146446450999065  -0.38229457481863998725   0.00635461574705000008 )	-0.70999427393272 -1.8009545077468658e-8 2.3411447580524384e-8
2728	(   0.70999425507018998349   0.50405146901772002188  -0.38229462900116001345   0.00635382113904999976 )	-0.70999425507019 -2.6358361632228267e-8 2.171886942861634e-9
2729	(   0.70999425469275001532   0.5040514626671600551   -0.38229461241003998007   0.00635655440904999997 )	-0.70999425469275 -1.9452736532699078e-8 -2.675440165189559e-8
2730	(   0.70999425631173995743   0.5040514592645299885   -0.38229461213769000416   0.00635302077805000032 )	-0.70999425631174 -2.50954896030553e-8 2.385812432540552e-8
2731	(   0.70999425317269004854   0.50405146586189997215  -0.38229454559227998844   0.00635255440905000031 )	-0.70999425317269 3.712888774209944e-8 1.8728825965561003e-8
2732	(   0.70999425279524996935   0.50405145951134000537  -0.38229452900116001057   0.00635528767904999965 )	-0.70999425279525 4.4034510260360094e-8 -1.0190538221012608e-8
2733	(   0.70999423393271998695   0.5040514640645500366   -0.38229458318367998126   0.00635449307105000021 )	-0.70999423393272 3.568569695300283e-8 -3.142903012542513e-8
2734	(   0.70999425155369999541   0.50405146926453003875  -0.38229454586463001986   0.00635608804004999996 )	-0.7099942515537 4.277164097898911e-8 -3.188040428186729e-8
2735	(   0.70999425864456000568   0.50405146626453001257  -0.38229458169871000095   0.00635439687105000036 )	-0.70999425864456 1.6499588917362473e-9 2.68411359397112e-9
2736	(   0.70999427278007998243   0.5040514722645299539   -0.38229458979135999552   0.00635392425704999972 )	-0.70999427278008 -1.9914395216202863e-8 2.2762520308797305e-8
2737	(   0.70999426560375000772   0.50405146126453004296  -0.38229455966335001982   0.00635484393104999989 )	-0.70999426560375 2.9737429463327913e-9 1.1884290279636303e-8
2738	(   0.70999425168537000364   0.50405147126452998219  -0.38229460373406998208   0.00635394981104999996 )	-0.70999425168537 3.2617369916110306e-10 -6.516462816963766e-9
2739	(   0.70999425670093996299   0.50405146766096997624  -0.38229457153627999233   0.00635639687104999976 )	-0.70999425670094 1.3755771688384044e-8 -2.689383203676311e-8
2740	(   0.70999427864455999515   0.50405146865028005454  -0.38229456433671998861   0.0063541835570500001  )	-0.70999427864456 -1.2935013560255726e-8 3.140905232373138e-8
2741	(   0.70999426058818004837   0.50405146486809004891  -0.38229459186114000957   0.00635239687105000009 )	-0.70999426058818 -1.0455854071445003e-8 3.225405911370146e-8
2742	(   0.7099942386445600162    0.50405146387877997061  -0.38229459906070001329   0.00635461018504999975 )	-0.70999423864456 1.623492912328217e-8 -2.6040915475363067e-8
2743	(   0.70999426820733002597   0.50405146523614996479  -0.38229463169870997463   0.00635501118604999988 )	-0.70999426820733 -5.2069425215961473e-8 9.483937314428944e-9
2744	(   0.70999424908178998539   0.50405146729290994934  -0.38229453169871002727   0.00635378255604999997 )	-0.70999424908179 5.5369337503829996e-8 -4.116464670266592e-9
2745	(   0.70999426410013000144   0.50405146509428000456  -0.38229456169871001148   0.00635471810205000005 )	-0.70999426410013 7.521166661694778e-9 7.51864860973182e-9
2746	(   0.70999425747143996013   0.50405146426452995811  -0.38229459167745999393   0.00635432779605000012 )	-0.70999425747144 -6.205604613507276e-9 3.896151764950573e-9
2747	(   0.70999425318899000992   0.50405146743478002058  -0.38229460169870999042   0.00635407564004999981 )	-0.70999425318899 -4.221249794156279e-9 -2.150627800486264e-9
2748	(   0.70999425981768005123   0.50405146826452995601  -0.38229457171996000797   0.00635446594604999974 )	-0.70999425981768 9.505522119424015e-9 1.4720658802981536e-9
2749	(   0.7099942580525600011    0.50405146639151998667  -0.38229458673436000904   0.00635539687104999963 )	-0.70999425805256 -1.1779874575790217e-9 -1.0993303351905276e-8
2750	(   0.70999425923656001025   0.50405146613754003848  -0.38229457666305999286   0.00635339687105000023 )	-0.70999425923656 4.477905241051516e-9 1.635953042883998e-8
2751	(   0.7099942686445599449    0.50405146649536003434  -0.3822945908521300229    0.00635433350905000027 )	-0.70999426864456 -2.0240572468077644e-8 1.7458419303158473e-8
2752	(   0.70999424864455995543   0.50405146603369999081  -0.382294572545289979     0.00635446023304999958 )	-0.70999424864456 2.354048980746093e-8 -1.2090200144688774e-8
2753	(   0.70999426292252998394   0.5040514661163999488   -0.38229457169871000621   0.00635468991914000039 )	-0.70999426292253 2.678250954346595e-9 5.182538261128762e-9
2754	(   0.70999427575644002975   0.50405146567200997954  -0.382294541698710022     0.00635556906340999962 )	-0.70999427575644 5.7631255601098275e-9 1.2676782069486088e-8
2755	(   0.70999426416367994452   0.50405146504418996134  -0.38229456279510998229   0.00635568991913999966 )	-0.70999426416368 6.536676089297089e-9 -4.693212934221095e-9
2756	(   0.70999426330080994685   0.50405146811640000326  -0.38229456151705998312   0.0063549946981399999  )	-0.70999426330081 1.1890966461480801e-8 -1.5395355048983999e-10
2757	(   0.70999426217947003703   0.50405146675832002146  -0.38229459169870999569   0.00635531638914000035 )	-0.70999426217947 -1.0847900772104069e-8 -4.476956108196144e-9
2758	(   0.70999426254425002103   0.50405146411640000537  -0.38229458188035997379   0.00635438514014000002 )	-0.70999426254425 -6.534464552787611e-9 1.051884418126368e-8
2759	(   0.70999426168138002335   0.50405146718861004729  -0.38229458060230997463   0.00635368991914000026 )	-0.70999426168138 -1.1801741528483234e-9 1.505628934546431e-8
2760	(   0.70999426366559004187   0.50405146547447998717  -0.38229455169871001674   0.00635406344913999957 )	-0.70999426366559 1.6204401931396717e-8 1.4841247701142179e-8
2761	(   0.70999427292253003419   0.50405146618191998265  -0.38229457374018999127   0.00635462880913999998 )	-0.70999427292253 -1.3939878334978673e-8 2.0093570184454338e-8
2762	(   0.70999425292253004471   0.50405146605088002598  -0.38229456965723002115   0.00635475102913999994 )	-0.70999425292253 1.9296379771827077e-8 -9.728500797975056e-9
2763	(   0.70999426792252995355   0.50405146650635002104  -0.38229456867332001213   0.00635502651423000033 )	-0.70999426792253 -2.1799964333713007e-9 7.61450267594587e-9
2764	(   0.70999428292252997341   0.50405146767620001569  -0.38229455959714997437   0.00635603629950000013 )	-0.70999428292253 -1.6754739706748012e-8 1.4909036920462038e-8
2765	(   0.70999426551130995211   0.50405146616358997846  -0.38229456143712997607   0.00635602651422999959 )	-0.70999426551131 6.6563848599709985e-9 -8.177695025235931e-9
2766	(   0.70999426145093003093   0.50405146745370998929  -0.3822945886733200016    0.0063553134602300004  )	-0.70999426145093 -6.737577162851949e-9 -6.169636145021793e-9
2767	(   0.70999425792253001433   0.50405146508481002421  -0.38229456493468999545   0.00635459594523000038 )	-0.70999425792253 1.4379734930569654e-8 3.085269489162216e-10
2768	(   0.70999426307377999645   0.50405146850634996447  -0.38229455412197999031   0.00635481774223000014 )	-0.70999426307378 1.8278445895747453e-8 1.3827930140584673e-9
2769	(   0.70999427439412998719   0.50405146555899005278  -0.38229454867332002266   0.00635473956823000025 )	-0.70999427439413 2.377583158130747e-9 2.1398477042946053e-8
2770	(   0.7099942779225300038    0.50405146792789001786  -0.3822945724119499733    0.00635545708323000027 )	-0.70999427792253 -1.8739728352423768e-8 1.492010795672101e-8
2771	(   0.70999427033374995499   0.50405146684910995258  -0.38229457590950999268   0.00635402651423000019 )	-0.70999427033375 -1.1016377921002629e-8 2.3404700488164742e-8
2772	(   0.70999427277128002167   0.50405146450634996658  -0.38229458322465997844   0.00635523528622999965 )	-0.70999427277128 -2.2638439567401747e-8 1.3846125499419209e-8
2773	(   0.709994268467930012     0.50405146750634999275  -0.38229456512224002651   0.00635530328936000002 )	-0.70999426846793 7.103255206253323e-10 3.871061348504961e-9
2774	(   0.7099942701041299653    0.50405147050635001893  -0.38229455446900001414   0.00635613361474999996 )	-0.70999427010413 9.381291687926563e-9 -7.360182331600594e-9
2775	(   0.70999426747889005096   0.50405146738793005223  -0.38229456635089997807   0.00635630328936000015 )	-0.70999426747889 1.1481865458407015e-9 -1.0126550754509928e-8
2776	(   0.70999427046759000515   0.50405146943402001636  -0.38229454512223998153   0.00635544156935999999 )	-0.70999427046759 1.4905740752801933e-8 3.0252438321844567e-9
2777	(   0.70999426646827001885   0.50405146557867996915  -0.38229458512224001598   0.00635516500936000005 )	-0.70999426646827 -1.3485090488707385e-8 4.716840622107825e-9
2778	(   0.70999425846792996175   0.50405146923481003451  -0.38229457754489998278   0.00635521739935999974 )	-0.70999425846793 8.0633103527461e-9 -1.0965577449954431e-8
2779	(   0.70999427846792995123   0.50405146577788995099  -0.38229455269958001473   0.00635538917936000029 )	-0.70999427846793 -6.642659783340221e-9 1.8707685392775272e-8
2780	(   0.70999426945696997304   0.5040514676247700443   -0.38229456389358001944   0.00635430328935999988 )	-0.70999426945697 2.72464717454568e-10 1.786667322947646e-8
2781	(   0.70999427846792995123   0.50405146870368999767  -0.38229458089951001698   0.00635538917936000029 )	-0.70999427846793 -2.5278219795143997e-8 1.5781885346092747e-8
2782	(   0.70999425846792996175   0.50405146630900998783  -0.38229454934496998053   0.00635521739935999974 )	-0.70999425846793 2.6698870170260847e-8 -8.039777403271906e-9
2783	(   0.70999427147073002065   0.50405146650635002104  -0.38229456125751998252   0.00635567981778000033 )	-0.70999427147073 -1.8758126718587675e-9 4.348956467429448e-9
2784	(   0.70999428047913004658   0.50405146350634999486  -0.38229454966336001709   0.0063568094030400004  )	-0.70999428047913 -9.634227915444882e-9 5.780940984491053e-9
2785	(   0.70999427180416996297   0.50405146450634996658  -0.38229456017597002182   0.00635664925378000029 )	-0.70999427180417 -3.5531244613196122e-9 -5.501352002790997e-9
2786	(   0.70999427068576004274   0.50405146842621995074  -0.38229456380364001955   0.0063566798177799996  )	-0.70999427068576 -7.155874504061188e-10 -1.139792147142549e-8
2787	(   0.70999427144013005364   0.50405146668987999004  -0.38229454125751999305   0.00635571879678000027 )	-0.70999427144013 1.364577492668495e-8 3.626497316162815e-9
2788	(   0.7099942711372899673    0.50405146850634996447  -0.38229456233906999874   0.00635471038178000037 )	-0.70999427113729 -1.9850085464234724e-10 1.4197385325332595e-8
2789	(   0.70999427150132998765   0.50405146632282005204  -0.38229458125752002751   0.00635564083878000039 )	-0.70999427150133 -1.7397401103069754e-8 5.071412690991074e-9
2790	(   0.7099942614707299704    0.50405146639353004545  -0.38229456119651000767   0.00635565585678000023 )	-0.70999426147073 1.3180770752629911e-8 -9.4335326215379e-9
2791	(   0.70999427225569999855   0.50405146458647998031  -0.38229455871140000101   0.0063546798177800002  )	-0.7099942722557 -3.0360380043337187e-9 2.009383451731468e-8
2792	(   0.70999428147072995987   0.50405146661916999662  -0.38229456131853001288   0.00635570377878000043 )	-0.70999428147073 -1.6932396401658778e-8 1.8131444519160907e-8
2793	(   0.7099942722179100052    0.50405146550635004932  -0.38229455994631000859   0.0063558133205300002  )	-0.70999427221791 -3.0032178410799304e-9 4.712924224553529e-9
2794	(   0.7099942707235500361    0.50405146750634999275  -0.38229456256873001196   0.00635554631502999959 )	-0.70999427072355 -7.484075859043315e-10 3.9849531753691e-9
2795	(   0.70999427647072999026   0.50405146686738999673  -0.38229455248306998261   0.00635586062854999988 )	-0.70999427647073 -2.3673017712777522e-9 8.789475820590977e-9
2796	(   0.70999426647073005103   0.50405146614531004534  -0.38229457003196998244   0.00635549900700999992 )	-0.70999426647073 -1.3843238222399634e-9 -9.162815977150924e-11
2797	(   0.70999427394033998162   0.50405146668468003845  -0.38229457125751997726   0.0063561210790100001  )	-0.70999427394034 -1.3078104876829144e-8 2.068219497919387e-9
2798	(   0.70999426900111994865   0.50405146632802000362  -0.38229455125751998779   0.0063552385565499997  )	-0.70999426900112 9.326479449844882e-9 6.629304014002795e-9
2799	(   0.70999426714336999478   0.50405146670840994538  -0.38229455634671999364   0.00635617981777999996 )	-0.70999426714337 8.625152370100864e-9 -8.353834831169532e-9
2800	(   0.70999427579809004651   0.50405146630428998566  -0.38229456616832002691   0.00635517981777999983 )	-0.70999427579809 -1.2376778074640882e-8 1.705124809910411e-8
2801	(   0.70999427165887996072   0.50405146656413002404  -0.38229455864724998237   0.00635587981778000001 )	-0.70999427165888 -1.0678324890989188e-10 2.0160353783247025e-9
2802	(   0.70999427222333000298   0.50405146673747003305  -0.38229455081643998193   0.00635647981777999992 )	-0.70999427222333 5.200304853403281e-9 -4.983207889008216e-9
2803	(   0.70999427365888001518   0.50405146679840995283  -0.38229455305527998421   0.00635597284082000009 )	-0.70999427365888 1.3785048380565712e-9 3.439237413537335e-9
2804	(   0.70999427965887995651   0.50405146750124996124  -0.38229453627936998972   0.00635625190994000035 )	-0.70999427965888 5.834368987933658e-9 7.708739235670386e-9
2805	(   0.70999427768067002731   0.50405146697415004198  -0.38229453901030002738   0.00635697284082000023 )	-0.70999427768067 6.2108284348827425e-9 -3.738552600952665e-9
2806	(   0.70999428974603995268   0.50405146750136997635  -0.38229449687535999036   0.00635997284081999976 )	-0.70999428974604 2.070779642204812e-8 -2.5283922200339715e-8
2807	(   0.70999428768066996653   0.50405146685937995965  -0.38229453944739999471   0.00635692152281999972 )	-0.70999428768067 -9.360899888566365e-9 1.1228554713028124e-8
2808	(   0.70999427803126002878   0.50405146897414998541  -0.38229453139320002109   0.0063551289288199999  )	-0.70999427803126 1.3504591056534565e-8 1.8199278228079945e-8
2809	(   0.70999427689659999618   0.50405146523954003079  -0.38229455604522999401   0.00635497284081999996 )	-0.7099942768966 -7.362773252195254e-9 2.230657826661264e-8
2810	(   0.70999427733008002583   0.50405146497414998752  -0.38229454662739997817   0.00635881675281999969 )	-0.70999427733008 -1.0829344365692606e-9 -2.568318334188294e-8
2811	(   0.70999426768066997706   0.50405146708892001328  -0.38229453857320000454   0.00635702415881999987 )	-0.70999426768067 2.178255636975379e-8 -1.8705664959956555e-8
2812	(   0.70999427777135004636   0.50405146749146001461  -0.38229458901030000106   0.00635720415281999969 )	-0.70999427777135 -3.1638451108984e-8 -7.068039727764041e-9
2813	(   0.70999427846473994741   0.50405146870876005316  -0.38229452197537000524   0.00635897284081999963 )	-0.70999427846474 1.9784429816649407e-8 -2.9791683690557713e-8
2814	(   0.70999427758999000826   0.50405146645683995832  -0.38229448901029999819   0.0063567415288199999  )	-0.70999427758999 4.406010289947915e-8 -4.0917237359558347e-10
2815	(   0.70999428268066999692   0.50405146652904997406  -0.38229453719182998617   0.00635679716582000006 )	-0.70999428268067 -4.052674307253312e-10 6.039981757718091e-9
2816	(   0.70999429768067001678   0.50405146519374999237  -0.38229453173641997354   0.00635627014082000043 )	-0.70999429768067 -2.025355574919452e-8 3.5375214826313455e-8
2817	(   0.70999427648473001362   0.50405146730558003654  -0.38229455719182997564   0.00635718548081999971 )	-0.70999427648473 -5.5505502416508534e-9 -8.471742340304157e-9
2818	(   0.7099942869661299838    0.50405146599196004598  -0.38229454070447999037   0.00635879716582000033 )	-0.70999428696613 -1.0108888032211993e-8 -1.2768812716986344e-8
2819	(   0.70999428887660998022   0.50405146575252002261  -0.38229451719182999669   0.00635640885082000041 )	-0.70999428887661 4.740014492021771e-9 2.0551404278658348e-8
2820	(   0.70999427995853003903   0.50405146852905002852  -0.38229452411149000834   0.00635779730082000009 )	-0.70999427995853 1.5712443401927345e-8 -1.2541736783232814e-8
2821	(   0.70999427268066994667   0.50405146513513998663  -0.38229452899514998476   0.00635742389181999986 )	-0.70999427268067 1.959067080781196e-8 -1.473432676211392e-8
2822	(   0.70999427839521001005   0.50405146706614001317  -0.38229453367917998197   0.00635479716581999979 )	-0.70999427839521 9.298353143005755e-9 2.4840776232413835e-8
2823	(   0.70999428540280995481   0.50405146452905003063  -0.3822945502721700195    0.00635579703082000003 )	-0.70999428540281 -1.652297862420049e-8 2.461969975862911e-8
2824	(   0.70999429268067004717   0.5040514679229599615   -0.38229454538850998757   0.00635617043982000026 )	-0.70999429268067 -2.040120619661856e-8 2.6813504928632043e-8
2825	(   0.7099942837808600471    0.50405146619192997548  -0.38229453187632000954   0.00635779716582000019 )	-0.70999428378086 1.658002790616564e-9 -4.775235251836018e-9
2826	(   0.70999428708142997557   0.50405146518056997973  -0.38229451592979002417   0.00636079716581999972 )	-0.70999428708143 7.847813426886674e-9 -3.7232886724573486e-8
2827	(   0.70999429378085998632   0.5040514660937299718   -0.38229453280735997689   0.00635768669582000012 )	-0.70999429378086 -1.4274816856341133e-8 1.092752996576451e-8
2828	(   0.70999428455625002155   0.50405146819193002994  -0.38229451291434002336   0.0063572287638199998  )	-0.70999428455625 1.698352158907568e-8 1.5530557840735988e-9
2829	(   0.70999428300546996162   0.50405146419193003204  -0.38229455083829999573   0.00635836556781999972 )	-0.70999428300547 -1.3667516535198487e-8 -1.1104172671449032e-8
2830	(   0.70999428309158996164   0.50405146723232996386  -0.38229454873233997825   0.00635579716581999993 )	-0.70999428309159 -9.147159668598803e-9 1.8632797790965703e-8
2831	(   0.70999428309158996164   0.50405146441406001312  -0.38229451900675998077   0.00635579716581999993 )	-0.70999428309159 1.076242386877091e-8 2.145106774170967e-8
2832	(   0.70999427378085999685   0.50405146629012997916  -0.38229453094527998669   0.00635790763582000026 )	-0.70999427378086 1.759082213226293e-8 -2.0478024765655065e-8
2833	(   0.70999428447013002152   0.5040514651515299871   -0.38229451502029998533   0.00635979716581999959 )	-0.70999428447013 1.2463164833498297e-8 -2.8191268405648403e-8
2834	(   0.70999428447013002152   0.50405146796980004886  -0.38229454474587998281   0.00635979716581999959 )	-0.70999428447013 -7.446418370804508e-9 -3.1009538467414673e-8
2835	(   0.70999428878086001671   0.50405146547852996974  -0.38229452695630999903   0.00635831116081999985 )	-0.70999428878086 -2.8549896891050253e-9 -3.4979084895847058e-9
2836	(   0.70999430378086003657   0.50405146333832995253  -0.38229451219628002301   0.00635985314581999969 )	-0.70999430378086 -1.639396815522609e-8 3.309018398916022e-10
2837	(   0.70999428995053004421   0.5040514650734799762   -0.38229450695631000956   0.00635864056381999984 )	-0.70999428995053 1.0262877464528586e-8 -5.6209424752510714e-9
2838	(   0.70999428761118998921   0.50405146588357996329  -0.38229454695630998851   0.00635798175781999986 )	-0.70999428761119 -1.5972857675405905e-8 -1.375091516598681e-9
2839	(   0.7099942816790999478    0.50405146543656997871  -0.38229452208592001883   0.00635631116081999958 )	-0.7099942816791 1.1566716084931983e-8 1.1888877955341394e-8
2840	(   0.70999429455625995278   0.50405146347853002631  -0.3822945309170799888    0.00635743635782000036 )	-0.70999429455626 -1.661734783109381e-8 1.7826867407982113e-8
2841	(   0.70999429588261997459   0.50405146552048996078  -0.38229453182669997924   0.00636031116082000011 )	-0.70999429588262 -1.7276695518653185e-8 -1.8892695045535023e-8
2842	(   0.70999429878085995593   0.5040514671684600545   -0.38229452360959997881   0.00635693685282000005 )	-0.70999429878086 -1.3728958553338444e-8 2.64867142044987e-8
2843	(   0.70999428300545996962   0.5040514674785300242   -0.38229452299554000927   0.00635918596382000021 )	-0.70999428300546 1.0907368619417213e-8 -2.4824215280815586e-8
2844	(   0.70999427878085996646   0.50405146378859999601  -0.38229453030302001926   0.00635968546881999965 )	-0.70999427878086 8.018979064106091e-9 -3.348630885067653e-8
2845	(   0.70999429378085998632   0.50405146558160995873  -0.38229452292387999801   0.00635908918681999964 )	-0.70999429378086 -7.230136239710916e-9 -6.395513745587815e-9
2846	(   0.7099942837808600471    0.50405146537544998075  -0.38229453098874000005   0.00635753313482000006 )	-0.70999428378086 1.520156750478563e-9 -6.015138824994092e-10
2847	(   0.70999428763098004769   0.5040514651481200481   -0.3822945169563100043    0.00635813223381999967 )	-0.70999428763098 6.199426305641964e-9 -2.5249999382822457e-9
2848	(   0.70999429174883998961   0.50405146633135000656  -0.38229452456267998262   0.00635731116081999972 )	-0.70999429174884 -4.660430291680839e-9 1.2579391435009002e-8
2849	(   0.70999428993073998573   0.50405146580894000241  -0.38229453695630999377   0.00635849008782000003 )	-0.70999428993074 -1.1909405794874317e-8 -4.4708811816574975e-9
2850	(   0.70999429196880003978   0.50405146447852999803  -0.3822945297630300221    0.00635776962582000008 )	-0.7099942919688 -1.08220211958443e-8 8.915132639538965e-9
2851	(   0.70999428559291999363   0.50405146647853005248  -0.38229452414958997597   0.00635885269581999962 )	-0.70999428559292 5.112041956412128e-9 -1.5911536361073683e-8
2852	(   0.70999428581288004381   0.50405146462571004395  -0.38229452934994001545   0.00635931116081999998 )	-0.70999428581288 -1.0495490587736356e-9 -1.9577208525206277e-8
2853	(   0.70999429002924996368   0.5040514652110099636   -0.38229452195630997391   0.00635827358443000028 )	-0.70999429002925 -1.1874741745465656e-9 -9.798457039031394e-10
2854	(   0.70999429377442002664   0.50405146440844994515  -0.38229450695631000956   0.00635816085525999983 )	-0.70999429377442 3.815071619728272e-9 6.574326153454743e-9
2855	(   0.70999429075555997581   0.50405146621101004634  -0.38229452002684999323   0.00635816170085999957 )	-0.70999429075556 1.893889489679168e-10 4.742662835399052e-10
2856	(   0.70999429293449001221   0.50405146921100996149  -0.38229451423846999569   0.00635782605015000005 )	-0.70999429293449 4.319977792155427e-9 4.83645247470948e-9
2857	(   0.70999429118540002825   0.50405146821100998977  -0.38229451938071001837   0.00635809823885999988 )	-0.7099942911854 2.033383739163952e-9 -1.0836639322431979e-10
2858	(   0.70999429247491996353   0.50405147421101004213  -0.38229451744228998278   0.00635790785285999995 )	-0.70999429247492 7.565368859152599e-9 -1.856313307719616e-9
2859	(   0.70999429418347004273   0.50405146321101002016  -0.38229450535872999684   0.00635902109286000036 )	-0.70999429418347 3.220527372560511e-9 -2.587185628371582e-9
2860	(   0.70999430317767997511   0.5040514482110100003   -0.38229446329278998773   0.00636178965486000007 )	-0.70999430317768 6.7819558580151096e-9 -1.0033863358875606e-8
2861	(   0.70999429740537001177   0.50405147321100995939  -0.38229452976474997961   0.00635884503286000043 )	-0.70999429740537 -1.0312449005844826e-8 -5.7730168387425725e-9
2862	(   0.7099943141834700322    0.50405146495301000886  -0.38229447209501998817   0.00635926105085999997 )	-0.70999431418347 1.5007872722350157e-10 2.1018732925860446e-8
2863	(   0.70999429096156996266   0.50405145321100996991  -0.38229448095271001407   0.00635919715286000029 )	-0.70999429096157 1.6753502557476097e-8 5.98583587752867e-10
2864	(   0.70999429626282994921   0.50405146238612996701  -0.38229452110991002378   0.00636102109285999976 )	-0.70999429626283 -1.279209752014232e-8 -2.4249722613795086e-8
2865	(   0.70999429210411002522   0.50405146403588996229  -0.3822944896075500254    0.0063570210928600001  )	-0.70999429210411 1.9233151848929708e-8 1.9067351246041257e-8
2866	(   0.70999427418347005325   0.50405146146901003146  -0.3822945386224400055    0.00635878113485999989 )	-0.70999427418347 6.2909721876280855e-9 -2.6193218676141957e-8
2867	(   0.70999431089413000961   0.50405145658187999747  -0.38229455535873002603   0.0063581079438599997  )	-0.70999431089413 -6.690918111229571e-8 3.938352475352469e-8
2868	(   0.70999427747280996481   0.50405146984014004286  -0.38229445535873002315   0.00635993424186000016 )	-0.70999427747281 7.335022988996798e-8 -4.455956335938795e-8
2869	(   0.70999430110965000562   0.50405146222804997347  -0.38229448661567000389   0.00636002109285999963 )	-0.70999430110965 6.094011018031864e-9 -4.488171252413375e-9
2870	(   0.70999432188819000533   0.50405145927917005544  -0.38229443038649002506   0.00636302109286000003 )	-0.70999432188819 1.47144564033308e-8 -1.0203127458445081e-8
2871	(   0.70999431110095001518   0.50405145882506996458  -0.38229446642539000045   0.00636202109285999989 )	-0.70999431110095 3.018695376999503e-9 -1.234174335483924e-8
2872	(   0.70999429111834999606   0.50405146563102998236  -0.38229450680595000733   0.00635802109286000023 )	-0.70999429111835 9.169325410063323e-9 3.357401072041628e-9
2873	(   0.70999430483201997344   0.50405147222805002372  -0.38229450212334997738   0.00636076621485999992 )	-0.70999430483202 -1.3922400732280238e-9 -1.8680986812538995e-8
2874	(   0.7099942973872800378    0.50405145222805003424  -0.38229447110798997489   0.0063592759708600002  )	-0.70999429738728 1.3580261665202542e-8 9.703533894111984e-9
2875	(   0.70999432110964999509   0.50405146440855996826  -0.38229445994415001131   0.00635873956286000033 )	-0.70999432110965 -1.578244923639005e-9 3.8030564518549135e-8
2876	(   0.70999428110965001615   0.50405146004753997868  -0.38229451328718999648   0.00636130262285999979 )	-0.70999428110965 1.3766263823322689e-8 -4.7010190884521404e-8
2877	(   0.70999431311135996481   0.50405145814034002516  -0.38229453661566997758   0.00635995093285999982 )	-0.70999431311136 -5.4373044983124785e-8 1.75342634001457e-8
2878	(   0.70999428910794004643   0.5040514663157600328   -0.3822944366156699747    0.00636009125286000031 )	-0.70999428910794 6.656106157909569e-8 -2.6510615638817583e-8
2879	(   0.70999430709861000022   0.50405146083648999511  -0.38229447278320000114   0.00636102109285999976 )	-0.70999430709861 6.2216459761899046e-9 -7.313398492875365e-9
2880	(   0.70999432506548998401   0.50405145666180994901  -0.38229443128578999289   0.00636402109286000016 )	-0.70999432506549 6.604547631017255e-9 -1.5801079659149306e-8
2881	(   0.70999430696326004675   0.50405145083648994486  -0.38229447724477999548   0.00635954016086000013 )	-0.70999430696326 -6.984942402255001e-9 2.1332692405232967e-8
2882	(   0.70999432709860998969   0.50405145633399994765  -0.38229446922611998172   0.00636220179185999993 )	-0.70999432709861 -2.5806655784554877e-8 1.0566567662504182e-8
2883	(   0.70999430853648004547   0.50405146140967005408  -0.38229452278319997482   0.00636110597685999972 )	-0.70999430853648 -3.360907971372562e-8 -6.924724490909163e-9
2884	(   0.70999432537308004854   0.50405146812130996459  -0.38229446953301998713   0.00635902109286000036 )	-0.70999432537308 -1.1644520903075772e-8 3.679140564830151e-8
2885	(   0.70999430723395995368   0.50405147083649004536  -0.3822944683216200068    0.00636250202486000026 )	-0.70999430723396 1.9428234326879235e-8 -3.596387571017242e-8
2886	(   0.70999430566073995497   0.50405146026331004716  -0.38229442278320002746   0.0063609362088599998  )	-0.70999430566074 4.60523668088797e-8 -7.702087016455729e-9
2887	(   0.70999428709861001074   0.50405146533898004257  -0.38229447634028002057   0.00635984039385999959 )	-0.70999428709861 3.8249946043844574e-8 -2.5196151971354833e-8
2888	(   0.7099942888241399519    0.50405145355167002563  -0.38229447603338001516   0.00636302109286000003 )	-0.70999428882414 2.40878114676768e-8 -5.142620196793389e-8
2889	(   0.70999431709861005046   0.50405146097010000705  -0.38229446960620999674   0.0063609691288600001  )	-0.70999431709861 -6.338410407646933e-9 7.413963372907169e-9
2890	(   0.70999434709860997916   0.50405146137093004288  -0.38229446007523998352   0.00636081323686000025 )	-0.70999434709861 -4.401858166858119e-8 5.159601723332615e-8
2891	(   0.70999431833654003121   0.50405146597009997667  -0.3822944518791099866    0.00636116289785999996 )	-0.70999431833654 1.0343442352622745e-8 1.7066550265905042e-9
2892	(   0.70999431570226001487   0.50405146073179996069  -0.38229448960191997342   0.00636196912886000023 )	-0.70999431570226 -1.9753543079037428e-8 -7.053476094966485e-9
2893	(   0.70999431849495997504   0.50405146120840005342  -0.38229444961050002005   0.00635996912885999997 )	-0.70999431849496 7.0767218196543524e-9 2.1879402507721908e-8
2894	(   0.7099943158606799587    0.50405145597010003744  -0.38229448733331000687   0.00636077535986000024 )	-0.70999431586068 -2.3020263473227942e-8 1.3121196293311573e-8
2895	(   0.70999431657111999883   0.50405145883956004038  -0.38229441960621002305   0.00636134689285999984 )	-0.70999431657112 3.055820457786851e-8 3.989440400779679e-9
2896	(   0.70999429709860994997   0.50405146129453004544  -0.38229446845595999038   0.00636091160385999967 )	-0.70999429709861 2.511100322122317e-8 -2.057841289896062e-8
2897	(   0.70999431762609999108   0.50405146310063997372  -0.38229451960621002593   0.00636059136486000036 )	-0.7099943176261 -4.323503008385465e-8 1.0838200600692518e-8
2898	(   0.70999433709861003994   0.50405146064566996866  -0.38229447075646000309   0.00636102665385999966 )	-0.70999433709861 -3.7787825452051393e-8 3.5406333581652135e-8
2899	(   0.70999431526066003606   0.50405146074031004222  -0.38229447204840999452   0.00636146912885999973 )	-0.70999431526066 -5.655992119102393e-9 -1.3273340015472544e-9
2900	(   0.70999430974680999284   0.50405146005094003669  -0.38229447937500998789   0.00636296912886000036 )	-0.70999430974681 -3.60873772531356e-9 -2.7554225680849985e-8
2901	(   0.70999431476457997015   0.50405146574031001183  -0.38229447400189997541   0.0063614531148600004  )	-0.70999431476458 -1.3993990966021386e-9 -6.828017165784646e-9
2902	(   0.70999431575673999095   0.50405145574030996158  -0.38229447009492001364   0.00636148514285999993 )	-0.70999431575674 -9.912585086091497e-9 4.17334864978797e-9
2903	(   0.70999432368175996455   0.504051460842020016    -0.3822944388870400112    0.0063604691288599996  )	-0.70999432368176 7.0655079842385504e-9 2.3250760535142238e-8
2904	(   0.70999433526066002553   0.50405146098187003645  -0.38229445519345001125   0.00636211473985999997 )	-0.70999433526066 -2.277283284168874e-8 1.8616393276899923e-8
2905	(   0.70999429526066004659   0.50405146049875004799  -0.38229448890336997779   0.00636082351786000037 )	-0.70999429526066 1.1460846355282328e-8 -2.1271894129978072e-8
2906	(   0.70999430683955999655   0.50405146063859995742  -0.38229450520977997785   0.00636246912885999986 )	-0.70999430683956 -1.8377494637178415e-8 -2.590742842721323e-8
2907	(   0.7099943031966899909    0.50405146089367003359  -0.38229442204841002084   0.00636187899985999998 )	-0.70999430319669 5.097086194782996e-8 -2.382632549448278e-8
2908	(   0.7099943273246299702    0.50405146058695005085  -0.38229452204841002372   0.00636105925786000035 )	-0.70999432732463 -6.22828517093943e-8 2.1171321724946222e-8
2909	(   0.70999431676506996602   0.50405146066807005045  -0.38229445204841000505   0.0063614715340099999  )	-0.70999431676507 7.288463638177589e-9 8.505504792095725e-10
2910	(   0.70999431586231998015   0.50405146071142004072  -0.38229447214367001662   0.0063609691288600001  )	-0.70999431586232 -6.667592672426892e-9 5.9171254970376524e-9
2911	(   0.70999431020444003781   0.50405145874030998776  -0.38229447124789001089   0.00636146104535000034 )	-0.70999431020444 6.024755694333805e-10 -6.404262899536344e-9
2912	(   0.70999431465899998095   0.50405146076920004372  -0.38229447195314997243   0.00636196912886000023 )	-0.709994314659 -4.644391454755592e-9 -8.572293500143716e-9
2913	(   0.70999432031688003431   0.50405146274030998566  -0.38229447284892997816   0.00636147721236999999 )	-0.70999432031688 -1.1914460029682772e-8 3.749594987792644e-9
2914	(   0.70999431375624999507   0.50405146081255003399  -0.382294492048409984     0.00636146672371000043 )	-0.70999431375625 -1.860044854251619e-8 -3.5052184938847157e-9
2915	(   0.70999430526065998581   0.50405146176731996377  -0.38229446866207000832   0.0063614349341100003  )	-0.70999430526066 1.3082933625341298e-8 -1.611917366623009e-8
2916	(   0.70999432526065997529   0.50405145971330000965  -0.38229447543474998072   0.00636150332361000003 )	-0.70999432526066 -2.4394918252124143e-8 1.3464503546603535e-8
2917	(   0.70999431453053996055   0.50405146081213003662  -0.3822944723426999758    0.00636126912886000005 )	-0.70999431453054 -4.7050401075221515e-9 1.0863153500112639e-10
2918	(   0.70999431234017995607   0.5040514610275900198   -0.38229447322556997513   0.00636066912886000015 )	-0.70999431234018 -1.8521843780927583e-9 4.416048144647916e-9
2919	(   0.70999431527305001399   0.50405146081979002037  -0.38229446234269998106   0.00636124730692000026 )	-0.70999431527305 1.8256292866336565e-9 1.4329573664193722e-9
2920	(   0.70999431750057995227   0.50405146084276997165  -0.38229443234269999685   0.00636118184110000002 )	-0.70999431750058 2.141763646990036e-8 5.405928813258666e-9
2921	(   0.70999431719655003992   0.50405146010347001706  -0.38229444808104001696   0.00636174730691999989 )	-0.70999431719655 9.10475378423925e-9 -1.4808717895266831e-9
2922	(   0.70999431334954998807   0.50405146153611002369  -0.38229447660436000067   0.00636074730691999976 )	-0.70999431334955 -5.4534956828167225e-9 4.346286411351899e-9
2923	(   0.70999431795832002035   0.50405145981979004866  -0.38229446685832002562   0.0063609438233000002  )	-0.70999431795832 -6.687832593277321e-9 1.0106986830115848e-8
2924	(   0.70999431257559997288   0.50405146060306005307  -0.38229448234270002605   0.00636155216660999959 )	-0.7099943125756 -9.603591283324775e-9 -6.059329741511267e-9
2925	(   0.70999431258778000764   0.50405146181978999209  -0.38229445782707999202   0.00636155079054000032 )	-0.70999431258778 1.033909100001118e-8 -7.241256301891285e-9
2926	(   0.7099943179705000551    0.50405146103651998768  -0.38229444234269999159   0.00636094244723000007 )	-0.7099943179705 1.3254848912902517e-8 8.925058595497283e-9
2927	(   0.70999432527304995322   0.50405146105458997763  -0.3822944670174799886    0.00636131856454000017 )	-0.70999432527305 -1.6636613753284735e-8 1.4491463911698492e-8
2928	(   0.70999430527304996374   0.5040514605849899521   -0.38229445766791997352   0.00636117604930000035 )	-0.70999430527305 2.0287871854707262e-8 -1.1625559223139067e-8
2929	(   0.70999431979533000892   0.504051460319789979    -0.38229445578781001691   0.00636135117161999979 )	-0.70999431979533 -5.015091397719829e-10 7.033114685318844e-9
2930	(   0.70999433336216999368   0.50405145881978996591  -0.38229443612314001344   0.00636166276572000013 )	-0.70999433336217 -7.482925029611565e-9 2.383345740952287e-8
2931	(   0.70999431977508997704   0.50405146033853998055  -0.38229445558358998714   0.00636185117162000029 )	-0.70999431977509 -2.9600624729120284e-10 6.2402294665815e-10
2932	(   0.70999431971436999245   0.50405146039478998521  -0.38229445497093000883   0.00636335117162000006 )	-0.70999431971437 3.205021803509567e-10 -1.8606252269305168e-8
2933	(   0.70999432289121000572   0.50405145933854000884  -0.38229444988242999859   0.00636207761762000012 )	-0.70999432289121 -1.6493954813068257e-9 3.16759517769873e-9
2934	(   0.70999433223956998074   0.50405145633853998266  -0.38229443277894997744   0.00636275695561999959 )	-0.70999433223957 -5.709563710709631e-9 1.0797696648361446e-8
2935	(   0.70999432174520005212   0.5040514591319700255   -0.38229444260321998605   0.00636407761762000038 )	-0.7099943217452 5.442720829584857e-9 -2.3705466476153228e-8
2936	(   0.70999431179578997853   0.50405145733853995438  -0.38229443834448001427   0.00636174027762000018 )	-0.70999431179579 2.1951727907643104e-8 -6.2955223807700084e-9
2937	(   0.70999433398663003292   0.50405146133853995227  -0.38229446142037998291   0.00636241495762000005 )	-0.70999433398663 -2.525051978619075e-8 1.2630485472687623e-8
2938	(   0.70999432403721995932   0.50405145954510999218  -0.38229445716164001112   0.00636007761761999985 )	-0.70999432403722 -8.741511792198509e-9 3.003265672052647e-8
2939	(   0.70999430289121001625   0.50405146015817003935  -0.382294478764529988     0.00636221586461999979 )	-0.70999430289121 7.332816132077369e-9 -2.781090278750932e-8
2940	(   0.70999434289120999519   0.50405145851890997832  -0.38229442100033000917   0.00636193937061999958 )	-0.70999434289121 -1.0631610425360094e-8 3.414605569560729e-8
2941	(   0.70999431501942000811   0.50405146027712999235  -0.38229439988243002491   0.00636183828761999973 )	-0.70999431501942 4.9422954506717076e-8 -5.903632433647689e-9
2942	(   0.70999433076300000334   0.50405145839995002532  -0.38229449988242997227   0.00636231694761999964 )	-0.709994330763 -5.272175068737894e-8 1.223870823136269e-8
2943	(   0.70999432102540005474   0.50405145833854003712  -0.38229445187555000096   0.00636234417162000014 )	-0.7099943210254 -1.3516935626345372e-9 -1.8735793857048324e-9
2944	(   0.70999432555902997066   0.50405145955318997331  -0.38229444945461998895   0.00636307761762000025 )	-0.70999432555903 -5.142126308088635e-9 -5.983935994208613e-9
2945	(   0.70999432475701995671   0.50405146033853998055  -0.38229444788930999621   0.0063618110636200001  )	-0.70999432475702 -1.9470972889568117e-9 8.208627528017722e-9
2946	(   0.70999432022339004078   0.50405145912389004437  -0.38229445031025000024   0.00636107761761999999 )	-0.70999432022339 1.8433277682028404e-9 1.2317126238584985e-8
2947	(   0.70999432194058997858   0.50405145926205996432  -0.38229442988243000912   0.00636209800461999975 )	-0.70999432194059 1.5003501774302208e-8 1.6347977933192323e-9
2948	(   0.70999432384183003286   0.50405145941502005336  -0.38229446988242998806   0.00636205723061999961 )	-0.70999432384183 -1.8302293541827552e-8 4.7003917308339744e-9
2949	(   0.70999431289120995547   0.50405145959027997105  -0.38229445148604002114   0.00636229208061999969 )	-0.70999431289121 1.2499000112686787e-8 -1.4012937771971446e-8
2950	(   0.70999433289120994495   0.50405145908680004663  -0.38229444827881997604   0.00636186315461999968 )	-0.70999433289121 -1.5797791297345043e-8 2.0348036138628605e-8
2951	(   0.70999432601398004827   0.50405145957123997924  -0.38229444656833000415   0.00636257761761999975 )	-0.70999432601398 -3.605261006400795e-9 1.0068655185250792e-9
2952	(   0.70999433538228995388   0.50405146026934000147  -0.38229443662603002085   0.00636407761762000038 )	-0.70999433538229 -9.472857831482884e-9 -5.478323459017767e-9
2953	(   0.7099943360139799875    0.50405145893972003179  -0.38229442827382997816   0.00636353923862000015 )	-0.70999433601398 -5.371768252437903e-9 3.6005708484504657e-9
2954	(   0.70999436601398002722   0.50405145704515996741  -0.3822943733903300112    0.00636642410161999961 )	-0.70999436601398 -1.067129692944313e-8 1.1370591813188212e-8
2955	(   0.70999445601398003536   0.50405145136147999629  -0.38229420873982999929   0.00637507869061999972 )	-0.70999445601398 -2.6569941774523542e-8 3.458079581810969e-8
2956	(   0.70999436504877999621   0.50405146204516004804  -0.38229436523126997249   0.00636635160862000001 )	-0.70999436504878 2.026677409228128e-9 5.92305563162877e-9
2957	(   0.7099943621531800142    0.50405147704515995688  -0.38229434075409002292   0.00636613412962000035 )	-0.70999436215318 4.012059898195197e-8 -1.0419615309718063e-8
2958	(   0.70999436576096996987   0.50405147204515998727  -0.38229438211999999808   0.00636724389262000035 )	-0.70999436576097 -1.9632833692107e-9 -1.4427626126786719e-8
2959	(   0.70999436433659002255   0.50405145204515999779  -0.38229434834254000242   0.00636545932461999968 )	-0.70999436433659 6.016637493777566e-9 2.6272145159593854e-8
2960	(   0.709994369039600004     0.50405146037298997896  -0.3822943579030400052    0.00637135160861999981 )	-0.7099943690396 -7.76320396855823e-11 -5.042637089626602e-8
2961	(   0.70999436105795998841   0.5040514637173300061   -0.3822943725594999953    0.00636135160862000022 )	-0.70999436105796 4.130986441808204e-9 6.222248238157144e-8
2962	(   0.70999436926573000761   0.50405146027823999333  -0.38229446523126997537   0.00636653663162000012 )	-0.70999436926573 -8.257631803343379e-8 1.1322120028544149e-8
2963	(   0.7099943608318299848    0.50405146381207999173  -0.38229426523127002513   0.0063661665856199999  )	-0.70999436083183 8.66296525348087e-8 5.239229897431694e-10
2964	(   0.70999431504877996701   0.50405146190592997613  -0.38229437311105002317   0.00636676792161999967 )	-0.70999431504878 7.147645070260111e-8 -7.023811148612624e-8
2965	(   0.7099944150487800254    0.50405146218439000894  -0.38229435735148997733   0.00636593529562000035 )	-0.70999441504878 -6.74231068753528e-8 8.208388133441104e-8
2966	(   0.70999435600498994603   0.50405145704515996741  -0.38229435086238000574   0.00636698440962000026 )	-0.70999435600499 2.1689674833957895e-8 -9.976691897395145e-9
2967	(   0.70999437409257004639   0.50405146704516001765  -0.38229437960015999476   0.00636571880761999977 )	-0.70999437409257 -1.763632101470236e-8 2.1822002619514315e-8
2968	(   0.7099943657356100335    0.50405146485461005401  -0.38229431981767997284   0.00636835160862000028 )	-0.70999436573561 3.8520167888744794e-8 -2.1380509849715332e-8
2969	(   0.70999434504878000674   0.50405146401095002329  -0.38229441402053998544   0.00636775102561999966 )	-0.70999434504878 -3.0657419658464136e-9 -4.2262828248704806e-8
2970	(   0.70999436436194995892   0.50405145923571004207  -0.38229441064486002766   0.00636435160861999975 )	-0.70999436436195 -3.446681728913603e-8 3.3218621224000036e-8
2971	(   0.70999438504877998568   0.50405146007936996178  -0.38229431644200001505   0.00636495219162000036 )	-0.70999438504878 7.119090178475673e-9 5.410502366426796e-8
2972	(   0.70999438504877998568   0.50405146007936996178  -0.38229439700753997666   0.00636787920861999965 )	-0.70999438504878 -5.4480412375879084e-8 1.6835809697637698e-8
2973	(   0.70999434504878000674   0.50405146401095002329  -0.38229433345500002384   0.00636482400862000038 )	-0.70999434504878 5.8533763308554754e-8 -4.994364669714483e-9
2974	(   0.7099943646023100241    0.50405146004515999358  -0.38229435464438998871   0.00636678111961999985 )	-0.70999436460231 8.79647216178725e-9 1.820052803761451e-9
2975	(   0.70999436549524996831   0.50405146404515999148  -0.38229437581815001179   0.00636592209762000018 )	-0.70999436549525 -4.743117731909052e-9 1.0025689611125189e-8
2976	(   0.70999436400928994662   0.50405146302797998459  -0.38229436306800002043   0.00636735160862000014 )	-0.70999436400929 6.2355050289841785e-9 -9.269531681945983e-9
2977	(   0.70999436589222997274   0.50405146124769995009  -0.38229438523127001748   0.00636666447762000015 )	-0.70999436589223 -1.533808691167593e-8 3.9344392228308285e-9
2978	(   0.70999435504877994596   0.50405146197085004545  -0.38229436709498998415   0.00636627599761999986 )	-0.70999435504878 1.5650147899837208e-8 -7.239794925867837e-9
2979	(   0.70999437504878004646   0.50405146211947005064  -0.38229436336755001635   0.00636642721962000016 )	-0.70999437504878 -1.1596793580981313e-8 1.9085894977126437e-8
2980	(   0.7099943660882700458    0.50405146106234999248  -0.38229436739453998007   0.00636535160861999988 )	-0.70999436608827 -2.1821403850541543e-9 2.1113633064226596e-8
2981	(   0.70999436420533001968   0.50405146284262003498  -0.38229434523126998302   0.00636603873961999987 )	-0.70999436420533 1.9391440786442615e-8 7.911476377435423e-9
2982	(   0.70999436484592004515   0.50405146282131996216  -0.38229437523127002274   0.00636679789359000017 )	-0.70999436484592 -4.536269915256241e-9 -8.237763251216484e-10
2983	(   0.70999436423733996993   0.50405146514980003758  -0.38229440523127000695   0.00636813674849999976 )	-0.70999436423734 -2.422511219402068e-8 -2.1066663015824674e-8
2984	(   0.70999436984592001476   0.50405146475980000531  -0.38229436548566997356   0.00636775578258999986 )	-0.70999436984592 -2.7077938224984166e-9 -7.860601621577422e-9
2985	(   0.70999438484592003462   0.50405147057524002374  -0.38229433624886999254   0.00637062944958999983 )	-0.70999438484592 2.777632401862462e-9 -2.898208757187682e-8
2986	(   0.70999436541114002708   0.50405146975979997492  -0.38229435363350999788   0.00636606723159000021 )	-0.70999436541114 1.8060845402567693e-8 2.3437703418821088e-9
2987	(   0.70999437428070000244   0.5040514597598000357   -0.38229437733783000475   0.00636944433359000039 )	-0.7099943742807 -2.347643335287586e-8 -1.807067599400705e-8
2988	(   0.70999435984591996451   0.50405146022721003529  -0.38229433876023000138   0.0063669590325900003  )	-0.70999435984592 2.8316345768164553e-8 -7.381514999620629e-9
2989	(   0.70999437984591995399   0.50405146929238997533  -0.38229439221111000125   0.00636855253259000029 )	-0.70999437984592 -3.373193505074035e-8 -8.340957864667973e-9
2990	(   0.70999437964697997838   0.50405146237892994865  -0.38229435144740997465   0.0063657557825899996  )	-0.70999437964698 -9.1770767096655e-9 3.390468635761822e-8
2991	(   0.7099943719175100254    0.50405146569877001816  -0.38229431548566999988   0.00636854454459000012 )	-0.70999437191751 3.3327794329851557e-8 -1.590384686155099e-8
2992	(   0.70999436777433000412   0.50405146382082999246  -0.38229441548567000275   0.00636696702058999961 )	-0.70999436777433 -3.8743386998607576e-8 1.8139932740998286e-10
2993	(   0.70999436004486005114   0.50405146714066995095  -0.38229437952392997246   0.00636975578259000013 )	-0.70999436004486 3.761488232001398e-9 -4.9633889378730375e-8
2994	(   0.70999436977874996746   0.50405146444618997847  -0.38229436799965998972   0.00636675578258999973 )	-0.70999436977875 -4.841992584658783e-9 5.092139267106471e-9
2995	(   0.7099943695772400476    0.50405146350536000899  -0.3822943755416299827    0.0063637557825900002  )	-0.70999436957724 -1.1244589231962365e-8 4.393836204416742e-8
2996	(   0.70999436477874999785   0.50405146420904001214  -0.3822943613162200216    0.00636707475859000019 )	-0.70999436477875 7.592320272475916e-9 -5.832440730290582e-9
2997	(   0.70999437003578003136   0.50405146944618994809  -0.38229435274549999901   0.00636748380759000025 )	-0.70999437003578 1.143246569634826e-8 -8.813725767036135e-9
2998	(   0.70999437477875004809   0.50405146468333994481  -0.38229437468310001336   0.00636643680659000014 )	-0.70999437477875 -1.727630583037154e-8 1.6016515884134067e-8
2999	(   0.70999437048485003476   0.50405146295925995492  -0.38229438010869998266   0.00636875578259       )	-0.70999437048485 -1.6655176515723014e-8 -1.7889299768824392e-8
3000	(   0.70999436952172001458   0.50405145944619000886  -0.38229438325381998043   0.00636602775759000008 )	-0.70999436952172 -2.1116451420777338e-8 1.8996944260433915e-8
3001	(   0.70999436907265001118   0.50405146593312000203  -0.38229435589061999679   0.00636475578259000033 )	-0.70999436907265 6.971190930071813e-9 2.8065578303021867e-8
3002	(   0.70999437062124004516   0.50405146267205003241  -0.38229431799966001604   0.00636698151058999982 )	-0.70999437062124 3.033922421624702e-8 5.188244532752058e-9
3003	(   0.70999436893626000078   0.50405146622033003556  -0.38229441799966001891   0.00636653005458999964 )	-0.70999436893626 -4.002321452034607e-8 4.9959320951980515e-9
3004	(   0.70999436777875002402   0.50405146273207002139  -0.38229436128297000774   0.00636723909958999967 )	-0.70999436777875 1.6039448935689649e-9 -2.1882744556886717e-9
3005	(   0.70999436177874997167   0.50405145758971003911  -0.3822943411329000063    0.00636868905059000037 )	-0.70999436177875 2.0941756800896272e-8 -2.4032318656931465e-8
3006	(   0.70999437277874999364   0.50405146072689999137  -0.3822943571881000091    0.00636902146859000002 )	-0.70999437277875 -4.831713862341047e-9 -1.5783876694286944e-8
3007	(   0.70999436277875005441   0.50405146473724005141  -0.38229436537784000638   0.0063654567305900002  )	-0.70999436277875 8.039603344167645e-9 1.1400974326438817e-8
3008	(   0.70999437277874999364   0.50405146773001996419  -0.3822943571881000091    0.00636587947458999975 )	-0.70999437277875 2.171406110473839e-9 1.7225985686967593e-8
3009	(   0.70999436277875005441   0.50405145773411996757  -0.38229436537784000638   0.0063685987245899996  )	-0.70999436277875 1.0364832603304563e-9 -2.1606231425565637e-8
3010	(   0.7099943697798100084    0.50405145773207005178  -0.38229436537951999586   0.00636545599858999965 )	-0.70999436977981 -9.554386115606661e-9 2.835688959196953e-8
3011	(   0.70999436577769003964   0.504051467732069991    -0.38229435718642001962   0.0063690222005899997  )	-0.70999436577769 1.2762275708455562e-8 -3.273979729067711e-8
3012	(   0.70999436807264004745   0.50405146302584002971  -0.38229441128296998142   0.00636734386358999999 )	-0.70999436807264 -3.67761665009958e-8 -3.3988498020895886e-9
3013	(   0.70999436748486000059   0.50405146243830001307  -0.38229431128296997855   0.00636713433559000022 )	-0.70999436748486 3.9984051375396845e-8 -9.777210602956608e-10
3014	(   0.70999436836241003324   0.50405146473206996482  -0.38229436015237999724   0.00636669124059000002 )	-0.70999436836241 3.5857261049265787e-9 3.6169146458461094e-9
3015	(   0.70999436977874996746   0.50405146150977997443  -0.38229435740881001493   0.00636667623859000012 )	-0.70999436977875 3.192418829289778e-10 9.041417387836096e-9
3016	(   0.70999436719509001481   0.50405146073206996693  -0.38229436241356001824   0.00636778695859000019 )	-0.70999436719509 -3.7783656758882955e-10 -7.994063634157397e-9
3017	(   0.70999436621514999679   0.50405146208099005367  -0.3822943592193199791    0.00636623909959000041 )	-0.70999436621515 4.8953032183440826e-9 8.975989318413529e-9
3018	(   0.70999436934235005126   0.50405146338314998911  -0.38229436334661998087   0.00636823909958999981 )	-0.70999436934235 -1.6874135422284553e-9 -1.3354538118780907e-8
3019	(   0.70999436793816994573   0.50405146263463995737  -0.38229438128296999722   0.00636708945859000043 )	-0.70999436793817 -1.4026346917273003e-8 4.1107742813309856e-11
3020	(   0.70999436577874996956   0.50405146395435995732  -0.38229436515713000055   0.00636780196059000009 )	-0.70999436577875 2.8886477931866494e-9 -1.3418599813213433e-8
3021	(   0.70999436761932999129   0.50405146282949997438  -0.38229434128297001827   0.00636738874058999978 )	-0.70999436761933 1.7234235927254815e-8 -4.417701439058742e-9
3022	(   0.70999436739997001666   0.50405146373206999311  -0.38229436851840997713   0.00636704403984999969 )	-0.70999436739997 -2.355371120366101e-9 -1.2421917785904982e-9
3023	(   0.70999436877874999574   0.50405146241423004483  -0.38229436874222999521   0.00636703800577999995 )	-0.70999436877875 -5.929437163487705e-9 2.1103385037732347e-9
3024	(   0.70999436745142996408   0.50405146239462994551  -0.38229435884141999002   0.00636673909959000004 )	-0.70999436745143 3.628284644952018e-9 4.051363958342772e-9
3025	(   0.70999436815753003138   0.50405146173207004967  -0.38229435404752998284   0.00636743415932999966 )	-0.70999436815753 5.563260713215001e-9 -3.1344331183710437e-9
3026	(   0.70999436688444994559   0.50405146181009996553  -0.38229437128297000248   0.00636741893829999989 )	-0.70999436688445 -5.611483971934561e-9 -4.826384839819121e-9
3027	(   0.70999436810606997295   0.50405146306950998625  -0.38229436372452002546   0.00636773909959000017 )	-0.70999436810607 -4.2039488556966376e-10 -8.42841286973167e-9
3028	(   0.70999436867304999144   0.50405146365403996622  -0.38229435128297001301   0.00636705926088000033 )	-0.70999436867305 8.819373537027886e-9 4.49771355528789e-10
3029	(   0.7099943667787500523    0.50405146304990999795  -0.38229435382371002028   0.00636744019340000026 )	-0.70999436677875 9.137326811847757e-9 -6.486968292607545e-9
3030	(   0.70999436827874995437   0.50405146301105996365  -0.38229436589748999609   0.00636716012393999994 )	-0.70999436827875 -2.4014130406424528e-9 -7.5156265632719e-10
3031	(   0.70999436977874996746   0.50405146384803001247  -0.38229437974105001663   0.00636692319698999986 )	-0.70999436977875 -1.441748725961034e-8 3.5584980069493406e-9
3032	(   0.70999436927875003711   0.50405146311763004974  -0.3822943645284400116    0.00636706876329999963 )	-0.70999436927875 -2.760358969178256e-9 1.725263462868114e-9
3033	(   0.70999437227874995227   0.50405146343733997494  -0.38229436042129000262   0.00636679468137999957 )	-0.70999437227875 -3.837196310696456e-9 9.155641326188339e-9
3034	(   0.70999436768033996614   0.50405146511762999317  -0.38229436976311997887   0.0063671826073000001  )	-0.70999436768034 -2.345499100497861e-9 -3.994178891005961e-9
3035	(   0.70999437087715999706   0.50405146111762999528  -0.38229435929375998882   0.00636695491930000003 )	-0.70999437087716 -3.1752186713251973e-9 7.444679784797306e-9
3036	(   0.70999436727874998265   0.50405146183722004949  -0.38229435431157998693   0.00636684656530000018 )	-0.70999436727875 6.795479123855586e-9 2.995146394865354e-9
3037	(   0.70999436910172997184   0.50405146277213996875  -0.38229436362417001938   0.00636806876329999976 )	-0.70999436910173 -2.1467512212325346e-9 -1.0915750465923955e-8
3038	(   0.70999437127874998055   0.50405146439804004999  -0.38229437474529998076   0.00636729096129999995 )	-0.70999437127875 -1.231619692343422e-8 4.5528156491689807e-10
3039	(   0.7099943697231699824    0.5040514639850399714   -0.38229434452844002212   0.00636711813829999966 )	-0.70999436972317 1.2726739523349906e-8 8.601743692597964e-10
3040	(   0.70999436945576999136   0.5040514634631200197   -0.38229436543271000382   0.00636606876330000036 )	-0.70999436945577 -3.373966606101675e-9 1.436427728063232e-8
3041	(   0.7099943688343299808    0.50405146225022001705  -0.38229438452844000107   0.0063670193882999996  )	-0.70999436883433 -1.8247458127840233e-8 2.5903475696749867e-9
3042	(   0.70999436827874995437   0.50405146319715998793  -0.38229436445485998064   0.00636705742660999968 )	-0.70999436827875 -1.1122943677221997e-9 3.7010746147637464e-10
3043	(   0.70999437027875000883   0.50405146303810000052  -0.38229436460201998704   0.00636708009998999958 )	-0.70999437027875 -4.408423348589707e-9 3.0804190962003208e-9
3044	(   0.70999436937400994818   0.50405146411763002146  -0.3822943624913400229    0.00636675488049999981 )	-0.70999436937401 -3.468745568557807e-10 4.8574597301810456e-9
3045	(   0.70999436927129999653   0.50405146294545000174  -0.38229435452844001686   0.00636709330787000021 )	-0.7099943692713 4.724614727225074e-9 1.5743099963784024e-9
3046	(   0.70999436918349001502   0.504051462117629967    -0.38229436656554000029   0.00636738264610000031 )	-0.70999436918349 -5.173843187211702e-9 -1.4071299602944065e-9
3047	(   0.70999436930530002154   0.50405146373130005344  -0.38229436396070998194   0.00636756876330000013 )	-0.7099943693053 -1.7527597984123844e-9 -5.218024683733169e-9
3048	(   0.70999436925220005268   0.50405146250396004604  -0.38229436509616998574   0.0063665687633        )	-0.7099943692522 -3.767957973410674e-9 8.668051498442316e-9
3049	(   0.70999436928619996667   0.50405146328980998671  -0.38229437452844000633   0.00636704421872999991 )	-0.7099943692862 -1.0245332693337161e-8 1.8762156134548725e-9
3050	(   0.70999436959053996432   0.50405146294861002954  -0.38229436331067001564   0.00636726876330000018 )	-0.70999436959054 -2.4697981437782346e-9 -2.0984584280333467e-10
3051	(   0.70999437052590996799   0.50405146244154996893  -0.38229435965735997227   0.00636786876330000008 )	-0.70999437052591 -1.5981162226896828e-9 -6.015653426735574e-9
3052	(   0.70999436901889001472   0.50405146394861000125  -0.38229436046235998337   0.00636710676671000016 )	-0.70999436901889 1.572480090583639e-9 4.134303027014544e-11
3053	(   0.70999437039754997869   0.50405146327328997913  -0.38229435331067002091   0.00636749745489000041 )	-0.70999437039755 4.280347076779378e-9 -2.300914610541872e-9
3054	(   0.70999437016219002494   0.50405146194860994679  -0.38229436615897999241   0.00636743075989000019 )	-0.70999437016219 -6.512076655695864e-9 -4.6108697961892275e-10
3055	(   0.70999436935353998912   0.50405146223873997791  -0.38229435451941001789   0.00636676876329999968 )	-0.70999436935354 3.900439415893686e-9 6.530505618593957e-9
3056	(   0.7099943685905399926    0.50405146254627997138  -0.38229435832808000839   0.00636774908051000038 )	-0.70999436859054 2.449779823443521e-9 -7.344352706880198e-9
3057	(   0.70999437059054004706   0.50405146335093997667  -0.3822943682932600229    0.00636678844608999997 )	-0.70999437059054 -7.389376527333624e-9 6.924199834073446e-9
3058	(   0.70999436878352994995   0.50405146262392996892  -0.38229437331067001038   0.00636704007170999994 )	-0.70999436878353 -9.219943697402755e-9 1.8811184362654246e-9
3059	(   0.70999436982754005054   0.50405146365847997014  -0.3822943721019300134    0.00636776876329999981 )	-0.70999436982754 -8.840036147539365e-9 -6.950697082140471e-9
3060	(   0.70999437009054000569   0.50405146272041001509  -0.38229435878420997552   0.00636715572194999999 )	-0.70999437009054 6.744077518661129e-12 2.1678651035357587e-9
3061	(   0.70999437159054001878   0.50405146203580997177  -0.38229434520483002169   0.00636681659790000031 )	-0.70999437159054 7.4363704360980165e-9 9.300844602369335e-9
3062	(   0.70999437109053997741   0.50405146370745002038  -0.3822943635139700036    0.00636728388262999996 )	-0.70999437109054 -4.13481304750718e-9 9.687593413012716e-10
3063	(   0.70999436909054003397   0.50405146362687003325  -0.38229436050493997845   0.00636720234810999978 )	-0.70999436909054 1.1098292562738976e-9 -7.523378136906175e-10
3064	(   0.70999437109053997741   0.50405146181394999694  -0.38229435706347997259   0.0063671090957900002  )	-0.70999437109054 -1.0963411567477266e-9 5.0880636727590575e-9
3065	(   0.70999437002094001326   0.50405146254701005404  -0.38229435845504000646   0.00636765572194999963 )	-0.70999437002094 1.902781265883391e-10 -4.124971822829556e-9
3066	(   0.70999436909054003397   0.50405146173337000981  -0.38229435405445000296   0.00636702756127000002 )	-0.70999436909054 4.1483010915222e-9 3.3669380154473065e-9
3067	(   0.70999437022472000614   0.50405146305473003121  -0.38229434878420998078   0.00636717291832999965 )	-0.70999437022472 7.784033945190671e-9 1.805094877099843e-9
3068	(   0.70999436995636000525   0.50405146238608999898  -0.38229436878421002577   0.00636713852557000033 )	-0.70999436995636 -7.770546123220257e-9 2.5306348495616918e-9
3069	(   0.70999437016013999813   0.50405146289380997615  -0.38229435911338000009   0.00636665572195000036 )	-0.70999437016014 -1.7679005481774368e-10 8.460202029896295e-9
3070	(   0.70999437007123999965   0.50405146273880996333  -0.38229435809956002768   0.00636735572194999967 )	-0.70999437007124 5.77806524848512e-10 -4.2484287781681266e-10
3071	(   0.70999437001333998154   0.50405146279401003007  -0.3822943560456100176    0.00636795572194999958 )	-0.70999437001334 2.2909944497051526e-9 -8.20344726596209e-9
3072	(   0.70999437057124004102   0.50405146287817004236  -0.38229435807034001238   0.00636753173636999976 )	-0.70999437057124 -1.6630141708162682e-11 -2.0957323899829967e-9
3073	(   0.70999437207124005411   0.50405146329624994639  -0.382294357982680022     0.00636805977963000001 )	-0.70999437207124 -1.7999403911783673e-9 -7.108772477348337e-9
3074	(   0.70999437005454002492   0.50405146187816995962  -0.38229435485884999402   0.00636715647536999999 )	-0.70999437005454 2.2202318594732873e-9 2.9493913204805514e-9
3075	(   0.70999437157124001274   0.50405146226971997425  -0.38229436359541002499   0.00636730340737000008 )	-0.70999437157124 -6.3617623946576884e-9 2.8404385338481712e-9
3076	(   0.70999437108793994611   0.50405146387817001408  -0.38229436128182997523   0.00636790699737000039 )	-0.70999437108794 -2.2534920596228858e-9 -7.141137742086351e-9
3077	(   0.70999437000221998773   0.50405146300611003429  -0.38229436807034000712   0.00636711847636999961 )	-0.70999437000222 -6.6740620252581095e-9 2.231047055339442e-9
3078	(   0.7099943711402599833    0.50405146275023005042  -0.38229434807034001764   0.00636794499636999991 )	-0.70999437114026 6.6408017140862086e-9 -6.4228536249987716e-9
3079	(   0.70999436957123995828   0.50405146348661999944  -0.38229435254526999977   0.0063677600653700003  )	-0.70999436957124 6.328502166752514e-9 -7.0320076931082724e-9
3080	(   0.7099943707700400175    0.50405146326290994896  -0.38229435457667998444   0.00636653173636999963 )	-0.70999437077004 2.7386823364672352e-9 1.053588492009916e-8
3081	(   0.70999437037243995352   0.50405146249343002474  -0.38229436156399998481   0.00636853173636999989 )	-0.70999437037244 -2.771942592127985e-9 -1.4729349700057161e-8
3082	(   0.70999437062023995626   0.50405146337816997271  -0.38229435815008999677   0.00636742299468999982 )	-0.70999437062024 3.4829247819168074e-10 -1.1413326058651806e-9
3083	(   0.70999437076724003504   0.50405146487816998579  -0.38229435838934000547   0.00636709676965000002 )	-0.70999437076724 1.4430598938020012e-9 1.721725071500012e-9
3084	(   0.70999437112023999763   0.50405146337453998751  -0.382294358202459994     0.00636745442569000043 )	-0.70999437112024 -4.515170737295904e-10 -8.279781562586385e-10
3085	(   0.70999437262024001072   0.5040514633636500319   -0.38229435835956998568   0.00636754871868999966 )	-0.70999437262024 -2.8509456739822525e-9 1.1207333768436991e-10
3086	(   0.70999437712024004998   0.50405146333098005407  -0.38229435883090001624   0.00636783159768999994 )	-0.70999437712024 -1.0049231419229088e-8 2.9321210144253465e-9
3087	(   0.70999437377201002342   0.50405146436365000362  -0.38229435435898001527   0.00636771895568999987 )	-0.70999437377201 -5.339339248511266e-10 -1.4204399953414546e-9
3088	(   0.70999437722731995049   0.5040514673636500298   -0.38229434235720999302   0.00636822966668999964 )	-0.70999437722732 6.417101405808978e-9 -6.01832787307298e-9
3089	(   0.70999437877200999303   0.50405146492158003912  -0.38229435274659001598   0.00636717473869000041 )	-0.70999437877201 -6.3045688947216405e-9 1.2052119354858434e-8
3090	(   0.70999437530076003888   0.50405146236364994916  -0.38229436013890999435   0.00636723086369000036 )	-0.70999437530076 -9.265095218813357e-9 8.966195053147633e-9
3091	(   0.7099943727390699566    0.50405146571499004349  -0.38229436435898001001   0.00636640081668999984 )	-0.70999437273907 -5.2663905458771865e-9 1.2546796601031935e-8
3092	(   0.70999437224326000795   0.50405146636364994706  -0.38229434857904998069   0.00636820704769000025 )	-0.70999437224326 8.197227174822075e-9 -1.1807551289399402e-8
3093	(   0.70999437480494997921   0.50405146301230996375  -0.38229434435898002054   0.0063690370946899999  )	-0.70999437480495 4.198522668419358e-9 -1.5391151683592514e-8
3094	(   0.7099943687720100538    0.50405146380571996811  -0.38229435597137001457   0.0063682631726900002  )	-0.70999436877201 5.236700878485934e-9 -1.4893591578821446e-8
3095	(   0.70999437220475003496   0.50405146397508004963  -0.38229434843345000417   0.0063657189556899996  )	-0.70999437220475 5.978219197455559e-9 2.2209514212600157e-8
3096	(   0.70999437533927001187   0.50405146475221995761  -0.38229436028451002638   0.00636971895569000014 )	-0.70999437533927 -7.046087047157812e-9 -2.5058394203291757e-8
3097	(   0.70999437454643998802   0.50405146480325002667  -0.38229435935897998489   0.00636748530868999976 )	-0.70999437454644 -5.088429344546341e-9 2.2151841534592646e-9
3098	(   0.70999437300168000142   0.50405146536364997534  -0.38229435228578001471   0.00636718745268999992 )	-0.70999437300168 3.216163058095134e-9 3.2543409911323096e-9
3099	(   0.70999437454234004541   0.5040514633636500319   -0.38229435643218001584   0.00636825045868999982 )	-0.70999437454234 -4.284030852286236e-9 -6.0957859726997e-9
3100	(   0.70999437299757994779   0.50405146392404998057  -0.38229434935897999015   0.00636795260268999998 )	-0.70999437299758 4.020561661377542e-9 -5.056173437013422e-9
3101	(   0.70999437577200996685   0.50405146423292002122  -0.38229435200533001815   0.00636711555269000012 )	-0.70999437577201 -1.8896416931202253e-9 9.234504809315063e-9
3102	(   0.70999437264748999077   0.50405146372533005117  -0.38229435568234998444   0.00636671895568999974 )	-0.70999437264749 -4.835028766247973e-10 1.0355512069789923e-8
3103	(   0.70999437489652994504   0.50405146500196995607  -0.3822943530356099906    0.00636871895569       )	-0.70999437489653 -5.843647510328509e-10 -1.3198392171500696e-8
3104	(   0.70999437177200996896   0.50405146449437998601  -0.3822943567126300124    0.00636832235868999962 )	-0.70999437177201 8.217740099514259e-10 -1.2076113101389336e-8
3105	(   0.70999437477200999513   0.5040514641421699471   -0.38229435431525998768   0.0063678845209099999  )	-0.70999437477201 -2.2342621086579584e-9 -1.88754424807272e-9
3106	(   0.70999437777201002131   0.5040514634777299996   -0.3822943541841000159    0.00636838121657       )	-0.70999437777201 -7.335246882123059e-9 -3.2891858373315414e-9
3107	(   0.70999437444062996061   0.50405146363953001742  -0.38229435231525998873   0.00636754585491000006 )	-0.70999437444063 -7.065865392785753e-10 2.457597017709555e-9
3108	(   0.70999437543127996708   0.50405146514217002984  -0.3822943535950100169    0.00636730243990999995 )	-0.70999437543128 -1.6805651870122063e-9 5.4615219610807016e-9
3109	(   0.70999437677201004959   0.50405146369521003358  -0.38229435463719002586   0.00636758337091000021 )	-0.70999437677201 -5.951918263802369e-9 5.234679407502979e-9
3110	(   0.70999437510339002966   0.5040514646448099878   -0.38229435631525998662   0.00636822318690999974 )	-0.70999437510339 -3.761937567015039e-9 -6.232915014186223e-9
3111	(   0.70999437411274002319   0.50405146314216997538  -0.38229435503551001396   0.00636846660190999985 )	-0.70999437411274 -2.787958919281408e-9 -9.237288204824853e-9
3112	(   0.7099943727720100517    0.50405146458912997165  -0.382294353993330005     0.0063681856709099996  )	-0.70999437277201 1.4833938799529989e-9 -9.00994917526533e-9
3113	(   0.70999437379354002342   0.50405146391384003657  -0.3822943553842499953    0.00636688452090999977 )	-0.70999437379354 -1.8002130341976397e-9 9.68613834454547e-9
3114	(   0.70999437575047996685   0.50405146437049996866  -0.38229435324626998005   0.00636888452091000003 )	-0.70999437575048 -2.6683110720959746e-9 -1.3463226951705221e-8
3115	(   0.7099943749198099896    0.50405146364217001675  -0.38229435447408999238   0.00636772809177999985 )	-0.70999437491981 -3.0792160488068987e-9 8.145508234249808e-10
3116	(   0.70999437570257994956   0.50405146436260994669  -0.3822943553152600149    0.00636765358533999959 )	-0.70999437570258 -4.1856894616998375e-9 2.154503383378526e-9
3117	(   0.70999437377201002342   0.50405146423965996316  -0.38229435475751999407   0.00636744895620999958 )	-0.70999437377201 -9.6264313187433e-10 2.1420387590412315e-9
3118	(   0.70999437462421000067   0.50405146464216998847  -0.38229435415642998297   0.00636804095003999995 )	-0.70999437462421 -1.3893080019755644e-9 -4.5896883707334e-9
3119	(   0.7099943752443600431    0.50405146425405999988  -0.38229435331526001596   0.0063673846116599998  )	-0.70999437524436 -2.0721070692619747e-9 5.037776343194645e-9
3120	(   0.70999437577200996685   0.50405146404468004206  -0.38229435387299998128   0.00636832008561000022 )	-0.70999437577201 -3.5058810299304355e-9 -5.917506688399765e-9
3121	(   0.70999437384144004071   0.50405146392172994751  -0.38229435331526001596   0.00636811545648000021 )	-0.70999437384144 -2.828347278605037e-10 -5.929698541991995e-9
3122	(   0.70999437429965994717   0.50405146403028000535  -0.3822943553152600149    0.00636838443016000001 )	-0.70999437429966 -2.3964171758095176e-9 -8.81336465784942e-9
3123	(   0.7099943752720100365    0.50405146414134005539  -0.38229435440326997586   0.00636784221042000029 )	-0.70999437527201 -3.0585216026501882e-9 -6.378650102279977e-10
3124	(   0.70999437677201004959   0.50405146413885004719  -0.38229435466729999593   0.00636771527894999974 )	-0.70999437677201 -5.531300001360151e-9 3.111151110179848e-9
3125	(   0.70999437539218002158   0.50405146394134003884  -0.38229435451657001188   0.0063677281708500004  )	-0.70999437539218 -3.5268796771958932e-9 1.1851339229239756e-9
3126	(   0.70999437515184005143   0.50405146434133996092  -0.38229435428996999535   0.00636795624999000019 )	-0.70999437515184 -2.590163555860059e-9 -2.4608899534239704e-9
3127	(   0.70999437627201000822   0.50405146420607005453  -0.38229435534611000413   0.00636763033081000004 )	-0.70999437627201 -5.226952398684759e-9 3.4157806280324778e-9
3128	(   0.70999437432469003628   0.50405146417544000048  -0.38229435490002999787   0.00636734221041999979 )	-0.70999437432469 -1.9716293875315927e-9 4.3504435129354405e-9
3129	(   0.70999437427200995376   0.50405146407660994523  -0.3822943534604300031    0.00636805409002999968 )	-0.70999437427201 -8.900907233488908e-10 -4.6916005454368656e-9
3130	(   0.70999437621933003673   0.50405146410723999928  -0.38229435390651000937   0.00636834221041999993 )	-0.70999437621933 -4.145413901035511e-9 -5.626673422353583e-9
3131	(   0.70999437576588997345   0.50405146417331003761  -0.38229435340327000414   0.00636737352504000015 )	-0.70999437576589 -3.008845644858482e-9 6.000278337756906e-9
3132	(   0.70999437477812998853   0.50405146410936996215  -0.38229435540327000309   0.00636831089579999957 )	-0.70999437477813 -3.1081974216640162e-9 -7.276447801182761e-9
3133	(   0.70999437526113995389   0.50405146416760004957  -0.38229435390326999      0.00636785793283000008 )	-0.70999437526114 -2.633528617401737e-9 -8.797963344046303e-10
3134	(   0.70999437522853003912   0.50405146424638003211  -0.38229435240326997691   0.00636790510006000031 )	-0.70999437522853 -1.3585503555457734e-9 -1.6055927181595018e-9
3135	(   0.70999437513069996175   0.50405146448271997972  -0.38229434790326999316   0.00636804660175000013 )	-0.7099943751307 2.4663847630890245e-9 -3.783008899471967e-9
3136	(   0.70999437572852996947   0.50405146397793998414  -0.38229435107374998282   0.00636802571857999957 )	-0.70999437572853 -1.3665923670469482e-9 -2.1633475107675167e-9
3137	(   0.70999437722852998256   0.50405146317261995126  -0.38229434708519000052   0.00636838757413999996 )	-0.70999437722853 -1.390718651350653e-9 -3.836786252492158e-9
3138	(   0.70999438172853002182   0.50405146075665996364  -0.38229433511950999813   0.00636947314082000025 )	-0.70999438172853 -1.4630974487506165e-9 -8.858673973061648e-9
3139	(   0.70999437522853003912   0.50405146465379002674  -0.38229435522730997876   0.0063675513661400002  )	-0.70999437522853 -3.110369461989393e-9 2.491960225985883e-9
3140	(   0.70999437922853003702   0.5040514616914499868   -0.38229433894307002229   0.00636922378213999971 )	-0.70999437922853 3.2893204826578426e-10 -1.016693121861235e-8
3141	(   0.70999437869963000214   0.50405146517262000572  -0.38229434412433999091   0.00636725845413999968 )	-0.70999437869963 6.484045522725523e-10 1.0632231797556141e-8
3142	(   0.7099943785665999707    0.50405146220075003338  -0.38229435708518999526   0.00636736055913999979 )	-0.7099943785666 -1.2032006779794102e-8 1.2114932378568476e-8
3143	(   0.70999437575742996298   0.50405146117262000782  -0.38229435004604001014   0.00636951669414000023 )	-0.70999437575743 -3.429841743951556e-9 -1.830835423751473e-8
3144	(   0.70999437654525998642   0.50405146224370001029  -0.382294341978810015     0.00636638757413999969 )	-0.70999437654526 2.617934702353608e-9 2.1591448204429954e-8
3145	(   0.70999437589045999442   0.50405146414448998016  -0.38229433708519000579   0.00636941458914000013 )	-0.70999437589046 9.250569393826069e-9 -1.9790614514199236e-8
3146	(   0.7099943779117999787    0.50405146410154000325  -0.38229435219156998604   0.00637038757414000022 )	-0.7099943779118 -5.399371866277036e-9 -2.927302093146079e-8
3147	(   0.70999437622853001084   0.50405146389175004007  -0.38229434370997000814   0.00636789829514000042 )	-0.70999437622853 3.4213425703644162e-9 2.556920793055973e-10
3148	(   0.70999437790622998978   0.504051464172620034    -0.38229434985775001543   0.00636770719713999987 )	-0.70999437790623 -3.5354560667943957e-9 4.7908859467009975e-9
3149	(   0.70999437795049002986   0.50405146274472001355  -0.3822943420851899754    0.0063676627651399996  )	-0.70999437795049 9.125219468941737e-10 6.847492762558768e-9
3150	(   0.70999437822852995428   0.50405146245348997347  -0.38229435046040999291   0.00636887685314000036 )	-0.70999437822853 -6.2027796510211175e-9 -7.929743594228724e-9
3151	(   0.70999437673735998899   0.50405146244786003251  -0.38229435048685000975   0.00636738757413999983 )	-0.70999437673736 -3.973564755010983e-9 8.926292943699005e-9
3152	(   0.70999437655082997534   0.50405146217261997954  -0.38229434431262998562   0.00636906795114000005 )	-0.70999437655083 7.540189306265432e-10 -1.2465384499457308e-8
3153	(   0.70999437650657004628   0.50405146360051999999  -0.38229435208519002565   0.00636911238314000032 )	-0.70999437650657 -3.6939593606177823e-9 -1.4522115963721367e-8
3154	(   0.70999437771969997613   0.50405146389737998103  -0.3822943436835299913    0.00636938757414000009 )	-0.7099943777197 1.1921275633319794e-9 -1.6601865559711184e-8
3155	(   0.70999437736035997393   0.50405146356773999905  -0.38229434573421999799   0.00636788757414000033 )	-0.70999437736036 -1.620255041245855e-10 2.32342830950227e-9
3156	(   0.70999437775584994803   0.5040514647531000314   -0.38229434168130999039   0.00636638757413999969 )	-0.70999437775585 3.5240536322422855e-9 2.0801072328571226e-8
3157	(   0.70999437836035994565   0.50405146393497002322  -0.38229434740014001104   0.0063682179991399997  )	-0.70999437836036 -2.580815117170232e-9 -8.321406054932127e-10
3158	(   0.70999438136035997182   0.5040514650366599847   -0.38229435239789999468   0.00636920927413999957 )	-0.70999438136036 -9.837184150596201e-9 -1.0300157518667251e-8
3159	(   0.70999437890412997465   0.50405146593496996665  -0.38229434638296000415   0.00636807423014000042 )	-0.70999437890413 -6.254212703282747e-10 -2.2890920536584695e-10
3160	(   0.70999438053543995064   0.50405147193497001901  -0.38229434333141998348   0.00636764292313999995 )	-0.70999438053544 5.2407607697979586e-9 1.5805365166611171e-9
3161	(   0.70999438390413005529   0.50405146645079001999  -0.38229433935876000472   0.00636947324513999994 )	-0.70999438390413 -2.3003577653835094e-9 -1.1464805384763801e-8
3162	(   0.70999437961913003381   0.50405146093496999704  -0.38229434537850998099   0.00636790990114000002 )	-0.70999437961913 -5.93870749798775e-9 7.87927426217994e-9
3163	(   0.70999437818914001852   0.50405147093497004729  -0.38229434738741002731   0.00636823855913999995 )	-0.70999437818914 4.687849941564792e-9 -8.337132581106113e-9
3164	(   0.70999437390413000504   0.50405146541915002434  -0.38229435340716000358   0.00636667521514000002 )	-0.70999437390413 1.0495150304379308e-9 1.1003072488102424e-8
3165	(   0.70999438178896001617   0.50405146623258001437  -0.38229436638295999362   0.00636741120213999996 )	-0.70999438178896 -1.9982244858773868e-8 1.2013890380368022e-8
3166	(   0.70999437601930004416   0.50405146563736002996  -0.38229432638296001468   0.00636873725814000001 )	-0.7099943760193 1.873140148545005e-8 -1.2472588003343632e-8
3167	(   0.70999438123568003878   0.50405146683268997609  -0.38229433415804997543   0.00636607423014000015 )	-0.70999438123568 6.093379245619701e-9 2.765244258223163e-8
3168	(   0.70999437657258002154   0.50405146503724995721  -0.38229435860786997736   0.00637007423013999981 )	-0.70999437657258 -7.3442221470987334e-9 -2.8118260881929385e-8
3169	(   0.70999438090413002911   0.50405146740182005249  -0.38229434886317997799   0.00636834722013999988 )	-0.70999438090413 -4.07947156610966e-9 -2.332697396478637e-9
3170	(   0.70999437690413003121   0.50405146446811999184  -0.38229434390273997479   0.00636780124014000009 )	-0.70999437690413 2.8286289976975354e-9 1.874729938678582e-9
3171	(   0.70999437929805997438   0.50405146622387997368  -0.38229433638296000941   0.00636787316613999978 )	-0.70999437929806 6.713644723488343e-9 2.6022974158914345e-9
3172	(   0.70999437851019997492   0.50405146564605995962  -0.38229435638295999889   0.00636827529414000018 )	-0.7099943785102 -7.964487375167195e-9 -3.060196791100872e-9
3173	(   0.70999437953254995737   0.50405146449803994724  -0.38229434395332001495   0.00636907423013999968 )	-0.70999437953255 -1.155020495913206e-9 -1.0636778340663688e-8
3174	(   0.70999437827570999193   0.50405146737189998607  -0.38229434881259999335   0.00636707423014000028 )	-0.70999437827571 -9.582193372104086e-11 1.0176959818917683e-8
3175	(   0.70999438077788001866   0.50405146393497002322  -0.3822943487066199908    0.0063671178491399999  )	-0.70999438077788 -7.2356927116601355e-9 1.6611490464513655e-8
3176	(   0.70999437703038004166   0.50405146793497002111  -0.3822943440593000175    0.00636903061114000007 )	-0.70999437703038 5.984850087736859e-9 -1.7071138204468174e-8
3177	(   0.709994378825219985     0.50405146693497004939  -0.38229434581396998238   0.00636803937396999975 )	-0.70999437882522 9.289558566827338e-10 -8.970285153578014e-10
3178	(   0.7099943789830399643    0.50405146493496999494  -0.38229434695195002591   0.00636810908631000022 )	-0.70999437898304 -2.1797982308058295e-9 4.3920745268792236e-10
3179	(   0.70999437990412994637   0.5040514660863699703   -0.38229434686189001091   0.0063685159448799997  )	-0.70999437990413 -2.3524817094333628e-9 -4.5862601444500895e-9
3180	(   0.70999437955699995495   0.504051465829990053    -0.38229434138295997903   0.00636776792894000031 )	-0.709994379557 2.105222662862616e-9 4.704142422567081e-9
3181	(   0.70999437790413000293   0.50405146578356996301  -0.38229434590402999739   0.00636763251540000026 )	-0.70999437790413 1.101639279799116e-9 4.128051398886339e-9
3182	(   0.70999437825125999435   0.50405146603994999133  -0.38229435138295997376   0.00636838053133999965 )	-0.70999437825126 -3.3560650369857115e-9 -5.162148696180493e-9
3183	(   0.70999437959756994676   0.50405146603994999133  -0.38229435138295997376   0.00636761855350000041 )	-0.70999437959757 -5.3920573006571715e-9 6.454145361256861e-9
3184	(   0.70999437821069000254   0.504051465829990053    -0.38229434138295997903   0.00636852990678000042 )	-0.70999437821069 4.141214982045227e-9 -6.9123792764317444e-9
3185	(   0.70999437940413001602   0.50405146552680002436  -0.38229434460881001057   0.00636798259076000028 )	-0.70999437940413 -4.3323422627139507e-10 2.0563794842493716e-9
3186	(   0.70999438090413002911   0.50405146430228997545  -0.38229433928635997431   0.00636770767261999986 )	-0.70999438090413 1.433266005879119e-10 8.912145001813859e-9
3187	(   0.70999438040412998774   0.50405146531871003468  -0.38229434225967001693   0.0063682761403099997  )	-0.70999438040413 -3.574743834278138e-10 -5.4264863056600193e-11
3188	(   0.70999438340413001391   0.50405146469443995461  -0.38229433521224998049   0.00636915678895999971 )	-0.70999438340413 -1.301951324528261e-10 -6.387231516959038e-9
3189	(   0.70999438153822003184   0.50405146331870998022  -0.38229433945139001949   0.00636869753031000033 )	-0.70999438153822 -1.92535254406323e-9 -1.8111029931016233e-9
3190	(   0.7099943849404900531    0.50405145731871003889  -0.38229433102655002719   0.0063699617003099996  )	-0.70999438494049 -6.62898683168045e-9 -7.083748661687128e-9
3191	(   0.70999438473702003449   0.50405146831870994983  -0.38229433047235000798   0.00636865531830999986 )	-0.70999438473702 5.102450989502572e-9 -1.7311738117047081e-9
3192	(   0.70999439433342004246   0.50405148331870996969  -0.38229430353522997343   0.0063685286823100002  )	-0.70999439433342 2.61858604244658e-8 -1.491407427704804e-9
3193	(   0.7099943809672200068    0.50405147366889002658  -0.38229438047234998166   0.00636722400331000016 )	-0.70999438096722 -2.2075826111578323e-8 5.794627571754972e-9
3194	(   0.70999439473701997372   0.50405147358438995298  -0.38229431003130998068   0.00636724660931000004 )	-0.70999439473702 1.087435710922513e-8 2.514421356382765e-8
3195	(   0.70999437473701998425   0.50405146305302994669  -0.38229435091338997976   0.00637006402730999968 )	-0.70999437473702 -6.694562126874359e-10 -2.8610529998302446e-8
3196	(   0.70999438850681995117   0.50405146296852998411  -0.38229428047234997878   0.00637008663331000043 )	-0.70999438850682 3.2280723288868884e-8 -9.261072631455746e-9
3197	(   0.70999439278761000693   0.50405147255789994887  -0.38229437008954997301   0.00637065531831000013 )	-0.70999439278761 -3.3123937259738057e-8 -2.001723764641952e-8
3198	(   0.7099943895513499692    0.50405145831871001061  -0.38229435416383000801   0.00636797711831000018 )	-0.70999438955135 -3.029238254681488e-8 2.374310477650047e-8
3199	(   0.70999437668642995103   0.5040514640795199508   -0.38229429085514998743   0.0063666553183099996  )	-0.70999437668643 4.332883601909643e-8 1.6546890023014964e-8
3200	(   0.70999437992268998876   0.50405147831871000008  -0.38229430678087000794   0.00636933351831000041 )	-0.70999437992269 4.049728349886372e-8 -2.7206372421415155e-8
3201	(   0.709994389722179986     0.50405146545375001388  -0.38229433033795001684   0.00636965531830999999 )	-0.70999438972218 -5.198686509055861e-9 -4.525653245427276e-9
3202	(   0.70999440467765995155   0.50405145685886998397  -0.38229432993474998792   0.00637265531831000039 )	-0.70999440467766 -3.6102099726376125e-8 -1.2921091213534332e-8
3203	(   0.70999439537677999645   0.50405146239692999455  -0.38229431033795002737   0.00636990421730999987 )	-0.70999439537678 -1.5150501964100727e-9 3.3897716795585416e-9
3204	(   0.70999441234058002781   0.50405145322647004757  -0.38229425033795000344   0.00637065091431000038 )	-0.70999441234058 9.535853162656593e-9 2.713530349004919e-8
3205	(   0.70999441064907997667   0.50405148239692998402  -0.38229431751444997722   0.00637209674230999976 )	-0.70999441064908 -1.009805555840515e-8 -2.2860888919709035e-8
3206	(   0.70999440041308004012   0.50405146015353996525  -0.38229426033794999817   0.00637062723931       )	-0.70999440041308 2.6854712009694026e-8 3.5729667967427325e-9
3207	(   0.70999439034047995278   0.50405146464032002385  -0.38229436033795000105   0.00636918119530999974 )	-0.70999439034048 -2.9884817454028934e-8 3.2055311517697506e-9
3208	(   0.70999438010448001624   0.50405144239693000507  -0.382294303161450022     0.00636771169230999998 )	-0.70999438010448 7.067954110873131e-9 2.9630818502186654e-8
3209	(   0.70999440297782001608   0.50405144688296998901  -0.38229432670378998838   0.00637490421730999967 )	-0.70999440297782 -4.103701697899531e-8 -3.402691875206492e-8
3210	(   0.70999438777573997683   0.50405147791089000009  -0.38229429397211001085   0.00636490421731000008 )	-0.70999438777574 3.80069157535079e-8 4.075646233322989e-8
3211	(   0.70999437537678000698   0.50405147130579996961  -0.38229430093988997497   0.00637383974031       )	-0.70999437537678 4.48249911078058e-8 -8.407217116707441e-8
3212	(   0.70999441537677998593   0.50405145348806001948  -0.38229431973601002426   0.00636596869430999975 )	-0.70999441537678 -4.785509330473836e-8 9.082073862077742e-8
3213	(   0.7099944053767800467    0.50405145724828004372  -0.38229429708825002354   0.0063708163143100004  )	-0.70999440537678 -1.1655891973827437e-8 1.1117536698835922e-8
3214	(   0.70999438537677994621   0.50405146754557994537  -0.38229432358764997568   0.00636899212031000021 )	-0.70999438537678 8.625790859362326e-9 -4.33965695955616e-9
3215	(   0.70999438794310998357   0.50405145239693005532  -0.38229431563464000288   0.00637167574431000017 )	-0.70999438794311 -4.3230774793290294e-9 -1.9738009375292473e-8
3216	(   0.70999440281045000933   0.50405147239693004479  -0.38229430504125999635   0.00636813269030999957 )	-0.70999440281045 1.292976947731006e-9 2.651127611858579e-8
3217	(   0.70999440081027997973   0.50405146970625003267  -0.38229432914798000542   0.00637190421731000014 )	-0.70999440081028 -1.68046177251302e-8 -2.1687656107314255e-8
3218	(   0.70999438994328001318   0.50405145508760995643  -0.3822942915279199938    0.00636790421730999961 )	-0.70999438994328 1.3774516555153937e-8 2.8459199577458502e-8
3219	(   0.70999438959953997674   0.50405147014070994516  -0.38229429033794998238   0.00637128099830999977 )	-0.70999438959954 3.025728387284765e-8 -3.009944600212419e-8
3220	(   0.70999440115402001616   0.50405145465315004394  -0.38229433033795001684   0.00636852743630999998 )	-0.70999440115402 -3.328738520935737e-8 3.687519842042019e-8
3221	(   0.70999439536380004601   0.50405146739692996416  -0.38229431034159999658   0.00636990646931000042 )	-0.7099943953638 3.5017883037724573e-9 -1.657349711273572e-9
3222	(   0.70999439456580004659   0.50405146239506004591  -0.38229430033794997712   0.00637004492431000012 )	-0.7099943945658 7.3553915735935504e-9 4.4745921932173947e-10
3223	(   0.70999439037678002684   0.50405146238542997139  -0.38229431174324002285   0.00636975023230999977 )	-0.70999439037678 4.960361565942151e-9 -1.736956461921937e-9
3224	(   0.70999440037677996607   0.5040514624084300177   -0.38229430893265997637   0.00637005820230999997 )	-0.70999440037678 -7.990462014273447e-9 8.516452509295467e-9
3225	(   0.7099943953897599469    0.50405145739693002493  -0.38229431033430000264   0.0063699019653100002  )	-0.70999439538976 -6.531888641081451e-9 8.436893060233036e-9
3226	(   0.70999439472071002033   0.50405146238367004585  -0.38229431195785001929   0.00637090421731000001 )	-0.70999439472071 -1.7747082692309846e-9 -1.0269388816126464e-8
3227	(   0.70999439618775994632   0.50405146239880005421  -0.3822943203379500221    0.00636976351030999963 )	-0.70999439618776 -1.0385492077435998e-8 6.332044542875308e-9
3228	(   0.70999439603284997258   0.50405146241019005426  -0.38229430871804997993   0.00636890421730999974 )	-0.70999439603285 -1.255391957055707e-9 1.704693206422246e-8
3229	(   0.70999439588575996574   0.50405146439693004901  -0.38229431381409001434   0.00636990994938999976 )	-0.70999439588576 -2.9425854530806816e-9 2.0394918542695106e-9
3230	(   0.70999439741269998461   0.50405147039692999034  -0.38229432424250997524   0.0063699271456300003  )	-0.7099943974127 -7.225191916981899e-9 -2.0113476828211236e-9
3231	(   0.70999439742174996759   0.50405146939693001862  -0.3822943116237800254    0.00636996972372000023 )	-0.70999439742175 1.4092595146397713e-9 -1.5409372440628659e-9
3232	(   0.70999440202971997316   0.50405148439693003848  -0.38229430505285000308   0.00637014904670999988 )	-0.70999440202972 1.4464794806379189e-8 -1.2282267747748847e-8
3233	(   0.70999440742175001784   0.50405146599559003118  -0.38229430539754000185   0.00637061171171999976 )	-0.70999440742175 -1.235432975366102e-8 7.880990391995234e-9
3234	(   0.70999440566239002681   0.50405147709801001454  -0.38229430649295997879   0.00636896972372000009 )	-0.70999440566239 5.71182739994569e-10 1.5198538772064464e-8
3235	(   0.70999440026663995784   0.50405147205555000944  -0.38229433162378001487   0.00637015236272000032 )	-0.70999440026664 -1.552615255806522e-8 -2.4866884943059494e-9
3236	(   0.70999439457685997734   0.50405146673831002779  -0.38229429162377998042   0.00636978708472000013 )	-0.70999439457686 1.834467083794422e-8 -5.95252707828774e-10
3237	(   0.70999438918111001939   0.50405146169585002269  -0.38229431675460001649   0.00637096972372000036 )	-0.70999438918111 2.247335900706915e-9 -1.82824130381376e-8
3238	(   0.70999438742175002837   0.50405147279827000606  -0.38229431785001999344   0.00636932773571999983 )	-0.70999438742175 1.5172848311095777e-8 -1.0963688955249848e-8
3239	(   0.70999439946771003562   0.50405145939692996837  -0.38229431828624999001   0.00636928275671999958 )	-0.70999439946771 -1.6778845868259396e-8 2.0115749246528392e-8
3240	(   0.70999439537579001058   0.50405147939692995784  -0.38229430496131000528   0.00637065669072000001 )	-0.70999439537579 1.9597364647738758e-8 -2.3198567359911538e-8
3241	(   0.70999439680775000561   0.50405147183621001883  -0.38229432162378002014   0.00636971363706999999 )	-0.70999439680775 -2.8688092734707737e-9 -1.5896275395920422e-9
3242	(   0.7099943980357500406    0.50405146695765001841  -0.38229430162377997515   0.0063702258103699996  )	-0.70999439803575 5.687328108461287e-9 -1.4923781092613135e-9
3243	(   0.70999440242175004823   0.50405146888980001396  -0.38229431298858002064   0.00636993477298000016 )	-0.70999440242175 -7.702761845029826e-9 6.511405927391424e-9
3244	(   0.70999439659554997029   0.50405146439693004901  -0.38229431276962999586   0.00636962513277999996 )	-0.70999439659555 -3.217401761679284e-9 6.67581692881294e-9
3245	(   0.70999439693981003519   0.50405146648035004109  -0.3822943194728999905    0.00637046972371999986 )	-0.70999439693981 -6.779842021131799e-9 -5.6789263452080695e-9
3246	(   0.70999439790369001102   0.50405147231350999615  -0.38229430377466000479   0.00636946972371999973 )	-0.70999439790369 9.598360856122312e-9 2.5965519681201907e-9
3247	(   0.7099943982479499649    0.50405147439692998823  -0.38229431047792999943   0.00637031431465999963 )	-0.70999439824795 6.03592095749228e-9 -9.757929013780016e-9
3248	(   0.70999439242174999798   0.50405146990406002327  -0.38229431025897997465   0.00637000467446000029 )	-0.70999439242175 1.052128073553149e-8 -9.593282747595371e-9
3249	(   0.70999439942175002205   0.50405146799643996136  -0.382294307495209984     0.00637010654633999966 )	-0.70999439942175 1.4087486732705656e-10 9.563997853634333e-10
3250	(   0.70999440542174996338   0.50405146379497001163  -0.38229429510950002635   0.0063705170141999997  )	-0.70999440542175 -3.6642792966556925e-9 8.448186006432246e-9
3251	(   0.70999440386679002479   0.50405146855188998067  -0.38229429749520998927   0.00637035981195000021 )	-0.70999440386679 1.6200828456547356e-9 3.4861348902230963e-9
3252	(   0.70999441720191003302   0.50405147021824003861  -0.38229426749521000506   0.00637111960878000011 )	-0.70999441720191 6.057705392858992e-9 1.1074570483181117e-8
3253	(   0.70999440536556002179   0.50405147855189003092  -0.38229430048046997292   0.00637037292295000029 )	-0.70999440536556 7.071033036876173e-9 -4.552672319952484e-9
3254	(   0.70999440299465998994   0.50405146868113004377  -0.38229429575809997788   0.00637135981195000034 )	-0.70999440299466 4.396398883832475e-9 -1.0623239722940578e-8
3255	(   0.70999440236802002779   0.50405145855189004145  -0.38229429450995000561   0.00637034670095000012 )	-0.70999440236802 -3.830867151277673e-9 1.1524941534553563e-8
3256	(   0.70999440375917000079   0.50405146706387005118  -0.38229431749520997874   0.00637044765194999963 )	-0.70999440375917 -1.4996958119795067e-8 3.702182979337099e-9
3257	(   0.70999440473891994863   0.5040514684226500286   -0.38229429923232000066   0.00636935981195000007 )	-0.70999440473892 -1.1562328872116723e-9 1.7593509170314302e-8
3258	(   0.7099944039744100488    0.50405147003991002119  -0.3822942774952099998    0.00637027197194999992 )	-0.70999440397441 1.823712322823745e-8 3.2700711473439173e-9
3259	(   0.70999441386678996402   0.50405146706996994954  -0.3822942971157399783    0.0063704472919500002  )	-0.70999441386679 -1.4694460398478881e-8 1.8053377159089358e-8
3260	(   0.70999439386678997455   0.50405147003381001181  -0.38229429787468000024   0.00637027233195000021 )	-0.70999439386679 1.79346259232549e-8 -1.1081122684149052e-8
3261	(   0.70999440425168003355   0.50405147042592002293  -0.38229429901880002118   0.00637085981194999984 )	-0.70999440425168 1.7471333546570378e-9 -4.21196548363971e-9
3262	(   0.70999440417873005416   0.50405147007074002641  -0.382294307495209984     0.00637022430392000013 )	-0.70999440417873 -4.978692569324039e-9 4.136687641350778e-9
3263	(   0.70999440355484999543   0.50405146703304004596  -0.38229428749520999453   0.00637049531998000029 )	-0.70999440355485 8.218858232877935e-9 2.8355453032181846e-9
3264	(   0.70999440398762003746   0.50405146355189001106  -0.38229430136863001843   0.00637051677712999979 )	-0.70999440398762 -6.524218193471043e-9 6.657838069573619e-9
3265	(   0.70999440374596001213   0.50405147355188995029  -0.38229429362179001561   0.00637020284676999976 )	-0.70999440374596 9.76438391253609e-9 3.143823237288933e-10
3266	(   0.70999440886678999441   0.50405146844329995481  -0.38229429678026999317   0.00637033083983000025 )	-0.70999440886679 -5.503252964444982e-9 1.1063793700611486e-8
3267	(   0.70999440348191000805   0.50405146667786004944  -0.38229429597162001286   0.00636985981194999971 )	-0.70999440348191 1.4930174041527522e-9 1.1183749252911563e-8
3268	(   0.70999439886679005518   0.50405146866048000653  -0.38229429821014998536   0.00637038878407000016 )	-0.70999439886679 8.743418655754454e-9 -4.091525598930385e-9
3269	(   0.70999440396020996324   0.50405146780078002866  -0.38229429771149997519   0.00637055981194999989 )	-0.70999440396021 5.62323326791514e-10 1.821716137599791e-9
3270	(   0.70999440424047000064   0.50405146554744995058  -0.38229429836036998847   0.00637115981194999979 )	-0.70999440424047 -2.6109558959319656e-9 -3.172019454141439e-9
3271	(   0.70999440426645998858   0.50405146562643998731  -0.38229429271150000558   0.00637101234642999982 )	-0.70999440426646 1.7477916336439137e-9 -1.3350729689324777e-9
3272	(   0.70999440518520995358   0.50405145910341997428  -0.38229427771149998572   0.00637236994986999962 )	-0.70999440518521 5.304196470934386e-9 -1.0807897849031227e-8
3273	(   0.7099944092664599582    0.50405146577788995099  -0.38229429194323999441   0.00637098284642999974 )	-0.70999440926646 -5.0747364366277026e-9 5.989310002677472e-9
3274	(   0.70999440418572001832   0.50405145562644004809  -0.38229428916161001251   0.00637087603743000021 )	-0.70999440418572 -5.4159018103572265e-9 1.0287111188829131e-8
3275	(   0.70999440482693998433   0.50405146076870999128  -0.38229430271150000031   0.00637195854242999984 )	-0.70999440482694 -1.1603424859840672e-8 -7.738815690445174e-9
3276	(   0.70999439926646001897   0.50405146547499002363  -0.38229429347976001674   0.00637104184642999991 )	-0.70999439926646 8.570319565137652e-9 -8.659457570023754e-9
3277	(   0.70999440446194994614   0.50405146393206001765  -0.38229430130655001063   0.00637001234642999969 )	-0.70999440446195 -6.813900388369376e-9 1.3377925308352202e-8
3278	(   0.70999440434719995885   0.50405147562644003756  -0.38229429626138999865   0.00637114865543000029 )	-0.7099944043472 8.911485188667356e-9 -1.2957294398020791e-8
3279	(   0.70999440370598998484   0.50405147048417997535  -0.38229428271150001084   0.0063700661504299998  )	-0.70999440370599 1.509900274254683e-8 5.0668835087046954e-9
3280	(   0.70999440407097003103   0.50405146732081995697  -0.38229428411645000052   0.00637201234642999995 )	-0.70999440407097 1.0309483433612598e-8 -1.6050071135200415e-8
3281	(   0.70999440626646004304   0.50405146565985003981  -0.38229429273887999274   0.00637100733446000021 )	-0.70999440626646 -1.2642851487942863e-9 1.5353572963922252e-9
3282	(   0.70999441226645998437   0.50405146576007997528  -0.38229429282102000975   0.00637099229854999963 )	-0.70999441226646 -1.0300515579375613e-8 1.014664779095813e-8
3283	(   0.70999440765357002547   0.50405146481423002136  -0.38229428773888002313   0.00637115606591999971 )	-0.70999440765357 -3.846556406728041e-10 2.455497389566765e-9
3284	(   0.70999441181489997277   0.504051462277369966    -0.38229427273888000327   0.00637160226029999995 )	-0.7099944118149 2.2542325228691595e-9 5.215652327522223e-9
3285	(   0.7099944242988900367    0.50405145466679002197  -0.3822942277388799992    0.00637294084343999982 )	-0.70999442429889 1.0170893766092703e-8 1.3493728290349415e-8
3286	(   0.70999441765024995377   0.50405146272955003717  -0.3822942527388800138    0.00637251437530000041 )	-0.70999441765025 9.173522136363133e-9 1.425504091991884e-9
3287	(   0.70999443515630000778   0.50405146408609002862  -0.38229419273887998987   0.00637525072030000004 )	-0.7099944351563 2.993138498164072e-8 -9.95492317167068e-9
3288	(   0.70999445285988005416   0.50405148272955002664  -0.38229426487882001151   0.0063756854852999997  )	-0.70999445285988 -3.335522549829939e-8 -9.003157088054744e-9
3289	(   0.70999445238837999295   0.50405144272955004769  -0.38229424059894001608   0.00637700574029999995 )	-0.70999445238838 -5.407807002200116e-8 1.3490513767876612e-8
3290	(   0.70999438244061996439   0.50405144272955004769  -0.38229424059894001608   0.00636934326530000025 )	-0.70999438244062 5.17022640256215e-8 1.1834056059322287e-8
3291	(   0.70999442688842995253   0.50405145741079004917  -0.38229430273887998748   0.00637167105729999957 )	-0.70999442688843 -4.834534569897464e-8 3.060977764683795e-8
3292	(   0.70999440841206995501   0.50405146804831002516  -0.3822942027388799846    0.00637335769330000038 )	-0.70999440841207 6.669238469814154e-8 -2.776019161129106e-8
3293	(   0.70999438291212002561   0.50405148272955002664  -0.38229426487882001151   0.0063680230103        )	-0.70999438291212 7.242510860483442e-8 -1.0679847638466345e-8
3294	(   0.70999446765024998296   0.50405146192185001919  -0.38229423526537997802   0.00636795006929999959 )	-0.70999446765025 -5.388795723537676e-8 1.3138402674101957e-7
3295	(   0.7099943676502500356    0.50405146353725005515  -0.38229427021237999407   0.00637707868130000036 )	-0.70999436765025 7.223499012831702e-8 -1.2857467911749456e-7
3296	(   0.70999442183280003782   0.50405147272954997639  -0.38229427075842997708   0.00637267423730000001 )	-0.7099944218328 -9.291901414965054e-10 -4.672792703664698e-9
3297	(   0.70999443438044995691   0.50405150272955001611  -0.38229432481707997793   0.00637315382329999968 )	-0.70999443438045 -3.1237330472277947e-8 -2.296799042710002e-8
3298	(   0.70999442625134001617   0.50405145272954998692  -0.38229426185788001336   0.00637295751029999958 )	-0.70999442625134 -2.080598465736827e-8 1.7990991374711824e-8
3299	(   0.70999441741425994845   0.50405149272954996587  -0.38229427965897999631   0.00637239096429999957 )	-0.70999441741426 1.8947604402130835e-8 -2.7336737491262487e-8
3300	(   0.70999444665449995551   0.50405147602692002007  -0.38229422075843000339   0.0063718691832999998  )	-0.7099944466545 3.0603362344283624e-9 3.753642048906204e-8
3301	(   0.70999445302910002553   0.50405147687373996757  -0.38229426782710002053   0.00637467423730000027 )	-0.7099944530291 -4.17211641068338e-8 9.986719304996773e-9
3302	(   0.70999439063650005011   0.50405146858535998522  -0.38229427368975998913   0.00637067423729999974 )	-0.7099943906365 3.986277960499329e-8 -1.934030271392664e-8
3303	(   0.70999439701110000911   0.50405146943218004374  -0.38229432075843000627   0.00637347929130000022 )	-0.7099943970111 -4.918723872648911e-9 -4.6883301121074695e-8
3304	(   0.70999447183279995599   0.50405147041392994733  -0.38229430587156998378   0.00637155670930000025 )	-0.7099944718328 -1.0570573294454988e-7 8.288430679248245e-8
3305	(   0.70999437183280000863   0.50405147504517000545  -0.38229423564529002588   0.00637379176529999977 )	-0.7099943718328 1.0384733978296978e-7 -9.22323851635195e-8
3306	(   0.70999442282166003171   0.50405146272955003717  -0.38229425915956000148   0.00637267975630000007 )	-0.70999442282166 -3.5562565114943823e-9 6.661035740386924e-9
3307	(   0.70999442184096994701   0.50405147264689997844  -0.38229427085382999829   0.00637167423729999988 )	-0.70999442184097 -1.0971369923673535e-9 8.165806933365966e-9
3308	(   0.70999442084394004393   0.50405148272955002664  -0.38229428235730000818   0.00637266871829999994 )	-0.70999442084394 1.6978762285013715e-9 -1.6006621430679534e-8
3309	(   0.7099944218246300176    0.50405147281219997435  -0.38229427066303001137   0.00637367423730000014 )	-0.70999442182463 -7.612430130699011e-10 -1.7513392562745528e-8
3310	(   0.7099944235462299913    0.50405146697299996195  -0.38229429075843002206   0.0063726838003000004  )	-0.70999442354623 -2.4568690776272106e-8 3.394924878857299e-9
3311	(   0.70999442011936997332   0.50405147848609999084  -0.3822942507584299876    0.00637266467429999962 )	-0.70999442011937 2.2710309854900856e-8 -1.2740510580113904e-8
3312	(   0.70999444183280002729   0.50405147347268997038  -0.38229426990066001091   0.00637267382729999991 )	-0.7099944418328 -2.977573457241256e-8 2.2989070091650643e-8
3313	(   0.70999440183280004835   0.50405147198640998241  -0.38229427161619999875   0.00637267464730000011 )	-0.7099944018328 2.7917352735107315e-8 -3.233465483318504e-8
3314	(   0.70999442161874004587   0.50405146772955000678  -0.38229426326666998692   0.00637272427328999976 )	-0.70999442161874 1.2264156357133515e-10 -6.144842213594249e-10
3315	(   0.70999442097655995898   0.50405145272954998692  -0.38229424079139001647   0.00637287438125999986 )	-0.70999442097656 3.2781359571298907e-9 1.1560411293370378e-8
3316	(   0.70999443147048002523   0.50405147071802003378  -0.38229424326666999745   0.0063730646322900002  )	-0.70999443147048 3.5043292156977657e-9 6.048262788466098e-9
3317	(   0.70999446102569996331   0.50405147968343000375  -0.38229418326666997352   0.00637408570928999982 )	-0.7099944610257 1.3649384955627397e-8 2.6035114797187968e-8
3318	(   0.7099944514704800147    0.5040514878691799705   -0.38229423948746998896   0.00637403657529000012 )	-0.70999445147048 -6.700504401324636e-9 4.907424703427387e-9
3319	(   0.70999451147047998312   0.50405153932266000272  -0.382294228149870019     0.00637695240428999988 )	-0.70999451147048 -3.731501557746597e-8 1.4735789218958185e-9
3320	(   0.70999442649413002648   0.50405143786918005233  -0.38229422181963002014   0.00637745011329000043 )	-0.70999442649413 -5.42073530507281e-9 -2.408639899401636e-8
3321	(   0.70999447644683000291   0.5040515378691799997   -0.38229425715531001329   0.00637062303728999982 )	-0.70999447644683 -7.980276717223234e-9 3.387794502774429e-8
3322	(   0.70999448582346003089   0.50405151398887004799  -0.38229421360839999089   0.00637903657528999992 )	-0.70999448582346 -1.2745178468165363e-8 -3.619677954662089e-8
3323	(   0.7099944171174999985    0.50405146174949000404  -0.38229426536653998703   0.00636903657529000033 )	-0.7099944171175 -6.558366349995737e-10 4.596163117392499e-8
3324	(   0.70999442688501002152   0.50405150542221999199  -0.38229428948747001815   0.00637739669128999966 )	-0.70999442688501 9.803133055319435e-9 -9.040300427567651e-8
3325	(   0.70999447605595000788   0.50405147031613994901  -0.38229418948747001528   0.00637067645928999973 )	-0.70999447605595 -2.320414943524085e-8 1.0019527403370081e-7
3326	(   0.70999440147047998551   0.50405152356716997897  -0.38229420411832998328   0.00637377639229000023 )	-0.70999440147048 1.3165413420557215e-7 -9.84732437421182e-8
3327	(   0.70999450147048004389   0.50405145217118996204  -0.38229427485660999464   0.00637429675829000002 )	-0.70999450147048 -1.4505515616436426e-7 1.0828796275459332e-7
3328	(   0.70999445532173999229   0.50405150786917995998  -0.38229423605626999816   0.00637438311928999971 )	-0.70999445532174 1.0098782088352465e-8 -1.4041717184994345e-8
3329	(   0.70999444409790002375   0.50405148242612995979  -0.3822942196850500074    0.00637603657529000039 )	-0.7099944440979 1.4146525673108812e-8 -2.561865326857469e-8
3330	(   0.7099944476192200371    0.50405146786917998103  -0.38229424291866997976   0.00637369003128999967 )	-0.70999444761922 -2.349979094651289e-8 2.3856326406373443e-8
3331	(   0.70999443147048002523   0.50405149276693994587  -0.38229422741143997966   0.00637223693728999983 )	-0.70999443147048 3.7675975200768264e-8 -5.451434740986116e-9
3332	(   0.70999445884306000565   0.50405149331222998121  -0.38229425928989002603   0.00637203657528999986 )	-0.70999445884306 -2.754753558598111e-8 3.542550278645663e-8
3333	(   0.70999443147048002523   0.50405149276693994587  -0.38229425730605998135   0.00637519686629000031 )	-0.70999443147048 1.4818893001589117e-8 -4.318293373178786e-8
3334	(   0.70999447147048000417   0.50405148297141999514  -0.38229425156349999826   0.00637583621329000042 )	-0.70999447147048 -5.1076986029574556e-8 1.525980753113972e-8
3335	(   0.70999447147048000417   0.50405148297141999514  -0.38229422166887999657   0.00637287628428999994 )	-0.70999447147048 -2.8219904163462317e-8 5.299509136539248e-8
3336	(   0.70999445216237999645   0.5040514893004199859   -0.38229422948746999422   0.00637410456629000036 )	-0.70999445216238 1.330276278022069e-9 3.5919161350028207e-9
3337	(   0.70999445423808005273   0.50405149359414003207  -0.38229419948747001001   0.00637430853929000021 )	-0.70999445423808 2.5422617039305706e-8 -3.5466493254082167e-10
3338	(   0.70999444939830003154   0.50405149643576996343  -0.38229424948746998369   0.00637405397829000041 )	-0.7099944493983 -2.6460905133696144e-9 -6.823492908317229e-9
3339	(   0.7099944545682700392    0.50405148308972003157  -0.38229423404501999828   0.00637510456628999963 )	-0.70999445456827 -1.2003444432862054e-8 4.697440588634708e-10
3340	(   0.70999445492645996136   0.50405148216507000836  -0.38229420948747000475   0.00637415515429000032 )	-0.70999445492646 5.306642236746484e-9 1.4007320060041583e-8
3341	(   0.70999444975648995371   0.50405149551112005124  -0.38229422492991999016   0.00637310456629000023 )	-0.70999444975649 1.466399712768407e-8 6.71208798911911e-9
3342	(   0.7099944621623800467    0.50405149096420998056  -0.38229423415099000882   0.00637383667529000005 )	-0.70999446216238 -1.5694371247043648e-8 1.954307402090113e-8
3343	(   0.7099944421623799462    0.50405148763662999123  -0.38229422482394997962   0.00637437245728999981 )	-0.70999444216238 1.8354923386754152e-8 -1.2359385171035889e-8
3344	(   0.70999445303159003373   0.50405150930041997537  -0.382294223198159977     0.0063744658492899996  )	-0.70999445303159 2.4824524297306638e-8 -1.977965704367938e-8
3345	(   0.70999445129316995917   0.50405146930041999642  -0.38229423577678001145   0.00637374328329000026 )	-0.70999445129317 -2.216397179677365e-8 2.6963228262887615e-8
3346	(   0.70999445167341002083   0.50405149930042003614  -0.38229423909369997236   0.00637429850437000022 )	-0.70999445167341 4.724921398580051e-9 -9.574816655116456e-9
3347	(   0.70999445255009996369   0.50405149281465000399  -0.38229422187037997993   0.00637460456629       )	-0.7099944525501 1.00821056225886e-8 -5.7461104057757715e-9
3348	(   0.70999445716237996606   0.50405148861252002668  -0.38229423097850001589   0.00637413466838999965 )	-0.70999445716238 -8.059029860119082e-9 1.0996011843159904e-8
3349	(   0.70999444716238002684   0.50405148998831994511  -0.38229422799643997255   0.00637407446419000021 )	-0.70999444716238 1.0719582388407645e-8 -3.812181385411746e-9
3350	(   0.70999445105909997356   0.50405147930042004667  -0.38229423613897001166   0.00637454215836999981 )	-0.7099944510591 -1.2086919520815087e-8 6.44656386782007e-9
3351	(   0.70999445326566001935   0.50405149930042003614  -0.38229422283596997678   0.00637366697421000005 )	-0.70999445326566 1.4747472132370376e-8 7.368853175218626e-10
3352	(   0.70999445177466002921   0.5040514857861899678   -0.38229423710456000851   0.00637360456628999986 )	-0.70999445177466 -7.421553149811189e-9 1.292944267580374e-8
3353	(   0.70999445265134997207   0.50405147930042004667  -0.38229421988124001608   0.00637391062820999964 )	-0.70999445265135 -2.0643688980470642e-9 1.6758573590160847e-8
3354	(   0.70999445214888001754   0.50405148714139003108  -0.38229422865404000254   0.00637430456629000004 )	-0.70999445214888 -1.711069896881412e-10 3.1820943754124983e-9
3355	(   0.70999445210837996978   0.50405148066429994458  -0.38229422615375002747   0.00637490456628999995 )	-0.70999445210838 -4.675256987107801e-9 1.9521494296897567e-9
3356	(   0.70999445260732996221   0.50405148524430998247  -0.38229422819218000784   0.00637480456628999968 )	-0.70999445260733 -2.408357291372454e-9 -6.443862168306006e-10
3357	(   0.70999445398268001828   0.50405147955306994767  -0.38229422680660002376   0.00637630456629000031 )	-0.70999445398268 -9.120108224180967e-9 -1.212682810461087e-8
3358	(   0.70999445068782995882   0.50405147995778998293  -0.38229421819218001311   0.00637499824829000031 )	-0.70999445068783 2.8538217622386952e-9 -5.529423278096053e-10
3359	(   0.7099944545268299656    0.50405149053082998201  -0.38229423819218000258   0.0063746108842899999  )	-0.70999445452683 -7.670536456005905e-9 -7.359052423225342e-10
3360	(   0.70999445643660996641   0.50405149579060004594  -0.38229422579505001334   0.00637580456628999981 )	-0.70999445643661 4.179821044836274e-9 -1.8503750324025848e-8
3361	(   0.70999444877804995802   0.50405147469802003002  -0.38229423058931000234   0.00637380456629000041 )	-0.70999444877805 -8.996535433292152e-9 1.7212977668307704e-8
3362	(   0.70999445323703003208   0.50405150524430997194  -0.38229422364625997854   0.00637407182829000021 )	-0.70999445323703 2.011512018063044e-8 -1.0408632940983207e-8
3363	(   0.70999445197763000337   0.504051465244309993    -0.38229423273809998163   0.00637553730429000001 )	-0.70999445197763 -2.49318348188865e-8 9.118786808378395e-9
3364	(   0.7099944476073299926    0.50405149800236004332  -0.38229423132217998926   0.00637530907829000036 )	-0.70999444760733 1.5517912704821057e-8 -2.6934966133935925e-8
3365	(   0.70999445760733004285   0.50405147248626003265  -0.38229422506218002642   0.00637430005428999986 )	-0.70999445760733 -2.0334627370832692e-8 2.5645684635540184e-8
3366	(   0.70999445460733001667   0.50405148995550996815  -0.38229422874051000036   0.00637496126989000027 )	-0.70999445460733 -1.140956801259918e-9 -4.513542599736506e-9
3367	(   0.709994460607329958     0.50405150408911003623  -0.38229423038549997793   0.00637543138069000034 )	-0.70999446060733 2.6612446413221136e-9 -1.6121306531661128e-8
3368	(   0.70999445635286995149   0.50405148980769998168  -0.38229421874051000563   0.00637521467489000036 )	-0.70999445635287 3.717378793677284e-9 -5.118043550111136e-9
3369	(   0.70999445320371001866   0.50405149053882003507  -0.38229422522428002651   0.00637396126989000014 )	-0.70999445320371 4.253483426586158e-9 5.658945096801728e-9
3370	(   0.70999445286178997083   0.50405149010331995463  -0.3822942387405099951    0.00637470786489000019 )	-0.70999445286179 -5.999292562730574e-9 -3.909170188569962e-9
3371	(   0.70999445960732998628   0.50405148953210998641  -0.38229423129280998284   0.00637459018388999987 )	-0.70999445960733 -1.1077197825670737e-8 7.740981953985521e-9
3372	(   0.70999445601095001468   0.50405148937220001226  -0.38229423225673997422   0.00637596126989000041 )	-0.70999445601095 -6.535397056861569e-9 -1.4688030296266749e-8
3373	(   0.70999444960733004706   0.5040514903789099499   -0.38229422618821001789   0.00637533235588999981 )	-0.70999444960733 8.795283945595145e-9 -1.6768342452054845e-8
3374	(   0.70999445447431996925   0.50405146995550997868  -0.38229422867260998142   0.00637494195989000024 )	-0.70999445447432 -2.0887893303900285e-8 1.5543785214820272e-8
3375	(   0.70999445474033995307   0.50405150995550995763  -0.3822942288084100193    0.00637498057989000031 )	-0.70999445474034 1.8605979729136024e-8 -2.4570871271063722e-8
3376	(   0.70999445510436998141   0.50405149155269002303  -0.38229422962769998851   0.00637446126988999977 )	-0.70999445510437 -9.737738948523145e-10 9.697799295646948e-10
3377	(   0.70999445659548998666   0.50405149634422996563  -0.38229423228927000844   0.00637296126989000001 )	-0.70999445659549 -4.722252033850793e-10 1.741674762846193e-8
3378	(   0.70999445883385003953   0.50405149678501004473  -0.38229423962769998324   0.00637486260289000031 )	-0.70999445883385 -9.02734317853593e-9 -4.0834441521637186e-9
3379	(   0.70999445137489003432   0.50405148632037000134  -0.38229421962769999377   0.0063740599368900001  )	-0.70999445137489 7.079795055764393e-9 6.022681985948079e-9
3380	(   0.70999446010436995103   0.50405149856750997017  -0.38229422511816002483   0.0063734977308900001  )	-0.70999446010437 1.9276064078255217e-9 1.3338060171268304e-8
3381	(   0.7099944501043700118    0.50405148453786996487  -0.38229423413724000769   0.00637542480889000032 )	-0.70999445010437 -3.875154364063604e-9 -1.1400357015941935e-8
3382	(   0.70999445688911000385   0.50405150459004000041  -0.38229422124652001624   0.00637546126988999991 )	-0.70999445688911 1.5772709388572892e-8 -2.2283181604299202e-8
3383	(   0.70999445254393001026   0.50405151155269001251  -0.38229423193699002548   0.00637418573789000006 )	-0.70999445254393 2.1132662564316007e-8 -1.915335629425793e-8
3384	(   0.70999445331962995898   0.50405147851534004566  -0.38229423800888001628   0.00637346126988999964 )	-0.70999445331963 -1.7720257233788672e-8 2.4220741352400728e-8
3385	(   0.70999445766480995257   0.50405147155269003356  -0.38229422731841000704   0.00637473680189000035 )	-0.70999445766481 -2.308021027075391e-8 2.1092764206586366e-8
3386	(   0.70999445710437003587   0.50405149172076002539  -0.382294228805809988     0.00637468697100000009 )	-0.70999445710437 -3.2018490359053686e-9 7.641908261518584e-10
3387	(   0.7099944631043699772    0.50405149222497003247  -0.3822942263401399865    0.00637536407433000017 )	-0.70999446310437 -9.886074597842409e-9 1.4681233506864564e-10
3388	(   0.70999445806191996411   0.50405150172075996462  -0.38229422429462001087   0.00637433562499999974 )	-0.70999445806192 8.799274503479282e-9 -3.3967806757319785e-9
3389	(   0.70999445827726004321   0.50405149229222001583  -0.38229422328008999532   0.00637568697100000022 )	-0.70999445827726 -1.7922124895264346e-10 -1.0892152249945537e-8
3390	(   0.70999445768044999738   0.50405149773697999205  -0.38229423880580998274   0.00637517813500000034 )	-0.70999445768045 -5.702705863086521e-9 -1.0696276683893767e-8
3391	(   0.70999445652828996334   0.50405148570453994772  -0.38229421880580999327   0.00637419580699999985 )	-0.70999445652829 -7.009923752576697e-10 1.2224175852054784e-8
3392	(   0.70999445593148002853   0.50405149114930003496  -0.38229423433152998069   0.00637368697099999996 )	-0.70999445593148 -6.224476961635972e-9 1.2418534013279548e-8
3393	(   0.70999445210436995524   0.50405149380993996555  -0.38229422786333999706   0.00637485753199999988 )	-0.70999445210437 7.169314586441544e-9 -1.0599508806193112e-8
3394	(   0.70999445614681999661   0.50405148172075997515  -0.38229423331700002064   0.00637503831699999957 )	-0.70999445614682 -1.520297268631232e-8 4.924915551051269e-9
3395	(   0.70999446210437000548   0.50405148963157997422  -0.38229422974827997894   0.00637451641000000031 )	-0.70999446210437 -1.3573012741519008e-8 1.212783238741552e-8
3396	(   0.70999445867088994966   0.50405149672075999501  -0.38229422695546999567   0.00637442177275000018 )	-0.70999445867089 8.438884313566319e-10 1.3696731492041092e-9
3397	(   0.70999446337045002409   0.50405151172076001487  -0.38229422140445001865   0.00637362617799999958 )	-0.70999446337045 1.2981100389053424e-8 3.1852763790639533e-9
3398	(   0.70999445991099996434   0.50405149465548004795  -0.38229421695547000093   0.00637493549474999963 )	-0.709994459911 4.549103788109576e-9 -1.3537297149752926e-9
3399	(   0.70999446367089003029   0.5040514989255100442   -0.38229422855755001986   0.00637433947075000031 )	-0.70999446367089 -5.737675612405013e-9 7.3141163911097135e-9
3400	(   0.709994457430780046     0.50405149878604005309  -0.3822942369554699904    0.00637390805074999987 )	-0.70999445743078 -2.86132725846322e-9 4.092548303827499e-9
3401	(   0.70999445367088998005   0.50405149451600994581  -0.38229422535339002698   0.00637450407475000005 )	-0.70999445367089 7.425452058784643e-9 -4.574783417898561e-9
3402	(   0.70999445957202000912   0.50405148672075994476  -0.38229423138545998162   0.00637479506974999999 )	-0.70999445957202 -1.3905988527351809e-8 7.89002345225829e-9
3403	(   0.70999445776976000122   0.50405150672076004525  -0.38229422252548000971   0.00637404847575000037 )	-0.70999445776976 1.5593765168020468e-8 -5.150955744131613e-9
3404	(   0.70999445819748996378   0.50405150197420001135  -0.38229423077287999488   0.00637542177275000031 )	-0.70999445819749 3.894492422995555e-9 -1.7305833134570784e-8
3405	(   0.70999445914429004656   0.50405149146731997867  -0.38229422313805999645   0.00637342177275000005 )	-0.70999445914429 -2.206715837838047e-9 2.0043179655018046e-8
3406	(   0.70999446067089000412   0.50405150171473001031  -0.38229422902722998145   0.00637482665734000024 )	-0.70999446067089 1.229261775703705e-9 -5.946293170021029e-9
3407	(   0.70999446003407995498   0.50405149172076002539  -0.38229422488121000967   0.00637472376753000017 )	-0.70999446003408 -4.631676375765892e-9 4.455212415832479e-9
3408	(   0.70999445730770005536   0.50405150172075996462  -0.38229422902972998166   0.00637411977797000019 )	-0.7099944573077 6.3194530441901264e-9 -1.716048408096347e-9
3409	(   0.70999445698949004147   0.5040514958142300328   -0.38229422951392000307   0.00637492177274999981 )	-0.70999445698949 5.23938531449275e-10 -6.486037914748915e-9
3410	(   0.70999446035228996887   0.50405149762728995722  -0.38229422439701998826   0.00637392177274999968 )	-0.70999446035229 1.1638381369749595e-9 9.22488432418821e-9
3411	(   0.70999445925098003674   0.50405149459307996285  -0.38229423195547002079   0.00637424927153999992 )	-0.70999445925098 -5.983990525315619e-9 6.5202358978241e-9
3412	(   0.7099944580907999736    0.50405149884844002717  -0.38229422195547002605   0.00637459427395999957 )	-0.7099944580908 7.671767054961975e-9 -3.780948890698974e-9
3413	(   0.70999445667089000622   0.50405149172678997971  -0.38229422488371000988   0.00637401688816000012 )	-0.70999445667089 4.5851483720937836e-10 8.685311827411632e-9
3414	(   0.70999445888023005047   0.50405149677382998785  -0.38229422667989998441   0.00637462177274999986 )	-0.70999445888023 7.910758992313305e-10 -9.359448922062843e-10
3415	(   0.70999445950825001983   0.50405149693303996639  -0.38229422585319000616   0.00637522177274999977 )	-0.70999445950825 6.32639107767119e-10 -7.853279682583185e-9
3416	(   0.7099944608802299939    0.50405149668906001903  -0.38229422586868000433   0.00637461066336999973 )	-0.70999446088023 -1.697997298322207e-9 2.130438841915208e-9
3417	(   0.70999446688023004626   0.50405149643475000154  -0.38229422343502000858   0.0063745773352300002  )	-0.70999446688023 -9.165217529361058e-9 1.1329589229379779e-8
3418	(   0.7099944625897099959    0.50405149868905996247  -0.38229423125487999036   0.00637482621898000004 )	-0.70999446258971 -6.401429969438155e-9 -1.9033105456013177e-10
3419	(   0.70999446484550998715   0.50405149547320005077  -0.38229422411750002553   0.00637511066337000023 )	-0.70999446484551 -7.571524657246087e-9 2.6020918678562447e-9
3420	(   0.70999445917074999191   0.50405149468905996457  -0.38229422048248001831   0.00637439510776000029 )	-0.70999445917075 3.005435150749136e-9 4.451116031976171e-9
3421	(   0.70999445691495000066   0.50405149790491998729  -0.38229422761985998314   0.0063741106633700001  )	-0.70999445691495 4.175530005090522e-9 1.6582859269849187e-9
3422	(   0.70999446588022996352   0.50405149752695999066  -0.38229421725875001314   0.00637426609411000013 )	-0.70999446588023 -1.8384263833493009e-9 1.2785354532653418e-8
3423	(   0.70999445588023002429   0.5040514958511600474   -0.38229423447860999552   0.00637495523263000019 )	-0.70999445588023 -1.5575684630952935e-9 -8.524714193763525e-9
3424	(   0.70999445770642999332   0.50405149766224000007  -0.3822942158686800096    0.00637492271062000022 )	-0.70999445770643 1.1720729997666268e-8 -7.327958820672333e-9
3425	(   0.70999446405402999449   0.50405149571588003798  -0.38229423586867999907   0.0063742986161200001  )	-0.70999446405403 -1.511672473308856e-8 1.1588641757513218e-8
3426	(   0.70999446138309996179   0.50405149768905999075  -0.38229422663554002426   0.00637458549470999985 )	-0.7099944613831 -2.0448080451096473e-9 2.1653888568568067e-9
3427	(   0.70999446289170997648   0.50405150068906001692  -0.38229422893611997303   0.00637450998873000021 )	-0.70999446289171 -3.0852402022052416e-9 2.2702313001504368e-9
3428	(   0.70999446741754002055   0.50405150968905998443  -0.38229423583785998586   0.00637428347079000042 )	-0.70999446741754 -6.206537089825659e-9 2.5846903272256955e-9
3429	(   0.70999448099503004173   0.50405153668905999798  -0.38229425654308002436   0.00637360391697000019 )	-0.70999448099503 -1.557042864086533e-8 3.52745168393908e-9
3430	(   0.70999447250795999498   0.50405151968906003468  -0.38229422942730001411   0.00637409496278999992 )	-0.70999447250796 9.967809633248947e-10 2.2162016363779305e-9
3431	(   0.70999448777922002929   0.50405154968905996338  -0.38229421019561998785   0.00637352943879000017 )	-0.70999448777922 2.2606733651731048e-8 1.1103099177711012e-9
3432	(   0.70999448170501999744   0.50405152195405000803  -0.38229420172325001559   0.00637609496279000019 )	-0.70999448170502 1.0535469607830805e-8 -1.2489444552282974e-8
3433	(   0.70999446331089999251   0.5040515174240699503   -0.38229425713135001264   0.00637209496278999966 )	-0.7099944633109 -8.541909707338036e-9 1.6913848158103828e-8
3434	(   0.70999445195414001564   0.50405153968906002415  -0.38229429134102999033   0.00637436274378999981 )	-0.70999445195414 4.741310816180899e-9 -5.0383789787908286e-8
3435	(   0.70999449306177997432   0.50405149968906004521  -0.38229416751356998239   0.00637382718179000003 )	-0.70999449306178 -2.747758270915668e-9 5.481605053551231e-8
3436	(   0.70999452250796002417   0.50405153200272001524  -0.38229420342378001019   0.00637344354878999989 )	-0.70999452250796 -4.242139642340881e-8 6.920591647165418e-8
3437	(   0.70999442250795996578   0.50405150737540005412  -0.38229425543082001804   0.00637474637678999995 )	-0.70999442250796 4.441494638740551e-8 -6.477435688330072e-8
3438	(   0.70999450161552002392   0.50405151151339999682  -0.38229432942730001699   0.00637452746978999993 )	-0.70999450161552 -1.276564144392367e-7 4.621040761176344e-8
3439	(   0.70999444340039996604   0.50405152786471996151  -0.38229412942730001124   0.00637366245578999992 )	-0.7099944434004 1.2964995260711376e-7 -4.1778376576242105e-8
3440	(   0.70999447562785999999   0.5040515296890599739   -0.38229421300910998438   0.00637380224778999992 )	-0.70999447562786 1.8831787934603383e-8 3.7792595051697186e-10
3441	(   0.70999446938806998197   0.50405150968905998443  -0.38229424584548998833   0.00637438767778999993 )	-0.70999446938807 -1.6838241773120544e-8 4.0543202799723285e-9
3442	(   0.70999446300661994691   0.50405152284280996255  -0.38229427942729998779   0.00637379741478999971 )	-0.70999446300662 -1.9710241938586393e-8 -1.0636236089395115e-8
3443	(   0.70999448200930004305   0.50405151653530999578  -0.38229417942729998492   0.00637439251079000013 )	-0.7099944820093 2.1703798397387786e-8 1.5068462625595898e-8
3444	(   0.70999448316641999845   0.50405151615123000575  -0.38229423278727997504   0.00637309496278999979 )	-0.70999448316642 -2.1228589358601724e-8 3.3636117149932903e-8
3445	(   0.7099944618494999915    0.50405152322688995259  -0.38229422606731999768   0.00637509496279000006 )	-0.7099944618495 2.3222150646873274e-8 -2.9205713433093394e-8
3446	(   0.70999449250795998445   0.50405152148504994702  -0.38229425790116000616   0.00637460261578999977 )	-0.70999449250796 -4.922354457370659e-8 2.2348076458194102e-8
3447	(   0.70999445250796000551   0.50405151789307001131  -0.38229420095344002206   0.00637358730979000008 )	-0.70999445250796 5.121710300315385e-8 -1.7916187609377343e-8
3448	(   0.70999447170458995782   0.50405152025247002001  -0.38229422557644998637   0.00637459496279000042 )	-0.70999447170459 5.719424045480537e-9 -5.862329896058637e-9
3449	(   0.70999447331133003214   0.50405151912565004935  -0.38229423327814998634   0.00637359496279000029 )	-0.70999447331133 -3.725862091075172e-9 1.0294233168802944e-8
3450	(   0.70999448250796004523   0.50405152174251999231  -0.38229421539218000348   0.00637404443362999968 )	-0.70999448250796 -1.3414333255301614e-9 1.5006784051516445e-8
3451	(   0.70999446250795994473   0.50405151763559996603  -0.38229424346242002475   0.00637414549195000017 )	-0.70999446250796 3.3349942807348043e-9 -1.0574385552082621e-8
3452	(   0.70999447668041004711   0.50405152333003999665  -0.38229424942730000359   0.00637416696667999962 )	-0.70999447668041 -1.6963906640521387e-8 3.582130182328534e-9
3453	(   0.70999446833551005387   0.50405151604807996168  -0.38229420942730002464   0.00637402295890000022 )	-0.70999446833551 1.8957467373681425e-8 8.502630543676159e-10
3454	(   0.70999447963748996138   0.50405151468905995404  -0.38229423733299999766   0.00637421799698999984 )	-0.70999447963749 -2.0829646590891926e-8 1.5771577096999293e-8
3455	(   0.70999446537843002858   0.50405152468906000429  -0.38229422152159997506   0.00637397192859000001 )	-0.70999446537843 2.282320804569693e-8 -1.1339203766004308e-8
3456	(   0.70999447750795996459   0.50405152076589998522  -0.38229422597062001632   0.00637418894561000027 )	-0.70999447750796 -2.8448237654465913e-9 7.041186757199389e-9
3457	(   0.70999447046286001672   0.50405152128032004732  -0.38229423942730000885   0.00637423384210999977 )	-0.70999447046286 -1.9650871485588084e-9 -4.049556970149256e-9
3458	(   0.70999447455305997323   0.50405151809780002203  -0.38229421942730001938   0.00637395608347000008 )	-0.70999447455306 3.9586488809195686e-9 8.481921667967602e-9
3459	(   0.70999446750796002537   0.50405151861221997311  -0.38229423288398001191   0.00637400097996999957 )	-0.70999446750796 4.838385386785049e-9 -2.608800927941888e-9
3460	(   0.70999447507838997495   0.50405151768905998022  -0.38229423584735000574   0.00637419977169999957 )	-0.70999447507839 -9.799116046371736e-9 6.530049020726802e-9
3461	(   0.70999447545311000773   0.50405152019110999184  -0.38229423678328999792   0.00637389496279000024 )	-0.70999447545311 -8.579355226245866e-9 8.445830124036342e-9
3462	(   0.70999446956280998222   0.50405151918700996649  -0.3822942220713099748    0.0063742949627899996  )	-0.70999446956281 1.0572916903095475e-8 -4.013506740263551e-9
3463	(   0.70999446993754000701   0.50405152168905997812  -0.38229422300725002248   0.00637399015388000027 )	-0.70999446993754 1.179266256867706e-8 -2.0976532848904347e-9
3464	(   0.70999447450796004944   0.50405152066079994544  -0.38229422984789002138   0.00637404575703000038 )	-0.70999447450796 -1.3776104423879332e-9 4.7117217088393e-9
3465	(   0.70999448050795999077   0.50405152357602001079  -0.38229423110965998767   0.00637389813975       )	-0.70999448050796 -8.500783854614724e-9 1.2198252094610697e-8
3466	(   0.70999447569009999093   0.5040515226607999999   -0.38229423396856998529   0.00637415842545000031 )	-0.7099944756901 -4.315957063960596e-9 2.9540272031820347e-9
3467	(   0.70999447923652003745   0.50405152866080005225  -0.38229424633060998806   0.00637449643071000011 )	-0.70999447923652 -1.3130998066657185e-8 -2.3192078667136178e-9
3468	(   0.70999447801852999529   0.5040515235205399458   -0.38229422396856999056   0.00637412021607999986 )	-0.70999447801853 6.684374997956155e-10 5.8877359283441904e-9
3469	(   0.70999448500382000837   0.50405152609976000555  -0.38229419396857000635   0.00637400558797000024 )	-0.70999448500382 1.5621620219619103e-8 1.4688844140260844e-8
3470	(   0.70999447948891003524   0.50405152667393005039  -0.38229422328658002606   0.00637462021608000036 )	-0.70999447948891 2.1196480681773266e-9 -1.5521010025926706e-9
3471	(   0.70999448390005004406   0.50405153613410003111  -0.38229422124061002153   0.00637612021608000012 )	-0.70999448390005 6.473279717811309e-9 -2.3874611462331135e-8
3472	(   0.70999448459101999198   0.50405153305260996799  -0.3822942243797399775    0.00637362021608000023 )	-0.70999448459102 -5.329042762625136e-11 1.2062399382223549e-8
3473	(   0.70999447621699995903   0.50405152258338004057  -0.38229424328658001553   0.0063745679090799999  )	-0.709994476217 -1.2314638614396856e-8 -1.4407553999395539e-9
3474	(   0.70999448276082000042   0.5040515307644799492   -0.38229420328657998107   0.00637467252307999995 )	-0.70999448276082 1.6553934001350967e-8 -1.6634520772886908e-9
3475	(   0.70999447438679996747   0.50405152029525002177  -0.3822942221934200191    0.00637562021607999962 )	-0.7099944743868 4.29258659173648e-9 -1.5168601387407674e-8
3476	(   0.70999449948891002471   0.50405152999238000966  -0.38229422757169001512   0.00637493995107999995 )	-0.70999449948891 -2.808377805307849e-8 1.945274794616311e-8
3477	(   0.70999448517714003337   0.5040515066739299499   -0.38229421985904998849   0.00637436447007999965 )	-0.70999448517714 -2.3861878639674927e-8 2.9785624714171236e-8
3478	(   0.70999445948891004576   0.5040515233554799801   -0.38229421900146998148   0.0063743004810799999  )	-0.70999445948891 3.2323072413076304e-8 -2.2557153524102808e-8
3479	(   0.7099944738006800371    0.50405154667393003987  -0.38229422671411000811   0.0063748759620800002  )	-0.70999447380068 2.8101174637251702e-8 -3.288995742036215e-8
3480	(   0.70999447925155001471   0.50405152694098998012  -0.38229423328658002079   0.00637459403273999987 )	-0.70999447925155 -4.900222588810621e-9 -1.8223925321480725e-9
3481	(   0.70999447972626994474   0.50405152640687000964  -0.38229421328657997581   0.00637464639941999998 )	-0.70999447972627 9.139518669654123e-9 -1.2818109551890723e-9
3482	(   0.70999448402149001325   0.50405153595690999069  -0.38229422366991999693   0.00637512021607999999 )	-0.70999448402149 4.255016561316438e-9 -1.0773737596855718e-8
3483	(   0.7099944749563299462    0.50405151739094999908  -0.38229422290323999967   0.00637412021607999986 )	-0.70999447495633 -1.5720397206209213e-11 7.669035591672375e-9
3484	(   0.70999448948890997446   0.50405153105139000047  -0.3822942229575400086    0.00637419103832000036 )	-0.70999448948891 -8.374076709838363e-9 1.374183490165503e-8
3485	(   0.70999446948890998499   0.50405152229646998929  -0.382294223615619988     0.00637504939384000036 )	-0.70999446948891 1.2613372624148411e-8 -1.684640518292193e-8
3486	(   0.70999448837664003165   0.50405151667393000015  -0.38229422403824997456   0.00637488150262000008 )	-0.70999448837664 -2.189577535949283e-8 1.773710440795709e-8
3487	(   0.70999447060118003883   0.50405153667392998962  -0.38229422253491002204   0.00637435892953999977 )	-0.70999447060118 2.6135071135025e-8 -2.0841442732409123e-8
3488	(   0.70999448417558996827   0.50405153167393002001  -0.38229421862522999787   0.00637462405972000039 )	-0.70999448417559 3.5961065791845215e-9 5.392926882651474e-11
3489	(   0.7099944982356299894    0.50405154667393003987  -0.38229420464118002432   0.00637463559063999961 )	-0.70999449823563 8.0254807521829e-9 4.8720204609420804e-9
3490	(   0.70999454041575005281   0.50405159167392998842  -0.38229416268902999265   0.00637467018339999986 )	-0.70999454041575 2.1313595777172623e-8 1.9326294995215278e-8
3491	(   0.70999451823562997888   0.50405156064956002648  -0.38229419374329998149   0.00637452763373000039 )	-0.70999451823563 8.797129691373584e-11 2.067253104632514e-8
3492	(   0.70999447823562999993   0.50405153269830005325  -0.38229421553906001163   0.00637474354754999969 )	-0.70999447823563 1.5962988264561773e-8 -1.0928512656682894e-8
3493	(   0.70999451442342997876   0.50405155440816995505  -0.38229422464118001379   0.00637483371527000024 )	-0.70999451442343 -2.40124790606977e-8 1.7598294806184364e-8
3494	(   0.70999448204783000005   0.50405153893969001366  -0.38229418464117997933   0.00637443746600999984 )	-0.70999448204783 4.006343848339533e-8 -7.854331724913661e-9
3495	(   0.70999451085850995291   0.50405152667393005039  -0.38229418685415000878   0.00637479008376999959 )	-0.70999451085851 -1.7464048512882968e-8 4.08266726647022e-8
3496	(   0.70999448561275002589   0.50405156667393002934  -0.38229422242820998434   0.00637448109750999962 )	-0.70999448561275 3.351500862946999e-8 -3.1082679034984963e-8
3497	(   0.70999451085850995291   0.50405152667393005039  -0.38229422023672998687   0.00637445309805999977 )	-0.70999451085851 -4.298798214619204e-8 4.512298543028813e-8
3498	(   0.70999448561275002589   0.50405156667393002934  -0.38229418904563000625   0.00637481808322000031 )	-0.70999448561275 5.903894242931251e-8 -3.537901067141464e-8
3499	(   0.70999449796333002904   0.50405154571489996229  -0.38229421464118001905   0.00637458891480000012 )	-0.70999449796333 -1.6764070687180777e-10 6.039468377750485e-9
3500	(   0.70999449714643003695   0.50405154283780995161  -0.38229424464118000326   0.00637444888727999991 )	-0.70999449714643 -2.4747005777925324e-8 9.541785540489111e-9
3501	(   0.70999450421507004361   0.50405155159698999956  -0.38229419464117997407   0.00637443086616999981 )	-0.70999450421507 1.1551857581615366e-8 1.1049745486406881e-8
3502	(   0.70999449171159001448   0.50405153983281003605  -0.38229423464118000853   0.00637474696343000042 )	-0.70999449171159 -1.1887139855781825e-8 1.029141310345471e-9
3503	(   0.70999448918231999883   0.50405155315828997775  -0.38229422822325997977   0.00637438891479999957 )	-0.70999448918232 1.017036341255384e-8 -1.1323063620923132e-8
3504	(   0.70999450796332996827   0.5040515551236199876   -0.38229423180943999938   0.00637466995052999967 )	-0.70999450796333 -1.9008339707804467e-8 9.797492894922605e-9
3505	(   0.7099944879633299788    0.50405153630618004801  -0.38229419747291998322   0.0063745078790699997  )	-0.70999448796333 1.867305754466031e-8 2.281430727000481e-9
3506	(   0.70999450674433994823   0.50405153827150994683  -0.38229420105910000283   0.0063747889147999998  )	-0.70999450674434 -1.0505645325897817e-8 2.3401920376432282e-8
3507	(   0.7099944902809299796    0.50405155571490001254  -0.38229420145184001001   0.00637478313154000043 )	-0.70999449028093 3.1534689276524475e-8 -1.734559657964375e-8
3508	(   0.70999450564572996747   0.50405153571490002307  -0.38229422783051997259   0.0063743946980599998  )	-0.70999450564573 -3.186997105109057e-8 2.9424457783830925e-8
3509	(   0.70999449895163002644   0.50405154856486000803  -0.3822942136327699969    0.00637448891479999984 )	-0.70999449895163 1.9587550192934344e-9 5.867791308807003e-9
3510	(   0.70999450191653001863   0.50405155711474003422  -0.38229421060753998596   0.00637418891479999989 )	-0.70999450191653 8.337942086766859e-9 5.352639990949585e-9
3511	(   0.70999449918488999334   0.50405155759942998905  -0.38229423363276998638   0.00637455967234999959 )	-0.70999449918489 -4.651197482719027e-9 -3.73764362439111e-9
3512	(   0.70999449988467000505   0.50405158470314004315  -0.3822942936327700103    0.00637477194499999969 )	-0.70999449988467 -2.44810600125156e-8 -3.255400817051148e-8
3513	(   0.70999450918489004358   0.5040515668898200019   -0.38229423695651998383   0.00637463507407000016 )	-0.70999450918489 -1.3024874317979496e-8 2.105453028651452e-10
3514	(   0.70999449840887995933   0.50405156723608002256  -0.38229423708039000918   0.00637405967234999996 )	-0.70999449840888 3.522983793580181e-9 -8.101909647384757e-9
3515	(   0.70999449996090002735   0.50405154796277995555  -0.38229423018515001909   0.00637505967235000009 )	-0.7099944999609 -1.2825378870040538e-8 6.261225096065078e-10
3516	(   0.70999448918489005411   0.5040515483090399762   -0.38229423030901998892   0.00637448427062999989 )	-0.70999448918489 3.722478714163202e-9 -7.685843478413043e-9
3517	(   0.70999449980591999854   0.50405155817639002436  -0.38229418363277001269   0.00637452973646000006 )	-0.70999449980592 3.321601427241916e-8 -3.0510925109659102e-9
3518	(   0.70999449856385998814   0.50405155702246995375  -0.38229428363277001557   0.00637458960823999998 )	-0.70999449856386 -4.251841431712755e-8 -4.4241964191292765e-9
3519	(   0.70999450459236002065   0.50405153759942999958  -0.3822942354300700174    0.00637429901404       )	-0.70999450459236 -3.420298261280763e-8 2.7264000344336256e-8
3520	(   0.70999449377741996603   0.50405157759942997853  -0.38229423183547001086   0.00637482033066000004 )	-0.70999449377742 2.4900587508591698e-8 -3.473942336762101e-8
3521	(   0.70999450418488996295   0.50405156306014997636  -0.38229423270104001542   0.00637446056407000011 )	-0.70999450418489 -6.039470312746431e-9 -8.348851791045611e-10
3522	(   0.70999451918488998281   0.50405157944231004929  -0.38229422990584999154   0.00637416323922999992 )	-0.70999451918489 -1.020428957998476e-8 7.873272731459525e-9
3523	(   0.70999456418489004239   0.50405162858879004606  -0.38229422152027997539   0.00637327126471000024 )	-0.70999456418489 -2.2698753321392928e-8 3.399668830294627e-8
3524	(   0.70999453417992997029   0.50405159440594005105  -0.38229421053675999298   0.00637516323923000006 )	-0.70999453417993 -3.1079266105127346e-9 1.4531088914264217e-9
3525	(   0.70999457916505004373   0.50405163929682994528  -0.38229415242948999731   0.00637816323922999959 )	-0.70999457916505 1.8181151778540183e-8 -1.7819379742078955e-8
3526	(   0.70999454447859999817   0.50405158488732004773  -0.3822941105367599901    0.00637434966923000005 )	-0.7099945444786 4.82578464411354e-8 3.596834901240778e-8
3527	(   0.70999452735936996461   0.50405160070989996068  -0.38229416644849001372   0.00637716323923000032 )	-0.70999452735937 4.72199860601652e-8 -4.0040624569537774e-8
3528	(   0.70999452388126005342   0.50405160392456005436  -0.38229431053675999586   0.00637597680923000006 )	-0.70999452388126 -5.4473720256797975e-8 -3.306345468878045e-8
3529	(   0.70999454100048997596   0.50405158810198003039  -0.38229425462503002775   0.00637316323922999979 )	-0.70999454100049 -5.3435843527793736e-8 4.293884257443331e-8
3530	(   0.70999448417993005211   0.50405159319814996088  -0.38229419784807000537   0.00637478005523000029 )	-0.70999448417993 8.099973894393209e-8 -6.345297762114737e-8
3531	(   0.70999458417992999948   0.50405159561373003019  -0.38229422322544998059   0.00637554642322999982 )	-0.70999458417993 -8.721560340596568e-8 6.635890696208852e-8
3532	(   0.70999453477165996862   0.50405169440593999841  -0.3822942047910499741    0.00637498972523000036 )	-0.70999453477166 1.0039031714259572e-7 -9.54943109227383e-8
3533	(   0.70999453358819997195   0.50405149440593999266  -0.38229421628247001186   0.00637533675322999975 )	-0.7099945335882 -1.0660617053015464e-7 9.840046849137417e-8
3534	(   0.70999453187913996732   0.50405159910891994546  -0.38229421306513999834   0.00637616323923000019 )	-0.70999453187914 3.141314347532287e-9 -1.926829418573097e-8
3535	(   0.70999453648071997325   0.50405158970296004561  -0.38229420800837998762   0.00637416323922999992 )	-0.70999453648072 -9.357167679580058e-9 2.217251196858503e-8
3536	(   0.70999451417992998081   0.50405159384249997867  -0.3822942162974700131    0.00637504343322999999 )	-0.70999451417993 2.2169594521281866e-8 -2.485568074695317e-8
3537	(   0.70999455417992995976   0.5040515949693800124   -0.38229420477604997286   0.00637528304523000012 )	-0.70999455417993 -2.8385449685197628e-8 2.7761870711028188e-8
3538	(   0.70999453178744997839   0.50405159929634002491  -0.3822941605367600193    0.0063751908452299999  )	-0.70999453178745 4.3629983681459095e-8 -7.186572802260168e-9
3539	(   0.70999453657240996218   0.50405158951553996616  -0.38229426053676002217   0.00637513563323000021 )	-0.70999453657241 -4.9845842092777204e-8 1.0092789171950347e-8
3540	(   0.70999453440427995332   0.50405164440593996922  -0.38229421522547002432   0.00637506572822999981 )	-0.70999453440428 4.2967860630627186e-8 -4.6985028949784015e-8
3541	(   0.70999453395557998725   0.50405154440594002185  -0.38229420584805001715   0.0063752607502300003  )	-0.70999453395558 -4.918371407369726e-8 4.989122782686825e-8
3542	(   0.70999454417993002053   0.50405159935692001039  -0.38229419091477001569   0.00637548616538999996 )	-0.70999454417993 1.7230318838379333e-9 6.584501501093328e-9
3543	(   0.70999457417992994923   0.50405161420985999943  -0.38229413204879997279   0.00637645494386999967 )	-0.70999457417993 1.6215900622285062e-8 2.1977428842607865e-8
3544	(   0.70999454144092999375   0.50405163493280003006  -0.38229424091476998937   0.00637593606038999988 )	-0.70999454144093 3.2116164172535377e-9 -3.861752979610625e-8
3545	(   0.70999454691893004732   0.50405156378103999071  -0.38229414091476998649   0.00637503627039000004 )	-0.70999454691893 2.3444232666314235e-10 5.178612798726798e-8
3546	(   0.70999452417993003106   0.50405160469318999183  -0.38229418206221998933   0.00637540651138999992 )	-0.70999452417993 4.4073392935217726e-8 -2.6135890179503237e-8
3547	(   0.70999456417993001001   0.50405159402065002894  -0.38229419976731998654   0.00637556581939       )	-0.70999456417993 -4.0627331054921e-8 3.930488138034576e-8
3548	(   0.70999454626902003263   0.5040516223450900446   -0.38229415277881001467   0.00637648616539000009 )	-0.70999454626902 5.0710230070638573e-8 -2.6189155806302948e-8
3549	(   0.70999454209084000844   0.50405157636874997618  -0.38229422905073001671   0.00637448616538999983 )	-0.70999454209084 -4.72641692728093e-8 3.9356158808484044e-8
3550	(   0.70999454872375999948   0.50405164935692003958  -0.38229417368347001771   0.00637473981838999979 )	-0.70999454872376 5.802635488771912e-8 -2.744721661048302e-8
3551	(   0.70999453963610004159   0.50405154935691998119  -0.38229420814607001367   0.00637623251239000013 )	-0.7099945396361 -5.4580291758421495e-8 4.0615105544976055e-8
3552	(   0.70999455210846995623   0.50405161723545999219  -0.38229419634338002165   0.00637498616539000033 )	-0.70999455210847 3.4607728627289447e-9 6.339637975817474e-9
3553	(   0.70999457589408998537   0.50405167087108004864  -0.38229421262920998403   0.00637348616538999969 )	-0.70999457589409 8.673993717733808e-9 5.602048288200646e-9
3554	(   0.70999464725094996176   0.50405183177793999594  -0.3822942614866999822    0.0063689861653900004  )	-0.70999464725095 2.4313638574691154e-8 3.3622859976829736e-9
3555	(   0.70999486132153000195   0.50405231449851994885  -0.3822944080591699767    0.00635548616538999991 )	-0.70999486132153 7.123241432815952e-8 -3.599939811574609e-9
3556	(   0.70999474725095002015   0.50405186756427000638  -0.38229415536105998408   0.00636655320439000021 )	-0.70999474725095 -9.98533744578367e-9 1.405599660836155e-7
3557	(   0.70999454725095001439   0.50405179599160998549  -0.38229436761233998032   0.00637141912638999972 )	-0.70999454725095 5.861254931405213e-8 -1.338472125916534e-7
3558	(   0.7099947140183000549    0.50405181111279995232  -0.38229432276989999684   0.00637398616539000019 )	-0.7099947140183 -1.4417868715588256e-7 5.512149109683772e-8
3559	(   0.70999467555624995452   0.50405184190736995742  -0.38229446148669998795   0.00636653531638999969 )	-0.70999467555625 -1.6128013752281234e-7 6.463891987357602e-8
3560	(   0.70999458048359997964   0.50405185244308003956  -0.38229420020350002307   0.00636398616538999973 )	-0.7099945804836 1.928059376321567e-7 -4.844691021967752e-8
3561	(   0.709994618945649969     0.50405182164851003446  -0.38229406148669997645   0.00637143701439000024 )	-0.70999461894565 2.0990733126668992e-7 -5.79263596455233e-8
3562	(   0.70999465567439001834   0.50405163177793999019  -0.38229425254727000816   0.00636825681139000042 )	-0.70999465567439 -1.815899523804898e-7 2.2461343981888994e-7
3563	(   0.7099946388275100162    0.50405203177794000169  -0.38229427042613001175   0.00636971551939000038 )	-0.70999463882751 2.302172288637383e-7 -2.1788993151599306e-7
3564	(   0.70999464810112000723   0.50405184512778999917  -0.38229436148669998508   0.00636915166638999958 )	-0.70999464810112 -4.0081066493558026e-8 -1.0888506240717228e-8
3565	(   0.70999463697702003273   0.50405178411231998936  -0.38229427647440999971   0.00636698616539000013 )	-0.70999463697702 -1.9274383006306905e-8 6.191098022079503e-8
3566	(   0.70999465752488000181   0.50405187944356000251  -0.3822942464989900202    0.0063709861653899998  )	-0.70999465752488 6.790165910097734e-8 -5.5194408003366065e-8
3567	(   0.70999464640078002731   0.50405181842808999271  -0.38229416148669997932   0.00636882066439000034 )	-0.70999464640078 8.870832352014801e-8 1.761302345493882e-8
3568	(   0.70999464088255004324   0.50405173177794004857  -0.38229427077698002746   0.0063700196683899998  )	-0.70999464088255 -7.315881703218174e-8 8.115342545335331e-8
3569	(   0.70999469725094999095   0.50405181327367998279  -0.3822942632058000112    0.0063687567643899998  )	-0.70999469725095 -7.11188908320004e-8 9.578806417103364e-8
3570	(   0.7099946536193499913    0.50405193177794005432  -0.38229425219641999245   0.00636795266239000013 )	-0.70999465361935 1.2178609376523042e-7 -7.443098971487733e-8
3571	(   0.70999459725095004359   0.50405185028220000909  -0.38229425976760000871   0.00636921556639000012 )	-0.70999459725095 1.1974615712895265e-7 -8.906359242928793e-8
3572	(   0.70999464706953996362   0.50405184016640003364  -0.38229431148670001139   0.00636923298238999992 )	-0.70999464706954 -5.252987850257185e-9 -8.427783349851164e-9
3573	(   0.70999464652530996922   0.50405186533178003572  -0.38229446148669998795   0.00636997343339000023 )	-0.70999464652531 -9.395289712887944e-8 -4.3798722305037454e-8
3574	(   0.70999462706953997415   0.50405178726482002816  -0.38229425496226998593   0.0063706629823900001  )	-0.70999462706954 1.5308908141165034e-8 -2.144040097277534e-9
3575	(   0.7099946670695399531    0.50405189306798003912  -0.38229436801112998134   0.00636780298238999974 )	-0.70999466706954 -2.5814891863040756e-8 -1.4715615736295715e-8
3576	(   0.70999464901705999775   0.50405176846313004546  -0.38229423487299002415   0.00636723298238999966 )	-0.70999464901706 -2.1323482785051695e-8 9.15138760975272e-8
3577	(   0.70999466209580996967   0.50405187991207001108  -0.38229421148670000852   0.00637034159739000017 )	-0.70999466209581 8.822764849258924e-8 -4.095959408071618e-8
3578	(   0.70999463204326995758   0.50405180042072994517  -0.38229441148670001427   0.00636812436738999968 )	-0.70999463204327 -9.873364517631877e-8 2.4101569770658936e-8
3579	(   0.70999464512202004052   0.50405191186967002182  -0.38229438810040999863   0.00637123298239000019 )	-0.70999464512202 1.0817495177395386e-8 -1.0837744268620914e-7
3580	(   0.70999466042878001115   0.50405174016639997525  -0.38229434924286997965   0.00637021860639000025 )	-0.70999466042878 -1.5432380182089922e-7 9.798588550865016e-8
3581	(   0.70999463371030002712   0.504051940166399981    -0.38229427373052998762   0.00636824735838999959 )	-0.7099946337103 1.43817822317871e-7 -1.1484339456258215e-7
3582	(   0.70999465706954001387   0.50405184234852995484  -0.38229429656861002584   0.00636927995339000002 )	-0.70999465706954 -6.787428480370394e-9 2.991639077029671e-9
3583	(   0.70999468706954005359   0.50405184889492005151  -0.38229425181434001368   0.00636942086639000031 )	-0.70999468706954 -1.1390755255691332e-8 3.7249880881570644e-8
3584	(   0.70999467706954000334   0.50405184619844001226  -0.38229425629144997423   0.00636959308838999996 )	-0.70999467706954 -2.3876085830654148e-9 2.3552528754191182e-8
3585	(   0.7099946370695400244    0.50405183849862000844  -0.38229433684577002195   0.00636896681839000008 )	-0.70999463706954 -1.1187253234901107e-8 -1.7569445930029116e-8
3586	(   0.70999465919116000467   0.50405184708907002644  -0.38229424697374997377   0.00636827995338999989 )	-0.70999465919116 3.266429571269214e-8 1.4001336686122914e-8
3587	(   0.70999465494792002307   0.50405183760798999426  -0.3822943461634700224    0.00637027995339000015 )	-0.70999465494792 -4.623915758616981e-8 -8.020058532069133e-9
3588	(   0.70999465537340000765   0.50405189234852998403  -0.38229429998440001004   0.00636934882738999977 )	-0.7099946553734 4.316593132935864e-8 -5.029422189197511e-8
3589	(   0.7099946587656800201    0.50405179234853003667  -0.38229429315281998614   0.00636921107939000027 )	-0.70999465876568 -5.6740788262343855e-8 5.627749055877755e-8
3590	(   0.7099946463521700224    0.50405184028548999375  -0.38229419656861002297   0.00636971514438999971 )	-0.70999464635217 8.381601532270189e-8 -1.5707767730408818e-8
3591	(   0.70999466778691000535   0.50405184441157002695  -0.38229439656860997321   0.00636884476239000033 )	-0.70999466778691 -9.73908926282796e-8 2.1690667213069724e-8
3592	(   0.7099946670695399531    0.50405184355955001685  -0.38229425551525997307   0.00636968006727000029 )	-0.70999466706954 1.0689740537195291e-8 1.0883477444198757e-8
3593	(   0.70999465651713000724   0.50405186234853005534  -0.38229429883644000521   0.00636929990450000021 )	-0.70999465651713 1.2314011782477152e-8 -1.8046926141140093e-8
3594	(   0.70999464706953996362   0.50405184113751000385  -0.38229433762196002311   0.00636887983950999974 )	-0.70999464706954 -2.4264601022894183e-8 -4.900519472374632e-9
3595	(   0.70999464706953996362   0.50405184113751000385  -0.38229427064880999731   0.0063696411183700001  )	-0.70999464706954 2.6942306552424355e-8 -1.4598086185283246e-8
3596	(   0.7099946576219500205    0.50405182234852996537  -0.38229429430077999097   0.00636926000227999983 )	-0.70999465762195 -2.5888868576684487e-8 2.403020338808136e-8
3597	(   0.70999465585417997904   0.50405184382346002181  -0.38229424656860999665   0.00636884008070000025 )	-0.70999465585418 3.4754889993715565e-8 5.394061963958578e-9
3598	(   0.7099946670695399531    0.50405184355955001685  -0.38229432248840999886   0.00636891878840999993 )	-0.70999466706954 -4.051716501196623e-8 2.0581103459049526e-8
3599	(   0.70999465828490004871   0.50405184087359999889  -0.38229434656860999953   0.00636971982607999979 )	-0.7099946582849 -4.8329751894948814e-8 5.888292141338148e-10
3600	(   0.70999465675604001014   0.50405184429970995019  -0.3822942977001799747    0.00636907995339000034 )	-0.70999465675604 -5.227335148072498e-9 3.14296449275593e-9
3601	(   0.70999465581553999893   0.50405185015325004727  -0.38229430109488998779   0.00636847995338999957 )	-0.70999465581554 -5.470547903563272e-10 3.5964602958674726e-9
3602	(   0.70999465299403996532   0.50405186771387000544  -0.38229431127902002707   0.00636667995338999985 )	-0.70999465299404 1.3493785505636069e-8 4.95262837131008e-9
3603	(   0.70999465933614003266   0.50405183723447999355  -0.38229425942790001836   0.0063694799533899997  )	-0.70999465933614 1.3068155696460693e-8 8.77648492962846e-9
3604	(   0.70999465229493996521   0.50405186307201998996  -0.38229434276188001274   0.0063674799533900003  )	-0.70999465229494 -1.4162268968664904e-8 -1.5855641158544717e-9
3605	(   0.70999464581553994869   0.50405185764209003985  -0.38229432524867001941   0.00636927327839000024 )	-0.70999464581554 3.5968518719009523e-9 -2.8197450818506428e-8
3606	(   0.70999466581554004918   0.5040518426644100547   -0.38229427694111001168   0.00636768662838999976 )	-0.70999466581554 -4.6909632012148705e-9 3.538911301419152e-8
3607	(   0.70999464722835003982   0.5040518565840600429   -0.38229425109489001411   0.00636798216538999977 )	-0.70999464722835 5.709939446263412e-8 -8.6880095078289e-9
3608	(   0.70999466440272995804   0.50405184372244005164  -0.38229435109489001698   0.00636897774139000023 )	-0.70999466440273 -5.819350945568402e-8 1.5880434735810844e-8
3609	(   0.70999465775193004724   0.50405190015324996544  -0.38229429641777001869   0.00636859220339000033 )	-0.70999465775193 5.0100659121365965e-8 -4.50836228000945e-8
3610	(   0.70999465387914995063   0.50405180015325001808  -0.3822943057720100124    0.00636836770338999967 )	-0.70999465387915 -5.119476886861207e-8 5.2276518302713545e-8
3611	(   0.70999466081553996855   0.50405185329061996669  -0.38229430139328002269   0.00636853658377000038 )	-0.70999466081554 -5.199216668305695e-9 6.8377348094733484e-9
3612	(   0.70999465081554002932   0.50405184701588001683  -0.3822943007965000084    0.00636842332300999962 )	-0.70999465081554 4.105106782281709e-9 3.551795902948982e-10
3613	(   0.70999465499198999296   0.50405185646219996531  -0.3822943037294699864    0.00636897995339000007 )	-0.70999465499199 4.992961211147673e-9 -1.0250651793301791e-8
3614	(   0.70999465574144005053   0.50405185264565000036  -0.38229428109488999832   0.00636852494181000019 )	-0.70999465574144 1.7349176401060262e-8 4.258215629131018e-10
3615	(   0.7099946566390900049    0.5040518438443000182   -0.38229429846030998918   0.00636797995338999993 )	-0.70999465663909 -6.08707090288263e-9 1.7443072496047484e-8
3616	(   0.70999465588963994733   0.50405184766084998316  -0.38229432109488997726   0.00636843496496999981 )	-0.70999465588964 -1.844328698097364e-8 6.767095202943427e-9
3617	(   0.70999465522092997105   0.50405187015325003674  -0.3822943029970800044    0.00636830617158       )	-0.70999465522093 1.8897767545267286e-8 -1.5034457767509912e-8
3618	(   0.70999465641015002682   0.50405183015324994678  -0.38229429919270002669   0.0063686537352        )	-0.70999465641015 -1.999187737578012e-8 2.2227318181050506e-8
3619	(   0.70999465723708998777   0.50405185813717001686  -0.38229430732158997674   0.00636867995339000011 )	-0.70999465723709 5.262235647229829e-10 -4.9163058010601385e-9
3620	(   0.70999466150173995427   0.50405188208893003665  -0.38229432600168999912   0.00636927995339000002 )	-0.70999466150174 3.746058380160733e-9 -3.0455084424887903e-8
3621	(   0.70999466223708995738   0.50405185796814000465  -0.38229430733830999101   0.00636868371640000007 )	-0.70999466223709 -7.216976571911005e-9 2.3047399038818805e-9
3622	(   0.70999467723708997724   0.50405185746104996802  -0.38229430738846997828   0.00636869500542999994 )	-0.70999467723709 -3.044657773121351e-8 2.3967877403897864e-8
3623	(   0.70999466052036996899   0.50405186143271996091  -0.38229429740136000593   0.00636818371639999957 )	-0.70999466052037 6.441438687998513e-9 2.7708696413922935e-9
3624	(   0.70999467223709000763   0.5040518624095600142   -0.38229429459963998328   0.0063687753444499999  )	-0.70999467223709 -8.15848752444559e-9 1.0896104730893322e-8
3625	(   0.70999466446673997755   0.50405187796813999412  -0.38229432024428000592   0.00636859088500999967 )	-0.70999466446674 -4.5658354874689167e-10 -1.334676189189356e-8
3626	(   0.70999465223709001815   0.5040518535267199951   -0.38229432007697999873   0.00636859208835000024 )	-0.70999465223709 -6.275466479799263e-9 -6.286641381460841e-9
3627	(   0.70999466395380994577   0.50405185450356004839  -0.38229431727525997609   0.0063691837163999997  )	-0.70999466395381 -2.0875391998353976e-8 1.8381101663870179e-9
3628	(   0.70999466000744004823   0.50405183796814001518  -0.3822942944323399761    0.0063687765477899996  )	-0.70999466000744 -1.3977370122431054e-8 1.795622468637716e-8
3629	(   0.7099946523269800025    0.50405187796813999412  -0.38229428794177999773   0.00636909632342000029 )	-0.70999465232698 4.2600222821542744e-8 -3.702320780319882e-8
3630	(   0.70999467214720002328   0.50405183796814001518  -0.38229432673483998428   0.00636827110937999985 )	-0.7099946721472 -5.703417718661008e-8 4.1632347454924746e-8
3631	(   0.70999466486739004623   0.50405186307056004669  -0.38229430477470999206   0.00636888371639999975 )	-0.70999466486739 -4.132200193129876e-9 -1.6101955361167374e-9
3632	(   0.7099946727582899797    0.50405187837781995075  -0.38229429708390999521   0.00636948371639999966 )	-0.70999467275829 5.122128998724662e-9 -1.3355482189204957e-8
3633	(   0.70999466489109996914   0.50405185540027996893  -0.38229428994462999469   0.00636938371640000025 )	-0.7099946648911 -4.99426222599908e-10 -2.753813284854913e-10
3634	(   0.70999466496222995993   0.50405183238943995772  -0.3822942454543900026    0.00637088371640000001 )	-0.70999466496223 1.0398892968943585e-8 3.7260612944473395e-9
3635	(   0.70999466749649997599   0.50405183107220996597  -0.38229423994463002101   0.0063692498484        )	-0.7099946674965 9.461843059055397e-9 2.9457624222325725e-8
3636	(   0.70999466263513999476   0.50405187646541005364  -0.38229428344972998799   0.00636838371640000012 )	-0.70999466263514 2.8943267227354852e-8 -1.1806183160976622e-8
3637	(   0.70999466714706005455   0.50405183433514999525  -0.3822942964395300014    0.00637038371640000038 )	-0.70999466714706 -2.9942119755821395e-8 1.1253420392984552e-8
3638	(   0.70999466228569996229   0.5040518797283499719   -0.38229433994463002389   0.00636951758439999963 )	-0.7099946622857 -1.0460700472503248e-8 -3.0008422831589825e-8
3639	(   0.70999467314579001176   0.50405190540027999813  -0.38229427452838998791   0.00636965884740000026 )	-0.70999467314579 4.880427434406087e-8 -4.205871505302621e-8
3640	(   0.70999465663641003754   0.50405180540028005076  -0.38229430536087000148   0.00636910858540000024 )	-0.70999465663641 -4.980312759417238e-8 4.150780111294186e-8
3641	(   0.70999467489110001939   0.50405183007175002885  -0.38229431873464997382   0.00636886990640000029 )	-0.7099946748911 -6.296325050225704e-8 4.579808418880691e-8
3642	(   0.70999465489110002991   0.50405188072881002004  -0.38229426115461001556   0.00636989752640000021 )	-0.7099946548911 6.19643959198779e-8 -4.63493746251633e-8
3643	(   0.70999466989110004977   0.50405185941286001494  -0.38229428915898999719   0.00636941325752999991 )	-0.7099946698911 -3.447541307988189e-9 2.4356669096978895e-9
3644	(   0.70999468489109995861   0.50405187145060004195  -0.38229428680207000468   0.00636950188091999978 )	-0.7099946848911 -1.229188695273109e-8 1.056880126312418e-8
3645	(   0.70999466991094994928   0.50405185929481999274  -0.3822942891392899778    0.00636991325753000041 )	-0.70999466991095 -3.5805375331321443e-9 -3.787769650415282e-9
3646	(   0.70999466987125003925   0.50405185953090003714  -0.38229428917869001658   0.00636891325753000028 )	-0.70999466987125 -3.3145449995775067e-9 8.65860335878398e-9
3647	(   0.70999465989109999953   0.50405186294241999256  -0.38229429908357998036   0.00636941457784999995 )	-0.7099946598911 7.616563213463934e-9 -1.5310605769348082e-8
3648	(   0.709994679891099989     0.50405185588330003732  -0.38229427923440001402   0.00636941193720999988 )	-0.7099946798911 -1.4511646273529522e-8 2.018193958526086e-8
3649	(   0.7099946653131400387    0.50405188663291000672  -0.38229426915899000772   0.0063694138619699997  )	-0.70999466531314 4.598742472938788e-8 -3.1292737286892005e-8
3650	(   0.70999467266778004682   0.50405190941286004414  -0.3822942975047600167    0.0063694143678099998  )	-0.70999467266778 3.597226802543041e-8 -4.3635620743368746e-8
3651	(   0.70999467446905994983   0.50405183219281002316  -0.38229430915898998666   0.00636941265309000013 )	-0.70999467446906 -5.28825080947648e-8 3.61640709945472e-8
3652	(   0.70999466711442005273   0.50405180941285998575  -0.38229428081321997768   0.00636941214725000003 )	-0.70999466711442 -4.2867350918962543e-8 4.8506954671327044e-8
3653	(   0.70999467003934002562   0.50405186747204999698  -0.38229428787317998317   0.00636961325752999959 )	-0.70999467003934 5.370584366115594e-9 -7.960829201691954e-9
3654	(   0.70999467013841000007   0.50405187285768005001  -0.38229429915898999193   0.0063693845032000004  )	-0.70999467013841 1.9773915560516997e-9 -1.0291679999260568e-8
3655	(   0.70999466489109996914   0.50405186198969997857  -0.38229428874787002579   0.00636940774647000007 )	-0.7099946648911 7.005022784056791e-9 -7.170915388689193e-9
3656	(   0.70999467489110001939   0.50405185683602005131  -0.3822942895701100241    0.00636941876858999976 )	-0.7099946748911 -1.3900105483299896e-8 1.2042249147349322e-8
3657	(   0.70999466964378998846   0.50405184596804997188  -0.38229427915899000245   0.00636944201186000029 )	-0.70999466964379 -8.872464291043158e-9 1.5163002061994893e-8
3658	(   0.7099946697428599629    0.50405185135367003291  -0.38229429044480001121   0.00636921325753000023 )	-0.70999466974286 -1.2265666898825245e-8 1.2832082910073611e-8
3659	(   0.70999467075975997155   0.50405187941286000441  -0.38229428162461998042   0.00636931225994000032 )	-0.70999467075976 2.099949719669425e-8 -1.5044264635440216e-8
3660	(   0.70999466902244001698   0.50405183941286002547  -0.38229429669336001396   0.00636951425512000038 )	-0.70999466902244 -2.7894579784915052e-8 1.9915577942781213e-8
3661	(   0.70999466987945003549   0.50405186186745998267  -0.38229429004011000748   0.00636951325753000019 )	-0.70999466987945 -1.6490176169003945e-9 -1.309368587715915e-9
3662	(   0.70999466984449999263   0.50405186923125999687  -0.38229429268346998283   0.00636981325753000014 )	-0.7099946698445 3.746553733918745e-9 -1.2544595301993051e-8
3663	(   0.70999467187944997892   0.50405186775661003917  -0.38229429526335001466   0.00636942239062000034 )	-0.70999467187945 -2.7780517608544386e-9 -3.2009923395522424e-9
3664	(   0.70999467787945003128   0.50405188542405998664  -0.38229431093306998068   0.00636914978988999993 )	-0.70999467787945 -6.165155136406142e-9 -8.875962010457337e-9
3665	(   0.70999467687944994854   0.5040518732117099665   -0.38229428740449999946   0.00636935349158999995 )	-0.70999467687945 1.124448645306586e-9 -6.784562235680343e-10
3666	(   0.7099946918794499684    0.50405188957700997054  -0.38229426382795000938   0.00636914679449999965 )	-0.70999469187945 1.283194847601088e-8 6.889095270482849e-9
3667	(   0.70999468687944999878   0.50405189871105005039  -0.38229427499953999581   0.00636942858258999958 )	-0.70999468687945 2.09857057287266e-8 -1.2934470486856975e-8
3668	(   0.70999466687945000931   0.50405184771236999364  -0.38229429980946000311   0.00636927840059000033 )	-0.70999466687945 -1.873680924302512e-8 1.1577546984456943e-8
3669	(   0.7099946794612900236    0.50405187816974994508  -0.38229433740449997314   0.00636905082759000023 )	-0.70999467946129 -3.605140080908953e-8 1.8851455580140195e-9
3670	(   0.70999467429760998449   0.50405186825366998793  -0.38229423740450002578   0.00636965615558999967 )	-0.70999467429761 3.8300292881654485e-8 -3.24224110511811e-9
3671	(   0.70999467764879997667   0.50405184258516000373  -0.38229430230375999189   0.00637035349159000008 )	-0.7099946776488 -4.20573760540055e-8 1.8300855538133296e-8
3672	(   0.70999467611010003143   0.5040519038382600403   -0.38229427250524000703   0.00636835349158999982 )	-0.7099946761101 4.4306272900529464e-8 -1.9659767985261373e-8
3673	(   0.70999467939147997697   0.50405177321171001914  -0.38229428218425998143   0.00636905901059000006 )	-0.70999467939148 -9.86831014959666e-8 1.0663982004875097e-7
3674	(   0.70999467436742003112   0.50405197321171002489  -0.38229429262474001749   0.00636964797258999984 )	-0.70999467436742 1.0093199867555747e-7 -1.0799690593400095e-7
3675	(   0.70999467724789000478   0.50405187450196997645  -0.38229428955132999102   0.00636885349159000032 )	-0.70999467724789 2.1608345668333584e-10 4.923568201085297e-9
3676	(   0.70999467651101000332   0.50405187192144995656  -0.3822942852576700079    0.00636985349158999958 )	-0.70999467651101 2.032813722907534e-9 -6.280980537197065e-9
3677	(   0.70999468187945002917   0.50405189072162004393  -0.38229429416782001461   0.00636941300334000014 )	-0.70999468187945 5.9018147313683045e-9 -1.184652573528954e-8
3678	(   0.70999467187944997892   0.5040518557018000001   -0.38229428064117998431   0.00636929397983999977 )	-0.70999467187945 -3.6529176350441617e-9 1.0489606204864166e-8
3679	(   0.70999467903985002959   0.50405186119161005109  -0.38229426740450000999   0.00636931263832000039 )	-0.70999467903985 1.128995813504119e-9 1.492980491666474e-8
3680	(   0.70999467471904997851   0.50405188523180999294  -0.38229430740449998893   0.00636939434486000038 )	-0.70999467471905 1.1199006444417847e-9 -1.6286720701788246e-8
3681	(   0.70999467804152005534   0.50405182321171004833  -0.38229429417576998862   0.00636936732300999973 )	-0.70999467804152 -5.581015924405186e-8 5.079547624279321e-8
3682	(   0.70999467571737995275   0.5040519232117099957   -0.3822942806332300103    0.00636933966017000017 )	-0.70999467571738 5.8059056395887154e-8 -5.215238907254423e-8
3683	(   0.70999467553663997421   0.50405186951503000437  -0.38229429399962999714   0.00636955349158999963 )	-0.70999467553664 -5.584091355981258e-9 -1.4363335063834843e-9
3684	(   0.70999467822226003388   0.50405187690839003967  -0.38229428080937000178   0.00636915349159000027 )	-0.70999467822226 7.832988507816552e-9 7.934105925559579e-11
3685	(   0.7099946748794500051    0.50405185991914003285  -0.38229428375409002516   0.00636924279144000013 )	-0.70999467487945 -6.35250493874473e-9 1.1184299532751433e-8
3686	(   0.709994678879450003     0.50405188650428001118  -0.38229429105490997376   0.00636946419173999977 )	-0.70999467887945 8.601402146091175e-9 -1.2541236488928132e-8
3687	(   0.70999467760013001971   0.5040518603227299721   -0.3822942974044999942    0.00636924615252000038 )	-0.70999467760013 -2.050028527489367e-8 1.4601231163674456e-8
3688	(   0.70999467799773996468   0.50405185321170997703  -0.38229428191208997267   0.00636946405333000017 )	-0.70999467799774 -1.6367282001938932e-8 1.950107780729945e-8
3689	(   0.70999467615876998838   0.50405188610068996091  -0.38229427740450000472   0.00636946083066000038 )	-0.70999467615877 2.2749182315706662e-8 -1.5958166654165672e-8
3690	(   0.70999467576116004341   0.50405189321170995598  -0.38229429289691002625   0.00636924292984999973 )	-0.70999467576116 1.86161790705075e-8 -2.08580145912032e-8
3691	(   0.70999467686914996545   0.50405187361857994865  -0.38229429240450002458   0.00636935590519000037 )	-0.70999467686915 -2.2760478501915316e-9 -1.1306982108011442e-9
3692	(   0.70999467787945003128   0.50405187714210997196  -0.38229428734791998101   0.00636937680705000012 )	-0.70999467787945 3.5858316316250693e-9 -3.4858761264010946e-9
3693	(   0.70999467587944997682   0.50405186928130996105  -0.38229428746108001791   0.00636933017612999978 )	-0.70999467587945 -1.3369344797897753e-9 2.128962703076495e-9
3694	(   0.70999467688975004265   0.50405187280483998435  -0.38229428240449997434   0.0063693510779900004  )	-0.70999467688975 4.524944946515674e-9 -2.2621413696779537e-10
3695	(   0.70999467730634002738   0.50405186829649994973  -0.38229428764716999467   0.00636925349158999968 )	-0.70999467730634 -4.621880211885809e-9 6.116793820484464e-9
3696	(   0.70999467645255998072   0.50405187812691998328  -0.38229428716183000425   0.00636945349159000022 )	-0.70999467645256 6.870777419232255e-9 -7.47372615659788e-9
3697	(   0.7099946771326900441    0.50405186321171002728  -0.38229428754845001803   0.00636941359377000017 )	-0.70999467713269 -9.368583103741557e-9 8.915514283386078e-9
3698	(   0.709994676626209964     0.50405188321171001675  -0.38229428726054998089   0.00636929338940999974 )	-0.70999467662621 1.1617480338843578e-8 -1.0272433955062666e-8
3699	(   0.70999467737944998991   0.50405187669198003864  -0.38229428613375998625   0.00636933143188000029 )	-0.70999467737945 4.8201733160446736e-9 -3.1677198708351343e-9
3700	(   0.70999467640851998684   0.5040518767302399894   -0.38229428540450000051   0.00636937426859999958 )	-0.70999467640852 6.884332520717962e-9 -5.130374447915708e-9
3701	(   0.70999467637945001819   0.5040518697314400054   -0.38229428867524001268   0.00636937555129999961 )	-0.70999467637945 -2.5712760254315015e-9 1.8108064504378804e-9
3702	(   0.7099946769318400408    0.50405187821171004714  -0.38229428910528001628   0.00636938301673000036 )	-0.70999467693184 4.744823423052935e-9 -5.980175902693392e-9
3703	(   0.70999467735038002125   0.50405186969318005463  -0.38229428940449999841   0.00636933271458000032 )	-0.70999467735038 -4.635435285615941e-9 3.773461137415897e-9
3704	(   0.70999467712910002692   0.50405187134647999603  -0.3822942867700300229    0.00636940349158999965 )	-0.7099946771291 -6.332129820485477e-10 9.04336326770826e-10
3705	(   0.70999467787805004004   0.50405186575078997357  -0.38229428486661998221   0.00636955349158999963 )	-0.70999467787805 -5.906197558802617e-9 5.652683866735138e-9
3706	(   0.70999467812909999864   0.50405187286337005403  -0.3822942854842399929    0.00636938526174000031 )	-0.7099946781291 3.545001237004186e-10 1.0396618252382097e-9
3707	(   0.70999468112910002482   0.50405187741404000601  -0.38229428162687001391   0.00636933057218999968 )	-0.7099946811291 3.31763910788041e-9 1.4456345547860872e-9
3708	(   0.70999469012909999233   0.50405189106604997296  -0.38229427005476002144   0.00636916650354000038 )	-0.7099946901291 1.22070555885756e-8 2.663516963070738e-9
3709	(   0.70999468131315002228   0.50405188434620995519  -0.38229430162687000339   0.00636932180173999975 )	-0.70999468131315 -5.3202973138155585e-9 -5.113462627169541e-9
3710	(   0.70999468094505002735   0.50405187048186994581  -0.38229426162687002444   0.00636933934263999961 )	-0.70999468094505 1.1955574530375657e-8 8.004731693929282e-9
3711	(   0.70999468081223005012   0.5040518654794999831   -0.38229428198456999466   0.00636883057219000005 )	-0.70999468081223 -8.41119901506815e-9 1.929930318530506e-8
3712	(   0.70999468144596999952   0.50405188934858002892  -0.38229428126916997766   0.00636983057219000018 )	-0.70999468144597 1.5046477119806667e-8 -1.6408533964715362e-8
3713	(   0.70999468612909999443   0.50405184949939996208  -0.38229428246350999343   0.00636936588925999993 )	-0.7099946861291 -3.279807309075622e-8 3.601032801673265e-8
3714	(   0.70999467612910005521   0.50405190532868004993  -0.38229428079022997888   0.00636929525512000029 )	-0.7099946761291 3.943335111222801e-8 -3.311906129073829e-8
3715	(   0.70999467820467998536   0.50405182741403997682  -0.3822942849281100175    0.00636946992673000003 )	-0.70999467820468 -4.4783917185764466e-8 4.55177795615939e-8
3716	(   0.70999468405351995326   0.5040519274140400352   -0.38229427832563001033   0.00636919121765000019 )	-0.70999468405352 5.1419195401525286e-8 -4.262654940242523e-8
3717	(   0.70999468312909996826   0.50405187972133003171  -0.38229428097573997514   0.00636940023194000008 )	-0.7099946831291 3.0982210408314614e-9 1.0909464226023752e-9
3718	(   0.70999468912910002061   0.50405188664319999781  -0.38229427902235002534   0.00636960921119000042 )	-0.7099946891291 2.439966340084254e-9 2.6824129350296478e-11
3719	(   0.70999470712909995562   0.50405190740881000711  -0.38229427316218000943   0.0063702361489399997  )	-0.7099947071291 4.65201904775725e-10 -3.166066818309813e-9
3720	(   0.70999476112909998271   0.504051969705640035    -0.3822942555816700172    0.00637211696219000014 )	-0.7099947611291 -5.459100421711938e-9 -1.2749452164796324e-8
3721	(   0.70999492312909995295   0.50405215659613000767  -0.38229420284013998499   0.00637775940193999972 )	-0.7099949231291 -2.323208575516489e-8 -4.1542022511951494e-8
3722	(   0.70999476791611004778   0.50405202690232997487  -0.38229427055560999404   0.00636711696219000034 )	-0.70999476791611 3.0024842861964274e-8 3.3875107731238694e-9
3723	(   0.70999475535956002581   0.50405192108354002212  -0.38229415558167001432   0.00637123432918999984 )	-0.70999475535956 3.11027871235936e-8 3.8927664032337324e-8
3724	(   0.70999475434209002866   0.50405191250894998412  -0.38229424060772998484   0.00637711696218999993 )	-0.70999475434209 -4.094304464907772e-8 -2.8936414658630805e-8
3725	(   0.70999476689864005063   0.50405201832774004789  -0.38229435558167002007   0.00637299959518999957 )	-0.70999476689864 -4.20210083118544e-8 -6.442812611088205e-8
3726	(   0.7099948111291000119    0.50405196317714995313  -0.38229424215467000536   0.00637268766718999957 )	-0.7099948111291 -7.733535029030847e-8 5.7504992931744906e-8
3727	(   0.70999471112909995352   0.50405197623413000585  -0.38229426900866997352   0.00637154625718999983 )	-0.7099947111291 6.64171382891432e-8 -8.30045434516735e-8
3728	(   0.70999476177902998142   0.50405146970563996511  -0.38229426684653000645   0.00637163815719000038 )	-0.70999476177903 -5.150549578225583e-7 4.942752154474562e-7
3729	(   0.709994760479169984     0.50405246970563999387  -0.38229424431680997243   0.00637259576718999989 )	-0.70999476047917 5.041367565905563e-7 -5.19774578063466e-7
3730	(   0.70999478112909997218   0.50405197161978998466  -0.3822942561107199877    0.00637204883419000001 )	-0.7099947811291 -3.419501051760143e-8 1.4604423265266462e-8
3731	(   0.70999474112909999324   0.50405196779148997432  -0.38229425505261999119   0.00637218509019000026 )	-0.7099947411291 2.327680781455399e-8 -4.0103335878509296e-8
3732	(   0.70999476087610002839   0.50405200522395998686  -0.382294205581669988     0.00637085280319000039 )	-0.7099947608761 6.867124882625752e-8 -3.2517889491608706e-8
3733	(   0.70999476138210004805   0.50405193418731997212  -0.38229430558166999088   0.00637338112118999989 )	-0.7099947613821 -7.958945491548519e-8 7.015789299123429e-9
3734	(   0.70999476210040002311   0.50405183334393000028  -0.38229421789280998434   0.0063741169621900004  )	-0.7099947621004 -1.1447321790480913e-7 9.949902596884287e-8
3735	(   0.70999476015780005334   0.50405210606734995871  -0.38229429327052999454   0.00637011696218999987 )	-0.7099947601578 1.0355501398051636e-7 -1.2500592996537053e-7
3736	(   0.70999476090814994667   0.50405176970564002925  -0.38229426415515999071   0.00637101291819000028 )	-0.70999476090815 -2.1168015468253643e-7 2.0100577723131406e-7
3737	(   0.70999476135005001876   0.50405216970564004075  -0.38229424700817998817   0.00637322100619       )	-0.70999476135005 2.0076195364482352e-7 -2.265071192761992e-7
3738	(   0.70999476215223999986   0.50405197445882998775  -0.38229425668634997582   0.00637111696219       )	-0.70999476215224 -3.097807954599574e-9 -3.3065600180592816e-9
3739	(   0.70999476522166005132   0.504051988718399957    -0.38229426000039001821   0.00636811696218999961 )	-0.70999476522166 3.9860696132709705e-9 2.5010116089078677e-8
3740	(   0.70999475809949996741   0.50405198647572002635  -0.38229425042372999766   0.00636911696218999974 )	-0.7099947580995 1.9836277648233036e-8 4.402169416484452e-9
3741	(   0.70999476620498003232   0.50405196244193994914  -0.38229426294897000949   0.00637311696219000027 )	-0.70999476620498 -2.6031893668454487e-8 -1.102328945260493e-8
3742	(   0.7099947742734099565    0.50405201283541001267  -0.38229423668634998634   0.0063715898381899996  )	-0.70999477427341 3.2239966807345866e-8 -3.04969258306485e-8
3743	(   0.70999475003107004323   0.50405193608224996282  -0.3822942766863500208    0.00637064408619000041 )	-0.70999475003107 -3.843558413207937e-8 2.3883358793146277e-8
3744	(   0.70999476963592000889   0.50405207445883004613  -0.38229426825072998497   0.00637084353618999968 )	-0.70999476963592 7.674279745017998e-8 -8.919582952528318e-8
3745	(   0.70999475466855999084   0.50405187445883004038  -0.38229424512197002217   0.00637139038819000032 )	-0.70999475466856 -8.293841377571276e-8 8.258255996560296e-8
3746	(   0.70999478215223998934   0.50405191515627001397  -0.38229426252815001952   0.00637038623718999986 )	-0.70999478215224 -9.711249573940428e-8 9.37063257334234e-8
3747	(   0.70999474215224001039   0.50405203376138996152  -0.38229425084454998762   0.00637184768719000014 )	-0.70999474215224 9.09168780538483e-8 -1.0032051291043801e-7
3748	(   0.70999477215224005011   0.50405198472373002883  -0.38229425609958000987   0.0063712339971900003  )	-0.70999477215224 -7.507047428134683e-9 -8.628657330135635e-10
3749	(   0.70999480215223997881   0.50405201551843004104  -0.382294254339270001     0.00637158510219000031 )	-0.70999480215224 -2.0734768291230665e-8 6.46805386605721e-9
3750	(   0.70999478701286000693   0.50405201813500999375  -0.38229424609958001513   0.00637001532118999965 )	-0.70999478701286 1.1076732475689965e-8 2.355234263606181e-9
3751	(   0.70999483159471998839   0.50405211836884999954  -0.38229421609957997541   0.00636635929319000031 )	-0.70999483159472 6.682806524827001e-8 1.1991714863662177e-8
3752	(   0.70999482243892997335   0.50405206553004999748  -0.3822942660995800046    0.00637105759018999959 )	-0.70999482243893 -1.0394059335450123e-8 -8.014779840034869e-9
3753	(   0.70999492871713998365   0.50405220771517000866  -0.38229432609957997302   0.00637418439719000026 )	-0.70999492871714 -7.480647176705268e-8 -3.913784272591912e-8
3754	(   0.70999487417327000749   0.50405198814994001122  -0.38229421609957997541   0.00636873339018999979 )	-0.70999487417327 -1.2778145230818438e-7 1.7243738219764382e-7
3755	(   0.70999477070459005024   0.50405214291015998374  -0.38229431609957997829   0.00637338179019000025 )	-0.70999477070459 1.069933170672055e-7 -1.8847774013789454e-7
3756	(   0.70999473106084998175   0.50405220220611002269  -0.38229425196862998337   0.00636105759018999999 )	-0.70999473106085 2.7527539997462824e-7 -1.4712560707088403e-7
3757	(   0.70999491381700996495   0.50405192885398997227  -0.38229428023053002583   0.00638105759019000005 )	-0.70999491381701 -2.9606355464451006e-7 1.3089606415516797e-7
3758	(   0.70999487196578003889   0.50405256553004995634  -0.38229427375854002635   0.00636883249019000019 )	-0.70999487196578 4.0885161933790215e-7 -4.0933963365085644e-7
3759	(   0.70999477291208001883   0.50405156553005003861  -0.38229425844061998285   0.00637328269018999985 )	-0.70999477291208 -4.2963974877796574e-7 3.9330017693777803e-7
3760	(   0.70999489066367005297   0.5040517326028099987   -0.38229430052094998116   0.00636105759018999999 )	-0.70999489066367 -4.728142648791067e-7 5.491120411302638e-7
3761	(   0.70999475421419000476   0.50405239845728999626  -0.38229423167820997254   0.00638105759019000005 )	-0.70999475421419 4.520261238372125e-7 -5.653415912624296e-7
3762	(   0.70999481648278994772   0.5040520486622700469   -0.38229428609957999408   0.00636765569319000004 )	-0.70999481648279 -3.3546271177575804e-8 4.3731133482925104e-8
3763	(   0.70999482839506999898   0.50405208239782994806  -0.38229424609958001513   0.00637445948719       )	-0.70999482839507 1.2758151590741562e-8 -5.978383885839068e-8
3764	(   0.70999480186634000844   0.5040520072684699926   -0.3822942510203499733    0.00636605759018999979 )	-0.70999480186634 -2.6014760096115808e-8 8.471951182800134e-8
3765	(   0.70999484301152004928   0.50405212379163000236  -0.38229428117880998039   0.00637605759019000025 )	-0.70999484301152 5.226639010480483e-9 -1.007990703978651e-7
3766	(   0.70999487243893000255   0.50405205754837001386  -0.38229426403376998156   0.00636944784419000033 )	-0.70999487243893 -9.241014725658303e-8 9.147536265143957e-8
3767	(   0.70999477243893005518   0.50405207351172998109  -0.38229426816539002765   0.00637266733618999971 )	-0.70999477243893 7.162201773325272e-8 -1.0751009967784715e-7
3768	(   0.7099948204980699451    0.50405226553005000323  -0.38229426467698002234   0.00636994905419000033 )	-0.70999482049807 1.9362876405026874e-7 -1.9664691639826757e-7
3769	(   0.7099948243797900016    0.50405186553004999173  -0.38229426752217998686   0.00637216612618999971 )	-0.70999482437979 -2.1441688285994687e-7 1.8061489912508174e-7
3770	(   0.70999482039196004646   0.50405208466719997329  -0.38229426453854997714   0.00636905759019000019 )	-0.70999482039196 1.3032223800113485e-8 -4.578375577115668e-9
3771	(   0.70999482448590001127   0.50405204639290002167  -0.38229426766060997656   0.00637305759018999985 )	-0.7099948244859 -3.382034255428046e-8 -1.1459183991947234e-8
3772	(   0.70999480932596004124   0.50405206644488997902  -0.38229425609958000987   0.00637150750618999985 )	-0.70999480932596 1.799712068262238e-8 -3.328298505631813e-8
3773	(   0.70999483555190001649   0.50405206461521001593  -0.38229427609957999934   0.00637060767419000019 )	-0.7099948355519 -3.878524046374565e-8 1.7253021082530204e-8
3774	(   0.70999484243892996282   0.50405214122834995916  -0.38229425992483001551   0.00637133540218999973 )	-0.70999484243893 3.977982387937118e-8 -5.8853276188887394e-8
3775	(   0.70999480243892998388   0.5040519898317500358   -0.3822942722743299937    0.00637077977819000031 )	-0.70999480243893 -6.056794443765057e-8 4.282356303796726e-8
3776	(   0.70999481174261003247   0.50405216553004994484  -0.38229427011036998252   0.00637142458919000027 )	-0.70999481174261 1.0271514502835366e-7 -1.2787992144284532e-7
3777	(   0.70999483313525002526   0.50405196553005005011  -0.38229426208879002669   0.00637069059118999977 )	-0.70999483313525 -1.2350326447641002e-7 1.1185009283031628e-7
3778	(   0.7099948324389300236    0.50405210800566002671  -0.38229426664411997328   0.00637118281218999969 )	-0.70999483243893 1.654242196003075e-8 -3.788610210503449e-8
3779	(   0.70999482038605998824   0.50405207038576005374  -0.38229426598778998292   0.00637205759018999972 )	-0.70999482038606 -2.3483659461476236e-9 -2.8528659163687116e-8
3780	(   0.70999482421323001358   0.50405206133324997886  -0.38229426109957997948   0.00637107980819000014 )	-0.70999482421323 -1.3451151553711682e-8 -1.5815969005856102e-9
3781	(   0.70999482953613002323   0.50405204874285003402  -0.38229424609958001513   0.00637114646219000009 )	-0.70999482953613 -2.262242831951866e-8 1.7717945661048268e-8
3782	(   0.70999483999916002119   0.5040520885678699825   -0.38229425109957998474   0.00637018456219000037 )	-0.70999483999916 -2.4433607914708944e-9 5.006206450776341e-9
3783	(   0.70999488735695004404   0.50405217027172999344  -0.38229422109958000053   0.00636749882419000018 )	-0.70999488735695 3.0580003668179145e-8 2.476000213972457e-8
3784	(   0.7099948400886699762    0.50405208858619998669  -0.38229423109957999527   0.0063701833021900002  )	-0.70999484008867 1.2731374898766745e-8 5.131032526948598e-9
3785	(   0.70999483990964995517   0.50405208854953997832  -0.38229427109957997422   0.00637018582218999967 )	-0.70999483990965 -1.76180972033535e-8 4.881380260424043e-9
3786	(   0.70999480031266004598   0.50405208044274996126  -0.38229425108345999051   0.00636818456219000011 )	-0.70999480031266 4.946086251678139e-8 -1.7746354077360438e-8
3787	(   0.7099948796856599964    0.50405209669299000375  -0.38229425111569997897   0.00637218456218999977 )	-0.70999487968566 -5.4347590899839204e-8 2.7750770198578306e-8
3788	(   0.709994789999159992     0.5040520649184500046   -0.38229425105267000884   0.00637181045718999972 )	-0.70999478999916 4.95569816849617e-8 -6.30610010795768e-8
3789	(   0.70999488999916005039   0.50405211221728996041  -0.38229425114649001616   0.00636855866719000015 )	-0.70999488999916 -5.44437140648224e-8 7.30681320190737e-8
3790	(   0.70999483080466996299   0.50405218856787004089  -0.38229425109585002396   0.0063703139781900002  )	-0.70999483080467 1.1146411615925444e-7 -1.096986988497961e-7
3791	(   0.70999484919364996838   0.50405198856787003514  -0.38229425110331000104   0.00637005514618999968 )	-0.70999484919365 -1.1635083796424084e-7 1.1971107825436023e-7
3792	(   0.70999484128987000453   0.50405209393947003615  -0.38229424109957999001   0.0063700765301900001  )	-0.70999484128987 8.622211750131115e-9 2.8437571992996668e-9
3793	(   0.70999483870845003786   0.50405208319627003988  -0.38229426109957997948   0.00637029259418999978 )	-0.70999483870845 -1.3508933555117508e-8 7.168632360444115e-9
3794	(   0.70999485201335998941   0.5040521385678700117   -0.3822942523651500224    0.00637036637818999985 )	-0.70999485201336 2.8420188091793364e-8 -3.025018942984719e-8
3795	(   0.70999482805170999189   0.50405209821585994501  -0.3822942498410399903    0.00637118456218999964 )	-0.70999482805171 2.6234760058807538e-8 -3.434840816983443e-8
3796	(   0.7099948519466100505    0.50405207891988002     -0.38229425235811997918   0.00636918456219000024 )	-0.70999485194661 -3.112148239114987e-8 4.435882151549109e-8
3797	(   0.70999482798496005298   0.50405203856786995331  -0.3822942498340100026    0.00637000274619000002 )	-0.70999482798496 -3.330691034086897e-8 4.026253655036718e-8
3798	(   0.70999481999916003172   0.50405212461688997383  -0.38229425201202998919   0.00636945955318999994 )	-0.70999481999916 6.315356990138632e-8 -5.0206250083900705e-8
3799	(   0.70999485999916001067   0.50405205251884999118  -0.3822942501871299803    0.00637090957118999993 )	-0.70999485999916 -6.804029328844052e-8 6.021761259754766e-8
3800	(   0.70999483999595003336   0.50405208861289996225  -0.38229424609958001513   0.00637018603832999967 )	-0.70999483999595 1.4294660455327346e-9 4.937811768734694e-9
3801	(   0.70999483998631995885   0.50405208874799001251  -0.38229423109957999527   0.00637019046675000016 )	-0.70999483998632 1.3047946612054773e-8 4.732627363352587e-9
3802	(   0.70999484999594997259   0.50405209858551003332  -0.38229425439509001627   0.00636997019773999969 )	-0.70999484999595 -1.0063355759815096e-8 1.1914941350293581e-8
3803	(   0.70999484356288000697   0.50405208177533000757  -0.38229424905852998906   0.00637068603833000017 )	-0.70999484356288 -1.3064672843565717e-8 1.0469949434823822e-8
3804	(   0.70999482999594998311   0.5040520786402900022   -0.38229423780407001399   0.00637040187891999964 )	-0.70999482999595 1.2922287462302506e-8 -2.0394109871463457e-9
3805	(   0.70999483642901994873   0.50405209545047002795  -0.38229424314062998569   0.00636968603833000004 )	-0.70999483642902 1.592360510116464e-8 -5.948261194105926e-10
3806	(   0.70999484413362001778   0.50405210861289995172  -0.38229423744460999668   0.00637041123169999977 )	-0.70999484413362 2.178964902954661e-8 -1.2055837572656162e-8
3807	(   0.70999483585828004895   0.50405206861289997278  -0.38229425475454997807   0.00636996084495999957 )	-0.70999483585828 -1.893071713277017e-8 2.19313596860142e-8
3808	(   0.70999482999594998311   0.5040521077822599505   -0.38229425463946997699   0.00637040187891999964 )	-0.70999482999595 2.91921043449328e-8 -3.1181380935445e-8
3809	(   0.70999484999594997259   0.504052069443539974    -0.38229423755968999776   0.00636997019773999969 )	-0.70999484999595 -2.6333172697956542e-8 4.1056911409614535e-8
3810	(   0.70999484360382003612   0.50405208982950000518  -0.38229424896802000067   0.00637038603833000022 )	-0.70999484360382 -5.00321270524573e-9 6.296235557432645e-9
3811	(   0.7099948384844300131    0.5040520938239799742   -0.38229425109957998474   0.00637010224812000012 )	-0.70999483848443 5.103442057841079e-9 -1.3520995824161351e-9
3812	(   0.70999484289654002378   0.50405207861290002302  -0.38229424840569997679   0.00637007373089999978 )	-0.70999484289654 -1.4720265201217941e-8 2.0487445390511983e-8
3813	(   0.70999484150747005362   0.5040520834018199503   -0.38229424109957999001   0.00637026982854000008 )	-0.70999484150747 -2.2445101055534877e-9 1.122770918929707e-8
3814	(   0.70999483638808003061   0.50405208739630003034  -0.38229424323113997408   0.00636998603832999999 )	-0.70999483638808 7.862144796311199e-9 3.5793079800245948e-9
3815	(   0.70999484499595000297   0.50405209623327995594  -0.38229424434223002738   0.00637006350838000002 )	-0.70999484499595 2.8321054668101198e-9 5.978442321959729e-9
3816	(   0.70999485999595002284   0.50405211909442004803  -0.38229423907018000861   0.00636969591853000019 )	-0.70999485999595 7.0400232032863386e-9 9.100154040632142e-9
3817	(   0.70999490499594997139   0.50405218767783999123  -0.38229422325403000782   0.00636859314897999986 )	-0.70999490499595 1.9663770001177028e-8 1.8463670837712666e-8
3818	(   0.70999487040062003729   0.50405213778152002657  -0.38229425907017999808   0.00636933134553000022 )	-0.70999487040062 -5.29940166749121e-9 9.831884052575687e-9
3819	(   0.70999490161462996962   0.5040521938428199622   -0.38229431907018002201   0.00636823762653000031 )	-0.70999490161463 -4.231768360729582e-8 1.2025480125929392e-8
3820	(   0.70999492040061995546   0.50405220158111996298  -0.38229426010813000181   0.00637023280553000032 )	-0.70999492040062 -1.7907318961007945e-8 5.547566015367883e-9
3821	(   0.70999507040062004304   0.50405239297991999425  -0.38229426322198001298   0.00637293718552999974 )	-0.70999507040062 -5.57311350957157e-8 -7.315109348745045e-9
3822	(   0.70999484399073997665   0.50405219726274996805  -0.3822942951937399747    0.00636523280552999966 )	-0.70999484399074 6.650125081164582e-8 -3.4957983365513595e-8
3823	(   0.70999499681050004529   0.50405220589948995791  -0.3822942250225199734    0.00637523280553000012 )	-0.7099949968105 -1.0231591618392599e-7 4.6003127275639e-8
3824	(   0.70999485270244000468   0.50405220589948995791  -0.38229429453715002563   0.00637523280553000012 )	-0.70999485270244 6.246549924537881e-8 -1.586288551943659e-7
3825	(   0.70999498809880001726   0.50405219726274996805  -0.38229422567910997799   0.00636523280552999966 )	-0.7099949880988 -9.828015928858846e-8 1.6967399666200066e-7
3826	(   0.70999482392491997107   0.50405220773516001831  -0.38229421010812997261   0.00637040677053000038 )	-0.70999482392492 1.7237423824423281e-7 -1.3981740392202124e-7
3827	(   0.70999501687632005087   0.50405219542708001867  -0.38229431010812997549   0.00637005884053000026 )	-0.70999501687632 -2.0818892085272545e-7 1.5091249418787986e-7
3828	(   0.70999492189964996669   0.50405240158111996873  -0.38229426088501999859   0.00637012209153000036 )	-0.70999492189965 1.7923172918044017e-7 -1.9091329093685812e-7
3829	(   0.70999491890159005525   0.50405200158111995723  -0.38229425933124000503   0.00637034351953000028 )	-0.70999491890159 -2.1504636732450066e-7 2.0200839867445857e-7
3830	(   0.70999491171147000035   0.50405222504725999411  -0.38229428010812999128   0.00637065867652999995 )	-0.70999491171147 3.407463533555699e-9 -3.5683054763516425e-8
3831	(   0.70999496589705002325   0.50405230158112002137  -0.38229425471306999196   0.00637204763952999974 )	-0.70999496589705 1.741441094105234e-8 -5.2973087281236596e-8
3832	(   0.70999492908977002159   0.50405217811498004288  -0.38229424010813001233   0.00636980693452999982 )	-0.70999492908977 -3.922210264906134e-8 4.6777824284079757e-8
3833	(   0.70999487959419005367   0.50405217708222005424  -0.38229425416261997306   0.00637223280552999972 )	-0.70999487959419 2.3850327213192912e-8 -5.3383179547032786e-8
3834	(   0.70999496120704996827   0.50405222608001998275  -0.38229426605363997504   0.00636823280553000005 )	-0.70999496120705 -5.966497232390289e-8 6.447031501946479e-8
3835	(   0.70999487490418999869   0.50405210158112001562  -0.38229426550319001166   0.00636841797153000003 )	-0.70999487490419 -5.322905780036358e-8 6.406163628593049e-8
3836	(   0.70999488337216998257   0.50405230158112002137  -0.38229425471306999196   0.00636935360253000019 )	-0.70999488337217 1.4221500269084864e-7 -1.3583177279119832e-7
3837	(   0.70999495742907003937   0.50405210158112001562  -0.38229426550319001166   0.00637111200852999958 )	-0.70999495742907 -1.7802964660806886e-7 1.4692536171268612e-7
3838	(   0.70999490040061996599   0.50405220518772997362  -0.38229426503858998654   0.00636970510553000035 )	-0.70999490040062 1.2175084246335288e-8 -1.9735975163063743e-8
3839	(   0.70999492981970002692   0.50405225158111999217  -0.38229426387830001133   0.00636982928953000026 )	-0.7099949298197 1.4965781197640027e-8 -2.5936617008425638e-8
3840	(   0.7099949132175400468    0.50405222506540003913  -0.38229425010813000707   0.00637004328052999998 )	-0.70999491321754 2.4085662353456883e-8 -2.5722013604334017e-8
3841	(   0.70999491250933999265   0.50405222738077004596  -0.38229426205351002555   0.00637123280552999958 )	-0.70999491250934 1.833872764755995e-8 -4.4199086954517834e-8
3842	(   0.70999494040061994493   0.50405219797450995234  -0.38229425517767001708   0.00637076050553000029 )	-0.70999494040062 -4.798972400021917e-8 3.0830551147393215e-8
3843	(   0.70999491098153999502   0.50405215158112004481  -0.38229425633795999229   0.00637063632153000037 )	-0.70999491098154 -5.078041953598955e-8 3.703142361087845e-8
3844	(   0.70999492758369997514   0.50405217809683999786  -0.38229427010812999654   0.00637042233052999979 )	-0.7099949275837 -5.990030080282871e-8 3.6817074017668375e-8
3845	(   0.70999492829190002929   0.50405217578146999102  -0.38229425816274997807   0.00636923280553000019 )	-0.7099949282919 -5.415336593039832e-8 5.529221920729942e-8
3846	(   0.70999492308675005159   0.50405221901330998779  -0.38229425716645998312   0.00636973280552999982 )	-0.70999492308675 -2.2881382344408507e-9 -1.7003637544675608e-9
3847	(   0.70999493114514000691   0.50405227130987995121  -0.38229424834144998258   0.00636823280553000005 )	-0.70999493114514 4.456940391750486e-8 -2.3447153286033614e-8
3848	(   0.70999493801266999604   0.50405225707100997923  -0.38229426487052997619   0.00637073280552999995 )	-0.70999493801267 7.306971833154208e-9 -3.130387432593012e-8
3849	(   0.70999490816082999611   0.50405218095560999636  -0.38229424946238999006   0.00636873280552999969 )	-0.70999490816083 -1.1883249273481056e-8 2.790114715006312e-8
3850	(   0.70999493811883995775   0.50405226901331001699  -0.38229425077475998052   0.00636890315253000033 )	-0.70999493811884 2.9866177142512385e-8 -1.9786300920988313e-8
3851	(   0.7099949080546600344    0.5040521690133099586   -0.38229426355815998573   0.00637056245853000018 )	-0.70999490805466 -3.444245461059481e-8 1.6384197207923424e-8
3852	(   0.70999493854026995976   0.50405218655343997369  -0.38229426716645997786   0.00636887989353000002 )	-0.70999493854027 -6.576391797796788e-8 6.356826352668454e-8
3853	(   0.70999494308675004106   0.50405217700362003885  -0.38229424866238997938   0.00637028118553000042 )	-0.70999494308675 -6.804128235837759e-8 6.172275472470607e-8
3854	(   0.7099949076332300324    0.5040522514731800019   -0.38229424716645998839   0.00637058571752999962 )	-0.70999490763323 6.1187640343352e-8 -6.697044550929359e-8
3855	(   0.70999490308674995109   0.50405226102300004776  -0.38229426567052998687   0.00636918442553000008 )	-0.70999490308675 6.346500419640577e-8 -6.512408300876746e-8
3856	(   0.70999492305266997949   0.50405221494886998101  -0.38229425216646001351   0.0063698283231        )	-0.70999492305267 -2.4780972274207613e-9 1.0988310410569289e-9
3857	(   0.70999492295042998524   0.50405220275554996068  -0.38229423716645999365   0.00637011487580999968 )	-0.70999492295043 -3.047974567182976e-9 9.496306055402327e-9
3858	(   0.70999492187630997009   0.50405221112276998863  -0.38229424216646001877   0.00636983516409999999 )	-0.70999492187631 3.120671498990646e-9 3.167359748163976e-9
3859	(   0.70999492422902998889   0.5040522187749699734   -0.38229426216646000825   0.00636982148210000002 )	-0.70999492422903 -8.076866175876773e-9 -9.696977596438706e-10
3860	(   0.70999492386789997411   0.50405221760039997658  -0.38229425209839001942   0.00637082832310000013 )	-0.7099949238679 -1.0073764045159805e-9 -1.3135737266188857e-8
3861	(   0.70999492223743998487   0.50405221229733998545  -0.38229425223453000759   0.00636882832309999987 )	-0.70999492223744 -3.948818050325542e-9 1.533139934830393e-8
3862	(   0.70999491305267004027   0.50405223751651995201  -0.38229425300142000355   0.00636988647910000007 )	-0.70999491305267 3.4573935353554575e-8 -3.640960804121525e-8
3863	(   0.70999493305267002974   0.50405219238122001002  -0.38229425133150002347   0.00636977016709999993 )	-0.70999493305267 -3.953013036350761e-8 3.86072636921603e-8
3864	(   0.70999492740703995519   0.50405226494887001021  -0.38229425088288998547   0.00636973892010000032 )	-0.70999492740704 4.1918286147746286e-8 -4.1579052363650284e-8
3865	(   0.70999491869830000379   0.50405216494886995182  -0.38229425345002998604   0.00636991772609999968 )	-0.7099949186983 -4.687448051932108e-8 4.37766983489533e-8
3866	(   0.70999492294712995832   0.50405221262092003709  -0.38229424716645998839   0.00636979558235999978 )	-0.70999492294713 -8.234987136646055e-10 3.6940199125298453e-9
3867	(   0.70999492315821000066   0.50405221727682003596  -0.38229425716645998312   0.00636986106384000023 )	-0.70999492315821 -4.1326955746434635e-9 -1.4963600853396659e-9
3868	(   0.70999492466448999028   0.50405222640559999014  -0.38229425147163997867   0.00637032832309999963 )	-0.70999492466449 7.072363666926762e-9 -1.4439209227205211e-8
3869	(   0.70999491805267000988   0.50405222057346998898  -0.38229425205653000397   0.00636990742842999998 )	-0.70999491805267 1.0791945781463141e-8 -1.263349915177662e-8
3870	(   0.7099949280526699491    0.50405220932426997305  -0.38229425227639002305   0.00636974921777000002 )	-0.70999492805267 -1.574814031957139e-8 1.4831148718592434e-8
3871	(   0.7099949214408499687    0.50405220349213997189  -0.38229425286127999284   0.00636932832310000037 )	-0.70999492144085 -1.2028558038501558e-8 1.6636371309321067e-8
3872	(   0.70999492395942997991   0.50405223494886997049  -0.38229425177558001847   0.00636950724233999958 )	-0.70999492395943 1.6449491629932922e-8 -1.3523223479592619e-8
3873	(   0.70999492214590997907   0.50405219494886999154  -0.38229425255734000855   0.00637014940386000043 )	-0.70999492214591 -2.1405685973752142e-8 1.5720679264975476e-8
3874	(   0.70999492505267003395   0.50405221542148004321  -0.38229425194677002509   0.00636986741820000021 )	-0.70999492505267 -4.862071495415066e-9 2.9681409957412895e-9
3875	(   0.70999492105267003605   0.50405221447626002984  -0.38229425238615000193   0.00636978922799999979 )	-0.70999492105267 -9.412295942645699e-11 -7.704819704744707e-10
3876	(   0.70999492278747999841   0.50405221736661998122  -0.38229425351938001176   0.00637002832309999968 )	-0.70999492278748 -6.937332375223093e-10 -4.243457399207777e-9
3877	(   0.70999492258075003193   0.50405221925137000394  -0.38229425016646001456   0.00636993655288999993 )	-0.70999492258075 4.067254144590748e-9 -5.25261257287911e-9
3878	(   0.70999492331785996058   0.50405221253111998081  -0.38229425081354001525   0.00636962832310000032 )	-0.70999492331786 -4.262461245074789e-9 6.4410394813298145e-9
3879	(   0.70999492315324996827   0.50405222494887003126  -0.38229425259272997728   0.00636975246638999976 )	-0.70999492315325 7.043876815160388e-9 -7.791963792134961e-9
3880	(   0.70999492352459003808   0.50405221064636995809  -0.38229425416646001246   0.00636972009331000007 )	-0.70999492352459 -9.023448710454574e-9 7.45025133864249e-9
3881	(   0.70999492295208999071   0.50405220494887004179  -0.38229425174018999423   0.00636990417981000024 )	-0.70999492295209 -1.2000071075712881e-8 9.989614254752492e-9
3882	(   0.70999492405266995121   0.50405221753597995171  -0.3822942529517400212    0.00636982195256999978 )	-0.70999492405267 -2.0036816372748234e-9 1.2869187052816367e-11
3883	(   0.70999492705266997739   0.50405222529730997483  -0.38229425530757998875   0.00636980284097999998 )	-0.70999492705267 -5.804349501037365e-10 -3.2450167509608346e-9
3884	(   0.70999493605266994489   0.50405224858130004417  -0.38229426237510000242   0.00636974550620999971 )	-0.70999493605267 3.689304833853768e-9 -1.3018679059046898e-8
3885	(   0.70999493038241001663   0.50405222840735997014  -0.38229425030758001913   0.00636972104901000011 )	-0.70999493038241 1.3170636248283074e-9 -5.84878934346833e-10
3886	(   0.70999494037163002336   0.50405223773750995608  -0.38229423530757999927   0.00636947567309999966 )	-0.70999494037163 7.0095589610463804e-9 7.395454347404581e-9
3887	(   0.70999493613021003036   0.50405222162204998959  -0.38229425626129998061   0.00636922104900999961 )	-0.70999493613021 -1.8712666111087017e-8 2.073171987240671e-8
3888	(   0.70999492463461000291   0.50405223519266995069  -0.38229424435386000214   0.00637022104900999975 )	-0.70999492463461 2.1346793166454603e-8 -2.19019776300693e-8
3889	(   0.70999492746174996949   0.50405219869714001923  -0.38229426030758001387   0.0063699751167000003  )	-0.70999492746175 -3.1622190366231706e-8 2.174128823198199e-8
3890	(   0.70999493330306995276   0.50405225811758003207  -0.3822942403075800244    0.00636946698131999993 )	-0.70999493330307 3.4256317588132745e-8 -2.291117542351119e-8
3891	(   0.70999494038240995586   0.5040522003027000375   -0.38229424744577000794   0.00636996138672999996 )	-0.70999494038241 -3.972227341497714e-8 3.865785335846651e-8
3892	(   0.70999492038240996639   0.5040522565120200138   -0.38229425316938997481   0.00636948071129000027 )	-0.70999492038241 4.2356400581367026e-8 -3.982772686262769e-8
3893	(   0.70999492546717002384   0.50405217840736005197  -0.38229424521624000288   0.00636949608121000019 )	-0.70999492546717 -3.735694506512566e-8 4.530144373009545e-8
3894	(   0.70999493529765000943   0.50405227840735999933  -0.38229425539891997987   0.00636994601681000003 )	-0.70999493529765 3.999107225927112e-8 -4.647130281981585e-8
3895	(   0.70999493538240998625   0.50405222761254997454  -0.38229425020608998054   0.00636973669691999998 )	-0.70999493538241 -6.961540316430259e-9 7.110534468143033e-9
3896	(   0.70999493026991999933   0.50405222399025995106  -0.38229425530757998875   0.00636980801085999977 )	-0.70999493026992 -6.752862685699412e-9 2.5646333996306894e-9
3897	(   0.70999493049490003393   0.50405223282445998922  -0.38229424530757999401   0.00636963408715999959 )	-0.7099949304949 9.386989935356027e-9 -3.734406393039529e-9
3898	(   0.70999492538241004702   0.50405222920216996574  -0.38229425040907000222   0.00636970540110000025 )	-0.70999492538241 9.59566739955342e-9 -8.280292715534966e-9
3899	(   0.70999492987307999403   0.50405220840735998067  -0.38229424775367998324   0.00636985335192999987 )	-0.70999492987308 -1.5960005012027878e-8 1.7006394697207338e-8
3900	(   0.70999493064111995899   0.50405221242128994685  -0.38229425160480001722   0.00636952104900999957 )	-0.70999493064112 -1.6052087326023923e-8 1.8316404979926593e-8
3901	(   0.70999493089174003924   0.50405224840735995961  -0.38229425286147999952   0.00636958874609000036 )	-0.70999493089174 1.8594132233928917e-8 -1.8176187574030212e-8
3902	(   0.70999493012369996325   0.50405224439342999343  -0.38229424901036002105   0.00636992104900999979 )	-0.7099949301237 1.8686214797725142e-8 -1.9486243070656684e-8
3903	(   0.70999493238240996007   0.50405222888215994725  -0.38229424947708001703   0.0063696780976400004  )	-0.70999493238241 -5.977024153391852e-10 2.327475430715189e-9
3904	(   0.70999493838241001242   0.50405223030655998961  -0.38229424698558001072   0.00636954924353000038 )	-0.70999493838241 -6.342000785641844e-9 1.1064516499107618e-8
3905	(   0.70999493406773994675   0.50405223847488000999  -0.38229425284218998549   0.00636947809763999985 )	-0.70999493406774 3.873405096666005e-9 -2.3242619381734627e-9
3906	(   0.7099949391237300178    0.50405226725303997615  -0.38229426293752000188   0.00636887809763999994 )	-0.70999493912373 1.728672696654776e-8 -1.6279953489746588e-8
3907	(   0.70999494220514003384   0.50405224512269997117  -0.38229424284218999075   0.00636989179548000037 )	-0.70999494220514 5.861095359049884e-9 -2.687305993068201e-9
3908	(   0.70999496661733996206   0.50405226506615996573  -0.38229421284219000654   0.00637113288900000019 )	-0.70999496661734 1.1824163786977593e-8 -3.778491575490996e-9
3909	(   0.70999503985393996874   0.50405232489653994943  -0.3822941228421899984    0.00637485616955999965 )	-0.70999503985394 2.9713342758475036e-8 -7.070524752801079e-9
3910	(   0.70999495609265994567   0.50405223793025000223  -0.38229423459109002081   0.00637313288899999959 )	-0.70999495609266 -1.6024456261920506e-8 -1.7076052676136602e-8
3911	(   0.70999497714201997844   0.50405229220207004026  -0.38229419109328999227   0.00636913288899999992 )	-0.70999497714202 3.967278244809691e-8 9.511069636181774e-9
3912	(   0.70999492783225004455   0.50405216506616001837  -0.38229422358599002285   0.00637007667799999958 )	-0.70999492783225 -3.773656476191434e-8 5.4604478280177976e-8
3913	(   0.70999500540242999058   0.50405236506616002412  -0.38229420209838999023   0.00637218909999999993 )	-0.70999500540243 6.138488567453138e-8 -6.216368959690487e-8
3914	(   0.70999499081324002336   0.50405218864219003549  -0.38229416284218997735   0.00637179180200000018 )	-0.70999499081324 -6.296132945560196e-8 9.860693467040048e-8
3915	(   0.70999494242144001177   0.504052341490130007    -0.38229426284218998022   0.0063704739760000002  )	-0.70999494242144 8.6609649452285e-8 -1.0616478493282561e-7
3916	(   0.70999501661733999125   0.50405221728166005324  -0.3822942511405399979    0.00637062818399999984 )	-0.70999501661734 -1.4085674598929288e-7 1.214363380281356e-7
3917	(   0.70999491661734004389   0.50405231285065998925  -0.38229417454384001518   0.00637163759399999967 )	-0.70999491661734 1.6450505993526043e-7 -1.2899382563737524e-7
3918	(   0.70999494703026000408   0.5040522378842100526   -0.38229423284218999601   0.00637131009899999986 )	-0.70999494703026 -1.0284348095357387e-9 -6.668085967047809e-9
3919	(   0.7099949712908799615    0.50405227155186005383  -0.38229421528538998221   0.00637213288900000032 )	-0.70999497129088 9.37412708568175e-9 -1.6371077662549565e-8
3920	(   0.70999496194379996261   0.50405225858045998866  -0.38229421039898997536   0.00637013288900000006 )	-0.7099949619438 1.4274200599295739e-8 8.812094400539709e-9
3921	(   0.70999498620442003105   0.50405229224810998989  -0.38229419284219001707   0.00637095567899999965 )	-0.70999498620442 2.4676759913244695e-8 -8.88959213532492e-10
3922	(   0.70999495966666004154   0.50405221506616004756  -0.38229419400692998821   0.00637145885899999959 )	-0.70999495966666 -1.3263250608908095e-8 3.2197910254112133e-8
3923	(   0.70999497356801999359   0.50405231506615999493  -0.38229423167745002488   0.00637080691899999992 )	-0.70999497356802 3.6911577211418134e-8 -3.9755105806940454e-8
3924	(   0.70999498661733995153   0.50405222012392003617  -0.38229422329764001232   0.00637095194299999983 )	-0.70999498661734 -7.135776436406616e-8 7.186917670408015e-8
3925	(   0.70999494661733997258   0.50405231000840000632  -0.38229420238674000077   0.00637131383499999968 )	-0.70999494661734 9.50060900506422e-8 -7.942622467183252e-8
3926	(   0.7099949766173400123    0.50405226739913999712  -0.38229420600706998101   0.00637145351220000031 )	-0.70999497661734 4.260411579082302e-9 4.002859043380558e-9
3927	(   0.70999500661734005202   0.50405227439807998024  -0.38229418550171001545   0.0063724153817999998  )	-0.70999500661734 -1.8430848264250344e-8 2.7345678530408255e-8
3928	(   0.709994987448259951     0.50405226204696995662  -0.38229421410475999954   0.00637245351219999957 )	-0.70999498744826 -2.3662527243173415e-8 1.199091971712757e-8
3929	(   0.70999496578641996258   0.50405227275131003761  -0.382294197909380018     0.00637045351220000017 )	-0.70999496578642 3.218334981847093e-8 -3.987201519336158e-9
3930	(   0.70999497994608995466   0.50405225418013999139  -0.382294226007070026     0.00637093019420000017 )	-0.70999497994609 -2.9284354496894593e-8 2.861696931932302e-8
3931	(   0.70999497328858995893   0.50405228061814000284  -0.38229418600706999154   0.00637197683019999957 )	-0.70999497328859 3.7805176850147504e-8 -2.0611799067037984e-8
3932	(   0.70999499661734000178   0.50405225751601001605  -0.38229419753811999527   0.00637106225520000027 )	-0.70999499661734 -2.9393030342994564e-8 4.727138702813338e-8
3933	(   0.70999495661734002283   0.50405227728226997819  -0.38229421447602002226   0.00637184476920000034 )	-0.70999495661734 3.79138515305133e-8 -3.926597421727773e-8
3934	(   0.70999498134332994503   0.50405231739914002631  -0.38229420954042997449   0.00637136105820000024 )	-0.70999498134333 4.441183196202125e-8 -3.810815849402419e-8
3935	(   0.70999497189134996855   0.50405221739913996792  -0.38229420247370998753   0.00637154596620000038 )	-0.70999497189135 -3.5891008831612226e-8 4.611385948529551e-8
3936	(   0.70999498661733995153   0.50405227788674000777  -0.38229420118004997509   0.0063713628925799997  )	-0.70999498661734 3.3159089363188343e-9 8.869907802568197e-9
3937	(   0.70999501661733999125   0.50405230934954003974  -0.38229418669899001282   0.00637109103371999962 )	-0.70999501661734 4.823980381818416e-10 2.347095686939881e-8
3938	(   0.70999498355987000764   0.50405228334507001797  -0.38229422118005002007   0.00637079621458000022 )	-0.70999498355987 -1.893783047046682e-9 6.290702377147975e-9
3939	(   0.70999497438745995392   0.50405229972006004857  -0.38229428118004998849   0.00636909618058000004 )	-0.70999497438746 -1.7522863576813208e-8 -1.4507676086123692e-9
3940	(   0.7099950088235600365    0.50405233514153002794  -0.38229427118004999375   0.00636993653057999973 )	-0.70999500882356 -2.6532487484853817e-8 1.3214334108622495e-9
3941	(   0.70999495829617997877   0.50405223154861000801  -0.38229417118004999088   0.00637165589857999985 )	-0.70999495829618 2.2744913785732734e-8 1.1258494451528488e-8
3942	(   0.70999501236031004048   0.50405234239270002572  -0.38229421282774000979   0.00637279621457999962 )	-0.70999501236031 1.998563486926841e-8 -3.7347775838414204e-8
3943	(   0.7099949547594299748    0.50405222429744001023  -0.38229422953235997484   0.00636879621457999995 )	-0.70999495475943 -2.3773204543831028e-8 4.992118214702725e-8
3944	(   0.70999493355986997845   0.50405231271050998654  -0.38229424952701002161   0.0063717908505800001  )	-0.70999493355987 8.141182436527394e-8 -1.0674846936869283e-7
3945	(   0.70999503355987003683   0.50405225397963004941  -0.38229419283309001854   0.00636980157858000034 )	-0.70999503355987 -8.5199402644065e-8 1.1932790040641557e-7
3946	(   0.7099949686600499632    0.50405238334506996534  -0.38229419169144002177   0.00636976152057999994 )	-0.70999496866005 1.4318554542036566e-7 -1.0168431371226108e-7
3947	(   0.70999499845969005207   0.50405218334506995959  -0.38229425066866001837   0.00637183090857999963 )	-0.70999499845969 -1.4697311429001658e-7 1.1426357783832653e-7
3948	(   0.70999500355986999711   0.50405230205069995186  -0.38229421836895999265   0.00637069201357999982 )	-0.70999500355987 -1.1284399609179374e-8 1.7312547992244585e-8
3949	(   0.70999496355987001817   0.50405226463943997306  -0.38229422399113999198   0.00637090041557999975 )	-0.70999496355987 7.496831766484746e-9 -4.731164065465592e-9
3950	(   0.70999498021653995039   0.50405232151106005301  -0.38229424118005000954   0.00637058360958000017 )	-0.70999498021654 2.603648438515016e-8 -3.3913901775130153e-8
3951	(   0.709994981364799993     0.50405230840296999517  -0.38229421741433999848   0.00637179621458000035 )	-0.7099949813648 2.9362892811635177e-8 -3.462676748313559e-8
3952	(   0.70999498690319995386   0.50405224517907998294  -0.38229420118004997509   0.00637100881958000027 )	-0.7099949869032 -2.982405100659946e-8 4.6495215905608246e-8
3953	(   0.70999498575494002228   0.50405225828717004077  -0.38229422494575998615   0.00636979621458000009 )	-0.70999498575494 -3.3150458822461815e-8 4.7206172126403674e-8
3954	(   0.70999497190169003069   0.5040523321412300195   -0.38229420118004997509   0.00637005486158000005 )	-0.70999497190169 7.98245615718507e-8 -4.961448789525205e-8
3955	(   0.70999499521804998459   0.50405223454891001644  -0.38229424118005000954   0.00637153756758000039 )	-0.70999499521805 -8.361212902596726e-8 6.219479377406791e-8
3956	(   0.70999497355986995739   0.50405227653116002617  -0.38229421489118997624   0.00637096059006999997 )	-0.70999497355987 1.1223482837552368e-8 -3.189719849808572e-9
3957	(   0.70999497980813996989   0.50405229272103002636  -0.38229422983354000021   0.00637129621457999985 )	-0.70999497980814 6.539479624478872e-9 -1.4783722907267451e-8
3958	(   0.70999499355986994686   0.50405229015898000977  -0.38229422746891000839   0.0063706318390899996  )	-0.70999499355987 -1.5011049153690337e-8 1.577107056550313e-8
3959	(   0.70999498758254997455   0.50405230334507000745  -0.38229421190161000377   0.00637103873034000016 )	-0.70999498758255 1.911699193390959e-8 -1.1087228212490528e-8
3960	(   0.70999498731160004539   0.50405227396911000959  -0.38229421252655998442   0.00637029621457999972 )	-0.7099949873116 -1.0327045857350114e-8 2.73646276615654e-8
3961	(   0.70999497953719004073   0.5040522633450700285   -0.38229423045848998086   0.00637055369882000028 )	-0.70999497953719 -2.2904558139025255e-8 2.3668515338989057e-8
3962	(   0.70999497555699997431   0.50405230334507000745  -0.38229422344383001686   0.00637031374437000038 )	-0.709994975557 2.847792610061184e-8 -1.8926086693088853e-8
3963	(   0.70999499156274004097   0.5040522633450700285   -0.38229421891627002328   0.00637127868479000006 )	-0.70999499156274 -3.226549247226096e-8 3.150702600339015e-8
3964	(   0.70999498435425001386   0.50405229247395999526  -0.38229422618004998968   0.00637075673277999986 )	-0.70999498435425 2.210840843730466e-9 -1.2071165819371146e-9
3965	(   0.70999498673739003252   0.50405231986063003813  -0.38229424118005000954   0.00637063828737999965 )	-0.70999498673739 1.4524712127483852e-8 -2.3700592053930492e-8
3966	(   0.70999499435424995308   0.50405229372994997394  -0.38229422672537000105   0.0063711546329199998  )	-0.70999499435425 -1.2072901012238901e-8 6.666784823623577e-9
3967	(   0.70999499250968001185   0.50405229349827995744  -0.38229421618004999495   0.00637027657006000031 )	-0.70999499250968 -1.4522374414127626e-9 1.546696156244767e-8
3968	(   0.70999498900590995998   0.50405229144964003307  -0.38229423618004998442   0.0063704322281399996  )	-0.70999498900591 -1.3493969747147005e-8 1.0557088837952471e-8
3969	(   0.70999497619882001587   0.50405229144964003307  -0.38229423618004998442   0.00637123689550000028 )	-0.70999497619882 5.873918657028909e-9 -1.7881655616769072e-8
3970	(   0.70999497435424996361   0.50405229121797001657  -0.38229422563472997831   0.00637035883263999993 )	-0.70999497435425 1.6494582394388502e-8 -9.081334525519458e-9
3971	(   0.70999497970258995672   0.50405229349827995744  -0.38229421618004999495   0.00637108123742000012 )	-0.70999497970259 1.7915651240318908e-8 -1.2971532608356204e-8
3972	(   0.70999498475515998575   0.50405227247396000578  -0.38229422568845999875   0.00637077268496000042 )	-0.70999498475516 -1.801958268710102e-8 1.9158916408936713e-8
3973	(   0.70999498395334004197   0.50405231247395998473  -0.38229422667163998062   0.00637074078060000017 )	-0.70999498395334 2.2441264319050802e-8 -2.157314997074702e-8
3974	(   0.70999498935424998347   0.50405229364024994876  -0.38229422274155999695   0.00637080149620000008 )	-0.70999498935425 -1.555232637118209e-9 4.156187592361789e-9
3975	(   0.70999500435425000333   0.50405229713912003131  -0.38229421242609001874   0.00637093578645999987 )	-0.70999500435425 -1.2853453884575927e-8 2.0246076292151926e-8
3976	(   0.7099949952437899503    0.5040523105276799587   -0.38229423274155999168   0.0063709288888199999  )	-0.70999499524379 -1.2203128507692895e-9 -5.991357056799821e-9
3977	(   0.70999501291240996181   0.50405236118996998851  -0.38229426274155997589   0.00637131106668000022 )	-0.70999501291241 -2.1555571216858027e-10 -3.643418519574932e-8
3978	(   0.70999500516057001409   0.50405232879680994529  -0.38229425274155998116   0.00637064875181999994 )	-0.70999500516057 -1.3239887852734e-8 -6.609371146891897e-9
3979	(   0.70999498532700999753   0.5040522922585499721   -0.38229421274156000221   0.00637120902581999986 )	-0.70999498532701 1.079926070790549e-8 -5.373499476102491e-9
3980	(   0.70999497908770003995   0.5040522807642200398   -0.38229423949965002372   0.00636992888881999977 )	-0.7099949790877 -1.1718420706019472e-8 1.3571474928598655e-8
3981	(   0.70999501139987997167   0.50405234029113998862  -0.38229422598347001516   0.00637192888882000003 )	-0.70999501139988 9.277793727724415e-9 -2.5556188487092346e-8
3982	(   0.70999499574849000982   0.50405226052768004052  -0.38229424409455997624   0.00637169558481999986 )	-0.70999499574849 -6.066393284931415e-8 3.4955592705361116e-8
3983	(   0.7099949947390900018    0.50405236052767998789  -0.38229422138856000712   0.00637016219281999994 )	-0.70999499473909 5.8223306870219815e-8 -4.693948235345689e-8
3984	(   0.7099950152437900508    0.50405227825878995418  -0.38229422437555998782   0.00637036391281999969 )	-0.70999501524379 -5.7338230469161644e-8 6.187585798987254e-8
3985	(   0.70999497524378996083   0.50405234279656996321  -0.38229424110755999555   0.00637149386482000011 )	-0.70999497524379 5.4897602685954894e-8 -7.385920950004081e-8
3986	(   0.70999500003770998902   0.50405231656741000812  -0.38229422274155999695   0.00637077163604999989 )	-0.70999500003771 5.215558623872241e-9 -3.220100917499197e-9
3987	(   0.70999501441946999414   0.50405233468660004537  -0.38229419274156001274   0.00637029987773999988 )	-0.70999501441947 2.452317135470672e-8 5.093370981245791e-9
3988	(   0.70999499941482002718   0.50405232229096996743  -0.38229424274155998642   0.00637053764204999987 )	-0.70999499941482 -3.4106674984268892e-9 -6.846768428859465e-9
3989	(   0.70999500066059995085   0.5040523108438500488   -0.38229420274156000747   0.00637100563004999992 )	-0.7099950006606 1.3841783885748526e-8 4.064571984920603e-10
3990	(   0.70999502003770997849   0.50405232180784997897  -0.38229422212186997543   0.00637055739305000032 )	-0.70999502003771 -1.93157684014178e-8 2.2669000067075695e-8
3991	(   0.70999498003770999954   0.50405231132697003726  -0.38229422336125001847   0.00637098587905000034 )	-0.70999498003771 2.9746884039338894e-8 -2.9109292925061305e-8
3992	(   0.70999499737570004321   0.50405227572011002124  -0.38229421984910999521   0.00636977163604999976 )	-0.7099949973757 -2.9394506578794832e-8 4.658771482825996e-8
3993	(   0.70999500269972004585   0.504052357414709995    -0.38229422563400999868   0.00637177163605000003 )	-0.70999500269972 3.982562357673913e-8 -5.302991644121253e-8
3994	(   0.70999500547921001736   0.50405226656740997893  -0.38229422865410001009   0.00637150961405000011 )	-0.70999500547921 -5.753416587594984e-8 4.5103251574137395e-8
3995	(   0.70999499459620996067   0.50405236656741003731  -0.38229421682901998381   0.00637003365804999968 )	-0.70999499459621 6.796528292940529e-8 -5.15445425211788e-8
3996	(   0.70999500665146997314   0.50405231847609999196  -0.3822942128053299915    0.00637127163605000039 )	-0.70999500665147 4.719526686125519e-9 -2.1083393826897175e-9
3997	(   0.70999502649275003652   0.50405232420217005451  -0.38229418299663997516   0.00637277163605000016 )	-0.70999502649275 3.23142862468373e-9 1.2239455548243919e-9
3998	(   0.70999508601659000462   0.50405234138038002012  -0.38229409357056998164   0.00637727163605000032 )	-0.70999508601659 -1.2328862375454719e-9 1.1193805030289337e-8
3999	(   0.70999526458811001994   0.50405239291501002796  -0.3822938252923600011    0.00639077163604999995 )	-0.70999526458811 -1.4626017535990243e-8 4.086042620028615e-8
4000	(   0.7099958003026699549    0.50405254751890005149  -0.38229302045773000396   0.00643127163604999968 )	-0.70999580030267 -5.4807089810982035e-8 1.2767367207107693e-7
