1	(  -6.7400000000000002132  -19.230000000000000426    14.019999999999999574   -25.989999999999998437   )	-47.94 -8.74 870.0404999999998
2	(  -6.7400000000000002132  -17.230000000000000426    15.019999999999999574   -27.989999999999998437   )	-46.94 -8.74 1007.0404999999998
3	(  -6.7400000000000002132  -21.230000000000000426    13.019999999999999574   -23.989999999999998437   )	-48.94 -8.74 743.0405
4	(  -6.7400000000000002132  -27.230000000000000426    10.019999999999999574   -17.989999999999998437   )	-51.94 -8.74 422.04049999999995
5	(  -6.7400000000000002132  -45.229999999999996874     1.0200000000000000178    0.01000000000000000021 )	-60.94 -8.74 -0.9595
6	(  -6.7400000000000002132  -99.229999999999975557   -25.980000000000000426    54.010000000000012221   )	-87.93999999999994 -8.74 3590.0405000000014
7	(  -7.7400000000000002132  -56.229999999999996874     5.0199999999999995737  -19.989999999999998437   )	-88.94 -9.74 422.80049999999994
8	(  -5.7400000000000002132  -34.229999999999996874    -2.9799999999999999822   20.010000000000001563   )	-32.94 -7.74 407.2805000000001
9	(  -5.7400000000000002132  -60.229999999999996874     7.0199999999999995737    0.01000000000000000021 )	-68.94 -7.74 47.280499999999996
10	(  -7.7400000000000002132  -30.230000000000000426    -4.9800000000000004263    0.01000000000000000021 )	-52.940000000000005 -9.74 22.800500000000003
11	(  -6.7400000000000002132  -50.229999999999996874    -8.9800000000000004263   -9.9900000000000002132  )	-85.94 -8.74 178.44050000000001
12	(  -7.7400000000000002132  -65.229999999999989768    -1.9799999999999999822   15.009999999999999787   )	-69.93999999999998 -9.74 227.2205
13	(  -6.7400000000000002132  -40.229999999999996874    11.019999999999999574    10.009999999999999787   )	-35.940000000000005 -8.74 219.64049999999997
14	(  -5.7400000000000002132  -25.230000000000000426     4.0199999999999995737  -14.990000000000000213   )	-51.940000000000005 -7.74 238.8605
15	(  -6.7099999999999999645  -55.229999999999996874     1.0200000000000000178    0.01000000000000000021 )	-70.91 -8.71 -0.9595
16	(  -6.7099999999999999645  -85.229999999999989768     1.0200000000000000178    0.01000000000000000021 )	-100.90999999999998 -8.71 -0.9595
17	(  -6.7099999999999999645  -175.22999999999996135      1.0200000000000000178    0.01000000000000000021 )	-190.90999999999997 -8.71 -0.9595
18	(  -6.7099999999999999645  -445.2299999999999045       1.0200000000000000178    0.01000000000000000021 )	-460.9099999999999 -8.71 -0.9595
19	(  -6.7099999999999999645  -1255.2299999999997908       1.0200000000000000178    0.01000000000000000021 )	-1270.9099999999999 -8.71 -0.9595
20	(  -6.7099999999999999645  -3685.2299999999995634       1.0200000000000000178    0.01000000000000000021 )	-3700.9099999999994 -8.71 -0.9595
21	(  -6.7099999999999999645  -10975.229999999999563        1.0200000000000000178    0.01000000000000000021 )	-10990.909999999998 -8.71 -0.9595
22	(  -6.7099999999999999645  -32845.229999999995925        1.0200000000000000178    0.01000000000000000021 )	-32860.909999999996 -8.71 -0.9595
23	(  -6.7099999999999999645  -98455.229999999981374        1.0200000000000000178    0.01000000000000000021 )	-98470.90999999999 -8.71 -0.9595
24	(  -6.7099999999999999645  -295285.22999999992317         1.0200000000000000178    0.01000000000000000021 )	-295300.9099999999 -8.71 -0.9595
25	(  -6.7099999999999999645  -885775.22999999974854         1.0200000000000000178    0.01000000000000000021 )	-885790.9099999997 -8.71 -0.9595
26	(  -6.7099999999999999645  -2657245.2299999990501          1.0200000000000000178    0.01000000000000000021 )	-2.657260909999999e6 -8.71 -0.9595
27	(  -6.7099999999999999645  -7971655.2299999976531          1.0200000000000000178    0.01000000000000000021 )	-7.971670909999998e6 -8.71 -0.9595
28	(  -6.7099999999999999645  -23914885.229999996722           1.0200000000000000178    0.01000000000000000021 )	-2.3914900909999996e7 -8.71 -0.9595
29	(  -6.7099999999999999645  -71744575.230000004172           1.0200000000000000178    0.01000000000000000021 )	-7.174459091e7 -8.71 -0.9595
30	(  -6.7099999999999999645  -215233645.23000001907            1.0200000000000000178    0.01000000000000000021 )	-2.1523366091000003e8 -8.71 -0.9595
31	(  -6.7099999999999999645  -645700855.23000001907            1.0200000000000000178    0.01000000000000000021 )	-6.457008709100001e8 -8.71 -0.9595
32	(  -6.7099999999999999645  -1937102485.2300000191             1.0200000000000000178    0.01000000000000000021 )	-1.93710250091e9 -8.71 -0.9595
33	(  -6.7099999999999999645  -5811307375.2299995422             1.0200000000000000178    0.01000000000000000021 )	-5.811307390909999e9 -8.71 -0.9595
34	(  -6.7099999999999999645  -17433922045.229999542              1.0200000000000000178    0.01000000000000000021 )	-1.743392206091e10 -8.71 -0.9595
35	(  -6.7099999999999999645  -52301766055.229995728              1.0200000000000000178    0.01000000000000000021 )	-5.2301766070909996e10 -8.71 -0.9595
36	(  -6.7099999999999999645  -156905298085.23001099               1.0200000000000000178    0.01000000000000000021 )	-1.5690529810091e11 -8.71 -0.9595
37	(  -6.7099999999999999645  -470715894175.23010254               1.0200000000000000178    0.01000000000000000021 )	-4.707158941909101e11 -8.71 -0.9595
38	(  -6.7099999999999999645  -1412147682445.2304688                1.0200000000000000178    0.01000000000000000021 )	-1.4121476824609104e12 -8.71 -0.9595
39	(  -6.7099999999999999645  -4236443047255.2314453                1.0200000000000000178    0.01000000000000000021 )	-4.2364430472709116e12 -8.71 -0.9595
40	(  -6.7099999999999999645  -12709329141685.234375                 1.0200000000000000178    0.01000000000000000021 )	-1.2709329141700916e13 -8.71 -0.9595
41	(  -6.7099999999999999645  -38127987424975.242188                 1.0200000000000000178    0.01000000000000000021 )	-3.812798742499092e13 -8.71 -0.9595
42	(  -6.7099999999999999645  -114383962274845.25                     1.0200000000000000178    0.01000000000000000021 )	-1.1438396227486092e14 -8.71 -0.9595
43	(  -6.7099999999999999645  -343151886824455.25                     1.0200000000000000178    0.01000000000000000021 )	-3.4315188682447094e14 -8.71 -0.9595
44	(  -6.7099999999999999645  -1029455660473285.125                    1.0200000000000000178    0.01000000000000000021 )	-1.0294556604733009e15 -8.71 -0.9595
45	(  -6.7099999999999999645  -3088366981419775                        1.0200000000000000178    0.01000000000000000021 )	-3.0883669814197905e15 -8.71 -0.9595
46	(  -6.7099999999999999645  -9265100944259246                        1.0200000000000000178    0.01000000000000000021 )	-9.265100944259262e15 -8.71 -0.9595
47	(  -6.7099999999999999645  -27795302832777660                        1.0200000000000000178    0.01000000000000000021 )	-2.7795302832777676e16 -8.71 -0.9595
48	(  -6.7099999999999999645  -83385908498332912                        1.0200000000000000178    0.01000000000000000021 )	-8.338590849833291e16 -8.71 -0.9595
49	(  -6.7099999999999999645  -250157725494998656                        1.0200000000000000178    0.01000000000000000021 )	-2.5015772549499866e17 -8.71 -0.9595
50	(  -6.7099999999999999645  -750473176484995840                        1.0200000000000000178    0.01000000000000000021 )	-7.504731764849958e17 -8.71 -0.9595
51	(  -6.7099999999999999645  -2251419529454987264                        1.0200000000000000178    0.01000000000000000021 )	-2.2514195294549873e18 -8.71 -0.9595
52	(  -6.7099999999999999645  -6754258588364962816                        1.0200000000000000178    0.01000000000000000021 )	-6.754258588364963e18 -8.71 -0.9595
53	(  -6.7099999999999999645  -20262775765094891520                        1.0200000000000000178    0.01000000000000000021 )	-2.026277576509489e19 -8.71 -0.9595
54	(  -6.7099999999999999645  -60788327295284682752                        1.0200000000000000178    0.01000000000000000021 )	-6.078832729528468e19 -8.71 -0.9595
55	(  -6.7099999999999999645  -182364981885854056448.0                      1.0200000000000000178    0.01000000000000000021 )	-1.8236498188585406e20 -8.71 -0.9595
56	(  -6.7099999999999999645  -547094945657562202112.0                      1.0200000000000000178    0.01000000000000000021 )	-5.470949456575622e20 -8.71 -0.9595
57	(  -6.7099999999999999645  -1641284836972686737408.0                      1.0200000000000000178    0.01000000000000000021 )	-1.6412848369726867e21 -8.71 -0.9595
58	(  -6.7099999999999999645  -4923854510918060736512.0                      1.0200000000000000178    0.01000000000000000021 )	-4.923854510918061e21 -8.71 -0.9595
59	(  -6.7099999999999999645  -14771563532754182209536.0                      1.0200000000000000178    0.01000000000000000021 )	-1.4771563532754182e22 -8.71 -0.9595
60	(  -6.7099999999999999645  -44314690598262550822912.0                      1.0200000000000000178    0.01000000000000000021 )	-4.431469059826255e22 -8.71 -0.9595
61	(  -6.7099999999999999645  -132944071794787652468736.0                      1.0200000000000000178    0.01000000000000000021 )	-1.3294407179478765e23 -8.71 -0.9595
62	(  -6.7099999999999999645  -398832215384362990960640.0                      1.0200000000000000178    0.01000000000000000021 )	-3.98832215384363e23 -8.71 -0.9595
63	(  -6.7099999999999999645  -1196496646153088972881920.0                      1.0200000000000000178    0.01000000000000000021 )	-1.196496646153089e24 -8.71 -0.9595
64	(  -6.7099999999999999645  -3589489938459267455516672.0                      1.0200000000000000178    0.01000000000000000021 )	-3.5894899384592675e24 -8.71 -0.9595
65	(  -6.7099999999999999645  -10768469815377802903420928.0                      1.0200000000000000178    0.01000000000000000021 )	-1.0768469815377803e25 -8.71 -0.9595
66	(  -6.7099999999999999645  -32305409446133410857746432.0                      1.0200000000000000178    0.01000000000000000021 )	-3.230540944613341e25 -8.71 -0.9595
67	(  -6.7099999999999999645  -96916228338400241163173888.0                      1.0200000000000000178    0.01000000000000000021 )	-9.691622833840024e25 -8.71 -0.9595
68	(  -6.7099999999999999645  -290748685015200723489521664.0                      1.0200000000000000178    0.01000000000000000021 )	-2.9074868501520072e26 -8.71 -0.9595
69	(  -6.7099999999999999645  -872246055045602342267256832.0                      1.0200000000000000178    0.01000000000000000021 )	-8.722460550456023e26 -8.71 -0.9595
70	(  -6.7099999999999999645  -2616738165136807301679677440.0                      1.0200000000000000178    0.01000000000000000021 )	-2.6167381651368073e27 -8.71 -0.9595
71	(  -6.7099999999999999645  -7850214495410421905039032320.0                      1.0200000000000000178    0.01000000000000000021 )	-7.850214495410422e27 -8.71 -0.9595
72	(  -6.7099999999999999645  -23550643486231265715117096960.0                      1.0200000000000000178    0.01000000000000000021 )	-2.3550643486231266e28 -8.71 -0.9595
73	(  -6.7099999999999999645  -70651930458693792747304779776.0                      1.0200000000000000178    0.01000000000000000021 )	-7.065193045869379e28 -8.71 -0.9595
74	(  -6.7099999999999999645  -211955791376081360649728294912.0                      1.0200000000000000178    0.01000000000000000021 )	-2.1195579137608136e29 -8.71 -0.9595
75	(  -6.7099999999999999645  -635867374128244081949184884736.0                      1.0200000000000000178    0.01000000000000000021 )	-6.358673741282441e29 -8.71 -0.9595
76	(  -6.7099999999999999645  -1907602122384732386585043009536.0                      1.0200000000000000178    0.01000000000000000021 )	-1.9076021223847324e30 -8.71 -0.9595
77	(  -6.7099999999999999645  -5722806367154197722705082449920.0                      1.0200000000000000178    0.01000000000000000021 )	-5.722806367154198e30 -8.71 -0.9595
78	(  -6.7099999999999999645  -17168419101462595419915061035008.0                      1.0200000000000000178    0.01000000000000000021 )	-1.7168419101462595e31 -8.71 -0.9595
79	(  -6.7099999999999999645  -51505257304387790763344810475520.0                      1.0200000000000000178    0.01000000000000000021 )	-5.150525730438779e31 -8.71 -0.9595
80	(  -6.7099999999999999645  -154515771913163381297233686167552.0                      1.0200000000000000178    0.01000000000000000021 )	-1.5451577191316338e32 -8.71 -0.9595
81	(  -6.7099999999999999645  -463547315739490161906099567984640.0                      1.0200000000000000178    0.01000000000000000021 )	-4.6354731573949016e32 -8.71 -0.9595
82	(  -6.7099999999999999645  -1390641947218470701891080817737728.0                      1.0200000000000000178    0.01000000000000000021 )	-1.3906419472184707e33 -8.71 -0.9595
83	(  -6.7099999999999999645  -4171925841655412105673242453213184.0                      1.0200000000000000178    0.01000000000000000021 )	-4.171925841655412e33 -8.71 -0.9595
84	(  -6.7099999999999999645  -12515777524966235740558975056216064.0                      1.0200000000000000178    0.01000000000000000021 )	-1.2515777524966236e34 -8.71 -0.9595
85	(  -6.7099999999999999645  -37547332574898704915833915954954240.0                      1.0200000000000000178    0.01000000000000000021 )	-3.7547332574898705e34 -8.71 -0.9595
86	(  -6.7099999999999999645  -112641997724696100912443692582699008.0                      1.0200000000000000178    0.01000000000000000021 )	-1.126419977246961e35 -8.71 -0.9595
87	(  -6.7099999999999999645  -337925993174088339630819225167200256.0                      1.0200000000000000178    0.01000000000000000021 )	-3.3792599317408834e35 -8.71 -0.9595
88	(  -6.7099999999999999645  -1013777979522264871318505085825187840.0                      1.0200000000000000178    0.01000000000000000021 )	-1.0137779795222649e36 -8.71 -0.9595
89	(  -6.7099999999999999645  -3041333938566794318807610078122737664.0                      1.0200000000000000178    0.01000000000000000021 )	-3.0413339385667943e36 -8.71 -0.9595
90	(  -6.7099999999999999645  -9124001815700382956422830234368212992.0                      1.0200000000000000178    0.01000000000000000021 )	-9.124001815700383e36 -8.71 -0.9595
91	(  -6.7099999999999999645  -27372005447101147688676869985693335552.0                      1.0200000000000000178    0.01000000000000000021 )	-2.737200544710115e37 -8.71 -0.9595
92	(  -6.7099999999999999645  -82116016341303433621297644217789579264.0                      1.0200000000000000178    0.01000000000000000021 )	-8.211601634130343e37 -8.71 -0.9595
93	(  -6.7099999999999999645  -246348049023910291419159966914078310400.0                      1.0200000000000000178    0.01000000000000000021 )	-2.463480490239103e38 -8.71 -0.9595
94	(  -6.7099999999999999645  -739044147071730760920684311870749802496.0                      1.0200000000000000178    0.01000000000000000021 )	-7.390441470717308e38 -8.71 -0.9595
95	(  -6.7099999999999999645  -2217132441215192433877780387440896245760.0                      1.0200000000000000178    0.01000000000000000021 )	-2.2171324412151924e39 -8.71 -0.9595
96	(  -6.7099999999999999645  -6651397323645577906096250969637276090368.0                      1.0200000000000000178    0.01000000000000000021 )	-6.651397323645578e39 -8.71 -0.9595
97	(  -6.7099999999999999645  -19954191970936731300437113679653478858752.0                      1.0200000000000000178    0.01000000000000000021 )	-1.9954191970936731e40 -8.71 -0.9595
98	(  -6.7099999999999999645  -59862575912810193901311341038960436576256.0                      1.0200000000000000178    0.01000000000000000021 )	-5.986257591281019e40 -8.71 -0.9595
99	(  -6.7099999999999999645  -179587727738430591375340580033914707378176.0                      1.0200000000000000178    0.01000000000000000021 )	-1.795877277384306e41 -8.71 -0.9595
100	(  -6.7099999999999999645  -538763183215291812811647967769877712732160.0                      1.0200000000000000178    0.01000000000000000021 )	-5.387631832152918e41 -8.71 -0.9595
101	(  -6.7099999999999999645  -1616289549645875670548701269318434681782272.0                      1.0200000000000000178    0.01000000000000000021 )	-1.6162895496458757e42 -8.71 -0.9595
102	(  -6.7099999999999999645  -4848868648937626702161093986610235320565760.0                      1.0200000000000000178    0.01000000000000000021 )	-4.848868648937627e42 -8.71 -0.9595
103	(  -6.7099999999999999645  -14546605946812877630603203389070156163448832.0                      1.0200000000000000178    0.01000000000000000021 )	-1.4546605946812878e43 -8.71 -0.9595
104	(  -6.7099999999999999645  -43639817840438627940049453025689368893849600.0                      1.0200000000000000178    0.01000000000000000021 )	-4.363981784043863e43 -8.71 -0.9595
105	(  -6.7099999999999999645  -130919453521315854109587416227941509102567424.0                      1.0200000000000000178    0.01000000000000000021 )	-1.3091945352131585e44 -8.71 -0.9595
106	(  -6.7099999999999999645  -392758360563947522714680991551655730535727104.0                      1.0200000000000000178    0.01000000000000000021 )	-3.927583605639475e44 -8.71 -0.9595
107	(  -6.7099999999999999645  -1178275081691842488915880460390629598063230976.0                      1.0200000000000000178    0.01000000000000000021 )	-1.1782750816918425e45 -8.71 -0.9595
108	(  -6.7099999999999999645  -3534825245075526832922341267057188045838090240.0                      1.0200000000000000178    0.01000000000000000021 )	-3.534825245075527e45 -8.71 -0.9595
109	(  -6.7099999999999999645  -10604475735226577963465823344712761144107859968.0                      1.0200000000000000178    0.01000000000000000021 )	-1.0604475735226578e46 -8.71 -0.9595
110	(  -6.7099999999999999645  -31813427205679730087445669349450078942213963776.0                      1.0200000000000000178    0.01000000000000000021 )	-3.181342720567973e46 -8.71 -0.9595
111	(  -6.7099999999999999645  -95440281617039185191734607135432630839829069824.0                      1.0200000000000000178    0.01000000000000000021 )	-9.544028161703919e46 -8.71 -0.9595
112	(  -6.7099999999999999645  -286320844851117515010384614102957044624984637440.0                      1.0200000000000000178    0.01000000000000000021 )	-2.863208448511175e47 -8.71 -0.9595
113	(  -6.7099999999999999645  -858962534553352585595973049612211981769456484352.0                      1.0200000000000000178    0.01000000000000000021 )	-8.589625345533526e47 -8.71 -0.9595
114	(  -6.7099999999999999645  -2576887603660058081306472807263362728464390029312.0                      1.0200000000000000178    0.01000000000000000021 )	-2.576887603660058e48 -8.71 -0.9595
115	(  -6.7099999999999999645  -7730662810980174568437972080216814968549190664192.0                      1.0200000000000000178    0.01000000000000000021 )	-7.730662810980175e48 -8.71 -0.9595
116	(  -6.7099999999999999645  -23191988432940526301462345508064259170895736602624.0                      1.0200000000000000178    0.01000000000000000021 )	-2.3191988432940526e49 -8.71 -0.9595
117	(  -6.7099999999999999645  -69575965298821581500535465791606591777935374417920.0                      1.0200000000000000178    0.01000000000000000021 )	-6.957596529882158e49 -8.71 -0.9595
118	(  -6.7099999999999999645  -208727895896464754886200114444475032394798781693952.0                      1.0200000000000000178    0.01000000000000000021 )	-2.0872789589646475e50 -8.71 -0.9595
119	(  -6.7099999999999999645  -626183687689394306196975211612046125428366978842624.0                      1.0200000000000000178    0.01000000000000000021 )	-6.261836876893943e50 -8.71 -0.9595
120	(  -6.7099999999999999645  -1878551063068183084744425107950622489260983471570944.0                      1.0200000000000000178    0.01000000000000000021 )	-1.878551063068183e51 -8.71 -0.9595
121	(  -6.7099999999999999645  -5635653189204549586540274270080835693734715484798976.0                      1.0200000000000000178    0.01000000000000000021 )	-5.6356531892045496e51 -8.71 -0.9595
122	(  -6.7099999999999999645  -16906959567613648759620822810242507081204146454396928.0                      1.0200000000000000178    0.01000000000000000021 )	-1.690695956761365e52 -8.71 -0.9595
123	(  -6.7099999999999999645  -50720878702840940961950485291064029628384198241812480.0                      1.0200000000000000178    0.01000000000000000021 )	-5.072087870284094e52 -8.71 -0.9595
124	(  -6.7099999999999999645  -152162636108522822885851455873192088885152594725437440.0                      1.0200000000000000178    0.01000000000000000021 )	-1.5216263610852282e53 -8.71 -0.9595
125	(  -6.7099999999999999645  -456487908325568468657554367619576266655457784176312320.0                      1.0200000000000000178    0.01000000000000000021 )	-4.564879083255685e53 -8.71 -0.9595
126	(  -6.7099999999999999645  -1369463724976705405972663102858728799966373352528936960.0                      1.0200000000000000178    0.01000000000000000021 )	-1.3694637249767054e54 -8.71 -0.9595
127	(  -6.7099999999999999645  -4108391174930116217917989308576186399899120057586810880.0                      1.0200000000000000178    0.01000000000000000021 )	-4.108391174930116e54 -8.71 -0.9595
128	(  -6.7099999999999999645  -12325173524790347973189234083851632272948145309224009728.0                      1.0200000000000000178    0.01000000000000000021 )	-1.2325173524790348e55 -8.71 -0.9595
129	(  -6.7099999999999999645  -36975520574371038475049831516539481404850717019380645888.0                      1.0200000000000000178    0.01000000000000000021 )	-3.697552057437104e55 -8.71 -0.9595
130	(  -6.7099999999999999645  -110926561723113099091595882344572197972570994333267787776.0                      1.0200000000000000178    0.01000000000000000021 )	-1.109265617231131e56 -8.71 -0.9595
131	(  -6.7099999999999999645  -332779685169339297274787647033716593917712982999803363328.0                      1.0200000000000000178    0.01000000000000000021 )	-3.327796851693393e56 -8.71 -0.9595
132	(  -6.7099999999999999645  -998339055508017891824362941101149781753138948999410089984.0                      1.0200000000000000178    0.01000000000000000021 )	-9.983390555080179e56 -8.71 -0.9595
133	(  -6.7099999999999999645  -2995017166524053501248516959782956052011617841932906004480.0                      1.0200000000000000178    0.01000000000000000021 )	-2.9950171665240535e57 -8.71 -0.9595
134	(  -6.7099999999999999645  -8985051499572157716152401063020975464070069444753529765888.0                      1.0200000000000000178    0.01000000000000000021 )	-8.985051499572158e57 -8.71 -0.9595
135	(  -6.7099999999999999645  -26955154498716473148457203189062926392210208334260589297664.0                      1.0200000000000000178    0.01000000000000000021 )	-2.6955154498716473e58 -8.71 -0.9595
136	(  -6.7099999999999999645  -80865463496149408294999010301877208408771488678601014902784.0                      1.0200000000000000178    0.01000000000000000021 )	-8.086546349614941e58 -8.71 -0.9595
137	(  -6.7099999999999999645  -242596390488448202584251832375008483690596193387441538727936.0                      1.0200000000000000178    0.01000000000000000021 )	-2.425963904884482e59 -8.71 -0.9595
138	(  -6.7099999999999999645  -727789171465344607752755497125025451071788580162324616183808.0                      1.0200000000000000178    0.01000000000000000021 )	-7.277891714653446e59 -8.71 -0.9595
139	(  -6.7099999999999999645  -2183367514396033734055285697252583787072492649893527824629760.0                      1.0200000000000000178    0.01000000000000000021 )	-2.1833675143960337e60 -8.71 -0.9595
140	(  -6.7099999999999999645  -6550102543188100488542010738777810832074493224933015282515968.0                      1.0200000000000000178    0.01000000000000000021 )	-6.5501025431881e60 -8.71 -0.9595
141	(  -6.7099999999999999645  -19650307629564301465626032216333432496223479674799045847547904.0                      1.0200000000000000178    0.01000000000000000021 )	-1.9650307629564301e61 -8.71 -0.9595
142	(  -6.7099999999999999645  -58950922888692907251373482060920059605242377923387410308136960.0                      1.0200000000000000178    0.01000000000000000021 )	-5.895092288869291e61 -8.71 -0.9595
143	(  -6.7099999999999999645  -176852768666078733172101987830439227282014889366123321986383872.0                      1.0200000000000000178    0.01000000000000000021 )	-1.7685276866607873e62 -8.71 -0.9595
144	(  -6.7099999999999999645  -530558305998236245188232130082033875711195690482214330207043584.0                      1.0200000000000000178    0.01000000000000000021 )	-5.305583059982362e62 -8.71 -0.9595
145	(  -6.7099999999999999645  -1591674917994708735564696390246101627133587071446642990621130752.0                      1.0200000000000000178    0.01000000000000000021 )	-1.5916749179947087e63 -8.71 -0.9595
146	(  -6.7099999999999999645  -4775024753984126389381793837101169656861365303875306428854960128.0                      1.0200000000000000178    0.01000000000000000021 )	-4.7750247539841264e63 -8.71 -0.9595
147	(  -6.7099999999999999645  -14325074261952380629647018842206427174268928627908938942497423360.0                      1.0200000000000000178    0.01000000000000000021 )	-1.432507426195238e64 -8.71 -0.9595
148	(  -6.7099999999999999645  -42975222785857141888941056526619281522806785883726816827492270080.0                      1.0200000000000000178    0.01000000000000000021 )	-4.297522278585714e64 -8.71 -0.9595
149	(  -6.7099999999999999645  -128925668357571419820816620256246171753681026786048371858746638336.0                      1.0200000000000000178    0.01000000000000000021 )	-1.2892566835757142e65 -8.71 -0.9595
150	(  -6.7099999999999999645  -386777005072714236078423663474291824002085756897616801081319227392.0                      1.0200000000000000178    0.01000000000000000021 )	-3.8677700507271424e65 -8.71 -0.9595
151	(  -6.7099999999999999645  -1160331015218142614699166201245088706970427976850737145264274931712.0                      1.0200000000000000178    0.01000000000000000021 )	-1.1603310152181426e66 -8.71 -0.9595
152	(  -6.7099999999999999645  -3480993045654427844097498603735266120911283930552211435792824795136.0                      1.0200000000000000178    0.01000000000000000021 )	-3.480993045654428e66 -8.71 -0.9595
153	(  -6.7099999999999999645  -10442979136963284280581334124628092483020486142393540371215936389120.0                      1.0200000000000000178    0.01000000000000000021 )	-1.0442979136963284e67 -8.71 -0.9595
154	(  -6.7099999999999999645  -31328937410889855834899355627573453930207995830128245368997657182208.0                      1.0200000000000000178    0.01000000000000000021 )	-3.1328937410889856e67 -8.71 -0.9595
155	(  -6.7099999999999999645  -93986812232669567504698066882720361790623987490384736106992971546624.0                      1.0200000000000000178    0.01000000000000000021 )	-9.398681223266957e67 -8.71 -0.9595
156	(  -6.7099999999999999645  -281960436698008690541472787633404379447285812859363711299579522580480.0                      1.0200000000000000178    0.01000000000000000021 )	-2.819604366980087e68 -8.71 -0.9595
157	(  -6.7099999999999999645  -845881310094025975843447058782159490945168241683767157727543431266304.0                      1.0200000000000000178    0.01000000000000000021 )	-8.45881310094026e68 -8.71 -0.9595
158	(  -6.7099999999999999645  -2537643930282078023311312480464532120232193921945625449353825430274048.0                      1.0200000000000000178    0.01000000000000000021 )	-2.537643930282078e69 -8.71 -0.9595
159	(  -6.7099999999999999645  -7612931790846234069933937441393596360696581765836876348061476290822144.0                      1.0200000000000000178    0.01000000000000000021 )	-7.612931790846234e69 -8.71 -0.9595
160	(  -6.7099999999999999645  -22838795372538702209801812324180789082089745297510629044184428872466432.0                      1.0200000000000000178    0.01000000000000000021 )	-2.2838795372538702e70 -8.71 -0.9595
161	(  -6.7099999999999999645  -68516386117616109694396518704320083962963290193150254370031530984603648.0                      1.0200000000000000178    0.01000000000000000021 )	-6.851638611761611e70 -8.71 -0.9595
162	(  -6.7099999999999999645  -205549158352848353603118209967181985622442304984397701009920547891445760.0                      1.0200000000000000178    0.01000000000000000021 )	-2.0554915835284835e71 -8.71 -0.9595
163	(  -6.7099999999999999645  -616647475058545060809354629901545956867326914953193103029761643674337280.0                      1.0200000000000000178    0.01000000000000000021 )	-6.166474750585451e71 -8.71 -0.9595
164	(  -6.7099999999999999645  -1849942425175635182428063889704637870601980744859579309089284931023011840.0                      1.0200000000000000178    0.01000000000000000021 )	-1.849942425175635e72 -8.71 -0.9595
165	(  -6.7099999999999999645  -5549827275526905547284191669113913611805942234578737927267854793069035520.0                      1.0200000000000000178    0.01000000000000000021 )	-5.5498272755269055e72 -8.71 -0.9595
166	(  -6.7099999999999999645  -16649481826580715857214858084006645355944148802777911769009133821202792448.0                      1.0200000000000000178    0.01000000000000000021 )	-1.6649481826580716e73 -8.71 -0.9595
167	(  -6.7099999999999999645  -49948445479742144433093706558679554149937734804500527255849679231591120896.0                      1.0200000000000000178    0.01000000000000000021 )	-4.9948445479742144e73 -8.71 -0.9595
168	(  -6.7099999999999999645  -149845336439226427022179384289357898614023781205835165665193593230738849792.0                      1.0200000000000000178    0.01000000000000000021 )	-1.4984533643922643e74 -8.71 -0.9595
169	(  -6.7099999999999999645  -449536009317679255958131211321350640498913650786839832586159001836078497792.0                      1.0200000000000000178    0.01000000000000000021 )	-4.4953600931767926e74 -8.71 -0.9595
170	(  -6.7099999999999999645  -1348608027953037416356696452309929146692533252731200196026572115522302771200.0                      1.0200000000000000178    0.01000000000000000021 )	-1.3486080279530374e75 -8.71 -0.9595
171	(  -6.7099999999999999645  -4045824083859111847335578292182218554587076672902949957528967900868699488256.0                      1.0200000000000000178    0.01000000000000000021 )	-4.045824083859112e75 -8.71 -0.9595
172	(  -6.7099999999999999645  -12137472251577335542006734876546655663761230018708849872586903702606098464768.0                      1.0200000000000000178    0.01000000000000000021 )	-1.2137472251577336e76 -8.71 -0.9595
173	(  -6.7099999999999999645  -36412416754732005019082160370649691449321597714963947095557717325025460092928.0                      1.0200000000000000178    0.01000000000000000021 )	-3.6412416754732005e76 -8.71 -0.9595
174	(  -6.7099999999999999645  -109237250264196008629494304075987972180116423780241431197861176843905039073280.0                      1.0200000000000000178    0.01000000000000000021 )	-1.0923725026419601e77 -8.71 -0.9595
175	(  -6.7099999999999999645  -327711750792588000177474204084119507868955793882122653238335630007029752397824.0                      1.0200000000000000178    0.01000000000000000021 )	-3.27711750792588e77 -8.71 -0.9595
176	(  -6.7099999999999999645  -983135252377763949110405195964669706264080426729164679004511088971718527549440.0                      1.0200000000000000178    0.01000000000000000021 )	-9.83135252377764e77 -8.71 -0.9595
177	(  -6.7099999999999999645  -2949405757133291435955076257592498580049945640849867791329566858520189745496064.0                      1.0200000000000000178    0.01000000000000000021 )	-2.9494057571332914e78 -8.71 -0.9595
178	(  -6.7099999999999999645  -8848217271399874307865228772777495740149836922549603373988700575560569236488192.0                      1.0200000000000000178    0.01000000000000000021 )	-8.848217271399874e78 -8.71 -0.9595
179	(  -6.7099999999999999645  -26544651814199621278091128997126445065480328210298305139230236093101844360855552.0                      1.0200000000000000178    0.01000000000000000021 )	-2.654465181419962e79 -8.71 -0.9595
180	(  -6.7099999999999999645  -79633955442598850670236928421730997956687524172090875555803783210666626293694464.0                      1.0200000000000000178    0.01000000000000000021 )	-7.963395544259885e79 -8.71 -0.9595
181	(  -6.7099999999999999645  -238901866327796565174747243834841331109816032975076666529298274700638785669955584.0                      1.0200000000000000178    0.01000000000000000021 )	-2.3890186632779657e80 -8.71 -0.9595
182	(  -6.7099999999999999645  -716705598983389800836533400061710691247475782595662318482990224651027611320844288.0                      1.0200000000000000178    0.01000000000000000021 )	-7.167055989833898e80 -8.71 -0.9595
183	(  -6.7099999999999999645  -2150116796950169507821891868742318771660455031457419274344066074502194088273510400.0                      1.0200000000000000178    0.01000000000000000021 )	-2.1501167969501695e81 -8.71 -0.9595
184	(  -6.7099999999999999645  -6450350390850509365964008954684449898325586563735716374192961427899472299308351488.0                      1.0200000000000000178    0.01000000000000000021 )	-6.450350390850509e81 -8.71 -0.9595
185	(  -6.7099999999999999645  -19351051172551530625387026909425830445009424099297524776061173896877087001388515328.0                      1.0200000000000000178    0.01000000000000000021 )	-1.935105117255153e82 -8.71 -0.9595
186	(  -6.7099999999999999645  -58053153517654598616147747515937440001782044052800242737469627325774381280068108288.0                      1.0200000000000000178    0.01000000000000000021 )	-5.80531535176546e82 -8.71 -0.9595
187	(  -6.7099999999999999645  -174159460552963809328416576123132217338853675668216065030981093247609384392009449472.0                      1.0200000000000000178    0.01000000000000000021 )	-1.741594605529638e83 -8.71 -0.9595
188	(  -6.7099999999999999645  -522478381658891401025303061218756857349545939985017521455798857202255672072418099200.0                      1.0200000000000000178    0.01000000000000000021 )	-5.224783816588914e83 -8.71 -0.9595
189	(  -6.7099999999999999645  -1567435144976674095236122515053711393380577471876529869818818881444477091802813300736.0                      1.0200000000000000178    0.01000000000000000021 )	-1.567435144976674e84 -8.71 -0.9595
190	(  -6.7099999999999999645  -4702305434930022070028794207956015822805611719472544220359301264008851426579557908480.0                      1.0200000000000000178    0.01000000000000000021 )	-4.702305434930022e84 -8.71 -0.9595
191	(  -6.7099999999999999645  -14106916304790067072804675972688520897761317943045814217466525313324873675054201700352.0                      1.0200000000000000178    0.01000000000000000021 )	-1.4106916304790067e85 -8.71 -0.9595
192	(  -6.7099999999999999645  -42320748914370204669287201313347456410661884967650168877954062025167898606424717000704.0                      1.0200000000000000178    0.01000000000000000021 )	-4.2320748914370205e85 -8.71 -0.9595
193	(  -6.7099999999999999645  -126962246743110620909607950730606156666741517179975959084971158245890250981798374801408.0                      1.0200000000000000178    0.01000000000000000021 )	-1.2696224674311062e86 -8.71 -0.9595
194	(  -6.7099999999999999645  -380886740229331835121838465029563320261201102431826067450477586056124532295298229207040.0                      1.0200000000000000178    0.01000000000000000021 )	-3.8088674022933184e86 -8.71 -0.9595
195	(  -6.7099999999999999645  -1142660220687995394937573846439669361827509510863070963133689203442188714285507106832384.0                      1.0200000000000000178    0.01000000000000000021 )	-1.1426602206879954e87 -8.71 -0.9595
196	(  -6.7099999999999999645  -3427980662063985963956838442020966887570340939724398410965580500874196377655746158919680.0                      1.0200000000000000178    0.01000000000000000021 )	-3.427980662063986e87 -8.71 -0.9595
197	(  -6.7099999999999999645  -10283941986191956566735216742274653475237897261984308362283818845908370541762587507294208.0                      1.0200000000000000178    0.01000000000000000021 )	-1.0283941986191957e88 -8.71 -0.9595
198	(  -6.7099999999999999645  -30851825958575871467052715005208290009011192528871440914335353413344069746893963814502400.0                      1.0200000000000000178    0.01000000000000000021 )	-3.085182595857587e88 -8.71 -0.9595
199	(  -6.7099999999999999645  -92555477875727628535934663242699506693413583529962449362877235244983874213531501784465408.0                      1.0200000000000000178    0.01000000000000000021 )	-9.255547787572763e88 -8.71 -0.9595
200	(  -6.7099999999999999645  -277666433627182928012133544409322430079380768419931727948245230749806617559143336376270848.0                      1.0200000000000000178    0.01000000000000000021 )	-2.776664336271829e89 -8.71 -0.9595
201	(  -6.7099999999999999645  -832999300881548784036400633227967290238142305259795183844735692249419852677430009128812544.0                      1.0200000000000000178    0.01000000000000000021 )	-8.329993008815488e89 -8.71 -0.9595
202	(  -6.7099999999999999645  -2498997902644646465187414045500498964045466963326170564493176476787872877815086910114103296.0                      1.0200000000000000178    0.01000000000000000021 )	-2.4989979026446465e90 -8.71 -0.9595
203	(  -6.7099999999999999645  -7496993707933940300187939303034273638784721270352791797151284630680525191707635792163635200.0                      1.0200000000000000178    0.01000000000000000021 )	-7.49699370793394e90 -8.71 -0.9595
204	(  -6.7099999999999999645  -22490981123801820900563817909102820916354163811058375391453853892041575575122907376490905600.0                      1.0200000000000000178    0.01000000000000000021 )	-2.249098112380182e91 -8.71 -0.9595
205	(  -6.7099999999999999645  -67472943371405462701691453727308462749062491433175126174361561676124726725368722129472716800.0                      1.0200000000000000178    0.01000000000000000021 )	-6.747294337140546e91 -8.71 -0.9595
206	(  -6.7099999999999999645  -202418830114216388105074361181925388247187474299525378523084685028374180176106166388418150400.0                      1.0200000000000000178    0.01000000000000000021 )	-2.024188301142164e92 -8.71 -0.9595
207	(  -6.7099999999999999645  -607256490342649164315223083545776164741562422898576135569254055085122540528318499165254451200.0                      1.0200000000000000178    0.01000000000000000021 )	-6.072564903426492e92 -8.71 -0.9595
208	(  -6.7099999999999999645  -1821769471027947724529847725269719341366657286071544113247731496536495700500123513322022633472.0                      1.0200000000000000178    0.01000000000000000021 )	-1.8217694710279477e93 -8.71 -0.9595
209	(  -6.7099999999999999645  -5465308413083843405173721650441548871241941875590448046283163820890615180415538555792327180288.0                      1.0200000000000000178    0.01000000000000000021 )	-5.465308413083843e93 -8.71 -0.9595
210	(  -6.7099999999999999645  -16395925239251532068194592748383773390861585765777869791169246112920870172567959793987055779840.0                      1.0200000000000000178    0.01000000000000000021 )	-1.6395925239251532e94 -8.71 -0.9595
211	(  -6.7099999999999999645  -49187775717754605467950917230446954058263557992366237635106511590007733674310600015011538534400.0                      1.0200000000000000178    0.01000000000000000021 )	-4.9187775717754605e94 -8.71 -0.9595
212	(  -6.7099999999999999645  -147563327153263846046627596444286890608962836201203123342435609174007595124073306070795803426816.0                      1.0200000000000000178    0.01000000000000000021 )	-1.4756332715326385e95 -8.71 -0.9595
213	(  -6.7099999999999999645  -442689981459791567782657634085806700261060670827713780464422901926007179473361424238148598104064.0                      1.0200000000000000178    0.01000000000000000021 )	-4.4268998145979157e95 -8.71 -0.9595
214	(  -6.7099999999999999645  -1328069944379374762633522591763312157651526336931350162267500854585990326622367284765968169959424.0                      1.0200000000000000178    0.01000000000000000021 )	-1.3280699443793748e96 -8.71 -0.9595
215	(  -6.7099999999999999645  -3984209833138124287900567775289936472954579010794050486802502563757970979867101854297904509878272.0                      1.0200000000000000178    0.01000000000000000021 )	-3.9842098331381243e96 -8.71 -0.9595
216	(  -6.7099999999999999645  -11952629499414372863701703325869809418863737032382151460407507691273912939601305562893713529634816.0                      1.0200000000000000178    0.01000000000000000021 )	-1.1952629499414373e97 -8.71 -0.9595
217	(  -6.7099999999999999645  -35857888498243114796829929849232336617017174332461089845271665550111736373857803917383708547481600.0                      1.0200000000000000178    0.01000000000000000021 )	-3.5857888498243115e97 -8.71 -0.9595
218	(  -6.7099999999999999645  -107573665494729344390489789547697009851051522997383269535814996650335209121573411752151125642444800.0                      1.0200000000000000178    0.01000000000000000021 )	-1.0757366549472934e98 -8.71 -0.9595
219	(  -6.7099999999999999645  -322720996484188033171469368643091029553154568992149808607444989951005627364720235256453376927334400.0                      1.0200000000000000178    0.01000000000000000021 )	-3.2272099648418803e98 -8.71 -0.9595
220	(  -6.7099999999999999645  -968162989452564160222810987983306554892648295211415258397548690232376921213298510110119043444768768.0                      1.0200000000000000178    0.01000000000000000021 )	-9.681629894525642e98 -8.71 -0.9595
221	(  -6.7099999999999999645  -2904488968357692844918850256274120462077052415044040770643928392973290998354722356374910606310899712.0                      1.0200000000000000178    0.01000000000000000021 )	-2.904488968357693e99 -8.71 -0.9595
222	(  -6.7099999999999999645  -8713466905073078049089327712390093656365680539252395651330075415884992682111064634398660517630574592.0                      1.0200000000000000178    0.01000000000000000021 )	-8.713466905073078e99 -8.71 -0.9595
223	(  -6.7099999999999999645  -26140400715219230261930198685712139130173227970719373669176548143375935542708374425387411142474727424.0                      1.0200000000000000178    0.01000000000000000021 )	-2.614040071521923e100 -8.71 -0.9595
224	(  -6.7099999999999999645  -78421202145657690785790596057136417390519683912158121007529644430127806628125123276162233427424182272.0                      1.0200000000000000178    0.01000000000000000021 )	-7.842120214565769e100 -8.71 -0.9595
225	(  -6.7099999999999999645  -235263606436973072357371788171409252171559051736474363022588933290383419884375369828486700282272546816.0                      1.0200000000000000178    0.01000000000000000021 )	-2.3526360643697307e101 -8.71 -0.9595
226	(  -6.7099999999999999645  -705790819310919279237519915737558025937458173562028101624785649539614939711123221130397227413489582080.0                      1.0200000000000000178    0.01000000000000000021 )	-7.057908193109193e101 -8.71 -0.9595
227	(  -6.7099999999999999645  -2117372457932758086374177952105995155503498594096504355102432347292703539365358109970940188507156512768.0                      1.0200000000000000178    0.01000000000000000021 )	-2.117372457932758e102 -8.71 -0.9595
228	(  -6.7099999999999999645  -6352117373798274507784152061211306544201619855699933115535372440551969338328062776492569071788157304832.0                      1.0200000000000000178    0.01000000000000000021 )	-6.352117373798275e102 -8.71 -0.9595
229	(  -6.7099999999999999645  -19056352121394823523352456183633919632604859567099799346606117321655908014984188329477707215364471914496.0                      1.0200000000000000178    0.01000000000000000021 )	-1.9056352121394824e103 -8.71 -0.9595
230	(  -6.7099999999999999645  -57169056364184470570057368550901758897814578701299398039818351964967724044952564988433121646093415743488.0                      1.0200000000000000178    0.01000000000000000021 )	-5.716905636418447e103 -8.71 -0.9595
231	(  -6.7099999999999999645  -171507169092553427624515670765877825665675676802165077334051881410030130229704955546403269339348264288256.0                      1.0200000000000000178    0.01000000000000000021 )	-1.7150716909255343e104 -8.71 -0.9595
232	(  -6.7099999999999999645  -514521507277660346530921272750323672885954793199562764860542946290598223068503908963625425622316861095936.0                      1.0200000000000000178    0.01000000000000000021 )	-5.1452150727766035e104 -8.71 -0.9595
233	(  -6.7099999999999999645  -1543564521832981103250138078703661214546792142391755827440016140932302501584900769215291894471222651518976.0                      1.0200000000000000178    0.01000000000000000021 )	-1.543564521832981e105 -8.71 -0.9595
234	(  -6.7099999999999999645  -4630693565498943819009408319732505210751798529519807745187146839280970163789814646241200624247844500406272.0                      1.0200000000000000178    0.01000000000000000021 )	-4.630693565498944e105 -8.71 -0.9595
235	(  -6.7099999999999999645  -13892080696496832475546213126440558766478239793248503761295637350811035809439668615914251754411886592917504.0                      1.0200000000000000178    0.01000000000000000021 )	-1.3892080696496832e106 -8.71 -0.9595
236	(  -6.7099999999999999645  -41676242089490499463674615713807762567880407789123672335355305718369358064459455202124055026572365962149888.0                      1.0200000000000000178    0.01000000000000000021 )	-4.16762420894905e106 -8.71 -0.9595
237	(  -6.7099999999999999645  -125028726268471506539167752479367632777423977004883661211939491818853076737940163023897364133063922620039168.0                      1.0200000000000000178    0.01000000000000000021 )	-1.250287262684715e107 -8.71 -0.9595
238	(  -6.7099999999999999645  -375086178805414552210078878789880278627402945564701560459312774111539240392067678741792888612579066794475520.0                      1.0200000000000000178    0.01000000000000000021 )	-3.7508617880541455e107 -8.71 -0.9595
239	(  -6.7099999999999999645  -1125258536416243656630236636369640835882208836694104681377938322334617721176203036225378665837737200383426560.0                      1.0200000000000000178    0.01000000000000000021 )	-1.1252585364162437e108 -8.71 -0.9595
240	(  -6.7099999999999999645  -3375775609248730839520407423701812986466102451882111736839837772383933122815620349995732812659662405412847616.0                      1.0200000000000000178    0.01000000000000000021 )	-3.375775609248731e108 -8.71 -0.9595
241	(  -6.7099999999999999645  -10127326827746191997080012329477000874676211122845525981343604538672119205594906015265585698564790433288814592.0                      1.0200000000000000178    0.01000000000000000021 )	-1.0127326827746192e109 -8.71 -0.9595
242	(  -6.7099999999999999645  -30381980483238571819390357455403497946251863506130104110623543388178916313969077768023855180380797036268617728.0                      1.0200000000000000178    0.01000000000000000021 )	-3.038198048323857e109 -8.71 -0.9595
243	(  -6.7099999999999999645  -91145941449715711286321392833182989160978820655983838498463359936699307639091593026298663625828816845208027136.0                      1.0200000000000000178    0.01000000000000000021 )	-9.114594144971571e109 -8.71 -0.9595
244	(  -6.7099999999999999645  -273437824349147100484166742235328930060722303068699724828131917987398392494749656856712775554977856426841473024.0                      1.0200000000000000178    0.01000000000000000021 )	-2.734378243491471e110 -8.71 -0.9595
245	(  -6.7099999999999999645  -820313473047441301452500226705986790182166909206099174484395753962195177484248970570138326664933569280524419072.0                      1.0200000000000000178    0.01000000000000000021 )	-8.203134730474413e110 -8.71 -0.9595
246	(  -6.7099999999999999645  -2460940419142323770858310935061080220857644092021290360784154614595787410762646422821682118704766331406442823680.0                      1.0200000000000000178    0.01000000000000000021 )	-2.460940419142324e111 -8.71 -0.9595
247	(  -6.7099999999999999645  -7382821257426970244581414844728199465062079191287813781000202665460977258767135357355183465794023982738285002752.0                      1.0200000000000000178    0.01000000000000000021 )	-7.38282125742697e111 -8.71 -0.9595
248	(  -6.7099999999999999645  -22148463772280908597757208613274516000164531404311326740296085639730161829259798249845824616741521925252768071680.0                      1.0200000000000000178    0.01000000000000000021 )	-2.214846377228091e112 -8.71 -0.9595
249	(  -6.7099999999999999645  -66445391316842721521297553998003383210450181873829751015479212205884945593696179105098022288943465729834130341888.0                      1.0200000000000000178    0.01000000000000000021 )	-6.644539131684272e112 -8.71 -0.9595
250	(  -6.7099999999999999645  -199336173950528147475996374626729490471176896265072336224801457764432677204755674737536260621705997005805695533056.0                      1.0200000000000000178    0.01000000000000000021 )	-1.9933617395052815e113 -8.71 -0.9595
251	(  -6.7099999999999999645  -598008521851584408252196549145627153093183390082383175031132015586853712461601299057093169374869190650023695613952.0                      1.0200000000000000178    0.01000000000000000021 )	-5.980085218515844e113 -8.71 -0.9595
252	(  -6.7099999999999999645  -1794025565554753429811345095844249369201633962524152526953030192999227052300798248104373183066100374154431432753152.0                      1.0200000000000000178    0.01000000000000000021 )	-1.7940255655547534e114 -8.71 -0.9595
253	(  -6.7099999999999999645  -5382076696664259742621354091779767014479345108167116242566732855694572050459743141824869749354320316585000042496000.0                      1.0200000000000000178    0.01000000000000000021 )	-5.38207669666426e114 -8.71 -0.9595
254	(  -6.7099999999999999645  -16146230089992778134238699883833338857186921765690666051115483120477497938493926220498109648374999337998411615961088.0                      1.0200000000000000178    0.01000000000000000021 )	-1.6146230089992778e115 -8.71 -0.9595
255	(  -6.7099999999999999645  -48438690269978332215465374868488092199058538179450632800177018468220057389711172251541329745749074790482057824829440.0                      1.0200000000000000178    0.01000000000000000021 )	-4.843869026997833e115 -8.71 -0.9595
256	(  -6.7099999999999999645  -145316070809934987897393225473416579107166706067866436987853331831810426466051091114811992439743531477393465382273024.0                      1.0200000000000000178    0.01000000000000000021 )	-1.4531607080993499e116 -8.71 -0.9595
257	(  -6.7099999999999999645  -435948212429804911198162281627963552381446667380686542487493654058332805179658719505563996534208437067864147593527296.0                      1.0200000000000000178    0.01000000000000000021 )	-4.359482124298049e116 -8.71 -0.9595
258	(  -6.7099999999999999645  -1307844637289414873578533230996653816984482537669827010065324539340594346788294968753683938362684397508435772256026624.0                      1.0200000000000000178    0.01000000000000000021 )	-1.307844637289415e117 -8.71 -0.9595
259	(  -6.7099999999999999645  -3923533911868244900703692465215487770633732684065015795401660772352974902863522526735035712608171365134993975718969344.0                      1.0200000000000000178    0.01000000000000000021 )	-3.923533911868245e117 -8.71 -0.9595
260	(  -6.7099999999999999645  -11770601735604735262047262940097515951261768194306116916616356625721308433587842821153074932864750440624355245058686976.0                      1.0200000000000000178    0.01000000000000000021 )	-1.1770601735604735e118 -8.71 -0.9595
261	(  -6.7099999999999999645  -35311805206814210265631273175900968968669865719806906993140064346462995100741730391042967158916142083628052278390292480.0                      1.0200000000000000178    0.01000000000000000021 )	-3.531180520681421e118 -8.71 -0.9595
262	(  -6.7099999999999999645  -105935415620442630796893819527702906906009597159420720979420193039388985302225191173128901476748426250884156835170877440.0                      1.0200000000000000178    0.01000000000000000021 )	-1.0593541562044263e119 -8.71 -0.9595
263	(  -6.7099999999999999645  -317806246861327838636807646315807667339414057835599488018768645486578118306937150388381796106382589611592631986941853696.0                      1.0200000000000000178    0.01000000000000000021 )	-3.1780624686132784e119 -8.71 -0.9595
264	(  -6.7099999999999999645  -953418740583983480074507064102555633099165684411690014109977980705341796520985835744475449436572642740738003615111708672.0                      1.0200000000000000178    0.01000000000000000021 )	-9.534187405839835e119 -8.71 -0.9595
265	(  -6.7099999999999999645  -2860256221751950296879857692928197423621191096854636242544622119098455155963655045550746592779417423846054441462479716352.0                      1.0200000000000000178    0.01000000000000000021 )	-2.8602562217519503e120 -8.71 -0.9595
266	(  -6.7099999999999999645  -8580768665255849743890265083748836465453125639520438329351371773154803599096545443190801734095848236528886769324595871744.0                      1.0200000000000000178    0.01000000000000000021 )	-8.58076866525585e120 -8.71 -0.9595
267	(  -6.7099999999999999645  -25742305995767550378420103246282265201769824569604785386336609903604972666084056023033843246529948744595936863036630892544.0                      1.0200000000000000178    0.01000000000000000021 )	-2.574230599576755e121 -8.71 -0.9595
268	(  -6.7099999999999999645  -77226917987302651135260309738846795605309473708814356159009829710814917998252168069101529739589846233787810589109892677632.0                      1.0200000000000000178    0.01000000000000000021 )	-7.722691798730265e121 -8.71 -0.9595
269	(  -6.7099999999999999645  -231680753961907944231786465256254340372644839918095305290769532459320259044401146659613084864830306421289219326826931814400.0                      1.0200000000000000178    0.01000000000000000021 )	-2.3168075396190794e122 -8.71 -0.9595
270	(  -6.7099999999999999645  -695042261885723722607425828245330463798531545254112757637189117300466837728939149406541202347220131902977108694447840821248.0                      1.0200000000000000178    0.01000000000000000021 )	-6.950422618857237e122 -8.71 -0.9595
271	(  -6.7099999999999999645  -2085126785657171314606188908100568134488131935095902483891726658671392432392503168982687676704688112190118725131387461959680.0                      1.0200000000000000178    0.01000000000000000021 )	-2.0851267856571713e123 -8.71 -0.9595
272	(  -6.7099999999999999645  -6255380356971514824522035264489164862019619601289092717556135816634128812411623831526447448092230635457480569682426022854656.0                      1.0200000000000000178    0.01000000000000000021 )	-6.255380356971515e123 -8.71 -0.9595
273	(  -6.7099999999999999645  -18766141070914544473566105793467494586058858803867278152668407449902386437234871494579342344276691906372441709047278068563968.0                      1.0200000000000000178    0.01000000000000000021 )	-1.8766141070914544e124 -8.71 -0.9595
274	(  -6.7099999999999999645  -56298423212743633420698317380402483758176576411601834458005222349707159311704614483738027032830075719117325127141834205691904.0                      1.0200000000000000178    0.01000000000000000021 )	-5.629842321274363e124 -8.71 -0.9595
275	(  -6.7099999999999999645  -168895269638230919050435614331873274390374503549501722379476058315680443593441615708886282015357774866943962459575126872555520.0                      1.0200000000000000178    0.01000000000000000021 )	-1.6889526963823092e125 -8.71 -0.9595
276	(  -6.7099999999999999645  -506685808914692869881350816139614761866192156536682481171190522546395124730291480672692051547278610858383809847623126150545408.0                      1.0200000000000000178    0.01000000000000000021 )	-5.066858089146929e125 -8.71 -0.9595
277	(  -6.7099999999999999645  -1520057426744078835104140394706834162988713761386402071579096262837892962090807709110142565644246405090255274480664869517393920.0                      1.0200000000000000178    0.01000000000000000021 )	-1.5200574267440788e126 -8.71 -0.9595
278	(  -6.7099999999999999645  -4560172280232236204698970589069849319112624895124066710649922528248735435739178771207672482262858451917294030191600620464504832.0                      1.0200000000000000178    0.01000000000000000021 )	-4.560172280232236e126 -8.71 -0.9595
279	(  -6.7099999999999999645  -13680516840696706810416208196905628938216776351161363107425570023156545604018070176886486158769290775631051331072437932867452928.0                      1.0200000000000000178    0.01000000000000000021 )	-1.3680516840696707e127 -8.71 -0.9595
280	(  -6.7099999999999999645  -41041550522090120431248624590716886814650329053484089322276710069469636812054210530659458476307872326893153993217313798602358784.0                      1.0200000000000000178    0.01000000000000000021 )	-4.104155052209012e127 -8.71 -0.9595
281	(  -6.7099999999999999645  -123124651566270356483930664251340209726294724935890035901432270044169815227630721894014291994205524767023913287645637586404245504.0                      1.0200000000000000178    0.01000000000000000021 )	-1.2312465156627036e128 -8.71 -0.9595
282	(  -6.7099999999999999645  -369373954698811030973270316587537023437634077011172251181113928818596684014636888098330208504871836591827350326886482283990089728.0                      1.0200000000000000178    0.01000000000000000021 )	-3.69373954698811e128 -8.71 -0.9595
283	(  -6.7099999999999999645  -1108121864096433169876854302095578281795402426626512466589707549083615575380421219462415960470104985193970830052760307802415562752.0                      1.0200000000000000178    0.01000000000000000021 )	-1.1081218640964332e129 -8.71 -0.9595
284	(  -6.7099999999999999645  -3324365592289300125286909724950472537246208844623503104140048748273450912833348099726650561054230758929822722735087811010809036800.0                      1.0200000000000000178    0.01000000000000000021 )	-3.3243655922893e129 -8.71 -0.9595
285	(  -6.7099999999999999645  -9973096776867900991517075993515155303598628098614475016791072345842956925192128740519354362806608080137378400782070320635989458944.0                      1.0200000000000000178    0.01000000000000000021 )	-9.973096776867901e129 -8.71 -0.9595
286	(  -6.7099999999999999645  -29919290330603707899802002529855367445675896813795150685340625845709704269113061752273284525571150667195417062960666062736467165184.0                      1.0200000000000000178    0.01000000000000000021 )	-2.991929033060371e130 -8.71 -0.9595
287	(  -6.7099999999999999645  -89757870991811128624656782138876003871907702959337177690989286345309946300875860787535075013864778428369533049496453289037900283904.0                      1.0200000000000000178    0.01000000000000000021 )	-8.975787099181113e130 -8.71 -0.9595
288	(  -6.7099999999999999645  -269273612975433366172967248219388405476203058806204630533098223803206504928480880239744339292989029577975471706031539463799705698304.0                      1.0200000000000000178    0.01000000000000000021 )	-2.6927361297543337e131 -8.71 -0.9595
289	(  -6.7099999999999999645  -807820838926299940910876959080248367312448775844158671280337589547832842992269023736345931890124643076861395578432055164887155867648.0                      1.0200000000000000178    0.01000000000000000021 )	-8.078208389263e131 -8.71 -0.9595
290	(  -6.7099999999999999645  -2423462516778899665124606091662828252821185926958020793522055686781711857183633454226150709681531483573519167195633602268149506375680.0                      1.0200000000000000178    0.01000000000000000021 )	-2.4234625167788997e132 -8.71 -0.9595
291	(  -6.7099999999999999645  -7270387550336698364941719132676817361998916178576241499290338732897988884378205894746903785089224668092297423428250553898400674217984.0                      1.0200000000000000178    0.01000000000000000021 )	-7.270387550336698e132 -8.71 -0.9595
292	(  -6.7099999999999999645  -21811162651010095094825157398030452085996748535728724497871016198693966653134617684240711355267674004276892270284751661695202022653952.0                      1.0200000000000000178    0.01000000000000000021 )	-2.1811162651010095e133 -8.71 -0.9595
293	(  -6.7099999999999999645  -65433487953030285284475472194091356257990245607186173493613048596081899959403853052722134065803022012830676810854254985085606067961856.0                      1.0200000000000000178    0.01000000000000000021 )	-6.543348795303029e133 -8.71 -0.9595
294	(  -6.7099999999999999645  -196300463859090865940340002859260747117405002458323654581252399027400046872974670645071175700694982560544191683101169001753583722430464.0                      1.0200000000000000178    0.01000000000000000021 )	-1.9630046385909087e134 -8.71 -0.9595
295	(  -6.7099999999999999645  -588901391577272638168674353685728954725952069922031500145410210038817528597976457882832621115228613769841220051457123191247813241470976.0                      1.0200000000000000178    0.01000000000000000021 )	-5.889013915772726e134 -8.71 -0.9595
296	(  -6.7099999999999999645  -1766704174731818156591949131704867144420278585048457718846148707856156913668244049334212427424547837838775530167293066689665812169490432.0                      1.0200000000000000178    0.01000000000000000021 )	-1.766704174731818e135 -8.71 -0.9595
297	(  -6.7099999999999999645  -5300112524195454146994612634251027726270939254768888865325222019915531637172312580421684530168494184810657430484650270581100939915034624.0                      1.0200000000000000178    0.01000000000000000021 )	-5.300112524195454e135 -8.71 -0.9595
298	(  -6.7099999999999999645  -15900337572586361795421368381025935764833024763553698013549217852440716703852098606103148086295183897020633971419492952767509826558230528.0                      1.0200000000000000178    0.01000000000000000021 )	-1.5900337572586362e136 -8.71 -0.9595
299	(  -6.7099999999999999645  -47701012717759080221764348969260627982660730284637345381236067898875124450237582737014200225203162431771195353982815986496185534179704832.0                      1.0200000000000000178    0.01000000000000000021 )	-4.770101271775908e136 -8.71 -0.9595
300	(  -6.7099999999999999645  -143103038153277240665293046907781883947982190853912036143708203696625373350712748211042600675609487295313586061948447959488556602539114496.0                      1.0200000000000000178    0.01000000000000000021 )	-1.4310303815327724e137 -8.71 -0.9595
301	(  -6.7099999999999999645  -429309114459831742653878165418614369091299948585831103068770953723664222697413096958308778161558018923103584426947995365691045589597290496.0                      1.0200000000000000178    0.01000000000000000021 )	-4.2930911445983174e137 -8.71 -0.9595
302	(  -6.7099999999999999645  -1287927343379495393225626693817992845252726853950253266307483602241297489254438109476374143562510513066613363209665197994876143024631447552.0                      1.0200000000000000178    0.01000000000000000021 )	-1.2879273433794954e138 -8.71 -0.9595
303	(  -6.7099999999999999645  -3863782030138486344940872279016128273737007570043519756023621547794197288925513147030570239765367995497142699557816805882431435329733918720.0                      1.0200000000000000178    0.01000000000000000021 )	-3.8637820301384863e138 -8.71 -0.9595
304	(  -6.7099999999999999645  -11591346090415459034822616837048384821211022710130559268070864643382591866776539441091710719296103986491428098673450417647294305989201756160.0                      1.0200000000000000178    0.01000000000000000021 )	-1.1591346090415459e139 -8.71 -0.9595
305	(  -6.7099999999999999645  -34774038271246378426579788091642352367463684195933757461021959858710214169627208872086714630511003609852705175450920948124306968014321876992.0                      1.0200000000000000178    0.01000000000000000021 )	-3.477403827124638e139 -8.71 -0.9595
306	(  -6.7099999999999999645  -104322114813739135279739364274927057102391052587801272383065879576130642508881626616260143891533010829558115526352762844372920904042965630976.0                      1.0200000000000000178    0.01000000000000000021 )	-1.0432211481373914e140 -8.71 -0.9595
307	(  -6.7099999999999999645  -312966344441217426993009094112736337768463014812077091658147493585390944635406328629765751236562098894729080649947403656037547512876362629120.0                      1.0200000000000000178    0.01000000000000000021 )	-3.1296634444121743e140 -8.71 -0.9595
308	(  -6.7099999999999999645  -938899033323652407901773290065940012073128186728270922028141609898166936558787678575209171081464695120515646375176901705625351343113882304512.0                      1.0200000000000000178    0.01000000000000000021 )	-9.388990333236524e140 -8.71 -0.9595
309	(  -6.7099999999999999645  -2816697099970957054474991859894178704529065703795426570012825990838508672806271445477744956748689554113109066558417784133525775623361921024000.0                      1.0200000000000000178    0.01000000000000000021 )	-2.816697099970957e141 -8.71 -0.9595
310	(  -6.7099999999999999645  -8450091299912869809582351497253405460064646260271190141465687261667588923458081614450174418280432412351824219138349984533775099622247955955712.0                      1.0200000000000000178    0.01000000000000000021 )	-8.45009129991287e141 -8.71 -0.9595
311	(  -6.7099999999999999645  -25350273899738609428747054491760216380193938780813570424397061785002766770374244843350523254841297237055472657415049953601325298866743867867136.0                      1.0200000000000000178    0.01000000000000000021 )	-2.535027389973861e142 -8.71 -0.9595
312	(  -6.7099999999999999645  -76050821699215817455500170815847603912401409533519994724608859668224803551436872754187086148798801711266394127949922917869558078617529146671104.0                      1.0200000000000000178    0.01000000000000000021 )	-7.605082169921582e142 -8.71 -0.9595
313	(  -6.7099999999999999645  -228152465097647441535759519788109766509023821791639267625244253317890913894624756486696774830671315133899158539554541810674256417869884983083008.0                      1.0200000000000000178    0.01000000000000000021 )	-2.2815246509764744e143 -8.71 -0.9595
314	(  -6.7099999999999999645  -684457395292942281284314588726597118614349838139234936681403457206538754645130822356632390029113585402097380241482717660285097981678845121527808.0                      1.0200000000000000178    0.01000000000000000021 )	-6.844573952929423e143 -8.71 -0.9595
315	(  -6.7099999999999999645  -2053372185878826757207015824904326994017606259946339077655551766125348289857905572862981301161540036207091949970086337437379951401174915709140992.0                      1.0200000000000000178    0.01000000000000000021 )	-2.0533721858788268e144 -8.71 -0.9595
316	(  -6.7099999999999999645  -6160116557636479231869912179407408640147499726182628444302752032444829180643873988105953476375011468630873560857917225790435743677185311262113792.0                      1.0200000000000000178    0.01000000000000000021 )	-6.160116557636479e144 -8.71 -0.9595
317	(  -6.7099999999999999645  -18480349672909437002442313008018511025838953142776959473798987253380343749311726810662533477718628645899019156538857153023504490680662976542801920.0                      1.0200000000000000178    0.01000000000000000021 )	-1.8480349672909437e145 -8.71 -0.9595
318	(  -6.7099999999999999645  -55441049018728311007326939024055533077516859428330878421396961760141031247935180431987600433155885937697057469616571459070513472041988929628405760.0                      1.0200000000000000178    0.01000000000000000021 )	-5.544104901872831e145 -8.71 -0.9595
319	(  -6.7099999999999999645  -166323147056184933021980817072166599232550578284992635264190885280423093743805541295962801299467657813091172408849714377211540416125966788885217280.0                      1.0200000000000000178    0.01000000000000000021 )	-1.6632314705618493e146 -8.71 -0.9595
320	(  -6.7099999999999999645  -498969441168554799065942451216499797697651734854977905792572655841269281231416623887888403898402973439273517226549143131634621248377900366655651840.0                      1.0200000000000000178    0.01000000000000000021 )	-4.989694411685548e146 -8.71 -0.9595
321	(  -6.7099999999999999645  -1496908323505664308472397141783423886583701311986255207411731555497677438238903291995783361915188983038639556347180930278385112980219402572793905152.0                      1.0200000000000000178    0.01000000000000000021 )	-1.4969083235056643e147 -8.71 -0.9595
322	(  -6.7099999999999999645  -4490724970516992570515470577885969633714088365644051582371249018388510692895323557315822686625487199999194687711676794369080335881001013609689513984.0                      1.0200000000000000178    0.01000000000000000021 )	-4.4907249705169926e147 -8.71 -0.9595
323	(  -6.7099999999999999645  -13472174911550978421349853428586512953216296237561582826841638351374575322328743309290522858116621098231032025794762376039391013762317429046452944896.0                      1.0200000000000000178    0.01000000000000000021 )	-1.3472174911550978e148 -8.71 -0.9595
324	(  -6.7099999999999999645  -40416524734652932424835793506045122651352764150167036161613349869287552992415139378499349381389225301759304226745359156389573016809694734269821222912.0                      1.0200000000000000178    0.01000000000000000021 )	-4.041652473465293e148 -8.71 -0.9595
325	(  -6.7099999999999999645  -121249574203958791596079846958706535537466043325465683847016919238190313028103237036753609758246399919410328978958221525711519001474569097070388445184.0                      1.0200000000000000178    0.01000000000000000021 )	-1.212495742039588e149 -8.71 -0.9595
326	(  -6.7099999999999999645  -363748722611876329360819272400688947279660136976113654438465714757192171491172262320305322187368991871290317326651817029476956612787586445298563547136.0                      1.0200000000000000178    0.01000000000000000021 )	-3.6374872261187633e149 -8.71 -0.9595
327	(  -6.7099999999999999645  -1091246167835628897227617280251205523173504424927774169110227058356818979287241889381004952387366559839989612759509755993115669055090517644070487064576.0                      1.0200000000000000178    0.01000000000000000021 )	-1.0912461678356289e150 -8.71 -0.9595
328	(  -6.7099999999999999645  -3273738503506886328263489692950171294858609330781055330510000831411426797116626077823370800463138016424443481396746487598086204032182586164910646886400.0                      1.0200000000000000178    0.01000000000000000021 )	-3.273738503506886e150 -8.71 -0.9595
329	(  -6.7099999999999999645  -9821215510520658984790469078850513884575827992343165991530002494234280391349878233470112401389414049273330444190239462794258612096547758494731940659200.0                      1.0200000000000000178    0.01000000000000000021 )	-9.821215510520659e150 -8.71 -0.9595
330	(  -6.7099999999999999645  -29463646531561974047016510054123979456432252425011360560024564733430600048088837977853184750576548843055788477516456145332689411224931541345789307518976.0                      1.0200000000000000178    0.01000000000000000021 )	-2.9463646531561974e151 -8.71 -0.9595
331	(  -6.7099999999999999645  -88390939594685922141049530162371938369296757275034081680073694200291800144266513933559554251729646529167365432549368435998068233674794624037367922556928.0                      1.0200000000000000178    0.01000000000000000021 )	-8.839093959468592e151 -8.71 -0.9595
332	(  -6.7099999999999999645  -265172818784057778052568179216826063897071198033174794698482853597964364936642728690907272569555712806558907717865154280194550401283230808665729825505280.0                      1.0200000000000000178    0.01000000000000000021 )	-2.651728187840578e152 -8.71 -0.9595
333	(  -6.7099999999999999645  -795518456352173380675382892569319186847937298931814582728495644782248952825300933633636256966134231295903968834463658729385034004885080172211693707853824.0                      1.0200000000000000178    0.01000000000000000021 )	-7.955184563521734e152 -8.71 -0.9595
334	(  -6.7099999999999999645  -2386555369056520514167575517058685521797601535453765337249863606253593722598884781388224284958139436897529871950336543298566164422938342486351114974265344.0                      1.0200000000000000178    0.01000000000000000021 )	-2.3865553690565205e153 -8.71 -0.9595
335	(  -6.7099999999999999645  -7159666107169562286785580229877512487900383883677939189878344162574474896042618305139303882993891796712225546744900764116520618085381231398485412624203776.0                      1.0200000000000000178    0.01000000000000000021 )	-7.159666107169562e153 -8.71 -0.9595
336	(  -6.7099999999999999645  -21478998321508688348922448047035449308716310205667103925892539175350812144619782837367173705220622362175948502022484560791206103889276102074320373275426816.0                      1.0200000000000000178    0.01000000000000000021 )	-2.1478998321508688e154 -8.71 -0.9595
337	(  -6.7099999999999999645  -64436994964526068023898758855912171616179247726267884490192630901307211346843204356000045228139761030606389229643018219256906810934093121980689390631911424.0                      1.0200000000000000178    0.01000000000000000021 )	-6.443699496452607e154 -8.71 -0.9595
338	(  -6.7099999999999999645  -193310984893578215980221935426959809608659011615869944320637946204940733692465036443594232134330858868133342583231312805303874429867338628972981255118258176.0                      1.0200000000000000178    0.01000000000000000021 )	-1.9331098489357822e155 -8.71 -0.9595
339	(  -6.7099999999999999645  -579932954680734671757717123999326018346219571721742414662033945616860400381265956081970889302815728157028377538298454710977931283732134412980769931799822336.0                      1.0200000000000000178    0.01000000000000000021 )	-5.799329546807347e155 -8.71 -0.9595
340	(  -6.7099999999999999645  -1739798864042204110541356642871764413119628862661757570786582264858733998359281255250665439507739790681598531769313429313199025827716877343189614461179658240.0                      1.0200000000000000178    0.01000000000000000021 )	-1.739798864042204e156 -8.71 -0.9595
341	(  -6.7099999999999999645  -5219396592126613093769712095605584104006647767957515326763590218641424372801710861790018491317560221728902788543284809381718933295314424863547280709780504576.0                      1.0200000000000000178    0.01000000000000000021 )	-5.219396592126613e156 -8.71 -0.9595
342	(  -6.7099999999999999645  -15658189776379839281309136286816752312019943303872545980290770655924273118405132585370055473952680665186708365629854428145156799885943274590641842129341513728.0                      1.0200000000000000178    0.01000000000000000021 )	-1.565818977637984e157 -8.71 -0.9595
343	(  -6.7099999999999999645  -46974569329139517843927408860450256936059829911617637940872311967772819355215397756110166421858041995560125096889563284435470399657829823771925526388024541184.0                      1.0200000000000000178    0.01000000000000000021 )	-4.697456932913952e157 -8.71 -0.9595
344	(  -6.7099999999999999645  -140923707987418553531782226581350770808179489734852913822616935903318458065646193268330499265574125986680375290668689853306411198973489471315776579164073623552.0                      1.0200000000000000178    0.01000000000000000021 )	-1.4092370798741855e158 -8.71 -0.9595
345	(  -6.7099999999999999645  -422771123962255684984007229087741620093266826963670505128773797280042490284102326878208207326141285149932556055537094246067132982909709784634639731931949826048.0                      1.0200000000000000178    0.01000000000000000021 )	-4.227711239622557e158 -8.71 -0.9595
346	(  -6.7099999999999999645  -1268313371886767201283984983325360706292170627445682097351859329260650167375289463073924879154937298589146249267797430855088795264664577578027779162434223210496.0                      1.0200000000000000178    0.01000000000000000021 )	-1.2683133718867672e159 -8.71 -0.9595
347	(  -6.7099999999999999645  -3804940115660301213633386160477053196176858158191258073480810154660556644731248436050307284994109380729175864866895897586899995618165870803086377576267006345216.0                      1.0200000000000000178    0.01000000000000000021 )	-3.804940115660301e159 -8.71 -0.9595
348	(  -6.7099999999999999645  -11414820346980902080025883323435043897731959577990621346143359131496094504615265495465052445099518082034476062854702112847234426151186164685271293084658365890560.0                      1.0200000000000000178    0.01000000000000000021 )	-1.1414820346980902e160 -8.71 -0.9595
349	(  -6.7099999999999999645  -34244461040942706240077649970305131693195878733971864038430077394488283513845796486395157335298554246103428188564106338541703278453558494055813879253975097671680.0                      1.0200000000000000178    0.01000000000000000021 )	-3.4244461040942706e160 -8.71 -0.9595
350	(  -6.7099999999999999645  -102733383122828112476735849278930932316393176615582980618093946853522548823223470208441994366364422497698078438708376695971247592547429691271490279185354680434688.0                      1.0200000000000000178    0.01000000000000000021 )	-1.0273338312282811e161 -8.71 -0.9595
351	(  -6.7099999999999999645  -308200149368484312456219145308854945896401691501418495865496699240798439596414733622352072540968306530645410808189360809298293806389305910230665403249781590982656.0                      1.0200000000000000178    0.01000000000000000021 )	-3.082001493684843e161 -8.71 -0.9595
352	(  -6.7099999999999999645  -924600448105452887420680630870689135583649397813594595618919815082856905042732846861108396506654997667038583408696543870663983476661951403524385341136779872305152.0                      1.0200000000000000178    0.01000000000000000021 )	-9.246004481054529e161 -8.71 -0.9595
353	(  -6.7099999999999999645  -2773801344316358262678227452165061789906502779915496651036197184132263405156107708535742620589965617601934558099117323154144766889938123593232269074509820411772928.0                      1.0200000000000000178    0.01000000000000000021 )	-2.7738013443163583e162 -8.71 -0.9595
354	(  -6.7099999999999999645  -8321404032949073988867053475601174136030617512695915681467467030164175595524141461512062723909898102007441290043407352546739933589718909545015033325728422825033728.0                      1.0200000000000000178    0.01000000000000000021 )	-8.321404032949074e162 -8.71 -0.9595
355	(  -6.7099999999999999645  -24964212098847221966601160426803522408091852538087747044402401090492526786572424384536188171729694306022323870130222057640219800769156728635045099977185268475101184.0                      1.0200000000000000178    0.01000000000000000021 )	-2.4964212098847222e163 -8.71 -0.9595
356	(  -6.7099999999999999645  -74892636296541669096473996803986612159031120922465538219771701360408038839493999809989225066629077921260421147406444640583436870627852030843862395522759959066443776.0                      1.0200000000000000178    0.01000000000000000021 )	-7.489263629654167e163 -8.71 -0.9595
357	(  -6.7099999999999999645  -224677908889625045649468176694872375694160122465824179698089081148389618275802719306535601817167173802102657886408675533703640231728138231796312333662729720893014016.0                      1.0200000000000000178    0.01000000000000000021 )	-2.2467790888962505e164 -8.71 -0.9595
358	(  -6.7099999999999999645  -674033726668875162521768654273225486560524873863090915786783228156612522665621971170652089863021481431855569955352254342413140441747469454898753765717822391808163840.0                      1.0200000000000000178    0.01000000000000000021 )	-6.740337266688752e164 -8.71 -0.9595
359	(  -6.7099999999999999645  -2022101180006625487565305962819676459681574621589272747360349684469837567996865913511956269589064444295566709866056763027239421325242408364696261297153467175424491520.0                      1.0200000000000000178    0.01000000000000000021 )	-2.0221011800066255e165 -8.71 -0.9595
360	(  -6.7099999999999999645  -6066303540019876462695917888459029379044723864767818242081049053409512703990597740535868808767193332886700129598170289081718263975727225094088783891460401526273474560.0                      1.0200000000000000178    0.01000000000000000021 )	-6.0663035400198765e165 -8.71 -0.9595
361	(  -6.7099999999999999645  -18198910620059629388087753665377088137134171594303454726243147160228538111971793221607606426301579998660100388794510867245154791927181675282266351674381204578820423680.0                      1.0200000000000000178    0.01000000000000000021 )	-1.819891062005963e166 -8.71 -0.9595
362	(  -6.7099999999999999645  -54596731860178888164263260996131264411402514782910364178729441480685614335915379664822819278904739995980301166383532601735464375781545025846799055023143613736461271040.0                      1.0200000000000000178    0.01000000000000000021 )	-5.459673186017889e166 -8.71 -0.9595
363	(  -6.7099999999999999645  -163790195580536657946008567196110053207828150693532788102904232355927264041163402802200865027365110221400718847342283503433024872224493059105884073298644734552328634368.0                      1.0200000000000000178    0.01000000000000000021 )	-1.6379019558053666e167 -8.71 -0.9595
364	(  -6.7099999999999999645  -491370586741609947650900838419195199517966877459805146575576328723263476257159263637532223844698891598041417934793593303205601596192911103579599852812789777028765188096.0                      1.0200000000000000178    0.01000000000000000021 )	-4.9137058674161e167 -8.71 -0.9595
365	(  -6.7099999999999999645  -1474111760224829633455703609904505917709760035413069697861638039413643901840830232760033701634925162264838344946514722252869020624734188720834380621773213918060529844224.0                      1.0200000000000000178    0.01000000000000000021 )	-1.4741117602248296e168 -8.71 -0.9595
366	(  -6.7099999999999999645  -4422335280674488690870111924360438072285139509272863351719823171484785178591843140127538135005603974265229125981678109101859277710358021572598722928654486341155823812608.0                      1.0200000000000000178    0.01000000000000000021 )	-4.422335280674489e168 -8.71 -0.9595
367	(  -6.7099999999999999645  -13267005842023464396634344530256676770102293752087824120238741940405183320330348955162110645823439822561400107082105866051595559820317707998560817292642215719261345677312.0                      1.0200000000000000178    0.01000000000000000021 )	-1.3267005842023464e169 -8.71 -0.9595
368	(  -6.7099999999999999645  -39801017526070393189903033590770030310306881256263472360716225821215549960991046865486331937470319467684200321246317598154786679460953123995682451877926647157784037031936.0                      1.0200000000000000178    0.01000000000000000021 )	-3.980101752607039e169 -8.71 -0.9595
369	(  -6.7099999999999999645  -119403052578211179569709100772310090930920643768790417082148677463646649882973140596458995812410958403052600963738952794464360038382859371987047355633779941473352111095808.0                      1.0200000000000000178    0.01000000000000000021 )	-1.1940305257821118e170 -8.71 -0.9595
370	(  -6.7099999999999999645  -358209157734633525301319372374333173218736933100525123767080211798546571925357978067612957363685898407283504724313430693361221928662527262207259254954769877986407327203328.0                      1.0200000000000000178    0.01000000000000000021 )	-3.582091577346335e170 -8.71 -0.9595
371	(  -6.7099999999999999645  -1074627473203900468641494677582222723064010813654806351466314070656492693987582384428726631502681880806856128837712870559828800294099174956590715269291750062490029932937216.0                      1.0200000000000000178    0.01000000000000000021 )	-1.0746274732039005e171 -8.71 -0.9595
372	(  -6.7099999999999999645  -3223882419611700762349703395502007389638832527083804935389382823534595951231797854641506450977790755930602074501774082557957207930967083889585770834439892758654937506775040.0                      1.0200000000000000178    0.01000000000000000021 )	-3.2238824196117008e171 -8.71 -0.9595
373	(  -6.7099999999999999645  -9671647258835102716098963944669129355285297523838490885507854729560375940849359763020968315286875525451783764846231933754891085760454878988881562485609916561841580715016192.0                      1.0200000000000000178    0.01000000000000000021 )	-9.671647258835103e171 -8.71 -0.9595
374	(  -6.7099999999999999645  -29014941776505309864496306866659816811331092341863776973882389224507480171163944085448700795274639606995261459902334545588751105151579146247141687385990702829031814923812864.0                      1.0200000000000000178    0.01000000000000000021 )	-2.901494177650531e172 -8.71 -0.9595
375	(  -6.7099999999999999645  -87044825329515939890685410795894022906844475647681156825800117888480554605187021034660877482307997004825245371888836102710720402676024494424407061732937827348137881444024320.0                      1.0200000000000000178    0.01000000000000000021 )	-8.704482532951594e172 -8.71 -0.9595
376	(  -6.7099999999999999645  -261134475988547792212865591865243208792930230617470601399659153092220026237707226361809898856299782524237173469848288398946915642104641334785269186332238231748300479871844352.0                      1.0200000000000000178    0.01000000000000000021 )	-2.611344759885478e173 -8.71 -0.9595
377	(  -6.7099999999999999645  -783403427965643321720215494550851906523584299201266066043495058130216803557414005601084229387650930592234395117908425378470255794467059707379903561263564194652675110695075840.0                      1.0200000000000000178    0.01000000000000000021 )	-7.834034279656433e173 -8.71 -0.9595
378	(  -6.7099999999999999645  -2350210283896929525813596235293533960729101756394632292886625965219104209426580628928488950712965455932886183020633757588446838328626264746332478701925488579220214700721569792.0                      1.0200000000000000178    0.01000000000000000021 )	-2.3502102838969295e174 -8.71 -0.9595
379	(  -6.7099999999999999645  -7050630851690788138093738457521580123345654127974730973416018686485766427034080498910703114688909031954841546728809754218376585931103879863190204123911261732922833470801051648.0                      1.0200000000000000178    0.01000000000000000021 )	-7.050630851690788e174 -8.71 -0.9595
380	(  -6.7099999999999999645  -21151892555072363535587114875846696852353660101505861109760337641114206878610918720982581869166752424176890635520246225561201899683761810837956148408003377189292879149675839488.0                      1.0200000000000000178    0.01000000000000000021 )	-2.1151892555072364e175 -8.71 -0.9595
381	(  -6.7099999999999999645  -63455677665217087091984942640667916486327771174844256087330139249970251025867465059949635707900358585780135887896006528307894266613086117507410589369088499529976152398118256640.0                      1.0200000000000000178    0.01000000000000000021 )	-6.345567766521709e175 -8.71 -0.9595
382	(  -6.7099999999999999645  -190367032995651247216849219974515053176050477005839459294186923056421274637741230767856467525301481010338263589029090991420837070086461092496400344687578970438318516990717722624.0                      1.0200000000000000178    0.01000000000000000021 )	-1.9036703299565125e176 -8.71 -0.9595
383	(  -6.7099999999999999645  -571101098986953629177702796343635589264688738867971906140132811621347996394334377007629885788707685054997638169815844226239745372237005197282549646705244686102076029343056789504.0                      1.0200000000000000178    0.01000000000000000021 )	-5.711010989869536e176 -8.71 -0.9595
384	(  -6.7099999999999999645  -1713303296960860662587418661871087627267140832304822774935542519768212334145224500431010623791729539212958609314904675182673704440666259431434346165400749607880469044770977611776.0                      1.0200000000000000178    0.01000000000000000021 )	-1.7133032969608607e177 -8.71 -0.9595
385	(  -6.7099999999999999645  -5139909890882581537870876531293624600747571728316282437836915729112973692360116240109273804226401585734807217555628310555930049969909265973476432946772279922789889047796547321856.0                      1.0200000000000000178    0.01000000000000000021 )	-5.1399098908825815e177 -8.71 -0.9595
386	(  -6.7099999999999999645  -15419729672647744613612629593880873802242715184948847313510747187338921077080348720327821412679204757204421652666884931667790149909727797920429298840316839768369667143389641965568.0                      1.0200000000000000178    0.01000000000000000021 )	-1.5419729672647745e178 -8.71 -0.9595
387	(  -6.7099999999999999645  -46259189017943232041272370964364068282512742480453798392653394241250109990938817116248431969442466143996990516444311935035006196320825344477981474323230643701702929084103383842816.0                      1.0200000000000000178    0.01000000000000000021 )	-4.625918901794323e178 -8.71 -0.9595
388	(  -6.7099999999999999645  -138777567053829674529030899085749567356953390548648472603414014874550491089189702811924908685185620900595678250656821485484647548062179442034267356597053423864235919099523646881792.0                      1.0200000000000000178    0.01000000000000000021 )	-1.3877756705382967e179 -8.71 -0.9595
389	(  -6.7099999999999999645  -416332701161489052380140982333705552058306620836229314576303601755917925112404773151535242353079232743647425816871950215947770698720267114635704824954678281247204914835619613507584.0                      1.0200000000000000178    0.01000000000000000021 )	-4.1633270116148905e179 -8.71 -0.9595
390	(  -6.7099999999999999645  -1248998103484467329898712657459857756099598557650391324325280148061352486406228307749168824844371918482104623840024765204806280423363174075104531005845142901668597689729150877696000.0                      1.0200000000000000178    0.01000000000000000021 )	-1.2489981034844673e180 -8.71 -0.9595
391	(  -6.7099999999999999645  -3746994310453401759351751691767918468399224079428902798847347987125925844459999605521422344152936795111430743000862409538468216833819691917050370976227284627769815808891063250190336.0                      1.0200000000000000178    0.01000000000000000021 )	-3.7469943104534018e180 -8.71 -0.9595
392	(  -6.7099999999999999645  -11240982931360203435300164830410517006001099490108539003514104304912724615310516274755593989417378702655227200848892140007799655011300433285045336598216701265421629344302074687389696.0                      1.0200000000000000178    0.01000000000000000021 )	-1.1240982931360203e181 -8.71 -0.9595
393	(  -6.7099999999999999645  -33722948794080608463145404246338312618806725722147447617514373258273120927862066282458108925210704425286616574392981331415793969543742657389030233464184951178377069950535108998987776.0                      1.0200000000000000178    0.01000000000000000021 )	-3.372294879408061e181 -8.71 -0.9595
394	(  -6.7099999999999999645  -101168846382241818018415851759441984259633886173729665280431361148959151111308268680139634603466386545143589610564163639816961926670593402302667595070694243063579937522120866744238080.0                      1.0200000000000000178    0.01000000000000000021 )	-1.0116884638224182e182 -8.71 -0.9595
395	(  -6.7099999999999999645  -303506539146725409829125389400888231198183912564912930408623531691716183300257225037010750777404799251133208156003808792868365888247972787721464153280919066361432178589455838716362752.0                      1.0200000000000000178    0.01000000000000000021 )	-3.035065391467254e182 -8.71 -0.9595
396	(  -6.7099999999999999645  -910519617440176288455539056039248322368842065636440211802764664082030243278995116448909789709540211599129705368929669214048457520428994922079777302417642082856706714404243198170890240.0                      1.0200000000000000178    0.01000000000000000021 )	-9.105196174401763e182 -8.71 -0.9595
397	(  -6.7099999999999999645  -2731558852320529101239268719464079482203687508676126317715870268273617503349879114698239518637923890180309439710461978983918811984027291001900871277552465783659760857756232322599878656.0                      1.0200000000000000178    0.01000000000000000021 )	-2.731558852320529e183 -8.71 -0.9595
398	(  -6.7099999999999999645  -8194676556961588247208412363777576506999707773095601682377915908930959604101212405500759153950984692072609613546077822318850193643043097948348771313855555491337845431442707880148467712.0                      1.0200000000000000178    0.01000000000000000021 )	-8.194676556961588e183 -8.71 -0.9595
399	(  -6.7099999999999999645  -24584029670884763798134630885947391460610478072219582317903442622682771718252062155096236863815741054686147546223541581589456823238168068902400156460368508333654973436154112728096571392.0                      1.0200000000000000178    0.01000000000000000021 )	-2.4584029670884764e184 -8.71 -0.9595
400	(  -6.7099999999999999645  -73752089012654283846479043014759469898722272240120965119867887035167458402343585974040385807149518991804992283353089661831620408186814407166031209531520259878096417443070250885499060224.0                      1.0200000000000000178    0.01000000000000000021 )	-7.375208901265428e184 -8.71 -0.9595
401	(  -6.7099999999999999645  -221256267037962821347737730471947591763730168814211768024233897773978948197380355957127858284257740286401175428789128653747860978449684023333416589196219719142815240867642403461334564864.0                      1.0200000000000000178    0.01000000000000000021 )	-2.2125626703796282e185 -8.71 -0.9595
402	(  -6.7099999999999999645  -663768801113888464043213191415842775291190506442635304072701693321936844592141067871383574852773220859203526286367385961243582935349052070000249767588659157428445722602927210384003694592.0                      1.0200000000000000178    0.01000000000000000021 )	-6.637688011138885e185 -8.71 -0.9595
403	(  -6.7099999999999999645  -1991306403341665512896437168536851597603318110952510421559584133291904241815024811474123921107082929333665784544182719210718749790490193002659457460359341714251233213655055027932661547008.0                      1.0200000000000000178    0.01000000000000000021 )	-1.9913064033416655e186 -8.71 -0.9595
404	(  -6.7099999999999999645  -5973919210024997504823692259925140966647927065854367339410584826484462389753887297302157335711354922049438999113192648248060257247014873349248037641824939078480868007735352258043188346880.0                      1.0200000000000000178    0.01000000000000000021 )	-5.9739192100249975e186 -8.71 -0.9595
405	(  -6.7099999999999999645  -17921757630074993480605457534090009073781753930559938092963586906062136833570474754786257579524170900196758642820222435360084779616588914389013778186221731171169772389976243948374768746496.0                      1.0200000000000000178    0.01000000000000000021 )	-1.7921757630074993e187 -8.71 -0.9595
406	(  -6.7099999999999999645  -53765272890224980441816372602270027221345261791679814278890760718186410500711424264358772738572512700590275928460667306080254338849766743167041334558665193513509317169928731845124306239488.0                      1.0200000000000000178    0.01000000000000000021 )	-5.376527289022498e187 -8.71 -0.9595
407	(  -6.7099999999999999645  -161295818670674941325449117806810081664035785375039442836672282154559231502134272793076318215717538101770827785382001918240763016549300229501124003675995580540527951509786195535372918718464.0                      1.0200000000000000178    0.01000000000000000021 )	-1.6129581867067494e188 -8.71 -0.9595
408	(  -6.7099999999999999645  -483887456012024823976347353420430244992107356125118328510016846463677694506402818379228954647152614305312483356146005754722289049647900688503372011027986741621583854529358586606118756155392.0                      1.0200000000000000178    0.01000000000000000021 )	-4.838874560120248e188 -8.71 -0.9595
409	(  -6.7099999999999999645  -1451662368036074533761642428537424250101952323287152494312887814693993062034972478361993140574424635495037715379199264663584723652978536903351374609771762716751290339061367738970049305640960.0                      1.0200000000000000178    0.01000000000000000021 )	-1.4516623680360745e189 -8.71 -0.9595
410	(  -6.7099999999999999645  -4354987104108224590606533178030408992315941048450217623464059848929338842357141806674879847850742587750717391109777752381439875023492968115514261056320128020438491424756774883337236511719424.0                      1.0200000000000000178    0.01000000000000000021 )	-4.3549871041082246e189 -8.71 -0.9595
411	(  -6.7099999999999999645  -13064961312324673771819599534091226976947823145350652870392179546788016527071425420024639543552227763252152173329333257144319625070478904346542783168960384061315474274270324650011709535158272.0                      1.0200000000000000178    0.01000000000000000021 )	-1.3064961312324674e190 -8.71 -0.9595
412	(  -6.7099999999999999645  -39194883936974017358172375032601135962803133121696918049074953020974610956205378773718316926146808564694039540099279937870216058953207283417787800598861792703207941192520287284326774226288640.0                      1.0200000000000000178    0.01000000000000000021 )	-3.919488393697402e190 -8.71 -0.9595
413	(  -6.7099999999999999645  -117584651810922052074517125097803407888409399365090754147224859062923832868616136321154950778440425694082118620297839813610648176859621850253363401796585378109623823577560861852980322678865920.0                      1.0200000000000000178    0.01000000000000000021 )	-1.1758465181092205e191 -8.71 -0.9595
414	(  -6.7099999999999999645  -352753955432766172052697069572100403537389543352692424690080919666329253105883998908887259153360775982496023780448398775082915795611783269247452401021833572251825397253845332221774385553342464.0                      1.0200000000000000178    0.01000000000000000021 )	-3.527539554327662e191 -8.71 -0.9595
415	(  -6.7099999999999999645  -1058261866298298769424422317175344088566750154176799870044744238639911831318221435853420286548714310351482758054223265673264287627362033303540152333178739723522739016100139943270657836927942656.0                      1.0200000000000000178    0.01000000000000000021 )	-1.0582618662982988e192 -8.71 -0.9595
416	(  -6.7099999999999999645  -3174785598894896308273266951526032265700250462530399610134232715919735493954664307560260859646142931054448274162669797019792862882086099910620456999536219170568217048300419829811973510783827968.0                      1.0200000000000000178    0.01000000000000000021 )	-3.1747855988948963e192 -8.71 -0.9595
417	(  -6.7099999999999999645  -9524356796684689937885125288414268308919077484066089214300704066322902769866270679187816615292956722779323569339521668451440749608365033715052551519061613538773702442255675275857259253423144960.0                      1.0200000000000000178    0.01000000000000000021 )	-9.52435679668469e192 -8.71 -0.9595
418	(  -6.7099999999999999645  -28573070390054069813655375865242804926757232452198267642902112198968708309598812037563449845878870168337970708018565005354322248825095101145157654557184840616321107326767025827571777760269434880.0                      1.0200000000000000178    0.01000000000000000021 )	-2.857307039005407e193 -8.71 -0.9595
419	(  -6.7099999999999999645  -85719211170162217545488723066417786874818306128393925999890383945415695232814658164746621828472833941941742098867793235199464034172139175301002407835178170065515732359136403774086043049381593088.0                      1.0200000000000000178    0.01000000000000000021 )	-8.571921117016222e193 -8.71 -0.9595
420	(  -6.7099999999999999645  -257157633510486620218375787316495872246268483297985285714934962442208804482371086286014776322073608078113906397354986829052402951729002038440889446851039917330337555562067906156775290073851625472.0                      1.0200000000000000178    0.01000000000000000021 )	-2.5715763351048662e194 -8.71 -0.9595
421	(  -6.7099999999999999645  -771472900531459763400856216301215151604246144632366380290596319144511569798894594233369061476186142991207759494319781857519241402824759652936315010589635973392383742140179802973877352998675415040.0                      1.0200000000000000178    0.01000000000000000021 )	-7.714729005314598e194 -8.71 -0.9595
422	(  -6.7099999999999999645  -2314418701594379030857845593841585547787246953199527202593899442281228459668100677034306471121799278991932719288972202560189811002174955059112002818532951177247474094297808967597769346401681014784.0                      1.0200000000000000178    0.01000000000000000021 )	-2.314418701594379e195 -8.71 -0.9595
423	(  -6.7099999999999999645  -6943256104783136314539367616338576922285266417505865792948029781386766629818552714105517273445120387030726480284955178643465693387626893478245181815890983302953390886525235578821719901422007353344.0                      1.0200000000000000178    0.01000000000000000021 )	-6.943256104783136e195 -8.71 -0.9595
424	(  -6.7099999999999999645  -20829768314349409980996995069263970394957765175307885131955647404769524888369990564979754673562397761018941677630814107979868732988077976033523314300616776880578881188066628501760610554643402981376.0                      1.0200000000000000178    0.01000000000000000021 )	-2.082976831434941e196 -8.71 -0.9595
425	(  -6.7099999999999999645  -62489304943048238242022122969777828209689022908245957420759406699182374656424631076244886846503486082470922927100030900335379421565812292890872093725400946415486311792127259627645438466949256314880.0                      1.0200000000000000178    0.01000000000000000021 )	-6.248930494304824e196 -8.71 -0.9595
426	(  -6.7099999999999999645  -187467914829144731324128644433305318678698523489382476312063149067294723951903211991345906191143043846240964569715269853797684709900593608253220582823304070793958271832236527127663529006885863686144.0                      1.0200000000000000178    0.01000000000000000021 )	-1.8746791482914473e197 -8.71 -0.9595
427	(  -6.7099999999999999645  -562403744487434293560759586443746960333884299056015053234899021020369771751485548549705192483224645131692068439636872478142332800920721202243287558352519601666870834231838070851353868656886159507456.0                      1.0200000000000000178    0.01000000000000000021 )	-5.624037444874343e197 -8.71 -0.9595
428	(  -6.7099999999999999645  -1687211233462302880682278759331240881001652897168045159704697063061109315254456645649115577449673935395076205318910617434426998402762163606729862675057558805000612502695514212554061605970658478522368.0                      1.0200000000000000178    0.01000000000000000021 )	-1.687211233462303e198 -8.71 -0.9595
429	(  -6.7099999999999999645  -5061633700386908642046836277993722643004958691504135479114091189183327945763369936947346732349021806185228615956731852303280995208286490820189588025172676415001837508086542637662184817911975435567104.0                      1.0200000000000000178    0.01000000000000000021 )	-5.061633700386909e198 -8.71 -0.9595
430	(  -6.7099999999999999645  -15184901101160724863864523200446970549838462969575151778156038113486137438401833410034920475342579940230681317411624219131184013131857441767410088770103550425965554991084924025324012782949488243245056.0                      1.0200000000000000178    0.01000000000000000021 )	-1.5184901101160725e199 -8.71 -0.9595
431	(  -6.7099999999999999645  -45554703303482166093385684533067332616104084069227418060978230707947641124099289023647803652391855994092007708566301955164280259451556079756960863866994820725577004707857140974671704982556960222085120.0                      1.0200000000000000178    0.01000000000000000021 )	-4.555470330348217e199 -8.71 -0.9595
432	(  -6.7099999999999999645  -136664109910446515276572823735749155915134861886678328729914459388864465754510289483857326504447335635476095613036047269951384338242700730361421396487616123281370334654366685126615781680253889681555456.0                      1.0200000000000000178    0.01000000000000000021 )	-1.3666410991044652e200 -8.71 -0.9595
433	(  -6.7099999999999999645  -409992329731339528833302701070700309678581975981038911642763610901571854881318446038658063966070239253228214351771000405395609454840069699993725384576216708739471683432304793177246678308178660029366272.0                      1.0200000000000000178    0.01000000000000000021 )	-4.099923297313395e200 -8.71 -0.9595
434	(  -6.7099999999999999645  -1229976989194018586499908103212100929035745927943116734928290832704715564643955338115974191898210717759684643055313001216186828364520209099981176153728650126218415050296914379531740034924535980088098816.0                      1.0200000000000000178    0.01000000000000000021 )	-1.2299769891940186e201 -8.71 -0.9595
435	(  -6.7099999999999999645  -3689930967582054943671767343082039199899752519237538626529843669393112659585669738528054629425587305925450449773756216234550394218935067727597665826627630645632557765412570552870388101609623507529891840.0                      1.0200000000000000178    0.01000000000000000021 )	-3.689930967582055e201 -8.71 -0.9595
436	(  -6.7099999999999999645  -11069792902746164287129997384876608541560934047984741494086178455698648622526211698370918590764065352873949029726480123760977788740388163467895755723510678781549215039252263268127942969386214234100072448.0                      1.0200000000000000178    0.01000000000000000021 )	-1.1069792902746164e202 -8.71 -0.9595
437	(  -6.7099999999999999645  -33209378708238488510307554999673753159576214066131229398231714947250431017732254957406793392190623539402628532421132171741546214889828172684509333119554331101859979061873202680518058224617392394383392768.0                      1.0200000000000000178    0.01000000000000000021 )	-3.320937870823849e202 -8.71 -0.9595
438	(  -6.7099999999999999645  -99628136124715465530922664999021259478728642198393688194695144841751293053196764872220380176571870618207885597263396515224638644669484518053527999358662993305579937185619608041554174673852177183150178304.0                      1.0200000000000000178    0.01000000000000000021 )	-9.962813612471547e202 -8.71 -0.9595
439	(  -6.7099999999999999645  -298884408374146431401427492236712358157038631217765025256299997884017997958361335718308839570528192008377405245856655142005013144659144095914007470483810621859041140003927521115588689489886534012785131520.0                      1.0200000000000000178    0.01000000000000000021 )	-2.9888440837414643e203 -8.71 -0.9595
440	(  -6.7099999999999999645  -896653225122439329012941973949785654191968598275879036441114557010818112673855048256574217752397156178885964191636431022346136644628122829495445883859253507519424748458851260337692233937989604501689991168.0                      1.0200000000000000178    0.01000000000000000021 )	-8.966532251224393e203 -8.71 -0.9595
441	(  -6.7099999999999999645  -2689959675367318265508101899766545600342727431808308794701060177902567288411733473582904245583692109766687880207441017837687187619089892822513725430840333658096684872953103356940486025560608833211746746368.0                      1.0200000000000000178    0.01000000000000000021 )	-2.689959675367318e204 -8.71 -0.9595
442	(  -6.7099999999999999645  -8069879026101955353462857655134014076561825569386269754858613547447927766015537078375075921404077611760123615887386503054359118227680727135595951851046147245366875874012409222676276724175106539048593784832.0                      1.0200000000000000178    0.01000000000000000021 )	-8.069879026101955e204 -8.71 -0.9595
443	(  -6.7099999999999999645  -24209637078305867174265676877070796780752763256081496006086706669824235099607284550377954133518235400200490798192286408245672465423864278742897406670188734278254270132343425971738467467511879695972488445952.0                      1.0200000000000000178    0.01000000000000000021 )	-2.4209637078305867e205 -8.71 -0.9595
444	(  -6.7099999999999999645  -72628911234917605978305446277887408546527435959935234984303584119394512505064546912144767877778716460281952196697366821067397839234881225573130424478767373003377380438255071130053951582481879403224293703680.0                      1.0200000000000000178    0.01000000000000000021 )	-7.262891123491761e205 -8.71 -0.9595
445	(  -6.7099999999999999645  -217886733704752826845933170127012262048120600263187198884997680578027151927679027258456114587784169900206816194333115655862954403631220455408267682372704459347361281397214799819838953107338118840286537842688.0                      1.0200000000000000178    0.01000000000000000021 )	-2.1788673370475283e206 -8.71 -0.9595
446	(  -6.7099999999999999645  -653660201114258480537799510381036786144361800789561596654993041734081455783037081775368343763352509700620448582999346967588863210893661366224803047118113378042083844191644399459516859322014356520859613528064.0                      1.0200000000000000178    0.01000000000000000021 )	-6.536602011142585e206 -8.71 -0.9595
447	(  -6.7099999999999999645  -1960980603342775299037129230449509775896472724234580887051588273684746536749345060973756056018889200792085992081141797820194415457855755639652386598371902688730585291255739815503717004207763379472760332877824.0                      1.0200000000000000178    0.01000000000000000021 )	-1.9609806033427753e207 -8.71 -0.9595
448	(  -6.7099999999999999645  -5882941810028325326806310488574126997542967460167327049501201414984248287848970445511872266971994289137156561572000421130294549674266353082869069623185958284609090908490445915011816717590171378059006967808000.0                      1.0200000000000000178    0.01000000000000000021 )	-5.882941810028325e207 -8.71 -0.9595
449	(  -6.7099999999999999645  -17648825430084978261639240276819990313214705230647643595117857869232710153143170286173200405254676120367875343401701152712038435820002714592959569557276873980157932586578431871032787332902989175614117026725888.0                      1.0200000000000000178    0.01000000000000000021 )	-1.7648825430084978e208 -8.71 -0.9595
450	(  -6.7099999999999999645  -52946476290254937066138029641557580260229918542088593231967827231978095749025769808157184820102721614060031688890803347457270094257211799123231069359549621066804457620842389739095699178841442568279447203479552.0                      1.0200000000000000178    0.01000000000000000021 )	-5.294647629025494e208 -8.71 -0.9595
451	(  -6.7099999999999999645  -158839428870764829448176559413453615345376178427431079268817510690174009563847381021572223295017710865831340336158009156941048577149264640124512093580400856211058651751383922225265794977584128036335110596853760.0                      1.0200000000000000178    0.01000000000000000021 )	-1.5883942887076483e209 -8.71 -0.9595
452	(  -6.7099999999999999645  -476518286612294415345479796285237347777382844077632039514796416093563139424461856676313994546214948502889039930531631012546192553937276949354260738734194596590594839698724754643882595168513182783018255844900864.0                      1.0200000000000000178    0.01000000000000000021 )	-4.765182866122944e209 -8.71 -0.9595
453	(  -6.7099999999999999645  -1429554859836883027039289742990341548555911458618912523669420900349812750472144710863733957622130293224852176557767703662807718129280279935004955590181559873644041172429893227835903416212821944371093539697721344.0                      1.0200000000000000178    0.01000000000000000021 )	-1.429554859836883e210 -8.71 -0.9595
454	(  -6.7099999999999999645  -4288664579510649665110268284612012631737699905494027157341511628865109365553076423698423275577096352431396378296842282654638779807924975573169071106600743397272772441733095779763028566752379443721177226658447360.0                      1.0200000000000000178    0.01000000000000000021 )	-4.2886645795106497e210 -8.71 -0.9595
455	(  -6.7099999999999999645  -12865993738531948995330804853836037895213099716482081472024534886595328096659229271095269826731289057294189134890526847963916339423774926719507213319802230191818317325199287339289085700257138331163531679975342080.0                      1.0200000000000000178    0.01000000000000000021 )	-1.286599373853195e211 -8.71 -0.9595
456	(  -6.7099999999999999645  -38597981215595844650022818338944161741359437030897086070740608948523299833431118648856923869351045280855208010177423857226886516590988237085904822615182435470092356277824197632845983828315760551059008609664892928.0                      1.0200000000000000178    0.01000000000000000021 )	-3.8597981215595845e211 -8.71 -0.9595
457	(  -6.7099999999999999645  -115793943646787515262311685236320869669839414144297991449557861155468423847920802631139686721310560714346748874579018078361759536330272366676779929091753265567376303251283277818367765305302046113724334386905612288.0                      1.0200000000000000178    0.01000000000000000021 )	-1.1579394364678752e212 -8.71 -0.9595
458	(  -6.7099999999999999645  -347381830940362527099178285928450993455279345484500707586009617776303795891389854577987975277189107014821371467783800741766378595548124755449405248521465755859228144171660518374933109736260902801720311718627770368.0                      1.0200000000000000178    0.01000000000000000021 )	-3.473818309403625e212 -8.71 -0.9595
459	(  -6.7099999999999999645  -1042145492821087506546507778663306518148882448659929055707372990568505485064679350472239586284597020531588613779538388252023535732873604888024477590549221104206081370186224294804118584490201766247350169387527045120.0                      1.0200000000000000178    0.01000000000000000021 )	-1.0421454928210875e213 -8.71 -0.9595
460	(  -6.7099999999999999645  -3126436478463262071133360861257640781144913819218348764818183795143081039537096771846372721571969258517512837595737080916417006875996198394131003841556606332388625736586129322488271285159119645795185913552443539456.0                      1.0200000000000000178    0.01000000000000000021 )	-3.126436478463262e213 -8.71 -0.9595
461	(  -6.7099999999999999645  -9379309435389786213400082583772922343434741457655046294454551385429243118611290315539118164715907775552538512787211242749251020627988595182393011524669818997165877209758387967464813855477358937385557740657330618368.0                      1.0200000000000000178    0.01000000000000000021 )	-9.379309435389786e213 -8.71 -0.9595
462	(  -6.7099999999999999645  -28137928306169357444183814485366023634832934968267969810553160352121234914082027534429765061396198518451607528380625504675343461023633475493999224093766638377551982632015047737263549650934781737631700969678291599360.0                      1.0200000000000000178    0.01000000000000000021 )	-2.8137928306169357e214 -8.71 -0.9595
463	(  -6.7099999999999999645  -84413784918508062764419977328476123740728489667226556849175530623031749208231335305788579722176397089706758505293810725446753576188241946056559188439357366221090755917964213890743513628825984616695324890685272752128.0                      1.0200000000000000178    0.01000000000000000021 )	-8.441378491850806e214 -8.71 -0.9595
464	(  -6.7099999999999999645  -253241354755524159588865533602562529730874523288947612800074740569099381022649764024863592780492595872176083276337234810602430307916750396893362113792244451928576691819649853709089134914542872061486640617007012118528.0                      1.0200000000000000178    0.01000000000000000021 )	-2.5324135475552416e215 -8.71 -0.9595
465	(  -6.7099999999999999645  -759724064266572555311648329828663166502786091767461659060095825173953787340067270454596502037575375341712762467796230740441505378811519034083594212112273747078251611283596995695644487335455500954058145997817852723200.0                      1.0200000000000000178    0.01000000000000000021 )	-7.597240642665726e215 -8.71 -0.9595
466	(  -6.7099999999999999645  -2279172192799717819025048447527940654128683319103622618500030682455172650564437768123800953504921301475507312680957744838592945046557092789057798377807902023819797905500085856223687627190020272401370886287047190904832.0                      1.0200000000000000178    0.01000000000000000021 )	-2.2791721927997178e216 -8.71 -0.9595
467	(  -6.7099999999999999645  -6837516578399154375615766090835528890108000220118293703418551288965385682958729044931471544867934957128736089708287550219389408600406492488015489582250190766969652146396026783491587872671983434439291348622703369125888.0                      1.0200000000000000178    0.01000000000000000021 )	-6.837516578399154e216 -8.71 -0.9595
468	(  -6.7099999999999999645  -20512549735197463126847298272506586670324000660354881110255653866896157048876187134794414634603804871386208269124862650658168225801219477464046468746750572300908956439188080350474763618015950303317874045868110107377664.0                      1.0200000000000000178    0.01000000000000000021 )	-2.0512549735197463e217 -8.71 -0.9595
469	(  -6.7099999999999999645  -61537649205592394279425205474862196958822403382704247852998744222554432380044112020703610220361660228570433616256797635727094402527579574369963909967326301945448247610341676863800424139924771535207908482999326569660416.0                      1.0200000000000000178    0.01000000000000000021 )	-6.153764920559239e217 -8.71 -0.9595
470	(  -6.7099999999999999645  -184612947616777182838275616424586590876467210148112743558996232667663297140132336062110830661084980685711300848770392907181283207582738723109891729901978905836344742831025030591401272419774314605623725448997979708981248.0                      1.0200000000000000178    0.01000000000000000021 )	-1.846129476167772e218 -8.71 -0.9595
471	(  -6.7099999999999999645  -553838842850331548514826849273759772629401630444338230676988698002989891420397008186332491983254942057133902546311178721543849622748216169329675189705936717509034228493075091774203817259322943816871176346993939126943744.0                      1.0200000000000000178    0.01000000000000000021 )	-5.5383884285033155e218 -8.71 -0.9595
472	(  -6.7099999999999999645  -1661516528550994645544480547821279317888204891333014692030966094008969674261191024558997475949764826171401707638933536164631548868244648507989025569117810152527102685479225275322611451777968831450613529040981817380831232.0                      1.0200000000000000178    0.01000000000000000021 )	-1.6615165285509946e219 -8.71 -0.9595
473	(  -6.7099999999999999645  -4984549585652983936633441643463837953664614673999044076092898282026909022783573073676992427849294478514205122916800608493894646604733945523967076707353430457581308056437675825967834355333906494351840587122945452142493696.0                      1.0200000000000000178    0.01000000000000000021 )	-4.984549585652984e219 -8.71 -0.9595
474	(  -6.7099999999999999645  -14953648756958951182843261166251681931668992642587262849433026670481884030473528742141970395029451996897903841213478985961352454998339930398739693644994744487275587747837515693919358005409473643022973109158276836743970816.0                      1.0200000000000000178    0.01000000000000000021 )	-1.495364875695895e220 -8.71 -0.9595
475	(  -6.7099999999999999645  -44860946270876851040301528442195718077707572410122311032916407309050279939911824310869883631014630236114865413492745599802731425731572166503572935026722045919953417557610499945821493773859437568938724718632592431497871360.0                      1.0200000000000000178    0.01000000000000000021 )	-4.486094627087685e220 -8.71 -0.9595
476	(  -6.7099999999999999645  -134582838812630533055078544874112532494727473089251112975687840307987862607665377608161430460454084671713827359296705934757586763087135501969549637814068637424873487185615122749971839382626445825774617285159872664621285376.0                      1.0200000000000000178    0.01000000000000000021 )	-1.3458283881263053e221 -8.71 -0.9595
477	(  -6.7099999999999999645  -403748516437891599165235634622337597484182419267753338927063520923963587822996132824484291381362254015141482077890117804272760289261406505908648913442205912274620461556845368249915518147879337477323851855479617993863856128.0                      1.0200000000000000178    0.01000000000000000021 )	-4.037485164378916e221 -8.71 -0.9595
478	(  -6.7099999999999999645  -1211245549313674797495706903867012792452547257803260016781190562771890763468988398473452874144086762045424446233670353412818280867784219517725946740326617736823861384670536104749746554443638012431971555566438853981591568384.0                      1.0200000000000000178    0.01000000000000000021 )	-1.2112455493136748e222 -8.71 -0.9595
479	(  -6.7099999999999999645  -3633736647941024071433904064361444429543317867151926928374589582409064655013843670229187095510823389550181036602106566404045122377631362592519133544722293205111795906216146280849357392307684167199249756767510087866817445888.0                      1.0200000000000000178    0.01000000000000000021 )	-3.633736647941024e222 -8.71 -0.9595
480	(  -6.7099999999999999645  -10901209943823073498514578782042709079887249226487193272999697170853624506614017111452247394218217754994912318201937674549774248035779271620192227339197119636774540709830286976147601261015971981984408910029756159912281374720.0                      1.0200000000000000178    0.01000000000000000021 )	-1.0901209943823073e223 -8.71 -0.9595
481	(  -6.7099999999999999645  -32703629831469224348182336113003254613433634554555817282626876783440165144559509636650800505711896024017844579792666949662239386815993366388481162132682078974641081103036405329241391035326674387113205649270946168672331235328.0                      1.0200000000000000178    0.01000000000000000021 )	-3.2703629831469224e223 -8.71 -0.9595
482	(  -6.7099999999999999645  -98110889494407662770844075627342757510242538663416151944873202961309051101098640103834912655649707381298580072213057046285607113224898628424364872757804316752410019379654430918927940433236667318246339829995031335522361409536.0                      1.0200000000000000178    0.01000000000000000021 )	-9.811088949440766e223 -8.71 -0.9595
483	(  -6.7099999999999999645  -294332668483222967765126361458694259870610885989745856028604754105904264638136142699269760243977160762385832882309283533454599245228532943790937390992929109914203610280053722619191355954223290268552465254349479665577819635712.0                      1.0200000000000000178    0.01000000000000000021 )	-2.9433266848322297e224 -8.71 -0.9595
484	(  -6.7099999999999999645  -882998005449668738916132160989410678330898817965216769637695424093529684593130207199929458948155791235078239972288749757146020980116295299515554354734916606998399247968884606756834345098776177316164961877963524268819342163968.0                      1.0200000000000000178    0.01000000000000000021 )	-8.829980054496687e224 -8.71 -0.9595
485	(  -6.7099999999999999645  -2648994016349006052369149559581559933711762613891629510464967434056405944458112400701908555060691682653155461242227148428220286184779582366689405245960879098250986161035377259169763312532434838459002451748805658078543909748736.0                      1.0200000000000000178    0.01000000000000000021 )	-2.648994016349006e225 -8.71 -0.9595
486	(  -6.7099999999999999645  -7946982049047017170831967138424647193449684801650763740706189272824119177446667876718446734479420901646990831678846840225354198020922925908924668828419412958287688985878472410904851601013942354440052751935907485868147028787200.0                      1.0200000000000000178    0.01000000000000000021 )	-7.946982049047017e225 -8.71 -0.9595
487	(  -6.7099999999999999645  -23840946147141052827529876802367318390596525124984457609703518524265822406910229397338378777708468233357606564433653327421804808107323205981632069031209204656816759620605629721520472585152976611236097726888401775427754020306944.0                      1.0200000000000000178    0.01000000000000000021 )	-2.3840946147141053e226 -8.71 -0.9595
488	(  -6.7099999999999999645  -71522838441423169002861433503848969653769341135210703929790161219145186217292494329479444927287048927405892248477862436231352136678405043983760707461235340226079820165578589075008760012348126217035808949310639868869765532483584.0                      1.0200000000000000178    0.01000000000000000021 )	-7.152283844142317e226 -8.71 -0.9595
489	(  -6.7099999999999999645  -214568515324269528049127906705040937925267554926146773990729694950130996645001095263366951970184435236883821855787392216625931834748085984029011123118921473189498543104259167045920964550822771417762458385222788691782303540576256.0                      1.0200000000000000178    0.01000000000000000021 )	-2.1456851532426953e227 -8.71 -0.9595
490	(  -6.7099999999999999645  -643705545972808668309558144889098929631640790860498970777625930021174741907497734889815324663846459529316046008777396281605297203095741360397949372297626229613531959742871100421341631707581885319907501304831842416038938394230784.0                      1.0200000000000000178    0.01000000000000000021 )	-6.437055459728087e227 -8.71 -0.9595
491	(  -6.7099999999999999645  -1931116637918426089090848859441272904750760498663555561138314635234305977694987653769160442744832532406612718467747408476543393308138707489504764119833740498885632209658706900547603633177859227026342630063659003588808842955194368.0                      1.0200000000000000178    0.01000000000000000021 )	-1.931116637918426e228 -8.71 -0.9595
492	(  -6.7099999999999999645  -5793349913755278940569941976515627641098986504647135873858438667069171948864918554105197078260842827769154798934563982483450193515227989735001620383028115977017187272416869495911440803974486249611988899384284821491962751045599232.0                      1.0200000000000000178    0.01000000000000000021 )	-5.793349913755279e228 -8.71 -0.9595
493	(  -6.7099999999999999645  -17380049741265837495007221327738691850143664522597876812018810762573769862374711255113306984808873713856781040335013704504170594136495836471492189172611242411411852460691357282002952316364367317368927707346162275201424475316813824.0                      1.0200000000000000178    0.01000000000000000021 )	-1.7380049741265837e229 -8.71 -0.9595
494	(  -6.7099999999999999645  -52140149223797517871400827168750546965204633637045383959604390378651341713363778507721646954637382985964876269255615169943071891135982447546375191706048883077117882529600062200157896184620370500370471195584949311408563203390570496.0                      1.0200000000000000178    0.01000000000000000021 )	-5.214014922379752e229 -8.71 -0.9595
495	(  -6.7099999999999999645  -156420447671392564386960807877320583725161181049639658925909087317814089392570625007928392864333672646683695104267993622690335890860937218902922823494576960917118297883852167308771767024915648597638789733847772905834269165051969536.0                      1.0200000000000000178    0.01000000000000000021 )	-1.5642044767139256e230 -8.71 -0.9595
496	(  -6.7099999999999999645  -469261343014177714706399076374099636834578103425925990871919094317162396682670453993312082593844065317629217905806277093793248107488791409236362967236591506122884194241660463342911458016856019985971121495729168660719966604916424704.0                      1.0200000000000000178    0.01000000000000000021 )	-4.692613430141777e230 -8.71 -0.9595
497	(  -6.7099999999999999645  -1407784029042533144119197229122298910503734310277777972615757282951487190048011361979936247781532195952887653717418831281379744322466374227709088901709774518368652582724981390028734374050568059957913364487187505982159899814749274112.0                      1.0200000000000000178    0.01000000000000000021 )	-1.4077840290425331e231 -8.71 -0.9595
498	(  -6.7099999999999999645  -4223352087127599259993458465429793646238446448617277805093737189944700542104365454183593511337852208838037900408238124038361309488151284662906510731106438568133723343454112478753433866614831586329302075108075718400742426566163693568.0                      1.0200000000000000178    0.01000000000000000021 )	-4.223352087127599e231 -8.71 -0.9595
499	(  -6.7099999999999999645  -12670056261382795711610776733044143915442261559259160062238795662916969289837072781476197749932624078266612972296493934445748846713479797746070460505044695860734357173712357140267070533402023636454650005082385560653380005161481535488.0                      1.0200000000000000178    0.01000000000000000021 )	-1.2670056261382796e232 -8.71 -0.9595
500	(  -6.7099999999999999645  -38010168784148387134832330199132431746326784677777480186716386988750907869511218344428593249797872234799838916889481803337246540140439393238211381515134087582203071521137071420801211600206070909363950015247156681960140015484444606464.0                      1.0200000000000000178    0.01000000000000000021 )	-3.8010168784148387e232 -8.71 -0.9595
501	(  -6.7099999999999999645  -114030506352445161404496990597397295238980354033332440560149160966252723608533655033285779749393616704399516750668445410011739620421318179714634144545402262746609214563411214262403634800618212728091850045741470045880420046453333819392.0                      1.0200000000000000178    0.01000000000000000021 )	-1.1403050635244516e233 -8.71 -0.9595
502	(  -6.7099999999999999645  -342091519057335506276100024200141080631853891823652504112899919239207582414678549964652888945044130627838558027239687565174793066607677805732159198311136066572273647494500099277805369110574330157963616486470720479495631067754769940480.0                      1.0200000000000000178    0.01000000000000000021 )	-3.420915190573355e233 -8.71 -0.9595
503	(  -6.7099999999999999645  -1026274557172006695329172491864016801214864313260198971798319248441218039956656328812323064410038636000635736283593873376640972842572819549902531712332842426376388972917631949758171825001480526263395380253382644173321860630422457679872.0                      1.0200000000000000178    0.01000000000000000021 )	-1.0262745571720067e234 -8.71 -0.9595
504	(  -6.7099999999999999645  -3078823671516020085987517475592050403644592939780596915394957745323654119869968986436969193230115908001907208850781620129922918527718458649707595136998527279129166918752895849274515475004441578790186140760147932519965581891267373039616.0                      1.0200000000000000178    0.01000000000000000021 )	-3.07882367151602e234 -8.71 -0.9595
505	(  -6.7099999999999999645  -9236471014548059904960807588248964092295173543763307827265634254523771774184665601474178784540535235771481502148595239027535568297655803683710677176196713384068364695390424243974034989673809664791549360692502832090226810819485823401984.0                      1.0200000000000000178    0.01000000000000000021 )	-9.23647101454806e234 -8.71 -0.9595
506	(  -6.7099999999999999645  -27709413043644178302875443410638143802331099528975991806119946837782552980853031373075621173022355754377484008830787231633673955750969121989483598589394666338928549842698219516524059227663368708058611835725744634392000693041192287338496.0                      1.0200000000000000178    0.01000000000000000021 )	-2.770941304364418e235 -8.71 -0.9595
507	(  -6.7099999999999999645  -83128239130932540556654247648349425305210982996183702121067664216502708309362955844614524241464067074880294016952355636696752863820900522215044527524965894269891826501986871411164360648422347269439980492584289350690721036792637593485312.0                      1.0200000000000000178    0.01000000000000000021 )	-8.312823913093254e235 -8.71 -0.9595
508	(  -6.7099999999999999645  -249384717392797632966018577777918263712068317807062559768618640055818223661696590984618894169186200848136566031777054793681720584598687879138321046088461473315887833453745039956677447876131524098848231448566978947101601025716034243395584.0                      1.0200000000000000178    0.01000000000000000021 )	-2.4938471739279763e236 -8.71 -0.9595
509	(  -6.7099999999999999645  -748154152178392989266502411996714693507687903969279306549181099417935460853951560560059254065910599532375169942691067449776857698883954137360462846373894743997362331943510525655507271075310430620771014112213824001540306399853074433703936.0                      1.0200000000000000178    0.01000000000000000021 )	-7.48154152178393e236 -8.71 -0.9595
510	(  -6.7099999999999999645  -2244462456535179148536400593316063885266029613004021174134193656754767962299578256892582905314435792573056453522793008486793964986827643411972387955338704880091484658995082388537471668119763008510765681869667246325091925844969166708146176.0                      1.0200000000000000178    0.01000000000000000021 )	-2.244462456535179e237 -8.71 -0.9595
511	(  -6.7099999999999999645  -6733387369605537084135415065296352046312157036819697013429280253262380727423287620252938429709899389767307473178939413185455111180131368236135165033582073344075658650656145542470515294571625592235391766542950190334333764244087613310369792.0                      1.0200000000000000178    0.01000000000000000021 )	-6.733387369605537e237 -8.71 -0.9595
512	(  -6.7099999999999999645  -20200162108816606914720804620066980825105289484150692932608232155764064268564497055661091854328802313879579770863542892257243928176175360711021509111537724477841432036019217149708749366262915577143311950836231987311697133242424198162284544.0                      1.0200000000000000178    0.01000000000000000021 )	-2.0200162108816607e238 -8.71 -0.9595
513	(  -6.7099999999999999645  -60600486326449823635952707577415659351203322869991010869611102203307578081497068370381757852853670845253634411706145574971146054771338578131320517994085503803114658718690464434261445777090054197805178085037108351062627506053831688999403520.0                      1.0200000000000000178    0.01000000000000000021 )	-6.060048632644982e238 -8.71 -0.9595
514	(  -6.7099999999999999645  -181801458979349494042180472469964713060709603950284489183124552498045816450919822738333131877499123764680064028042571910508752326256515702380009479258035154366066877041133897183865918757680622324417472115338624166208171368773967823098609664.0                      1.0200000000000000178    0.01000000000000000021 )	-1.818014589793495e239 -8.71 -0.9595
515	(  -6.7099999999999999645  -545404376938048505260863767147611874189228447191164924123664903382260531559188085842187253951435482522959352877051850917121571140712047075126076363049884106054923532008464195432679337699452326704254354206243171611644802956934376225396228096.0                      1.0200000000000000178    0.01000000000000000021 )	-5.454043769380485e239 -8.71 -0.9595
516	(  -6.7099999999999999645  -1636213130814145700857170099344577502624482424295986424965324677251766252328993198544064628405811337400231344974548634236127226717676140969266612491355881461818553803105892617346690664509640657960778565500547907739096719675702910724991877120.0                      1.0200000000000000178    0.01000000000000000021 )	-1.6362131308141457e240 -8.71 -0.9595
517	(  -6.7099999999999999645  -4908639392442437842869825489640700028100635603777925885273293900175237387592695359702205351423453571526107180297218228647431733335188421883353371082892560960070794237639677976234682599174056685274397708028917294833939402246707860370188402688.0                      1.0200000000000000178    0.01000000000000000021 )	-4.908639392442438e240 -8.71 -0.9595
518	(  -6.7099999999999999645  -14725918177327315009206106852136035124756283473113710876574521437365589423989517607246638986682399833229147831638799337820395306369885263601167180466327516029442648369563034177093269008812439478607317147141299027735116693179321837500990750720.0                      1.0200000000000000178    0.01000000000000000021 )	-1.4725918177327315e241 -8.71 -0.9595
519	(  -6.7099999999999999645  -44177754531981950950004842089263845536086357066460865512742123259456277316814278934300008689695355974290748657904976620973586344566935782607929810269581880685249007735265103524836691871598396126958447533642085656138544025294758538064674422784.0                      1.0200000000000000178    0.01000000000000000021 )	-4.417775453198195e241 -8.71 -0.9595
520	(  -6.7099999999999999645  -132533263595945858772401047800647276770076577846502329421244928725728340995288562915460117798734224397475551136703508470433159459158087339628217699679344974652668085832371311568066960459956266072011838693144445541348826021641068639755725438976.0                      1.0200000000000000178    0.01000000000000000021 )	-1.3253326359594586e242 -8.71 -0.9595
521	(  -6.7099999999999999645  -397599790787837600006749229533364790957499760127985919795809021966623059165248593196620720314795299090839874062064839841349080079303381986102366174520432254345688508003417938678428420760513108980581500448306090915779253847950378021513984999424.0                      1.0200000000000000178    0.01000000000000000021 )	-3.975997907878376e242 -8.71 -0.9595
522	(  -6.7099999999999999645  -1192799372363512847399339860862940294167039333560915622451575537478745249854511588490342894781571149069346063490103148384146443641568385892742524674526091423812434025022861823983740341042827948470836470082663781330803313109905478269035572363264.0                      1.0200000000000000178    0.01000000000000000021 )	-1.1927993723635128e243 -8.71 -0.9595
523	(  -6.7099999999999999645  -3578398117090538542198019582588820882501118000682746867354726612436235749563534765471028684344713447208038190470309445152439330924705157678227574023578274271437302075068585471951221023128483845412509410247991343992409939329716434807106717089792.0                      1.0200000000000000178    0.01000000000000000021 )	-3.5783981170905385e243 -8.71 -0.9595
524	(  -6.7099999999999999645  -10735194351271614868528583991560927906790713151216914793037804292046690090950351354005394311639176312874891510548390273695730738315583634083715903655298108241906010209004028288678381809204833591772056730940045894641780992932279797149422273429504.0                      1.0200000000000000178    0.01000000000000000021 )	-1.0735194351271615e244 -8.71 -0.9595
525	(  -6.7099999999999999645  -32205583053814838541061953925038505794671012647000137906902408514043933010929030522754649003757816708630890044744866326994494179278496190643413163642400608146470862497398259848632895346169557219592398194388712585241752378341883333273083797569536.0                      1.0200000000000000178    0.01000000000000000021 )	-3.220558305381484e244 -8.71 -0.9595
526	(  -6.7099999999999999645  -96616749161444491365090669576538405681208530714397987831863208093747249985098997411217811286634601205917532186633381004612690395162469725499301301633226958122423914973739479476289685712728897435882106589440437360990894733205825767118519301832704.0                      1.0200000000000000178    0.01000000000000000021 )	-9.661674916144449e244 -8.71 -0.9595
527	(  -6.7099999999999999645  -289850247484333461966224412630326661192223338529892750551167615557049475431452945155130365997584379157765027586099534025652675114150899753282434810252693441208777408661990788394064556975296805196198775771458461885605502998707565185005191860060160.0                      1.0200000000000000178    0.01000000000000000021 )	-2.8985024748433346e245 -8.71 -0.9595
528	(  -6.7099999999999999645  -869550742453000337382482853493825760171061001136473399875814811774379328198982647151298826543475439633344806863096166124216441057106661566985428052170130590992354880949061765042975670274330867142806151326923984867347784192483047089614111398428672.0                      1.0200000000000000178    0.01000000000000000021 )	-8.695507424530003e245 -8.71 -0.9595
529	(  -6.7099999999999999645  -2608652227359000915115067791687168833701964974503010496072068365529599788406195564825711936731870923220133868798883626467166154600627909315232531399334492307709109952773364094850491009519873504536838102005869153023105902970169844338039405831782400.0                      1.0200000000000000178    0.01000000000000000021 )	-2.608652227359001e246 -8.71 -0.9595
530	(  -6.7099999999999999645  -7825956682077002745345203375061506501105894923509031488216205096588799365218586694477135810195612769660401606396650879401498463801883727945697594198003476923127329858320092284551473028559620513610514306017607459069317708910509533014118217495347200.0                      1.0200000000000000178    0.01000000000000000021 )	-7.825956682077003e246 -8.71 -0.9595
531	(  -6.7099999999999999645  -23477870046231006683517517824475584354338196308024539207762598173069786956603722057380454744209951978102795990543474687716764694274577977665512738479196039325094714533779137649199443064828955990566257286454377551944953933015059848149507798669983744.0                      1.0200000000000000178    0.01000000000000000021 )	-2.3477870046231007e247 -8.71 -0.9595
532	(  -6.7099999999999999645  -70433610138693007630407815067755271871178681224053175568199657585636471757394861963733742741614765287281117342458600459248448505775148283623897862519072986420985943271888299311958521027687623569576486806575574053730868249313429537305748565481488384.0                      1.0200000000000000178    0.01000000000000000021 )	-7.043361013869301e247 -8.71 -0.9595
533	(  -6.7099999999999999645  -211300830416079035311368183608937296805371951372179968759687109690482304384600890099608849715859386508870622656547624981647191094374030500244333940475734090817256030145114011571515371249862115110851745472514280763296598297672038619060020526972928000.0                      1.0200000000000000178    0.01000000000000000021 )	-2.1130083041607904e248 -8.71 -0.9595
534	(  -6.7099999999999999645  -633902491248237130774394027638154852799787669516580790389237602938592691378635278715641792129608340820666409227986522152745264437219262799478282527264232535560364491094240261985825730083184834136799806523117959494097781992479615871465611241975709696.0                      1.0200000000000000178    0.01000000000000000021 )	-6.339024912482371e248 -8.71 -0.9595
535	(  -6.7099999999999999645  -1901707473744711491684339990159836407934050270149905907608417904284361187035236269814186348316945747638217392717334155289450557928046473593415970405140818659115479075918313695042595655583948457627377699991654347299125294375292847671539032370154831872.0                      1.0200000000000000178    0.01000000000000000021 )	-1.9017074737447115e249 -8.71 -0.9595
536	(  -6.7099999999999999645  -5705122421234134077608388341498021825663401764049063577062433330978751109508387074773515157238354342209779518018504110543492615318584680000323419922029971767608894817212569448787313105414269552014219978285761166630048089534462542786048302533553684480.0                      1.0200000000000000178    0.01000000000000000021 )	-5.705122421234134e249 -8.71 -0.9595
537	(  -6.7099999999999999645  -17115367263702399848157375250605141088157711013743265856610377701690258618941230816306282145440165622400102593254522199681323495162425595321423312005735010044401429988383478528319096148217353730835181204722072248286177507054891626986732140139196186624.0                      1.0200000000000000178    0.01000000000000000021 )	-1.71153672637024e250 -8.71 -0.9595
538	(  -6.7099999999999999645  -51346101791107199544472125751815423264473133041229797569831133105070775856823692448918846436320496867200307779763566599043970485487276785964269936017205030133204289965150435584957288444652061192505543614166216744858532521164674880960196420417588559872.0                      1.0200000000000000178    0.01000000000000000021 )	-5.13461017911072e250 -8.71 -0.9595
539	(  -6.7099999999999999645  -154038305373321611351644589382853866533859368608510325373903651535190966021585372856165943715760943424156848463562647167527401327359582062850393529440174585111214227032807199117767028896758609845289850736553110243130086958419336650194790687713911635968.0                      1.0200000000000000178    0.01000000000000000021 )	-1.540383053733216e251 -8.71 -0.9595
540	(  -6.7099999999999999645  -462114916119964884927846616658191986563337983764814706779351963485487451869213300606135448774480641562694245887775730984164163465669753008381515473874761734180048109647845166804881740941485534606962431785877170763608218454959257979841177768986318733312.0                      1.0200000000000000178    0.01000000000000000021 )	-4.621149161199649e251 -8.71 -0.9595
541	(  -6.7099999999999999645  -1386344748359894960021016941032358281460573218930146504283901943735949678434382994044232052086628792429424940645853929841984247298555299944126555734949713075618576900240076917124129148331714834247444572814938552496132400843085262115064367542026459152384.0                      1.0200000000000000178    0.01000000000000000021 )	-1.386344748359895e252 -8.71 -0.9595
542	(  -6.7099999999999999645  -4159034245079685083554702217135596392228759168547574435482269866727507250520977710283246626768677622449169623925912947452280579830029927111701006747066091142241352414917925029178710061999983323026705236749687017625269032848060778462220325449457712758784.0                      1.0200000000000000178    0.01000000000000000021 )	-4.159034245079685e252 -8.71 -0.9595
543	(  -6.7099999999999999645  -12477102735239056064630712227560875368074435552671262996969065742261154612434248043451941762341197847991088079731143474062153091227545890452388378410066081088266544101544552198761420654019305250217601783468546493423294419819402303854769867641886479482880.0                      1.0200000000000000178    0.01000000000000000021 )	-1.2477102735239056e253 -8.71 -0.9595
544	(  -6.7099999999999999645  -37431308205717174705624981291915315635328571034242106515085246363412526724273263431173440343304913389121897902820667475828950087582286544295448000581140704557139527158959873486086585706212757999752693936161523004649781829659966659309180733273766168100864.0                      1.0200000000000000178    0.01000000000000000021 )	-3.7431308205717175e253 -8.71 -0.9595
545	(  -6.7099999999999999645  -112293924617151537140340633094211325968196241855182954593611837363495705946760828895155551142477379857662961035716476534771831890546157378762909732445307036256098371185532054237864404606947958497457858979996336062709142629383419473417284460517511963607040.0                      1.0200000000000000178    0.01000000000000000021 )	-1.1229392461715154e254 -8.71 -0.9595
546	(  -6.7099999999999999645  -336881773851454637467953277719564736029009783070462133877547708637003369388164563888737113652557418953583417761658377818885458927237067628041860658739690953937654692973901030272802508797463244488773131283012542285647022168957297411231337902944962809430016.0                      1.0200000000000000178    0.01000000000000000021 )	-3.3688177385145464e254 -8.71 -0.9595
547	(  -6.7099999999999999645  -1010645321554363912403859833158694208087029349211386401632643125911010108164493691666211340957672256860750253284975133456656376781711202884125581976219072861812964078921703090818407526392389733466319393849037626856941066506871892233694013708834888428290048.0                      1.0200000000000000178    0.01000000000000000021 )	-1.010645321554364e255 -8.71 -0.9595
548	(  -6.7099999999999999645  -3031935964663091737211579499476082624261088047634159204897929377733030324493481074998634022873016770582250759854925400369969130345133608652376745928657218585438892236765109272455222579177169200398958181547112880570823199520615676701082041126504665284870144.0                      1.0200000000000000178    0.01000000000000000021 )	-3.0319359646630917e255 -8.71 -0.9595
549	(  -6.7099999999999999645  -9095807893989275211634738498428247872783264142902477614693788133199090973480443224995902068619050311746752279564776201109907391035400825957130237785971655756316676710295327817365667737531507601196874544641338641712469598561847030103246123379513995854610432.0                      1.0200000000000000178    0.01000000000000000021 )	-9.095807893989275e255 -8.71 -0.9595
550	(  -6.7099999999999999645  -27287423681967825634904215495284743618349792428707432844081364399597272920441329674987706205857150935240256838694328603329722173106202477871390713357914967268950030130885983452097003212594522803590623633924015925137408795685541090309738370138541987563831296.0                      1.0200000000000000178    0.01000000000000000021 )	-2.7287423681967826e256 -8.71 -0.9595
551	(  -6.7099999999999999645  -81862271045903473570705430045927093815123481925493399959864932040837738563195083142944499708755417045004670080305840438524211222601987210669771313014062361625172064227242927308712219880776289179232727945865035410929718319113322280083841091677395317109555200.0                      1.0200000000000000178    0.01000000000000000021 )	-8.186227104590347e256 -8.71 -0.9595
552	(  -6.7099999999999999645  -245586813137710420712116290137781281445370445776480199879594796122513215689585249428833499126266251135014010240917521315572633667805961632009313939042187084875516192681728781926136659642328867537698183837595106232789154957339966840251523275032185951328665600.0                      1.0200000000000000178    0.01000000000000000021 )	-2.455868131377104e257 -8.71 -0.9595
553	(  -6.7099999999999999645  -736760439413131208792233407374509651697297011559378222480717809840274363898693254174202594837742181233584423750318238003278616255951961328917528584171640611719700159398545977017149342814870134908468264218273120866647335784927084667228585525284867524674977792.0                      1.0200000000000000178    0.01000000000000000021 )	-7.367604394131312e257 -8.71 -0.9595
554	(  -6.7099999999999999645  -2210281318239393413000238369968192184536633731597885158809887115411761959015829786073416174349000255014922843361217410236078709777992189718310932820695239263531706803609076456006405483996144533906899643476770571273061491006409990587581819376607841256780857344.0                      1.0200000000000000178    0.01000000000000000021 )	-2.2102813182393934e258 -8.71 -0.9595
555	(  -6.7099999999999999645  -6630843954718179812247791405593903012499386588633156459165128718017163611686989405321865302718548187673107674304177623160721851354249180618049492598446352647340333061654106417929131363091501860083688632074214131165423440322487444934537583731330001135854419968.0                      1.0200000000000000178    0.01000000000000000021 )	-6.63084395471818e258 -8.71 -0.9595
556	(  -6.7099999999999999645  -19892531864154536876225831990917667790835072128936475273908190384742757242897968498575296586184929098789357888235685224197079886184383210632848642613502867082492275089923581553246883555892915130429004106086056897573704124787007173834365504803028867600634347520.0                      1.0200000000000000178    0.01000000000000000021 )	-1.9892531864154537e259 -8.71 -0.9595
557	(  -6.7099999999999999645  -59677595592463607214654106338267615043621099537525433683608310128483293605809905872538823995927166677394786818471258812211125434715330523603479480931393680101438526476385761059019969956503291458190929931409390031491024112787081306877433519221138421725997826048.0                      1.0200000000000000178    0.01000000000000000021 )	-5.967759559246361e259 -8.71 -0.9595
558	(  -6.7099999999999999645  -179032786777390780675681643400978185184253896421168395393429798076510143342821722139371682836250052604504918300584214112072005618092162271269641079884801986551855993908537479968411741335404427177419801152042802159712013199473961345124344615408037092267130880000.0                      1.0200000000000000178    0.01000000000000000021 )	-1.7903278677739078e260 -8.71 -0.9595
559	(  -6.7099999999999999645  -537098360332172342027044930202934555552761689263505186180289394229530430028465166418115048508750157813514754901752642336216016854276486813808923239654405959655567981725612439905235224006213281532259403456128406479136039598421884035373033846224111276801392640000.0                      1.0200000000000000178    0.01000000000000000021 )	-5.370983603321723e260 -8.71 -0.9595
560	(  -6.7099999999999999645  -1611295080996517026081134790608803666658285067790515558540868182688591290085395499254345145526250473440544264705257927008648050562829460441426769718963217878966703945176837319715705672018639844596778210368385219437408118795265652106119101538672333830404177920000.0                      1.0200000000000000178    0.01000000000000000021 )	-1.611295080996517e261 -8.71 -0.9595
561	(  -6.7099999999999999645  -4833885242989551296740901308433475853023438681725722172462045253713452470120762473647007645386919139935923152274864780090271462014108804255164561759073008590246562958307150909593240581571148585508483903863477620630950005126529130054399736308045685080070467616768.0                      1.0200000000000000178    0.01000000000000000021 )	-4.833885242989551e261 -8.71 -0.9595
562	(  -6.7099999999999999645  -14501655728968654764212691671728686971264649958593868504743898583731071809820591324476911771393428298264930889460958336528123627344808104489030695685952445584125493366028008530564216006774361963398048802623720711167752610342516085107368935692251789595643138277376.0                      1.0200000000000000178    0.01000000000000000021 )	-1.4501655728968655e262 -8.71 -0.9595
563	(  -6.7099999999999999645  -43504967186905967788598026000899098562571285529448413463662747041556073027294989587574290655110968408623438398928330994613607847244351080361240128692791016005919698062510248798830625068566750717684534772004313530602868210879263035098785714149214306208656356540416.0                      1.0200000000000000178    0.01000000000000000021 )	-4.350496718690597e262 -8.71 -0.9595
564	(  -6.7099999999999999645  -130514901560717896373874176031271220390159185281011624492126138543942503886218537534435761283471538198213023735694081013782349611313199707295424302808505689510672658258678299982215921109212922498072827587746637797609383872934359545742999328302725043782515186204672.0                      1.0200000000000000178    0.01000000000000000021 )	-1.305149015607179e263 -8.71 -0.9595
565	(  -6.7099999999999999645  -391544704682153633186263312322405058790040185384365946285481594986021790093324162777010398395523678373380739518354947280879257390580770851579904242266578200475326487345215328632440130555740130254372268937109491039234385541175642160802135471748832132599914491281408.0                      1.0200000000000000178    0.01000000000000000021 )	-3.9154470468215363e263 -8.71 -0.9595
566	(  -6.7099999999999999645  -1174634114046460955494149152738623778750557926611766766047341605603871091845303938157328080641461971341400550243792137603105563615101140825046081392958673469482670949466465557211528024439119028002963020637458895471296922701154362958833268928405839396547374541176832.0                      1.0200000000000000178    0.01000000000000000021 )	-1.174634114046461e264 -8.71 -0.9595
567	(  -6.7099999999999999645  -3523902342139383313965321184387140155295172743504651715669199381978059048058563413082359325563513403794268304241194778893059022392174048637589193508147531352901544747845953242148245135492546181927658772521420065242640896724482580687914706890492262179623172162191360.0                      1.0200000000000000178    0.01000000000000000021 )	-3.5239023421393833e264 -8.71 -0.9595
568	(  -6.7099999999999999645  -10571707026418150836861711005503958103972516157852657982061947276267068689220993436467828143968795190922938219743221068846661730270263398237669479182985615947611698042430972867472057530828016741620515738782346953385422947415486725686573920882026274518831613563895808.0                      1.0200000000000000178    0.01000000000000000021 )	-1.057170702641815e265 -8.71 -0.9595
569	(  -6.7099999999999999645  -31715121079254450720653638111826799035743552618880568276077143568135422977572373914961984097349875613688548045190389742205015864623307690063204640231870804065020966529506692320361528343783293833186468373910867344841268327762382209814062162224979847596570646537043968.0                      1.0200000000000000178    0.01000000000000000021 )	-3.171512107925445e265 -8.71 -0.9595
570	(  -6.7099999999999999645  -95145363237763345002234934716740096002534674437932082147796637661743136572354696167119950953823587004744577679414075369275170289119993051590398731427268237083806389197375171832866008036546855932859089751987907973263802925350834760459548084990543638950015162992558080.0                      1.0200000000000000178    0.01000000000000000021 )	-9.514536323776335e265 -8.71 -0.9595
571	(  -6.7099999999999999645  -285436089713290035006704804150220288007604023313796246443389912985229409717064088501359852861470761014233733038242226107825510867359979154771196194281804711251419167592125515498598024109640567798577269255963723919791408776052504281378644254971630916850045488977674240.0                      1.0200000000000000178    0.01000000000000000021 )	-2.8543608971329004e266 -8.71 -0.9595
572	(  -6.7099999999999999645  -856308269139870162297922249400583272860379937291065720773648083296993288034091670126207569290220601733269730763983429182195551040079377613107310096992167534644309585905535787521542688287345907929334330725848724249454242791648007795997039978390059981267710679881613312.0                      1.0200000000000000178    0.01000000000000000021 )	-8.563082691398702e266 -8.71 -0.9595
573	(  -6.7099999999999999645  -2568924807419610945116229443801129089281682750670613013868771004621420335165470247355646793517128354724357445486004294416338800624233654029671702404150529811053345422749881290770616992529431360056823175841206592669002860082867983002879977642971517789543725743233564672.0                      1.0200000000000000178    0.01000000000000000021 )	-2.568924807419611e267 -8.71 -0.9595
574	(  -6.7099999999999999645  -7706774422258832835348688331403387267845048252011839041606313013864261005496410742066940380551385064173072336458012883249016401872700962089015107212451589433160036268249643872311850977588294080170469527523619778007008580248603949008639932928914553368631177229700694016.0                      1.0200000000000000178    0.01000000000000000021 )	-7.706774422258833e267 -8.71 -0.9595
575	(  -6.7099999999999999645  -23120323266776500338935915776607678886337316511225180531010246060514544900742013174108917484240021390617410022150254677226057795634084971028444410090050877127961775464882027329759508643434456785586689317225501013703586267577507685485475229617949011488855906503456980992.0                      1.0200000000000000178    0.01000000000000000021 )	-2.31203232667765e268 -8.71 -0.9595
576	(  -6.7099999999999999645  -69360969800329501016807747329823036659011949533675541593030738181543634702226039522326752452720064171852230066450764031678173386902254913085333230270152631383885326394646081989278525930303370356760067951676503041110758802732523056456425688853847034466567719510370942976.0                      1.0200000000000000178    0.01000000000000000021 )	-6.93609698003295e268 -8.71 -0.9595
577	(  -6.7099999999999999645  -208082909400988517713542048248649246639453222642543932028622670696004999180700366150245028098847122100342234301562020314866588880834621417347192398432026764779509312465003011670427223476266707430882449732266642560792760622851135877045720513211183914463402157045952020480.0                      1.0200000000000000178    0.01000000000000000021 )	-2.0808290940098852e269 -8.71 -0.9595
578	(  -6.7099999999999999645  -624248728202965611793101369782668286568029164093701025083989836693511377838190088783794167259289084640168879313524973823928041523015290964406348025782355776849941270519268097821648253170226507735056332705748461432220218727167674461842935326232122987645002465197212827648.0                      1.0200000000000000178    0.01000000000000000021 )	-6.242487282029656e269 -8.71 -0.9595
579	(  -6.7099999999999999645  -1872746184608896952684254559421445953003426484613241533248213159291526894106748247017500667703362690598790990758252747230440674330068726317948585738319618295572650477806322419085677924993532294089986965135142451796344529898731557046940353551893511451444599383710352015360.0                      1.0200000000000000178    0.01000000000000000021 )	-1.872746184608897e270 -8.71 -0.9595
580	(  -6.7099999999999999645  -5618238553826691561882466378704984418806313407832555347722101373140537245873312625049210998663060691866079089180825196243261321556343299502223007180794160676854911430910076010981432767877713507578868697512809760387136831999565873109290346094863389285391350079843337240576.0                      1.0200000000000000178    0.01000000000000000021 )	-5.618238553826692e270 -8.71 -0.9595
581	(  -6.7099999999999999645  -16854715661480073747207795535527424510024228284840558379196354925733669652882514029818687668585218582171962445001052982660531566580847071108832688254602074310382120962742083027978432979770318355658062356395252741163939506260869350036578657699013027948097314334580303462400.0                      1.0200000000000000178    0.01000000000000000021 )	-1.6854715661480074e271 -8.71 -0.9595
582	(  -6.7099999999999999645  -50564146984440211857227350600706986066125565467950598497889572840321588111273303636166609731716020812253139109588932887289070718860712939348134731886002145729320229588344799034276645700682733396188749707753992823517108621404325357196812167241267684763524583954243827793920.0                      1.0200000000000000178    0.01000000000000000021 )	-5.056414698444021e271 -8.71 -0.9595
583	(  -6.7099999999999999645  -151692440953320613049131565388020268284903609876081211558389937872454154300121738620605141337452938594528821587772656116205154602465750960496332196751276651903577968845318916983649169329340468178681199455825741510612022110505097608599419367669951696496732090143938485157888.0                      1.0200000000000000178    0.01000000000000000021 )	-1.516924409533206e272 -8.71 -0.9595
584	(  -6.7099999999999999645  -455077322859961929237596641820463564508603175739325970416284936211404903035157905013394175443139311152508847727294538531263694023862804311681284585880749096848264786214818671427670579078852332575583797037222172371593281346346806677762326639225260520665562917306987448369152.0                      1.0200000000000000178    0.01000000000000000021 )	-4.550773228599619e272 -8.71 -0.9595
585	(  -6.7099999999999999645  -1365231968579885727652655295023788853756547963143923020754778060238186415682278588939130025375564269878244954539232568805358928593944711981582328427224301196453107105525214733965196356509336379033724591998503218554941700695819410798644267560198844607879777654004181016510464.0                      1.0200000000000000178    0.01000000000000000021 )	-1.3652319685798857e273 -8.71 -0.9595
586	(  -6.7099999999999999645  -4095695905739657182957965885071366561269643889431769062264334180714559247046835766817390076126692809634734863617697706416076785781834135944746985281672903589359321316575644201895589069528009137101173775995509655664825102087458232395932802680596533823639332962012543049531392.0                      1.0200000000000000178    0.01000000000000000021 )	-4.095695905739657e273 -8.71 -0.9595
587	(  -6.7099999999999999645  -12287087717218974431760359916218987992733486743849941930508686465153035825453873353302690274165054280709720845700343365092973724272400053600394171705080123284478952099450514060941905483490617108568807685418367297866706186736983140450648601200682575268529731586043132921249792.0                      1.0200000000000000178    0.01000000000000000021 )	-1.2287087717218974e274 -8.71 -0.9595
588	(  -6.7099999999999999645  -36861263151656925217205387922660222850816830281919582287336515344132012865903864095141750853018480076666173373665863592508750084101798591311951325688614644864370848398167263152995808633742911123883280627876327447514939147194021716860512599041309708337330349891466401278853120.0                      1.0200000000000000178    0.01000000000000000021 )	-3.6861263151656925e274 -8.71 -0.9595
589	(  -6.7099999999999999645  -110583789454970791027010629160006739533381451248716798828493193621779281714049544567294692803241978106294606813516258755364881542582183218022004461652838134680584481993027557220348163367397211757064702456598786773863382137446643514650072160638024985265920290741095223957389312.0                      1.0200000000000000178    0.01000000000000000021 )	-1.1058378945497079e275 -8.71 -0.9595
590	(  -6.7099999999999999645  -331751368364912419207215283656098431542937234955024552384930523633487574491162490547492399142285547947772080518104780199610538498576911986324464838719497004304169256374659974945126702500697070427438689088705773615545840499933665636155819572456362536559548595423373732234657792.0                      1.0200000000000000178    0.01000000000000000021 )	-3.317513683649124e275 -8.71 -0.9595
591	(  -6.7099999999999999645  -995254105094737257621645850968295294628811704865073657154791570900462723473487471642477197426856643843316241554314340598831615495730735958973394516158491012912507769123979924835380107502091211282316067266117320846637521499800996908467458717369087609678645786270121196703973376.0                      1.0200000000000000178    0.01000000000000000021 )	-9.952541050947373e275 -8.71 -0.9595
592	(  -6.7099999999999999645  -2985762315284211649861781829768677316038987431371556555732505531986322225489758796672476070327077628519580031122793677973785796164977908324230979671779519438037747812983733632415254422776925806763629317214593527089364046932486363812854101243994495947004503430276795429145280512.0                      1.0200000000000000178    0.01000000000000000021 )	-2.9857623152842116e276 -8.71 -0.9595
593	(  -6.7099999999999999645  -8957286945852633473547476811671529133947590095430696678415086427378175337300832970957961947539325249434315770886588908048848784628362130340422492494987115105715937506292727192155132471578603495291061336638679355861509929994459568487983004834630285256636303148427568355836166144.0                      1.0200000000000000178    0.01000000000000000021 )	-8.957286945852633e276 -8.71 -0.9595
594	(  -6.7099999999999999645  -26871860837557900420642430435014587401842770286292090035245259282134526011902498912873885842617975748302947312659766724146546353885086391021267477484961345317147812518878181576465397414735810485873184009916038067584529789983378705463949014503890855769908909445282705067508498432.0                      1.0200000000000000178    0.01000000000000000021 )	-2.68718608375579e277 -8.71 -0.9595
595	(  -6.7099999999999999645  -80615582512673701261927291305043762205528310858876270105735777846403578035707496738621657527853927244908841937979300172439639061655259173063802432454884035951443437556634544729396192244207431457619552029748114202753589369950136116391847043511672567309726728335848115202525495296.0                      1.0200000000000000178    0.01000000000000000021 )	-8.06155825126737e277 -8.71 -0.9595
596	(  -6.7099999999999999645  -241846747538021103785781873915131286616584932576628810317207333539210734107122490215864972583561781734726525813937900517318917184965777519191407297364652107854330312669903634188188576732622294372858656089244342608260768109850408349175541130535017701929180185007544345607576485888.0                      1.0200000000000000178    0.01000000000000000021 )	-2.418467475380211e278 -8.71 -0.9595
597	(  -6.7099999999999999645  -725540242614063311357345621745393859849754797729886430951622000617632202321367470647594917750685345204179577441813701551956751554897332557574221892093956323562990938009710902564565730197866883118575968267733027824782304329551225047526623391605053105787540555022633036822729457664.0                      1.0200000000000000178    0.01000000000000000021 )	-7.255402426140633e278 -8.71 -0.9595
598	(  -6.7099999999999999645  -2176620727842190185982499786219136726500837248431724016273734083957351662182183422128933662212808272177773816695666960804778389724586883156630155215755181944922113026536178886695831513239304999222364980430736359277070276965698927059478737186630105891762998350704646704127866306560.0                      1.0200000000000000178    0.01000000000000000021 )	-2.1766207278421902e279 -8.71 -0.9595
599	(  -6.7099999999999999645  -6529862183526570557947499358657410179502511745295172048821202251872054986546550266386800986638424816533321450087000882414335169173760649469890465647265545834766339079608536660087494539717914997667094941292209077831210830897096781178436211559890317675288995052113940112383598919680.0                      1.0200000000000000178    0.01000000000000000021 )	-6.529862183526571e279 -8.71 -0.9595
600	(  -6.7099999999999999645  -19589586550579710666200646392040409950701243814917257252788134427198344738767326758415807324072265503339024012780099222647372967281702406474041438783903385607366456388797425264253946328570927593534736521366478130282739036783109335867713166632411166728265478413794829962512085024768.0                      1.0200000000000000178    0.01000000000000000021 )	-1.958958655057971e280 -8.71 -0.9595
601	(  -6.7099999999999999645  -58768759651739119906899718968939382798428234393132665034258735340581191565834091786312274342100689154885787988569456572794528418970152716194564818456991134058908638966054059200659391498718973987005629933977645152317495639451155915591993883330116064613578354330820605391871714263040.0                      1.0200000000000000178    0.01000000000000000021 )	-5.876875965173912e280 -8.71 -0.9595
602	(  -6.7099999999999999645  -176306278955217367781833970378272713097735034547144066252179984649086136464480867684893588113046139034744886665555597115148645578827094484068734120634119417352186403698387655330046472820819461156749276222014128282639634565618915808116745394368426484221547116932837739172724836663296.0                      1.0200000000000000178    0.01000000000000000021 )	-1.7630627895521737e281 -8.71 -0.9595
603	(  -6.7099999999999999645  -528918836865652135590041165020636398103006429112416483354155068456628656461356972358507824686114703384584750796055700932506178024147828794146361022954942312758401158296064876902412611761108540253177374346367156150667494285918539669713291160617592614187889566560016909506613285486592.0                      1.0200000000000000178    0.01000000000000000021 )	-5.2891883686565214e281 -8.71 -0.9595
604	(  -6.7099999999999999645  -1586756510596956600237359018376818747167827240163155157648155892426107451791557132898485836140201827835854797184500560319879981798442758434080035035180331302486255158093606096180876995075226561457109397121050096268494026392126372481318203346926656811703157994249072880450472509440000.0                      1.0200000000000000178    0.01000000000000000021 )	-1.5867565105969566e282 -8.71 -0.9595
605	(  -6.7099999999999999645  -4760269531790869800712077055130456241503481720489465472944467677278322355374671398695457508420605483507564391553501680959639945395328275302240105105540993907458765474280818288542630985225679684371328191363150288805482079176379117443954610040779970435109473982747218641351417528320000.0                      1.0200000000000000178    0.01000000000000000021 )	-4.76026953179087e282 -8.71 -0.9595
606	(  -6.7099999999999999645  -14280808595372610433961487289737553006424087576539893525957086696134814972297274013808838456365057611493896080240950149664847557391314276848805392470305671664835238733271316014820635141233844070167730035859843548104401136379114704183481589402733932474072364852609774067684293400854528.0                      1.0200000000000000178    0.01000000000000000021 )	-1.428080859537261e283 -8.71 -0.9595
607	(  -6.7099999999999999645  -42842425786117839556486510863982133274581402050191657434860729402803228166277900583206242817921102122251311485366411303281964441816578438083096794640378534534177254683244837238003842908155972346933153801742672097816842599937162927363386842451353966772168637792774267352093206729719808.0                      1.0200000000000000178    0.01000000000000000021 )	-4.284242578611784e283 -8.71 -0.9595
608	(  -6.7099999999999999645  -128527277358353518669459532591946399823744206150574972304582188208409684498833701749618728453763306366753934456099233909845893325449735314249290383921135603602531764049734511714011528724467917040799461405228016293450527799811488782090160527354061900316505913378322802056279620189159424.0                      1.0200000000000000178    0.01000000000000000021 )	-1.2852727735835352e284 -8.71 -0.9595
609	(  -6.7099999999999999645  -385581832075060572517582695765378147981850897092868870627725503254026619995273262332415640258941777675801049857584823438112523515634477157821232386222329849886938369116065313529118461142312631395258311604010331787358861781034103975896365730548490039649420826604858296466919513621790720.0                      1.0200000000000000178    0.01000000000000000021 )	-3.855818320750606e284 -8.71 -0.9595
610	(  -6.7099999999999999645  -1156745496225181849626380871212446032030498920407758241595008018792460391975997043665722559958040201631717121487051443982936318861185601194050587034338373862295559723083090167684026383178208936368654353918641258618134812395899412964696170379535904828547487171573694011785403765299871744.0                      1.0200000000000000178    0.01000000000000000021 )	-1.1567454962251818e285 -8.71 -0.9595
611	(  -6.7099999999999999645  -3470236488675545680952775397553649684176442990352426354496855565407761707918168387665643319055335473499465336375451305617407704897838973302738650978686505899521423784984164730148750149285897851288842480862534039110462664240495339931095584326498149195241686206480201157740856520334114816.0                      1.0200000000000000178    0.01000000000000000021 )	-3.4702364886755457e285 -8.71 -0.9595
612	(  -6.7099999999999999645  -10410709466026638099447388463991441757208898804090492101185218768466329379675923216344735070615725369332907784440729706201013101207774277672911071941430592199642228280831648007219618445867861891329562795440484223379853809143862828089343338482617925262518856153513556452299731356478341120.0                      1.0200000000000000178    0.01000000000000000021 )	-1.0410709466026638e286 -8.71 -0.9595
613	(  -6.7099999999999999645  -31232128398079914298342165391974325271626696412271476303555656305398988139027769649034205211847176107998723353322189118603039303623322833018733215824291776598926684842494944021658855337603585673988688386321452670139561427431588484268030015447853775787556568460540669356899194069435023360.0                      1.0200000000000000178    0.01000000000000000021 )	-3.1232128398079914e286 -8.71 -0.9595
614	(  -6.7099999999999999645  -93696385194239751347738994346566917452316647901080133212224185494141318464454653373885056543139279914672264262481573670599437802984027361173760599515843925805403709934518062599163509996892103721670347981787414858806410813673779919172542730368549148777020085654205631903314876572113043456.0                      1.0200000000000000178    0.01000000000000000021 )	-9.369638519423975e286 -8.71 -0.9595
615	(  -6.7099999999999999645  -281089155582719254043216983039700752356949943703240399636672556482423955393363960121655169629417839744016792787444721011798313408952082083521281798547531777416211129803554187797490529990676311165011043945362244576419232441021339757517628191105647446331060256962616895709944629716339130368.0                      1.0200000000000000178    0.01000000000000000021 )	-2.8108915558271925e287 -8.71 -0.9595
616	(  -6.7099999999999999645  -843267466748157795940500941801678023620596065766784016116246535759049282369577258072095272518644525594754755172394188294556219795312481699034089203814469716283128011038795485529219365908354320293850263127378961122808603448580077138026695309416893624650582291978185182460303066604249284608.0                      1.0200000000000000178    0.01000000000000000021 )	-8.432674667481578e287 -8.71 -0.9595
617	(  -6.7099999999999999645  -2529802400244473387821502825405034070861788197300352048348739607277147847108731774216285817555933576784264265517182564883668659385937445097102267611443409148849384033116386456587658097725062960881550789382136883368425810345740231414080085928250680873951746875934555547380909199812747853824.0                      1.0200000000000000178    0.01000000000000000021 )	-2.5298024002444734e288 -8.71 -0.9595
618	(  -6.7099999999999999645  -7589407200733421245411708242057526742177244100927066295645542543808320859389727409277009888840312933959332854473468502944166924348411869642354604695830207735651979991449412878138903123137601260206800569467761926698906427053734545937402201339950483762892089302694370492717741278005664153600.0                      1.0200000000000000178    0.01000000000000000021 )	-7.589407200733421e288 -8.71 -0.9595
619	(  -6.7099999999999999645  -22768221602200265900129524257857429285715491320833219188135275075378717214296246401087334538865963209091078679264247125418822665426434677629159417810490583785163595758548745651168567029337628535744698111045988333283977273194231341202530491130248333570749965257864519179303251191151833645056.0                      1.0200000000000000178    0.01000000000000000021 )	-2.2768221602200266e289 -8.71 -0.9595
620	(  -6.7099999999999999645  -68304664806600810683754969963681382212249028070811779371597709889858679459651124242799832850668036070551716732855791075774399350566498445100051875769471514824736721980849279054016847047561834137979872748994180318975479771780860243949534796053126294404692079872282003744809917716264548040704.0                      1.0200000000000000178    0.01000000000000000021 )	-6.830466480660081e289 -8.71 -0.9595
621	(  -6.7099999999999999645  -204913994419802440706842508017783542873482120284643419319587719445391056923461629421424718041384205840507470661942739693668485621224291610108538042200414386787040789079349865229057971782384801434436803857553351169675471283474691545409899936600966412342371029015971642039029862577333008859136.0                      1.0200000000000000178    0.01000000000000000021 )	-2.0491399441980244e290 -8.71 -0.9595
622	(  -6.7099999999999999645  -614741983259407425987458701574223383461266793720427232416298235645953393304483968580576787996713789067750257546332616677148907697970430128026203105305241268115089844879673932491263083023545992549276638899509776062014797468009404398965246391101949586566650559837422495772290900874471403421696.0                      1.0200000000000000178    0.01000000000000000021 )	-6.147419832594074e290 -8.71 -0.9595
623	(  -6.7099999999999999645  -1844225949778222277962376104722670150383800381161281697248894706937860179913451905741730363990141367203250772638997850031446723093911290384078609315915723804345269534639021797473789249070637977647829916698529328186044392404028213196895739173305848759699951679512267487316872702623414210265088.0                      1.0200000000000000178    0.01000000000000000021 )	-1.8442259497782223e291 -8.71 -0.9595
624	(  -6.7099999999999999645  -5532677849334667110865611454223671130726922297794503690300110993639661133164619931401998115630587225733026572745005277017389371506527351946104065224291166367046388544294730290565605527682291501599399689633853911366102200192312185624648675070048347211205288299308822647697821609583502302380032.0                      1.0200000000000000178    0.01000000000000000021 )	-5.532677849334667e291 -8.71 -0.9595
625	(  -6.7099999999999999645  -16598033548004002440510766922893656110482851510626145465114040472223305773190916650913222441532414173692176737547062738744364923418755979013785144779049478917181485394394850464273767704928384779421838827054625441330182692497846741009791855410668245362037597941014548686082278835603545593479168.0                      1.0200000000000000178    0.01000000000000000021 )	-1.6598033548004002e292 -8.71 -0.9595
626	(  -6.7099999999999999645  -49794100644012013969015896130016824641261062235334242760624366364495851561755091092983035892441157500035112328513469662386275623651311476094193128974204315647798374752248508948283009846074215986007355030082258567381804629019001327844450547435143958456643192081572130516179720547928868898471936.0                      1.0200000000000000178    0.01000000000000000021 )	-4.979410064401201e292 -8.71 -0.9595
627	(  -6.7099999999999999645  -149382301932036033043736227908269332177366509768061653128163439163052975695688818425291282920198252528160560831044033725621252399760543042878795794073205108415056566164660250104233420563170565761032947025022266044290405151689722510446585000701246245542555711900011745604628649588962297204703232.0                      1.0200000000000000178    0.01000000000000000021 )	-1.4938230193203603e293 -8.71 -0.9595
628	(  -6.7099999999999999645  -448146905796108028224716999870558862560766113800656358154813038045682295170454816446611250703592997808923473257161099084563161429734498045406118639424352617018461233757298536387775389889095039707185896553270720870031145572130915746645621869270253698008676220942398069262601852328292415688409088.0                      1.0200000000000000178    0.01000000000000000021 )	-4.48146905796108e293 -8.71 -0.9595
629	(  -6.7099999999999999645  -1344440717388324013767659315757427453710964925898440473234761834693570253594752810510571154053777233651212210535512295161388888519656363052988087175477795142828675236535213395238401297866868461545644745138016085347253366833454495455242732474977276055407037748069557040236521460546282771139526656.0                      1.0200000000000000178    0.01000000000000000021 )	-1.344440717388324e294 -8.71 -0.9595
630	(  -6.7099999999999999645  -inf                        1.0200000000000000178    0.01000000000000000021 )	-Inf -8.71 -0.9595
631	(  -5.7099999999999999645  -inf                        1.0200000000000000178    1.0100000000000000089  )	-Inf -7.71 0.06050000000000022
632	(  -7.7099999999999999645  -inf                        1.0200000000000000178   -0.98999999999999999112 )	-Inf -9.71 0.020500000000000185
633	(  -6.7099999999999999645  -inf                        1.0200000000000000178   -0.98999999999999999112 )	-Inf -8.71 0.020500000000000185
634	(  -6.7099999999999999645  -inf                        1.0200000000000000178    1.0100000000000000089  )	-Inf -8.71 0.06050000000000022
635	(  -6.7099999999999999645  -inf                        5.0199999999999995737   -9.9900000000000002132  )	-Inf -8.71 123.00049999999999
636	(  -6.7099999999999999645  -inf                       -2.9799999999999999822   10.009999999999999787   )	-Inf -8.71 107.08049999999999
637	(  -6.7099999999999999645  -inf                       -3.9799999999999999822   -7.9900000000000002132  )	-Inf -8.71 77.68050000000001
638	(  -6.7099999999999999645  -inf                        6.0199999999999995737    8.0099999999999997868  )	-Inf -8.71 98.4005
639	(  -6.2099999999999999645  -inf                        1.0200000000000000178    0.01000000000000000021 )	-Inf -8.21 -0.9595
640	(  -7.2099999999999999645  -inf                        1.0200000000000000178    0.01000000000000000021 )	-Inf -9.21 -0.9595
641	(  -6.7199999999999997513  -inf                        2.0200000000000000178    2.0099999999999997868  )	-Inf -8.719999999999999 6.1205
642	(  -6.7000000000000001776  -inf                        0.02000000000000000042  -1.9899999999999999911  )	-Inf -8.7 1.9605000000000001
643	(  -6.7000000000000001776  -inf                        2.0200000000000000178   -4.9900000000000002132  )	-Inf -8.7 26.980500000000003
644	(  -6.7199999999999997513  -inf                        0.02000000000000000042   5.0099999999999997868  )	-Inf -8.719999999999999 23.100499999999997
645	(  -6.6900000000000003908  -inf                       -0.97999999999999998224  -1.9899999999999999911  )	-Inf -8.690000000000001 2.9205000000000005
646	(  -6.7300000000000004263  -inf                        3.0200000000000000178    2.0099999999999997868  )	-Inf -8.73 11.160499999999999
647	(  -6.7099999999999999645  -inf                        0.02000000000000000042   0.01000000000000000021 )	-Inf -8.71 -1.9995
648	(  -6.7099999999999999645  -inf                        2.0200000000000000178    0.01000000000000000021 )	-Inf -8.71 2.0805
649	(  -6.8099999999999996092  -inf                        1.0200000000000000178    0.01000000000000000021 )	-Inf -8.809999999999999 -0.9595
650	(  -6.6100000000000003197  -inf                        1.0200000000000000178    0.01000000000000000021 )	-Inf -8.61 -0.9595
651	(  -6.9100000000000001421  -inf                        1.0200000000000000178    0.01000000000000000021 )	-Inf -8.91 -0.9595
652	(  -6.5099999999999997868  -inf                        1.0200000000000000178    0.01000000000000000021 )	-Inf -8.51 -0.9595
653	(  -6.6900000000000003908  -inf                        1.0200000000000000178    2.0099999999999997868  )	-Inf -8.690000000000001 3.080499999999999
654	(  -6.7300000000000004263  -inf                        1.0200000000000000178   -1.9899999999999999911  )	-Inf -8.73 3.0005000000000006
655	(  -6.6500000000000003553  -inf                        1.0500000000000000444    0.01000000000000000021 )	-Inf -8.65 -0.8974
656	(  -6.7699999999999995737  -inf                        0.98999999999999999112   0.01000000000000000021 )	-Inf -8.77 -1.0198
657	(  -6.6100000000000003197  -inf                        0.95999999999999996447  -0.98999999999999999112 )	-Inf -8.61 -0.09830000000000005
658	(  -6.8099999999999996092  -inf                        1.0800000000000000711    1.0100000000000000089  )	-Inf -8.809999999999999 0.1865000000000001
659	(  -6.7000000000000001776  -inf                        1.5200000000000000178    0.01000000000000000021 )	-Inf -8.7 0.3105000000000002
660	(  -6.7199999999999997513  -inf                        0.52000000000000001776   0.01000000000000000021 )	-Inf -8.719999999999999 -1.7295
661	(  -6.6699999999999999289  -inf                        1                        1.0100000000000000089  )	-Inf -8.67 0.02010000000000023
662	(  -6.75                   -inf                        1.0400000000000000355   -0.98999999999999999112 )	-Inf -8.75 0.06170000000000009
663	(  -6.7596999999999995978  -inf                        1.0900000000000000799    0.51000000000000000888 )	-Inf -8.759699999999999 -0.5517999999999998
664	(  -6.6603000000000003311  -inf                        0.94999999999999995559  -0.48999999999999999112 )	-Inf -8.6603 -0.8574000000000002
665	(  -6.6741999999999999105  -inf                        1                       -0.11999999999999999556 )	-Inf -8.674199999999999 -0.9856
666	(  -6.7458000000000000185  -inf                        1.0400000000000000355    0.14000000000000001332 )	-Inf -8.7458 -0.8987999999999998
667	(  -6.7000999999999999446  -inf                        1.2199999999999999734   -0.02999999999999999889 )	-Inf -8.700099999999999 -0.5107000000000002
668	(  -6.7198999999999999844  -inf                        0.81999999999999995115   0.05000000000000000278 )	-Inf -8.719899999999999 -1.3251000000000002
669	(  -6.6745000000000000995  -inf                        1                        0.51000000000000000888 )	-Inf -8.6745 -0.7399
670	(  -6.7454999999999998295  -inf                        1.0400000000000000355   -0.48999999999999999112 )	-Inf -8.7455 -0.6782999999999999
671	(  -6.6900000000000003908  -inf                        1.0100000000000000089    0.05000000000000000278 )	-Inf -8.690000000000001 -0.9774
672	(  -6.7300000000000004263  -inf                        1.0300000000000000266   -0.02999999999999999889 )	-Inf -8.73 -0.9382000000000001
673	(  -6.7023000000000001464  -inf                        1.0500000000000000444   -0.19000000000000000222 )	-Inf -8.702300000000001 -0.8613999999999999
674	(  -6.7176999999999997826  -inf                        0.98999999999999999112   0.20999999999999999223 )	-Inf -8.7177 -0.9758
675	(  -6.7110000000000002984  -inf                        1.1200000000000001066    0.04000000000000000083 )	-Inf -8.711 -0.7439999999999998
676	(  -6.7089999999999996305  -inf                        0.92000000000000003997  -0.02000000000000000042 )	-Inf -8.709 -1.1532
677	(  -6.705400000000000027   -inf                        1.0400000000000000355    0.13000000000000000444 )	-Inf -8.705400000000001 -0.9015
678	(  -6.7145999999999999019  -inf                        1                       -0.11000000000000000056 )	-Inf -8.7146 -0.9879
679	(  -6.7000000000000001776  -inf                        1.0201000000000000068    0.01000000000000000021 )	-Inf -8.7 -0.95929599
680	(  -6.7199999999999997513  -inf                        1.0199000000000000288    0.01000000000000000021 )	-Inf -8.719999999999999 -0.95970399
681	(  -6.7099000000000001975  -inf                        1.0100000000000000089   -0.08999999999999999667 )	-Inf -8.709900000000001 -0.9718
682	(  -6.7100999999999997314  -inf                        1.0300000000000000266    0.11000000000000000056 )	-Inf -8.7101 -0.927
683	(  -6.7099999999999999645  -inf                        1.0700000000000000622   -0.01000000000000000021 )	-Inf -8.71 -0.855
684	(  -6.7099999999999999645  -inf                        0.96999999999999997335   0.02999999999999999889 )	-Inf -8.71 -1.0582
685	(  -6.7099000000000001975  -inf                        1.0109999999999998987    0.02000000000000000042 )	-Inf -8.709900000000001 -0.9774790000000002
686	(  -6.7100999999999997314  -inf                        1.0289999999999999147    0                      )	-Inf -8.7101 -0.9411590000000001
687	(  -6.7050000000000000711  -inf                        1.0167999999999999261    0.00670000000000000023 )	-Inf -8.705 -0.9660728700000001
688	(  -6.7149999999999998579  -inf                        1.0232000000000001094    0.01329999999999999932 )	-Inf -8.715 -0.9528848699999997
689	(  -6.7102329999999996701  -inf                        1.0105999999999999428    0.00029999999999999997 )	-Inf -8.710232999999999 -0.9786875500000003
690	(  -6.7097670000000002588  -inf                        1.0294000000000000927    0.01969999999999999876 )	-Inf -8.709767 -0.9399475499999999
691	(  -6.7111960000000001614  -inf                        1.0018000000000000238   -0.04000000000000000083 )	-Inf -8.711196000000001 -0.9947967599999998
692	(  -6.7088039999999997676  -inf                        1.0382000000000000117    0.05999999999999999778 )	-Inf -8.708804 -0.91854076
693	(  -6.7104470000000002727  -inf                        1.0018000000000000238    0.05999999999999999778 )	-Inf -8.710447 -0.9927967599999998
694	(  -6.7095529999999996562  -inf                        1.0382000000000000117   -0.04000000000000000083 )	-Inf -8.709553 -0.92054076
695	(  -6.7100439999999998975  -inf                        1.0300000000000000266    0.01290000000000000001 )	-Inf -8.710044 -0.93893359
696	(  -6.7099560000000000315  -inf                        1.0100000000000000089    0.00710000000000000041 )	-Inf -8.709956 -0.9798495899999999
697	(  -6.7104850000000002552  -inf                        1.0222999999999999865    0.01069999999999999944 )	-Inf -8.710485 -0.95478822
698	(  -6.7095149999999996737  -inf                        1.017700000000000049     0.00929999999999999924 )	-Inf -8.709515 -0.9642002199999999
699	(  -6.7080000000000001847  -inf                        1.0208999999999999186    0.00730000000000000007 )	-Inf -8.708 -0.9577099
700	(  -6.7119999999999997442  -inf                        1.0190999999999998948    0.01269999999999999948 )	-Inf -8.712 -0.9612739000000001
701	(  -6.7097189999999997667  -inf                        1.0186999999999999389    0.02999999999999999889 )	-Inf -8.709719 -0.9613503100000003
702	(  -6.7102810000000001622  -inf                        1.0213000000000000966   -0.01000000000000000021 )	-Inf -8.710281 -0.9568463099999998
703	(  -6.7101240000000004216  -inf                        1.0168619999999999326    0.00479999999999999958 )	-Inf -8.710124 -0.965968632956
704	(  -6.7098760000000003956  -inf                        1.0231380000000001029    0.01519999999999999997 )	-Inf -8.709876000000001 -0.9529575929559997
705	(  -6.7089999999999996305  -inf                        1.022210000000000063     0.01370000000000000037 )	-Inf -8.709 -0.9548990258999999
706	(  -6.7110000000000002984  -inf                        1.0177899999999999725    0.00630000000000000004 )	-Inf -8.711 -0.9640638259000001
707	(  -6.7106159999999999144  -inf                        1.0249999999999999112    0.00770000000000000025 )	-Inf -8.710616 -0.94931571
708	(  -6.7093840000000000146  -inf                        1.0149999999999999023    0.01230000000000000017 )	-Inf -8.709384 -0.9696237100000002
709	(  -6.7104699999999999349  -inf                        1.0189610000000000056    0.02000000000000000042 )	-Inf -8.71047 -0.961318480479
710	(  -6.709529999999999994   -inf                        1.0210390000000000299    0                      )	-Inf -8.70953 -0.957479360479
711	(  -6.7095000000000002416  -inf                        1.0203819999999999002    0.01172199999999999978 )	-Inf -8.7095 -0.9586831687920003
712	(  -6.7104999999999996874  -inf                        1.0196179999999999133    0.00827800000000000064 )	-Inf -8.7105 -0.9603106087920001
713	(  -6.710325669999999576   -inf                        1.0211079999999999046    0.01499999999999999944 )	-Inf -8.71032567 -0.9571134523360003
714	(  -6.7096743300000003529  -inf                        1.0188919999999999089    0.0050000000000000001  )	-Inf -8.70967433 -0.9618340923360003
715	(  -6.7099101399999998563  -inf                        1.0220000000000000195    0.00861999999999999919 )	-Inf -8.70991014 -0.9554416956
716	(  -6.7100898600000000727  -inf                        1.018000000000000016     0.01137999999999999949 )	-Inf -8.71008986 -0.9635464955999999
717	(  -6.709808739999999716   -inf                        1.0193490000000000606    0.01386199999999999932 )	-Inf -8.70980874 -0.9607354611549999
718	(  -6.7101912600000002129  -inf                        1.0206509999999999749    0.00613800000000000023 )	-Inf -8.71019126 -0.9582338611549999
719	(  -6.7098000000000004306  -inf                        1.0199929999999999275    0.01016899999999999922 )	-Inf -8.709800000000001 -0.95951087139
720	(  -6.7102000000000003865  -inf                        1.020007000000000108     0.00983099999999999946 )	-Inf -8.7102 -0.95948907139
721	(  -6.7099939300000004394  -inf                        1.0200519999999999587    0.00868799999999999954 )	-Inf -8.70999393 -0.9594184359519999
722	(  -6.7100060700000003777  -inf                        1.0199480000000000768    0.01131199999999999914 )	-Inf -8.71000607 -0.9595781159519998
723	(  -6.7100013599999996927  -inf                        1.0209999999999999076    0.01029399999999999933 )	-Inf -8.71000136 -0.9574530335640004
724	(  -6.7099986400000002362  -inf                        1.0189999999999999059    0.00970599999999999935 )	-Inf -8.70999864 -0.961544793564
725	(  -6.7099794599999995626  -inf                        1.0201769999999998895    0.00800000000000000017 )	-Inf -8.70997946 -0.9591748886710001
726	(  -6.7100205400000003664  -inf                        1.019822999999999924     0.01200000000000000025 )	-Inf -8.71002054 -0.9598170486710003
727	(  -6.7100878399999999147  -inf                        1.0198334499999999192    0.01030799999999999945 )	-Inf -8.71008784 -0.9598334793970975
728	(  -6.7099121600000000143  -inf                        1.0201665499999998943    0.00969199999999999923 )	-Inf -8.70991216 -0.9591662753970978
729	(  -6.7099000000000001975  -inf                        1.0200728999999999491    0.0098650000000000005  )	-Inf -8.709900000000001 -0.9593539604605903
730	(  -6.7100999999999997314  -inf                        1.0199271000000000864    0.01013499999999999991 )	-Inf -8.7101 -0.9596459924605898
731	(  -6.7100245300000000981  -inf                        1.0204999999999999627    0.01003300000000000025 )	-Inf -8.71002453 -0.9584790889110002
732	(  -6.7099754699999998309  -inf                        1.0195000000000000728    0.00996700000000000016 )	-Inf -8.70997547 -0.9605204089109998
733	(  -6.7099774099999995869  -inf                        1.0200164700000000639    0.01099999999999999936 )	-Inf -8.70997741 -0.959445400928739
734	(  -6.7100225900000003421  -inf                        1.0199835299999999716    0.00899999999999999932 )	-Inf -8.710022590000001 -0.9595525985287392
735	(  -6.7099892843999997538  -inf                        1.0198000000000000398    0.01003927999999999938 )	-Inf -8.709989284399999 -0.9599071728570816
736	(  -6.7100107156000001751  -inf                        1.0201999999999999957    0.0099607199999999993  )	-Inf -8.7100107156 -0.9590927440570816
737	(  -6.710022258499999559   -inf                        1.0198999200000000709    0.01001964999999999974 )	-Inf -8.7100222585 -0.9597037597978708
738	(  -6.70997774150000037    -inf                        1.0201000799999999646    0.00998035000000000068 )	-Inf -8.709977741500001 -0.9592962193978711
739	(  -6.7100499999999998479  -inf                        1.0199959700000000851    0.01004414999999999995 )	-Inf -8.710049999999999 -0.9595073362345363
740	(  -6.709950000000000081   -inf                        1.0200040299999999505    0.00995585000000000046 )	-Inf -8.70995 -0.9594926598345366
741	(  -6.7099964197000003807  -inf                        1.0200161000000000922    0.01050000000000000065 )	-Inf -8.709996419700001 -0.9594569057407898
742	(  -6.7100035803000004364  -inf                        1.0199838999999999434    0.00949999999999999976 )	-Inf -8.7100035803 -0.9595425937407902
743	(  -6.7100099100000001329  -inf                        1.0200796500000000044    0.01020000000000000073 )	-Inf -8.71000991 -0.9593334676558773
744	(  -6.7099900899999997961  -inf                        1.0199203500000000311    0.00979999999999999968 )	-Inf -8.70999009 -0.9596664396558774
745	(  -6.7099975853000000114  -inf                        1.0199948700000001089    0.00998713000000000031 )	-Inf -8.7099975853 -0.9595107224080461
746	(  -6.7100024146999999175  -inf                        1.0200051299999999266    0.0100128700000000001  )	-Inf -8.7100024147 -0.9594892772080463
747	(  -6.7099847244999999418  -inf                        1.0201000000000000068    0.00991859999999999964 )	-Inf -8.7099847245 -0.9592976113740399
748	(  -6.7100152754999999871  -inf                        1.0199000000000000288    0.01008140000000000078 )	-Inf -8.7100152755 -0.95970235537404
749	(  -6.7099799999999998334  -inf                        1.0199575499999999906    0.01016962000000000074 )	-Inf -8.70998 -0.9595831750270531
750	(  -6.7100200000000000955  -inf                        1.020042450000000045     0.00983037999999999967 )	-Inf -8.71002 -0.959416763827053
751	(  -6.7100037730000003933  -inf                        1.0200256245999999027    0.01003051999999999937 )	-Inf -8.710003773 -0.9594471138279097
752	(  -6.7099962270000004239  -inf                        1.0199743753999999107    0.00996947999999999931 )	-Inf -8.709996227000001 -0.9595528829959097
753	(  -6.7100099999999995859  -inf                        1.0200160026000000268    0.01001905999999999977 )	-Inf -8.71001 -0.9594669728766332
754	(  -6.7099900000000003431  -inf                        1.0199839974000000087    0.00998094000000000064 )	-Inf -8.709990000000001 -0.9595330258846331
755	(  -6.7099951649999995951  -inf                        1.0200499999999999012    0.00999078999999999939 )	-Inf -8.709995164999999 -0.9593981816151762
756	(  -6.7100048350000003339  -inf                        1.0199499999999999122    0.01000920999999999929 )	-Inf -8.710004835 -0.959601813215176
757	(  -6.7099973824000000988  -inf                        1.0199958112000000465    0.0100999999999999996  )	-Inf -8.709997382400001 -0.9595065351344538
758	(  -6.7100026175999998301  -inf                        1.020004188799999989     0.00990000000000000081 )	-Inf -8.7100026176 -0.959493444830454
759	(  -6.7100018152769997926  -inf                        1.0199971248999999407    0.00999856239999999917 )	-Inf -8.710001815277 -0.9595058939456673
760	(  -6.7099981847230001364  -inf                        1.0200028751000000948    0.01000143759999999951 )	-Inf -8.709998184723 -0.959494106033667
761	(  -6.7100049999999997752  -inf                        1.0199979991999998941    0.00999899960000000081 )	-Inf -8.710004999999999 -0.9595041016349961
762	(  -6.7099950000000001538  -inf                        1.0200020007999999194    0.01000100039999999961 )	-Inf -8.709995 -0.9594958983549962
763	(  -6.7100006783830004053  -inf                        1.0200199999999999267    0.00999986429999999947 )	-Inf -8.710000678383 -0.9594592023139816
764	(  -6.7099993216170004118  -inf                        1.0199800000000001088    0.01000013569999999921 )	-Inf -8.709999321617001 -0.9595407968859815
765	(  -6.7100001339380002108  -inf                        1.0199999464000000238    0.01004999999999999991 )	-Inf -8.710000133938 -0.9594991068439971
766	(  -6.7099998660619997182  -inf                        1.0200000536000000118    0.00995000000000000051 )	-Inf -8.709999866061999 -0.959500888155997
767	(  -6.7099979999999996849  -inf                        1.0199923342999999143    0.01001482170000000081 )	-Inf -8.709997999999999 -0.9595153413155546
768	(  -6.710002000000000244   -inf                        1.0200076656999998992    0.0099851782999999996  )	-Inf -8.710002 -0.9594846581275545
769	(  -6.7099999219789996374  -inf                        1.0200006459999999553    0.00999875090000000057 )	-Inf -8.709999921979 -0.9594987071400225
770	(  -6.7100000780210002915  -inf                        1.0199993540000000802    0.01000124909999999985 )	-Inf -8.710000078021 -0.9595012928560223
771	(  -6.7100012492359999428  -inf                        1.0200015761000000847    0.01001999999999999939 )	-Inf -8.710001249236 -0.9594963843535158
772	(  -6.7099987507639999862  -inf                        1.0199984238999999508    0.00997999999999999929 )	-Inf -8.709998750764 -0.9595036148415159
773	(  -6.7099987922960000475  -inf                        1.0200100000000000833    0.01000450490000000074 )	-Inf -8.709998792296 -0.9594795097817057
774	(  -6.7100012077039998815  -inf                        1.0199899999999999523    0.00999549509999999967 )	-Inf -8.710001207704 -0.9595204899777061
775	(  -6.7099997522550003382  -inf                        1.019997520680999914     0.00999000000000000062 )	-Inf -8.709999752255001 -0.959505257704613
776	(  -6.7100002477449995908  -inf                        1.0200024793189998995    0.0100099999999999998  )	-Inf -8.710000247745 -0.9594947420830933
777	(  -6.7099993075309996016  -inf                        1.0200016155800000206    0.01000651619999999922 )	-Inf -8.709999307531 -0.959496573847729
778	(  -6.7100006924690003274  -inf                        1.0199983844200000149    0.00999348379999999946 )	-Inf -8.710000692469 -0.9595034260621289
779	(  -6.7100004595360003279  -inf                        1.0200050000000000505    0.00999567569999999968 )	-Inf -8.710000459536001 -0.9594898864423003
780	(  -6.7099995404639996011  -inf                        1.019994999999999985     0.01000432430000000074 )	-Inf -8.709999540464 -0.9595101134703004
781	(  -6.7100010000000001043  -inf                        1.0199976669299999354    0.01000369419999999968 )	-Inf -8.710001 -0.9595046855597098
782	(  -6.7099989999999998247  -inf                        1.0200023330700001001    0.00999630580000000074 )	-Inf -8.709999 -0.9594953144021094
783	(  -6.7099995000000003387  -inf                        1.0200015225659999629    0.00999961403600000028 )	-Inf -8.7099995 -0.959496901682173
784	(  -6.7100004999999995903  -inf                        1.0199984774340000726    0.01000038596400000014 )	-Inf -8.7100005 -0.9595030983128927
785	(  -6.7099999662405398482  -inf                        1.0199996075210000512    0.01000009949199999991 )	-Inf -8.70999996624054 -0.959500798667156
786	(  -6.7100000337594600808  -inf                        1.0200003924789999843    0.00999990050800000051 )	-Inf -8.71000003375946 -0.9594992013325161
787	(  -6.7099995996150800792  -inf                        1.0199979999999999603    0.01000117996599999941 )	-Inf -8.709999599615081 -0.9595040563952879
788	(  -6.7100004003849198497  -inf                        1.0200020000000000753    0.00999882003399999927 )	-Inf -8.71000040038492 -0.9594959435939274
789	(  -6.7100000311467500325  -inf                        1.0200003621039999135    0.010005               )	-Inf -8.71000003114675 -0.9594991612827091
790	(  -6.7099999688532498965  -inf                        1.0199996378959998999    0.00999500000000000041 )	-Inf -8.70999996885325 -0.9595008386670292
791	(  -6.7099999341796001673  -inf                        1.0200002653830000376    0.01000200000000000047 )	-Inf -8.7099999341796 -0.9594994186146093
792	(  -6.7100000658203997617  -inf                        1.0199997346169999979    0.00999799999999999994 )	-Inf -8.710000065820399 -0.9595005813772497
793	(  -6.7100001345654103346  -inf                        1.0200001982030000303    0.01000149371299999951 )	-Inf -8.71000013456541 -0.9594995657893495
794	(  -6.7099998654345895943  -inf                        1.0199998017970000053    0.00999850628699999917 )	-Inf -8.70999986543459 -0.9595004342061095
795	(  -6.7099999539187695774  -inf                        1.0200009999999999355    0.00999948848599999975 )	-Inf -8.70999995391877 -0.9594979702290185
796	(  -6.7100000460812303515  -inf                        1.0199990000000001       0.01000051151400000067 )	-Inf -8.71000004608123 -0.959502029768458
797	(  -6.7099998000000002918  -inf                        1.0199997054179998912    0.01000023990600000003 )	-Inf -8.7099998 -0.9595005961490157
798	(  -6.7100001999999996372  -inf                        1.0200002945819999223    0.00999976009400000039 )	-Inf -8.7100002 -0.9594994038506959
799	(  -6.709999988880499977   -inf                        1.0199996233058699069    0.00999899999999999921 )	-Inf -8.7099999888805 -0.9595007884548836
800	(  -6.7100000111194999519  -inf                        1.0200003766941299066    0.01000099999999999947 )	-Inf -8.7100000111195 -0.9594992115428331
801	(  -6.7099999558229903585  -inf                        1.0200001337370900867    0.01000035502800000059 )	-Inf -8.70999995582299 -0.9594997200756323
802	(  -6.7100000441770095705  -inf                        1.0199998662629099488    0.00999964497199999983 )	-Inf -8.71000004417701 -0.9595002799240799
803	(  -6.7100000837682403088  -inf                        1.0200005000000000877    0.00999932679700000007 )	-Inf -8.71000008376824 -0.9594989934633567
804	(  -6.7099999162317596202  -inf                        1.0199994999999999479    0.01000067320300000034 )	-Inf -8.709999916231759 -0.9595010065352367
805	(  -6.7100001000000002449  -inf                        1.0199996972699700848    0.01000055186900000032 )	-Inf -8.7100001 -0.9595006065314848
806	(  -6.709999899999999684   -inf                        1.0200003027300299507    0.0099994481310000001  )	-Inf -8.7099999 -0.9594993934677227
807	(  -6.7100000265960799695  -inf                        1.0200000907737301059    0.01000030222375999922 )	-Inf -8.71000002659608 -0.9594998087770157
808	(  -6.7099999734039199595  -inf                        1.0199999092262699296    0.00999969777623999946 )	-Inf -8.70999997340392 -0.959500191222785
809	(  -6.7100000499999996606  -inf                        1.0200000479359399019    0.01000015959883999994 )	-Inf -8.71000005 -0.959499899018678
810	(  -6.7099999500000002683  -inf                        1.0199999520640599115    0.00999984040116000047 )	-Inf -8.70999995 -0.9595001009812669
811	(  -6.7099999818878801605  -inf                        1.0200001999999999125    0.00999994218652000035 )	-Inf -8.70999998188788 -0.9594995931562265
812	(  -6.7100000181121197684  -inf                        1.019999799999999901     0.01000005781348000007 )	-Inf -8.710000018112119 -0.9595004068436874
813	(  -6.7099999741420903732  -inf                        1.0199999752095298966    0.01000050000000000071 )	-Inf -8.70999997414209 -0.9595000405723084
814	(  -6.710000025857910444   -inf                        1.0200000247904699169    0.00999949999999999971 )	-Inf -8.71000002585791 -0.9594999594271907
815	(  -6.709999980000000086   -inf                        1.0200000037924099594    0.01000001585545000002 )	-Inf -8.70999998 -0.9594999919463745
816	(  -6.7100000199999998429  -inf                        1.0199999962075900761    0.0099999841445500004  )	-Inf -8.710000019999999 -0.9595000080536251
817	(  -6.7100000017744596548  -inf                        1.0200000478372999169    0.01000020000000000076 )	-Inf -8.71000000177446 -0.9594998984118659
818	(  -6.7099999982255402742  -inf                        1.0199999521626998966    0.00999979999999999966 )	-Inf -8.709999998225541 -0.9595001015880498
819	(  -6.7099999990549203943  -inf                        1.0200001000000000762    0.00999989347928999933 )	-Inf -8.70999999905492 -0.9594997981303925
820	(  -6.7100000009450804228  -inf                        1.0199998999999999594    0.01000010652070999935 )	-Inf -8.71000000094508 -0.9595002018695644
821	(  -6.7099999982407201315  -inf                        1.0199999525717999838    0.01000002518655000033 )	-Inf -8.70999999824072 -0.9595000962497942
822	(  -6.7100000017592797974  -inf                        1.0200000474282000518    0.00999997481345000008 )	-Inf -8.71000000175928 -0.9594999037502001
823	(  -6.7099999982358502493  -inf                        1.0199999921833000638    0.01000009999999999961 )	-Inf -8.709999998235851 -0.9595000139460579
824	(  -6.7100000017641496797  -inf                        1.0200000078166999717    0.0099999000000000008  )	-Inf -8.71000000176415 -0.959499986053922
825	(  -6.7099999965083503284  -inf                        1.020000003019319923     0.00999996137349999994 )	-Inf -8.709999996508351 -0.9594999946131157
826	(  -6.7100000034916496006  -inf                        1.0199999969806798905    0.01000003862650000047 )	-Inf -8.71000000349165 -0.9595000053868814
827	(  -6.7100000014841896245  -inf                        1.0200000499999999359    0.01000001641891999984 )	-Inf -8.71000000148419 -0.9594998976716189
828	(  -6.7099999985158103044  -inf                        1.0199999500000000996    0.00999998358108000057 )	-Inf -8.70999999851581 -0.9595001023283756
829	(  -6.7099999900000000252  -inf                        1.0200000086472600369    0.00999999741114000057 )	-Inf -8.70999999 -0.9594999824113668
830	(  -6.7100000099999999037  -inf                        1.0199999913527399986    0.01000000258885999985 )	-Inf -8.71000001 -0.959500017588633
831	(  -6.7099999950000004389  -inf                        1.0199999963777099943    0.01000000542735000018 )	-Inf -8.709999995 -0.9595000072809245
832	(  -6.7100000050000003782  -inf                        1.0200000036222900412    0.00999999457265000023 )	-Inf -8.710000005000001 -0.9594999927190753
833	(  -6.7099999950253401693  -inf                        1.0200000106577200576    0.00999998403132000037 )	-Inf -8.70999999502534 -0.9594999785776244
834	(  -6.7100000049746597597  -inf                        1.0199999893422799779    0.01000001596868000005 )	-Inf -8.71000000497466 -0.9595000214223748
835	(  -6.7100000007296296545  -inf                        1.0200000199999998962    0.01000000234210000026 )	-Inf -8.710000000729629 -0.9594999591531577
836	(  -6.7099999992703800444  -inf                        1.0199999799999999173    0.00999999765790000016 )	-Inf -8.70999999927038 -0.9595000408468419
837	(  -6.709999999583570407   -inf                        1.0200000008921599193    0.01000004999999999991 )	-Inf -8.70999999958357 -0.9594999971799913
838	(  -6.7100000004164304102  -inf                        1.0199999991078398942    0.00999995000000000051 )	-Inf -8.71000000041643 -0.959500002820004
839	(  -6.7100000005872502129  -inf                        1.0199999920058200331    0.01000002000000000009 )	-Inf -8.71000000058725 -0.9595000159081266
840	(  -6.709999999412749716   -inf                        1.0200000079941800024    0.00999998000000000033 )	-Inf -8.70999999941275 -0.9594999840918723
841	(  -6.7099999990983096865  -inf                        1.0200000020928801092    0.00999999476398999963 )	-Inf -8.70999999909831 -0.9594999958352448
842	(  -6.7100000009017000124  -inf                        1.0199999979071199263    0.01000000523601000078 )	-Inf -8.710000000901701 -0.9595000041647552
843	(  -6.7100000015120704333  -inf                        1.020000009999999957     0.01000000878037999967 )	-Inf -8.710000001512071 -0.9594999794243924
844	(  -6.7099999984879303838  -inf                        1.0199999900000000785    0.00999999121962000075 )	-Inf -8.70999999848793 -0.9595000205756072
845	(  -6.709999997999999799   -inf                        1.0200000046421000555    0.01000001695586999993 )	-Inf -8.709999998 -0.9594999901909982
846	(  -6.71000000200000013    -inf                        1.0199999953578999801    0.00999998304413000048 )	-Inf -8.710000002000001 -0.9595000098090012
847	(  -6.7099999993763299599  -inf                        1.0199999983367800116    0.01000001000000000015 )	-Inf -8.709999999376329 -0.9595000031929688
848	(  -6.710000000623669969   -inf                        1.0200000016632200239    0.00999999000000000027 )	-Inf -8.710000000623669 -0.959499996807031
849	(  -6.7099999990770200498  -inf                        1.0200000016632200239    0.00999999000000000027 )	-Inf -8.70999999907702 -0.959499996807031
850	(  -6.7100000009229798792  -inf                        1.0199999983367800116    0.01000001000000000015 )	-Inf -8.71000000092298 -0.9595000031929688
851	(  -6.7100000002331396942  -inf                        1.0200000049999999874    0.01000000252599999966 )	-Inf -8.71000000023314 -0.95949998974948
852	(  -6.7099999997668602347  -inf                        1.0199999950000000482    0.00999999747400000076 )	-Inf -8.709999999766861 -0.95950001025052
853	(  -6.70999999902301969    -inf                        1.0200000017605199698    0.01000000452542999969 )	-Inf -8.709999999023019 -0.9594999963180306
854	(  -6.7100000009769802389  -inf                        1.0199999982394800657    0.00999999547457000072 )	-Inf -8.71000000097698 -0.9595000036819692
855	(  -6.7099999994999999231  -inf                        1.0199999999967299669    0.00999999907315999963 )	-Inf -8.709999999499999 -0.9595000000252076
856	(  -6.7100000005000000058  -inf                        1.0200000000032700687    0.01000000092684000079 )	-Inf -8.7100000005 -0.9594999999747924
857	(  -6.7100000000914299392  -inf                        1.0199999999823698982    0.00999999499999999937 )	-Inf -8.71000000009143 -0.9595000001359655
858	(  -6.7099999999085699898  -inf                        1.0200000000176299153    0.01000000499999999931 )	-Inf -8.70999999990857 -0.959499999864035
859	(  -6.7100000000007904433  -inf                        1.0200000019999999612    0.00999999995677999971 )	-Inf -8.71000000000079 -0.9594999959208645
860	(  -6.7099999999992103739  -inf                        1.0199999980000000743    0.0100000000432200007  )	-Inf -8.70999999999921 -0.9595000040791355
861	(  -6.710000000091140393   -inf                        1.0199999999824200803    0.01000000009917999949 )	-Inf -8.71000000009114 -0.9595000000338796
862	(  -6.7099999999088604241  -inf                        1.0200000000175799553    0.00999999990081999919 )	-Inf -8.70999999990886 -0.9594999999661205
863	(  -6.7099999998195603013  -inf                        1.0199999990523400673    0.01000000199999999916 )	-Inf -8.70999999981956 -0.9595000018932263
864	(  -6.7100000001804396277  -inf                        1.0200000009476599683    0.00999999799999999953 )	-Inf -8.71000000018044 -0.9594999981067738
865	(  -6.7099999997999999479  -inf                        1.0200000009313299199    0.00999999803446000035 )	-Inf -8.7099999998 -0.9594999981393977
866	(  -6.710000000199999981   -inf                        1.0199999990686698936    0.01000000196554000007 )	-Inf -8.7100000002 -0.9595000018606026
867	(  -6.7100000001827497798  -inf                        1.0200000010000001005    0.01000000179595000004 )	-Inf -8.710000000182749 -0.9594999979240808
868	(  -6.7099999998172599192  -inf                        1.019999998999999935     0.00999999820405000038 )	-Inf -8.70999999981726 -0.9595000020759192
869	(  -6.7099999997999999479  -inf                        1.0200000009313299199    0.01000000187388999998 )	-Inf -8.7099999998 -0.9594999980626091
870	(  -6.710000000199999981   -inf                        1.0199999990686698936    0.00999999812611000044 )	-Inf -8.7100000002 -0.9595000019373912
871	(  -6.7099999998999999562  -inf                        1.0199999999577200605    0.0099999998496500004  )	-Inf -8.709999999899999 -0.959500000089258
872	(  -6.7100000000999999727  -inf                        1.0200000000422799751    0.01000000015035000002 )	-Inf -8.710000000099999 -0.9594999999107419
873	(  -6.7099999999601402934  -inf                        1.020000000281189978     0.01000000099999999968 )	-Inf -8.70999999996014 -0.9594999994063724
874	(  -6.7100000000398596356  -inf                        1.0199999997188100576    0.00999999900000000073 )	-Inf -8.710000000039859 -0.9595000005936274
875	(  -6.7100000000089901064  -inf                        1.0200000005000000591    0.00999999977446000034 )	-Inf -8.71000000000899 -0.9594999989845108
876	(  -6.7099999999910098225  -inf                        1.0199999994999999764    0.01000000022554000008 )	-Inf -8.709999999991009 -0.9595000010154893
877	(  -6.7100000000195798577  -inf                        1.0199999998618800578    0.01000000088897000025 )	-Inf -8.71000000001958 -0.9595000002639853
878	(  -6.7099999999804200712  -inf                        1.0200000001381199777    0.00999999911103000017 )	-Inf -8.70999999998042 -0.9594999997360145
879	(  -6.7099999999966701836  -inf                        1.0199999998000000012    0.01000000005952999919 )	-Inf -8.70999999999667 -0.9595000004068095
880	(  -6.7100000000033297454  -inf                        1.0200000002000000343    0.00999999994046999949 )	-Inf -8.71000000000333 -0.9594999995931905
881	(  -6.7099999999766399839  -inf                        1.0200000000906999098    0.00999999997300000075 )	-Inf -8.70999999997664 -0.9594999998155123
882	(  -6.7100000000233599451  -inf                        1.0199999999092999037    0.01000000002699999967 )	-Inf -8.71000000002336 -0.9595000001844882
883	(  -6.7100000000499999686  -inf                        1.0200000000251598919    0.01000000005779999937 )	-Inf -8.71000000005 -0.9594999999475178
884	(  -6.7099999999499999603  -inf                        1.0199999999748399215    0.00999999994219999931 )	-Inf -8.70999999995 -0.9595000000524825
885	(  -6.7099999999945003637  -inf                        1.0200000000213500506    0.01000000049999999994 )	-Inf -8.709999999994501 -0.959499999946446
886	(  -6.7100000000054995652  -inf                        1.0199999999786499849    0.00999999950000000047 )	-Inf -8.7100000000055 -0.9595000000535541
887	(  -6.7100000000081401197  -inf                        1.020000000100000026     0.01000000002409999998 )	-Inf -8.71000000000814 -0.9594999997955178
888	(  -6.7099999999918598093  -inf                        1.0199999999000000095    0.00999999997590000043 )	-Inf -8.70999999999186 -0.959500000204482
889	(  -6.7099999999873798373  -inf                        1.0199999999621800484    0.00999999999088000031 )	-Inf -8.70999999998738 -0.959500000077335
890	(  -6.7100000000126200916  -inf                        1.0200000000378199871    0.0100000000091200001  )	-Inf -8.71000000001262 -0.9594999999226648
891	(  -6.7099999999799999628  -inf                        1.0200000000661499922    0.00999999998554999998 )	-Inf -8.709999999979999 -0.9594999998653428
892	(  -6.7100000000199999661  -inf                        1.0199999999338500434    0.01000000001445000043 )	-Inf -8.710000000019999 -0.9595000001346567
893	(  -6.7099999999980797227  -inf                        1.0199999999942299667    0.01000000019999999941 )	-Inf -8.709999999998079 -0.9595000000077709
894	(  -6.7100000000019299762  -inf                        1.0200000000057700689    0.00999999979999999927 )	-Inf -8.71000000000193 -0.9594999999922289
895	(  -6.7099999999899999636  -inf                        1.0200000000092699359    0.00999999998396999996 )	-Inf -8.70999999999 -0.95949999998141
896	(  -6.7100000000099999653  -inf                        1.0199999999907300996    0.01000000001603000045 )	-Inf -8.71000000001 -0.95950000001859
897	(  -6.7100000000024602187  -inf                        1.0200000000500000219    0.00999999991348000071 )	-Inf -8.71000000000246 -0.9594999998997304
898	(  -6.7099999999975397103  -inf                        1.0199999999500000136    0.01000000008651999971 )	-Inf -8.709999999997539 -0.9595000001002696
899	(  -6.7099999999974997422  -inf                        1.0200000000197699812    0.01000000008788000036 )	-Inf -8.7099999999975 -0.9594999999579115
900	(  -6.7100000000025001867  -inf                        1.0199999999802300543    0.00999999991212000006 )	-Inf -8.7100000000025 -0.9595000000420881
901	(  -6.7100000000024602187  -inf                        1.0200000000500000219    0.01000000007405000071 )	-Inf -8.71000000000246 -0.959499999896519
902	(  -6.7099999999975397103  -inf                        1.0199999999500000136    0.0099999999259499997  )	-Inf -8.709999999997539 -0.959500000103481
903	(  -6.7099999999977297804  -inf                        1.0200000000150699631    0.01000000004999999914 )	-Inf -8.70999999999773 -0.9594999999682572
904	(  -6.7100000000022701485  -inf                        1.0199999999849300725    0.00999999994999999954 )	-Inf -8.710000000002271 -0.9595000000317429
905	(  -6.7099999999997903544  -inf                        1.0199999999992899191    0.00999999999763000018 )	-Inf -8.709999999999791 -0.9595000000014959
906	(  -6.7100000000002095746  -inf                        1.0200000000007098944    0.01000000000237000024 )	-Inf -8.71000000000021 -0.9594999999985043
907	(  -6.7099999999955999286  -inf                        1.0200000000160300839    0.00999999994999999954 )	-Inf -8.709999999995599 -0.9594999999682987
908	(  -6.7100000000044000004  -inf                        1.0199999999839699516    0.01000000004999999914 )	-Inf -8.7100000000044 -0.9595000000317013
909	(  -6.7099999999950004081  -inf                        1.0199999999828599506    0.01000000000976999925 )	-Inf -8.709999999995 -0.9595000000347702
910	(  -6.710000000005000409   -inf                        1.0200000000171400849    0.00999999999022999943 )	-Inf -8.710000000005 -0.9594999999652296
911	(  -6.7099999999979997867  -inf                        1.0200000000058599969    0.00999999998856999917 )	-Inf -8.709999999998 -0.9594999999882741
912	(  -6.7100000000020001423  -inf                        1.0199999999941500306    0.01000000001142999952 )	-Inf -8.710000000002001 -0.9595000000117053
913	(  -6.7100000000020001423  -inf                        1.0200000000095199582    0.00999999998140999914 )	-Inf -8.710000000002001 -0.959499999980951
914	(  -6.7099999999979997867  -inf                        1.0199999999904800774    0.01000000001858999954 )	-Inf -8.709999999998 -0.959500000019049
915	(  -6.7099999999988897414  -inf                        1.0200000000100000186    0.01000000001028999996 )	-Inf -8.709999999998889 -0.9594999999793941
916	(  -6.7100000000011101875  -inf                        1.0199999999900000169    0.00999999998971000045 )	-Inf -8.71000000000111 -0.9595000000206058
917	(  -6.7100000000010595613  -inf                        1.0200000000050200022    0.01000000002000000013 )	-Inf -8.71000000000106 -0.9594999999893592
918	(  -6.7099999999989501376  -inf                        1.0199999999949800333    0.00999999998000000029 )	-Inf -8.70999999999895 -0.9595000000106406
919	(  -6.709999999999450182   -inf                        1.0199999999950000173    0.01000000000090000077 )	-Inf -8.70999999999945 -0.9595000000101821
920	(  -6.7100000000005497469  -inf                        1.0200000000050000182    0.00999999999909999965 )	-Inf -8.71000000000055 -0.9594999999898179
921	(  -6.7100000000004396128  -inf                        1.0199999999966999908    0.01000000000059999943 )	-Inf -8.71000000000044 -0.95950000000672
922	(  -6.7099999999995603162  -inf                        1.0200000000033000447    0.00999999999939999926 )	-Inf -8.70999999999956 -0.9594999999932798
923	(  -6.7100000000010000534  -inf                        1.0199999999986399946    0.01000000000135000018 )	-Inf -8.710000000001 -0.9595000000027474
924	(  -6.7099999999989998756  -inf                        1.020000000001360041     0.00999999999865000024 )	-Inf -8.709999999998999 -0.9594999999972527
925	(  -6.7099999999999297984  -inf                        1.0200000000005600143    0.0100000000099999993  )	-Inf -8.70999999999993 -0.9594999999986575
926	(  -6.7100000000000799005  -inf                        1.0199999999994400213    0.00999999998999999938 )	-Inf -8.710000000000079 -0.9595000000013425
927	(  -6.70999999999949992    -inf                        1.0199999999990199129    0.01000000000039000074 )	-Inf -8.7099999999995 -0.9595000000019915
928	(  -6.7100000000005000089  -inf                        1.0200000000009799006    0.00999999999960999968 )	-Inf -8.7100000000005 -0.9594999999980087
929	(  -6.7100000000003303668  -inf                        1.019999999998000062     0.01000000000079999916 )	-Inf -8.710000000000331 -0.9595000000040639
930	(  -6.7099999999996695621  -inf                        1.0200000000019999735    0.00999999999919999952 )	-Inf -8.70999999999967 -0.9594999999959362
931	(  -6.7100000000002300027  -inf                        1.0200000000011000267    0.01000000000054999949 )	-Inf -8.71000000000023 -0.9594999999977449
932	(  -6.7099999999997699263  -inf                        1.0199999999989000088    0.00999999999944999919 )	-Inf -8.70999999999977 -0.9595000000022549
933	(  -6.7099999999999697664  -inf                        1.0200000000001800959    0.01000000000500000062 )	-Inf -8.709999999999969 -0.9594999999995326
934	(  -6.7100000000000301625  -inf                        1.0199999999998199396    0.00999999999499999979 )	-Inf -8.71000000000003 -0.9595000000004672
935	(  -6.7099999999999502265  -inf                        1.0200000000010001067    0.0099999999984800008  )	-Inf -8.709999999999951 -0.9594999999979903
936	(  -6.7100000000000497025  -inf                        1.0199999999989999289    0.01000000000151999961 )	-Inf -8.71000000000005 -0.9595000000020097
937	(  -6.7099999999999395683  -inf                        1.0199999999997100275    0.01000000000044000067 )	-Inf -8.70999999999994 -0.9595000000005827
938	(  -6.7100000000000603606  -inf                        1.020000000000290008     0.00999999999955999974 )	-Inf -8.710000000000061 -0.9594999999994174
939	(  -6.7099999999998001243  -inf                        1.0200000000004199041    0.01000000000140000012 )	-Inf -8.7099999999998 -0.9594999999991154
940	(  -6.7100000000001998046  -inf                        1.0199999999995799094    0.0099999999986000003  )	-Inf -8.7100000000002 -0.9595000000008849
941	(  -6.7100000000001900347  -inf                        1.0200000000008699885    0.01000000000199999933 )	-Inf -8.71000000000019 -0.9594999999981852
942	(  -6.7099999999998098943  -inf                        1.019999999999130047     0.00999999999799999935 )	-Inf -8.709999999999809 -0.9595000000018148
943	(  -6.7099999999998996003  -inf                        1.0199999999997499955    0.01000000000051999918 )	-Inf -8.7099999999999 -0.9595000000004996
944	(  -6.7100000000001003286  -inf                        1.02000000000025004      0.0099999999994799995  )	-Inf -8.7100000000001 -0.9594999999995004
945	(  -6.7099999999999502265  -inf                        1.0200000000004199041    0.00999999999911000033 )	-Inf -8.709999999999951 -0.9594999999991611
946	(  -6.7100000000000497025  -inf                        1.0199999999995799094    0.01000000000089000009 )	-Inf -8.71000000000005 -0.9595000000008391
947	(  -6.7100000000000603606  -inf                        1.020000000000260032     0.01000000000100000064 )	-Inf -8.710000000000061 -0.9594999999994496
948	(  -6.7099999999999502265  -inf                        1.0199999999997400035    0.00999999999899999978 )	-Inf -8.709999999999951 -0.9595000000005505
949	(  -6.7099999999999395683  -inf                        1.0200000000005000622    0.01000000000038000006 )	-Inf -8.70999999999994 -0.9594999999989724
950	(  -6.7100000000000603606  -inf                        1.0199999999994999733    0.00999999999962000036 )	-Inf -8.710000000000061 -0.9595000000010276
951	(  -6.7099999999999502265  -inf                        1.0200000000001099298    0.00999999999973999985 )	-Inf -8.709999999999951 -0.9594999999997809
952	(  -6.7100000000000497025  -inf                        1.0199999999998901057    0.01000000000026000056 )	-Inf -8.71000000000005 -0.9595000000002192
953	(  -6.7099999999999502265  -inf                        1.0199999999997999556    0.01000000000044000067 )	-Inf -8.709999999999951 -0.9595000000003993
954	(  -6.7099999999999697664  -inf                        1.02000000000020008      0.01000000000024999988 )	-Inf -8.709999999999969 -0.9594999999995868
955	(  -6.7100000000000301625  -inf                        1.0199999999997999556    0.00999999999975000053 )	-Inf -8.71000000000003 -0.959500000000413
956	(  -6.7100000000000203926  -inf                        1.0200000000000899458    0.01000000000049999956 )	-Inf -8.71000000000002 -0.9594999999998066
957	(  -6.7099999999999804245  -inf                        1.0199999999999100897    0.00999999999950000086 )	-Inf -8.70999999999998 -0.9595000000001934
958	(  -6.7100000000000203926  -inf                        1.0200000000000000178    0.00999999999998999953 )	-Inf -8.71000000000002 -0.9595000000000002
959	(  -6.7099999999999999645  -inf                        1.0199999999999800337    0.01000000000019999995 )	-Inf -8.71 -0.9595000000000367
960	(  -6.7099999999999999645  -inf                        1.0200000000000200018    0.00999999999980000047 )	-Inf -8.71 -0.9594999999999632
961	(  -6.7099999999999999645  -inf                        1.0200000000000999378    0.01000000000005000014 )	-Inf -8.71 -0.9594999999997951
962	(  -6.7099999999999999645  -inf                        1.0199999999999000977    0.00999999999995000027 )	-Inf -8.71 -0.9595000000002047
963	(  -6.7099999999999999645  -inf                        1.0199999999999700417    0.01000000000016999964 )	-Inf -8.71 -0.9595000000000578
964	(  -6.7099999999999901945  -inf                        1.0200000000000100098    0.0099999999999699999  )	-Inf -8.70999999999999 -0.9594999999999803
965	(  -6.7100000000000097344  -inf                        1.0199999999999900258    0.01000000000003000052 )	-Inf -8.71000000000001 -0.9595000000000198
966	(  -6.7099999999999999645  -inf                        1.0199999999999800337    0.01000000000001999984 )	-Inf -8.71 -0.9595000000000402
