1	(   7                       14.419999999999999929     8.7300000000000004263  -13.349999999999999645    -8.8499999999999996447    8.3900000000000005684   10.410000000000000142   )	-881.2062 4.907428851083311 13.178674752737647 5.625493114721006 48.29926204655938
2	(   7                       15.419999999999999929     9.7300000000000004263  -14.349999999999999645    -7.8499999999999996447    7.3899999999999996803   11.410000000000000142   )	-1050.2562 2.9873958589569902 11.220066583966386 6.371122604991227 51.267397616347324
3	(   7                       13.419999999999999929     7.7300000000000004263  -12.349999999999999645    -9.8499999999999996447    9.3900000000000005684    9.4100000000000001421  )	-726.1562 6.80642115528801 12.70526385208427 7.724922120206131 49.29842771996436
4	(   7                       15.419999999999999929     8.7300000000000004263  -13.349999999999999645    -8.8499999999999996447    8.3900000000000005684   10.410000000000000142   )	-942.3162 4.907428851083311 14.178674752737647 5.625493114721006 50.29926204655938
5	(   7                       13.419999999999999929     8.7300000000000004263  -13.349999999999999645    -8.8499999999999996447    8.3900000000000005684   10.410000000000000142   )	-820.0962000000001 4.907428851083311 12.178674752737647 5.625493114721006 46.29926204655938
6	(   7                       10.419999999999999929     8.7300000000000004263  -13.349999999999999645    -8.8499999999999996447    8.3900000000000005684   10.410000000000000142   )	-636.7662 4.907428851083311 9.178674752737647 5.625493114721006 40.29926204655937
7	(   7                        1.4199999999999999289    8.7300000000000004263  -13.349999999999999645    -8.8499999999999996447    8.3900000000000005684   10.410000000000000142   )	-86.7762 4.907428851083311 0.17867475273764777 5.625493114721006 22.299262046559374
8	(   7                      -25.579999999999998295     8.7300000000000004263  -13.349999999999999645    -8.8499999999999996447    8.3900000000000005684   10.410000000000000142   )	1563.1938 4.907428851083311 -26.82132524726235 5.625493114721006 -31.700737953440623
9	(   8                       -8.5800000000000000711    8.7300000000000004263  -13.349999999999999645    -9.8499999999999996447    8.3900000000000005684   10.410000000000000142   )	599.2272 5.907428851083311 -9.29473614791573 5.625493114721006 3.299262046559374
10	(  11                      -38.579999999999998295     8.7300000000000004263  -13.349999999999999645   -12.849999999999999645     8.3900000000000005684   10.410000000000000142   )	3704.8374000000003 8.90742885108331 -38.90890816346211 5.625493114721006 -53.70073795344062
11	(   8                       -8.5800000000000000711    9.7300000000000004263  -13.349999999999999645    -9.8499999999999996447    8.3900000000000005684   10.410000000000000142   )	667.8672 5.907428851083311 -9.29473614791573 6.625493114721006 5.299262046559374
12	(   8                       -8.5800000000000000711    7.7300000000000004263  -13.349999999999999645    -9.8499999999999996447    8.3900000000000005684   10.410000000000000142   )	530.5872 5.907428851083311 -9.29473614791573 4.625493114721006 1.2992620465593738
13	(   8                       -8.5800000000000000711    4.7300000000000004263  -13.349999999999999645    -9.8499999999999996447    8.3900000000000005684   10.410000000000000142   )	324.66720000000004 5.907428851083311 -9.29473614791573 1.6254931147210057 -4.700737953440626
14	(   8                       -7.5800000000000000711    7.7300000000000004263  -13.349999999999999645    -9.8499999999999996447    7.3899999999999996803   10.410000000000000142   )	468.7472 5.907428851083311 -8.29473614791573 4.371122604991227 3.299262046559374
15	(   8                       -4.5800000000000000711    7.7300000000000004263  -13.349999999999999645    -9.8499999999999996447    4.3899999999999996803   10.410000000000000142   )	283.22720000000004 5.907428851083311 -5.29473614791573 3.9516102025473483 9.299262046559374
16	(   8                       -7.5800000000000000711    5.7300000000000004263  -13.349999999999999645    -9.8499999999999996447    7.3899999999999996803   10.410000000000000142   )	347.46720000000005 5.907428851083311 -8.29473614791573 2.371122604991226 -0.7007379534406262
17	(   8                       -7.5800000000000000711   -0.27000000000000001776 -13.349999999999999645    -9.8499999999999996447    7.3899999999999996803   10.410000000000000142   )	-16.3728 5.907428851083311 -8.29473614791573 -3.6288773950087743 -12.700737953440626
18	(   8                       -7.5800000000000000711    4.7300000000000004263  -13.349999999999999645    -9.8499999999999996447    5.3899999999999996803   10.410000000000000142   )	286.8272 5.907428851083311 -8.29473614791573 2.1807922371876436 -2.700737953440626
19	(   8                       -7.5800000000000000711    5.7300000000000004263  -14.349999999999999645    -9.8499999999999996447    7.3899999999999996803   10.410000000000000142   )	347.46720000000005 3.9873958589569902 -8.29473614791573 2.371122604991226 -0.7007379534406262
20	(   8                       -7.5800000000000000711    5.7300000000000004263  -17.350000000000001421    -9.8499999999999996447    7.3899999999999996803   10.410000000000000142   )	347.46720000000005 3.821279784174733 -8.29473614791573 2.371122604991226 -0.7007379534406262
21	(   8                       -7.5800000000000000711    5.7300000000000004263  -26.350000000000008527    -9.8499999999999996447    7.3899999999999996803   10.410000000000000142   )	347.46720000000005 4.303443141319541 -8.29473614791573 2.371122604991226 -0.7007379534406262
22	(   8                       -8.5800000000000000711    5.7300000000000004263  -22.350000000000001421    -9.8499999999999996447    7.3899999999999996803   10.410000000000000142   )	393.3072 7.481968744741267 -9.29473614791573 2.371122604991226 -2.700737953440626
23	(   8                       -6.5800000000000000711    5.7300000000000004263  -17.350000000000001421    -9.8499999999999996447    5.3899999999999996803   10.410000000000000142   )	301.6272 3.821279784174733 -7.29473614791573 3.1807922371876436 1.2992620465593738
24	(   8                       -3.5800000000000000711    5.7300000000000004263  -17.350000000000001421    -9.8499999999999996447   -0.60999999999999998668  10.410000000000000142   )	164.1072 3.821279784174733 -4.29473614791573 4.351656067263699 7.299262046559374
25	(   7                       -3.5800000000000000711    6.7300000000000004263  -22.350000000000001421    -8.8499999999999996447    4.3899999999999996803   10.410000000000000142   )	168.65380000000002 6.481968744741267 -4.821325247262353 2.9516102025473483 8.299262046559374
26	(   8                       -3.5800000000000000711    6.7300000000000004263  -17.350000000000001421    -8.8499999999999996447   10.390000000000000568    10.410000000000000142   )	192.74720000000002 3.821279784174733 -4.821325247262353 3.8909164590061676 9.299262046559374
27	(   7                       -2.5800000000000000711    0.72999999999999998224 -16.350000000000001421    -8.8499999999999996447    4.3899999999999996803   10.410000000000000142   )	13.183800000000002 5.493901836772165 -3.8213252472623522 -3.048389797452652 -1.700737953440627
28	(   4                        9.4199999999999999289  -14.269999999999999574   -13.349999999999999645    -5.8499999999999996447    1.3899999999999999023   10.410000000000000142   )	537.6936 1.9074288510833108 8.679952311173139 -18.334202630853554 -10.700737953440626
29	(   7                       -0.57999999999999996003   0.72999999999999998224 -15.349999999999999645    -9.8499999999999996447    5.3899999999999996803   11.410000000000000142   )	2.9637999999999995 6.484419474640715 -1.2947361479157298 -1.8192077628123569 1.2673976163473188
30	(   7                        5.4199999999999999289    0.72999999999999998224 -12.349999999999999645   -12.849999999999999645     8.3900000000000005684   14.410000000000000142   )	-27.696199999999997 6.80642115528801 5.09109183653789 -2.374506885278995 12.622785614936479
31	(   7                        2.4199999999999999289    0.72999999999999998224 -14.349999999999999645    -9.8499999999999996447    4.3899999999999996803    9.4100000000000001421  )	-12.366199999999997 2.9873958589569902 1.70526385208427 -3.048389797452652 13.298427719964353
32	(   7                       -7.5800000000000000711   10.730000000000000426   -17.350000000000001421    -9.8499999999999996447    8.3900000000000005684   11.410000000000000142   )	569.3338 2.821279784174733 -8.29473614791573 7.625493114721006 7.26739761634732
33	(   7                       -3.5800000000000000711    0.72999999999999998224 -16.350000000000001421    -9.8499999999999996447    6.3899999999999996803   13.410000000000000142   )	18.2938 5.493901836772165 -4.29473614791573 0.682262576346215 -2.718317659619969
34	(   7                        6.4199999999999999289   -9.2699999999999995737  -13.349999999999999645    -9.8499999999999996447    2.3900000000000001243   11.410000000000000142   )	416.5938 4.907428851083311 5.70526385208427 -11.228125007491222 -4.73260238365268
35	(   2                       -3.5800000000000000711    0.72999999999999998224 -16.350000000000001421    -9.8499999999999996447    6.3899999999999996803   11.410000000000000142   )	5.2268 0.49390183677216437 -4.29473614791573 0.682262576346215 -9.732602383652681
36	(   7                      -50.579999999999998295     2.7299999999999999822  -10.349999999999999645    -9.8499999999999996447   -3.6099999999999998757   11.410000000000000142   )	966.5838 4.320364087376119 -51.29473614791573 1.8739504334263457 -94.73260238365269
37	(   7                      -24.579999999999998295    -1.2700000000000000178   -6.3499999999999996447   -9.8499999999999996447   15.390000000000000568    11.410000000000000142   )	-218.5162 6.981278230809932 -25.294736147915728 -1.680504323473778 -50.732602383652676
38	(   7                        0.41999999999999998446   0.72999999999999998224 -15.349999999999999645     0.14999999999999999445   4.3899999999999996803   11.410000000000000142   )	-2.1462 6.484419474640715 0.32620662716377263 -3.048389797452652 3.2673976163473197
39	(   7                       23.420000000000001705     2.7299999999999999822  -24.350000000000001421    -9.8499999999999996447   -4.6100000000000003197   11.410000000000000142   )	-447.5562 4.911159073135218 22.705263852084272 -1.4261229365883161 53.267397616347324
40	(   7                       -1.5800000000000000711    0.72999999999999998224 -15.349999999999999645   -19.850000000000001421     6.3899999999999996803   11.410000000000000142   )	8.0738 6.484419474640715 -4.555603969335557 0.682262576346215 -0.7326023836526812
41	(  12                        2.4199999999999999289    0.72999999999999998224 -14.349999999999999645    -9.8499999999999996447    4.3899999999999996803   11.410000000000000142   )	-21.199199999999998 7.98739585895699 1.70526385208427 -3.048389797452652 12.26739761634732
42	(   6                       43.420000000000001705     4.7300000000000004263   -5.3499999999999996447  -10.849999999999999645     1.3899999999999999023   11.410000000000000142   )	-1232.2596 3.2882925083851737 39.3083789076064 0.665797369146448 96.26739761634732
43	(   7                       49.420000000000001705    -1.2700000000000000178  -20.350000000000001421    -9.8499999999999996447   14.390000000000000568    11.410000000000000142   )	439.3438 2.820753370053292 48.70526385208427 -5.207189215942229 97.26739761634731
44	(   8                      -44.579999999999998295    -3.2700000000000000178  -25.350000000000001421    -8.8499999999999996447    9.3900000000000005684   11.410000000000000142   )	-1166.2128 7.804853823592171 -45.82132524726235 -3.2750778797938693 -93.73260238365269
45	(   7                       -1.5800000000000000711    0.72999999999999998224 -15.349999999999999645    -9.8499999999999996447   10.390000000000000568    11.410000000000000142   )	8.0738 6.484419474640715 -2.2947361479157298 -2.109083540993833 -0.7326023836526812
46	(   7                        0.41999999999999998446   0.72999999999999998224 -15.349999999999999645    -9.8499999999999996447    0.39000000000000001332  11.410000000000000142   )	-2.1462 6.484419474640715 -0.29473614791572994 0.12291842982578238 3.2673976163473197
47	(   7                       -5.5800000000000000711    1.7299999999999999822  -20.350000000000001421    -9.8499999999999996447    5.3899999999999996803   11.410000000000000142   )	67.5738 2.820753370053292 -6.29473614791573 -0.8192077628123569 -6.732602383652681
48	(   7                        4.4199999999999999289   -0.27000000000000001776 -10.349999999999999645    -9.8499999999999996447    5.3899999999999996803   11.410000000000000142   )	8.3538 4.320364087376119 3.7052638520842702 -2.819207762812357 9.26739761634732
49	(   8                      -18.579999999999998295    -2.2700000000000000178  -17.350000000000001421    -8.8499999999999996447    6.3899999999999996803   10.410000000000000142   )	-337.41279999999995 3.821279784174733 -19.82132524726235 -2.317737423653785 -38.70073795344062
50	(   6                       17.420000000000001705     3.7299999999999999822  -13.349999999999999645   -10.849999999999999645     4.3899999999999996803   12.410000000000000142   )	-389.85960000000006 3.907428851083311 13.308378907606398 -0.04838979745265215 48.125377526508835
51	(   8                        9.4199999999999999289    5.7300000000000004263  -16.350000000000001421    -8.8499999999999996447    5.3899999999999996803   10.410000000000000142   )	-431.81280000000004 6.493901836772165 8.178674752737647 3.1807922371876436 33.29926204655937
52	(   6                      -10.580000000000000071    -4.2699999999999995737  -14.349999999999999645   -10.849999999999999645     5.3899999999999996803   12.410000000000000142   )	-271.0596 1.9873958589569902 -14.691621092393603 -6.819207762812356 -23.87462247349117
53	(   7                       -2.5800000000000000711    0.72999999999999998224 -15.349999999999999645    -4.8499999999999996447    5.3899999999999996803   11.410000000000000142   )	13.183800000000002 6.484419474640715 -6.700966247645752 -1.8192077628123569 -2.732602383652681
54	(   7                        1.4199999999999999289    0.72999999999999998224 -15.349999999999999645   -14.849999999999999645     5.3899999999999996803   11.410000000000000142   )	-7.2562 6.484419474640715 -0.9837046694396192 -1.8192077628123569 5.26739761634732
55	(   5                        9.4199999999999999289   -1.2700000000000000178  -16.350000000000001421    -8.8499999999999996447    5.3899999999999996803   10.410000000000000142   )	59.817 3.4939018367721646 8.178674752737647 -3.819207762812357 16.299262046559374
56	(   9                      -10.580000000000000071     2.7299999999999999822  -14.349999999999999645   -10.849999999999999645     5.3899999999999996803   12.410000000000000142   )	259.9506 4.98739585895699 -14.691621092393603 0.18079223718764315 -6.87462247349117
57	(   5                      -20.579999999999998295     4.7300000000000004263  -13.349999999999999645   -10.849999999999999645     4.3899999999999996803   11.410000000000000142   )	486.717 2.907428851083311 -24.691621092393603 0.9516102025473483 -32.732602383652676
58	(   9                       19.420000000000001705    -3.2700000000000000178  -17.350000000000001421    -8.8499999999999996447    6.3899999999999996803   11.410000000000000142   )	571.5306 4.821279784174733 18.17867475273765 -3.317737423653785 35.267397616347324
59	(   7                       -0.57999999999999996003   2.7299999999999999822  -15.349999999999999645    -9.8499999999999996447    5.3899999999999996803   11.400000000000000355   )	11.083799999999998 6.484419474640715 -1.2947361479157298 0.18079223718764315 5.214812445674339
60	(   7                       -0.57999999999999996003  -1.2700000000000000178  -15.349999999999999645    -9.8499999999999996447    5.3899999999999996803   11.419999999999999929   )	-5.156199999999999 6.484419474640715 -1.2947361479157298 -3.819207762812357 -2.6790442044605074
61	(   8                        0.41999999999999998446   0.72999999999999998224 -16.350000000000001421    -9.8499999999999996447    4.3899999999999996803   10.939999999999999503   )	-2.4528 6.493901836772165 -0.29473614791572994 -3.048389797452652 3.122214326562224
62	(   6                       -1.5800000000000000711    0.72999999999999998224 -14.349999999999999645    -9.8499999999999996447    6.3899999999999996803   11.880000000000000782   )	6.9204 1.9873958589569902 -2.2947361479157298 0.682262576346215 1.408346162356867
63	(   3                       -4.5800000000000000711    0.72999999999999998224 -11.349999999999999645    -9.8499999999999996447    9.3900000000000005684   12.880000000000000782   )	10.0302 -0.6941311168826187 -5.29473614791573 0.7249221202061304 -5.3852979766644005
64	(   6                       -1.5800000000000000711    0.72999999999999998224 -14.349999999999999645    -9.8499999999999996447    1.3899999999999999023   11.880000000000000782   )	6.9204 1.9873958589569902 -2.2947361479157298 -3.3342026308535524 1.408346162356867
65	(   6                       -0.57999999999999996003   2.7299999999999999822  -15.349999999999999645    -9.8499999999999996447    6.3899999999999996803   11.880000000000000782   )	9.500399999999999 5.484419474640715 -1.2947361479157298 2.682262576346215 7.408346162356867
66	(   7                       -3.5800000000000000711    0.72999999999999998224 -19.350000000000001421   -10.849999999999999645     6.3899999999999996803   12.880000000000000782   )	18.2938 6.033064942628113 -7.6916210923936035 0.682262576346215 0.6147020233356
67	(   8                       -7.5800000000000000711    1.7299999999999999822   -9.3499999999999996447  -10.849999999999999645     7.3899999999999996803   11.880000000000000782   )	104.9072 7.976558419657707 -11.691621092393603 -1.6288773950087743 -6.591653837643133
68	(   6                       -2.5800000000000000711    0.72999999999999998224 -13.349999999999999645    -7.8499999999999996447    6.3899999999999996803   11.880000000000000782   )	11.3004 3.907428851083311 -6.779933416033614 0.682262576346215 -0.5916538376431331
69	(   8                        1.4199999999999999289    0.72999999999999998224 -16.350000000000001421    -8.8499999999999996447    6.3899999999999996803   10.880000000000000782   )	-8.2928 6.493901836772165 0.17867475273764777 0.682262576346215 5.195745947374163
70	(   6                       -2.5800000000000000711   -1.2700000000000000178  -13.349999999999999645    -9.8499999999999996447    6.3899999999999996803   11.880000000000000782   )	-19.6596 3.907428851083311 -3.2947361479157298 -1.317737423653785 -4.591653837643133
71	(   4                        4.4199999999999999289   -0.27000000000000001776 -19.350000000000001421    -8.8499999999999996447    5.3899999999999996803   11.880000000000000782   )	4.7736 3.033064942628113 3.1786747527376478 -2.819207762812357 9.408346162356867
72	(   6                       -1.5800000000000000711    0.72999999999999998224 -14.349999999999999645    -9.8499999999999996447   11.390000000000000568    11.880000000000000782   )	6.9204 1.9873958589569902 -2.2947361479157298 -2.8497875651488433 1.408346162356867
73	(   6                       -0.57999999999999996003   0.72999999999999998224 -15.349999999999999645   -11.849999999999999645     6.3899999999999996803   11.880000000000000782   )	2.5403999999999995 5.484419474640715 -2.3910043442220608 0.682262576346215 3.408346162356867
74	(   6                        8.4199999999999999289    0.72999999999999998224 -13.349999999999999645    -9.8499999999999996447    6.3899999999999996803   11.880000000000000782   )	-36.879599999999996 3.907428851083311 7.70526385208427 0.682262576346215 21.408346162356867
75	(   6                      -11.580000000000000071     0.72999999999999998224 -15.349999999999999645    -9.8499999999999996447    6.3899999999999996803   11.880000000000000782   )	50.720400000000005 5.484419474640715 -12.29473614791573 0.682262576346215 -18.591653837643133
76	(   4                       -4.5800000000000000711    0.72999999999999998224 -12.349999999999999645   -10.849999999999999645     6.3899999999999996803   12.880000000000000782   )	13.3736 3.8064211552880103 -8.691621092393603 0.682262576346215 -4.3852979766644005
77	(   5                        0.41999999999999998446   0.72999999999999998224  -9.3499999999999996447   -8.8499999999999996447    6.3899999999999996803   10.880000000000000782   )	-1.533 4.976558419657707 -0.8213252472623522 0.682262576346215 0.19574594737416184
78	(   3                       -4.5800000000000000711    0.72999999999999998224 -11.349999999999999645    -9.8499999999999996447    9.3900000000000005684   13.289999999999999147   )	10.0302 -0.6941311168826187 -5.29473614791573 0.7249221202061304 -7.856395160345803
79	(   6                       -0.57999999999999996003   0.72999999999999998224 -12.349999999999999645    -9.8499999999999996447    6.3899999999999996803   11.910000000000000142   )	2.5403999999999995 5.80642115528801 -1.2947361479157298 0.682262576346215 3.618721919260542
80	(   6                        0.41999999999999998446  -0.27000000000000001776 -14.349999999999999645    -9.8499999999999996447    5.3899999999999996803   11.970000000000000639   )	0.6804 1.9873958589569902 -0.29473614791572994 -2.819207762812357 4.028808986589457
81	(   6                       -2.5800000000000000711    0.72999999999999998224 -16.350000000000001421    -9.8499999999999996447    6.3899999999999996803   11.849999999999999645   )	11.3004 4.493901836772165 -3.2947361479157298 0.682262576346215 -0.8045788758092476
82	(   6                       -0.57999999999999996003   0.72999999999999998224 -14.349999999999999645    -9.8499999999999996447    5.3899999999999996803   11.380000000000000782   )	2.5403999999999995 1.9873958589569902 -1.2947361479157298 -1.8192077628123569 0.1126448657510366
83	(   6                        2.4199999999999999289    0.72999999999999998224 -14.349999999999999645    -9.8499999999999996447    2.3900000000000001243   10.380000000000000782   )	-10.599599999999999 1.9873958589569902 1.70526385208427 -1.2281250074912222 7.500642044285938
84	(   5                        1.4199999999999999289    0.72999999999999998224 -13.349999999999999645    -9.8499999999999996447    4.3899999999999996803   11.380000000000000782   )	-5.183 2.907428851083311 0.70526385208427 -3.048389797452652 3.1126448657510375
85	(   6                       -1.5800000000000000711    0.72999999999999998224 -14.349999999999999645   -10.849999999999999645     5.3899999999999996803   11.380000000000000782   )	6.9204 1.9873958589569902 -5.6916210923936035 -1.8192077628123569 -1.8873551342489634
86	(   6                       -0.57999999999999996003   0.72999999999999998224 -14.349999999999999645    -9.8499999999999996447    5.3899999999999996803   10.380000000000000782   )	2.5403999999999995 1.9873958589569902 -1.2947361479157298 -1.8192077628123569 1.5006420442859367
87	(   6                       -4.5800000000000000711   -0.27000000000000001776 -12.349999999999999645    -9.8499999999999996447    6.3899999999999996803   11.380000000000000782   )	-7.419600000000001 5.80642115528801 -5.29473614791573 -0.31773742365378504 -9.887355134248963
88	(   7                       -2.5800000000000000711    0.72999999999999998224 -15.349999999999999645    -9.8499999999999996447    6.3899999999999996803   11.380000000000000782   )	13.183800000000002 6.484419474640715 -3.2947361479157298 0.682262576346215 -2.8873551342489634
89	(   6                       -0.57999999999999996003   0.72999999999999998224 -14.349999999999999645    -9.8499999999999996447    5.3899999999999996803   12.380000000000000782   )	2.5403999999999995 1.9873958589569902 -1.2947361479157298 -1.8192077628123569 6.052797263997489
90	(   6                        1.4199999999999999289    0.72999999999999998224 -14.349999999999999645    -9.8499999999999996447   10.390000000000000568    11.380000000000000782   )	-6.2196 1.9873958589569902 0.70526385208427 -2.109083540993833 4.1126448657510375
91	(   6                       -2.5800000000000000711    0.72999999999999998224 -14.349999999999999645    -9.8499999999999996447    0.39000000000000001332  11.380000000000000782   )	11.3004 1.9873958589569902 -3.2947361479157298 0.12291842982578238 -3.8873551342489634
92	(   6                        0.41999999999999998446   0.72999999999999998224 -14.349999999999999645    -8.8499999999999996447    5.3899999999999996803   11.380000000000000782   )	-1.8396 1.9873958589569902 -0.8213252472623522 -1.8192077628123569 2.1126448657510375
93	(   6                      -10.580000000000000071     1.7299999999999999822  -13.349999999999999645    -9.8499999999999996447    4.3899999999999996803   11.380000000000000782   )	109.8204 3.907428851083311 -11.29473614791573 -2.048389797452652 -17.887355134248963
94	(   6                        3.4199999999999999289    1.7299999999999999822  -16.350000000000001421    -9.8499999999999996447    4.3899999999999996803   11.380000000000000782   )	-35.4996 4.493901836772165 2.7052638520842702 -2.048389797452652 10.112644865751037
95	(   6                        9.4199999999999999289   -0.27000000000000001776 -15.349999999999999645    -9.8499999999999996447    6.3899999999999996803   11.380000000000000782   )	15.2604 5.484419474640715 8.70526385208427 -0.31773742365378504 18.112644865751037
96	(   5                       -9.5800000000000000711    0.72999999999999998224 -16.350000000000001421    -9.8499999999999996447    8.3900000000000005684   11.380000000000000782   )	34.967 3.4939018367721646 -10.29473614791573 -2.374506885278995 -18.887355134248963
97	(   7                        8.4199999999999999289    0.72999999999999998224 -12.349999999999999645    -9.8499999999999996447    2.3900000000000001243   11.380000000000000782   )	-43.026199999999996 6.80642115528801 7.70526385208427 -1.2281250074912222 19.112644865751037
98	(   6                        2.4199999999999999289    0.72999999999999998224 -14.349999999999999645    -9.8499999999999996447    2.3900000000000001243    9.8800000000000007816  )	-10.599599999999999 1.9873958589569902 1.70526385208427 -1.2281250074912222 10.908222314558625
99	(   6.0800000000000000711   -0.57999999999999996003   0.6500000000000000222  -14.349999999999999645    -9.3499999999999996447    5.3899999999999996803   11.300000000000000711   )	2.29216 2.0673958589569903 -0.6034415803422936 -1.899207762812357 -0.3330996501229606
100	(   6.0800000000000000711   -0.57999999999999996003   0.6500000000000000222  -14.349999999999999645    -8.3499999999999996447    5.3899999999999996803   11.300000000000000711   )	2.29216 2.0673958589569903 -3.8286705218678954 -1.899207762812357 -0.3330996501229606
101	(   6.0800000000000000711   -0.57999999999999996003  -0.3499999999999999778  -14.349999999999999645    -9.3499999999999996447    5.3899999999999996803   11.300000000000000711   )	-1.2342399999999998 2.0673958589569903 -0.6034415803422936 -2.899207762812357 -2.3330996501229606
102	(   6.0800000000000000711   -0.57999999999999996003   0.6500000000000000222  -15.349999999999999645    -9.3499999999999996447    5.3899999999999996803   11.300000000000000711   )	2.29216 5.564419474640715 -0.6034415803422936 -1.899207762812357 -0.3330996501229606
103	(   6.0800000000000000711   -0.57999999999999996003   0.6500000000000000222  -13.349999999999999645    -9.3499999999999996447    5.3899999999999996803   11.300000000000000711   )	2.29216 3.987428851083311 -0.6034415803422936 -1.899207762812357 -0.3330996501229606
104	(   5.0800000000000000711   -1.5800000000000000711    0.6500000000000000222  -14.349999999999999645    -9.3499999999999996447    5.3899999999999996803   11.300000000000000711   )	5.217160000000001 1.0673958589569903 -1.6034415803422937 -1.899207762812357 -3.3330996501229606
105	(   6.0800000000000000711   -0.57999999999999996003   1.6499999999999999112  -14.349999999999999645    -9.3499999999999996447    5.3899999999999996803   11.300000000000000711   )	5.818559999999999 2.0673958589569903 -0.6034415803422936 -0.8992077628123569 1.6669003498770385
106	(   6.0800000000000000711   -0.57999999999999996003   4.6500000000000003553  -14.349999999999999645    -9.3499999999999996447    5.3899999999999996803   11.300000000000000711   )	16.39776 2.0673958589569903 -0.6034415803422936 2.1007922371876435 7.66690034987704
107	(   6.0800000000000000711   -0.57999999999999996003   1.6499999999999999112  -14.349999999999999645    -9.3499999999999996447    3.3900000000000001243   11.300000000000000711   )	5.818559999999999 2.0673958589569903 -0.6034415803422936 1.3961209722181966 1.6669003498770385
108	(   6.0800000000000000711   -0.57999999999999996003   1.6499999999999999112  -15.349999999999999645    -9.3499999999999996447    5.3899999999999996803   11.300000000000000711   )	5.818559999999999 5.564419474640715 -0.6034415803422936 -0.8992077628123569 1.6669003498770385
109	(   6.0800000000000000711   -0.57999999999999996003   1.6499999999999999112  -13.349999999999999645    -9.3499999999999996447    5.3899999999999996803   11.300000000000000711   )	5.818559999999999 3.987428851083311 -0.6034415803422936 -0.8992077628123569 1.6669003498770385
110	(   6.0800000000000000711   -0.57999999999999996003   1.6499999999999999112  -14.349999999999999645    -9.3499999999999996447    7.3899999999999996803   11.300000000000000711   )	5.818559999999999 2.0673958589569903 -0.6034415803422936 -1.7088773950087743 1.6669003498770385
111	(   5.0800000000000000711   -1.5800000000000000711   -0.3499999999999999778  -14.349999999999999645    -9.3499999999999996447    5.3899999999999996803   11.300000000000000711   )	-2.80924 1.0673958589569903 -1.6034415803422937 -2.899207762812357 -5.333099650122961
112	(   5.0800000000000000711   -2.5800000000000000711    2.6499999999999999112  -14.349999999999999645   -10.349999999999999645     5.3899999999999996803   10.300000000000000711   )	34.73196 1.0673958589569903 -5.259635912623881 0.10079223718764307 0.9767411819109544
113	(   7.0800000000000000711   -3.5800000000000000711    2.6499999999999999112  -14.349999999999999645    -8.3499999999999996447    5.3899999999999996803   10.300000000000000711   )	67.16796 3.0673958589569903 -6.828670521867895 0.10079223718764307 0.9767411819109544
114	(   5.0800000000000000711   -3.5800000000000000711    2.6499999999999999112  -14.349999999999999645    -8.3499999999999996447    5.3899999999999996803   12.300000000000000711   )	48.19396 1.0673958589569903 -6.828670521867895 0.10079223718764307 2.7211049729033303
115	(   5.0800000000000000711    2.4199999999999999289    0.6500000000000000222  -14.349999999999999645   -10.349999999999999645     5.3899999999999996803   12.300000000000000711   )	-7.99084 1.0673958589569903 -0.25963591262388075 -1.899207762812357 10.721104972903332
116	(   7.0800000000000000711    2.4199999999999999289    0.6500000000000000222  -14.349999999999999645   -10.349999999999999645     5.3899999999999996803   10.300000000000000711   )	-11.136840000000001 3.0673958589569903 -0.25963591262388075 -1.899207762812357 8.976741181910956
117	(   7.0800000000000000711    0.41999999999999998446   3.6499999999999999112  -14.349999999999999645    -9.3499999999999996447    5.3899999999999996803   11.300000000000000711   )	-10.853639999999999 3.0673958589569903 0.39655841965770633 1.100792237187643 8.66690034987704
118	(   6.0800000000000000711   -5.5800000000000000711    0.6500000000000000222  -14.349999999999999645    -9.3499999999999996447    5.3899999999999996803   11.300000000000000711   )	22.05216 2.0673958589569903 -5.6034415803422934 -1.899207762812357 -10.33309965012296
119	(   7.0800000000000000711    1.4199999999999999289    0.6500000000000000222  -14.349999999999999645    -8.3499999999999996447    5.3899999999999996803   12.300000000000000711   )	-6.53484 3.0673958589569903 -1.8286705218678954 -1.899207762812357 10.721104972903332
120	(   6.0800000000000000711    4.4199999999999999289    2.6499999999999999112  -14.349999999999999645    -9.3499999999999996447    5.3899999999999996803   11.300000000000000711   )	-71.21504 2.0673958589569903 4.3965584196577066 0.10079223718764307 13.66690034987704
121	(   6.0800000000000000711   -1.5800000000000000711    1.6499999999999999112  -13.849999999999999645    -9.1999999999999992895    5.3899999999999996803   11.150000000000000355   )	15.85056 2.2169358142026376 -1.7886556379919862 -0.8992077628123569 -0.8096599678409664
122	(   5.5800000000000000711   -0.57999999999999996003   1.6499999999999999112  -14.349999999999999645    -9.3499999999999996447    5.3899999999999996803   11.300000000000000711   )	5.340059999999999 1.5673958589569903 -0.6034415803422936 -0.8992077628123569 1.1669003498770394
123	(   4.5800000000000000711   -0.57999999999999996003   1.6499999999999999112  -14.349999999999999645    -9.3499999999999996447    5.3899999999999996803   11.300000000000000711   )	4.3830599999999995 0.5673958589569903 -0.6034415803422936 -0.8992077628123569 0.1669003498770394
124	(   1.5800000000000000711   -0.57999999999999996003   1.6499999999999999112  -14.349999999999999645    -9.3499999999999996447    5.3899999999999996803   11.300000000000000711   )	1.51206 -2.4326041410430097 -0.6034415803422936 -0.8992077628123569 -2.8330996501229606
125	(   5.5800000000000000711   -0.57999999999999996003   1.6499999999999999112  -14.349999999999999645    -9.3499999999999996447    4.3899999999999996803   11.300000000000000711   )	5.340059999999999 1.5673958589569903 -0.6034415803422936 -2.128389797452652 1.1669003498770394
126	(   3.5800000000000000711   -0.57999999999999996003   1.6499999999999999112  -13.349999999999999645    -9.3499999999999996447    5.3899999999999996803   11.300000000000000711   )	3.4260599999999997 1.487428851083311 -0.6034415803422936 -0.8992077628123569 -0.8330996501229606
127	(   2.5800000000000000711    0.41999999999999998446   0.6500000000000000222  -14.349999999999999645    -9.3499999999999996447    5.3899999999999996803   11.300000000000000711   )	-0.70434 -1.4326041410430097 0.39655841965770633 -1.899207762812357 -1.8330996501229606
128	(   3.5800000000000000711    0.41999999999999998446   2.6499999999999999112  -15.349999999999999645    -9.3499999999999996447    4.3899999999999996803   11.300000000000000711   )	-3.98454 3.064419474640715 0.39655841965770633 -1.1283897974526522 3.1669003498770385
129	(   4.5800000000000000711   -0.57999999999999996003   1.6499999999999999112  -14.349999999999999645    -8.3499999999999996447    5.3899999999999996803   11.300000000000000711   )	4.3830599999999995 0.5673958589569903 -3.8286705218678954 -0.8992077628123569 0.1669003498770394
130	(   3.5800000000000000711   -0.57999999999999996003   1.6499999999999999112  -14.349999999999999645    -9.3499999999999996447    6.3899999999999996803   11.300000000000000711   )	3.4260599999999997 -0.4326041410430097 -0.6034415803422936 1.6022625763462148 -0.8330996501229606
131	(   4.5800000000000000711   -0.57999999999999996003   1.6499999999999999112  -14.349999999999999645   -10.349999999999999645     5.3899999999999996803   11.300000000000000711   )	4.3830599999999995 0.5673958589569903 -3.2596359126238807 -0.8992077628123569 0.1669003498770394
132	(   5.5800000000000000711   -0.57999999999999996003   1.6499999999999999112  -15.349999999999999645    -9.3499999999999996447    5.3899999999999996803   11.300000000000000711   )	5.340059999999999 5.064419474640715 -0.6034415803422936 -0.8992077628123569 1.1669003498770394
133	(   4.5800000000000000711   -0.57999999999999996003   1.6499999999999999112  -14.349999999999999645    -9.3499999999999996447    5.3899999999999996803   10.300000000000000711   )	4.3830599999999995 0.5673958589569903 -0.6034415803422936 -0.8992077628123569 2.4767411819109544
134	(   4.5800000000000000711   -0.57999999999999996003   1.6499999999999999112  -14.349999999999999645    -9.3499999999999996447    5.3899999999999996803   12.300000000000000711   )	4.3830599999999995 0.5673958589569903 -0.6034415803422936 -0.8992077628123569 6.22110497290333
135	(   5.5800000000000000711   -1.5800000000000000711    0.6500000000000000222  -13.349999999999999645    -9.3499999999999996447    6.3899999999999996803   11.300000000000000711   )	5.73066 3.487428851083311 -1.6034415803422937 0.602262576346215 -2.8330996501229606
136	(   6.5800000000000000711   -1.5800000000000000711    2.6499999999999999112  -14.349999999999999645    -9.3499999999999996447    5.3899999999999996803   11.300000000000000711   )	27.550459999999998 2.5673958589569903 -1.6034415803422937 0.10079223718764307 2.1669003498770385
137	(   5.5800000000000000711    1.4199999999999999289    1.6499999999999999112  -14.349999999999999645    -9.3499999999999996447    5.3899999999999996803   11.300000000000000711   )	-13.073939999999999 1.5673958589569903 1.3965584196577063 -0.8992077628123569 5.1669003498770385
138	(   3.5800000000000000711   -2.5800000000000000711    1.6499999999999999112  -14.349999999999999645    -9.3499999999999996447    5.3899999999999996803   11.300000000000000711   )	15.240059999999998 -0.4326041410430097 -2.603441580342294 -0.8992077628123569 -4.833099650122961
139	(   4.5800000000000000711   -0.57999999999999996003   1.7800000000000000266  -14.330000000000000071    -9.3699999999999992184    5.8899999999999996803   11.380000000000000782   )	4.7283919999999995 0.5342490729705576 -0.5925900247330577 1.1634795225962646 0.7926448657510372
140	(   4.5800000000000000711   -0.57999999999999996003   1.6299999999999998934  -13.849999999999999645    -9.3499999999999996447    5.4000000000000003553   11.289999999999999147   )	4.3299319999999994 0.7169358142026376 -0.6034415803422936 -0.878092803556203 0.08631504814034052
141	(   4.5800000000000000711   -0.57999999999999996003   1.7800000000000000266  -14.330000000000000071    -9.3699999999999992184    5.3099999999999996092   10.800000000000000711   )	4.7283919999999995 0.5342490729705576 -0.5925900247330577 -1.0902943799871496 0.051901610309161406
142	(   4.5800000000000000711   -0.57999999999999996003   1.6200000000000001066  -14.349999999999999645    -9.8499999999999996447    5.4100000000000001421   11.279999999999999361   )	4.303368 0.5673958589569903 -1.2947361479157298 -0.8468146126197942 0.026927180469125567
143	(   4.5800000000000000711   -0.57999999999999996003   1.6799999999999999378  -14.349999999999999645    -8.8499999999999996447    5.3700000000000001066   11.320000000000000284   )	4.462751999999999 0.5673958589569903 -1.8213252472623522 -0.9508822764102958 0.31159784876414864
144	(   4.5800000000000000711   -0.57999999999999996003   1.5200000000000000178  -14.369999999999999218    -9.3300000000000000711    4.8899999999999996803   11.220000000000000639   )	4.0377279999999995 0.6036024035686363 -0.6176151864474781 -2.5488955027190356 -0.3834059560078451
145	(   4.5800000000000000711   -0.57999999999999996003   1.6699999999999999289  -14.849999999999999645    -9.3499999999999996447    5.3799999999999998934   11.310000000000000497   )	4.436188 2.176295330560381 -0.6034415803422936 -0.9201430449527406 0.24866685209964334
146	(   4.5800000000000000711   -0.57999999999999996003   1.5200000000000000178  -14.369999999999999218    -9.3300000000000000711    5.4699999999999997513   11.800000000000000711   )	4.0377279999999995 0.6036024035686363 -0.6176151864474781 -0.6966459387178237 2.996965288851173
147	(   3.5800000000000000711   -0.57999999999999996003   1.2199999999999999734  -14.310000000000000497    -9.3900000000000005684    5.2199999999999997513   11.470000000000000639   )	2.533208 -0.4957849266040224 -0.5850778797938695 -1.98760573112478 -0.8374211078079608
148	(   3.5800000000000000711   -1.5800000000000000711    1.8100000000000000533  -14.330000000000000071    -9.3699999999999992184    5.2999999999999998224   11.390000000000000568   )	10.238084 -0.46575092702944243 -1.5925900247330578 -1.0992102006208424 -2.096778683112303
149	(   5.5800000000000000711   -0.57999999999999996003   2.0800000000000000711  -14.390000000000000568    -9.3100000000000004974    5.5599999999999996092   11.130000000000000782   )	6.731712 1.642810784057771 -0.6350881683023845 0.2406203027589786 1.5093241619608655
150	(   5.5800000000000000711    0.41999999999999998446   1.4899999999999999911  -14.369999999999999218    -9.3300000000000000711    5.4800000000000004263   11.210000000000000853   )	-3.491964 1.6036024035686363 0.38238481355252174 -0.6846902477679546 2.526001753215737
151	(   4.5800000000000000711   -1.5800000000000000711    1.1499999999999999112  -14.410000000000000142    -9.2799999999999993605    5.6699999999999999289   11.019999999999999574   )	8.321860000000001 0.6849582753796124 -1.6674213908811528 -0.24092203548548508 -3.475705223130424
152	(   4.5800000000000000711    0.41999999999999998446   2.1499999999999999112  -14.289999999999999147    -9.4199999999999999289    5.1100000000000003197   11.580000000000000071   )	-4.13574 0.47734190822565736 0.4199041193113428 -1.4202651104138573 4.7116476793332
153	(   4.5999999999999996447   -0.44000000000000000222   1.6499999999999999112  -14.400000000000000355    -9.4100000000000001421    5.5899999999999998579   11.259999999999999787   )	3.3396 0.6835212460776035 -0.4409171633541277 -0.06489776816294435 0.3118062805514432
154	(   4.6600000000000001421   -0.44000000000000000222   1.6499999999999999112  -14.550000000000000711    -9.5899999999999998579    6.1900000000000003908   11.140000000000000568   )	3.38316 1.1360582083264266 -0.5536134655854145 1.6136347361387533 0.029141948455054134
155	(   4.4800000000000004263   -0.44000000000000000222   1.5900000000000000799  -13.900000000000000355    -9.6199999999999992184    5.6100000000000003197   11.189999999999999503   )	3.1342080000000005 0.5118459523739629 -0.5980457161265466 -0.04265232219984805 -0.15124244869552506
156	(   4.4800000000000004263   -0.44000000000000000222   1.4099999999999999201  -12.900000000000000355   -10.619999999999999218     5.6100000000000003197   11.189999999999999503   )	2.779392 4.029594065188105 -4.074901493485918 -0.2226523221998482 -0.5112424486955263
157	(   3.4799999999999999822    0.56000000000000005329   1.6399999999999999023  -13.900000000000000355    -9.6199999999999992184    5.6100000000000003197   11.189999999999999503   )	-3.1960319999999998 -0.48815404762603753 0.40195428387345356 0.007347677800151775 0.9487575513044728
158	(   4.4800000000000004263   -0.44000000000000000222   2.0899999999999998579  -13.900000000000000355    -9.6199999999999992184    5.6100000000000003197   11.189999999999999503   )	4.119808 0.5118459523739629 -0.5980457161265466 0.45734767780015173 0.8487575513044741
159	(   4.4800000000000004263   -0.44000000000000000222   1.5700000000000000622  -13.900000000000000355    -9.6199999999999992184    5.6100000000000003197   10.189999999999999503   )	3.0947840000000006 0.5118459523739629 -0.5980457161265466 -0.06265232219984807 3.2852286737756033
160	(   4.4800000000000004263   -0.44000000000000000222   1.0900000000000000799  -13.900000000000000355    -9.6199999999999992184    5.6100000000000003197   11.189999999999999503   )	2.1486080000000003 0.5118459523739629 -0.5980457161265466 -0.542652322199848 -1.151242448695525
161	(   5.4800000000000004263   -0.44000000000000000222   1.5600000000000000533  -13.900000000000000355    -9.6199999999999992184    6.6100000000000003197   11.189999999999999503   )	3.761472 1.511845952373963 -0.5980457161265466 1.1271524212199429 0.7887575513044744
162	(   4.4800000000000004263   -0.44000000000000000222   1.5800000000000000711  -13.900000000000000355    -8.6199999999999992184    5.6100000000000003197   11.189999999999999503   )	3.1144960000000004 0.5118459523739629 -2.6213747704203008 -0.052652322199848056 -0.17124244869552552
163	(   3.4799999999999999822   -0.44000000000000000222   1.6200000000000001066  -12.900000000000000355    -9.6199999999999992184    5.6100000000000003197   11.189999999999999503   )	2.480544 3.029594065188104 -0.5980457161265466 -0.01265232219984802 -1.0912424486955263
164	(   3.4799999999999999822   -0.44000000000000000222   1.6200000000000001066  -13.900000000000000355    -9.6199999999999992184    4.6100000000000003197   11.189999999999999503   )	2.480544 -0.48815404762603753 -0.5980457161265466 -2.536122936588316 -1.0912424486955263
165	(   5.4800000000000004263   -1.4399999999999999467    1.5400000000000000355  -13.900000000000000355    -9.6199999999999992184    5.6100000000000003197   11.189999999999999503   )	12.152448000000001 1.511845952373963 -1.5980457161265464 -0.09265232219984809 -1.2512424486955256
166	(   4.4800000000000004263   -0.44000000000000000222   1.6000000000000000888  -13.900000000000000355   -10.619999999999999218     5.6100000000000003197   11.189999999999999503   )	3.1539200000000007 0.5118459523739629 -4.074901493485918 -0.03265232219984804 -0.13124244869552548
167	(   5.4800000000000004263   -0.44000000000000000222   1.5600000000000000533  -14.900000000000000355    -9.6199999999999992184    5.6100000000000003197   11.189999999999999503   )	3.761472 3.2852587290165265 -0.5980457161265466 -0.07265232219984807 0.7887575513044744
168	(   4.4800000000000004263   -1.4399999999999999467    1.6699999999999999289  -14.900000000000000355    -9.6199999999999992184    6.6100000000000003197   10.189999999999999503   )	10.773503999999999 2.2852587290165265 -1.5980457161265464 1.2371524212199427 1.4852286737756035
169	(   4.4800000000000004263   -0.44000000000000000222   1.6100000000000000977  -13.900000000000000355    -9.6199999999999992184    5.6100000000000003197   12.189999999999999503   )	3.1736320000000005 0.5118459523739629 -0.5980457161265466 -0.02265232219984803 5.8473433398167955
170	(   4.4800000000000004263    0.56000000000000005329   1.5100000000000000089  -12.900000000000000355    -9.6199999999999992184    4.6100000000000003197   12.189999999999999503   )	-3.7882880000000005 4.029594065188105 0.40195428387345356 -2.6461229365883163 7.647343339816796
171	(   4.1200000000000001066   -0.44000000000000000222   1.4099999999999999201  -12.400000000000000355   -10.25                     5.6699999999999999289   10.980000000000000426   )	2.5560479999999997 4.004816079711159 -2.707083491284934 0.019077964514514933 -1.138253720479887
172	(   3.9799999999999999822   -0.5                      1.6200000000000001066  -13.980000000000000426    -9.5399999999999991473    5.7400000000000002132   11.109999999999999432   )	3.2238 -0.11710533860165073 -0.5555133759013742 0.4979704720289637 -0.8861393672678028
173	(   4.5499999999999998224    0.05999999999999999778   1.6299999999999998934  -14.019999999999999574    -9.5                      5.7999999999999998224   11.080000000000000071   )	-0.44498999999999994 0.40739462457105446 0.03627969819200543 0.7234082225127445 0.781197632555358
174	(   4.3799999999999998934   -0.30999999999999999778   1.5200000000000000178  -13.720000000000000639    -9.8000000000000007105    5.3200000000000002842   10.689999999999999503   )	2.063856 0.869490218676733 -0.8740891991444568 -1.3110704518719132 0.2516378143151332
175	(   4.3899999999999996803   -0.32000000000000000666   1.7900000000000000355  -13.730000000000000426    -9.7899999999999991473    5.3300000000000000711   11.349999999999999645   )	2.514592 0.8486587164794201 -0.8557558084824399 -1.001554105323407 0.9972037996297969
176	(   4.5700000000000002842   -0.56000000000000005329   1.3899999999999999023  -14.070000000000000284    -9.4499999999999992895    5.8899999999999996803   11.029999999999999361   )	3.5572880000000007 0.3889193948703564 -0.5626712687886466 0.7734795225962645 -0.9614704366727382
177	(   4.3799999999999998934   -0.2999999999999999889    1.5200000000000000178  -13.710000000000000853    -9.1199999999999992184    5.3099999999999996092   11.369999999999999218   )	1.9972799999999997 0.9008859059800294 -0.6782050962528878 -1.3502943799871496 0.5831033221704578
178	(   4.4100000000000001421   -0.93999999999999994671   1.5500000000000000444  -13.779999999999999361    -9.7400000000000002132    5.4199999999999999289   11.300000000000000711   )	6.425369999999999 0.7233874367635531 -1.343691815486281 -0.8753897007291347 -0.9230996501229596
179	(   4.9800000000000004263   -0.38000000000000000444   1.5600000000000000533  -13.820000000000000284    -9.6999999999999992895    5.4800000000000004263   11.269999999999999574   )	2.952144 1.1885200478715814 -0.690186119882525 -0.6146902477679546 0.6687525014852937
180	(   4.5800000000000000711   -0.56999999999999995115   1.6599999999999999201  -14.080000000000000071    -9.4399999999999995026    5.9000000000000003553   11.689999999999999503   )	4.333595999999999 0.39371090269469367 -0.5709731088456999 1.0729082058807613 2.5086062328128245
181	(   4.5800000000000000711   -0.57999999999999996003   1.6599999999999999201  -14.089999999999999858   -10.119999999999999218     5.9100000000000001421   11.009999999999999787   )	4.409623999999999 0.38933689834113583 -2.3033101488124346 1.1017317460547433 -0.45850177544095594
182	(   4.7599999999999997868   -0.81000000000000005329   1.7800000000000000266  -14.400000000000000355    -9.1300000000000007816    5.2999999999999998224   10.710000000000000853   )	6.8629679999999995 0.8435212460776036 -1.1645059032776441 -1.1292102006208424 0.0713897967260948
183	(   4.2000000000000001776   -0.07000000000000000666   1.3999999999999999112  -13.400000000000000355   -10.109999999999999432     5.9199999999999999289   11.669999999999999929   )	0.4116 1.8977428746239027 -1.75206945490884 0.8699386140864531 2.467541957714234
184	(   4.3700000000000001066   -0.2999999999999999889    1.5200000000000000178  -14.400000000000000355    -9.8100000000000004974    5.2999999999999998224   11.369999999999999218   )	1.99272 0.4535212460776039 -0.8930369336482737 -1.3892102006208424 0.573103322170458
185	(   4.5899999999999998579   -0.57999999999999996003   1.6599999999999999201  -13.400000000000000355    -9.4299999999999997158    5.9199999999999999289   11.009999999999999787   )	4.419251999999999 2.2877428746239024 -0.5801145316725629 1.1299386140864531 -0.44850177544095615
186	(   4.3899999999999996803   -0.44000000000000000222   1.5400000000000000355  -13.929999999999999716    -9.4199999999999999289    5.7199999999999997513   11.240000000000000213   )	2.9746639999999998 0.36769215226801233 -0.4400958806886572 0.34287284765658965 -0.18834217246108587
187	(   4.1200000000000001066   -0.44000000000000000222   1.3899999999999999023  -14.019999999999999574    -8.8200000000000002842    6.0499999999999998224   11.390000000000000568   )	2.519792 -0.02260537542894525 -1.797786808046392 1.1657328341695772 -0.11677868311230366
188	(   3.8900000000000001243   -0.53000000000000002665   1.5800000000000000711  -13.810000000000000497    -9.4499999999999992895    5.7900000000000000355   11.310000000000000497   )	3.257486 0.12374759985609307 -0.5326712687886466 0.6386130517094937 -0.5213331479003562
189	(   4.3700000000000001066   -0.40999999999999997558   1.5300000000000000266  -13.960000000000000853    -9.9199999999999999289    5.7000000000000001776   11.220000000000000639   )	2.741301 0.3004565845705338 -1.3585310547413152 0.2563308193305711 -0.23340595600784475
190	(   4.8899999999999996803   -0.3499999999999999778    1.5                    -14.050000000000000711    -9.3900000000000005684    5.6500000000000003553   11.169999999999999929   )	2.5672499999999996 0.7218311764275986 -0.35507787979386946 0.029465220881731202 0.2068426266839749
191	(   4.4599999999999999645   -0.51000000000000000888   1.5700000000000000622  -13.839999999999999858    -9.4399999999999995026    5.7800000000000002487   10.740000000000000213   )	3.571122 0.6201044722524953 -0.5109731088456999 0.5933544511335271 -0.15985960586681358
192	(   4.5300000000000002487   -0.5999999999999999778    1.6100000000000000977  -14.429999999999999716    -9.4700000000000006395    5.8399999999999998579   11.359999999999999432   )	4.37598 0.6799774505390346 -0.6085832844684019 0.8376791527638983 0.26461650210286614
193	(   4.4599999999999999645   -0.52000000000000001776   1.5700000000000000622  -13.839999999999999858    -9.4399999999999995026    5.2199999999999997513   11.300000000000000711   )	3.641144 0.6201044722524953 -0.5209731088456999 -1.6376057311247798 0.006900349877040135
194	(   4.2800000000000002487   -0.30999999999999999778   1.7399999999999999911  -14.089999999999999858    -9.3800000000000007816    5.6299999999999998934   11.150000000000000355   )	2.308632 0.089336898341136 -0.31841564933704036 0.1888454671742852 0.11034003215903443
195	(   4.2800000000000002487    0.08000000000000000167   2.3399999999999998579  -14.089999999999999858    -9.2599999999999997868    5.6299999999999998934   11.150000000000000355   )	-0.801216 0.089336898341136 -0.033009083381693144 0.788845467174285 2.090340032159035
196	(   4.2800000000000002487   -0.40999999999999997558   1.6499999999999999112  -14.089999999999999858    -9.8800000000000007816    5.6299999999999998934   11.150000000000000355   )	2.8954199999999997 0.089336898341136 -1.221870316507469 0.0988454671742851 -0.26965996784096635
197	(   4.2800000000000002487   -0.20999999999999999223   1.8300000000000000711  -14.089999999999999858    -8.8800000000000007816    5.6299999999999998934   11.150000000000000355   )	1.6448040000000002 0.089336898341136 -1.3379539883307052 0.27884546717428527 0.4903400321590343
198	(   4.2800000000000002487   -0.14000000000000001332   1.2399999999999999911  -15.089999999999999858    -9.25                     5.6299999999999998934   11.150000000000000355   )	0.7430080000000001 2.8701570121625726 -0.2669977231286625 -0.3111545328257148 -0.5496599678409657
199	(   3.2799999999999998046   -0.46999999999999997335   1.6000000000000000888  -14.089999999999999858    -9.3399999999999998579    5.6299999999999998934   11.150000000000000355   )	2.46656 -0.9106631016588644 -0.5001144200779547 0.048845467174285284 -1.489659967840966
200	(   4.2800000000000002487   -0.11999999999999999556   1.9099999999999999201  -14.089999999999999858    -9.4299999999999997158    4.6299999999999998934   11.150000000000000355   )	0.9809760000000001 0.089336898341136 -0.12011453167256288 -2.261555083131806 0.8303400321590333
201	(   4.2800000000000002487    0.02000000000000000042   2.0400000000000000355  -15.089999999999999858    -9.4600000000000008527    5.6299999999999998934   11.150000000000000355   )	-0.17462400000000003 2.8701570121625726 0.014791667739931933 0.48884546717428523 1.3703400321590342
202	(   5.2800000000000002487   -0.14999999999999999445   1.8799999999999998934  -14.089999999999999858    -9.4199999999999999289    5.6299999999999998934   11.150000000000000355   )	1.48896 1.089336898341136 -0.15009588068865717 0.3288454671742851 1.710340032159034
203	(   4.2800000000000002487   -0.81000000000000005329   1.9899999999999999911  -15.089999999999999858    -9.2599999999999997868    5.6299999999999998934   11.150000000000000355   )	6.898932000000001 2.8701570121625726 -0.9230090833816932 0.4388454671742852 -0.38965996784096557
204	(   4.2800000000000002487   -0.47999999999999998224   2.2400000000000002132  -13.089999999999999858    -9.5099999999999997868    5.6299999999999998934   11.150000000000000355   )	4.601856000000001 3.229888659919774 -0.5104299670640027 0.6888454671742854 0.7703400321590346
205	(   4.2800000000000002487   -0.5                      1.5700000000000000622  -14.089999999999999858    -9.3300000000000000711    6.6299999999999998934   11.150000000000000355   )	3.3598000000000003 0.089336898341136 -0.5376151864474782 1.0847544732961714 -0.6096599678409662
206	(   4.2800000000000002487   -0.64000000000000001332   1.4399999999999999467  -13.089999999999999858    -9.3000000000000007105    5.6299999999999998934   11.150000000000000355   )	3.9444480000000004 3.229888659919774 -0.7050533948279953 -0.11115453282571486 -1.1496599678409662
207	(   4.2800000000000002487    0.19000000000000000222   1.4899999999999999911  -13.089999999999999858    -9.5                      5.6299999999999998934   11.150000000000000355   )	-1.211668 3.229888659919774 0.16627969819200544 -0.061154532825714814 0.6103400321590344
208	(   4.2800000000000002487   -0.26000000000000000888   1.7800000000000000266  -14.089999999999999858    -9.3900000000000005684    5.6299999999999998934   10.150000000000000355   )	1.980784 0.089336898341136 -0.2650778797938695 0.22884546717428522 4.152222894152737
209	(   4.2800000000000002487   -0.35999999999999998668   1.6999999999999999556  -14.089999999999999858    -9.3699999999999992184    5.6299999999999998934   12.150000000000000355   )	2.61936 0.089336898341136 -0.37259002473305763 0.14884546717428515 5.7822613979460495
210	(   3.9500000000000001776    0.08000000000000000167   2.3399999999999998579  -14.570000000000000284    -9.2599999999999997868    5.3600000000000003197   10.880000000000000782   )	-0.73944 0.4889207151224624 -0.033009083381693144 -0.33140916203562254 1.6857459473741612
211	(   3.7799999999999998046   -0.28000000000000002665   1.7099999999999999645  -14.259999999999999787    -9.3499999999999996447    5.5300000000000002487   11.130000000000000782   )	1.809864 -0.35694863125784826 -0.3034415803422937 -0.2547995779728742 -0.4306758380391349
212	(   4.3600000000000003197   -0.27000000000000001776   1.6899999999999999467  -14.339999999999999858    -9.5800000000000000711    5.4800000000000004263   11.130000000000000782   )	1.9894680000000005 0.3304365661405866 -0.37038418736322265 -0.48469024776795466 0.1293241619608656
213	(   4.3600000000000003197   -0.51000000000000000888   1.6899999999999999467  -14.339999999999999858    -9.3399999999999998579    5.4800000000000004263   11.130000000000000782   )	3.7578840000000002 0.3304365661405866 -0.5401144200779547 -0.48469024776795466 -0.35067583803913394
214	(   4.2000000000000001776   -0.3499999999999999778    1.7900000000000000355  -13.839999999999999858    -9.1799999999999997158    5.7800000000000002487   11.169999999999999929   )	2.6313 0.36010447225249553 -0.5966622905117693 0.8133544511335271 0.09684262668397547
215	(   4.3799999999999998934   -0.26000000000000000888   1.9399999999999999467  -14.400000000000000355    -9.3300000000000000711    5.4500000000000001776   11.119999999999999218   )	2.209272 0.4635212460776037 -0.2976151864474782 -0.36040058710199663 0.6508945995268274
216	(   4.2699999999999995737   -0.32000000000000000666   1.75                   -14.050000000000000711    -9.3900000000000005684    5.6600000000000001421   10.650000000000000355   )	2.3911999999999995 0.10183117642759854 -0.3250778797938695 0.3194054693293453 0.7561481756291517
217	(   4.1799999999999997158   -0.35999999999999998668   1.5400000000000000355  -13.779999999999999361    -9.4299999999999997158    5.8099999999999996092   11.179999999999999716   )	2.317392 0.4933874367635527 -0.36011453167256285 0.6677260459388878 -0.4178714629128466
218	(   4.2000000000000001776   -0.11000000000000000056   1.7900000000000000355  -13.839999999999999858    -9.4199999999999999289    5.7800000000000002487   11.169999999999999929   )	0.82698 0.36010447225249553 -0.11009588068865717 0.8133544511335271 0.5768426266839759
219	(   4.1399999999999996803   -0.38000000000000000444   1.8300000000000000711  -13.650000000000000355    -9.4499999999999992895    5.1299999999999998934   11.189999999999999503   )	2.878956 0.8603895206495848 -0.3826712687886466 -1.679127445339033 0.10875755130447384
220	(   4.7800000000000002487   -0.34000000000000002442   1.7700000000000000178  -13.919999999999999929    -9.4100000000000001421    5.7300000000000004263   11.169999999999999929   )	2.8766040000000004 0.7749838449841331 -0.3409171633541277 0.6106097755272353 0.656842626683976
221	(   4.0099999999999997868   -0.4500000000000000111    1.9099999999999999201  -14.109999999999999432    -9.5199999999999995737    6.1299999999999998934   11.230000000000000426   )	3.446595 -0.18690098320977366 -0.48796743273928606 1.8122123882981176 0.11848365390613935
222	(   4.5499999999999998224   -0.17000000000000001221   1.5700000000000000622  -14.070000000000000284    -9.2400000000000002132    5.1299999999999998934   11.070000000000000284   )	1.2143950000000001 0.36891939487035597 -0.31177553748003406 -1.939127445339033 0.18980856018630465
223	(   4.4199999999999999289   -0.23999999999999999112   1.6499999999999999112  -14.529999999999999361    -9.3100000000000004974    6.1299999999999998934   11.109999999999999432   )	1.7503199999999999 0.835473704639015 -0.2950881683023845 1.5522123882981176 0.13386063273219673
224	(   4.2900000000000000355   -0.2999999999999999889    1.7299999999999999822  -14.130000000000000782    -9.3699999999999992184    5.5999999999999996447   11.650000000000000355   )	2.2265099999999998 0.09021572949743462 -0.31259002473305764 0.056310214019375415 2.6177454464345997
225	(   4.2800000000000002487   -0.30999999999999999778   1.6399999999999999023  -14.130000000000000782    -9.3599999999999994316    5.6200000000000001066   11.199999999999999289   )	2.1759519999999997 0.08021572949743483 -0.3275993362874191 0.048198208741023985 0.036719018085298316
226	(   4.2800000000000002487   -0.30999999999999999778   1.3400000000000000799  -14.25                    -9.3000000000000007105    5.5899999999999998579   11.349999999999999645   )	1.7779120000000002 0.1332449209866189 -0.3750533948279953 -0.3748977681629442 0.00720379962979667
227	(   4.0800000000000000711   -0.30999999999999999778   1.6399999999999999023  -14.130000000000000782    -9.3599999999999994316    5.6200000000000001066   11.189999999999999503   )	2.0742719999999997 -0.11978427050256535 -0.3275993362874191 0.048198208741023985 -0.19124244869552598
228	(   4.4800000000000004263   -0.30999999999999999778   1.6399999999999999023  -14.130000000000000782    -9.3599999999999994316    5.6200000000000001066   11.210000000000000853   )	2.277632 0.280215729497435 -0.3275993362874191 0.048198208741023985 0.26600175321573705
229	(   4.2800000000000002487   -0.40999999999999997558   1.7600000000000000089  -14.160000000000000142    -9.4700000000000006395    5.6200000000000001066   10.769999999999999574   )	3.088448 0.08218928352067678 -0.41858328446840193 0.1681982087410241 0.14019109547992503
230	(   4.2800000000000002487   -0.25                     1.4399999999999999467  -14.160000000000000142    -9.4900000000000002132    5.6200000000000001066   10.699999999999999289   )	1.5408 0.08218928352067678 -0.267841120747903 -0.15180179125897597 0.07091600864930925
231	(   4.2800000000000002487   -0.07000000000000000666   0.83999999999999996891 -14.25                    -9.8800000000000007816    5.6200000000000001066    9.6999999999999992895  )	0.251664 0.1332449209866189 -0.881870316507469 -0.751801791258976 5.288252365915672
232	(   4.1900000000000003908   -0.16000000000000000333   1.4399999999999999467  -13.660000000000000142    -9.4800000000000004263    5.5999999999999996447   10.699999999999999289   )	0.9653760000000001 0.8758799795282775 -0.172794775477764 -0.23368978598062462 0.1609160086493091
233	(   4.2900000000000000355   -0.26000000000000000888   1.4399999999999999467  -14.150000000000000355    -8.9900000000000002132    5.6200000000000001066   10.699999999999999289   )	1.6061759999999998 0.0906916491073595 -1.0051515981027572 -0.15180179125897597 0.06091600864930946
234	(   4.25                    -0.22000000000000000111   1.4399999999999999467  -14.199999999999999289    -9.4900000000000002132    5.8200000000000002842   10.699999999999999289   )	1.3464 0.06655976196465385 -0.237841120747903 0.6015527953161208 0.10091600864930861
235	(   4.3099999999999996092   -0.28000000000000002665   1.4399999999999999467  -14.119999999999999218    -9.4900000000000002132    5.4199999999999999289   10.699999999999999289   )	1.737792 0.11123763466232539 -0.29784112074790303 -0.9853897007291348 0.04091600864930811
236	(   4.2800000000000002487   -0.25                     1.9399999999999999467  -14.160000000000000142    -9.4900000000000002132    5.6200000000000001066   10.699999999999999289   )	2.0758 0.08218928352067678 -0.267841120747903 0.34819820874102403 1.0709160086493092
237	(   4.3700000000000001066   -0.34000000000000002442   1.4399999999999999467  -14.660000000000000142    -9.5                      5.6399999999999996803   10.699999999999999289   )	2.139552 1.2172160856943774 -0.3637203018079946 -0.070726805261482 -0.01908399135069061
238	(   4.2699999999999995737   -0.23999999999999999112   1.4399999999999999467  -14.169999999999999929    -9.9900000000000002132    5.6200000000000001066   10.699999999999999289   )	1.475712 0.07452601425014915 -1.4448579146097837 -0.15180179125897597 0.08091600864930903
239	(   4.2800000000000002487   -0.25                     0.93999999999999994671 -14.160000000000000142    -9.4900000000000002132    5.6200000000000001066   10.699999999999999289   )	1.0058 0.08218928352067678 -0.267841120747903 -0.651801791258976 -0.9290839913506908
240	(   4.2300000000000004263   -0.4500000000000000111    1.4399999999999999467  -13.929999999999999716    -9.5099999999999997868    5.6600000000000001421   11.699999999999999289   )	2.7410400000000004 0.20769215226801307 -0.4804299670640027 0.009405469329345273 2.0295433284329203
241	(   4.1799999999999997158   -0.14999999999999999445   1.4399999999999999467  -14.279999999999999361    -9.4800000000000004263    5.5999999999999996447   11.699999999999999289   )	0.9028799999999998 0.06510427279546427 -0.162794775477764 -0.23368978598062462 2.5795433284329192
242	(   4.4800000000000004263   -0.2000000000000000111    1.4399999999999999467  -13.929999999999999716    -9.5099999999999997868    5.6600000000000001421   11.699999999999999289   )	1.29024 0.4576921522680131 -0.2304299670640027 0.009405469329345273 2.7795433284329194
243	(   4.3799999999999998934   -0.3499999999999999778    1.4399999999999999467  -14.039999999999999147    -9.5                      5.6399999999999996803    9.6999999999999992895  )	2.2075199999999997 0.21952930126871273 -0.37372030180799454 -0.070726805261482 6.028252365915671
244	(   4.0800000000000000711   -0.2999999999999999889    1.4399999999999999467  -14.390000000000000568    -9.4700000000000006395    5.5800000000000000711    9.6999999999999992895  )	1.76256 0.14281078405777103 -0.30858328446840194 -0.3162597861033709 5.828252365915671
245	(   4.3300000000000000711   -0.05000000000000000278   1.4399999999999999467  -14.390000000000000568    -9.4700000000000006395    5.5800000000000000711    9.6999999999999992895  )	0.31176000000000004 0.39281078405777103 -0.05858328446840194 -0.3162597861033709 6.578252365915672
246	(   4.2800000000000002487   -0.07000000000000000666   0.83999999999999996891 -14.25                    -9.8800000000000007816    5.6200000000000001066    9.1999999999999992895  )	0.251664 0.1332449209866189 -0.881870316507469 -0.751801791258976 5.462304620585167
247	(   4.3200000000000002842   -0.22000000000000000111   1.3700000000000001066  -14.220000000000000639    -9.2899999999999991473    5.6299999999999998934   10.640000000000000568   )	1.302048 0.1487516772319779 -0.29583257286341724 -0.1811545328257147 0.2925942948574747
248	(   4.2699999999999995737   -0.26000000000000000888   1.4599999999999999645  -14.140000000000000568    -9.4800000000000004263    5.7199999999999997513   10.720000000000000639   )	1.6208919999999998 0.07003371004399384 -0.27279477547776404 0.2628728476565896 0.003074988503267484
249	(   4.2099999999999999645   -0.2999999999999999889    1.5600000000000000533  -14.359999999999999432    -9.4100000000000001421    5.6100000000000003197   10.810000000000000497   )	1.9702799999999998 0.21512016792876265 -0.30091716335412766 -0.07265232219984807 -0.2248809976333206
250	(   4.3499999999999996447   -0.2000000000000000111    1.3200000000000000622  -13.960000000000000853    -9.5700000000000002842    5.6299999999999998934   10.589999999999999858   )	1.1484 0.28045658457053335 -0.28795472880489686 -0.23115453282571474 0.5108021116451464
251	(   4.2099999999999999645   -0.14999999999999999445   1.5700000000000000622  -14.050000000000000711    -9.4100000000000001421    5.5999999999999996447   10.820000000000000284   )	0.991455 0.041831176427598926 -0.1509171633541277 -0.1036897859806245 0.06967830209209858
252	(   4                        0.14999999999999999445   1.9599999999999999645  -13.720000000000000639    -9.1699999999999999289    5.5400000000000000355   10.820000000000000284   )	-1.176 0.48949021867673315 -0.1167814577732876 0.03708345473295038 1.2396783020920967
253	(   4.0099999999999997868   -0.19000000000000000222   1.6299999999999998934  -14.029999999999999361    -9.3499999999999996447    5.5999999999999996447   10.820000000000000284   )	1.241897 -0.14194841308325845 -0.21344158034229363 -0.043689785980624674 -0.09032169790790245
254	(   4.4100000000000001421   -0.11000000000000000056   1.5100000000000000089  -14.070000000000000284    -9.4700000000000006395    5.5999999999999996447   10.820000000000000284   )	0.7325010000000001 0.22891939487035629 -0.11858328446840194 -0.16368978598062456 0.22967830209209872
255	(   4.2099999999999999645   -0.14000000000000001332   1.5600000000000000533  -14.050000000000000711    -9.4199999999999999289    5.7999999999999998224   10.820000000000000284   )	0.9194640000000001 0.041831176427598926 -0.1400958806886572 0.6534082225127447 0.06967830209209769
256	(   4.1100000000000003197    0.05000000000000000278   1.2800000000000000266  -14.140000000000000568    -9.6999999999999992895    5.5800000000000000711   10.820000000000000284   )	-0.26304000000000005 -0.08996628995600542 -0.26018611988252494 -0.47625978610337083 -0.21032169790790256
257	(   4.2199999999999997513   -0.16000000000000000333   1.5900000000000000799  -14.550000000000000711    -9.3900000000000005684    5.5999999999999996447   10.820000000000000284   )	1.073568 0.6960582083264262 -0.16507787979386948 -0.08368978598062449 0.09967830209209794
258	(   4.2000000000000001776   -0.14000000000000001332   1.5500000000000000444  -13.550000000000000711    -9.4299999999999997158    5.5999999999999996447   10.820000000000000284   )	0.9114000000000001 1.2890690230720416 -0.14011453167256288 -0.12368978598062452 0.03967830209209744
259	(   4.1799999999999997158   -0.10000000000000000555   1.4899999999999999911  -14.070000000000000284    -8.9100000000000001421    5.5999999999999996447   10.820000000000000284   )	0.6228199999999999 -0.001080605129644141 -1.118081045357351 -0.18368978598062458 -0.020321697907903058
260	(   4.2099999999999999645   -0.16000000000000000333   1.5800000000000000711  -14.050000000000000711    -9.4000000000000003553    5.4000000000000003553   10.820000000000000284   )	1.064288 0.041831176427598926 -0.16257805116685853 -0.9280928035562028 0.06967830209209858
261	(   4.2400000000000002132   -0.2000000000000000111    1.6499999999999999112  -14.029999999999999361    -9.9100000000000001421    5.5999999999999996447   10.820000000000000284   )	1.3992 0.08805158691674198 -1.1136403609466483 -0.023689785980624656 0.15967830209209843
262	(   4.2400000000000002132   -0.2000000000000000111    1.0700000000000000622  -14.029999999999999361    -9.3300000000000000711    5.5999999999999996447   10.820000000000000284   )	0.9073600000000002 0.08805158691674198 -0.23761518644747823 -0.6036897859806245 -1.0003216979079017
263	(   4.3099999999999996092   -0.3499999999999999778    1.8600000000000000977  -13.960000000000000853    -9.1199999999999992184    5.6200000000000001066   10.820000000000000284   )	2.8058099999999997 0.24045658457053332 -0.7282050962528879 0.2681982087410242 0.34967830209209794
264	(   4.1799999999999997158   -0.10000000000000000555   2.0699999999999998401  -14.070000000000000284    -9.4900000000000002132    5.5999999999999996447   10.820000000000000284   )	0.8652599999999999 -0.001080605129644141 -0.11784112074790301 0.3963102140193753 1.139678302092097
265	(   4.1500000000000003553   -0.33000000000000001554   1.4099999999999999201  -14.099999999999999645    -9.5700000000000002842    5.5899999999999998579   11.820000000000000284   )	1.930995 -0.04420086864689399 -0.41795472880489687 -0.30489776816294434 2.990713104968177
266	(   4.2699999999999995737    0.02999999999999999889   1.7299999999999999822  -14                       -9.25                     5.6100000000000003197    9.8200000000000002842  )	-0.22161299999999998 0.14852768074150902 -0.09699772312866248 0.09734767780015186 6.722707257223899
267	(   4                        0.14999999999999999445   1.9599999999999999645  -13.720000000000000639    -9.1699999999999999289    5.5400000000000000355   11.179999999999999716   )	-1.176 0.48949021867673315 -0.1167814577732876 0.03708345473295038 1.2621285370871522
268	(   4.1100000000000003197   -0.14999999999999999445   1.6000000000000000888  -13.949999999999999289    -9.4700000000000006395    5.6399999999999996803   10.960000000000000853   )	0.9864000000000002 0.05542206825954388 -0.15858328446840192 0.08927319473851814 -0.18089202757283385
269	(   4.2099999999999999645   -0.25                     1.5700000000000000622  -14.050000000000000711    -9.4100000000000001421    5.5999999999999996447   10.830000000000000071   )	1.652425 0.041831176427598926 -0.25091716335412767 -0.1036897859806245 -0.15441031457367504
270	(   4.2300000000000004263   -0.14999999999999999445   1.3700000000000001066  -13.990000000000000213    -9.4499999999999992895    5.6200000000000001066   10.900000000000000355   )	0.8692650000000002 0.12030924631695328 -0.1526712687886466 -0.2218017912589758 -0.4644320076557955
271	(   4.2099999999999999645   -0.05000000000000000278   1.5700000000000000622  -14.050000000000000711    -9.4100000000000001421    5.5999999999999996447   10.810000000000000497   )	0.33048500000000003 0.041831176427598926 -0.05091716335412769 -0.1036897859806245 0.295119002366679
272	(   4.2400000000000002132   -0.14999999999999999445   1.6200000000000001066  -13.919999999999999929    -9.2100000000000008527    5.6500000000000003553   11                      )	1.0303200000000001 0.23498384498413305 -0.3407833548879775 0.1494652208817313 -0.019858975020692782
273	(   4.1799999999999997158   -0.14999999999999999445   1.5200000000000000178  -14.179999999999999716    -9.6099999999999994316    5.5499999999999998224   10.640000000000000568   )	0.9530399999999999 -0.012299093365360392 -0.2924499970811345 -0.3611043435820367 0.5925942948574736
274	(   4.1600000000000001421   -0.14999999999999999445   1.5                    -14.25                    -9.2899999999999991473    5.7000000000000001776   10.550000000000000711   )	0.9359999999999999 0.01324492098661878 -0.22583257286341724 0.2263308193305711 0.9973312892491233
275	(   4.3099999999999996092   -0.14999999999999999445   1.5400000000000000355  -14.150000000000000355    -9.3499999999999996447    5.5599999999999996092   10.679999999999999716   )	0.99561 0.11069164910735907 -0.17344158034229362 -0.2993796972410214 0.5835389255442607
276	(   4.1799999999999997158   -0.14999999999999999445   1.5300000000000000266  -14.160000000000000142    -9.3399999999999998579    5.5599999999999996092   11.320000000000000284   )	0.9593099999999999 -0.01781071647932375 -0.18011442007795472 -0.30937969724102143 0.4715978487641488
277	(   4.2599999999999997868   -0.14999999999999999445   1.6399999999999999023  -13.849999999999999645    -9.5299999999999993605    5.5                     11.089999999999999858   )	1.0479599999999998 0.39693581420263735 -0.1963296839480726 -0.4507060342250939 0.10400617855465466
278	(   4.2800000000000002487   -0.14999999999999999445   1.6599999999999999201  -14.140000000000000568    -9.5800000000000000711    5.7000000000000001776   11.179999999999999716   )	1.06572 0.08003371004399451 -0.25038418736322265 0.386330819330571 0.34212853708715407
279	(   4.1900000000000003908   -0.14999999999999999445   1.7700000000000000178  -14.109999999999999432    -9.3699999999999992184    5.5800000000000000711   10.740000000000000213   )	1.1124450000000001 -0.0069009832097730595 -0.16259002473305764 0.013740213896629161 0.690140394133187
280	(   4.1399999999999996803   -0.14999999999999999445   1.4799999999999999822  -13.960000000000000853    -9.2400000000000002132    5.5                     10.460000000000000853   )	0.9190799999999998 0.07045658457053339 -0.29177553748003404 -0.6107060342250938 1.4751810252599649
281	(   4.2400000000000002132   -0.14999999999999999445   1.6100000000000000977  -13.939999999999999503    -9.4800000000000004263    5.6399999999999996803   10.320000000000000284   )	1.02396 0.2011693570605555 -0.162794775477764 0.09927319473851814 2.7756109353243614
282	(   4.2098000000000004306   -0.10000000000000000555   1.5700000000000000622  -14.050000000000000711    -9.4100000000000001421    5.5998000000000001108   10.820000000000000284   )	0.6609386000000002 0.04163117642759939 -0.10091716335412769 -0.10451232935599264 0.1694783020920987
283	(   4.2102000000000003865   -0.2000000000000000111    1.5700000000000000622  -14.050000000000000711    -9.4100000000000001421    5.6002000000000000668   10.820000000000000284   )	1.3220028000000001 0.04203117642759935 -0.2009171633541277 -0.10286731081488543 -0.030121697907901535
284	(   4.2023000000000001464   -0.15010000000000001119   1.5700000000000000622  -14.060000000000000497    -9.3100000000000004974    5.5945000000000000284   10.849999999999999645   )	0.9903014111000001 0.0272602915406992 -0.20518816830238448 -0.1263341268847149 -0.00639330124617743
285	(   4.2599999999999997868   -0.14960000000000001075   1.5400000000000000355  -14                       -9.3900000000000005684    5.6359000000000003539   10.880000000000000782   )	0.98143584 0.13852768074150923 -0.1546778797938695 0.012725417344837231 -0.06345405262583803
286	(   4.1919000000000004036   -0.15010000000000001119   1.5800000000000000711  -13.949999999999999289    -9.4199999999999999289    5.5869999999999997442   10.900000000000000355   )	0.9941426202000001 0.13732206825954396 -0.1501958806886572 -0.1472909514214491 -0.08273200765579602
287	(   4.2354000000000002757   -0.15029999999999998916   1.6000000000000000888  -14.089999999999999858    -9.4299999999999997158    5.5677000000000003155   11.019999999999999574   )	1.018528992 0.04473689834113603 -0.15041453167256286 -0.207321886597573 -0.06090522313042346
288	(   4.2176999999999997826   -0.14990000000000000546   1.5700000000000000622  -14.039999999999999147    -9.5099999999999997868    5.6055000000000001492   10.789999999999999147   )	0.9926061711 0.05722930126871262 -0.18032996706400273 -0.08109702809229447 0.15791541323347325
289	(   4.1600000000000001421   -0.15040000000000000591   1.6000000000000000888  -14.099999999999999645    -9.4299999999999997158    5.5640999999999998238   10.759999999999999787   )	1.0010624000000001 -0.0342008686468942 -0.15051453167256287 -0.2223017767832689 0.2514289053315011
290	(   4.1757999999999997343   -0.15020000000000000018   1.5900000000000000799  -14.080000000000000071    -9.4299999999999997158    5.6500000000000003553   10.970000000000000639   )	0.9972562044 -0.010489097305306672 -0.15031453167256287 0.11946522088173128 -0.13989190843975585
291	(   4.1996999999999999886   -0.15010000000000001119   1.4699999999999999734  -14.060000000000000497    -9.4100000000000001421    5.5926000000000000156   10.869999999999999218   )	0.9266512059000002 0.024660291540699042 -0.1510171633541277 -0.2341682074555349 -0.24755943427602123
292	(   4.2281000000000004135   -0.14990000000000000546   1.5600000000000000533  -14.150000000000000355    -9.4000000000000003553    5.6130000000000004334   10.740000000000000213   )	0.9887158164000002 0.028791649107359873 -0.15247805116685853 -0.060376790010377324 0.30844039413318747
293	(   4.2202999999999999403   -0.14990000000000000546   1.6699999999999999289  -14.039999999999999147    -9.4100000000000001421    5.607400000000000162    10.769999999999999574   )	1.0564803598999999 0.059829301268712776 -0.1508171633541277 0.026695258209476602 0.420691095479925
294	(   4.2442000000000001947   -0.14979999999999998872   1.5500000000000000444  -14.019999999999999574    -9.3900000000000005684    5.5499999999999998224   10.669999999999999929   )	0.985460798 0.10159462457105484 -0.15487787979386947 -0.33110434358203666 0.5812025824508726
295	(   4.1845999999999996533   -0.14969999999999999973   1.5400000000000000355  -14.009999999999999787    -9.3900000000000005684    5.6322999999999998622   10.619999999999999218   )	0.9647093147999999 0.05215467714116517 -0.15477787979386948 -0.0018361274903750946 0.7339402968812836
296	(   4.2118000000000002103   -0.14979999999999998872   1.571900000000000075   -14.045400000000000773    -9.4052000000000006708    5.6200000000000001066   10.830000000000000071   )	0.9917551573160001 0.04706974908163364 -0.15140963982889713 -0.019901791258975843 0.05158968542632625
297	(   4.2172000000000000597   -0.14919999999999999929   1.5819000000000000838  -14.03539999999999921     -9.3952000000000008839    5.6799999999999997158   10.859999999999999432   )	0.9953413510560001 0.06054739027976197 -0.1528733228090879 0.2303668379681263 0.0141299613539978
298	(   4.161800000000000388    -0.16680000000000000382   1.5819000000000000838  -14.005399999999999849    -9.4252000000000002444    5.6143000000000000682   10.839999999999999858   )	1.0981363768560002 0.03430154802388774 -0.16680074809182677 -0.03316272899856121 -0.03513721250514834
299	(   4.2019999999999999574   -0.12670000000000000706   1.5619000000000000661  -14.095399999999999707    -9.5052000000000003155    5.6277999999999996916   10.820000000000000284   )	0.83154525146 0.0093225454771666 -0.1538058452543535 0.0018213400994699924 0.09207830209209789
300	(   4.2077999999999997627   -0.14030000000000000804   1.5619000000000000661  -14.065400000000000347    -9.3952000000000008839    5.6231999999999997542   10.929999999999999716   )	0.922074443646 0.02939496101233452 -0.14397332280908792 -0.016871772495653747 -0.11808444253654393
301	(   4.1906999999999996476   -0.09979999999999999982   1.5419000000000000483  -14.015399999999999636    -9.3551999999999999602    5.6368000000000000327   10.800000000000000711   )	0.6448717049339999 0.0526670135514129 -0.12009979954660704 0.018261193951281562 0.1468016103091605
302	(   4.1916999999999999815   -0.16980000000000000648   1.5419000000000000483  -14.145400000000000418    -9.3551999999999999602    5.6360000000000001208   10.810000000000000497   )	1.097448342654 -0.008015316748905654 -0.19009979954660705 0.015029484374877722 -0.01898099763332084
303	(   4.2618000000000000327   -0.13280000000000000138   1.5619000000000000661  -14.08539999999999992     -9.3851999999999993207    5.625700000000000145    10.820000000000000284   )	0.883983919776 0.07304517763598817 -0.13937550850950595 -0.0067068982433300395 0.13967830209209797
304	(   4.2328999999999998849   -0.19980000000000000537   1.6019000000000001016  -14.075400000000000134    -9.4551999999999996049    5.6032000000000001805   10.859999999999999432   )	1.354780365498 0.048903283874062176 -0.20368590295438502 -0.058638457943974265 -0.03137003864600185
305	(   4.2215999999999995751   -0.17289999999999999813   1.5819000000000000838  -13.995400000000000063    -9.3051999999999992497    5.6121999999999996334   10.839999999999999858   )	1.154651969016 0.10544705484419925 -0.23266963620976122 -0.041748595225394425 0.012462787494850858
306	(   4.2172000000000000597   -0.16270000000000001128   1.5819000000000000838  -14.015399999999999636    -9.4152000000000004576    5.6699999999999999289   10.839999999999999858   )	1.0854023982360002 0.07916701355141331 -0.1630852850146097 0.1909779645145151 0.028462787494850872
307	(   4.2319000000000004391   -0.12979999999999999871   1.6019000000000001016  -13.945399999999999352    -9.4551999999999996049    5.6040000000000000924   10.849999999999999645   )	0.8799246631780001 0.18446909438320613 -0.133685902954385 -0.05535341745305966 0.1276066987538238
308	(   4.206400000000000361    -0.13689999999999999392   1.5619000000000000661  -14.075400000000000134    -9.3952000000000008839    5.5700000000000002842   10.820000000000000284   )	0.8994297363040001 0.02240328387406265 -0.1405733228090879 -0.23585929554621465 0.07607830209209787
309	(   4.2168999999999998707   -0.16179999999999999938   1.4718999999999999861  -14.015399999999999636    -9.4152000000000004576    5.615899999999999892    10.839999999999999858   )	1.004269156798 0.07886701355141312 -0.1621852850146097 -0.13662685022165988 -0.1900372125051497
310	(   4.2066999999999996618   -0.13780000000000000582   1.6718999999999999417  -14.075400000000000134    -9.3952000000000008839    5.6241000000000003212   10.820000000000000284   )	0.9691724423939998 0.022703283874061952 -0.14147332280908792 0.09678909664762414 0.29457830209209757
311	(   4.2157999999999997698   -0.15929999999999999716   1.5819000000000000838  -14.025399999999999423    -9.4152000000000004576    5.6167999999999995708   10.730000000000000426   )	1.062367561386 0.06804766510010829 -0.15968528501460968 -0.022952625749881106 0.3569869093932505
312	(   4.2172000000000000597   -0.14919999999999999929   1.5775999999999998913  -14.031599999999999184    -9.3908000000000004803    5.6799999999999997158   10.859999999999999432   )	0.992635764224 0.06383277417266608 -0.15404704189878407 0.2260668379681261 0.005529961353997415
313	(   4.2027000000000001023   -0.12979999999999999871   1.5826999999999999957  -14.074600000000000222    -9.3971000000000000085    5.6272999999999999687   10.842299999999999827   )	0.8633794050420001 0.01911997014840683 -0.13301667042829524 0.020591665404997128 0.07632918296971081
314	(   4.1753999999999997783   -0.06980000000000000093   1.6127000000000000224  -14.16460000000000008     -9.3771000000000004349    5.6492000000000004434   10.88230000000000075    )	0.470009997084 -0.02143998741830888 -0.07934015721664812 0.13895891185443188 0.15318921087245574
315	(   4.15270000000000028     -0.12979999999999999871   1.5826999999999999957  -14.074600000000000222    -9.3971000000000000085    5.6265000000000000568   10.842299999999999827   )	0.853107682042 -0.030880029851592994 -0.13301667042829524 0.01734306792381468 0.026329182969710985
316	(   4.0026999999999999247   -0.12979999999999999871   1.5826999999999999957  -14.074600000000000222    -9.3971000000000000085    5.6265000000000000568   10.842299999999999827   )	0.8222925130419999 -0.18088002985159335 -0.13301667042829524 0.01734306792381468 -0.12367081703028937
317	(   4.15270000000000028     -0.13980000000000000759   1.5927000000000000046  -14.094599999999999795    -9.4970999999999996533    5.6265000000000000568   10.83230000000000004    )	0.9246379395420002 -0.03969442847690274 -0.16172973055589995 0.02734306792381469 0.04874157989762118
318	(   4.1426999999999996049   -0.04979999999999999705   1.4826999999999999069  -14.024599999999999511    -9.427099999999999369     5.6265000000000000568   10.932299999999999685   )	0.30589058824199994 -0.004304879509747117 -0.049822645797290774 -0.08265693207618541 -0.162712273941942
319	(   4.15270000000000028     -0.11980000000000000371   1.5726999999999999869  -14.054600000000000648    -9.2971000000000003638    5.6265000000000000568   10.852299999999999613   )	0.7824079645420001 -0.01873234765188858 -0.18789574486828947 0.007343067923814672 0.005289608606944718
320	(   4.2526999999999999247   -0.12979999999999999871   1.5826999999999999957  -14.064600000000000435    -9.3971000000000000085    5.6265000000000000568   10.842299999999999827   )	0.8736511280420001 0.07477824074903605 -0.13301667042829524 0.01734306792381468 0.12632918296971063
321	(   4.052699999999999747    -0.12979999999999999871   1.5826999999999999957  -14.084600000000000009    -9.3971000000000000085    5.6265000000000000568   10.842299999999999827   )	0.8325642360419999 -0.1357048962209788 -0.13301667042829524 0.01734306792381468 -0.07367081703028955
322	(   4.15270000000000028     -0.1597999999999999976    1.6127000000000000224  -14.144600000000000506    -9.3871000000000002217    5.6265000000000000568   10.942299999999999471   )	1.070190074542 -0.047067952745622144 -0.16575961970649605 0.04734306792381471 -0.12108464695945464
323	(   4.15270000000000028     -0.1597999999999999976    1.4826999999999999069  -14.154600000000000293    -9.3871000000000002217    5.6265000000000000568   10.812300000000000466   )	0.983921884742 -0.046023700830827075 -0.16575961970649605 -0.08265693207618541 -0.1623515627158758
324	(   4.15270000000000028     -0.09979999999999999982   1.6827000000000000846  -13.994600000000000151    -9.4070999999999997954    5.6265000000000000568   10.872299999999999187   )	0.6973772793420001 0.037489595698634304 -0.10111240652518474 0.11734306792381477 0.22736203729690363
325	(   4.15270000000000028     -0.09979999999999999982   1.5526999999999999691  -14.004599999999999937    -9.4070999999999997954    5.6265000000000000568   10.742300000000000182   )	0.6435001495420001 0.02607940284911958 -0.10111240652518474 -0.012656932076185345 0.31057283253254564
326	(   4.15270000000000028     -0.0298000000000000001    1.6127000000000000224  -14.134600000000000719    -9.3871000000000002217    5.6265000000000000568   10.822300000000000253   )	0.19957236684200003 -0.04727232547585292 -0.03575961970649606 0.04734306792381471 0.3325178347307318
327	(   4.15270000000000028     -0.22980000000000000426   1.5526999999999999691  -14.014599999999999724    -9.4070999999999997954    5.6265000000000000568   10.8622999999999994     )	1.481726797242 0.015479831217216855 -0.23111240652518475 -0.012656932076185345 -0.2743687276414528
328	(   4.1627000000000000668   -0.2097999999999999865    1.6827000000000000846  -14.124599999999999156    -9.367100000000000648     5.6265000000000000568   10.752299999999999969   )	1.469559895842 -0.03663673727515082 -0.22375685079148722 0.11734306792381477 0.3262730521285331
329	(   4.15270000000000028     -0.12979999999999999871   1.5826999999999999957  -14.074600000000000222    -9.3971000000000000085    5.5265000000000004121   10.842299999999999827   )	0.853107682042 -0.030880029851592994 -0.13301667042829524 -0.39677227367747103 0.026329182969710985
330	(   4.15270000000000028     -0.12979999999999999871   1.5826999999999999957  -14.074600000000000222    -9.3971000000000000085    5.7264999999999997016   10.842299999999999827   )	0.853107682042 -0.030880029851592994 -0.13301667042829524 0.41014387757074244 0.026329182969710985
331	(   4.0026999999999999247   -0.12979999999999999871   1.5826999999999999957  -14.074600000000000222    -9.3971000000000000085    5.6241000000000003212   10.842299999999999827   )	0.8222925130419999 -0.18088002985159335 -0.13301667042829524 0.007589096647624194 -0.12367081703028937
332	(   4.1475999999999997314   -0.12970000000000000973   1.5810999999999999499  -14.076999999999999957    -9.4471000000000007191    5.6230000000000002203   10.844599999999999795   )	0.850542815692 -0.03721408253020009 -0.13179240086484484 0.0015144712699888263 0.01326820305099563
333	(   4.1276000000000001577   -0.12939999999999998725   1.5763000000000000345  -14.084199999999999164    -9.597099999999999298     5.6124999999999998224   10.851499999999999702   )	0.841919862872 -0.06062792822466623 -0.25288889459629205 -0.04612152491443111 -0.030177947022048457
334	(   4.1875999999999997669   -0.07969999999999999307   1.571700000000000097   -14.065799999999999415    -9.427099999999999369     5.6371000000000002217   10.864900000000000446   )	0.524557578324 0.008955316335604202 -0.07972264579729077 0.04927270508836701 0.09384733466862727
335	(   4.3075999999999998735    0.07030000000000000138   1.5417000000000000703  -14.035800000000000054    -9.367100000000000648     5.6771000000000002572   10.924899999999999167   )	-0.46686419247600003 0.1506084674861352 0.05634314920851278 0.1787741902640403 0.3675031187243132
336	(   4.1875999999999997669   -0.09969999999999999696   1.4717000000000000082  -14.075799999999999201    -9.427099999999999369     5.6471000000000000085   10.854900000000000659   )	0.614440224724 0.003396941307174828 -0.09972264579729077 -0.010465256008310497 -0.126854761359799
337	(   4.1775999999999999801   -0.11970000000000000084   1.5817000000000001059  -14.085800000000000765    -9.4370999999999991559    5.6570999999999997954   10.964900000000000091   )	0.7909428774239999 -0.011327780286780609 -0.12033766485960186 0.13954965723510204 -0.09162755868347805
338	(   3.9876000000000000334   -0.06969999999999999807   1.571700000000000097   -14.065799999999999415    -9.427099999999999369     5.6371000000000002217   10.864900000000000446   )	0.436831571124 -0.19104468366439553 -0.06972264579729077 0.04927270508836701 -0.08615266533137245
339	(   4.197600000000000442     0.01030000000000000013   1.5617000000000000881  -14.165800000000000836    -9.4170999999999995822    5.607099999999999973    10.894899999999999807   )	-0.06752053677600002 0.0010424377297750809 0.010052410322663996 -0.08283466724474708 0.21432804166978148
340	(   4.1875999999999997669   -0.08970000000000000195   1.571700000000000097   -14.065799999999999415    -9.2271000000000000796    5.6371000000000002217   10.864900000000000446   )	0.590374087524 0.008955316335604202 -0.25169495680062665 0.04927270508836701 0.0738473346686277
341	(   4.1875999999999997669   -0.06969999999999999807   1.571700000000000097   -14.065799999999999415    -9.6271000000000004349    5.6371000000000002217   10.864900000000000446   )	0.4587410691239999 0.008955316335604202 -0.23929058470838194 0.04927270508836701 0.11384733466862684
342	(   4.1775999999999999801   -0.16969999999999998974   1.5817000000000001059  -13.96579999999999977     -9.4370999999999991559    5.6670999999999995822   10.834899999999999309   )	1.1213283734239998 0.09973719893651545 -0.17033766485960186 0.17930143938683263 -0.014117218259520392
343	(   4.2176000000000000156   -0.01969999999999999876   1.5417000000000000703  -13.96579999999999977     -9.3971000000000000085    5.5670999999999999375   10.924899999999999167   )	0.128094796224 0.13973719893651548 -0.022916670428295233 -0.268117502287436 0.09750311872431361
344	(   4.1875999999999997669   -0.05970000000000000306   1.6716999999999999638  -14.055799999999999628    -9.427099999999999369     5.6271000000000004349   10.874900000000000233   )	0.41792453192400003 0.015345121522606142 -0.05972264579729078 0.10877964480387559 0.31594048539376907
345	(   4.3875999999999999446   -0.08970000000000000195   1.571700000000000097   -14.065799999999999415    -9.427099999999999369     5.6371000000000002217   10.864900000000000446   )	0.618570385524 0.20895531633560438 -0.08972264579729078 0.04927270508836701 0.273847334668627
346	(   4.1775999999999999801   -0.13969999999999999085   1.5817000000000001059  -14.095800000000000551    -9.4370999999999991559    5.5370999999999996888   10.844900000000000873   )	0.9230970758239999 -0.015216958620619003 -0.14033766485960186 -0.35335607383491374 0.023826478404203044
347	(   4.1576000000000004064   -0.13969999999999999085   1.6016999999999999016  -14.165800000000000836    -9.4571000000000005059    5.7070999999999996177   10.804899999999999949   )	0.930294140424 -0.038957562270224955 -0.14408627193801324 0.355360965396043 0.14021112226611265
348	(   4.197600000000000442    -0.03969999999999999918   1.5617000000000000881  -14.045799999999999841    -9.4170999999999995822    5.6170999999999997598   10.764900000000000801   )	0.26024905922400005 0.0325638010313023 -0.039947589677336005 -0.04192824017757335 0.4179692521043288
349	(   4.197600000000000442    -0.01969999999999999876   1.5617000000000000881  -14.035800000000000054    -9.4170999999999995822    5.7370999999999998664   10.88490000000000002    )	0.129141220824 0.04060846748613578 -0.019947589677336005 0.4288754828958392 0.16943185331658128
350	(   4.3075999999999998735    0.07030000000000000138   1.5435000000000000941  -14.032199999999999562    -9.367100000000000648     5.679400000000000226    10.925800000000000622   )	-0.46740927618000006 0.15370613950500633 0.05634314920851278 0.18961179156854224 0.37019600122793506
351	(   4.1276000000000001577   -0.0297000000000000007    1.5371999999999998998  -14.107499999999999929    -9.4370999999999991559    5.6085000000000002629   10.893700000000000827   )	0.188444917584 -0.06870454927743097 -0.030337664859601862 -0.10159642511301681 0.017066119434158367
352	(   3.9475999999999999979    0.12030000000000000415   1.437200000000000033   -14.237500000000000711    -9.4671000000000002927    5.518500000000000405    10.983700000000000685   )	-0.682520933616 -0.21026144884795483 0.11278163943873737 -0.5758308833328505 -0.1363848570354813
353	(   4.1676000000000001933   -0.01969999999999999876   1.5271999999999998909  -14.207499999999999574    -9.4170999999999995822    5.6185000000000000497   10.963699999999999335   )	0.125385746784 -0.011657931232296193 -0.019947589677336005 -0.07071681069111602 -0.010087491437899665
354	(   4.2876000000000002998    0.01030000000000000013   1.4972000000000000863  -14.507500000000000284    -9.3571000000000008612    5.6485000000000002984   11.173700000000000188   )	-0.06611976561600001 0.6377595963748544 -0.008907933812471881 0.020652076031455913 0.32864122260883644
355	(   4.1075999999999996959   -0.03969999999999999918   1.4272000000000000242  -14.147500000000000853    -9.4671000000000002927    5.6684999999999998721   10.86369999999999969    )	0.23273595878399997 -0.09195157311869195 -0.047218360561262634 0.030344784587860607 -0.1929102175308941
356	(   4.1276000000000001577   -0.03969999999999999918   1.5471999999999999087  -14.167500000000000426    -9.2171000000000002927    5.6585000000000000853   10.893700000000000827   )	0.25353304198399995 -0.06853678833035559 -0.21825720703724116 0.11063111210926513 0.017066119434158367
357	(   4.1075999999999996959   -0.03969999999999999918   1.5571999999999999176  -14.407500000000000639    -9.4671000000000002927    5.6684999999999998721   10.873699999999999477   )	0.2539352823839999 0.20713136635601792 -0.047218360561262634 0.1603447845878605 0.04901561745534888
358	(   4.1276000000000001577    0.08029999999999999638   1.5471999999999999087  -14.167500000000000426    -9.4471000000000007191    5.6485000000000002984   10.903700000000000614   )	-0.512813684416 -0.06853678833035559 0.07820759913515518 0.07065207603145574 0.24320356579994673
359	(   4.2076000000000002288    0.00029999999999999997   1.5072000000000000952  -14.247500000000000497    -9.617100000000000648     5.5785000000000000142   11.033699999999999619   )	-0.001902508416 0.058521080939141434 -0.15314270853926584 -0.2552763524913517 0.03306063373611856
360	(   4.2076000000000002288   -0.11970000000000000084   1.5072000000000000952  -14.247500000000000497    -9.3871000000000002217    5.588499999999999801    11.023699999999999832   )	0.7591008579840002 0.058521080939141434 -0.12565961970649606 -0.2138926547104214 -0.21170590064736938
361	(   4.2275999999999998025    0.00029999999999999997   1.4972000000000000863  -14.007500000000000284    -9.367100000000000648     5.5685000000000002274   11.053699999999999193   )	-0.001898868816 0.09782187978557921 -0.013656850791487221 -0.3067950552310301 0.04689852532473715
362	(   4.2876000000000002998    0.0202999999999999986    1.4672000000000000597  -14.327500000000000568    -9.3170999999999999375    5.6784999999999996589   11.163700000000000401   )	-0.127702564416 0.23792355895692108 -0.028209165498343874 0.10977720852775974 0.26420669484659864
363	(   4.2275999999999998025    0.00029999999999999997   1.6271999999999999797  -14.267500000000000071    -9.367100000000000648     5.5685000000000002274   11.063700000000000756   )	-0.0020637452159999996 0.09854111252855535 -0.013656850791487221 -0.17679505523103023 0.3159643475577374
364	(   4.0476000000000000867   -0.05970000000000000306   1.5871999999999999442  -14.087500000000000355    -9.5170999999999992269    5.5585000000000004405   10.763700000000000045   )	0.383533737984 -0.14204793519331904 -0.09539651630399174 -0.25843215600193625 0.28282468114235293
365	(   4.0476000000000000867   -0.05970000000000000306   1.5871999999999999442  -14.097500000000000142    -9.5170999999999992269    5.7184999999999996945   11.08370000000000033    )	0.383533737984 -0.14579490726104716 -0.09539651630399174 0.3843807896079987 -0.04162838468853369
366	(   4.2876000000000002998    0.0202999999999999986    1.4672000000000000597  -14.317500000000000782    -9.3170999999999999375    5.518500000000000405    10.843700000000000117   )	-0.127702564416 0.2227098840809898 -0.028209165498343874 -0.5458308833328505 0.2274008002695158
367	(   4.6676000000000001933   -0.0297000000000000007    1.5371999999999998998  -14.1875                  -9.4370999999999991559    5.6384999999999996234   10.933699999999999974   )	0.213098531184 0.47823136816731004 -0.030337664859601862 0.020423667435814474 0.5101295192181938
368	(   3.6676000000000001933   -0.00970000000000000029   1.5172000000000001041  -14.227499999999999147    -9.3971000000000000085    5.5984999999999995879   10.993700000000000472   )	0.05397548238400001 -0.4982208614932988 -0.012916670428295233 -0.16266051481557664 -0.5173747067617267
369	(   4.1676000000000001933   -0.02469999999999999973   1.5309999999999999165  -14.217499999999999361    -9.427099999999999369     5.6185999999999998167   11.063700000000000756   )	0.15760071131999998 -0.005353973337956397 -0.024722645797290773 -0.06650900153678507 0.013564347557736944
370	(   4.1676000000000001933   -0.04469999999999999668   1.5409999999999999254  -14.247500000000000497    -9.4571000000000005059    5.6185999999999998167   11.363700000000010348   )	0.28707554051999995 0.0185210809391414 -0.04908627193801326 -0.056509001536785064 0.8926324601232647
371	(   4.1276000000000001577   -0.02469999999999999973   1.5109999999999998987  -14.227499999999999147    -9.4471000000000007191    5.6285999999999996035   10.86369999999999969    )	0.15404904892000001 -0.03822086149329884 -0.02679240086484482 -0.04583230426980833 0.024689782469105026
372	(   4.0076000000000000512   -0.02469999999999999973   1.4510000000000000675  -14.257500000000000284    -9.5071000000000100982    5.6585999999999998522   10.263700000000000045   )	0.14363118172 -0.13187678502682587 -0.05309881700384436 0.014829588946243533 2.8755636827260798
373	(   4.0675999999999996604   -0.12470000000000000528   1.5009999999999998899  -14.247500000000000497    -9.3771000000000004349    5.6386000000000002785   10.943699999999999761   )	0.7613518097199999 -0.08147891906085913 -0.13424015721664811 -0.015372866838981203 -0.36044259225314246
374	(   4.1375999999999999446   -0.02469999999999999973   1.3109999999999999432  -14.217499999999999361    -9.4671000000000002927    5.6285999999999996035   10.843700000000000117   )	0.13398252192 -0.035353973337956646 -0.032218360561262635 -0.2458323042698083 -0.3249991997304855
375	(   3.8976000000000001755    0.02529999999999999957   1.491000000000000103   -14.327500000000000568    -9.4471000000000007191    5.6886000000000001009   11.183699999999999974   )	-0.14702643648000002 -0.15207644104307905 0.023207599135155178 0.17310241249201774 -0.01797471110348514
376	(   4.1176000000000003709   -0.02469999999999999973   1.7110000000000000764  -14.237500000000000711    -9.427099999999999369     5.6285999999999996035   10.883699999999999264   )	0.17401677592000003 -0.04026144884795446 -0.024722645797290773 0.15416769573019184 0.37993883961410724
377	(   3.9676000000000000156    0.00530000000000000002   1.491000000000000103   -14.147500000000000853    -9.2470999999999996533    5.668599999999999639    11.08370000000000033    )	-0.03135316548 -0.23195157311869163 -0.12590229947920067 0.09454052738768137 -0.1840283846885331
378	(   4.1875999999999997669    0.07530000000000000582   1.5209999999999999076  -14.207499999999999574    -9.5170999999999992269    5.6185999999999998167   10.783699999999999619   )	-0.47961127187999997 0.008342068767703381 0.03960348369600828 -0.07650900153678508 0.49860557145862305
379	(   4.0476000000000000867   -0.00470000000000000018   1.5009999999999998899  -14.257500000000000284    -9.347099999999999298     5.5285999999999999588   10.973699999999999122   )	0.02855460372 -0.09187678502682584 -0.029991305916408372 -0.4696679015342988 -0.15635546135224399
380	(   4.2076000000000002288   -0.04469999999999999668   1.5209999999999999076  -14.197499999999999787    -9.5471000000000003638    5.7286000000000001364   10.753700000000000259   )	0.28606925412 0.022869786322787355 -0.10723045146053839 0.3563489110307061 0.37327234853052627
381	(   4.6276000000000001577   -0.01469999999999999953   1.5009999999999998899  -14.247500000000000497    -9.3771000000000004349    5.6386000000000002785   10.933699999999999974   )	0.10210660572 0.47852108093914136 -0.02424015721664812 -0.015372866838981203 0.427729519218194
382	(   3.6276000000000001577   -0.03470000000000000168   1.5209999999999999076  -14.207499999999999574    -9.5170999999999992269    5.6185999999999998167   10.793699999999999406   )	0.19146001212 -0.5516579312322962 -0.07039651630399173 -0.07650900153678508 -0.31034114401730317
383	(   4.2876000000000002998   -0.05469999999999999862   1.5309999999999999165  -14.307499999999999218    -9.6471000000000000085    5.588599999999999568    10.643700000000000827   )	0.35906806331999996 0.208282139053237 -0.25889598334953523 -0.18967955556304728 0.8954810849904211
384	(   4.2076000000000002288   -0.04469999999999999668   1.5209999999999999076  -14.1875                  -9.5471000000000003638    5.6086000000000000298   11.36369999999999969    )	0.28606925412 0.01823136816731008 -0.10723045146053839 -0.11738668850335587 0.8926324601232123
385	(   4.3575999999999996959   -0.07470000000000000251   1.5309999999999999165  -14.127499999999999503    -9.4471000000000007191    5.5685999999999999943   10.543699999999999406   )	0.49835997431999995 0.15799247672951378 -0.07679240086484482 -0.2725792544164545 1.4429907071733963
386	(   4.0476000000000000867   -0.00470000000000000018   1.5009999999999998899  -14.267500000000000071    -9.347099999999999298     5.6486000000000000654   10.36369999999999969    )	0.02855460372 -0.08145888747144436 -0.029991305916408372 0.02485312752016977 2.352115170676341
387	(   4.1875999999999997669   -0.01969999999999999876   1.5109999999999998987  -14.219400000000000261    -9.347099999999999298     5.6258999999999996788   10.873699999999999477   )	0.12465103291999999 0.015937597029973993 -0.044991305916408375 -0.056794278842172696 0.0766156174553485
388	(   4.2275999999999998025   -0.07470000000000000251   1.5109999999999998987  -14.214000000000000412    -9.4571000000000005059    5.6241000000000003212   10.883699999999999264   )	0.47717639891999997 0.05234518905460028 -0.07908627193801326 -0.0641109033523759 -0.01006116038589333
389	(   4.0376000000000002998   -0.05569999999999999951   1.5209999999999999076  -14.277499999999999858    -9.4070999999999997954    5.6454000000000004178   10.773699999999999832   )	0.34206426072 -0.08022939341483148 -0.057012406525184744 0.03200719020143783 0.11686488095195724
390	(   4.2176000000000000156    0.00630000000000000004   1.5009999999999998899  -14.177500000000000213    -9.4870999999999998664    5.6117999999999996774   10.953699999999999548   )	-0.03988289088 0.02442866960668777 -0.009991844508506317 -0.12428495565376307 0.04481750557115749
391	(   4.0275999999999996248    0.02529999999999999957   1.5109999999999998987  -14.240999999999999659    -9.4370999999999991559    5.633099999999999774    10.843700000000000117   )	-0.15396830107999998 -0.12728102011943943 0.024662335140398138 -0.027597701473614844 0.06500080026951416
392	(   4.0675999999999996604   -0.0297000000000000007    1.5109999999999998987  -14.23559999999999981     -9.5471000000000003638    5.6313000000000004164   10.853699999999999903   )	0.18254046491999998 -0.0918371778464877 -0.09223045146053839 -0.034886168428960085 -0.025845894769645383
393	(   4.1775999999999999801   -0.02060000000000000026   1.5109999999999998987  -14.220900000000000318    -9.4571000000000005059    5.6786000000000003141   10.873699999999999477   )	0.13003448416 0.00697838971727105 -0.02498627193801326 0.1539700589985833 0.06481561745534936
394	(   4.0575999999999998735   -0.03009999999999999828   1.5109999999999998987  -14.236299999999999955    -9.4370999999999991559    5.6315999999999997172   11.063700000000000756   )	0.18454411135999998 -0.1012601047622681 -0.03073766485960186 -0.03367092268237548 -0.1472356524422631
395	(   4.1475999999999997314   -0.02330000000000000127   1.6109999999999999876  -14.225199999999999179    -9.4471000000000007191    5.6277999999999996916   10.86369999999999969    )	0.15568555788 -0.019934755056802977 -0.025392400864844823 0.050921340099469914 0.24748978246910625
396	(   4.1075999999999996959   -0.02610000000000000167   1.411000000000000032   -14.229799999999999116    -9.4471000000000007191    5.6294000000000004036   10.86369999999999969    )	0.15127099596000002 -0.05646325523744711 -0.028192400864844824 -0.1425873391480874 -0.19811021753089442
397	(   4.0776000000000003354   -0.02879999999999999921   1.5109999999999998987  -14.234099999999999753    -9.4370999999999991559    5.5785999999999997812   10.853699999999999903   )	0.17744410368 -0.08306016930338611 -0.02943766485960186 -0.25106181960656304 -0.014045894769644462
398	(   4.3276000000000003354   -0.00809999999999999956   1.5009999999999998899  -14.272500000000000853    -9.4671000000000002927    5.6196000000000001506   10.913700000000000401   )	0.052615393559999994 0.20405468313416097 -0.015618360561262635 -0.0924320181647933 0.1615567235480908
399	(   3.9275999999999999801   -0.04130000000000000338   1.5209999999999999076  -14.182499999999999218    -9.427099999999999369     5.6375999999999999446   10.813700000000000756   )	0.24672122748 -0.26377454896904684 -0.04132264579729078 0.000591428043343889 -0.07745100936725091
400	(   4.197600000000000442    -0.01930000000000000118   1.5109999999999998987  -14.218700000000000117    -9.4571000000000005059    5.625600000000000378    10.663700000000000401   )	0.12241167048000003 0.025458273927722708 -0.02368627193801326 -0.05801323983562123 0.7453218611898826
401	(   4.1475999999999997314   -0.0115999999999999992    1.5322999999999999954  -14.215099999999999625    -9.4347999999999991871    5.6440000000000001279   10.963699999999999335   )	0.073722262768 -0.026942642632080904 -0.012021839211789162 0.03767919181883772 -0.00368749143790037
402	(   4.2076000000000002288    0.02769999999999999893   1.5923000000000000487  -14.177899999999999281    -9.3948000000000000398    5.6901999999999999247   11.263700000000000045   )	-0.18558339299600002 0.014564711561620314 0.023926682381926086 0.28063496336607274 0.7529322589616987
403	(   4.1676000000000001933   -0.00239999999999999979   1.5222999999999999865  -14.165100000000000691    -9.4448000000000007503    5.6310999999999999943   10.953699999999999548   )	0.015226409951999998 -0.02912377796878296 -0.00408347965383537 -0.024396443109791166 0.020017505571157557
404	(   4.2275999999999998025    0.02759999999999999953   1.4922999999999999599  -14.015100000000009217    -9.474800000000010769     5.5910999999999999588   10.923700000000000188   )	-0.17412419044799998 0.08987120887778488 0.017099503996877104 -0.21805705099602068 0.10453057124953968
405	(   4.2375999999999995893    0.01760000000000000106   1.5222999999999999865  -14.195100000000000051    -9.3447999999999993292    5.661100000000000243    10.943699999999999761   )	-0.113535813248 0.05168044206662614 -0.009207959672258011 0.09608283866319622 0.13675740774685696
406	(   4.0975999999999999091   -0.02239999999999999977   1.5222999999999999865  -14.135099999999999554    -9.5448000000000003951    5.6010999999999997456   10.963699999999999335   )	0.139726193152 -0.102382056593469 -0.08261225768092732 -0.1468670201914457 -0.09528749143790094
407	(   4.1875999999999997669    0.00759999999999999998   1.5222999999999999865  -14.175100000000000477    -9.4448000000000007503    5.6410999999999997812   11.153700000000000614   )	-0.048448354448000004 -0.006359446914411926 0.005916520346164631 0.016006147194364218 0.2259314790951139
408	(   4.1576000000000004064   -0.00239999999999999979   1.4222999999999998977  -14.165100000000000691    -9.4448000000000007503    5.6310999999999999943   10.953699999999999548   )	0.014192050751999998 -0.03912377796878275 -0.00408347965383537 -0.12439644310979125 -0.1899824944288424
409	(   4.1775999999999999801   -0.00239999999999999979   1.6223000000000000753  -14.165100000000000691    -9.4448000000000007503    5.6310999999999999943   10.953699999999999548   )	0.016265569152 -0.019123777968783173 -0.00408347965383537 0.07560355689020892 0.23001750557115752
410	(   4.2976000000000000867   -0.10240000000000000491   1.5222999999999999865  -14.215099999999999625    -9.4748000000000001108    5.6910999999999996035   10.933699999999999974   )	0.669925015552 0.12305735736791945 -0.11290049600311843 0.21413722981514227 -0.035070480781805635
411	(   4.0376000000000002998    0.0976000000000000062    1.5222999999999999865  -14.11509999999999998     -9.4147999999999996135    5.5711000000000003851   10.973699999999999122   )	-0.5998923956480001 -0.1603551424007552 0.09718186313211931 -0.2708881307566211 0.08084453864775654
412	(   4.1475999999999997314   -0.01239999999999999956   1.5222999999999999865  -14.155099999999999127    -9.4448000000000007503    5.6211000000000002075   10.753700000000000259   )	0.07829225435199999 -0.0510494474679124 -0.014083479653835369 -0.06502034745941954 0.38047234853052636
413	(   4.0376000000000002998    0.07760000000000000231   1.5122999999999999776  -14.255100000000000549    -9.4947999999999996845    5.731099999999999639    10.923700000000000188   )	-0.4738304484480001 -0.10425584503199392 0.05704067325032858 0.3570381406317287 0.05453057124953897
414	(   3.9975999999999998202   -0.06239999999999999714   1.5322999999999999954  -14.265100000000000335    -9.4047999999999998266    5.5510999999999999233   10.983700000000000685   )	0.382232602752 -0.13403336296282253 -0.06407607644690634 -0.3442100440583067 -0.26158485703548084
415	(   4.3376000000000001222    0.05759999999999999842   1.5122999999999999776  -14.06509999999999927     -9.4847999999999998977    5.7111000000000000654   10.923700000000000188   )	-0.377841742848 0.15937556745837433 0.04248705213497036 0.28128277875989194 0.31453057124953876
416	(   4.2976000000000000867   -0.08240000000000000102   1.5322999999999999954  -14.075100000000000833    -9.3948000000000000398    5.5311000000000003496   10.983700000000000685   )	0.5426215083520001 0.1137589160850565 -0.08617331761807391 -0.42788949361418016 -0.0015848570354810576
417	(   3.9676000000000000156   -0.07240000000000000602   1.5322999999999999954  -14.08510000000000062     -9.3948000000000000398    5.7210999999999998522   10.983700000000000685   )	0.44015967195200006 -0.2210242266388711 -0.07617331761807392 0.3393418620213493 -0.31158485703548155
418	(   4.3676000000000003709    0.06759999999999999343   1.5122999999999999776  -14.245100000000000762    -9.4947999999999996845    5.5411000000000001364   10.923700000000000188   )	-0.44650621204799995 0.21633838801246608 0.04704067325032857 -0.4060134327340177 0.36453057124953947
419	(   4.2275999999999998025    0.02520000000000000018   1.4922999999999999599  -14.015100000000009217    -9.474800000000010769     5.5923999999999995936   10.923700000000000188   )	-0.158982956496 0.08987120887778488 0.014699503996877106 -0.21269318197732878 0.09973057124953844
420	(   4.1576000000000004064    0.01239999999999999956   1.4722999999999999421  -14.206200000000000827    -9.4623000000000008214    5.6517999999999997129   10.983700000000000685   )	-0.075903307552 -0.022416409136784665 0.006489580150300953 0.008973511902020004 -0.07198485703548041
421	(   4.1676000000000001933    0.00700000000000000015   1.5368999999999999329  -14.191300000000000026    -9.3948000000000000398    5.6443000000000003169   10.973699999999999122   )	-0.04483629108 -0.020104387495533338 0.003226682381926088 0.043485592526304906 0.058844538647756295
422	(   4.1676000000000001933   -0.00889999999999999993   1.5121999999999999886  -14.147100000000000009    -9.4370999999999991559    5.6219999999999998863   11.053699999999999193   )	0.056089978008 -0.031985617864943805 -0.009537664859601861 -0.07145555629203604 -0.0015014746752628483
423	(   4.1676000000000001933   -0.05240000000000000213   1.5340000000000000302  -14.185900000000000176    -9.4536999999999995481    5.6416000000000003922   10.963699999999999335   )	0.33499835616 -0.022433267480531427 -0.055912254804427214 0.029720176943008658 -0.06188749143789973
424	(   4.1676000000000001933   -0.01179999999999999973   1.5077000000000000401  -14.138899999999999579    -9.4947999999999996845    5.6178999999999996717   10.933699999999999974   )	0.074145188136 -0.032387385342182995 -0.03235932674967143 -0.09266408679600069 -0.013070480781806282
425	(   4.1676000000000001933    0.04760000000000000342   1.5105999999999999428  -14.144299999999999429    -9.4359000000000001762    5.6205999999999995964   10.943699999999999761   )	-0.299669444256 -0.03218630540463696 0.04708048244400906 -0.078757061064058 0.10335740774685842
426	(   4.1775999999999999801   -0.01720000000000000001   1.5723000000000000309  -14.124000000000000554    -9.4273000000000006793    5.6104000000000002757   10.923700000000000188   )	0.112977176256 -0.021671895052951307 -0.01722671480725779 -0.058714602842281804 0.1249305712495401
427	(   4.267599999999999838    -0.00100000000000000002   1.5243999999999999773  -14.168900000000000716    -9.4464000000000005741    5.6330000000000000071   10.953699999999999548   )	0.0065055294399999995 0.07182792605820154 -0.0029632468619156262 -0.014602426299386018 0.12701750557115776
428	(   4.1775999999999999801   -0.01469999999999999953   1.5032000000000000917  -14.13090000000000046     -9.430300000000000793     5.6810999999999998167   10.933699999999999974   )	0.092312594304 -0.022235049043475286 -0.014828068950771064 0.15598162132283733 -0.017870480781805753
429	(   4.0675999999999996604   -0.00379999999999999999   1.5201999999999999957  -14.161300000000000665    -9.4431999999999991502    5.6291999999999999815   10.953699999999999548   )	0.023497548976 -0.12995437581327973 -0.0052251991885878145 -0.03419844961394314 -0.08698249442884265
430	(   4.1676000000000001933    0.00410000000000000035   1.5323999999999999844  -14.183099999999999596    -9.4525000000000005684    5.6402000000000001023   10.853699999999999903   )	-0.026184363984 -0.02354487751793144 0.0008730786408491752 0.02247939886125061 0.1845541052303563
431	(   4.1576000000000004064    0.00990000000000000081   1.5414000000000001034  -14.199299999999999145    -9.4593000000000007077    5.581100000000000172    10.973699999999999122   )	-0.06344439393600002 -0.026206682884597043 0.0048965491209728125 -0.21030293378502685 0.06364453864775754
432	(   4.1576000000000004064    0.0298000000000000001    1.5723000000000000309  -14.165599999999999525    -9.4827999999999992298    5.6763000000000003453   11.013700000000000045   )	-0.19480243550400003 -0.0390054717956545 0.015676320514917345 0.20622701113049957 0.1641652394059614
433	(   4.1775999999999999801   -0.03459999999999999881   1.4722999999999999421  -14.16460000000000008     -9.4068000000000004945    5.5858999999999996433   10.893700000000000827   )	0.212813544608 -0.01923998741830868 -0.035957323466751484 -0.2595385040563529 -0.07253388056584242
434	(   4.2018000000000004235   -0.00689999999999999988   1.5162999999999999812  -14.145699999999999719    -9.464800000000000324     5.6313000000000004164   10.966799999999999216   )	0.043961206446000003 0.0021058075693529688 -0.013623816083183998 -0.029586168428960002 0.02655966423926781
435	(   4.3018000000000000682   -0.02040000000000000147   1.4982999999999999652  -14.087500000000000355    -9.5248000000000008214    5.6318999999999999062   11.006800000000000139   )	0.13148589357600002 0.11215206480668094 -0.062278578313412276 -0.04515587685424949 0.05850728154995277
436	(   4.231799999999999784    -0.01629999999999999852   1.4956000000000000405  -14.162900000000000489    -9.4992000000000000881    5.6512999999999999901   10.976800000000000779   )	0.10316400530399998 0.034580585493561244 -0.03951937223583776 0.030272032526204473 -0.0070624862672517
437	(   4.1917999999999997485   -0.00459999999999999992   1.5214000000000000856  -14.141500000000000625    -9.456300000000000594     5.633099999999999774    11.066800000000000637   )	0.029336060792 -0.008121143817879428 -0.008771901557864333 -0.017197701473614657 0.06186460969522933
438	(   4.1817999999999999616    0.00139999999999999999   1.5343999999999999861  -14.195700000000000429    -9.4345999999999996533    5.6378000000000003666   10.956799999999999429   )	-0.008983175488000001 -0.003826726395438129 0.0009948287200197924 0.014798755052779722 0.06421938296018759
439	(   4.2217999999999999972   -0.01519999999999999997   1.4981999999999999762  -14.095700000000000784    -9.4949999999999992184    5.6247999999999995779   10.976800000000000779   )	0.09614153155199999 0.029017791838289675 -0.035876745981629155 -0.07406473582940865 -0.009662486267251857
440	(   4.1718000000000001748    0.00459999999999999992   1.4662999999999999368  -14.124800000000000466    -9.4229000000000002757    5.6403999999999996362   10.956799999999999429   )	-0.028138707564 -0.027557679566027282 0.0045851877234774335 -0.042814491428724066 -0.07558061703981167
441	(   4.1917999999999997485   -0.05689999999999999919   1.5244999999999999662  -14.138899999999999579    -9.4512000000000000455    5.6342999999999996419   10.966799999999999216   )	0.36361370878999993 -0.00818738534218344 -0.05983143919507457 -0.009242759768666842 -0.06704033576073432
442	(   4.1718000000000001748    0.00250000000000000005   1.5369999999999999218  -14.128500000000000725    -9.4304000000000005599    5.6112999999999999545   10.956799999999999429   )	-0.0160301415 -0.027884521249606387 0.0023672506331616195 -0.09033083330999458 0.06161938296018832
443	(   4.2118000000000002103    0.04309999999999999942   1.5080999999999999961  -14.152499999999999858    -9.4784000000000006025    5.6283000000000003027   10.966799999999999216   )	-0.273763251498 0.012787353932844248 0.031035213056309817 -0.04994952512734807 0.12015966423926638
444	(   4.2118000000000002103   -0.00919999999999999984   1.5112000000000000988  -14.149900000000000588    -9.473300000000000054     5.6295000000000001705   10.866799999999999571   )	0.05855682387200001 0.01248091250765615 -0.01908067285641926 -0.04198181669181 0.13453776531995398
445	(   4.231799999999999784    -0.01839999999999999969   1.5663000000000000256  -14.166600000000000747    -9.5067000000000003723    5.6222000000000003084   10.976800000000000779   )	0.121960137456 0.03543743024609114 -0.04652412587401916 -0.016541385028380207 0.1301375137327483
446	(   4.1017999999999998906   -0.01250000000000000069   1.5039000000000000146  -14.156000000000000583    -9.4854000000000002757    5.6268000000000002458   10.976800000000000779   )	0.07710871275 -0.09671050286973593 -0.027916233952095783 -0.060238547181096 -0.11286248626725115
447	(   4.1417999999999999261    0.01590000000000000094   1.5663000000000000256  -14.104100000000000747    -9.471399999999999153     5.6493000000000002103   10.936799999999999855   )	-0.103148091306 -0.0536092986495591 0.0067774314470900425 0.0929597883274429 0.13104317552386213
448	(   4.2618000000000000327   -0.0297000000000000007    1.4662999999999999368  -14.187300000000000466    -9.4581999999999997186    5.6132999999999997343   10.996800000000000352   )	0.185597596998 0.07234711852421416 -0.03438979075985878 -0.15285017915622756 -0.06498918293439804
449	(   4.3018000000000000682   -0.00129999999999999994   1.5286999999999999478  -14.135400000000000631    -9.4442000000000003723    5.6357999999999996987   10.956799999999999429   )	0.008549010158 0.1018131127267301 -0.0028841063548364623 0.0010213274057764288 0.16741938296018866
450	(   4.304400000000000226    -0.02040000000000000147   1.4982999999999999652  -14.087500000000000355    -9.5248000000000008214    5.6318999999999999062   11.006099999999999994   )	0.131565363408 0.1147520648066811 -0.062278578313412276 -0.04515587685424949 0.06099766302190002
451	(   4.1994999999999995666   -0.00689999999999999988   1.5163999999999999702  -14.125700000000000145    -9.4647000000000005571    5.6319999999999996732   10.966799999999999216   )	0.04394004041999999 5.2236900293323174e-5 -0.013590275323753202 -0.02665090608013898 0.024459664239266488
452	(   4.1925999999999996604   -0.00689999999999999988   1.5166999999999999371  -14.065699999999999648    -9.4643999999999994799    5.634100000000000108    10.966799999999999216   )	0.04387652329799999 0.014015102792089174 -0.01349015544514224 -0.017851690971683487 0.01815966423926607
453	(   4.1726000000000000867   -0.00689999999999999988   1.51760000000000006    -13.885699999999999932    -9.463499999999999801     5.6403999999999996362   10.966799999999999216   )	0.043693130544 0.23263836144300054 -0.0131943177172552 0.008485508571276057 -4.033576073236844e-5
454	(   4.1925999999999996604   -0.00790000000000000077   1.5162999999999999812  -14.075699999999999434    -9.4443999999999999062    5.6341999999999998749   10.965500000000000469   )	0.050222191102 0.008448401901863356 -0.009516895048310322 -0.017847214053120064 0.015910168871767105
455	(   4.1925999999999996604   -0.01089999999999999997   1.5150999999999998913  -14.105700000000000571    -9.3843999999999994088    5.6345000000000000639   10.965500000000000469   )	0.069239070034 -0.0032426652061099404 -0.01774387422240499 -0.017833919166804435 0.007510168871766254
456	(   4.1925999999999996604   -0.02089999999999999844   1.5150999999999998913  -14.195700000000009311    -9.204399999999999693     5.6345000000000000639   10.965500000000000469   )	0.13276115263399996 0.006973273604566899 -0.22159820132730398 -0.017833919166804435 -0.012489831128234208
457	(   4.1925999999999996604   -0.01089999999999999997   1.5150999999999998913  -14.305699999999999861    -9.3843999999999994088    5.6345000000000000639   10.965500000000000469   )	0.069239070034 0.11076906104734086 -0.01774387422240499 -0.017833919166804435 0.007510168871766254
458	(   4.0926000000000000156   -0.01089999999999999997   1.5250999999999999002  -14.105700000000000571    -9.3843999999999994088    5.6345000000000000639   10.965500000000000469   )	0.06803370443399999 -0.10324266520610959 -0.01774387422240499 -0.007833919166804426 -0.07248983112823293
459	(   4.2926000000000001933   -0.01089999999999999997   1.5051000000000001044  -14.105700000000000571    -9.3843999999999994088    5.6345000000000000639   10.965500000000000469   )	0.070422635634 0.09675733479389059 -0.01774387422240499 -0.027833919166804222 0.08751016887176721
460	(   4.1925999999999996604    0.00910000000000000045   1.4651000000000000689  -14.105700000000000571    -9.4844000000000008299    5.6044999999999998153   10.945499999999999119   )	-0.055897462166 -0.0032426652061099404 -0.005812425022980176 -0.19010084218297485 -0.04096155751960673
461	(   4.1925999999999996604   -0.00089999999999999998   1.4651000000000000689  -14.105700000000000571    -9.3643999999999998352    5.6044999999999998153   11.065500000000000114   )	0.005528320434 -0.0032426652061099404 -0.016192495737740276 -0.19010084218297485 -0.04385218451006434
462	(   4.1925999999999996604   -0.03090000000000000038   1.5650999999999999357  -14.105700000000000571    -9.2843999999999997641    5.6645000000000003126   10.985500000000000043   )	0.20276080223399998 -0.0032426652061099404 -0.11312285282046196 0.15239217831624763 0.06173071242266648
463	(   4.1925999999999996604   -0.01089999999999999997   1.5150999999999998913  -13.905699999999999505    -9.3843999999999994088    5.6345000000000000639   10.965500000000000469   )	0.069239070034 0.2136330819758694 -0.01774387422240499 -0.017833919166804435 0.007510168871766254
464	(   4.1925999999999996604   -0.02089999999999999844   1.5650999999999999357  -14.105700000000000571    -9.4044000000000007589    5.6645000000000003126   10.865500000000000824   )	0.13714241963399998 -0.0032426652061099404 -0.02264385599215469 0.15239217831624763 0.2021336219077634
465	(   4.1825999999999998735    0.01909999999999999892   1.4251000000000000334  -14.115700000000000358    -9.3544000000000000483    5.7344999999999997087   10.935499999999999332   )	-0.113847904266 -0.015464813128621024 -0.0016685177067763055 0.2825695449658643 -0.10304701910195835
466	(   4.1925999999999996604    0.08909999999999999865   1.5550999999999999268  -14.105700000000000571    -9.3943999999999991957    5.6544999999999996376   10.975500000000000256   )	-0.580924182366 -0.0032426652061099404 0.08522534598793492 0.10257044811848592 0.2839010448365249
467	(   4.1925999999999996604   -0.11089999999999999858   1.4751000000000000778  -14.105700000000000571    -9.374399999999999622     5.6144999999999996021   10.955500000000000682   )	0.685861522434 -0.0032426652061099404 -0.12155032897467967 -0.1391454712137854 -0.26744335907309935
468	(   4.2026000000000003354   -0.04089999999999999886   1.6050999999999999712  -14.095700000000000784    -9.4144000000000005457    5.5345000000000004192   10.995499999999999829   )	0.275894764334 0.009817791838290013 -0.04135233245347229 -0.34084451846179387 0.13100003973422325
469	(   4.2026000000000003354   -0.07090000000000000469   1.5550999999999999268  -14.095700000000000784    -9.454399999999999693     5.7344999999999997087   11.035500000000000753   )	0.46336434513400004 0.009817791838290013 -0.07458427607719356 0.4125695449658642 -0.017528847091476507
470	(   4.1825999999999998735    0.04909999999999999781   1.4751000000000000778  -14.115700000000000358    -9.3143999999999991246    5.5345000000000004192   10.895500000000000185   )	-0.30293488506599997 -0.015464813128621024 -0.0018623672919161408 -0.47084451846179376 0.10286662107022781
471	(   4.1925999999999996604   -0.01990000000000000102   1.5115000000000000657  -14.195700000000009311    -9.204399999999999693     5.6353999999999997428   10.965500000000000469   )	0.12610858650999998 0.006973273604566899 -0.22059820132730398 -0.01779526111733576 -0.017689831128232747
472	(   4.1925999999999996604   -0.01909999999999999892   1.517900000000000027   -14.205700000000000216    -9.3779000000000003467    5.6360999999999998877   10.955199999999999605   )	0.12155139801399997 0.012295612342725804 -0.028322922570826775 -0.008566471520261354 0.0019302224692525627
473	(   4.1924999999999998934   -0.04739999999999999769   1.5275000000000000799  -14.085699999999999221    -9.4344000000000001194    5.6414999999999997371   10.919700000000000628   )	0.30355167375000003 0.0036153338625615206 -0.047788839283339365 0.02281741858644737 -0.0059297456360933865
474	(   4.1925999999999996604   -0.00270000000000000014   1.5122999999999999776  -14.00569999999999915     -9.3909000000000002473    5.6329000000000002402   10.975799999999999557   )	0.017119266246 0.06477369049283777 -0.007518564277381062 -0.02710717356505965 0.014614994693056715
475	(   4.142599999999999838    -0.01080000000000000057   1.5150999999999998913  -14.105700000000000571    -9.3843999999999994088    5.6345000000000000639   10.965600000000000236   )	0.067785695208 -0.05324266520610976 -0.01764387422240499 -0.017833919166804435 -0.04233304012393457
476	(   4.1927000000000003155    0.02560000000000000123   1.5026999999999999247  -14.125700000000000145    -9.3344000000000004746    5.6275000000000003908   11.01130000000000031    )	-0.16128947942400002 -0.006747763099705928 -0.008613033264815422 -0.058596400056543096 0.051080399057280346
477	(   4.2426000000000003709   -0.01099999999999999936   1.5150999999999998913  -14.105700000000000571    -9.3843999999999994088    5.6345000000000000639   10.965400000000000702   )	0.07070759586 0.04675733479389077 -0.01784387422240499 -0.017833919166804435 0.057353521607059754
478	(   4.1927000000000003155   -0.0393000000000000016    1.5016000000000000458  -14.125700000000000145    -9.4160000000000003695    5.6269000000000000128   11.015499999999999403   )	0.24742330197600004 -0.006747763099705928 -0.03962361258827079 -0.062132461729991206 -0.07984173339068423
479	(   4.1927000000000003155    0.03910000000000000281   1.4980999999999999872  -14.135699999999999932    -9.4239999999999994884    5.625                   10.959899999999999309   )	-0.24559037931700003 -0.007290961957814979 0.0390974580640863 -0.07335173484931556 0.07625922801018348
480	(   4.1924999999999998934   -0.06090000000000000274   1.5321000000000000174  -14.075699999999999434    -9.3447999999999993292    5.6440000000000001279   10.971099999999999852   )	0.391180751325 0.008348401901863589 -0.08770795967225802 0.03747919181883774 -0.06078812761423347
481	(   4.1925999999999996604   -0.02149999999999999828   1.4651000000000000689  -14.095700000000000784    -9.3759999999999994458    5.6364999999999998437   10.952199999999999491   )	0.13206543258999998 -0.0001822081617106619 -0.031485092806817216 -0.0597505246758272 -0.10666292490870344
482	(   4.1925999999999996604   -0.00029999999999999997   1.5650999999999999357  -14.115700000000000358    -9.3927999999999993719    5.6325000000000002842   10.97879999999999967    )	0.0019685514779999996 -0.005464813128621238 -0.004593414128096449 0.024073613297023178 0.12422572239994345
483	(   4.1924999999999998934    0.01750000000000000167   1.5285999999999999588  -14.085699999999999221    -9.3528000000000002245    5.6421000000000001151   10.915499999999999758   )	-0.11215147125000001 0.0036153338625615206 -0.004221921307947515 0.02633361097152176 0.130767033677043
484	(   4.1925999999999996604   -0.00519999999999999976   1.5132000000000001005  -14.105700000000000571    -9.3888999999999995794    5.6844999999999998863   10.972599999999999909   )	0.032990060064 -0.0032426652061099404 -0.010604038549229469 0.17929509738739235 0.012399620228335628
485	(   4.1925999999999996604   -0.01660000000000000017   1.5169999999999999041  -14.105700000000000571    -9.3798999999999992383    5.5845000000000002416   10.958399999999999253   )	0.10557889171999998 -0.0032426652061099404 -0.025053254397338486 -0.22062887255356123 0.003345296629279737
486	(   4.1917999999999997485   -0.01400000000000000029   1.5123999999999999666  -14.115399999999999281    -9.3849999999999997868    5.6397000000000003794   10.945499999999999119   )	0.08875549648 -0.006210355406541801 -0.020642097542561893 0.00046371181278459517 0.006638442480393358
487	(   4.1894000000000000128   -0.02330000000000000127   1.5042999999999999705  -14.145400000000000418    -9.3867999999999991445    5.6553000000000004377   10.885500000000000398   )	0.146839265986 -0.010315316748905623 -0.029354855253669224 0.054965928673527786 0.038285945765409224
488	(   4.1935000000000002274   -0.00559999999999999994   1.5143999999999999684  -14.105399999999999494    -9.3857999999999996987    5.6372999999999997556   10.995499999999999829   )	0.03556356384 -0.0022630436018395983 -0.011977751140171532 -0.0072197363078629895 0.011100039734223799
489	(   4.1985999999999998877    0.02440000000000000155   1.5243999999999999773  -14.075400000000000134    -9.3881999999999994344    5.6272999999999999687   11.145500000000000185   )	-0.156168438496 0.014603283874062178 0.01878312739781635 -0.03770833459500289 0.25683061207825286
490	(   4.1688000000000000611   -0.00559999999999999994   1.5043999999999999595  -14.205399999999999139    -9.3727999999999997982    5.6173000000000001819   10.965500000000000469   )	0.035120639232 -0.011676176241888214 -0.016936960064916413 -0.09841208237651111 -0.027089831128233044
491	(   4.2182000000000003936   -0.00559999999999999994   1.5243999999999999773  -14.005399999999999849    -9.3987999999999995993    5.6573000000000002174   11.02549999999999919    )	0.036009254848 0.09070154802388775 -0.008433751129525654 0.08304732472008935 0.062246022920209754
492	(   4.1546000000000002927   -0.00559999999999999994   1.5043999999999999595  -14.075400000000000134    -9.3653999999999992809    5.6073000000000003951   11.095499999999999474   )	0.035001009344 -0.029396716125937417 -0.020390722323180028 -0.13931469869598434 0.02385409635720137
493	(   4.1554999999999999716   -0.00559999999999999994   1.5043999999999999595  -14.075400000000000134    -9.4358000000000004093    5.6073000000000003951   10.955500000000000682   )	0.03500859152 -0.028496716125937738 -0.006110217803134356 -0.13931469869598434 -0.03534335907309849
494	(   4.231499999999999595    -0.00559999999999999994   1.5243999999999999773  -14.135400000000000631    -9.3358000000000007645    5.6673000000000000043   11.035500000000000753   )	0.03612279215999999 0.03151311272672963 -0.03876406592831141 0.12279368170670146 0.08057115290852312
495	(   4.232400000000000162    -0.00559999999999999994   1.5243999999999999773  -14.135400000000000631    -9.4062000000000001165    5.6673000000000000043   10.895500000000000185   )	0.036130475136 0.0324131127267302 -0.00704942386746581 0.12279368170670146 0.1418666210702284
496	(   4.1994999999999995666   -0.00559999999999999994   1.4144000000000001016  -14.105399999999999494    -9.3888999999999995794    5.6473000000000004306   11.005499999999999616   )	0.03326272768 0.003736956398159741 -0.011004038549229468 -0.06696248241456293 -0.182190680969474
497	(   4.1875                  -0.00559999999999999994   1.6144000000000000572  -14.105399999999999494    -9.3826999999999998181    5.6272999999999999687   10.985500000000000043   )	0.03785768 -0.008263043601839826 -0.013031942312559544 0.05229166540499719 0.20583071242266815
498	(   4.1957000000000004292   -0.10559999999999999942   1.5143999999999999684  -14.105399999999999494    -9.3870000000000004547    5.6372999999999997556   10.995499999999999829   )	0.6709790292480001 -6.30436018393965e-5 -0.11159128112896172 -0.0072197363078629895 -0.1866999602657753
499	(   4.1913000000000000256    0.0943999999999999978    1.5143999999999999684  -14.105399999999999494    -9.3846000000000007191    5.6372999999999997556   10.995499999999999829   )	-0.5991855655680001 -0.0044630436018398 0.08762371959025425 -0.0072197363078629895 0.2089000397342229
500	(   4.1901999999999999247   -0.01559999999999999928   1.4943999999999999506  -14.025399999999999423    -9.3363999999999993662    5.5572999999999996845   10.895500000000000185   )	0.097684624128 0.042447665100108445 -0.04831946842635232 -0.35623577401482387 0.019666621070228096
501	(   4.1967999999999996419    0.00440000000000000027   1.5343999999999999861  -14.185399999999999565    -9.4352000000000000313    5.7172999999999998266   11.095499999999999474   )	-0.028334107648 0.006563422631731264 0.003943817129809653 0.3270213269805575 0.1460540963572008
502	(   4.1643999999999996575   -0.00559999999999999994   1.5043999999999999595  -14.08539999999999992     -9.3704999999999998295    5.7373000000000002885   10.965500000000000469   )	0.03508357081599999 -0.024354822364012207 -0.01796146099560726 0.3723210136118855 -0.03148983112823345
503	(   4.2225999999999999091   -0.00559999999999999994   1.5243999999999999773  -14.125400000000000844    -9.401099999999999568     5.5373000000000001108   11.02549999999999919    )	0.036046816064 0.023181508957822672 -0.007954272449678963 -0.40981868215654704 0.06664602292020927
504	(   4.1985999999999998877    0.01959999999999999937   1.5203999999999999737  -14.075400000000000134    -9.3881999999999994344    5.6300999999999996604   11.145500000000000185   )	-0.125117608224 0.014603283874062178 0.013983127397816347 -0.03034914184908377 0.23923061207825302
505	(   4.1951999999999998181   -0.00549999999999999968   1.5152000000000001023  -14.104100000000000747    -9.4057999999999992724    5.6367000000000002657   10.993499999999999162   )	0.034961118719999996 -0.00020929864955920863 -0.007012502983234014 -0.008842689224846323 0.014630979171644576
506	(   4.1830999999999995964   -0.00619999999999999978   1.5097000000000000419  -14.05540000000000056     -9.3864000000000000767    5.6407999999999995921   11.007400000000000517   )	0.039154401634 0.011117972454504077 -0.012383008586513712 0.002197444237328483 -0.008893145119475143
507	(   4.1917999999999997485   -0.00570000000000000021   1.5136000000000000565  -14.106700000000000017    -9.3658000000000001251    5.6379000000000001336   10.997500000000000497   )	0.036164838336 -0.004302621203928325 -0.020292348279691633 -0.005597616258356197 0.007626700219367066
508	(   4.1741999999999999105   -0.00670000000000000023   1.5058000000000000274  -14.120100000000000762    -9.3869000000000006878    5.6437999999999997058   10.945499999999999119   )	0.042112919412 -0.02457674075993488 -0.012723026311775857 0.0103748035778779 -0.009561557519607078
509	(   4.2038999999999999702   -0.0050000000000000001    1.5190999999999998948  -14.155400000000000205    -9.3851999999999993207    5.633799999999999919    10.983599999999999142   )	0.03193072245 0.005296111906327283 -0.011575508509505936 -0.01666525737025215 0.033132312310950596
510	(   4.1792999999999995708   -0.00800000000000000017   1.4946999999999999176  -14.138999999999999346    -9.3884000000000007446    5.6521999999999996689   11.04550000000000054    )	0.04997439767999999 -0.020685887575929485 -0.013555643977817002 0.03297423709383218 -0.029368353410742287
511	(   4.2127999999999996561   -0.00449999999999999966   1.5229999999999999094  -14.090700000000000003    -9.384700000000000486     5.6307999999999998053   11.04550000000000054    )	0.028872424799999994 0.021862016822487007 -0.01124260909616408 -0.02491202108158297 0.06773164658925701
512	(   4.2076999999999999957   -0.00320000000000000015   1.5341000000000000192  -14.071799999999999642    -9.3832000000000004292    5.6223999999999998423   10.945499999999999119   )	0.020656104224 0.02562036994951633 -0.01045646972057009 -0.047927296510104966 0.08753844248039311
513	(   4.1989999999999998437   -0.00530000000000000002   1.464399999999999924   -14.101200000000000401    -9.3855000000000003979    5.6353999999999997428   10.989200000000000301   )	0.03258978268 0.004430865162292186 -0.011776252990575284 -0.0648952611173359 -0.08250745686013694
514	(   4.1942000000000003723   -0.05559999999999999665   1.5146999999999999353  -14.104900000000000659    -9.3857999999999996987    5.6371000000000002217   10.994799999999999685   )	0.35322428354400004 -0.0014286643319518788 -0.06197775114017153 -0.0077272949116331535 -0.08759568344799096
515	(   4.1928000000000000824    0.04440000000000000197   1.5141000000000000014  -14.105900000000000105    -9.3857999999999996987    5.6375000000000001776   10.996199999999999974   )	-0.281865340512 -0.0030953271088600687 0.03802224885982847 -0.006712270244930929 0.10980281891520782
516	(   4.1879999999999997229   -0.00589999999999999986   1.5644000000000000128  -14.109600000000000364    -9.3861000000000007759    5.6391999999999997684   11.001799999999999358   )	0.03865507248 -0.008809076195131382 -0.012180002993754178 0.05044743670065199 0.10527906476089477
517	(   4.197600000000000442    -0.00540000000000000029   1.5161999999999999922  -14.102299999999999613    -9.3856000000000001648    5.6872999999999995779   10.990800000000000125   )	0.034367766048 0.0027038862849240175 -0.011843335297736606 0.1932325649199409 0.01936411426963769
518	(   4.1894000000000000128   -0.0057999999999999996    1.5125999999999999446  -14.108499999999999375    -9.3859999999999992326    5.5872999999999999332   11.000199999999999534   )	0.036753941352 -0.0071494126152718 -0.012112501962161808 -0.21345102194338317 0.00315405885305875
519	(   4.1947000000000000952   -0.00749999999999999972   1.50869999999999993    -14.088900000000000645    -9.3957999999999994856    5.643500000000000405    10.99740000000000073    )	0.047464079175 0.004477133827728075 -0.011025846207252247 0.012068039884228998 -0.002876000800199563
520	(   4.1982999999999996987   -0.01319999999999999993   1.4916000000000000369  -14.039400000000009427    -9.4258000000000006224    5.6620999999999996888   11.003099999999999881   )	0.082660832496 0.038317429447643825 -0.013204387168065938 0.06935943600036865 -0.04449222599517544
521	(   4.1927000000000003155   -0.00679999999999999962   1.5115000000000000657  -14.095000000000000639    -9.3926999999999996049    5.6425000000000000711   10.97739999999999938    )	0.043093409140000004 0.00016338888845268684 -0.011120299220648519 0.010843927922794538 0.004477932213596603
522	(   4.1867000000000000881   -0.00470000000000000018   1.5199000000000000288  -14.115000000000000213    -9.3833999999999999631    5.6394999999999999574   10.917400000000000659   )	0.029907817051000003 -0.011236570228097875 -0.011886866642158054 0.007157272222671818 0.06101121870273918
523	(   4.1939000000000001833   -0.00339999999999999981   1.509100000000000108   -14.095000000000000639    -9.4427000000000003155    5.6474000000000001975   10.973300000000000054   )	0.021518649266 0.0013633888884525547 -0.0047488934282004965 0.028138867272085477 0.008871645240837722
524	(   4.1914999999999995595   -0.01020000000000000073   1.5139000000000000234  -14.095000000000000639    -9.3427000000000006708    5.6375999999999999446   10.981500000000000483   )	0.06472422087 -0.0010366111115480692 -0.03843104384367603 -0.006508571956655995 0.0003261219387242775
525	(   4.1947999999999998622   -0.00089999999999999998   1.5073000000000000842  -14.195000000000000284    -9.3903999999999996362    5.6509000000000000341   10.970399999999999707   )	0.005690539836000001 0.008831928827683022 -0.005861790434135724 0.04037039196563397 0.012161998395109563
526	(   4.2126999999999998892   -0.01569999999999999868   1.517900000000000027   -14.105000000000000426    -9.3961000000000005627    5.6298000000000003595   10.987999999999999545   )	0.10039298008099999 0.01704429215946046 -0.019153239989138086 -0.03406538062421638 0.017513054892111413
527	(   4.1726999999999998536    0.00209999999999999987   1.5051000000000001044  -14.085000000000000853    -9.3893000000000004235    5.6551999999999997826   10.966799999999999216   )	-0.013188694616999999 -0.015880527638229225 -0.0031842623081187915 0.05536658452963472 -0.006940335760733163
528	(   4.187800000000000189    -0.02050000000000000086   1.5214000000000000856  -14.115000000000000213    -9.3979999999999996874    5.6227999999999997982   10.927400000000000446   )	0.13061203786000003 -0.010136570228097774 -0.023510928793857674 -0.058999368230685745 0.02301186978413572
529	(   4.1905999999999998806   -0.01269999999999999948   1.5157000000000000473  -13.994999999999999218    -9.3949999999999995737    5.634100000000000108    10.98440000000000083    )	0.08066649373399999 0.07491768025310996 -0.016423152511435578 -0.018851690971683377 -0.0025010115597448035
530	(   4.197600000000000442     0.00689999999999999988   1.5016000000000000458  -14.074999999999999289    -9.3873999999999995225    5.6622000000000003439   11.027400000000000091   )	-0.043491501504 0.0138109601987777 0.001034861986162248 0.07975694688942392 0.021890245128631136
531	(   4.1902999999999996916   -0.01359999999999999924   1.4615000000000000213  -14.105000000000000426    -9.3953000000000006509    5.6326999999999998181   10.98559999999999981    )	0.08328807891999998 -0.005355707840539736 -0.017248533737017076 -0.07871673535135959 -0.11318372158440759
532	(   4.1951000000000000512    0                        1.5615000000000001101  -14.085000000000000853    -9.3901000000000003354    5.652300000000000324    10.969200000000000728   )	-0.0 0.006519472361770973 -0.0050487317556986355 0.10017435460437984 0.12310718075563543
533	(   4.1802999999999999048   -0.00929999999999999924   1.5365999999999999659  -14.134999999999999787    -9.4061000000000003496    5.5925000000000002487   11.019199999999999662   )	0.05973807551399999 -0.019680278368214843 -0.010765067734942227 -0.167980686808044 0.038918107189447326
534	(   4.205099999999999838    -0.0043                   1.4863999999999999435  -14.054999999999999716    -9.3793000000000006366    5.6924999999999998934   10.935600000000000875   )	0.026876980752 0.03339214945483171 -0.012980641605502458 0.18368009624259019 -0.00483324661354434
535	(   4.1994999999999995666    0.01230000000000000017   1.4977000000000000313  -14.074999999999999289    -9.385400000000000631     5.5925000000000002487   10.95449999999999946    )	-0.077361971145 0.015710960198776824 0.005790745575636436 -0.20688068680804395 0.03164026953672927
536	(   4.1859000000000001762   -0.02589999999999999941   1.5253000000000001002  -14.115000000000000213    -9.4000000000000003553    5.6924999999999998934   11.000299999999999301   )	0.165365109693 -0.012036570228097787 -0.028478051166858528 0.22258009624259034 -0.015139208219176581
537	(   4.1867000000000000881   -0.00470000000000000018   1.5199000000000000288  -14.113300000000000622    -9.3833999999999999631    5.6394999999999999574   10.917400000000000659   )	0.029907817051000003 -0.010908004540357119 -0.011886866642158054 0.007157272222671818 0.06101121870273918
538	(   4.1940999999999997172   -0.00689999999999999988   1.5157000000000000473  -14.144999999999999574    -9.3966999999999991644    5.6398000000000001464   10.978199999999999292   )	0.043863281852999994 -0.005642306664766394 -0.010210291849210035 0.00416689633208045 0.013873215565832986
539	(   4.1919000000000004036   -0.00670000000000000023   1.508999999999999897   -14.096799999999999997    -9.3902999999999998693    5.6440999999999998948   10.99740000000000073    )	0.04238136657 -0.0012598587847172382 -0.011690687074670865 0.014781349624607643 -0.003476000800199941
540	(   4.1935000000000002274   -0.00689999999999999988   1.5140000000000000124  -14.093199999999999505    -9.3950999999999993406    5.6409000000000002473   10.957399999999999807   )	0.0438078171 0.0016137558068125557 -0.010598195734226028 0.0069003689443962735 0.01818729308407452
541	(   4.1826999999999996405   -0.0071999999999999998    1.5246999999999999442  -14.085499999999999687    -9.4053000000000004377    5.6340000000000003411   10.979799999999999116   )	0.04591701136799999 -0.006098187174325531 -0.008793240511777725 -0.010256190508179941 0.019491414074610525
542	(   4.1929999999999996163    0.00320000000000000015   1.5122999999999999776  -14.094400000000000261    -9.3934999999999995168    5.6420000000000003482   10.977499999999999147   )	-0.02029143648 0.0006771650207761937 -0.0009075657313999375 0.009630971920083331 0.026351838954668416
543	(   4.1924000000000001265   -0.01679999999999999896   1.5106999999999999318  -14.095599999999999241    -9.391899999999999693     5.6429999999999997939   10.977299999999999613   )	0.10640210582399999 -0.0003473739915138552 -0.021338397648786575 0.012056284581626997 -0.0173958306225952
544	(   4.1913000000000000256   -0.00670000000000000023   1.5073000000000000842  -14.044999999999999929    -9.3887000000000000455    5.6451999999999999957   10.976599999999999469   )	0.04232756148300001 0.026877018559257948 -0.01216442937761304 0.017503482687039273 -0.004908141228112228
545	(   4.2027000000000001023   -0.00640000000000000031   1.4982999999999999652  -14.104499999999999815    -9.3801000000000005485    5.650999999999999801    10.974999999999999645   )	0.040300194624 0.007180347942992604 -0.014778127940116612 0.031770840130042055 -0.010452660594125973
546	(   4.1996000000000002217   -0.00740000000000000033   1.5020999999999999908  -14.080000000000000071    -9.4126999999999991786    5.6289999999999995595   10.981099999999999639   )	0.04668082178400001 0.013310902694693816 -0.008012654181041108 -0.053109647376046176 -0.009491669335134567
547	(   4.1993000000000000327   -0.00740000000000000033   1.5315000000000000835  -14.080600000000000449    -9.3817000000000003723    5.6295000000000001705   10.980999999999999872   )	0.047591086830000004 0.012724910829898128 -0.0151891650226226 -0.02168181669181002 0.04902924269763709
548	(   4.1860999999999997101   -0.00619999999999999978   1.491500000000000048   -14.10940000000000083     -9.4037000000000006139    5.6554999999999999716   10.973800000000000665   )	0.03871012253 -0.01066261944994995 -0.008065701484049208 0.042964538865424506 -0.03988687834813476
549	(   4.1858000000000004093   -0.00619999999999999978   1.5208999999999999186  -14.109999999999999432    -9.3727000000000000313    5.6559999999999996945   10.973699999999999122   )	0.039470335964 -0.011100983209773041 -0.01758058472701008 0.07436060804052524 0.018644538647755837
550	(   4.188500000000000334    -0.00640000000000000031   1.4988999999999998991  -14.104100000000000747    -9.3805999999999993832    5.6224999999999996092   10.975199999999999179   )	0.04018011296000001 -0.006909298649558693 -0.014591775958517003 -0.08272028332118908 -0.02351161006442215
551	(   4.196900000000000297    -0.0071999999999999998    1.5241000000000000103  -14.085900000000000531    -9.4047999999999998266    5.6624999999999996447   10.979599999999999582   )	0.046054766088 0.007929189120988944 -0.008876076446906345 0.10344931673531632 0.03253712434247902
552	(   4.1977000000000002089   -0.00578199999999999981   1.5076000000000000512  -14.096299999999999386    -9.3884000000000007446    5.6406000000000000583   10.983900000000000219   )	0.03659111247064 0.004710544802692063 -0.011337643977817002 -0.0007084762603748462 0.0023172361505174877
553	(   4.2126999999999998892   -0.00268199999999999992   1.4959000000000000075  -14.100199999999999179    -9.3755000000000006111    5.6349000000000000199   11.003399999999999181   )	0.01690136840826 0.018436915916544727 -0.012872680410637823 -0.03541651028419679 -0.00042306822034809954
554	(   4.1990999999999996106   -0.00548199999999999989   1.5026999999999999247  -14.099000000000000199    -9.385400000000000631     5.6402999999999998693   10.963900000000000645   )	0.034591351858739995 0.005215234416955816 -0.011991254424363565 -0.0068175344740877275 0.0007570601947088917
555	(   4.196299999999999919    -0.00608199999999999973   1.5124999999999999556  -14.09360000000000035     -9.3914000000000008583    5.6409000000000002473   11.003899999999999793   )	0.0386018686075 0.0042668866126325256 -0.010759433301887528 0.005400368944396217 0.009635074378760322
556	(   4.188100000000000378    -0.00778199999999999985   1.5060000000000000053  -14.07830000000000048     -9.4084000000000003183    5.6425000000000000711   10.976000000000000867   )	0.049083242065200004 0.002637526372994081 -0.008908497187275303 0.005343927922794478 -0.012705652634171116
557	(   4.1970000000000000639    0.00421800000000000039   1.5100000000000000089  -14.095000000000000639    -9.3899000000000008015    5.6406999999999998252   10.983299999999999841   )	-0.02673144846 0.004463388888452435 -0.0008891116289248529 0.002094495830366583 0.02652068409971342
558	(   4.2073000000000000398   -0.00378200000000000021   1.509200000000000097   -14.114300000000000068    -9.3683999999999993946    5.6387000000000000455   10.991799999999999571   )	0.02401440337912 0.009495784627432613 -0.01711745494702838 -0.00676942445886497 0.01823856528862322
559	(   4.1984000000000003539   -0.01578200000000000089   1.5052000000000000934  -14.097599999999999909    -9.3869000000000006878    5.6405000000000002913   10.984500000000000597   )	0.09973327077376003 0.004971849317677801 -0.021805026311775857 -0.0035114720187769954 -0.02188102921228019
560	(   4.1933999999999995723   -0.00668199999999999957   1.5222999999999999865  -14.116300000000000736    -9.3973999999999993094    5.6414999999999997371   10.980399999999999494   )	0.042655300863239994 -0.004771462643519797 -0.009829335008316432 0.017617418586447275 0.026293737580004972
561	(   4.2019999999999999574   -0.00488200000000000005   1.4928999999999998938  -14.076299999999999812    -9.3794000000000004036    5.6397000000000003794   10.987399999999999167   )	0.0306255954356 0.017540888896613538 -0.01352453459666787 -0.019036288187215478 -0.021482914079645532
562	(   4.2030000000000002913   -0.0046820000000000004    1.4895000000000000462  -14.106199999999999406    -9.4084000000000003183    5.6395999999999997243   10.988300000000000622   )	0.029311045317000003 0.007026308808223192 -0.005808497187275304 -0.02283949622906367 -0.026983016851123587
563	(   4.1924000000000001265   -0.0068820000000000001    1.5257000000000000561  -14.086399999999999366    -9.3683999999999993946    5.6416000000000003922   10.979499999999999815   )	0.044019644087760004 0.0032152895766284217 -0.020217454947028382 0.021420176943008684 0.0318961953666399
564	(   4.1877000000000004221   -0.00478199999999999979   1.490799999999999903   -14.105499999999999261    -9.3780999999999998806    5.6395999999999997243   10.987899999999999778   )	0.029854136751120003 -0.008089667968535608 -0.013926450188601771 -0.021539496229063815 -0.03983996655927857
565	(   4.2076999999999999957   -0.00678199999999999983   1.5243999999999999773  -14.087099999999999511    -9.3986999999999998323    5.6416000000000003922   10.979900000000000659   )	0.04350122566216 0.018219340092058722 -0.009637604743524611 0.020120176943008605 0.044704774832737826
566	(   4.1980000000000003979   -0.00568200000000000042   1.5064999999999999503  -14.096899999999999764    -9.3877000000000005997    5.6605999999999996319   10.98419999999999952    )	0.035934598734000005 0.0048063116715484355 -0.011453410209706583 0.0782935283261148 0.0005674556367996075
567	(   4.1974000000000000199   -0.00588200000000000008   1.50869999999999993    -14.095700000000000784    -9.3890999999999991132    5.6205999999999995964   10.983599999999999142   )	0.03724845542916 0.004617791838289698 -0.011225982856195258 -0.08065706106405801 0.004068312310949729
568	(   4.2126999999999998892   -0.00272799999999999996   1.4959000000000000075  -14.100199999999999179    -9.3755000000000006111    5.6349000000000000199   11.003399999999999181   )	0.01719125019304 0.018436915916544727 -0.012918680410637822 -0.03541651028419679 -0.0005150682203467483
569	(   4.1970729999999996096   -0.00559500000000000015   1.5079000000000000181  -14.096500000000000696    -9.3984000000000005315    5.6397000000000003794   10.982900000000000773   )	0.0354094478776365 0.00401513219942462 -0.008516668896661306 -0.004036288187215353 0.0028395285405853343
570	(   4.1951729999999995968   -0.00503400000000000028   1.508799999999999919   -14.097100000000009956    -9.428399999999999892     5.6369999999999995666   10.979900000000000659   )	0.0318635941307616 0.001911903768664125 -0.005089100265433055 -0.014031108875959708 0.004473774832736588
571	(   4.1960730000000001638   -0.00633900000000000002   1.5096000000000000529  -14.091499999999999915    -9.4184000000000001052    5.6395999999999997243   10.983700000000000685   )	0.040153709625271206 0.004825884796848534 -0.006509846894407449 -0.002739496229063665 0.003610142964519447
572	(   4.1930730000000000501   -0.00853899999999999972   1.5146999999999999353  -14.076499999999999346    -9.4784000000000006025    5.6393000000000004235   10.986100000000000421   )	0.054233303880600894 0.008512051566622603 -0.02060378694369018 0.0011507386714002532 0.006041267961782282
573	(   4.194873000000000296    -0.00733900000000000004   1.5078000000000000291  -14.111499999999999488    -9.4159000000000006025    5.6402000000000001023   10.983399999999999608   )	0.04641939156948661 -0.0023606817095789268 -0.007670027690037128 -0.002120601138749345 -0.003137917120755951
574	(   4.1912729999999998043   -0.01033899999999999923   1.5023999999999999577  -14.171499999999999986    -9.4084000000000003183    5.6420000000000003482   10.982499999999999929   )	0.06510435789221279 -0.0037781574511379645 -0.011465497187275303 -0.00026902807991668887 -0.02337432375884063
575	(   4.1947729999999996409   -0.00733900000000000004   1.5096000000000000529  -14.161500000000000199    -9.4161999999999999034    5.6399999999999996803   10.983700000000000685   )	0.0464736987853512 -0.002740680211144486 -0.007648034346196991 -0.0011268052614819002 0.0003101429645182563
576	(   4.19447300000000034     -0.00733900000000000004   1.5149999999999999023  -14.311500000000000554    -9.4170999999999995822    5.6394000000000001904   10.984600000000000364   )	0.046636604580705 0.12083154907542415 -0.007586589677336005 0.0018540171841165964 0.010662097099864098
577	(   4.1967730000000003088   -0.00863900000000000085   1.5107999999999999208  -14.171499999999999986    -9.4236000000000004206    5.6413999999999999702   10.993700000000000472   )	0.05477544687752761 0.00172184254886254 -0.008644827881916053 0.005714636417193164 0.0011202932382730069
578	(   4.1927729999999998611   -0.0060390000000000001    1.5083999999999999631  -14.151500000000000412    -9.4087999999999993861    5.6386000000000002785   10.973699999999999122   )	0.0381929235321348 -0.006364225465543605 -0.007111148724650402 -0.00797286683898113 0.0009395386477564216
579	(   4.2000729999999997233   -0.01083899999999999968   1.5129999999999999005  -14.061500000000000554    -9.436199999999999477     5.643900000000000361    10.982599999999999696   )	0.06887870655671098 0.02407418248634219 -0.011386920688370052 0.017977009797899512 0.005606923387989404
580	(   4.1747730000000000672   -0.01133900000000000012   1.5135000000000000675  -14.191499999999999559    -9.4393999999999991246    5.6444999999999998508   10.982499999999999929   )	0.0716456862096345 -0.012840454505219867 -0.012236912936094498 0.020889738374304745 -0.019674323758840373
581	(   4.2147730000000001027   -0.00333899999999999995   1.5057000000000000384  -14.131500000000000838    -9.3930000000000006821    5.6355000000000003979   10.984899999999999665   )	0.0211899073946679 0.014907878288736853 -0.007578895428853352 -0.023191079703853923 0.020315339830704993
582	(   4.1814730000000004395    0.00136100000000000001   1.5012000000000000899  -14.101499999999999702    -9.3661999999999991928    5.6494999999999997442   10.986399999999999721   )	-0.008543306311203602 -0.013186316355426442 -0.013034308897030035 0.028661466058256924 -0.01279901062518718
583	(   4.1980729999999999436   -0.00943899999999999947   1.4896000000000000352  -14.171499999999999986    -9.4284999999999996589    5.6424000000000003041   10.98300000000000054    )	0.0590263102156112 0.0030218425488621747 -0.00949718475065425 -0.011458615394642768 -0.04046664850204973
584	(   4.1914730000000002264   -0.00523899999999999973   1.5296000000000000707  -14.151500000000000412    -9.4039000000000001478    5.6375999999999999446   10.98440000000000083    )	0.033588680731091204 -0.00766422546554324 -0.007069468848979018 0.009191428043344052 0.041093988440255025
585	(   4.1810729999999995954    0.0015610000000000001    1.5009999999999998899  -14.101499999999999702    -9.4612999999999995993    5.6299999999999998934   10.986399999999999721   )	-0.009796509084452999 -0.013586316355427286 -0.004038718858044974 -0.050154532825714915 -0.013199010625188023
586	(   4.2080729999999997304   -0.01603900000000000117   1.518000000000000016   -14.221500000000000696    -9.4662000000000006139    5.6304999999999996163   10.980999999999999872   )	0.102454803361746 0.03787292528492969 -0.0232411778586223 -0.03112779780504127 0.013524242697636524
587	(   4.1894729999999995584   -0.00383899999999999996   1.5061999999999999833  -14.261499999999999844    -9.3962000000000003297    5.6360999999999998877   10.984799999999999898   )	0.0242247972689514 0.05406570843420777 -0.0072682056388863325 -0.020266471520261398 -0.004969218379269336
588	(   4.2049729999999998498    0.00266100000000000017   1.5160000000000000142  -14.211499999999999133    -9.454399999999999693     5.6474999999999999645   10.981700000000000017   )	-0.016963180659948 0.028136984634119955 -0.0010232760771935584 0.035440192197178755 0.043680881230108604
589	(   4.1845730000000003201   -0.01733900000000000025   1.5032000000000000917  -14.111499999999999488    -9.3780000000000001137    5.6325000000000002842   10.985699999999999577   )	0.10906664706649041 -0.012660681709578903 -0.026522644563387307 -0.037826386702976666 -0.04300301162013742
590	(   4.2084729999999996863   -0.01623899999999999996   1.518199999999999994   -14.221500000000000696    -9.3711000000000002075    5.6500000000000003553   10.980999999999999872   )	0.1037559029239554 0.03827292528492965 -0.02832894021327543 0.047665220881731196 0.013924242697635592
591	(   4.1931729999999998171   -0.00634499999999999995   1.5099000000000000199  -14.156800000000000495    -9.4133999999999993236    5.640420999999999907    10.98869999999999969    )	0.0401719202860815 -0.005208288598727684 -0.006888700100617038 0.0008701446084631304 0.000623236613079392
592	(   4.1963730000000003528   -0.00833300000000000013   1.509300000000000086   -14.166199999999999903    -9.4190000000000004832    5.6395790000000003417   10.978699999999999903   )	0.0527777702122437 -8.773687946650455e-5 -0.0084732147283817 -0.0031241729048789857 0.00035694480251891036
593	(   4.1981729999999997105   -0.00950999999999999936   1.508899999999999908   -14.111499999999999488    -9.4223999999999996646    5.6390810000000000102   10.984237000000000251   )	0.06024226700954699 0.0009393182904204878 -0.009533749684401174 -0.0055325231891683035 -0.0021215942066818982
594	(   4.1877729999999999677   -0.00285600000000000003   1.5111000000000001098  -14.140399999999999636    -9.436199999999999477     5.6418980000000003017   10.982590999999999326   )	0.0180731786365368 -0.012183098941056514 -0.0034039206883700523 0.008020255472911186 0.005474605249971454
595	(   4.1913729999999995712   -0.00516799999999999985   1.5102999999999999758  -14.211499999999999133    -9.4100000000000001421    5.6409190000000002385   10.983162999999999343   )	0.032714631957339195 0.014536984634119676 -0.006085163354127686 0.003276921958135004 0.002746031477976807
596	(   4.1976729999999999876   -0.0092180000000000005    1.508999999999999897   -14.17029999999999923     -9.4215999999999997527    5.6449999999999995737   10.984165000000000845   )	0.058389471918426 0.0022820712890831985 -0.009260417482739397 0.018399677540084314 -0.0018258033989813072
597	(   4.2017730000000002022   -0.01182199999999999918   1.5080999999999999961  -14.182600000000000762    -9.3962000000000003297    5.638101999999999947    10.984809000000000268   )	0.0749123948282886 0.010436520477587585 -0.015251205638886331 -0.010282357186130131 -0.004836614035812481
598	(   4.1918730000000001823   -0.00545999999999999958   1.5101999999999999869  -14.152699999999999392    -9.410800000000000054     5.6349999999999997868   10.983235000000000525   )	0.034564893661116 -0.0071137226452071545 -0.0062805567833923714 -0.020712214891462244 0.0024492020897968203
599	(   4.1957729999999999748   -0.00801100000000000076   1.5196000000000000618  -14.164699999999999847    -9.4181000000000008043    5.6397159999999999513   10.983866000000000795   )	0.051077308069558805 -0.00104391327190001 -0.008198296887953866 0.007728222917004368 0.019937959683321793
600	(   4.1937730000000001951   -0.00666700000000000018   1.4996000000000000441  -14.158300000000000551    -9.4143000000000007788    5.6402840000000002973   10.983534000000000574   )	0.04192864293266361 -0.004351533283300846 -0.007128091305499538 -0.009982023553633645 -0.019317277059781368
601	(   4.184772999999999854    -0.00929600000000000044   1.5118000000000000327  -14.131399999999999295    -9.3978999999999999204    5.6427089999999999748   10.982117000000000573   )	0.05881151417973441 -0.015087319585337156 -0.012329453469302974 0.01198516602488997 -0.008915168872345447
602	(   4.2047730000000003159   -0.00538199999999999963   1.5074000000000000732  -14.191599999999999326    -9.4344999999999998863    5.6372910000000002739   10.985283000000000797   )	0.034112595082316406 0.017205137247653823 -0.0057789632895991925 -0.014256074457526413 0.00957152939750916
603	(   4.203673000000000215    -0.00233899999999999993   1.5113000000000000878  -14.137999999999999901    -9.4018999999999994799    5.6421169999999998268   10.982462999999999198   )	0.014859692740461101 0.0036759147448970353 -0.0045369010722385705 0.009102057232924343 0.022832651281195382
604	(   4.1858729999999999549   -0.01233899999999999927   1.5079000000000000181  -14.185000000000000497    -9.4305000000000003268    5.6378830000000004219   10.984937000000000396   )	0.07788226136738129 -0.004524720317935049 -0.012476513777595441 -0.011366231496882317 -0.022190337143154437
605	(   4.1973130000000002937   -0.00631899999999999996   1.508888000000000007   -14.166100000000000136    -9.4110999999999993548    5.6402499999999999858   10.985699999999999577   )	0.04001996610218814 0.000827930982771008 -0.007104714764658984 -0.000831064855014052 0.0031529883798624425
606	(   4.2049130000000003449   -0.00325900000000000018   1.5067880000000000162  -14.179899999999999949    -9.3957999999999994856    5.6410000000000000142   10.991699999999999804   )	0.020648738672738 0.012578012702644692 -0.006784846207252247 9.126993544561479e-5 0.012079072209015607
607	(   4.1978130000000000166   -0.00699099999999999982   1.5081880000000000841  -14.164799999999999613    -9.4311000000000007049    5.6412769999999996529   10.985423000000000826   )	0.04426065852917241 0.0010192447471846222 -0.0071588641197150825 0.002607181714874729 0.0009489247170275661
608	(   4.1993130000000000734   -0.00899100000000000073   1.5060880000000000933  -14.160899999999999821    -9.491100000000010084     5.6443770000000004217   10.984592000000009904   )	0.05686389344363811 0.001678239814996374 -0.02743810309589803 0.012983200174762732 -0.005624638303023843
609	(   4.1969130000000003378   -0.00729099999999999974   1.5096879999999999189  -14.160700000000000287    -9.4230000000000000426    5.640376999999999974    10.980423000000000044   )	0.046195988847212904 -0.0007614489417315795 -0.007304276792899341 0.00048081076317485483 0.003359716434456317
610	(   4.1987129999999996954   -0.0066909999999999999    1.5066880000000000273  -14.168900000000000716    -9.4391999999999995907    5.6421770000000002199   10.990422999999999831   )	0.0423282729456119 0.0029409260582013985 -0.007564519340258139 0.004731626748949447 -0.0011019441922446305
611	(   4.2003130000000004074   -0.00609100000000000006   1.5041880000000000805  -14.114800000000000679    -9.4526000000000003354    5.6435769999999996216   10.984947000000000017   )	0.03848330596245081 0.0024138258688592984 -0.009341237878609694 0.007865796637155587 -0.0026798680771804584
612	(   4.1916130000000002553   -0.00919099999999999952   1.518188000000000093   -14.137900000000000134    -9.4535999999999997812    5.6354769999999998475   10.986610000000000653   )	0.05848836741762961 -0.008384743024262953 -0.012679015767110464 -0.010796039406675284 0.010185565353263648
613	(   4.1878130000000002298   -0.0058910000000000004    1.5031879999999999686  -14.178200000000000358    -9.4578000000000006509    5.6441769999999999996   10.98483099999999979    )	0.037084258830049004 -0.0051193778926101885 -0.010469246827628533 0.009278994623504122 -0.016762020731431626
614	(   4.1953129999999996258   -0.00789100000000000044   1.5121880000000000877  -14.214800000000000324    -9.409599999999999298     5.6389769999999996841   10.985898999999999859   )	0.05006130868349401 0.020575133720131866 -0.008858481774583165 -0.002664011095112162 0.004580979532980756
615	(   4.1969130000000003378    0.00300899999999999996   1.5095879999999999299  -14.160999999999999588    -9.4235000000000006537    5.640476999999999741    10.98559099999999944    )	-0.0190638489910486 -0.0007017899481560619 0.003002140632076302 0.000783835610692174 0.022824571580610353
616	(   4.2078129999999998034   -0.00809099999999999923   1.5131879999999999775  -14.151400000000000645    -9.4044000000000007589    5.6383770000000001943   10.986015000000000086   )	0.0515171134072958 0.008663778396721611 -0.009834855992154692 -0.004084627398968088 0.018664915806425597
617	(   4.2040129999999997779   -0.00479100000000000012   1.4981880000000000752  -14.19170000000000087     -9.4085999999999998522    5.6470770000000003463   10.984235999999999223   )	0.030175643160075205 0.016490812503241692 -0.005890155043897496 0.015930418688231862 -0.008267430956531818
618	(   4.1987129999999996954   -0.01699099999999999916   1.5067880000000000162  -14.168599999999999639    -9.438700000000000756     5.6420769999999995647   10.985255000000000436   )	0.10749475705207338 0.0028613896668829852 -0.017805004747589618 0.004429006106276834 -0.02092631580471771
619	(   4.1920130000000002113   -0.00909100000000000012   1.5022880000000000678  -14.139699999999999491    -9.3810999999999999943    5.6358769999999998035   10.986530999999999381   )	0.05725158001683871 -0.00796005123174659 -0.017098515784966455 -0.02507952131314184 -0.021004192491575147
620	(   4.2006129999999997082   -0.0059909999999999998    1.5037879999999999026  -14.176700000000000301    -9.4548000000000005372    5.631276999999999866    10.984897000000000133   )	0.0378441370494656 0.007173604671770306 -0.009775418726839284 -0.04219134550811443 -0.002972199010315535
621	(   4.2036129999999998219   -0.00489100000000000038   1.5140880000000001004  -14.189899999999999736    -9.481099999999999639     5.6466770000000003904   10.984315000000000495   )	0.031129454239726108 0.01528143529583037 -0.018200041043959555 0.030224552363454116 0.022919716636662812
622	(   4.195013000000000325    -0.00799099999999999984   1.5125880000000000436  -14.152900000000000702    -9.4074000000000008725    5.6512770000000003279   10.985948999999999742   )	0.05070550265223921 -0.003947463385386207 -0.00925924511112873 0.047167949190664915 0.00487403175731238
623	(   4.1993130000000000734   -0.00900699999999999938   1.5060880000000000933  -14.160899999999999821    -9.491100000000010084     5.6443580000000004304   10.984592000000009904   )	0.0569650860023188 0.001678239814996374 -0.027454103095898026 0.012906804819599937 -0.005656638303023875
624	(   4.1928130000000001232   -0.00390099999999999995   1.5078149999999999054  -14.163100000000000023    -9.4258000000000006224    5.6398820000000000618   10.985875999999999308   )	0.024662068687354093 -0.004363034273655586 -0.0039053871680659385 -0.0033875099259343955 0.001318187596329956
625	(   4.1778130000000004429    0.00539900000000000015   1.5066960000000000353  -14.157999999999999474    -9.4099000000000003752    5.6356820000000000803   10.987235000000000085   )	-0.033985053639443354 -0.020364395071309715 0.004469382984478715 -0.021459528165850505 0.002503703155893433
626	(   4.1953129999999996258   -0.00230100000000000009   1.5051790000000000447  -14.175900000000000389    -9.4306000000000000938    5.6399819999999998288   10.99087600000000009    )	0.014530117856888127 0.0016108989405614338 -0.0024433621828516714 -0.005620368259062092 0.0012279309540490502
627	(   4.20281299999999991      0.00249899999999999992   1.4972790000000000266  -14.214299999999999713    -9.4450000000000002842    5.6402820000000000178   11.005876000000000658   )	-0.015725666330921675 0.027751420798646897 0.0007817244447672728 -0.012311084731089661 0.0031330749797824353
628	(   4.20281299999999991      0.00299899999999999993   1.5003789999999999072  -14.149499999999999744    -9.4260000000000001563    5.6427820000000004086   11.000875999999999877   )	-0.018911131286014873 0.003451805840722244 0.0029927278076213194 0.0008579708979099543 0.009771376818052069
629	(   4.193812999999999569    -0.00340099999999999994   1.5061789999999999345  -14.181200000000000472    -9.3805999999999993832    5.639382000000000339    10.991576000000000235   )	0.021482869072862322 0.0019511613777671855 -0.011592775958517003 -0.007039571216247209 -0.0005158992285325681
630	(   4.1968129999999996826   -0.00120100000000000003   1.5041789999999999328  -14.170600000000000307    -9.4806000000000008043    5.6405820000000002068   10.990175999999999945   )	0.007581622335813927 0.0015058826687299742 -0.014275031803606347 -0.004202013750681077 0.002978816823973496
631	(   4.1878130000000002298   -0.00760100000000000012   1.5099789999999999601  -14.202299999999999258    -9.4352000000000000313    5.6371820000000001372   10.980876000000000303   )	0.04806499712273113 0.0056055426017147525 -0.008057182870190346 -0.012117184699554473 -0.005875626479574514
632	(   4.1753130000000000521    0.00389900000000000012   1.4995789999999999953  -14.145300000000000651    -9.4253000000000000114    5.6431820000000003645   10.986876000000000531   )	-0.024412464391892073 -0.024409190211473586 0.0038978553952790903 0.0016676332258511728 -0.017186260251416563
633	(   4.1798130000000002227   -0.01330100000000000032   1.5151790000000000536  -14.139599999999999724    -9.4400999999999992696    5.6341820000000000235   10.99797599999999953    )	0.08423742608919063 -0.020162136992600388 -0.014286935364018242 -0.01904101822853277 -0.016389468876962354
634	(   4.1899129999999997764   -0.00610099999999999965   1.5086790000000001033  -14.195000000000000284    -9.4338999999999995083    5.6499819999999996156   10.993375999999999593   )	0.038565847138809624 0.003944928827682936 -0.00645047902511395 0.03807209661855815 -0.0048962062848971755
635	(   4.2108129999999999171    0.00869900000000000014   1.4951790000000000358  -14.212199999999999278    -9.4210999999999991417    5.6457819999999996341   10.98377600000000065    )	-0.054768200864414376 0.03441448993210994 0.008642185195417505 0.007720999762422576 0.019571190541236128
636	(   4.2153130000000000877   -0.00850099999999999988   1.5107790000000000941  -14.206500000000000128    -9.4359000000000001762    5.6367820000000001812   10.99487599999999965    )	0.05413782245638833 0.03547037640181916 -0.009020517555990943 -0.0129325033194716 0.019872510759192608
637	(   4.2004130000000001743   -0.02230100000000000138   1.501878999999999964   -14.158099999999999241    -9.4275000000000002132    5.6418819999999998416   10.988576000000000121   )	0.14068612780747813 0.0022531415985342917 -0.022332119812945916 -0.001265172890857702 -0.040078378349133637
638	(   4.1902129999999999654    0.01769899999999999946   1.5084789999999999033  -14.193699999999999761    -9.4336999999999999744    5.638081999999999816    10.993176000000000059   )	-0.11187269434536186 0.003621850346961608 0.017364677178212905 -0.009984071674151052 0.04261041275993627
639	(   4.2007130000000003633    0.0014989999999999999    1.5016789999999999861  -14.156800000000000495    -9.4273000000000006793    5.629982000000000042    10.988376000000000587   )	-0.009455875623193374 0.0023317114012728624 0.0014722851927422124 -0.04954850553347412 0.007442064032231244
640	(   4.2095130000000002823    0.00779900000000000038   1.5142789999999999306  -14.125899999999999679    -9.4219000000000008299    5.6452819999999999112   10.984375999999999252   )	-0.04971376728465448 0.010046142084174647 0.0077642129316449395 0.024812014583909248 0.05457185409873677
641	(   4.1811129999999998574   -0.01240100000000000056   1.4960789999999999367  -14.225899999999999324    -9.4392999999999993577    5.6346819999999997464   10.997375999999999152   )	0.07757166968885072 0.01409523510483357 -0.013286674155889942 -0.03611895306514157 -0.05150762761784389
642	(   4.20281299999999991      0.00249899999999999992   1.4972710000000000186  -14.214299999999999713    -9.4450000000000002842    5.6402820000000000178   11.005876000000000658   )	-0.015725582308284178 0.027751420798646897 0.0007817244447672728 -0.012319084731089669 0.0031170749797828634
643	(   4.1971129999999998716   -0.0014009999999999999    1.5045530000000000292  -14.155900000000000816    -9.4250000000000007105    5.6415910000000000224   10.990463000000000093   )	0.008847005316640089 -0.0014132769284360691 -0.001401207065960323 0.000236929666466823 0.003605100238000425
644	(   4.202512999999999721     0.00129900000000000002   1.5026530000000000165  -14.095900000000000318    -9.4082000000000007844    5.6463910000000003819   10.989224000000000103   )	-0.00820307947831871 0.009661374633149755 0.00014482484959091823 0.017641116114324396 0.010707344392616669
645	(   4.1963129999999999598   -0.0014009999999999999    1.5044530000000000403  -14.154099999999999682    -9.4268000000000000682    5.6417909999999995563   10.985462999999999312   )	0.008844731110186388 -0.0024828554702169825 -0.001418172275726919 0.0009423791690061911 0.003153089494707828
646	(   4.1979129999999997835   -0.0014009999999999999    1.5046530000000000182  -14.157700000000000173    -9.4231999999999995765    5.6413909999999996003   10.995463000000000875   )	0.008849279747253788 -0.0003165015154795725 -0.001411457824116892 -0.0004686151455035592 0.0044170891714374605
647	(   4.1983129999999997395   -0.01140099999999999968   1.5047530000000000072  -14.158500000000000085    -9.4223999999999996646    5.6411910000000000664   10.990444999999999354   )	0.07202495195533629 0.0002241275347847349 -0.011424749684401174 -0.001174255138010727 -0.014793572606659033
648	(   4.2024129999999999541   -0.00120100000000000003   1.4945530000000000204  -14.167500000000000426    -9.4132999999999995566    5.6399910000000001986   10.99038099999999929    )	0.00754315547662319 0.006276211669644205 -0.0017542987518847494 -0.016210086664813605 -0.010688816048516792
649	(   4.1959130000000000038    0.00859900000000000074   1.5043530000000000513  -14.15329999999999977     -9.4275999999999999801    5.6419909999999999783   10.990481000000000833   )	-0.05427804292557612 -0.002993937368993116 0.00856555168603274 0.0016477332332494043 0.022003777748016873
650	(   4.1918129999999997892   -0.00160099999999999999   1.5145530000000000381  -14.144299999999999429    -9.4367000000000000881    5.6431909999999998462   10.990544999999999121   )	0.01016430545029699 -0.007973305404637365 -0.002197938798775854 0.016677846199512292 0.017899113345059448
651	(   4.184912999999999883    -0.00040099999999999999   1.5086530000000000218  -14.205500000000000682    -9.375                    5.6347909999999998831   10.990112999999999133   )	0.002531746202427789 0.004494003403654467 -0.010799357823604597 -0.02310421817208419 0.0016317426304288674
652	(   4.2093129999999998603   -0.00240099999999999992   1.5004530000000000367  -14.106299999999999173    -9.4749999999999996447    5.6483910000000001617   10.990812999999999278   )	0.015164419041412388 0.013313355123755422 -0.012985560071673055 0.023467901503581468 0.00558022175333317
653	(   4.177113000000000298    -0.00230100000000000009   1.5008529999999999927  -14.199199999999999378    -9.4695000000000000284    5.6475910000000002498   10.990774999999999295   )	0.014425504160572089 -0.0067456987564131765 -0.010695656483180105 0.020658376346455176 -0.025617162513161595
654	(   4.177113000000000298    -0.00230100000000000009   1.5008529999999999927  -14.111800000000000566    -9.382899999999999352     5.6475910000000002498   10.990774999999999295   )	0.014425504160572089 -0.020184956491691608 -0.009662502157744673 0.020658376346455176 -0.025617162513161595
655	(   4.2171130000000003335   -0.00050100000000000003   1.5082530000000000658  -14.112600000000000477    -9.3804999999999996163    5.635590999999999795    10.990150999999999115   )	0.0031865971401280895 0.019647335395624133 -0.008729879016126091 -0.02027029447005657 0.03282876466947915
656	(   4.1868129999999998958   -0.00190099999999999991   1.5026530000000000165  -14.133200000000000429    -9.447900000000000631     5.6315910000000002356   10.990622999999999365   )	0.011959812845403988 -0.013120906533794496 -0.004146040401906852 -0.04205437714814275 -0.011506491652871986
657	(   4.2074129999999998475   -0.000901                 1.506453000000000042   -14.178599999999999426    -9.4021000000000007901    5.6515909999999998092   10.990303000000000822   )	0.0057107812124161895 0.014619008204066475 -0.003060647333203719 0.04228997085155606 0.018717060749610326
658	(   4.2171130000000003335   -0.00050100000000000003   1.5082530000000000658  -14.199999999999999289    -9.4671000000000002927    5.635590999999999795    10.990150999999999115   )	0.0031865971401280895 0.033672761964654185 -0.008019360561262635 -0.02027029447005657 0.03282876466947915
659	(   4.202512999999999721     0.00129900000000000002   1.5026749999999999829  -14.095900000000000318    -9.4082000000000007844    5.646417999999999715    10.989224000000000103   )	-0.008203199577735224 0.009661374633149755 0.00014482484959091823 0.01777154352814092 0.010751344392616602
660	(   4.1948129999999999029   -0.00178300000000000008   1.5054320000000001034  -14.157099999999999795    -9.4313000000000002387    5.6415610000000002699   10.992463000000000761   )	0.01125965520627713 -0.0035184482975383347 -0.001961652848908123 0.0009951040174991377 0.00218069656932407
661	(   4.1994129999999998404   -0.00101899999999999994   1.5036739999999999551  -14.15470000000000006     -9.418699999999999406     5.6416209999999997748   10.988462999999999425   )	0.006434524558085877 0.0007039819462191232 -0.0011741528393334694 -0.0005212468290278771 0.005087100820277968
662	(   4.1956129999999998148   -0.0016410000000000001    1.5051060000000000549  -14.135899999999999466    -9.42900000000000027      5.6415720000000000312   10.990346999999999866   )	0.010362656214263898 -0.004380258416078142 -0.00171586713926005 0.0007134070044216845 0.0027397348621072126
663	(   4.1986129999999999285   -0.00116099999999999992   1.5040000000000000036  -14.175900000000000389    -9.4209999999999993747    5.6416100000000000136   10.99057900000000032    )	0.007331382898271999 0.0049108989405617365 -0.0012209462626100016 -0.00023954853165597534 0.00447065937016955
664	(   4.1990129999999998844   -0.00640099999999999957   1.5038460000000000161  -14.154899999999999594    -9.4199999999999999289    5.6416149999999998244   10.990610999999999464   )	0.040420195654491196 0.0003335993448034813 -0.006496880688657168 -0.0003734113583511167 -0.005919635047614058
665	(   4.1907129999999996883   -0.000184                 1.5017510000000000581  -14.151999999999999247    -9.4049999999999993605    5.6416880000000002582   10.991051999999999822   )	0.0011579869686771918 -0.008362985304255943 -0.001826690269319357 -0.0021744154138767513 -0.006005753193128349
666	(   4.1871130000000000848   -0.00304099999999999987   1.5083290000000000308  -14.161199999999999122    -9.4243000000000005656    5.6414600000000003632   10.989670000000000272   )	0.019205569195062257 -0.01046159776149036 -0.003041959475214612 0.003485308575368995 -0.0020600065127949208
667	(   4.2071129999999996585    0.00023900000000000001   1.5007770000000000277  -14.150600000000000733    -9.4257000000000008555    5.6417219999999996816   10.991255999999999915   )	-0.0015090312840054388 0.007870832109317938 0.00023542934437209345 -0.0030114901325632992 0.009279261939354022
668	(   4.1952129999999998589    0.0035990000000000002    1.5052600000000000424  -14.156900000000000261    -9.4299999999999997158    5.6415670000000002204   10.990315000000000722   )	-0.022727275867047623 -0.00315175909936638 0.003484468327437125 0.000847269318828392 0.013130150924734352
669	(   4.203513000000000055    -0.0026180000000000001    1.5073550000000000004  -14.159800000000000608    -9.4450000000000002842    5.6414939999999997866   10.989874000000000365   )	0.01658813583318507 0.005664105138763809 -0.004335275555232727 0.0026482523276496472 0.013220949069929766
670	(   4.1912130000000002994   -0.00236099999999999982   1.4995529999999999138  -14.159000000000000696    -9.4407999999999994145    5.6415150000000000574   10.989998999999999185   )	0.014838757571609828 -0.006785251770421219 -0.0034390718588367068 -0.005069166141614456 -0.014179198732626297
671	(   4.1972129999999996386   -0.0013780000000000001    1.5044999999999999485  -14.155799999999999272    -9.4245999999999998664    5.636591000000000129    10.990474000000000743   )	0.008701666188813 -0.0013289670460858716 -0.0013781330141474366 -0.019982948128042466 0.003644291495307428
672	(   4.1970130000000001047   -0.00142399999999999992   1.50460600000000011    -14.156000000000000583    -9.4253999999999997783    5.6465909999999999158   10.990451999999999444   )	0.008992347741234273 -0.0014975028697357118 -0.0014256251175690038 0.020397239564410752 0.003565910723004606
673	(   4.2030130000000003321   -0.00044099999999999999   1.5095529999999999227  -14.152799999999999159    -9.4092000000000002302    5.6416669999999999874   10.990926999999999225   )	0.002797999859486349 0.004039365005231055 -0.0014601435757784337 0.005543011711866441 0.021392499308817037
674	(   4.1976459999999997663   -0.00231400000000000008   1.5033009999999999984  -14.165900000000000603    -9.4239999999999994884    5.6422390000000000043   10.990322000000000813   )	0.014602093043738044 0.0011125182864235583 -0.002316541935913705 0.001594239534927988 -0.00018137884889757316
675	(   4.1992459999999995901   -0.0050530000000000002    1.4995449999999999058  -14.195899999999999963    -9.4209999999999993747    5.6441829999999999501   10.989898999999999418   )	0.03181853050753271 0.01371755153862697 -0.005112946262610002 0.0056601222016641195 -0.011538098489433324
676	(   4.1964459999999998985   -0.00232800000000000021   1.5033240000000001046  -14.145899999999999253    -9.4182000000000005713    5.6422290000000003829   10.989981000000000222   )	0.014686462672581314 -0.003233689612501145 -0.002509729563968078 0.0015769800302831705 -0.001336751315380802
677	(   4.1934459999999997848   -0.00236300000000000008   1.5033810000000000784  -14.170199999999999463    -9.4039999999999999147    5.6422040000000004412   10.991809999999999192   )	0.014897172057708139 -0.001972698207678647 -0.004175978421263885 0.0015333302217599432 -0.004415977483643196
678	(   4.2018459999999997478   -0.00226500000000000009   1.5032209999999999184  -14.161599999999999966    -9.4440000000000008384    5.6422739999999995675   10.988834000000000657   )	0.014306426625612989 0.004352793441150027 -0.0038166534079011084 0.001655145916459544 0.004085101676817082
679	(   4.1905460000000003262   -0.00239699999999999983   1.5034369999999999123  -14.173199999999999577    -9.4166000000000007475    5.6421789999999996112   10.988322000000000145   )	0.015101631910124994 -0.004003158118033312 -0.0026778857159781176 0.0014886789178518711 -0.006995317779698418
680	(   4.1988459999999996342   -0.00229999999999999996   1.5032779999999998921  -14.185900000000000176    -9.4298000000000001819    5.6422489999999996257   10.990662999999999627   )	0.014517675479532399 0.008812732519468014 -0.0024059267972155727 0.001611498800255795 0.0009756679715398064
681	(   4.2047460000000000946   -0.00223099999999999991   1.5031650000000000844  -14.158599999999999852    -9.4314000000000000057    5.6422990000000003974   10.992321999999999704   )	0.014100872684051791 0.006675083829518869 -0.0024151732028937787 0.0016997915365817295 0.006690156827171556
682	(   4.1975459999999999994    0.00268600000000000002   1.5033019999999999161  -14.166000000000000369    -9.4237000000000001876    5.6422390000000000043   10.990306999999999604   )	-0.01694914159145191 0.0010366827044112625 0.00268111960432499 0.0015952395349279058 0.009721757244262719
683	(   4.1975459999999999994   -0.00231499999999999978   1.498301000000000105   -14.166000000000000369    -9.4236000000000004206    5.6422379999999998645   10.990297999999999234   )	0.01455946876003599 0.0010366827044112625 -0.0023208278819160516 -0.003409786404767967 -0.010281559544725205
684	(   4.1977460000000004214   -0.00231299999999999995   1.5083009999999998918  -14.165800000000000836    -9.4244000000000003325    5.6422400000000001441   10.990346000000000615   )	0.014644677364319899 0.0011884377297750603 -0.002313599988212827 0.006598265472230969 0.009918810140876921
685	(   4.1977460000000004214   -0.00731400000000000019   1.5033000000000000806  -14.165800000000000836    -9.4243000000000005656    5.6422390000000000043   10.990337000000000245   )	0.04615478900300521 0.0011884377297750603 -0.007314959475214613 0.0015932395349280704 -0.010084511702232568
686	(   4.1876459999999999795   -0.00227999999999999991   1.5032460000000000822  -14.163000000000000256    -9.4376999999999995339    5.6422629999999998063   10.991129000000000815   )	0.014352741585528479 -0.009551766334001677 -0.002981273177128523 0.0016358613696338953 -0.010279724750140495
687	(   4.2076460000000004413   -0.00234799999999999983   1.5033559999999999146  -14.168799999999999173    -9.4102999999999994429    5.6422150000000002024   10.989515000000000811   )	0.014852484991223647 0.01184733009546246 -0.0032283061518017958 0.0015526163217551847 0.00992634451850627
688	(   4.1976459999999997663   -0.00231400000000000008   1.5033000000000000806  -14.165900000000000603    -9.4242000000000007987    5.6372390000000001109   10.990332999999999686   )	0.0146020833303852 0.0011125182864235583 -0.002315402962177738 -0.018566031879796663 -0.00018420992479484255
689	(   4.1976459999999997663   -0.00231400000000000008   1.5033019999999999161  -14.165900000000000603    -9.4237999999999999545    5.6472389999999998977   10.990311000000000163   )	0.014602102757090887 0.0011125182864235583 -0.002318016909238472 0.021694682124275833 -0.00017854603069444863
690	(   4.1992450000000003385   -0.0050530000000000002    1.4995449999999999058  -14.195899999999999963    -9.4209999999999993747    5.6441829999999999501   10.989898999999999418   )	0.03181852293033183 0.01371655153862772 -0.005112946262610002 0.0056601222016641195 -0.011539098489432575
691	(   4.1975170000000003867   -0.00235199999999999992   1.5041109999999999758  -14.163600000000000634    -9.4248999999999991672    5.6420130000000003889   10.991322000000000259   )	0.014849426070094224 0.0004508843161916687 -0.002352062553009692 0.0014943163482765698 0.001165189251915777
692	(   4.1970819999999999794   -0.00247899999999999987   1.5041409999999999503  -14.155900000000000816    -9.427699999999999747     5.6412509999999995713   10.989831000000000572   )	0.015649934725957194 -0.0014442769284359613 -0.0025148608136503917 -0.0015445531539730606 0.0006434919234603598
693	(   4.1977750000000000341   -0.00227599999999999981   1.502491000000000021   -14.168200000000000571    -9.4230999999999998096    5.6424649999999996197   10.989321999999999591   )	0.0143550032025269 0.0018185148269029838 -0.0022878253087447627 0.0016940404878795778 -0.0015135477489938154
694	(   4.1975519999999999499   -0.0023410000000000002    1.5038879999999998915  -14.164199999999999235    -9.4139999999999997016    5.6420750000000001734   10.990240000000000009   )	0.014777909160374015 0.0006205547412285739 -0.0028288717494996123 0.0015209534495344013 0.0008508713483017516
695	(   4.1977399999999995828   -0.00228699999999999997   1.5027140000000001052  -14.167600000000000193    -9.4339999999999992752    5.6424029999999998353   10.99040399999999984    )	0.01442640209796532 0.0016287177353193627 -0.002644183105960619 0.001667461253542779 -0.0012135322258366443
696	(   4.1976259999999996353   -0.00031399999999999999   1.5034229999999999539  -14.165599999999999525    -9.4240999999999992554    5.6422049999999996928   10.990304999999999325   )	0.001981593546772572 0.0010205282043447284 -0.0003159304490844749 0.0015793562428110253 0.004043908968138332
697	(   4.1979649999999999466   -0.00222099999999999988   1.5013009999999999966  -14.158099999999999241    -9.4219000000000008299    5.6427969999999998407   10.990600000000000591   )	0.013997650505524765 -0.00019485840146593603 -0.002255787068355061 0.0018403401771678318 -0.003696848004618225
698	(   4.1973269999999995861   -0.00240699999999999985   1.5053010000000000002  -14.173700000000000188    -9.4260999999999999233    5.6416810000000001679   10.990043999999999258   )	0.015208004956737787 0.002930097015399369 -0.0024143407041779894 0.0013473937448611473 0.0033352031349975775
699	(   4.1976659999999998973   -0.00431400000000000013   1.5031790000000000429  -14.166199999999999903    -9.4238999999999997215    5.6422730000000003159   10.990339000000000524   )	0.027220664342243198 0.00120526312053304 -0.004317237422640978 0.0016091200605374834 -0.004406662504559122
700	(   4.1982100000000004414   -0.00214899999999999987   1.5024610000000000465  -14.175900000000000389    -9.4202999999999992298    5.6432270000000004373   10.990812999999999278   )	0.013555132962046692 0.004507898940562249 -0.0022332183942171363 0.00473069614316568 -0.0010027782466677237
701	(   4.1926459999999998729   -0.00230599999999999989   1.5031330000000000524  -14.166399999999999437    -9.4237999999999999545    5.6422860000000003566   10.990344999999999587   )	0.014532653115170909 -0.003765821029632299 -0.0023100169092384716 0.0016154560008465602 -0.005503114565954981
702	(   4.1977760000000001739   -0.00227599999999999981   1.5024850000000000705  -14.168200000000000571    -9.4230999999999998096    5.6402390000000002246   10.990434999999999732   )	0.01435494929736736 0.0018195148269031236 -0.0022878253087447627 -0.00727840233104371 -0.0016158332822424626
703	(   4.2026459999999996597   -0.00232199999999999985   1.5034689999999999444  -14.165399999999999991    -9.4242000000000007987    5.642191999999999652    10.990299000000000262   )	0.014671668407177626 0.005992954135785489 -0.0023234029621777377 0.0015730177824906377 0.005140364485341387
704	(   4.1975160000000002469   -0.00235199999999999992   1.5041169999999999263  -14.163600000000000634    -9.4248999999999991672    5.6442389999999997841   10.990209000000000117   )	0.014849481767770943 0.0004498843161915289 -0.002352062553009692 0.010457308721831593 0.0012532594479042203
705	(   4.1974320000000000519   -0.00199899999999999991   1.5023010000000001085  -14.164175000000000182    -9.423325999999999425     5.6423220000000000596   10.990159699999999532   )	0.012605306775772969 0.0004948831853877067 -0.0020078543920961918 0.0009283841855305397 -0.0017529142017291832
706	(   4.1967900000000000205   -0.00105400000000000003   1.4993009999999999948  -14.158974999999999866    -9.4213260000000005334    5.6425710000000002253   10.989672799999999242   )	0.00663203302175466 -0.0012128326333771255 -0.0011040471404557297 -0.0010692808741483706 -0.006465244511693946
707	(   4.1968379999999996244   -0.00041300000000000001   1.5021700000000000053  -14.164875000000000327    -9.4281260000000006727    5.6417539999999997136   10.989159700000000086   )	0.00260370238918398 6.166830238463206e-5 -0.000460079164187464 -0.0014896217979463167 0.0006482538587153641
708	(   4.1950380000000002667    0.0043449999999999999    1.5017769999999999175  -14.166975000000000762    -9.4425260000000097449    5.6400499999999995637   10.986159699999999972   )	-0.02737355032607547 -0.0012313195618194328 0.003022168737466581 -0.008748245386662745 0.007920149250499442
709	(   4.1970380000000000464   -0.00042400000000000001   1.502154999999999907   -14.164975000000000094    -9.4081259999999993227    5.6417909999999995563   10.989141699999999346   )	0.00267315108556136 0.00028497309642183666 -0.00158850110940096 -0.0013556208309939421 0.0007979188068123477
710	(   4.1966380000000000905   -0.00040200000000000001   1.5021850000000001035  -14.16477500000000056     -9.4481260000000002464    5.6417169999999998709   10.989177700000000826   )	0.0025342589149200605 -0.00016155262059935893 -0.002691133926247043 -0.0016236260304576255 0.0004985935758377025
711	(   4.2007380000000003051   -0.00068300000000000001   1.5018050000000000566  -14.15487500000000054     -9.4283260000000002066    5.6426429999999996312   10.988729700000000378   )	0.00430883481381747 0.0020548788064393975 -0.0007358718241434961 0.0017245232095153273 0.003319303060845158
712	(   4.1929379999999998319   -0.00014300000000000001   1.502534999999999954   -14.174875000000000114    -9.4279259999999993624    5.6408649999999997959   10.989589699999999794   )	0.00090090516198969 -0.001092859625635434 -0.00018462249669423718 -0.004705652006206762 -0.0020201330026843323
713	(   4.201238000000000028    -0.00071699999999999997   1.5017609999999999015  -14.167075000000000529    -9.4283260000000002066    5.6427529999999999077   10.991159700000000754   )	0.004523736107544606 0.004993746303828317 -0.0007698718241434961 0.0021232554256314096 0.0034663168886810425
714	(   4.192438000000000109    -0.00010900000000000001   1.502579000000000109   -14.162675000000000125    -9.4279259999999993624    5.6407550000000004076   10.987159699999999418   )	0.0006866421534386182 -0.004829816174766854 -0.0001506224966942372 -0.005104879613903046 -0.0021122139881031288
715	(   4.2003380000000003491   -0.00065399999999999996   1.504170000000000007   -14.166674999999999685    -9.4283260000000002066    5.6425470000000004234   10.98877670000000073    )	0.00413198665578684 0.003993985949866108 -0.000706871824143496 0.003703115001239876 0.007702686691976268
716	(   4.19213799999999992     -0.00102099999999999999   1.5013499999999999623  -14.169375000000000497    -9.4286259999999995074    5.6437540000000003815   10.988192700000000812   )	0.006426037580412299 -0.00350659832155209 -0.0010831907979032616 0.0057397805950505365 -0.006811694713588778
717	(   4.1933379999999997878   -0.00017200000000000001   1.5001700000000000035  -14.163074999999999193    -9.4279259999999993624    5.6409609999999998919   10.989542699999999442   )	0.0010820038172031198 -0.003843475153185949 -0.00021362249669423718 -0.006683858629016104 -0.006404066826875443
718	(   4.1959379999999999455   -0.00541300000000000028   1.5022539999999999782  -14.164374999999999716    -9.4281260000000006727    5.641549000000000369    10.989258700000000601   )	0.03412011281933607 -0.0009535975834804589 -0.0054600791641874645 -0.0022312268424402593 -0.010092819965016986
719	(   4.1977380000000001914    0.00458699999999999993   1.5020860000000000323  -14.165374999999999162    -9.4281260000000006727    5.6419589999999999463   10.989060699999999571   )	-0.02892270228949372 0.0010790309644068685 0.004539920835812536 -0.000748116998264603 0.011389468805233172
720	(   4.201538000000000217     0.000195                 1.5029900000000000482  -14.160375000000000156    -9.4276260000000000616    5.6397539999999999338   10.99012669999999936    )	-0.0012313995717309 0.0037997726627798656 0.00016093251678254614 -0.00872856562426838 0.008121666600329647
721	(   4.1868379999999998375    0.000272                 1.5030939999999999301  -14.159874999999999545    -9.4276260000000000616    5.6422080000000001121   10.990248700000000426   )	-0.0017117534128819837 -0.010996617302359013 0.00023793251678254614 0.0012624342916183195 -0.006225796373629855
722	(   4.2068380000000002994   -0.00109800000000000002   1.5012460000000000804  -14.169874999999999332    -9.4286259999999995074    5.6413000000000002032   10.988070699999999746   )	0.006934417594722506 0.011329629792991014 -0.0011601907979032617 -0.004242169548646535 0.007539379941378321
723	(   4.1950560000000001182    0.0043449999999999999    1.5017769999999999175  -14.166975000000000762    -9.4425260000000097449    5.6400499999999995637   10.986159699999999972   )	-0.02737366778005464 -0.0012133195618195813 0.003022168737466581 -0.008748245386662745 0.007938149250500182
724	(   4.1968069999999997322   -0.00047600000000000002   1.5021539999999999893  -14.16462300000000063     -9.4286259999999995074    5.6417950000000001154   10.98815970000000064    )	0.003000823201004328 -2.768779160877699e-5 -0.0005381907979032616 -0.0013405128139820643 0.000558820729346543
725	(   4.1967140000000000555   -0.00066500000000000001   1.5021059999999999413  -14.163866999999999763    -9.4301259999999995642    5.6419180000000004327   10.985159700000000527   )	0.00419209967098986 -0.00029256023767931794 -0.0007851252539097989 -0.000893209931952077 0.00037690993170791387
726	(   4.1964350000000001373   -0.00123200000000000002   1.5019620000000000193  -14.161566999999999794    -9.4346259999999997348    5.6422869999999996082   10.976159700000000186   )	0.007765155435539041 -0.0010649721392610445 -0.001639319114037897 0.0004484818256489387 0.0006085277551486357
727	(   4.1962080000000003821   -0.000531                 1.5020759999999999668  -14.164367000000000374    -9.4310259999999992431    5.6419030000000001124   10.990159699999999532   )	0.0033469053870660488 -0.0006854247944243497 -0.0006949574422150294 -0.0009836107887626344 -0.0004909142017286428
728	(   4.1972199999999997289   -0.00079900000000000001   1.5021359999999999157  -14.163366999999999152    -9.4292259999999998854    5.6419329999999998648   10.980159699999999745   )	0.005037531414274079 0.0001024013254520284 -0.0008820966745617663 -0.0008028096124466089 0.001604652974814158
729	(   4.1950669999999998794   -0.00022900000000000001   1.5031060000000000532  -14.165466999999999587    -9.432926000000000144     5.6418699999999999406   10.984997699999999199   )	0.001443989356585358 -0.0015701459174204402 -0.0005078341111443518 -8.649456477338724e-5 0.0016263922402419695
730	(   4.1983610000000002316   -0.00110099999999999998   1.5011060000000000514  -14.162266999999999939    -9.4273260000000007608    5.6419660000000000366   10.985321700000000078   )	0.006938705560879866 0.0010064987709155204 -0.0011282684574536934 -0.0016999308010940961 -0.000872194545202376
731	(   4.1940350000000004016    0.000045                 1.5019480000000000608  -14.166467000000000809    -9.4101259999999999906    5.6418400000000001882   10.98489670000000018    )	-0.00028346501160810006 -0.0023603592141254737 -0.000856591287798179 -0.0013653002534559366 -0.0011581528872897096
732	(   4.196860000000000035    -0.00266499999999999983   1.50255099999999997    -14.156466999999999246    -9.4172259999999994307    5.6421369999999999578   10.985900700000000185   )	0.016805479845976898 -0.0015757267009250953 -0.002904530314449682 0.00043358136158788696 -0.0026942572824744104
733	(   4.196568000000000076     0.00133500000000000003   1.5016609999999999125  -14.17126700000000028     -9.4430259999999996978    5.6416990000000000194   10.984418700000000868   )	-0.00841293303676308 0.0014499261583100775 -6.340670094494641e-5 -0.0022201157565135965 0.00345598219571297
734	(   4.1993929999999997094   -0.00137499999999999992   1.5022640000000000438  -14.161267000000000493    -9.4501259999999991379    5.6419959999999997891   10.985422700000000873   )	0.008674320772909 0.0018319416683860723 -0.004073019069133025 -0.000421134139062751 0.001912968568225537
735	(   4.1934230000000001226    0.00020699999999999999   1.5019119999999999138  -14.153866999999999976    -9.4357260000000007238    5.6418229999999995883   10.984836700000000675   )	-0.0013037175312286319 -0.005405762634048905 -0.00029639005206055807 -0.0014697577639131154 -0.0015089022387497764
736	(   4.2000049999999999883   -0.00153699999999999995   1.5022999999999999687  -14.17386699999999955     -9.424526000000000181     5.6420130000000003889   10.985482700000000378   )	0.0096979589651755 0.005659416823071695 -0.0015372666337574441 -0.00031668365172343726 0.002264224113829094
737	(   4.1963419999999995724   -0.00056700000000000001   1.5020839999999999748  -14.164267000000000607    -9.4307259999999999422    5.6439180000000002124   10.985122699999999796   )	0.0035739473862047753 -0.0005742196381861575 -0.0007155907645420487 0.007133404348027117 0.00016246827739330172
738	(   4.1970859999999996504   -0.00076300000000000001   1.5021279999999999077  -14.163467000000000695    -9.4295259999999991862    5.6399179999999997648   10.985196699999999481   )	0.004810379584443103 -9.558753045979529e-6 -0.0008576835699343282 -0.008929376211840312 0.0005913712953473649
739	(   4.2017139999999999489    0.00097300000000000002   1.5023999999999999577  -14.158967000000000525    -9.4215260000000000673    5.6420630000000002724   10.985650700000000768   )	-0.0061422134255328005 0.0037097025982211207 0.0009285841114185687 -1.536269173296745e-5 0.009169015374551392
740	(   4.1917140000000001621   -0.00230299999999999993   1.5018119999999999248  -14.168767000000000778    -9.4387260000000008375    5.6417729999999997048   10.984668700000000285   )	0.014497768186423702 -0.004093428175372615 -0.003120047766181861 -0.001771107379941128 -0.008411724698059508
741	(   4.1964350000000001373   -0.00123200000000000002   1.5019620000000000193  -14.161599000000000714    -9.4346259999999997348    5.6422869999999996082   10.976159700000000186   )	0.007765155435539041 -0.0010584117106766655 -0.001639319114037897 0.0004484818256489387 0.0006085277551486357
742	(   4.1966380000000000905   -0.00065300000000000004   1.5021152600000000632  -14.163724999999999454    -9.4201259999999997774    5.6421200000000002461   10.984527699999999228   )	0.00411640358926381 -0.00040030836545401627 -0.0007438904481510436 -7.060408679548935e-5 0.0004410793601827834
743	(   4.1964100000000001955   -0.00061700000000000004   1.5021432599999999802  -14.163299000000000305    -9.3901260000000004169    5.6427259999999996865   10.982631700000000663   )	0.003889326751578803 -0.0007225379062800741 -0.005658166991847805 0.0023968474807658513 0.0006685287825876074
744	(   4.1961750000000002103   -0.00055099999999999995   1.5023002599999999429  -14.168725000000000236    -9.4208259999999999224    5.6418920000000003512   10.983982700000000321   )	0.00347345705122153 0.0003564381380654069 -0.0006165952329856943 -0.0008036450918742499 0.0006409039676240624
745	(   4.1971009999999999707   -0.00075500000000000003   1.5019302599999999615  -14.158725000000000449    -9.4194259999999996325    5.6423480000000001411   10.985072699999999912   )	0.004759333512113076 -0.0009473527856620478 -0.0008753014844988652 0.0006623126112048627 0.00024553086849898875
746	(   4.1968899999999997874   -0.00070899999999999999   1.5020142599999999344  -14.163890000000000313    -9.4401259999999993511    5.642243999999999815    10.984824700000000774   )	0.004469386137004842 -0.00011140201894566104 -0.001698284011541934 0.0003276291975076173 0.0003324741103263307
747	(   4.1956699999999997885   -0.00043899999999999999   1.5025022599999999784  -14.163093999999999184    -9.4215260000000000673    5.6416430000000001854   10.98952770000000001    )	0.0027674576055170337 -0.001507340562899806 -0.0004834158885814313 -0.0016043842888979754 5.975758432175127e-5
748	(   4.1976060000000003924   -0.00086700000000000004   1.501728259999999926   -14.164355999999999725    -9.4187259999999994875    5.6425970000000003068   10.979527700000000223   )	0.005465276301791001 0.0007100636670278604 -0.0010208282843835374 0.0014626320351380784 0.001182310280846366
749	(   4.1975210000000000576    0.00034699999999999998   1.5017622600000000155  -14.16430100000000003     -9.4188259999999992544    5.6425549999999997652   10.985566699999999685   )	-0.0021873764823050383 0.0006125211977785483 0.00019821324157657402 0.0013275765295996944 0.002460588951166187
750	(   4.1957550000000001234   -0.00165299999999999996   1.5024682600000001109  -14.163149000000000655    -9.4214260000000003004    5.6416849999999998388   10.983488700000000549   )	0.010420493344632605 -0.0014103549410666716 -0.001700189515462511 -0.0014692371886853017 -0.0015628889276895208
751	(   4.1963860000000003936   -0.00059699999999999998   1.5022162599999999699  -14.163560000000000372    -9.4001260000000002037    5.6419959999999997891   10.984230699999999459   )	0.0037634159316145073 -0.00068898634449166 -0.003148903503324547 -0.0004688741390628248 0.000550954509611401
752	(   4.1961510000000004084   -0.00120399999999999999   1.5011152599999999513  -14.165354999999999919    -9.4164259999999995188    5.6433510000000000062   10.987470699999999368   )	0.007583883184434569 -0.0005127037987104899 -0.0014969652324624654 0.003883859824105107 -0.003553679803271592
753	(   4.1946380000000003108   -0.000212                 1.5014222600000000085  -14.162421000000000149    -9.4231259999999998911    5.6411350000000002325   10.982172699999999566   )	0.0013351596475584787 -0.0026839459474814475 -0.00022346168198477605 -0.004730591374710658 -0.0016484190605785543
754	(   4.1986379999999998702   -0.00109399999999999992   1.5028082599999998958  -14.165029000000000536    -9.4171259999999996637    5.6431050000000002598   10.986882700000000668   )	0.006902864166661968 0.0018975925584578945 -0.0013399157154712715 0.0045870631449898 0.002610420903287114
755	(   4.1971249999999997726   -0.000102                 1.5031152599999999531  -14.162095000000000766    -9.423826000000000036     5.6408889999999995979   10.981584700000000865   )	0.0006434937888340049 -0.0002656264676090814 -0.00010580616193728736 -0.004028691612776525 0.0045605297115551835
756	(   4.1956040000000003332   -0.00042499999999999998   1.5025292599999999776  -14.163050000000000139    -9.4216259999999998342    5.6441200000000000259   10.983309699999999509   )	0.002679207553683542 -0.0015829107897626926 -0.00046672625992343574 0.008391038278527052 0.0008954904766635963
757	(   4.1976719999999998478   -0.00088099999999999995   1.5017012599999999267  -14.164400000000000546    -9.4186259999999997206    5.6401199999999995782   10.985745700000000724   )	0.00555351506102218 0.0007861159105910787 -0.0010399538041902371 -0.008541811465543114 8.025765279917607e-6
758	(   4.1964100000000001955   -0.00061700000000000004   1.502143039999999985   -14.163299000000000305    -9.3901260000000004169    5.6427259999999996865   10.982631700000000663   )	0.0038893261819581094 -0.0007225379062800741 -0.005658166991847805 0.002396627480765856 0.000668088782587617
759	(   4.1967730000000003088   -0.00061742000000000003   1.5016152599999998962  -14.163249999999999673    -9.4209259999999996893    5.6421419999999997685   10.984355700000000056   )	0.0038909427943054535 -0.00037027889520580004 -0.0006797376192135526 -0.0004820277557131547 -0.0003251897251992375
760	(   4.196920000000000428    -0.00057839000000000002   1.5021637400000000806  -14.162729000000000568    -9.4219259999999991351    5.6421659999999995705   10.986527699999999896   )	0.0036464372230545386 -0.0003362385063416795 -0.0006125513643470054 0.00016307964893114146 0.0006799373004149345
761	(   4.1963600000000003121   -0.00072643999999999996   1.5020675400000000899  -14.164704999999999657    -9.4301259999999995642    5.6420750000000001734   10.9848827              )	0.004578908334306643 -0.0004557573629133671 -0.0008465652539097989 -0.0002995065504654004 -0.00013479903836799423
762	(   4.196355999999999753    -0.00072760999999999995   1.5020667800000000458  -14.164721000000000117    -9.4183260000000004197    5.6420740000000000336   10.982527700000000337   )	0.004586276404999464 -0.000456057045099989 -0.000902444324622859 -0.00030429288242395103 0.0002598072862163292
763	(   4.1964170000000002858   -0.00015300000000000001   1.5020772700000000199  -14.164505000000000123    -9.4187259999999994875    5.642083999999999655    10.984809699999999566   )	0.0009644114164446635 -0.00044483016948948517 -0.00030682828438353743 -0.00025353967042063275 0.0010998174620011625
764	(   4.1968589999999998952   -0.00115299999999999995   1.5021532500000001065  -14.162945000000000562    -9.4215260000000000673    5.6421559999999999491   10.984245700000000667   )	0.007268887170797937 -0.0003506832100255153 -0.0011974158885814312 0.00011232839775776604 -0.00021651387553500712
765	(   4.1965029999999998722   -0.00068858000000000005   1.5026152600000000081  -14.164199999999999235    -9.4193259999999998655    5.6420979999999998356   10.984699700000000178   )	0.004341999182226749 -0.00042844525877150375 -0.0008134190432621558 0.00034081842475019997 0.0012077743511929029
766	(   4.1975860000000002614   -0.00080287000000000002   1.5020178799999999164  -14.165725000000000122    -9.4165259999999992857    5.6420289999999999608   10.985251699999999175   )	0.005061974297145428 0.0010104323468720366 -0.0010888619058511111 -0.0005343802944788312 0.0007831946114080779
767	(   4.1969159999999998689   -0.00057956000000000001   1.5021629800000000365  -14.162744999999999251    -9.4101259999999999906    5.6421650000000003189   10.984172700000000233   )	0.003653808111502452 -0.0003368033882074073 -0.001481151287798179 0.0001582935345798564 0.0010187720757732777
768	(   4.1956899999999999196   -0.00050312999999999996   1.5022126399999999879  -14.161725000000000563    -9.4237260000000002691    5.6422109999999996433   10.983803699999999282   )	0.003171137097827062 -0.001777496509583365 -0.000507777808418861 0.0003931523188884789 0.00010651039995757117
769	(   4.1956379999999997565   -0.00091744999999999999   1.5019434400000000185  -14.164225000000000065    -9.4138260000000002492    5.6419589999999999463   10.985804699999999201   )	0.0057814129850822195 -0.001287768460602301 -0.0014212007263634465 -0.0008906769982646168 -0.0016228390065764486
770	(   4.1976380000000004244   -0.00038854999999999998   1.5022870800000001079  -14.16322500000000062     -9.4264259999999993056    5.6422809999999996577   10.983250699999999256   )	0.0024502185770934664 0.0004892487678285207 -0.00039995732955620914 0.0007494068409097387 0.0025284744810099014
771	(   4.1965769999999995576   -0.00066912999999999999   1.5021047800000000283  -14.163940000000000197    -9.4197260000000007096    5.6431199999999996919   10.984605699999999473   )	0.004217993691213435 -0.00041317319186440216 -0.0007763227800440898 0.003943940773784238 0.00031449663653404514
772	(   4.1966989999999997352   -0.00063686999999999999   1.5021257400000000981  -14.163510000000000488    -9.4205260000000006215    5.6411199999999999122   10.98444970000000076    )	0.0040148091133770285 -0.0003870557966658694 -0.0007128020580163638 -0.004087540203125295 0.0005677496720464248
773	(   4.1966911099999997248   -0.00067610999999999995   1.5021012899999999224  -14.163792000000000826    -9.4201610000000002287    5.6421309199999996054   10.985527700000000451   )	0.0042620994919865774 -0.0003322396901035418 -0.0007656379361948624 -4.0607872331177575e-5 0.00026816978609733866
774	(   4.1968500000000004135   -0.00074543999999999999   1.502059379999999944   -14.163993000000010269    -9.4202659999999998064    5.6421636800000003475   10.988527700000000564   )	0.004699192566049924 -0.00012824774022046626 -0.0008309421377206946 4.937905997048908e-5 -0.00016461426393554746
775	(   4.1973266699999998153   -0.00095343999999999995   1.501933650000000009   -14.164596000000040377    -9.4205810000000003157    5.6422619599999999096   10.997527699999999129   )	0.006010586982639734 0.00048576136040967555 -0.001027420380361948 0.0003193244520391936 -0.0006854361299080125
776	(   4.1970409999999995776   -0.00039144000000000001   1.5019715600000000943  -14.163969000000010467    -9.4202460000000005635    5.6422167700000001034   10.99352769999999957    )	0.002467573649234186 5.73491362594325e-5 -0.00047770181677376193 0.00017530233080353952 0.00023139730663501723
777	(   4.1976139999999997343    0.00067055999999999995   1.5017085599999999701  -14.163897000000009285    -9.4201859999999992823    5.6423760400000002591   11.008527700000000138   )	-0.004226937238512023 0.0006141687544554131 0.0005819989868999058 0.0005534916680831614 0.0035802668672850757
778	(   4.1970150000000003843   -0.00056344000000000001   1.5018665600000000726  -14.163674000000009201    -9.4252459999999995688    5.6422917699999999286   10.992527700000000124   )	0.0035515631752706 -3.466957988429442e-5 -0.0005643600549626941 0.00037224497702625925 -0.0003119319970936729
779	(   4.1970669999999996591   -0.00021944               1.502076559999999894   -14.164264000000009958    -9.4152459999999997819    5.6421417700000002782   10.994527700000000792   )	0.0013834190945804824 0.0001500978123925023 -0.0006010332024809289 -2.165377500329413e-5 0.0007891264849329005
780	(   4.1950409999999997979   -0.00031443999999999998   1.5020185600000000026  -14.164102000000010406    -9.420308000000000348     5.6421827699999997918   10.994027700000000181   )	0.001981295697730204 -0.0019126477546373977 -0.0003983577480653201 8.541723022070791e-5 -0.0015335380954546451
781	(   4.1971949999999997871    0.00064656000000000002   1.5009715599999999824  -14.165754000000010393    -9.4210840000000004579    5.6417657700000001242   10.999627699999999564   )	-0.004073244158479127 0.0006263888346218494 0.000589249806777192 -0.0026406630280271237 0.000549536449214294
782	(   4.1990410000000002455   -0.00046843999999999998   1.5019245599999999641  -14.163836000000010529    -9.4201840000000007791    5.6422507700000004149   10.993027700000000735   )	0.0029542837562051695 0.0020274944013323193 -0.0005570781737558005 0.0002651846652925727 0.0019999326782667026
783	(   4.1968990000000001572   -0.00134643999999999996   1.5013855599999998969  -14.16232600000001085     -9.4194739999999992364    5.6426317700000003796   11.003527699999999356   )	0.008484138657503746 -0.0004430522622413946 -0.0014645932913721087 0.0012598826412537623 -0.002567320863840372
784	(   4.1968870000000002563   -0.00142943999999999992   1.5029715599999999842  -14.162184000000010542    -9.4194080000000006692    5.6426677700000000826   10.987427699999999575   )	0.00901662420718436 -0.0004849647435545279 -0.0015505520462365874 0.0029907809887093073 0.00044907102952507216
785	(   4.1971449999999999037   -0.00239143999999999989   1.5023985600000000495  -14.165167000000009168    -9.4208079999999991827    5.6419147699999996348   10.997627700000000672   )	0.015079905533655687 0.00043695340489335877 -0.0024576341239898863 -0.0006136562043976834 -0.002810401223724668
786	(   4.1969370000000001397    0.00160855999999999998   1.5015445599999999171  -14.162771000000009991    -9.419684000000000168     5.6425187699999996838   10.989427700000000243   )	-0.010136964834224221 -0.00031021674083753226 0.001499577510102718 0.0009640426317114592 0.003515256452866211
787	(   4.1969580000000004105   -0.00094844000000000005   1.5016295600000000299  -14.163010000000010535    -9.4197959999999998359    5.6412167699999997694   10.990227700000000155   )	0.005977330834270546 -0.00023759690290514612 -0.0010526828566142315 -0.004193883087592054 -0.0014739427713816866
788	(   4.1971829999999998861    0.00056355999999999995   1.5025575600000000698  -14.165612000000010084    -9.4210180000000001144    5.6418017699999998271   10.983527699999999783   )	-0.003554096238726527 0.0005803933160652974 0.0005041835988616724 -0.0009096900821810028 0.004470055415229268
789	(   4.1971239999999996328    0.00016556000000000001   1.5023135599999999368  -14.1649280000000104      -9.4206959999999995148    5.6432167700000004373   10.99682770000000076    )	-0.0010439214111302303 0.0003600093971458662 9.557829305352562e-5 0.004542094935027663 0.0020935515017601602
790	(   4.1967980000000002505   -0.00202044000000000008   1.5009715599999999824  -14.164833000000010443    -9.4189299999999995805    5.6429247699999995902   10.983927700000000627   )	0.012727306051705129 1.1905299186487639e-5 -0.002164072672314081 0.0020251037826390927 -0.004323174543233499
791	(   4.1972839999999997929    0.00123755999999999996   1.5029715599999999842  -14.163105000000010492    -9.4215619999999997702    5.6415087699999997284   11.003127700000000289   )	-0.007807021624447135 0.00010905453140619414 0.0011941220543364311 -0.0016756985528372237 0.006113021271519692
792	(   4.1976139999999997343    0.00067055999999999995   1.5017081000000001012  -14.163897000000009285    -9.4201859999999992823    5.6423760400000002591   11.008527700000000138   )	-0.004226935943726083 0.0006141687544554131 0.0005819989868999058 0.0005530316680832925 0.003579346867285338
793	(   4.1971780000000000754   -0.00044744000000000001   1.5019368799999999187  -14.163904000000009376    -9.4222459999999994551    5.6422430600000001988   10.994187699999999452   )	0.0028206154186949687 0.0001797399388667742 -0.00047436540888015394 0.0002464648255104951 0.00017072289165653842
794	(   4.1969039999999999679   -0.00033544               1.502006240000000048   -14.164034000000009783    -9.4182459999999998956    5.642190480000000008    10.992867699999999687   )	0.0021145386203266616 -6.500622732197314e-5 -0.0005146367996802259 0.00010413818226884253 0.0002983443081543413
795	(   4.1966270000000003293   -0.00022243999999999999   1.5020763399999998988  -14.162969000000009245    -9.4203989999999997451    5.6421373499999996071   10.99153369999999974    )	0.0014021848234549322 -0.0005774862393073121 -0.0003029757343955016 -3.966947467848314e-5 0.0004523490649068762
796	(   4.1960410000000001318    0.00001756               1.5022248400000000057  -14.164446000000010528    -9.4206149999999997391    5.6420247799999998506   10.995870699999999331   )	-0.00011068765166871422 -0.0008343575634661704 -5.5226597471817114e-5 -0.000344411895555119 0.0005264325943725723
797	(   4.1974549999999997141   -0.00056044000000000005   1.5018667800000000678  -14.164969000000009913    -9.4200929999999996056    5.6422961899999997115   10.995521699999999399   )	0.003533023974044164 0.0007005724436348615 -0.0006526245266733443 0.0003902590435149733 6.769991125299413e-5
798	(   4.1965899999999995984   -0.00020744000000000001   1.5014715599999999274  -14.164184000000009434    -9.420412000000000674     5.6421302600000000638   10.991355699999999729   )	0.001307091997168894 -0.00034507565842467613 -0.00028749826776512183 -0.0006729951629089737 -0.0007536260966451991
799	(   4.1980409999999999116   -0.00080044000000000003   1.5017182799999999609  -14.163492000000010407    -9.4198769999999996116    5.6424087600000003562   10.991184699999999808   )	0.005046193808871936 0.0009509643342155982 -0.0009013207414418845 0.0006949283576205278 1.541215763101178e-5
800	(   4.1974919999999995568   -0.00057543999999999998   1.5024715600000000393  -14.163754000000009725    -9.420080000000000453     5.642303280000000143    10.99569969999999941    )	0.0036290770125987875 0.00046016166321560803 -0.0006681368266721537 0.0010235819167372373 0.0012843532436086491
801	(   4.1966460000000003205   -0.00081543999999999996   1.501708810000000005   -14.163474000000009667    -9.4198629999999994311    5.6424159400000002407   10.998527700000000351   )	0.005139017262299864 -0.0004480128170776254 -0.0009168979083596865 0.0007143616156362054 -0.001504457138490345
802	(   4.197352000000000416    -0.00051844               1.5018927099999999086  -14.163820000000010069    -9.4201309999999995881    5.6417167700000003805   10.995027699999999626   )	0.0032682314355566766 0.0003349128527929679 -0.0006091351736129958 -0.0019168422831934429 0.00010269105713689441
803	(   4.1967299999999996274   -0.00026444000000000001   1.502050410000000058   -14.164118000000010866    -9.4203609999999997626    5.6427167699999998263   10.992027699999999513   )	0.0016669504325376053 -0.00022002835973644608 -0.000346379545370856 0.002266848741108385 0.0003925032604161771
804	(   4.1967040000000004341   -0.00139144000000000008   1.5020568000000000808  -14.164130000000010767    -9.4203700000000001324    5.6421521600000001939   10.991905700000000223   )	0.008771203325698543 -0.00024331240441011204 -0.0014730459676665175 4.1801374872640906e-7 -0.0018683789847555587
805	(   4.1974359999999997228    0.00003256               1.5022343099999999616  -14.164464000000009491    -9.4206289999999999196    5.6420175999999999661   10.988527700000000564   )	-0.00020530813407234144 0.0005647663431069816 -3.973786211302103e-5 -0.00036385187386023254 0.002327245736064576
806	(   4.1973779999999996093    0.00060855999999999996   1.5018863200000001079  -14.163808000000010168    -9.4201219999999992183    5.6422813800000000128   10.995149700000000692   )	-0.003836352867000846 0.00035822810058139254 0.0005175131810250337 0.0003501766591675892 0.002369057977039901
807	(   4.1969183000000001016   -0.00034771999999999998   1.502073779999999914   -14.164078680000010024    -9.4212460000000000093    5.6421554799999995566   10.994852699999999146   )	0.0021920550227989316 -4.0619177132050766e-5 -0.00040011371901436547 3.076480615238353e-5 0.0003741689573608653
808	(   4.1965501999999998972   -0.00021656               1.5023804400000000392  -14.164407720000010471    -9.424246000000000123     5.6419716099999996928   10.998827699999999652   )	0.0013653707225310834 -0.00033391870309706917 -0.00021774852538055696 -0.0004029016618565251 0.0009541695169481557
809	(   4.1966422999999997145   -0.00042932000000000002   1.5020943399999999723  -14.16507868000000947     -9.4198930000000000717    5.6422605700000003637   10.99866970000000066    )	0.0027063270859097027 -8.647593658928088e-5 -0.000529543138010424 0.0004744184715976818 4.1327142323410726e-5
810	(   4.1969022999999996415   -0.00035246000000000002   1.5015737799999999691  -14.164050680000009663    -9.4211670000000005132    5.6421615799999997876   10.995074699999999979   )	0.002221188275604811 -6.2942474389871e-5 -0.00040722372022489054 -0.0004446757945910651 -0.0006532629684627977
811	(   4.1965563000000001281   -0.00045460999999999999   1.5021007099999998946  -14.163450680000009285    -9.4222210000000004015    5.6422931399999995961   10.999852699999999928   )	0.0028657024164150265 -0.0005428613960845041 -0.00048206974333535335 0.0006119103374770951 -1.970615077251381e-5
812	(   4.1971942999999996005   -0.00026612000000000001   1.5020532200000000778  -14.163078680000010579    -9.4225989999999999469    5.6420503899999996378   10.991035699999999409   )	0.0016777293798382457 1.3625415204110425e-5 -0.0002860610225857257 -0.00041291527441655873 0.000916810176624594
813	(   4.196984299999999557    -0.00084772000000000005   1.5020688700000000004  -14.164193680000009223    -9.4215689999999998605    5.6421303700000002834   10.993940699999999566   )	0.005344162061592437 5.1420476795627224e-5 -0.0008909690542698956 -7.524228107258502e-5 -0.0005541860371138796
814	(   4.1965102999999999156   -0.00046831999999999999   1.5021041699999999608  -14.16336968000000951     -9.4192459999999993414    5.6423108099999996767   10.993624699999999805   )	0.002952099901263226 -0.0006067090985757417 -0.0005968495666860799 0.0006865060071408191 -0.00019063361464333184
815	(   4.1959182999999997676   -0.00031216000000000002   1.5020648199999999672  -14.164287680000009928    -9.4218360000000007659    5.642109679999999905    10.993188699999999258   )	0.001967401281602116 -0.000993212543765054 -0.0003485114544322309 -0.00016259483727254498 -0.0005354046759382669
816	(   4.1973263000000002876   -0.00022712000000000001   1.5020433900000000893  -14.164787680000010539    -9.4232460000000006772    5.6420001500000003247   10.996080700000000263   )	0.0014318930809284623 0.0005296871492301847 -0.00023697698824431094 -0.0006250341034423901 0.0009606864654383429
817	(   4.196852299999999758     0.00015228               1.5020786900000000497  -14.163963680000010825    -9.4209230000000001581    5.642180589999999718    10.995764700000000502   )	-0.0009599734862193121 -0.00013254790193517607 8.986527453637849e-5 0.00013677038530524044 0.0013145010496451448
818	(   4.197280300000000075    -0.00024083000000000001   1.5020468499999999334  -14.164706680000010763    -9.4202709999999996171    5.6420178200000004054   10.989852700000000141   )	0.0015183155414358344 0.00046493106956990715 -0.0003261427429360049 -0.0005504260509665571 0.0011280406906122309
819	(   4.1969342999999996735   -0.00034298               1.502573780000000081   -14.164106680000010385    -9.4213249999999995055    5.6421493800000002139   10.99463070000000009    )	0.0021629016543292788 -1.8289303811869217e-5 -0.00039305614089577397 0.0005062053178999104 0.0014023105720353257
820	(   4.1979183000000004355   -0.00038328               1.5020827400000000829  -14.163869680000010121    -9.4206559999999992527    5.6422012800000000965   10.99651670000000081    )	0.0024168182721381955 0.0009123405785462779 -0.00045463995030421564 0.00022411943238731524 0.0013236146147406203
821	(   4.1968313000000003754   -0.00037348999999999998   1.5020802699999999952  -14.163927680000009346    -9.4208189999999998321    5.6416554799999998338   10.996058700000000741   )	0.002354472553579874 -0.00016164192177914316 -0.0004393178116530179 -0.001976112997144508 0.00024654951880531684
822	(   4.1970052999999998278   -0.00032194999999999999   1.5020672900000000549  -14.164229680000010703    -9.4216730000000001866    5.6426554800000001677   10.993646699999999328   )	0.0020296321602030426 8.059481855404727e-5 -0.00036244115167105627 0.002037044652518194 0.0005227322423548841
823	(   4.1966724199999996259   -0.00023363999999999999   1.501965439999999985   -14.164068390000009501    -9.4217790000000007922    5.6421176400000003781   10.992852700000000254   )	0.0014726929509572097 -0.00028882375315841813 -0.00027141370268153587 -0.00022992598014148768 0.000189350548190248
824	(   4.1959344200000003866    0.0001086                1.5016404199999999758  -14.164037520000009707    -9.423377999999999588     5.642004120000000178    10.986852700000000027   )	-0.0006842652211069005 -0.0010337921523948523 0.0001003684667232615 -0.001012018878965515 -1.98780409617072e-5
825	(   4.1966394200000003423   -0.00024367               1.5019630799999998949  -14.164106770000010727    -9.4237789999999996837    5.642124459999999786    10.992070699999999306   )	0.0015359001272499365 -0.0003131489471872584 -0.00024786127360460424 -0.00020482715523084671 0.0001666205442791835
826	(   4.1965404199999998269   -0.00027376000000000001   1.5019560000000000688  -14.164221910000019733    -9.4297789999999999111    5.6421449199999997859   10.989770699999999337   )	0.0017255144987037218 -0.0003860503967834106 -0.00037880277649728143 -0.00012953134786997111 0.00014740500336341
827	(   4.196524420000000255    -0.00028060999999999998   1.5016989400000000376  -14.163606770000010115    -9.4210899999999995202    5.6422776199999997715   10.987670700000000679   )	0.0017683807254221231 -0.0005401929964836683 -0.00033773417048955446 0.00014765949489192742 -0.0001891691509525728
828	(   4.1965864200000000395   -0.00026062999999999998   1.5021560800000000047  -14.163877210000009654    -9.4225440000000002527    5.642194779999999632    11.002070700000000869   )	0.001642992704090403 -0.00041785098477831184 -0.0002815904041521001 0.00027129019491534123 0.0006811800219770348
829	(   4.1967114199999997481   -0.00022062000000000001   1.5017007200000000999  -14.164418820000010513    -9.4187790000000006785    5.6420288699999998627   10.994770700000000119   )	0.0013903923702580177 -0.00017015951249632622 -0.0003717658141781315 -0.0008520637317912527 -0.0003237305795922296
830	(   4.1967544200000004295   -0.00020672999999999999   1.5022272199999999742  -14.164606770000009561    -9.4264679999999998472    5.6419712999999998004   10.996470699999999709   )	0.0013033248868976654 -8.400794549778823e-5 -0.00021872616550306116 -0.0005573699010994471 0.0008011855962859471
831	(   4.1965674200000000482   -0.00026672000000000002   1.5022254399999999119  -14.163794720000009164    -9.4287790000000004653    5.6422200499999997092   10.989370700000000269   )	0.0016814536472178573 -0.00045532161718053743 -0.0003339545639130188 0.0004423875706913716 0.0007619448358875403
832	(   4.1966464200000004325   -0.00074366999999999999   1.5019359699999998981  -14.164139010000010188    -9.4239519999999998845    5.6421145800000003234   10.992370700000000383   )	0.00468742207231806 -0.00029885238071436504 -0.0007465352863571521 -0.0002717162515133431 -0.0008950868451576
833	(   4.196632420000000252     0.00025632999999999998   1.5019901899999998918  -14.164074530000009489    -9.423605999999999483     5.6421343400000001367   10.991770700000000005   )	-0.0016157250750637848 -0.00032743679522351243 0.00025056133605221357 -0.0001379382923725192 0.0012296239018612098
834	(   4.1966924199999997569   -0.00022671               1.5017700800000000072  -14.164336330000010022    -9.4250139999999991147    5.6420541399999999399   10.982070699999999519   )	0.0014288323188070837 -0.00020800489050998294 -0.00022694400097289811 -0.0006809563302627719 0.001091977716182413
835	(   4.197639419999999788    -0.00024740999999999999   1.5020056999999999992  -14.164056080000010596    -9.423505999999999716     5.6421399900000004379   10.991670700000000238   )	0.0015598899489575272 0.0006753965068257983 -0.0002542051099705672 -9.968036336904795e-5 0.0012657130130069305
836	(   4.1967764199999999519   -0.00019974000000000001   1.50146307999999995    -14.164016950000009487    -9.4269770000000008281    5.6419422900000002485   10.997270699999999621   )	0.0012586226306680072 -0.00019643105685940299 -0.00022005021612023803 -0.0014383219506843847 -0.0006761797507826017
837	(   4.1956394200000000083   -0.00023992999999999999   1.5019204600000000127  -14.164157460000010857    -9.4240519999999996514    5.6421089300000000222   10.99247070000000015    )	0.0015119228988751902 -0.001301672848923019 -0.00024214347957360267 -0.0003099745238317464 -0.0009301679811350994
838	(   4.1966724199999996259   -0.00023296999999999999   1.5018412699999998949  -14.164251650000009519    -9.4245579999999993248    5.642624460000000397    10.993370699999999829   )	0.001468348367952127 -0.000247291221030288 -0.00023317320750500166 0.0016861698469519126 -7.601830988512859e-5
839	(   4.1965024199999998444   -0.0002876                1.5024630800000000619  -14.16419659000001019     -9.4205810000000003157    5.6423066300000002116   10.986870700000000767   )	0.0018133438699595558 -0.0004297991677466584 -0.0003615803803619479 0.0010285882818221737 0.0013987837706244122
840	(   4.1966064200000001705   -0.00025437000000000002   1.5020848899999998949  -14.163961890000010158    -9.4230000000000000426    5.6416244600000000631   10.990770700000000559   )	0.0016034617634251055 -0.00037883061140941976 -0.0002676467928993408 -0.0020964219894532565 0.0004335947872826651
841	(   4.1965404199999998269   -0.00027376000000000001   1.5019560000000000688  -14.164221910000019733    -9.4297789999999999111    5.6421449199999997859   10.989724700000000013   )	0.0017255144987037218 -0.0003860503967834106 -0.00037880277649728143 -0.00012953134786997111 0.00015126444761470736
842	(   4.1966723500000000513   -0.00022130000000000001   1.5019779699999999956  -14.16430677000001026     -9.4237479999999997915    5.6421302400000001853   10.992101699999999198   )	0.0013949223739838992 -0.00023481417445392339 -0.00022575543900766703 -0.0001666656868819505 0.0002725134746208724
843	(   4.1967711400000000666   -0.00015419000000000001   1.5020226400000000755  -14.164906770000010638    -9.4236550000000001148    5.642147579999999607    10.992194700000000651   )	0.0009719590637462701 2.203145271550966e-6 -0.00015948636950986224 -5.218176121601914e-5 0.0005902752940665223
844	(   4.1967055799999997134   -0.00019929999999999999   1.5019738300000000653  -14.164269560000009918    -9.4236740000000001061    5.6421338299999996835   10.99710169999999998    )	0.0012562560513076318 -0.0002100571363161663 -0.00020441866131796121 -0.00015635164901417475 0.0002714375059289509
845	(   4.196805269999999588    -0.00013329999999999999   1.5019614100000000523  -14.164157930000010666    -9.4234519999999992734    5.6421445999999999543   11.012101700000000548   )	0.0008402484934579232 -0.0001357163411714879 -0.000140684317912496 -0.00012540972033714404 0.002428029538386056
846	(   4.1967616300000001317   -0.00024886               1.5019840499999999039  -14.164769560000010529    -9.4238750000000006679    5.6421107900000002644   10.998401700000000503   )	0.0015686813027839005 -3.9183433393930045e-5 -0.0002522844193036712 -0.0002388957036312256 0.0002895685264086012
847	(   4.1966495300000001833   -0.00014974000000000001   1.5019636100000000045  -14.163769560000009307    -9.4234729999999995442    5.6421568699999999907   10.995801699999999457   )	0.0009438433958292649 -0.00037883392377580094 -0.00015689227090048678 -7.380886389052321e-5 0.00027764235818850125
848	(   4.1968008299999999267   -0.00028352               1.5017738300000000873  -14.164242640000010098    -9.4240150000000006969    5.6420946699999996454   10.999301700000000181   )	0.0017869260964504395 -0.00012092975732347355 -0.00028596485789517654 -0.0005140190868420103 -0.00011851651832195387
849	(   4.1964570099999995989    0.00002048               1.5019285099999999389  -14.164339800000009362    -9.425674000000000774     5.6422360300000002908   10.991501700000000596   )	-0.00012908090212983509 -0.0004426232963332666 1.7107878430666576e-5 0.00020979248703190123 0.0004744083199481608
850	(   4.1966103300000003884   -0.00011508               1.5021738300000000432  -14.164296480000009737    -9.4233329999999995152    5.6421729899999997215   10.994901699999999778   )	0.0007254687174868661 -0.00029917843688487267 -0.0001238492227220776 0.00020131212146679012 0.000731087092535887
851	(   4.196954149999999828    -0.00041908000000000001   1.5020191499999999696  -14.164199320000010474    -9.4216739999999994382    5.6420316299999999643   11.002701699999999363   )	0.0026418407190236543 2.2550405556209796e-5 -0.0004595450743681635 -0.000522520763675649 0.0005200438643129246
852	(   4.1962055799999999905   -0.00047551000000000001   1.50203079000000006    -14.164181290000010804    -9.4247920000000000584    5.6420054000000003924   11.00420169999999942    )	0.0029970586848976476 -0.0007301103447199253 -0.0004755108278199849 -0.000616494960712588 -0.00014796112983095355
853	(   4.1970384100000002192   -0.00049359000000000002   1.5020345200000000396  -14.164175510000010405    -9.4248650000000004923    5.6423338300000001055   11.004601700000000264   )	0.003111639027756271 0.00010140883274800672 -0.0004936218184761213 0.0007095285199267831 0.0007070121231018689
854	(   4.197131289999999737    -0.00057571               1.5020514499999999547  -14.164149270000010006    -9.4251979999999999649    5.6419588000000002737   10.987101700000000193   )	0.0036294526635606895 0.00018834149431068425 -0.0005764510183685122 -0.0007834723199018345 0.0005996077610479489
855	(   4.1964625099999999236   -0.00069930000000000003   1.5019295100000000787  -14.164338250000010788    -9.4228039999999992915    5.6422337699999998151   10.991601700000000363   )	0.004407541663347405 -0.00043747690275441897 -0.0007156653674440059 0.00020169384384782774 -0.0009634441436467966
856	(   4.1963727500000000958    0.00009499               1.5019131400000000909  -14.16436361000000943     -9.4224829999999997199    5.6419338300000001496   10.989601699999999695   )	-0.0005986827746147432 -0.0005214489131297739 7.286929011691897e-5 -0.0010223274771214985 0.0006458439220020651
857	(   4.1972055800000003245    0.00007690999999999999   1.5019168700000000705  -14.164357830000010807    -9.4225560000000001537    5.6422622599999998627   10.99000170000000054    )	-0.00048482940094635895 0.00031006142533929193 5.617417355027043e-5 0.0003037522169953011 0.0014167245571705678
858	(   4.1962798699999996899    0.00017710999999999999   1.5018962099999999538  -14.16438985000000983     -9.4221500000000002473    5.6423088599999999815   11.007101699999999767   )	-0.0011162139608664693 -0.0006083344001179825 0.00014810411999067753 0.00047069575771230276 0.0013832125326702638
859	(   4.1969486500000003915    0.00030069999999999999   1.5020181500000000518  -14.164200870000010823    -9.4245439999999991443    5.6420338900000004401   11.002601699999999596   )	-0.001895580639208242 1.7402205766181567e-5 0.00030047010190943624 -0.0005144210279763861 0.0019419127307438444
860	(   4.1967495000000001326   -0.00021929               1.5018738300000000763  -14.164256450000010545    -9.4234799999999996345    5.6421246199999997017   10.997105700000000539   )	0.0013821822922713968 -0.00016911960293874984 -0.00022636574509365986 -0.00029343296126072005 7.546559994775492e-5
861	(   4.1968812599999996138   -0.00027925999999999998   1.5015738300000001093  -14.164217120000010652    -9.4228979999999999961    5.6420969899999997565   10.99711770000000044    )	0.0017598761529073101 -4.6298353157503414e-5 -0.00029410384298919975 -0.0007046781150035208 -0.0005124487356038543
862	(   4.1967448499999999711   -0.00013638999999999999   1.5016738300000000983  -14.164342220000010641    -9.4219349999999995049    5.6421738200000000063   10.997485700000000364   )	0.0008595491354366381 -0.00015423117375767958 -0.00017033609747643257 -0.00029534621931315286 -0.0001539648500390456
863	(   4.1967309000000003749    0.00011231               1.5010738299999999423  -14.164599530000009153    -9.4172999999999991161    5.6423214200000000318   10.998625699999999838   )	-0.000707508404567661 -0.00010919566876577136 -0.00012254919071102657 -0.00030112074396226873 -0.0008297801595329446
864	(   4.1967390099999999364   -0.00012032               1.5017020599999999497  -14.164371830000009211    -9.4169350000000004997    5.6421839800000004317   10.99787569999999981    )	0.000758286914509235 -0.00015331168002674644 -0.0003786652440671417 -0.0002262112231476987 -5.937527309196611e-5
865	(   4.1967506900000000059   -0.00015245999999999999   1.5016456000000000248  -14.164312610000010295    -9.4269350000000002865    5.6421636599999995809   10.997095699999999141   )	0.0009608078304218408 -0.0001551433136475211 -0.00017200180631004612 -0.0003644814624070847 -0.00024636420310120144
866	(   4.197244849999999694    -0.00011338               1.5017142500000000283  -14.164384610000009701    -9.4219939999999997582    5.6421883700000003969   10.998044699999999452   )	0.0007146412151369586 0.0003554480633924939 -0.0001459317536779674 -0.00019634679825464296 0.0004905310613469993
867	(   4.1966803199999995755    0.00004107               1.5011738299999999313  -14.164669120000009883    -9.4223900000000000432    5.6422860500000000528   11.001792699999999314   )	-0.0002587388097065092 -0.00014372751935187722 1.7120147651980376e-5 -0.00034351270785770716 -0.0006114692854275461
868	(   4.1968093800000003668   -0.00031385000000000001   1.5021738300000000432  -14.164015320000009623    -9.4214800000000007429    5.6420615899999999598   10.993178699999999637   )	0.001978616236539221 -0.00016383849937362527 -0.0003595313243740329 -0.0002472098609322959 0.0005706595673613535
869	(   4.1967707000000000761    0.00036361               1.5015489799999999221  -14.16421127000000979     -9.4217530000000007107    5.6421288699999996297   10.995760699999999943   )	-0.0022913454159140018 -0.00015818680709944744 0.0003251784890649045 -0.0006011715813274421 0.0005961301970893729
870	(   4.1967967899999996106   -0.00027922999999999999   1.5014229400000000947  -14.164079090000010197    -9.4215689999999998605    5.6423738200000004284   10.994018699999999811   )	0.0017594748544360527 -0.0001620365371435284 -0.00032247905426989546 0.0002589348071209141 -0.0008983670748285988
871	(   4.1967189999999998662   -0.00063639000000000002   1.5017986800000000525  -14.164473170000009716    -9.4221170000000000755    5.6422187700000003829   10.999210700000000784   )	0.004010928831232933 -0.00015013171073352538 -0.0006661289211169321 1.0474309409591598e-5 -0.0008612112527659477
872	(   4.1962448500000002483   -0.0001594                1.5016334099999999463  -14.164299830000009806    -9.4218759999999992516    5.6421592699999996157   10.996926699999999499   )	0.00100441470125009 -0.0006638953391346902 -0.00019476968120219867 -0.0003943461467901255 -0.0007939610683749265
873	(   4.1966929100000003316    0.00000645               1.5019247200000001019  -14.164605350000009309    -9.4223009999999991493    5.6419738199999995842   11.00095269999999914    )	-4.06551035133664e-5 -0.00014584507505066568 -1.9318352843590826e-5 -0.0008497229306780874 0.0007635246980788324
874	(   4.1966726699999998829    0.00006210000000000001   1.5020224600000000592  -14.16384222000001003     -9.4224429999999994578    5.6422993500000000466   11.002303700000000575   )	-0.00039144713933246734 -0.00033944269202290656 3.920146607754503e-5 0.0005586605646412668 0.0011678370187322429
875	(   4.1966461500000002971    0.00013503000000000001   1.5021505600000000236  -14.164842220000009476    -9.4226299999999998391    5.6423454700000004181   10.995090700000000439   )	-0.000851228359017417 -0.00013780275658703545 0.00011565234084061967 0.0008724276393461405 0.0012190137697825065
876	(   4.1968170300000000594   -0.00033488000000000002   1.5013251999999999153  -14.164842220000009476    -9.421426999999999552     5.642048289999999966    10.992667700000000153   )	0.002110007606460901 3.307724341272689e-5 -0.0003820413634028784 -0.0011493906978223833 -0.0011415027621595186
877	(   4.1968435499999996452   -0.00040780999999999999   1.501197099999999951   -14.16384222000001003     -9.4212399999999991707    5.6420021699999995946   10.999880700000000289   )	0.0025693210065171725 -0.00016856269202314422 -0.00046038187955296756 -0.0014631905588291527 -0.0014443454713388704
878	(   4.1967685799999996377   -0.00014514000000000001   1.5017527399999999194  -14.164225450000010653    -9.4221050000000001745    5.6422188000000002006   10.999485699999999255   )	0.0009147461147733143 -0.00015708623020227463 -0.00017514774948774585 -3.53449109846693e-5 9.393329839291198e-5
879	(   4.1968397700000004136   -0.00017139               1.5019894700000000487  -14.163875140000010688    -9.422615000000000407     5.6423537399999998954   11.005485699999999483   )	0.0010803755708160539 -0.00016496518409425676 -0.00019103924637510174 0.000744629960873322 0.0011832067341002173
880	(   4.1968144099999999952   -0.00012355999999999999   1.5018522800000000395  -14.164725450000009488    -9.4213699999999995782    5.6422472700000003698   10.997811699999999746   )	0.00077879809808125 3.382487424374858e-6 -0.00017233943689856754 0.0001788139644771647 0.00030789324358959647
881	(   4.1967227500000001683   -0.00016672               1.5016532000000000213  -14.163725450000010042    -9.4228400000000007708    5.6421903300000000314   11.001159700000000541   )	0.001050673132356226 -0.00031545802233878817 -0.0001824938864160368 -0.00024950572594750753 -7.967514481688198e-5
882	(   4.1967383399999995675    0.00005486               1.5016870499999999122  -14.164275620000010392    -9.4225899999999995771    5.6422000099999998213   11.000590700000000055   )	-0.00034573801269146897 -0.00017591802610272822 3.475390830475057e-5 -0.00017668362606637622 0.00040334211503445516
883	(   4.1967988199999997079   -0.00034514000000000002   1.5018184299999999265  -14.164175280000009138    -9.4216200000000007719    5.6422375899999996918   10.998380700000000232   )	0.0021753586823070803 -0.00013823332221285511 -0.0003870252688910219 0.00010599295926461139 -0.00019789330340636013
884	(   4.1972685800000002487   -0.00015699999999999999   1.501698030000000017   -14.164267230000010755    -9.4225089999999998014    5.6422031500000002779   11.000405699999999953   )	0.000989575703400803 0.0003524126937204386 -0.00017862233138125975 -0.00015306189801767012 0.0005187050243984359
885	(   4.1967264699999997646   -0.00016496999999999999   1.501661270000000048   -14.16429531000001063     -9.4227810000000005175    5.6424187999999997345   11.001024700000000323   )	0.0010396511022811412 -0.00018330492944329535 -0.00018171895745650545 0.0006783345781600225 -6.704174882443681e-5
886	(   4.1962685799999999148   -0.00013328               1.5018074500000000437  -14.164183670000010551    -9.4217010000000005476    5.6422344500000001233   10.998565700000000334   )	0.0008399288827571551 -0.0006665705128163779 -0.0001730441623286606 8.237148998579968e-5 -0.00031865064398584053
887	(   4.1966317300000000046   -0.00020959               1.501455500000000054   -14.164452470000009399    -9.421454999999999913     5.6421337899999999266   11.004485700000000037   )	0.001320638283546515 -0.00024214556100954354 -0.00025596651605638707 -0.0006748426966194376 -0.0003046895798455296
888	(   4.1968106900000003989   -0.00012531               1.5018442100000000128  -14.164155590000010676    -9.4214289999999998315    5.6420187999999997785   10.997946699999999964   )	0.0007898233957142509 -0.0001308265954538257 -0.0001724150844829974 -0.0007491201140381598 0.00028901397748182234
889	(   4.1968358999999999526   -0.00011344               1.5012527399999999744  -14.164113780000009868    -9.4210250000000002046    5.6422606200000000598   10.997026699999999266   )	0.0007147300125586567 -0.00011508318362718484 -0.0001725955233229715 -0.0003669802340628969 -0.0008703115971195885
890	(   4.1966439099999996998   -0.00020384999999999999   1.5014819500000000652  -14.164432260000010544    -9.4241050000000008424    5.6421413500000001662   10.996925700000000248   )	0.0012844965788520381 -0.00023459364989175668 -0.00020575207974078105 -0.0006179547670808194 -0.0007867405358918944
891	(   4.1969054300000001589   -0.00008069               1.5020499800000000068  -14.163998430000010131    -9.422755000000000436     5.6423038099999995865   10.99448570000000025    )	0.0005086666709603348 -7.159461330896733e-5 -9.78779317062005e-5 0.0006041355822534733 0.0008525421614038464
892	(   4.1967012600000002109   -0.00017683999999999999   1.5022527400000000863  -14.164337120000009662    -9.4231850000000001444    5.6421769800000003414   11.001944699999999244   )	0.0011148888351682847 -0.00019898468054169172 -0.00018749759183904957 0.00029628622721245 0.0011452475605633339
893	(   4.1968932499999995756   -0.00008643               1.5020235299999999956  -14.164018640000010762    -9.4201049999999995066    5.642296250000000235    11.002045700000000039   )	0.000544840235576434 -7.922006532190551e-5 -0.00017814289431140534 0.0005472505916090942 0.0010689758789190762
894	(   4.1967600599999999034   -0.00014192               1.5017598899999999862  -14.164221420000009388    -9.4231049999999996203    5.6422197900000004012   10.999513699999999616   )	0.000894454479426718 -0.00016652169969777475 -0.00015367493952414416 -2.4209185186974125e-5 0.00010773600842739484
895	(   4.1967344999999998123   -0.00013226000000000001   1.5017813399999999646  -14.164209330000009146    -9.426104999999999734     5.6422227600000001146   10.9995977000000007     )	0.0008335789082223873 -0.00019482729083986072 -0.00013965633476060752 9.197978130481843e-6 0.0001492118740111792
896	(   4.1967020100000000937   -0.00015270999999999999   1.5017526900000000012  -14.164421420000010698    -9.423175000000000523     5.6422249700000000061   10.999660699999999736   )	0.0009624408070203564 -0.0001789745977491819 -0.00016350182031517015 -1.0554617743352424e-5 2.2200450247034098e-5
897	(   4.1965278599999997766   -0.00018508000000000001   1.5017310900000000462  -14.165021420000019958    -9.4233849999999996783    5.6422405099999997091   11.000101700000000093   )	0.0011663845906300292 -0.00021432031563417553 -0.0001932294214902496 3.040869933212953e-5 -0.00023253927213229275
898	(   4.196790230000000399    -0.00020248               1.5017322099999999008  -14.164921420000009533    -9.4232200000000005957    5.6422347000000003803   10.999464700000000761   )	0.0012761211019670323 2.4705957700099646e-5 -0.00021267440713938147 8.137977258959594e-6 -4.1336325559804266e-5
899	(   4.1970548900000004267   -0.00035178999999999999   1.5016707700000000436  -14.16642142000000959     -9.423355000000000814     5.6422638899999997264   10.998876700000000284   )	0.0022171897713601316 0.0006483277438196211 -0.00036029422713516597 6.421440282733393e-5 -0.0002286276046046254
900	(   4.1965892299999998372   -0.00016969000000000001   1.5017503400000000724  -14.165025420000009859    -9.4252199999999994873    5.6422908899999999477   10.999844700000000586   )	0.0010694252904248549 -0.0001520148220741646 -0.00017051067440845618 0.0002524822613731992 -0.00011816855708612906
901	(   4.1966912299999998837   -0.00018626               1.5017411800000000088  -14.163921420000010087    -9.423035000000000494     5.6422625000000001805   10.999652700000000394   )	0.0011738746008598255 -0.00030311827238804767 -0.00019901921850262914 0.0001290284288069099 -7.916983844058478e-5
902	(   4.1965842300000000265   -0.00016888               1.5017507900000000021  -14.16502842000000939     -9.4228369999999994633    5.6422922700000004426   10.997464700000000093   )	0.0010643195355350586 -0.0001563131138384577 -0.0001847027607048855 0.000258487882823788 -0.0002262196845741471
903	(   4.1969912300000000727   -0.00023526999999999999   1.5017140799999999512  -14.164817420000009207    -9.4212199999999999278    5.6421785099999999247   10.99908469999999916    )	0.0014828317173983731 0.00020151745193786041 -0.00028843793196004977 -0.00023621386264305322 3.757520292158034e-5
904	(   4.1968892300000000262   -0.0002187                1.5017232400000000148  -14.165921420000010755    -9.4234050000000006975    5.6422068999999996919   10.999276699999999352   )	0.0013783712044071594 0.000360917247091308 -0.00022661708437724003 -0.00011275432377821915 -2.993874494094939e-6
905	(   4.1969962299999998834   -0.00023608               1.5017136300000000215  -14.164814420000009676    -9.4236029999999999518    5.642177130000000318    11.001464699999999652   )	0.0014879382156168012 0.0002058210527131621 -0.00024187823513202356 -0.00024221985978067906 0.00020114521307590394
906	(   4.1968512300000000437    0.00029752000000000001   1.5017267400000000599  -14.164890420000009641    -9.4233329999999995152    5.6422177500000003647   10.999349699999999785   )	-0.0018751268559524528 7.848643232044594e-5 0.0002887507772779224 -6.557219848302154e-5 0.0010023764336262175
907	(   4.195790230000000065    -0.000039                 1.5018225899999999573  -14.165441420000009387    -9.4213570000000004256    5.6423180400000001455   11.001360699999999326   )	0.0002457519694622965 -0.0008529908176049261 -8.815229311655992e-5 0.00043403223710725136 -0.00040151819467748595
908	(   4.1968232299999996826   -0.00020787               1.5022322100000000678  -14.164904420000009821    -9.4232809999999993522    5.6422254599999996927   10.999401699999999948   )	0.0013105378330480538 5.374586507489454e-5 -0.00021728173745903738 0.0004709381082843578 0.0009773829038337567
909	(   4.1977902299999998448   -0.00036596000000000003   1.5016418300000000663  -14.164401420000009679    -9.4250830000000007658    5.6421513599999997268   10.997568700000000419   )	0.0023068571863774784 0.0009046705943918099 -0.0003663508055031938 -0.00041777290402755796 0.00037060926496579327
910	(   4.1967572300000002272   -0.00019709               1.5012322099999999558  -14.164938420000009245    -9.4231590000000000629    5.6422439400000001797   10.999527699999999797   )	0.001241727532493407 -4.331525812695247e-6 -0.00020809833306797613 -0.0004546623580872211 -0.0010599984030861265
911	(   4.1967292299999998662   -0.00070248000000000001   1.5017376799999999637  -14.164952420000009425    -9.4231069999999998998    5.6422516500000003958   10.99957969999999996    )	0.004427300410529142 -2.9066456953330544e-5 -0.0007142068506355622 8.184746545625288e-5 -0.0010848586505129987
912	(   4.1977902299999998448   -0.00016623000000000001   1.5017522500000000107  -14.165036420000010509    -9.422807000000000599     5.642296799999999557    10.999884700000000848   )	0.00104792072261874 0.0010515584771466635 -0.00018254566156152002 0.0002781847820492178 0.001096042690147847
913	(   4.195790230000000065    -0.00023873000000000001   1.5017121700000000128  -14.164806420000010334    -9.4236330000000005924    5.6421726000000003154   10.999044700000000674   )	0.0015042065163289732 -0.0010020356428501742 -0.00024423592528038143 -0.00026191805632347354 -0.001176175258312817
914	(   4.1968079200000003581   -0.00020600999999999999   1.5017328599999999472  -14.164912780000010528    -9.4232069999999996668    5.642233892200000156    11.000464700000000207   )	0.0012983748031214894 4.0382995959653556e-5 -0.0002163752459766485 5.535815045032422e-6 3.3814790547204154e-5
915	(   4.1967725400000004399   -0.00019895000000000001   1.5017315600000000764  -14.164930060000010315    -9.4232329999999997483    5.6422355077999997164   10.998464699999999539   )	0.0012538676076297404 9.029545532612815e-6 -0.00020897498789524622 1.0740137907694347e-5 -0.00010208788236454325
916	(   4.1967055300000000173   -0.00000248               1.5016955999999999083  -14.165411220000009962    -9.4239329999999998932    5.6422805061999996568   10.999529700000000076   )	1.5629392087663737e-5 5.514415921581417e-5 -5.478625833890181e-6 0.0001559388818268559 0.00020441548280469846
917	(   4.1965650999999999371   -0.00015758999999999999   1.5017239899999998975  -14.165031350000010235    -9.4222199999999993736    5.6422449807000001343   10.999479700000000193   )	0.0009931451790107769 -0.00017475770593478046 -0.00018507122591216523 4.130742250874064e-5 -0.00019228438500284994
918	(   4.1970153599999999727   -0.00024737000000000001   1.501740429999999904   -14.164811490000010608    -9.4242200000000000415    5.6422244192999997381   10.999449699999999552   )	0.001559130476137456 0.00022427097566701804 -0.000248677544789012 -2.5031720928492263e-5 0.00010961497378314533
919	(   4.1964672800000002439   -0.00013809               1.5017204200000000558  -14.165079120000010349    -9.4234500000000007702    5.6421846999999996086   10.999485699999999255   )	0.0008702322165153859 -0.0002613928275607691 -0.00014549661082723558 -0.0002049524532650171 -0.00025790670160752427
920	(   4.1967399500000004409   -0.00019244999999999999   1.5019322100000001008  -14.164945970000010433    -9.4232560000000002987    5.6422369962000002985   10.999467700000000292   )	0.001213054478825122 -1.9850925033537692e-5 -0.0002021787237390654 0.0002173823545605913 0.00032861180335963525
921	(   4.1971131799999996659   -0.00026687               1.5017439999999999678  -14.164763720000010494    -9.4229900000000004212    5.6422847000000002637   10.99944370000000049    )	0.0016820788173084404 0.0003110133232393508 -0.000280296561286556 0.00022122242502087275 0.00017524040069361035
922	(   4.1968405100000003571   -0.00021251000000000001   1.5015322099999999228  -14.164896870000010409    -9.4231839999999991164    5.6422324037999995738   10.999461699999999453   )	0.0013391723981865983 6.926789533956423e-5 -0.00022318097688686864 -0.00020110641266368745 -0.0004112843248833542
923	(   4.1968749299999998925   -0.00040247999999999998   1.5017688199999998933  -14.164431620000010881    -9.4225069999999995218    5.6421888938000002156   10.999399699999999669   )	0.0025367251495855307 -3.7201538951592283e-6 -0.0004241404665911902 -0.00013966794854169962 -0.0002870272957693487
924	(   4.1964296499999997891   -0.00013059000000000001   1.5017190499999999442  -14.164421420000010698    -9.4234760000000008517    5.6422511661000003258   10.999487699999999535   )	0.0008229596815856381 -0.0004513345977494865 -0.00013770942372628926 6.126932818628639e-5 -0.00028316402528005824
925	(   4.1971508100000001207   -0.00027437000000000002   1.5017453700000000794  -14.165421420000010144    -9.4229640000000003397    5.6422182339000004347   10.99944170000000021    )	0.0017293683212984952 0.0005028432784985881 -0.0002881898902680463 -4.4994022516231524e-5 0.000200498991526743
926	(   4.1971638499999999183   -0.00000248               1.5017458400000001095  -14.16473898000000986     -9.4229540000000007183    5.6422176383000000044   10.999440699999999183   )	1.5631621911808994e-5 0.00035595374918440115 -1.6452682635644196e-5 -4.692190150934472e-5 0.0007582033085427042
927	(   4.1964166099999999915   -0.00040247999999999998   1.5017185799999999141  -14.165103860000009206    -9.4234860000000004732    5.642251761699999868    10.999488700000000563   )	0.002536363272308836 -0.0003062626758456588 -0.0004094904791438384 6.319715938785109e-5 -0.00084086766551561
928	(   4.1967601900000000015   -0.00011593               1.5016339800000000348  -14.164757720000009655    -9.4237199999999994304    5.6422375079000000042   10.999619320000000755   )	0.0007305905941974646 -4.3366697373592444e-5 -0.0001206309784021948 -7.878757056989372e-5 -8.590217321380322e-5
929	(   4.1966700699999996971    0.00014372000000000001   1.501339289999999993   -14.164266620000010022    -9.4252199999999994873    5.6422459315999997642   11.000083180000000738   )	-0.000905525920323447 -0.00024623609861951223 0.00014289932559154384 -0.00033956432726589547 -0.00021753419277104058
930	(   4.1967209900000002065   -0.00010902               1.5016438100000000233  -14.164804560000009204    -9.4247200000000006526    5.6422447221000000539   10.999749319999999386   )	0.000687041870167371 -7.170724765970249e-5 -0.00010903410969328965 -3.991368156563979e-5 -8.392827916203771e-5
931	(   4.1966033899999999335   -0.00008829               1.5016732999999999887  -14.164945080000009625    -9.4277200000000007662    5.642266364700000203    11.000139320000000609   )	0.0005563971579136401 -0.0001566184909105317 -0.0001246433934180262 7.670723808295143e-5 -7.654649007982073e-5
932	(   4.1967175699999996752   -0.00011564               1.5016389100000000489  -14.164819650000010753    -9.4247200000000006526    5.642244182099999783    11.001749320000000054   )	0.0007287580065144858 -7.162484239575662e-5 -0.00011565410969328965 -4.6987681310506346e-5 3.86498946687297e-5
933	(   4.1967073099999998576   -0.00013549999999999999   1.5016242099999999038  -14.164864920000020732    -9.4247200000000006526    5.6422425620999998586   11.007749320000000282   )	0.0008539043740117864 -7.136616767233761e-5 -0.00013551410969328965 -6.820968472798228e-5 0.0007519434535554481
934	(   4.1967150599999998306   -0.00013375999999999999   1.5016502199999999245  -14.165319650000009588    -9.4248740000000008621    5.6422513921000003734   11.001458319999999347   )	0.0008429552649365755 4.299571224475329e-5 -0.00013379873884191776 -6.65081635409237e-6 -2.7456453253194013e-6
935	(   4.1967075300000002969   -0.00018812000000000001   1.5016841499999999954  -14.166819650000009645    -9.4253359999999997143    5.6422730221000003681   11.000585320000000777   )	0.0011855565413390887 0.0003994369284976429 -0.00018942791255246132 0.00011435903197987152 -0.00011961630155976621
936	(   4.1967359100000001249   -0.00006067               1.5015651999999999333  -14.165067650000009891    -9.4268739999999997536    5.6422847421000001944   11.00029632000000035    )	0.00038232247640213095 4.549838104495052e-6 -7.912217089395988e-5 4.259191242361737e-5 -9.448854290106112e-5
937	(   4.1967984600000001194    0.00015860000000000001   1.5013101399999999597  -14.1643116500000108      -9.432873999999999981     5.6423847920999996575   10.996796319999999625   )	-0.0009992903988485533 -0.00010759210493294091 -0.00011668656043022573 0.00019030412100873306 -0.0002533077897801661
938	(   4.1966458800000001617    0.00006758               1.5015041300000000479  -14.165997650000010211    -9.4268490000000007001    5.6423025821000001301   10.990296320000000563   )	-0.0004258405781549826 0.00013599387838425514 4.9565371078119666e-5 5.3342321058913456e-5 -1.0131882826058813e-5
939	(   4.1963757900000002721    0.00045258000000000001   1.5013209199999999477  -14.168787650000009393    -9.4267739999999999867    5.6423561020999999371   10.960296319999999426   )	-0.0028513023182140454 0.0005738413099809492 0.00043584649726033646 8.558897465427151e-5 0.008879725302488595
940	(   4.1966538800000003917    0.00001558               1.501312130000000078   -14.16689365000000933     -9.4318489999999997053    5.6422634121000001528   10.994796320000000733   )	-9.816159330959771e-5 0.00036423120821105215 -0.0001944148024439815 -0.00029634956498436615 -0.0006863423194545248
941	(   4.1966378799999999316    0.00011958               1.5016961300000000179  -14.165101650000009315    -9.4218489999999999185    5.6423417521000001074   10.985796320000000392   )	-0.0007536021121662574 -8.551100652276489e-5 8.354909604230739e-5 0.0004030305337117124 0.000957660339599542
942	(   4.1956458799999998277    0.00006158               1.5014811299999999417  -14.166106650000010347    -9.4268110000000007176    5.6422978320999996882   10.990796319999999398   )	-0.0003879344863437666 -0.0008375735329568812 4.422038016160245e-5 1.121980910556708e-5 -0.0011043326376585227
943	(   4.1976458799999996074    0.00007358               1.5015271299999999322  -14.165888650000010074    -9.4268870000000006826    5.6423073320999996838   10.989796319999999952   )	-0.00046376584939870143 0.001109660924258904 5.4898232498695225e-5 9.546477898880745e-5 0.0010876686711380756
944	(   4.1966388800000000714   -0.00093241999999999999   1.5016611300000000107  -14.165263650000010642    -9.4271049999999991797    5.6423346620999996759   10.986596320000000304   )	0.005876045088298981 -4.640717535231431e-5 -0.0009551634275867594 0.00033948831362007326 -0.0013233675011932178
945	(   4.1966528800000002519    0.00106758000000000005   1.5013471300000000852  -14.166731650000009779    -9.4265930000000004441    5.6422705020999996961   10.993996320000000821   )	-0.006726429518711906 0.00032291296042874507 0.001053743672077485 -0.00023280613543730233 0.001500227852885061
946	(   4.1966818799999998646   -0.00016342               1.5006551299999999483  -14.161761650000009638    -9.4254660000000001219    5.6421292221000003408   11.010296320000000136   )	0.0010291819316493311 -0.0007780534702881425 -0.00016540827121431755 -0.0014936039557622571 -0.0007742974167781469
947	(   4.1966558799999997831   -0.00000042               1.5012551300000001042  -14.167162650000010515    -9.4264430000000007936    5.642802582099999853    10.996196319999999247   )	2.646105490851759e-6 0.0004336654911538673 -1.2063882925596243e-5 0.0018169358627611043 -0.0008319141450323642
948	(   4.1966358799999996521    0.00013558               1.5017531299999999916  -14.164832650000009906    -9.4272550000000006065    5.6418025821000004072   10.984396320000000102   )	-0.000854467334634732 -0.00015029599701499308 0.00010981001463575158 -0.0017108497698059555 0.0013128806362905365
949	(   4.1966818799999998646   -0.00016342               1.5021861299999998973  -14.169962650000009319    -9.4254660000000001219    5.6421292221000003408   11.010296320000000136   )	0.0010302319247529133 0.0011976064542329468 -0.00016540827121431755 3.739604423769194e-5 0.0022877025832217512
950	(   4.1966878799999998151   -0.00020442               1.500504129999999936   -14.170666650000010023    -9.4252210000000005152    5.6420984720999998174   10.983196319999999346   )	0.0012872628911856621 0.0013994851716150336 -0.00020524439173751186 -0.0017684107707223173 -0.0016096149544209126
951	(   4.1966038799999996201    0.00033958000000000003   1.5025041299999999378  -14.161328650000010398    -9.4284770000000008849    5.6425066921000004427   10.997396320000000003   )	-0.002141192710811265 -0.0009446867626534683 0.0002821121189450065 0.0018749956684649405 0.002315202549365125
952	(   4.1966098799999995705    0.00029858               1.5008221299999999765  -14.162032650000009326    -9.4282319999999995019    5.6424759420999999193   10.970296319999999213   )	-0.0018805658153941826 -0.0007937805738169601 0.0002484725738394966 6.92166434312913e-5 0.0034509448258814857
953	(   4.1966098799999995705    0.00029858               1.5023531299999999256  -14.170233650000010783    -9.4282319999999995019    5.6424759420999999193   10.970296319999999213   )	-0.0018824841947982552 0.0012005168712514447 0.0002484725738394966 0.0016002166434312404 0.006512944825881384
954	(   4.1963757900000002721    0.00045232999999999997   1.5013209199999999477  -14.168787650000009393    -9.4267739999999999867    5.6423561020999999371   10.960296319999999426   )	-0.002849727291523618 0.0005738413099809492 0.00043559649726033643 8.558897465427151e-5 0.00887922530248808
955	(   4.1966488799999996928    0.00006978               1.5015070699999999437  -14.165981650000009751    -9.4288489999999995916    5.6422997420999996265   10.990296320000000563   )	-0.0004397045719019326 0.00013512225137723988 1.7227079350243312e-7 4.484907829938045e-5 3.14811717316843e-6
956	(   4.1966578800000000626    0.00007677999999999999   1.5015158900000000752  -14.165933650000010147    -9.434848999999999819     5.6422912220999998922   10.990296320000000563   )	-0.00048381753719377893 0.0001325202513609014 -0.0003491940890915347 1.9369234168786775e-5 4.378811717309361e-5
957	(   4.1966838800000001442    0.00007778               1.5015400699999998935  -14.166146650000010609    -9.4287410000000004828    5.6422710620999998454   11.00029632000000035    )	-0.0004901298149600321 0.0002101514897292489 1.18164895725675e-5 -3.761165247562204e-5 8.01214570982367e-5
958	(   4.1965238799999999841    0.00004178               1.5013890700000001033  -14.165389650000010491    -9.4238490000000005864    5.6424028820999998501   10.990496320000000097   )	-0.00026323969826909794 -0.00013161869298361495 3.8155534976208484e-5 0.00034205664167608063 -0.0004287641627627181
959	(   4.1967738800000002897    0.00009778               1.5016250700000000062  -14.166573650000010787    -9.4338490000000003732    5.6421966021000002911   10.990096319999999253   )	-0.0006162076895985664 0.00040480220578853476 -0.00024780228268017434 -0.00025238395371696143 0.00043563636501176006
960	(   4.195648880000000247     0.00012178               1.5017230699999999377  -14.167068650000009811    -9.4281380000000005737    5.6421104920999995969   10.989896319999999719   )	-0.0007672995768416333 -0.0005969678718269478 7.436275119365344e-5 -0.0005010751221838916 -0.0004292994217252044
961	(   4.1976488800000000268    0.00001778               1.5012910699999999498  -14.16489465000000969     -9.429560000000000386     5.6424889920999996562   10.990696319999999631   )	-0.00011204765360243233 0.0008771210733389267 -7.826444453851228e-5 0.0005906875309147352 0.00043789952758732653
962	(   4.1966138800000001297    0.00006177999999999999   1.501474069999999994   -14.165816650000010668    -9.4289570000000004768    5.6423284221000002958   10.980296320000000776   )	-0.0003892823856795928 6.032132337452367e-5 -1.1569922337624188e-5 0.00012730783978720517 0.001366046553314959
963	(   4.1966058799999998996    0.00106977999999999999   1.5014670699999999037  -14.165778650000010686    -9.4289819999999995304    5.6423350221000001525   10.99039632000000033    )	-0.006740753887591947 4.318739451747433e-5 0.0009955498647337964 0.0001468775688826529 0.001872619981066137
964	(   4.1966918800000003742   -0.00093022000000000005   1.5015470699999999837  -14.166184650000010592    -9.4287159999999996529    5.6422644620999999887   10.990196320000000796   )	0.00586180960506646 0.00022740268917775808 -0.000995353905820751 -5.718239222862742e-5 -0.0018661797547414594
965	(   4.1962278800000003542   -0.00002622               1.501110069999999963   -14.163981650000010859    -9.4301569999999994565    5.6419645521000001409   10.991096320000000475   )	0.00016515977807762176 -0.0007529235695420411 -0.00014774189273960976 -0.0017016909050471263 -0.0014600451717674545
966	(   4.1968598799999998761    0.00011778               1.5005070700000000539  -14.166982650000010224    -9.4281939999999995194    5.642125442100000221    10.989896319999999719   )	-0.0007417098828224609 0.0005924750149839397 6.876902973651499e-5 -0.0016568830130785361 -0.001658299421725573
967	(   4.1964378800000003977    0.00002178               1.5025070700000000556  -14.164980650000009277    -9.4295039999999996638    5.6424740420999999202   10.990696319999999631   )	-0.0001373267677689744 -0.0003138276795056072 -7.202817818032902e-5 0.0017465084341976578 0.0016668995275885834
968	(   4.1970698799999999196    0.00016578               1.5019040699999999244  -14.167981650000010418    -9.4275409999999997268    5.6426349321000000003   10.989496320000000651   )	-0.001045010200390838 0.0010567122476992097 0.00013371566127953194 0.0017911200731883792 0.0014755568906927863
969	(   4.1960438800000003923   -0.00006722               1.5009360700000000666  -14.165843650000010001    -9.4307280000000002218    5.6427997421000002376   10.991396319999999776   )	0.0004233511305176232 -0.0005031814208988905 -0.00021591070604307374 0.0014864460254484513 -0.0020927417578864294
970	(   4.1972538799999998815    0.00020678               1.5020780700000000429  -14.1661196500000095      -9.4269700000000007378    5.6417997420999999036   10.989196319999999574   )	-0.0013036658098640537 0.0007735856276873676 0.00018659888117165575 -0.001397346406575295 0.0021164610144577267
971	(   4.1966578800000000626    0.00007638               1.5015158900000000752  -14.165933650000010147    -9.434848999999999819     5.6422912220999998922   10.990296320000000563   )	-0.0004812969977970934 0.0001325202513609014 -0.00034959408909153466 1.9369234168786775e-5 4.2988117172626517e-5
972	(   4.1961488799999999699    0.00003571               1.5014599099999998977  -14.165885650000010543    -9.4290230000000008204    5.6423123321000003827   10.990003319999999576   )	-0.0002249854742068941 -0.00038806242707956073 -3.9975049266416755e-5 4.837362371734599e-5 -0.0006364254185671214
973	(   4.1966840200000001815   -0.00005852               1.5013294999999999835  -14.165620650000009917    -9.4295039999999996638    5.6423471721000000301   10.995296319999999568   )	0.0003687114351125966 8.347933309771349e-5 -0.00015232817818032902 5.8219751942312215e-5 -0.0007734636850535992
974	(   4.1966931299999998828    0.00056977999999999998   1.5012834699999999533  -14.16552765000001024     -9.4296740000000003334    5.6423594620999999449   10.988906319999999894   )	-0.003589856740371549 7.040955834103357e-5 0.00046910176384258015 6.166517249539538e-5 0.0007197501539417672
975	(   4.196604630000000391    -0.00043021999999999998   1.5017306699999999342  -14.166435650000009261    -9.4280240000000006262    5.6422400221000001963   10.991686319999999455   )	0.0027113195269502528 0.00020156344441613072 -0.0004744742814515332 2.8024445418939337e-5 -0.0006856332475813076
976	(   4.1971488800000003039    0.00010385               1.5015542299999999898  -14.166077650000010735    -9.4286750000000001393    5.6422871520999997585   10.990589319999999773   )	-0.0006544883150909858 0.0006583842157201758 4.006528088570084e-5 4.1324153392752194e-5 0.0006439578096042453
977	(   4.1967197599999996882   -0.00018898999999999999   1.5011489200000001087  -14.165254650000010272    -9.4268490000000007001    5.6423954021000000125   10.988069319999999252   )	0.001190618353352046 3.235017083014213e-5 -0.0002070046289218803 7.179548994207252e-5 -0.0009548509392178772
978	(   4.1965779999999996974    0.00032854999999999999   1.5018652200000000008  -14.166708650000009229    -9.4308490000000002595    5.6422040821000001287   10.992523320000000098   )	-0.002070750291516898 0.00024232660442535803 0.00017375032903099033 1.7880758177435396e-5 0.0010325602942113932
979	(   4.1966879400000003386   -0.00007279999999999999   1.5013097300000000089  -14.165580650000009655    -9.4295770000000000977    5.6420997421000000926   10.989069320000000474   )	0.0004586784702933638 7.785075539956665e-5 -0.00016952852307442135 -0.000957697403846991 -0.0005335391555485458
980	(   4.1966137400000000923    0.00019808               1.501684639999999904   -14.166342650000009584    -9.4281939999999995194    5.6422523121000001112   10.985296319999999781   )	-0.0012482982571189185 0.00018785804869025924 0.000149069029736515 3.1473018766048355e-5 0.0011397368627665827
981	(   4.1965618999999998451    0.00038730999999999998   1.5010070699999999988  -14.166874650000009339    -9.427227999999999497     5.6421823620999997928   10.993029319999999771   )	-0.0024396924459916423 0.0002675111335088687 0.0003620987430725802 -0.0009277150051723027 -0.0006027067093761218
982	(   4.1966098199999999352    0.00021236000000000001   1.5017044100000001006  -14.166382650000009846    -9.428121000000000862     5.6424997421000000486   10.991523320000000652   )	-0.0013383070487241286 0.00019374223332135898 0.00016542134741174758 0.001047299794406431 0.0005615137887717836
983	(   4.1967358600000004287   -0.00024774999999999998   1.5020070700000001107  -14.165088650000010162    -9.4304699999999996862    5.6424171221000003484   10.987563319999999578   )	0.0015616987975621871 9.420818670058395e-6 -0.0003838256349371405 0.0010173801750066325 0.0007165544451401828
984	(   4.1967397100000001231   -0.00026181000000000002   1.5010481399999999752  -14.166981650000009196    -9.4305420000000008685    5.6424223220999998318   10.98744231999999954    )	0.0016492742773852314 0.00047205471562605794 -0.0004013498772841947 7.938280483599236e-5 -0.0012115124406237854
985	(   4.1965580500000001507    0.00040137000000000001   1.5019659999999999123  -14.164981650000010305    -9.4271560000000000912    5.6421771621000003094   10.993150319999999809   )	-0.002529870233136653 -0.00019342416063317103 0.0003776187483257668 1.0279377595789896e-5 0.0013350943721643915
986	(   4.1966289400000000853    0.00009110000000000001   1.50150863999999995    -14.166026390000009627    -9.4298490000000008138    5.6423056121000003671   10.990134319999999235   )	-0.0005740461171790763 0.00012601367988818168 -1.6903917495551427e-5 7.005044256902515e-5 4.148927730707186e-5
987	(   4.1966688200000001885    0.00004846               1.5015054999999999374  -14.165936910000009874    -9.4278490000000001459    5.6422938720999997742   10.990458320000000114   )	-0.00030536203092046643 0.00014424760896325495 8.848740313313623e-6 1.9647631538388666e-5 -3.481515041681149e-5
988	(   4.1965272699999998096    0.00019981               1.5015166300000000188  -14.166254600000009134    -9.4287299999999998334    5.642335552099999596    10.992296319999999454   )	-0.0012590338772887108 7.985386093611879e-5 0.00013421216237932302 0.0001985711941170365 3.7514236640667775e-5
989	(   4.196770489999999576    -0.00006025               1.5014975100000000907  -14.165708700000010367    -9.4289679999999993498    5.6422639320999996571   10.988296319999999895   )	0.0003796617865567829 0.0001910154171822498 -0.0001339865692488959 -0.00010887610767240652 2.6378711819319278e-5
990	(   4.1965777099999996835    0.00014588000000000001   1.5015126599999999435  -14.166141390000010603    -9.4287790000000004653    5.6421997420999998596   10.989717320000000456   )	-0.0009192211800476373 0.00010270188305661065 7.864543608698125e-5 -0.0003521522000702326 0.00014177647291813145
991	(   4.1964987100000001874    0.00023034999999999999   1.50151886999999995    -14.165481650000009139    -9.4287019999999994724    5.6423439620999999988   10.989073319999999256   )	-0.0014514634529293497 -0.00013495427137133476 0.00016567837963024054 0.00023466730831134264 0.00030143628407852674
992	(   4.1966409999999996217    0.0000782                1.5013070699999999658  -14.165999330000010659    -9.4288410000000002498    5.6423020620999997377   10.990232320000000499   )	-0.0004926949400377562 0.00013152052376064205 8.865572815993915e-6 -0.00014581108814470944 -0.00038299830871046936
993	(   4.196656759999999764     0.00006136               1.5017070699999999217  -14.165963970000010619    -9.4288570000000007099    5.6422974221000004036   10.990360320000000627   )	-0.00038669987042384076 0.00013872660032809847 -8.521568811230209e-6 0.00023550923186022032 0.0003893535221708433
994	(   4.1964488800000001589   -0.00009077999999999999   1.5015227900000001071  -14.166430530000010179    -9.4286530000000006169    5.6423586320999996602   10.988668320000000378   )	0.000572010556366802 4.4555484474351204e-5 -0.00015384658629443148 0.00029764388209008175 -0.00034372026532558664
995	(   4.1967200499999997021   -0.00000632               1.501501479999999944   -14.165821910000010675    -9.4289190000000004943    5.6423997421000002817   10.99087532000000067    )	3.982473023451466e-5 0.00016775660555357064 -7.83420531356584e-5 0.00044182641516177235 -0.0001306530376652404
996	(   4.1968488800000001149    0.00023033999999999999   1.5014913500000000024  -14.165532770000009322    -9.4290450000000003428    5.6422408520999995929   10.991924320000000748   )	-0.0014514949478115495 0.00022737875168843402 0.00015386844418171025 -0.00020795402848428068 0.0003881798692271232
997	(   4.1967990500000000864   -0.00009079               1.5014952699999999375  -14.166481650000010362    -9.4289959999999997109    5.6422555221000001424   10.991519320000000093   )	0.0005721108174433397 0.0004072952877125502 -0.00016551534762531485 -0.00014497383325218216 -0.0002736027628529314
998	(   4.196461519999999723    -0.00013022000000000001   1.5014923700000000206  -14.165561830000010346    -9.4290319999999994138    5.6422446621000004185   10.991819319999999394   )	0.0008205103540159397 -0.0001530572085490789 -0.00020622631056448182 -0.00019159523705702952 -0.0007126620509838588
999	(   4.1968362399999996626    0.00026978000000000001   1.5015217700000000889  -14.166401470000009155    -9.4286659999999997694    5.6423548220999997227   10.988773319999999956   )	-0.0017000567034454483 0.00042477974362586934 0.00020628955387900038 0.0002812861302685654 0.0007523576162142831
1000	(   4.1965488799999999259    0.00006978999999999999   1.5015069000000000887  -14.165981220000009699    -9.4288508899999996515    5.6422993473999998315   10.990292320000000004   )	-0.0004397570560746125 3.501823102691759e-5 1.1762468646110051e-7 4.309009757585969e-5 -9.686776234651973e-5
1001	(   4.1962488799999997369    0.00006982000000000001   1.5015063900000000796  -14.165979930000009546    -9.4288565599999998312    5.6422981632999995583   10.990280320000000103   )	-0.000439914490503201 -0.00026529382072748575 -4.6493662526173886e-8 3.7813153164201196e-5 -0.000396914018585548
1002	(   4.1965382900000003374    0.00008735               1.5015147600000000594  -14.166181220000009233    -9.4289846799999992299    5.6422925900000002741   10.990386320000000708   )	-0.000550406691414763 7.297714952247958e-5 1.302519435275392e-5 2.3746142217895283e-5 -6.370368496977363e-5
1003	(   4.1965065199999997958    0.00014003               1.5015383399999999714  -14.166781220000009611    -9.4293860499999997415    5.6422723177999998256   10.990668319999999269   )	-0.000882359197200612 0.00018886648034488474 5.084578856209162e-5 -3.428637974978166e-5 3.6551937438566995e-5
1004	(   4.1965247200000002081    0.0001093                1.5015102300000000568  -14.166182430000009873    -9.4299846800000004521    5.6423006500000001395   10.990270320000000481   )	-0.0006887129403697979 5.97018913151004e-5 -4.560656691827541e-6 5.166409487289414e-5 -3.3670981539835054e-5
1005	(   4.1964840099999998202    0.00017515               1.501496640000000049   -14.166186060000010016    -9.4329846800000005658    5.6423248299999997357   10.9899223199999998     )	-0.0011036213131411514 1.987619036025734e-5 -0.00010771465980718466 0.00013541701960351205 5.75896597947434e-5
1006	(   4.1965206699999999529    0.0001211                1.501504680000000036   -14.166206020000009502    -9.4298316799999994942    5.6423042199999997592   10.988270319999999813   )	-0.0007630626560549021 6.140059132953013e-5 1.3832585350580655e-5 6.04861532325085e-5 0.00015632835333700967
1007	(   4.1965287699999995752    0.0000975                1.5015157800000000776  -14.166158840000010244    -9.4301376799999996337    5.6422970799999996316   10.992270319999999373   )	-0.0006143625315144516 5.800785793041996e-5 -2.3150523671167512e-5 4.2842005996801547e-5 -0.00016607363399945285
1008	(   4.1964820300000003073    0.00023348999999999999   1.5014517700000000744  -14.165682430000009262    -9.4283786799999997896    5.6423382000000001923   10.99041032000000051    )	-0.0014711773811421306 -0.0001037365219547226 0.00017903648362722514 0.00014437085623764112 4.454753258809063e-5
1009	(   4.1964516999999998959    0.00032173999999999999   1.5014102300000000678  -14.166607220000010159    -9.4304026800000002595    5.6423648699999997547   10.990510320000000277   )	-0.002027153600056906 9.091449004916541e-5 0.00018886404231717045 0.00021019545062328504 0.00010027354770070218
1010	(   4.1965977399999996322   -0.00010314000000000001   1.5016102300000000458  -14.165757640000009587    -9.4295666800000006447    5.6422364299999996362   10.990030320000000685   )	0.0006499526036242856 3.0002491959280064e-5 -0.00019945295763859155 -0.00010687713491908113 -0.00016678611746545613
1011	(   4.1963247199999997861    0.00007131000000000001   1.5015281099999999714  -14.166106470000009665    -9.4304756800000006933    5.6422891699999997428   10.990227320000000688   )	-0.0004493171451825075 -0.00015877726523338964 -6.503734314031952e-5 2.3327857243016226e-5 -0.00027059351437230816
1012	(   4.196567410000000109    -0.00001489               1.5015686900000000392  -14.166682430000010484    -9.4315906799999993382    5.6422631000000000867   10.990130320000000452   )	9.382835565983956e-5 0.00022523676942931559 -0.00020982218609091053 -4.10460422717307e-5 -0.0001116072715516836
1013	(   4.196724719999999742     0.00014729000000000001   1.5014923499999999201  -14.166258390000010081    -9.4294936800000002108    5.6423121299999996481   10.990313320000000274   )	-0.0009281258506519955 0.0002782294336185487 5.3891059317953696e-5 8.000001697139325e-5 0.00020327817539200765
1014	(   4.1964981100000002812    0.00018670000000000001   1.5014737899999999193  -14.166337210000010671    -9.4289836799999999783    5.6422006500000003726   10.990357319999999319   )	-0.0011763839898279787 7.089571602580946e-5 0.00011241052617752756 -0.0003873669662040058 1.5048826282892946e-5
1015	(   4.1965513300000001351    0.0000319                1.5015466699999999722  -14.166027650000010851    -9.4309856799999991495    5.6424006499999999065   10.990183319999999867   )	-0.0002010120338339537 4.8708965382893155e-5 -0.00012994818879606646 0.0004906712142924707 -8.22818018964e-5
1016	(   4.1964715699999999288    0.00026392000000000001   1.5015957600000000571  -14.166491620000009277    -9.4279846799999997842    5.6423473900000002956   10.990445319999999185   )	-0.0016630665216354336 8.226934645527706e-5 0.00022073134549639015 0.00032535694745639 0.0003803337587360289
1017	(   4.1965778699999995993   -0.00004532               1.5014247000000000565  -14.165873240000010469    -9.4319846799999993436    5.6422539099999999834   10.990095320000000001   )	0.00028555432574134973 3.7936111424663466e-5 -0.000263450792311906 -0.00022203398807052466 -0.0004472347466348836
1018	(   4.1965402699999998504    0.00060930000000000001   1.5015315300000000587  -14.166091940000010041    -9.4305696799999996216    5.6422869699999997906   10.99021931999999957    )	-0.0038393440284424014 5.324346438051464e-5 0.00046841672635936256 1.7891050940299635e-5 0.0010283929053240826
1019	(   4.1965091699999996777   -0.00039070000000000001   1.5014889300000000549  -14.166272920000009705    -9.4293996799999995062    5.6423143299999996003   10.990321319999999616   )	0.0024618054131697893 6.622898536168265e-5 -0.000480412573551175 8.543669075211646e-5 -0.0010956974161144828
1020	(   4.1964247200000004412    0.00017827000000000001   1.5015030658999999336  -14.166170990000010121    -9.4304046800000005391    5.6422855169000003528   10.990489320000000006   )	-0.0011232693907933247 -4.308426765842199e-5 4.529953222819435e-5 -1.642297597426179e-5 -2.6440159649254724e-5
1021	(   4.1961247200000002522    0.00038518               1.5014815736000000079  -14.166136670000010866    -9.4316646800000008       5.6422401176000001044   10.991146320000000358   )	-0.0024267895925394415 -0.00035143615963839636 0.0001859901616175955 -0.00022068747769954378 -6.040660283090915e-7
1022	(   4.196424040000000133     0.00017808               1.5015026359000001044  -14.166171570000010149    -9.4304096800000003498    5.6422861469000000767   10.992489320000000674   )	-0.0011220717081603078 -4.3623037757178906e-5 4.487311001510734e-5 -1.4316705340355895e-5 -0.00014600583829338376
1023	(   4.1964253999999998612    0.00017846               1.5015034958999999848  -14.166170410000010094    -9.4303996800000007283    5.6422848868999997407   10.988489319999999339   )	-0.0011244670745001292 -4.254549473881042e-5 4.572574445457843e-5 -1.8529247562071305e-5 0.000150722463509112
1024	(   4.1964736199999999045    0.00019217               1.5015342958999999823  -14.16612941000001058     -9.4324046799999994306    5.6422397869000002757   10.990495320000000845   )	-0.0012108918152963536 -4.301640291082265e-6 -5.212601743729593e-5 -0.00016929655480679706 0.00011228076591152103
1025	(   4.1964813300000001206    0.00019436               1.5015392258999999964  -14.166370990000009655    -9.4299706800000002715    5.6422325768999996853   10.990496320000000097   )	-0.0012246976028618792 6.239292800103158e-5 8.111081926785931e-5 -0.00019339362001247196 0.00013415763723667595
1026	(   4.1963758200000000897    0.00016437               1.5014718359000001069  -14.166212570000009663    -9.4284046799999998711    5.6423312469000004299   10.990483319999999168   )	-0.0010356526513188452 -8.185239672275912e-5 0.00010912725421839974 0.0001364455966099687 -0.00016516056684068303
1027	(   4.1966247199999999751    0.00015742999999999999   1.5014562359000001024  -14.166233350000009494    -9.4309676800000001862    5.6423540969000001155   10.990480319999999637   )	-0.000991974042618344 0.0001721165353814058 -3.480966456894291e-6 0.0002128326201318309 3.887942395675026e-5
1028	(   4.1963681099999998736    0.00016218               1.5014669059000000928  -14.165970990000010588    -9.4308386800000008066    5.6423384569000001321   10.990482319999999916   )	-0.0010218487978381242 -0.0001482260284735304 7.906155071001221e-6 0.0001605409587499551 -0.0001870372509742424
1029	(   4.1962247200000000191    0.00019911000000000001   1.5015498958999999868  -14.166108630000010749    -9.4298416799999991156    5.6422169368999997019   10.990498320000000376   )	-0.0012545604099933763 -0.00025825245997879165 9.141766018472307e-5 -0.0002456898312173106 -9.175857691623435e-5
1030	(   4.1965813000000000699    0.00022277000000000001   1.5016030658999999226  -14.166037840000010206    -9.4292026799999995035    5.6422951168999997407   10.990509319999999249   )	-0.0014038072863927626 8.114839045347821e-5 0.0001405423474903766 0.00012222485443191822 0.0004176782747871144
1031	(   4.1963177900000001586    0.00014788               1.5015907959000001082  -14.166261920000010832    -9.4312256800000007217    5.6423855169000001197   10.990475319999999826   )	-0.0009318143829196273 -0.0001278383811067485 -2.6724530126721597e-5 0.00047387776759433287 -1.766363673283422e-5
1032	(   4.1965316499999998356    0.00020866               1.501415335899999981   -14.166080060000009411    -9.4295836800000003564    5.6421855168999996977   10.990503320000000187   )	-0.0013147117775998978 4.173918239480656e-5 0.00011166200996534298 -0.000506747658766793 -3.521386031302143e-5
1033	(   4.1962681399999999243    0.00013376999999999999   1.5014030658999999446  -14.166304140000010037    -9.4316066799999997983    5.6422759169000000767   10.990469320000000764   )	-0.0008427897733327526 -0.00016716825331108964 -6.207886232433918e-5 -0.00015507102700795805 -0.0004705528343844634
1034	(   4.1964186000000003318    0.00067827000000000002   1.5014991558999999377  -14.166176200000009544    -9.430451679999999115     5.6422912369000002286   10.990488320000000755   )	-0.004273724320432814 -4.793553240300952e-5 0.0005430688731533687 2.6947162090618093e-6 0.0009596930698201334
1035	(   4.1964308399999996624   -0.00032173               1.5015069758999999294  -14.166165780000010699    -9.4303576800000001867    5.6422797968999995888   10.990490319999999258   )	0.002027211136057052 -3.8232775287028176e-5 -0.0004524883631219549 -3.554074648715044e-5 -0.0010125733747212706
1036	(   4.1964204599999996859    0.00018215000000000001   1.501502331400000001   -14.166174590000009559    -9.4314046799999999848    5.6422853422000001089   10.990479320000000385   )	-0.001147715329234522 -4.646762268745164e-5 -2.283612871658051e-6 -1.7860788016799134e-5 -2.3676216978962827e-5
1037	(   4.1964076800000000844    0.00019379               1.5015001278999999812  -14.166185390000009647    -9.4344046800000000985    5.6422848181000002654   10.990449319999999744   )	-0.0012210527032383348 -5.6617035685491146e-5 -0.00019542761357184917 -2.2174224577620194e-5 -1.5375749419455076e-5
1038	(   4.1964426299999999515    0.00017097999999999999   1.5014988286999999545  -14.166165750000009993    -9.4311546800000005675    5.6422836137000000889   10.989479319999999163   )	-0.0010773370625405756 -2.6450078894235673e-5 1.996125934871024e-7 -2.8322134559610745e-5 4.971422115573887e-5
1039	(   4.1964626599999999002    0.00016087999999999999   1.5015523314000001065  -14.166157760000009702    -9.4309286799999991757    5.6422820518999996509   10.99055532000000035    )	-0.0010137383898168326 -8.365004328325654e-6 1.9903460586102883e-6 1.8893018547183615e-5 7.044953207646643e-5
1040	(   4.1964782700000000659    0.00015301               1.5014931964000000075  -14.166274590000009326    -9.4307526799999994438    5.6422808344000001668   10.990584319999999963   )	-0.0009641134962362651 3.5737065170238225e-5 3.0832504887206105e-6 -4.5143437889638705e-5 -5.004029868693749e-5
1041	(   4.1963982900000003085    0.00019332               1.5015058341000000475  -14.166183430000009125    -9.4316546799999994022    5.6422870707000001289   10.991479319999999831   )	-0.0012180931806106425 -6.648451115953691e-5 -5.2917922174610256e-6 -7.399448625600158e-6 -8.266740751938784e-5
1042	(   4.196362650000000194     0.00021128999999999999   1.5015114663999999944  -14.166074590000009792    -9.4320566800000005259    5.642289850000000051    10.990374320000000807   )	-0.0013313143373516454 -0.0001285884518669178 -1.1221035712223306e-5 9.421813211618613e-6 2.8466164829765717e-6
1043	(   4.1963782600000003598    0.00020342               1.5014523313999998955  -14.166191420000009416    -9.4318806800000007939    5.6422886324999996788   10.99040332000000042    )	-0.0012816806481555985 -8.456786575727904e-5 -8.460642905281702e-6 -5.461462050071475e-5 -0.00011771879595379175
1044	(   4.1964393700000002241    0.00017260999999999999   1.5014993426000000643  -14.166167050000009198    -9.431191679999999522     5.6423353421999999924   10.990513319999999808   )	-0.0010876071443970531 -2.939358231568434e-5 -1.579673487174917e-7 0.00018043879809148677 -3.23099471604138e-5
1045	(   4.1963204599999999189    0.00023256000000000001   1.5015181330000000326  -14.16621447000001055     -9.4295226799999998235    5.6422931396999995712   10.990298320000000842   )	-0.0014653259696230238 -0.00013674907403249392 0.00013800879510165223 2.9332129734216394e-5 2.2262143329676576e-5
1046	(   4.196520460000000341     0.00013174000000000001   1.5014865297999999694  -14.166134710000010344    -9.4332866800000001462    5.6422775446999997584   10.990660319999999928   )	-0.000830096235513946 4.382716566464495e-5 -0.00017232553432208392 -6.50538513236043e-5 -6.914284338765952e-5
1047	(   4.1963936600000000254    0.00027151999999999998   1.5015303456999999909  -14.16624529000000976     -9.4334046800000006527    5.6422991662999999463   10.990158320000000813   )	-0.001710850893091083 -5.602926401859776e-5 -4.103744201930967e-5 6.580672623512918e-5 0.000208584808563117
1048	(   4.1964015500000000358    0.00019169               1.5015053201999999377  -14.16618213000000992     -9.4316176800000004476    5.6422353422000002254   10.990445319999999185   )	-0.0012078232116115046 -6.35411863072477e-5 -4.790324518563077e-6 -0.00021616635892218738 -1.5025841264559858e-5
1049	(   4.1964472600000002345    0.00009278               1.501474317100000011   -14.166103890000009358    -9.4294046799999993169    5.6422715181000002715   10.990800319999999957   )	-0.000584593585195314 -3.686406467906522e-5 2.8732120098184986e-6 -0.00010152875975943942 -0.0002544535292070549
1050	(   4.1964525599999999983    0.00038214999999999999   1.5014972594000000061  -14.166161790000009191    -9.4310426799999991232    5.6422828393999999719   10.99053731999999961    )	-0.002407912635194794 -1.7484088827401933e-5 0.00021731598685266533 -3.300863677369037e-5 0.00039404875930504346
1051	(   4.1963883600000002616   -0.00001785               1.5015074033999999958  -14.166187390000009927    -9.4317666800000008465    5.6422878450000002459   10.990421319999999383   )	0.0001124712111929563 -7.544978260565216e-5 -0.00022298388547223436 -2.712954254580069e-6 -0.00044135275417822584
1052	(   4.1964205771999996131    0.00018218999999999999   1.50152233139999991    -14.166174683600010198    -9.4314016800000004537    5.6422852793000002336   10.990480260000000001   )	-0.0011479826896170708 -4.632762846767946e-5 -2.076662232541399e-6 1.8859874244547825e-6 1.6452025093371958e-5
1053	(   4.1964209288000002829    0.00018231000000000001   1.501582331400000081   -14.166174964400010339    -9.4313926800000000839    5.6422850905999997195   10.990483080000000626   )	-0.001148784811139952 -4.590764537049097e-5 -1.456263875315066e-6 6.11263136878204e-5 0.00013683682765552874
1054	(   4.1964232886000001344    0.00018469999999999999   1.5015191420000000289  -14.166224683600010081    -9.4314756800000001391    5.6422838068000000789   10.990437480000000647   )	-0.0011637965277482554 -3.142932756627914e-5 -3.706842846722938e-6 -7.231446499833538e-6 2.0955831032232197e-5
1055	(   4.1964314227999999218    0.00019222999999999999   1.5015095737999999415  -14.166374683600009732    -9.4316976799999991954    5.6422793892999996146   10.990309140000000809   )	-0.0012112377616189758 1.3391361928682954e-5 -8.873349959797152e-6 -3.458377941667479e-5 3.462536350529177e-5
1056	(   4.1964259865000004268    0.00018322999999999999   1.5015248747000000673  -14.166324683600009848    -9.4315706800000000953    5.6422834436000002256   10.990461500000000328   )	-0.001154539193393625 -4.294732245391231e-6 -1.055936451860808e-5 -2.960928568329635e-6 3.040655608987919e-5
1057	(   4.196434080200000416     0.00017882               1.5015420727999999606  -14.166624683600009149    -9.431855679999999964     5.6422823539999997777   10.990533559999999369   )	-0.0011267666945413333 7.7612193054577e-5 -3.157174676720004e-5 9.850623329255015e-6 5.8808578049074356e-5
1058	(   4.1963883389000002921    0.00025840999999999999   1.5015028946999999793  -14.166468093600009581    -9.4319926800000004619    5.6423034436000003566   10.990960080000000687   )	-0.001628212788028707 -6.751305757113357e-6 3.979466415186483e-5 5.55752350714922e-5 6.42417744876056e-5
1059	(   4.1964167690999998328    0.00020164               1.5015194946999999015  -14.166359793600010519    -9.4305706800000006496    5.6422787112000003518   10.99058357000000008    )	-0.0012705339599400985 -4.9125187455700825e-6 6.070807280600377e-5 -2.7392803307879632e-5 3.836929611900075e-5
1060	(   4.1964065125000002965    0.00022211999999999999   1.5015135046999998902  -14.166124683600010314    -9.4317886800000003689    5.6422734452999998567   10.990719399999999695   )	-0.0013995694683659786 -7.255826469876325e-5 1.5692608666180593e-5 -5.4582525525370684e-5 4.7464086187609666e-5
1061	(   4.1964352039000001326    0.00016482000000000001   1.5015302547000000111  -14.166289573600009177    -9.4325706799999995411    5.6422881760000000995   10.990339430000000576   )	-0.0010385430859940644 -3.6666085678760396e-6 -9.02260238860113e-5 2.1470892558772547e-5 2.265838046255908e-5
1062	(   4.196445460499999669     0.00014433999999999999   1.5015362447000000223  -14.166524683600009382    -9.4313526799999998218    5.6422934418999997064   10.990203599999999184   )	-0.0009095029330157126 6.430422904646349e-5 -3.7210502458491485e-5 4.8660429078140055e-5 1.4306754598791827e-5
1063	(   4.1964636340999996733    0.00010805               1.5015468546999999333  -14.166181273600010115    -9.4311486799999997288    5.6422634436000000946   10.989962919999999968   )	-0.0006808432305682771 -1.665694407293472e-6 -6.240916065715211e-5 -6.149804976329776e-5 1.5073128523113155e-7
1064	(   4.1963759864999996552    0.00014077999999999999   1.501537284699999919   -14.166243703600009951    -9.431332680000000579     5.64229435739999996     10.990179980000000626   )	-0.0008870568923123216 -7.40900261728683e-5 -3.966766131352183e-5 5.33860554701171e-5 -5.837654262919045e-5
1065	(   4.1964759865000003103    0.00022567999999999999   1.5015124646999999936  -14.166405663600009746    -9.4318086799999996117    5.642272529799999603    10.99074302000000003    )	-0.0014220234468284452 6.555555322940165e-5 1.807316659330972e-5 -5.930819774868645e-5 0.0001203308456609875
1066	(   4.1964649413000003619    0.00010543999999999999   1.5015476246999999166  -14.166176293600010183    -9.4311346799999995483    5.6423034436000003566   10.990931619999999569   )	-0.0006643976807628013 -1.5714369201447198e-6 -6.427080748002822e-5 0.00010030523507142952 -7.373900780383025e-5
1067	(   4.1963870316999996035    0.00026101999999999999   1.501502124699999996   -14.166473073600009513    -9.4320066800000006424    5.6422634436000000946   10.98999137999999931    )	-0.001644656753206924 -6.83337741591572e-6 4.155541949831296e-5 -0.00010622804976323508 0.00013773453788701318
1068	(   4.1964304549999997818    0.00017431               1.5014248747000000783  -14.166307663600010258    -9.4315206800000002119    5.6422857377999999784   10.990402319999999392   )	-0.0010982619559666278 -3.991279475812348e-6 -1.6637009235209396e-5 -9.372487081504843e-5 -0.0001785827281501895
1069	(   4.1964215180000001837    0.00019215000000000001   1.5016248747000000563  -14.166341703600009438    -9.4316206799999999788    5.6422811493999995847   10.990520679999999487   )	-0.001210823797382209 -4.595755838110449e-6 -4.502717864095511e-6 8.780300107513739e-5 0.00023944627041316835
1070	(   4.1964047884999997606    0.00008323               1.5015124947000000333  -14.166405433600010255    -9.4318076800000003601    5.642272560200000342    10.99074223000000039    )	-0.0005244284199596207 -5.698903571271785e-6 -0.00012431778151096205 -5.91558116560531e-5 -0.00023565219020227346
1071	(   4.1964471845000002048    0.00028322999999999998   1.5015372547000001013  -14.166243933600009441    -9.4313336799999998306    5.6422943270000001093   10.990180770000000265   )	-0.0017846667231394009 -2.835881303120402e-6 0.00010272727642239715 5.3233670967545166e-5 0.00029760009741242044
1072	(   4.1964276867999998899    0.00020802320000000001   1.5014870140000000642  -14.166322613600010882    -9.4314698499999991554    5.642293443599999847    10.990416370000000157   )	-0.0013107295692543187 -3.1011217993537343e-6 1.9944205309716423e-5 -5.634270474619285e-7 9.309119256784015e-6
1073	(   4.1964327877000000555    0.00028240280000000001   1.501373431900000055   -14.166316403600019314    -9.4311673599999998885    5.6423234435999995995   10.990280979999999644   )	-0.0017792541865643593 4.799251378528879e-7 0.00011094255865551548 6.627641023326802e-6 -5.380722837777796e-5
1074	(   4.1964308650999999628    0.00019293319999999999   1.5014886140000001102  -14.166422613600010649    -9.43158885000000069      5.642296073799999867    10.990375930000000793   )	-0.0012156514808701491 2.4595994897680384e-5 -1.894278275434006e-6 1.1625245352586688e-5 -1.147721873007157e-5
1075	(   4.196424508499999817     0.0002231132             1.5014854140000000182  -14.166222613600009339    -9.4313508499999993973    5.642290813399999827    10.990456809999999521   )	-0.0014058073109792263 -3.0714381265894986e-5 4.166374714887369e-5 -1.2752116009151493e-5 3.0119005655748765e-5
1076	(   4.1964150796000003751    0.00026789320000000002   1.5014806540000000812  -14.166339353600010398    -9.4324698500000003776    5.6422830105999999262   10.990576759999999723   )	-0.0016879511342994238 -1.1609715751426108e-5 1.9404428952170163e-5 -4.892481410245786e-5 9.19945316129045e-5
1077	(   4.1964345496000001745    0.0001754332             1.5014904739999999084  -14.166313503600010293    -9.4317258499999994115    5.642299122899999908    10.990916370000000768   )	-0.0011053881903692823 1.5321816571045588e-6 -2.731082959922461e-5 2.5760306752387052e-5 -7.742451828018915e-5
1078	(   4.1964402940000002928    0.0001481532             1.5014933740000000473  -14.166305873600009591    -9.4304698499999997097    5.6423038765999997679   10.990255980000000591   )	-0.0009335025418442074 5.409822064983416e-6 1.2084736782884853e-5 4.779769942109269e-5 -7.300587350211885e-5
1079	(   4.1964208239999996053    0.0002406132             1.501483553999999998   -14.166331723600009695    -9.4312138500000006758    5.642287764299999786    10.989916369999999546   )	-0.0015160693301179884 -7.733729305847703e-6 6.664878713436511e-5 -2.6887238065986807e-5 9.964256494221502e-5
1080	(   4.1964433421000002511    0.00013368319999999999   1.5014949040000000746  -14.166301823600010223    -9.4320538500000008497    5.642273443599999716    10.99021720000000002    )	-0.0008423295940225255 7.467245392689392e-6 -8.865484574382588e-5 -7.319006948081075e-5 -9.285708899309242e-5
1081	(   4.1964120315000004169    0.00028236320000000001   1.5014791240000000538  -14.166343403600009765    -9.4308858499999992375    5.6423134435999999781   10.990615540000000294   )	-0.001779121126864065 -1.366586447826279e-5 0.000125678642870694 7.206225776612563e-5 0.0001120465262225423
1082	(   4.1964288513000003178    0.0002024932             1.5013870140000000752  -14.166321063600010532    -9.431512850000000725     5.6422944072999996479   10.990401549999999631   )	-0.0012758010728059223 -2.3160034929858853e-6 1.1989401978410204e-5 -9.668375681437524e-5 -0.00019948407812631075
1083	(   4.1964120607000001684    0.00010802320000000001   1.5014976339999999144  -14.166294643600009451    -9.4322558500000006632    5.6423108702000002168   10.990148460000000341   )	-0.0006806436812309583 -2.5570127274221477e-5 -0.00012683149720212116 8.021235828792328e-5 -0.00016466182579755184
1084	(   4.1964265223000003502    0.00021355319999999999   1.5015870140000000532  -14.166324163600009456    -9.4314268499999993622    5.6422924799000000462   10.990431190000000683   )	-0.0013456626875650811 -3.8862199573941325e-6 2.7883478431964107e-5 9.55569004963408e-5 0.0002181054791767778
1085	(   4.1964433128999996114    0.0003080232             1.501476393999999992   -14.166350583600010538    -9.4306838499999994241    5.6422760170000003654   10.990684279999999973   )	-0.0019408112364734749 1.9374444002018265e-5 0.00016153088726783392 -8.133993941994433e-5 0.00018431358035009282
1086	(   4.1964076867999997589    0.0001195732             1.5014769340000000408  -14.166349173600009337    -9.4307228500000004345    5.6422768925999999823   10.990670820000000063   )	-0.0007534079362573932 -1.659710249857227e-5 -2.88602248076603e-5 -7.727490616660226e-5 -0.0002261834295609333
1087	(   4.1964476868000000209    0.00029647320000000002   1.5014970940000000876  -14.166296053600010652    -9.4322168499999996527    5.6423099945999997118   10.990161920000000251   )	-0.0018680639974645971 1.0400774471008845e-5 6.406178049785441e-5 7.614739625605438e-5 0.00024573394360238865
1088	(   4.1964275077000001701    0.00020820119999999999   1.5014865171000000288  -14.166372613600010766    -9.4314835699999992613    5.6422929086999999981   10.990454760000000434   )	-0.0013118506360619614 8.968704456435717e-6 1.9350210953480524e-5 -3.2137321857028667e-6 5.651501213677079e-6
1089	(   4.1964269704000001227    0.0002087352             1.5014850263999999225  -14.166522613600010416    -9.4315247299999995789    5.6422913039999995632   10.990569929999999488   )	-0.00131521383145671 4.530396784563351e-5 1.7558741524920606e-5 -1.1164651715134255e-5 -5.194023886545551e-6
1090	(   4.1964269560999998276    0.0002114571             1.5014828125999999386  -14.166272613600009223    -9.4314301599999996739    5.6422928676000001502   10.990509149999999394   )	-0.0013323622066751164 -1.6059783747301992e-5 2.5602472152509042e-5 -7.083692956211252e-6 2.1437382269340333e-7
1091	(   4.1964175076999996605    0.00019633359999999999   1.5015000197999999187  -14.166366103600010362    -9.4316782599999999803    5.6422930586999999747   10.990256499999999207   )	-0.001237082497532413 -2.627292819745719e-6 -3.6425698555085553e-6 1.0892839206411153e-5 1.3820405707853922e-5
1092	(   4.1964280592999996244    0.00020494529999999999   1.5014902215999998969  -14.166472613600010533    -9.4315369800000006251    5.6422929497999998461   10.990400369999999697   )	-0.001291338958826188 3.4081049401279984e-5 1.3073989833220896e-5 6.56228579920537e-7 1.1131225487126528e-5
1093	(   4.1964375076999997916    0.0002200688             1.5014730143999999168  -14.166379123600009393    -9.4312888800000003187    5.6422927587000000216   10.990653019999999884   )	-0.0013866177860060596 2.0565057119448227e-5 4.202462515213236e-5 -1.732030363243986e-5 -1.9514117637342565e-6
1094	(   4.1964273826999995975    0.00020893889999999999   1.5014856778000000848  -14.166373013600010111    -9.4314714699999999681    5.6423029086999996196   10.990467080000000166   )	-0.0013164980196278663 8.94178039434479e-6 2.076883377812822e-5 3.620494273581798e-5 4.416164712139903e-6
1095	(   4.1964276326999998545    0.0002074635             1.5014873563999999728  -14.166372213600009644    -9.4314956700000003309    5.6422829087000003767   10.990442440000000701   )	-0.0013072032470227385 8.995629859676058e-6 1.793035839533149e-5 -4.263264651216403e-5 6.889023262957039e-6
1096	(   4.1964224368999998305    0.00023813010000000001   1.5014524646000000363  -14.16638903360001045     -9.4317746699999993609    5.642292530499999792    10.990954759999999268   )	-0.0015003931816901569 7.925024621435739e-6 3.252690681872659e-5 -3.878879349716868e-5 -4.272654154746647e-5
1097	(   4.1964326717000002276    0.00017772250000000001   1.5015211953000000555  -14.166355893600009352    -9.4319835699999998724    5.6422932938999998953   10.990727650000000182   )	-0.0011198352664680035 1.0034330442110218e-5 -4.0341104362701205e-5 3.3015209441211724e-5 -3.6677536296991775e-7
1098	(   4.1964223437000001127    0.0002386799             1.501451838900000002   -14.166389333600010403    -9.4309835700000004266    5.642292523500000101    10.990181870000000686   )	-0.0015038566622881857 7.90542275819206e-6 7.694171529553791e-5 -3.944267416811087e-5 1.2742074463112374e-5
1099	(   4.1964325784999996216    0.00017827230000000001   1.5015205696000000213  -14.166356193600009306    -9.4311924699999991617    5.6422932869000002043   10.989954759999999823   )	-0.0011232990811534246 1.0014645205558281e-5 5.461769756672717e-6 3.2361328782259946e-5 5.762935496367305e-5
1100	(   4.1964307289000002399    0.00018918909999999999   1.5014365170999999233  -14.166362183600009317    -9.4317954600000000198    5.6422931490000003407   10.99013713999999986    )	-0.0011920189073711324 9.633047988621968e-6 -1.7637745780896356e-5 -5.224633023992453e-5 -0.00010501026728437779
1101	(   4.1964242865000001004    0.0002272133             1.5015365170999999123  -14.166383043600010438    -9.4311716800000002792    5.6422926683999996555   10.990772379999999231   )	-0.001431690159068263 8.30527316075802e-6 5.5521128070811605e-5 4.581886572929683e-5 0.00011776590099898954
1102	(   4.1964249303000000779    0.0001582012             1.501469208699999891   -14.166380953600009818    -9.4312340100000007226    5.6422927164000000744   10.990708899999999559   )	-0.0009967945670029826 8.43646540804599e-6 -1.6854768841888983e-5 -2.1296295390049735e-5 -0.00014981287258386544
1103	(   4.1964300851000002623    0.00025820120000000002   1.5015038254999999445  -14.166364273600009938    -9.4317331299999995764    5.6422931009999999219   10.990200619999999532   )	-0.0016269143554772385 9.50152677692273e-6 5.503208418007678e-5 1.4868830929160026e-5 0.00016204588104695716
1104	(   4.1963875076999999081    0.0001607336             1.5015405279000000327  -14.166346573600009151    -9.432262330000000361     5.6422935086999999044   10.989661720000000855   )	-0.0010127897934557777 -3.741315233352083e-5 -7.45282948348171e-5 5.321255306034445e-5 4.172864444473845e-5
1105	(   4.1964254922000003845    0.0001936036             1.5014814698000000792  -14.166266103600010595    -9.4319302599999996772    5.6422909778000001069   10.990390500000000173   )	-0.0012198682335233647 -1.911422191547274e-5 -2.1245350396483642e-5 -1.603447214026943e-5 -3.0886827715903564e-5
1106	(   4.1964105306999996969    0.00019871360000000001   1.5015162297999999907  -14.166353113600010261    -9.4314582599999994272    5.6422948770000003194   10.991256500000000429   )	-0.0012520901249834166 -1.2787870479868957e-5 1.128551730034748e-5 3.442296394351452e-5 -2.5351650130289727e-5
1107	(   4.1964244846999996241    0.00019395360000000001   1.5014838098000000688  -14.166379093600010464    -9.4318982600000005334    5.64229124039999963     10.989256499999999761   )	-0.0012220751439653004 7.534699839162329e-6 -1.8977178289421575e-5 -1.2637293445694198e-5 6.739164232349992e-5
1108	(   4.1964305493999995988    0.0001918736             1.5014697197999999911  -14.166390373600009411    -9.4320902600000007254    5.6423030586999995961   10.99047449999999948    )	-0.0012089597502103057 1.6366268802414652e-5 -3.269522157338102e-5 2.0850810537043074e-5 -5.9009024326428516e-5
1109	(   4.1964095231999998248    0.00019906359999999999   1.5015185697999999803  -14.166466103600010129    -9.4314262600000002834    5.6422951395999998425   10.990122500000000016   )	-0.0012542971210506087 1.3943493081036706e-5 1.3426827893905181e-5 3.7820140186495266e-5 5.878619090804449e-5
1110	(   4.1964044659999997222    0.00020079359999999999   1.5015303198000000684  -14.166341833600009537    -9.4312662599999992352    5.6422830587000003533   10.99003850000000071    )	-0.001265206204217845 -2.1615915001937935e-5 2.3984368122047337e-5 9.346284712830055e-7 8.733414262707129e-5
1111	(   4.1964363223000002989    0.00018990359999999999   1.5014563097999999997  -14.166401123600010692    -9.4306782600000005345    5.6422881553000001631   10.990571499999999716   )	-0.001196538107187718 2.4777027126887674e-5 4.36884665212105e-5 -5.2557341932102375e-5 -9.105164276768107e-5
1112	(   4.1963986930999999103    0.0002027636             1.5015437298000000599  -14.166331083600010032    -9.4326782599999994261    5.6422979620999997863   10.989941500000000474   )	-0.0012776288831083753 -3.0021328565332794e-5 -5.937280352780595e-5 7.43429627840797e-5 0.00012012121332638515
1113	(   4.1964066414000003036    0.0002000436             1.5014000197999999298  -14.166345873600009853    -9.4313352600000008863    5.642295890599999808    10.990074500000000413   )	-0.001260371704043994 -1.8450929140989558e-5 1.9453860925617558e-5 -7.770648159355353e-5 -0.0001754508203850591
1114	(   4.1964162257000001688    0.0000963336             1.5015029998000000155  -14.166363713600009788    -9.4316372600000004667    5.6422933928000000847   10.990235500000000712   )	-0.0006069914196901156 -4.4951381186209005e-6 -0.00010127324176561163 1.5217861894623042e-5 -0.00017989035062804248
1115	(   4.1964187897000000405    0.00029633360000000001   1.501497039800000044   -14.16636849360000916     -9.431719259999999494     5.6422927245999998647   10.990277499999999478   )	-0.0018671714592929816 -7.593996222965416e-7 9.397398299924251e-5 6.567816250857561e-6 0.00020753751208779647
1116	(   4.1964283739999999057    0.00019262359999999999   1.5016000197999999077  -14.166386333600010872    -9.4320212600000008507    5.6422902268000001413   10.990438499999999777   )	-0.0012137900566428633 1.3199775365180244e-5 -2.7727158090000035e-5 9.949214080684499e-5 0.0002035685904200335
1117	(   4.1964152598000001859    0.00018551360000000001   1.5014264898000000414  -14.166425013600010274    -9.4326782599999994261    5.6422848100999996035   10.990785499999999431   )	-0.0011688486639534488 9.580176929091522e-6 -7.662280352780594e-5 -9.584453121136427e-5 -0.0001956207605360305
1118	(   4.1964197556000000233    0.0002071536             1.5015735498000000181  -14.16630719360001045     -9.4306782600000005345    5.6423013073000003459   10.989727500000000759   )	-0.0013053230815103002 -1.4805661002981196e-5 6.0938466521210516e-5 0.00011763004673448485 0.00022729105406860128
1119	(   4.1963875076999999081    0.00016073079999999999   1.5015405279000000327  -14.166346573600009151    -9.432262330000000361     5.6422935086999999044   10.989661720000000855   )	-0.0010127721505272195 -3.741315233352083e-5 -7.45310948348171e-5 5.321255306034445e-5 4.1723044444275104e-5
1120	(   4.1964075077000000391    0.0001963089             1.5014986674999999394  -14.166366056300010001    -9.4317036900000008615    5.6422930282730003881   10.990247730000000104   )	-0.0012369228031921464 -1.2638887628924067e-5 -5.143925604161149e-6 9.418045913367479e-6 1.738519545213535e-6
1121	(   4.1963775077000002867    0.00019623479999999999   1.5014946106000000015  -14.166365914400010695    -9.4317799799999999522    5.6422929369919998521   10.990221419999999242   )	-0.001236443726335647 -4.2673671941884095e-5 -9.680582626880012e-6 4.993666013808351e-6 -3.450049404829514e-5
1122	(   4.1964032781000000227    0.0002012824             1.5014901221000001019  -14.166416056300009885    -9.4316177200000002045    5.6422920287010001061   10.990226200000000389   )	-0.0012682518344725425 -4.601346550003882e-6 4.799777400743544e-6 -3.1514414140509928e-6 -7.98017109104876e-6
1123	(   4.1963905892999999736    0.00021620290000000001   1.5014644858999999233  -14.166566056300009535    -9.4313598100000000102    5.6422890299850001483   10.99016160999999947    )	-0.0013622364091894995 1.963706066909765e-5 3.425842230846712e-5 -4.085991774438469e-5 -3.7096195372399166e-5
1124	(   4.1964301788000000215    0.00021309160000000001   1.5014731021000000677  -14.166449486300010108    -9.4318117200000006761    5.6423020287009997276   10.99005507000000037    )	-0.0013426533149165038 3.0512858018916234e-5 5.305197252479207e-6 2.008655457630404e-5 2.1888663161995225e-5
1125	(   4.1964395475999998197    0.00021720450000000001   1.5014671720999999138  -14.166316056300010118    -9.4318787200000002713    5.6422882417010002953   10.989995479999999262   )	-0.0013685656367489925 7.1548354929618085e-6 5.4407761981632e-6 -4.134720699378036e-5 3.23847508987285e-5
1126	(   4.196376377400000024     0.00018947319999999999   1.5015071420999999141  -14.166382626300009662    -9.431423719999999733     5.6422820287009995965   10.990397330000000409   )	-0.0011938496209263807 -3.970617963044987e-5 3.978244732252145e-6 -2.638967681023452e-5 -3.7427318604343895e-5
1127	(   4.1963670086000002257    0.00018536029999999999   1.501513072100000068   -14.166516056300009652    -9.4313567200000001378    5.6422958157009999169   10.990456919999999741   )	-0.0011679366992080064 -1.6273672277300477e-5 3.5866157546866895e-6 3.504428983203134e-5 -4.7578600199216226e-5
1128	(   4.1964412242999999947    0.0002179405             1.5014661120999999167  -14.166463216300009265    -9.4318907200000001723    5.6422880667010000266   10.990726199999999224   )	-0.0013732026167056453 4.4934432674281766e-5 5.460438987872466e-6 -4.311172564319676e-5 -2.1443364020434785e-5
1129	(   4.1963653319000000508    0.00018462430000000001   1.5015141321000000652  -14.166368896300010505    -9.4313447200000002368    5.6422959907010001857   10.989726199999999778   )	-0.0011632995932961533 -5.4118475580011705e-5 3.5131308037796916e-6 3.680880523493357e-5 9.082815603633776e-6
1130	(   4.1964194409999997504    0.00020837779999999999   1.501479892100000102   -14.166436146300009469    -9.4306177200000007588    5.6422903411009999175   10.990123379999999997   )	-0.0013129550543005378 1.649639467959929e-5 6.51477191319739e-5 -2.0175404428446342e-5 9.907912799533847e-6
1131	(   4.1963871152000002951    0.00019418699999999999   1.5015003521000001019  -14.166395966300010301    -9.4326177199999996503    5.6422937163010002948   10.990329020000000781   )	-0.0012235483497667174 -2.5695703270933734e-5 -6.39473756002494e-5 1.3872514782464762e-5 -2.571602757761582e-5
1132	(   4.1964223688000004131    0.00016677789999999999   1.5015398621000000112  -14.166318366300009401    -9.4310517199999992499    5.6423002354009996751   10.990726199999999224   )	-0.0010508834693457704 -9.458653035920861e-6 1.467838376214241e-6 7.962710577191778e-5 4.875935981196733e-6
1133	(   4.1963841873999996324    0.00023578689999999999   1.5014403820999999706  -14.166513746300010368    -9.4321837199999993828    5.642283822000999649    10.989726199999999778   )	-0.0014856038176868755 3.3598683657487527e-7 5.440978090253919e-6 -8.593014984081826e-5 -1.7236484397997742e-5
1134	(   4.1963823770999999496    0.0002512824             1.5015033521000000771  -14.166390076300009682    -9.4314677200000005541    5.6422942110010003702   10.990359160000000571   )	-0.0015833008028181118 -3.187896954504055e-5 6.332311396402214e-5 1.8864081474445626e-5 8.746672439219338e-5
1135	(   4.1964241791000000958    0.00015128240000000001   1.5014768920999999047  -14.166442036300010088    -9.431767719999999855     5.642289846400999842    10.990093240000000208   )	-0.0009532052795926882 2.2681936416191206e-5 -5.391254147768071e-5 -2.516697570431603e-5 -0.00010317251273317396
1136	(   4.1964171226999997799    0.0002073601             1.5015901221000000909  -14.166433266300009208    -9.4317177199999999715    5.642290583201000409    10.990138130000000061   )	-0.0013066378870188549 1.3470453178676678e-5 5.090262802091741e-6 9.102924546255942e-5 0.0002248580293233715
1137	(   4.1963894335000002656    0.0001952047             1.5013901220999998909  -14.166398846300010561    -9.4315177200000004376    5.6422934742009998033   10.990314270000000718   )	-0.0012298711360603492 -2.2670662587209733e-5 4.425299858980703e-6 -9.733213329288226e-5 -0.00024070668681819285
1138	(   4.1964022472999999991    0.0002011212             1.5014998783999999876  -14.166418348000009431    -9.431501020000000679     5.6422870287010002954   10.9902479900000003     )	-0.0012672440590443673 -5.069391950662805e-6 1.1286053421261555e-5 -1.3524229186323566e-5 8.504577776236033e-6
1139	(   4.1964024021000003728    0.00020114539999999999   1.501498412899999968   -14.166366056300010001    -9.4315185499999998342    5.6422922547669998039   10.990244710000000694   )	-0.0012673953505061043 -1.7744487628590377e-5 1.031900878751044e-5 6.049457641710276e-6 6.028422163240066e-6
1140	(   4.1964043089000000464    0.0002014436             1.5014803657999999942  -14.166413764600010339    -9.4317344199999997301    5.6422970287009999169   10.990204410000000479   )	-0.0012692595971961615 -4.133257109018018e-6 -1.8008865917532632e-6 7.221286507430591e-6 -2.445808317208531e-5
1141	(   4.1964041540999996727    0.00020141939999999999   1.5014818313000000138  -14.166466056300009768    -9.4317168900000005749    5.6422918026350004084   10.990207690000000085   )	-0.001269108309263568 8.562758607943977e-6 -8.020576431312047e-7 -1.2352340592380884e-5 -2.198383089702105e-5
1142	(   4.1964232781000001538    0.00020112679999999999   1.5014995421999999259  -14.16641826900001        -9.4315050399999993402    5.6422922855599999536   10.990247240000000417   )	-0.001267285411443463 1.5942007912883582e-5 1.106456813055977e-5 7.302724440050312e-6 2.8931704752821474e-5
1143	(   4.1964031297000001786    0.0002212824             1.5014915266999999677  -14.166416386200010535    -9.4316009199999992774    5.6422920670019998113   10.990229340000000846   )	-0.0013942702508721841 -4.668738335489309e-6 2.5763788822741302e-5 -1.5926488079465173e-6 3.443888537635331e-5
1144	(   4.196407694500000396     0.00020197290000000001   1.5015098415999998949  -14.166406237800009293    -9.4321177200000008156    5.6422908889409999489   10.990132850000000175   )	-0.0012726206297608918 -2.595499205781948e-6 -2.428571231660555e-5 1.1979598035338768e-5 4.4507943824712015e-5
1145	(   4.1963832780999998917    0.00020143799999999999   1.5014807020000000559  -14.16641384360000977     -9.4317303999999992925    5.6422917718420002586   10.990205160000000362   )	-0.0012692182359302874 -2.5144659955955717e-5 -1.5716563218907585e-6 -1.3605607426248056e-5 -4.48856726844582e-5
1146	(   4.1964034264999998669    0.0001812824             1.5014887175000000141  -14.166415726400009234    -9.4316345199999993554    5.642291990400000401    10.990223059999999933   )	-0.001142233644930693 -4.533953850582861e-6 -1.616660461533086e-5 -4.710234023708182e-6 -5.039908559112405e-5
1147	(   4.1964007358000001702    0.00020088490000000001   1.5015141846999999764  -14.16642170840001036     -9.4313298900000006597    5.6422926848169998593   10.990026200000000856   )	-0.0012657667611804184 -5.755625529957342e-6 2.059081799597024e-5 2.355255745323248e-5 5.249791051120667e-5
1148	(   4.1963988616999996495    0.0002005919             1.5014704026000000869  -14.166425874800010476    -9.4311177199999995935    5.6422931684610002634   10.990319550000000604   )	-0.0012638831626560086 -6.606385494656308e-6 3.178546377569384e-5 -1.828248397384158e-5 -6.034280838296269e-5
1149	(   4.1964058203999998753    0.0002016799             1.5014660595000000054  -14.16641040420000941     -9.4319055499999997494    5.642291372585000353    10.990426199999999923   )	-0.0012707368304985271 -3.446799680340007e-6 -1.1687105378741945e-5 -2.9855441312509612e-5 -6.788228565124399e-5
1150	(   4.1963979952999999057    0.00020045640000000001   1.5015401220999999854  -14.16642780090000997     -9.4316348300000001359    5.642293392054999579    10.990337860000000347   )	-0.0012630877954135336 -6.999652756967123e-6 2.9895410603883953e-6 5.233716266550559e-5 7.657574570618664e-5
1151	(   4.1964085609000001398    0.0002021084             1.5014401220999999964  -14.166404311700009799    -9.4316006100000002732    5.6422906653469997451   10.990114540000000432   )	-0.0012734155399060899 -2.20188366562013e-6 6.607554853541855e-6 -5.8640049947156214e-5 -9.235655960004863e-5
1152	(   4.1964032432999998079    0.00020121989999999999   1.5014902107999998915  -14.166416179900009453    -9.4316124699999992487    5.6422920096720003968   10.990126200000000622   )	-0.0012678580952272937 -4.605796201317958e-6 5.038785623878874e-6 -3.1393485817599043e-6 -1.894760162102216e-7
1153	(   4.1964031389000000516    0.0002010324             1.5014904768999999263  -14.166416550700009935    -9.4315967199999999337    5.6422919525850003808   10.989826199999999545   )	-0.0012666768772515646 -4.619144386985852e-6 5.754421272721798e-6 -3.103070093324334e-6 2.4046556646339923e-5
1154	(   4.1964029563000000422    0.00020123910000000001   1.5014904887000000144  -14.166436179900010472    -9.4316102900000000631    5.6422919894300003207   10.99011967000000034    )	-0.0012679792196699793 1.9950909369015335e-8 5.183115301359817e-6 -2.942939061334471e-6 6.303154123088461e-7
1155	(   4.196402095299999857     0.0002012967             1.5014913223999999392  -14.166496179900009977    -9.4316037500000007299    5.6422919287040000924   10.990100079999999494   )	-0.0012683425931672443 1.3917317675193885e-5 5.615864835296821e-6 -2.3537105056092855e-6 3.093373654117215e-6
1156	(   4.1963929563000004208    0.0002001541             1.5014958610999999955  -14.166455088100009974    -9.4315915599999993191    5.6422917691069995882   10.990150590000000719   )	-0.0012611442946383312 -5.3324042657010295e-6 5.171552594577459e-6 1.5424819743703466e-6 -3.216610848788548e-6
1157	(   4.1964038406000003789    0.00020048789999999999   1.5014942085000000382  -14.166449271800010123    -9.4318102899999995969    5.6422918368800001332   10.990141080000000784   )	-0.001263249410068841 4.1219270778825035e-6 -7.214024605958102e-6 1.6272334080191797e-7 5.773468553904593e-6
1158	(   4.1964129562999996637    0.00020232409999999999   1.5014851163000000334  -14.166417271700009195    -9.431629020000000807     5.6422922097530001651   10.990088749999999962   )	-0.0012748141283402293 5.375304106713941e-6 5.1917314548981e-6 -7.428360216943375e-6 4.491007923768109e-6
1159	(   4.1964040230000003717    0.00020033280000000001   1.5014949760000000367  -14.166451973200009817    -9.4315946499999991914    5.6422939894299997121   10.990145489999999739   )	-0.0012622728442769741 4.9684455252219095e-6 5.173364188248975e-6 9.595979475696126e-6 6.835784949643653e-6
1160	(   4.1964018895999997127    0.00020214540000000001   1.5014860013999999921  -14.166420386600009351    -9.4316259299999991583    5.6422899894300000412   10.990093849999999165   )	-0.0012736855580295799 -4.926452098708012e-6 5.19081188576147e-6 -1.5481867177369324e-5 -5.565554613617962e-6
1161	(   4.1964020719999997056    0.0002019903             1.5014867688999999906  -14.166423088000010821    -9.4314102900000005292    5.6422921419799996201   10.990098259999999897   )	-0.0012727090038254696 -4.080587984844897e-6 1.7244286582116463e-5 -6.048601522756769e-6 -4.506237333501417e-6
1162	(   4.1964019085000003884    0.00019123910000000001   1.5014860810999999252  -14.1664206675000095      -9.4316256599999999111    5.6422921701849997334   10.990094309999999922   )	-0.0012049667903743819 -4.838565880405099e-6 -5.699957711767083e-6 -6.6228535158252555e-6 -2.723615478039676e-5
1163	(   4.196401312899999958     0.00020263529999999999   1.5014835755000000006  -14.166411848900009929    -9.4316343899999992573    5.6422922729399997976   10.990319669999999874   )	-0.0012767701006047225 -7.599609760156056e-6 5.19378244171758e-6 -8.714781295049434e-6 -2.7468088299009707e-5
1164	(   4.1964045997000001265    0.0001998429             1.5014974019000000283  -14.16646051090000924     -9.4315861900000008688    5.6422917059199999557   10.989919670000000806   )	-0.0012591882508402995 7.644475838120002e-6 5.1675698124884395e-6 2.828902976537151e-6 2.9304684841413575e-5
1165	(   4.19640771069999996      0.00019719989999999999   1.5015104886999999234  -14.166435679600009934    -9.431540560000000184     5.6422911692269996919   10.990234759999999881   )	-0.0012425467478615643 4.6514176359480075e-6 5.125284973374382e-6 1.3755077326926823e-5 2.8361942352894687e-5
1166	(   4.1964040040999996961    0.00021123910000000001   1.5014948963000001037  -14.166451692300009668    -9.4315949200000002151    5.6422918086750000199   10.990145030000000759   )	-0.0013309920503539834 4.880485565905701e-6 1.6064204109789604e-5 7.369753114438993e-7 2.850604612181229e-5
1167	(   4.1963982019000001245    0.0002052783             1.5014704887000001055  -14.166436680200009235    -9.4316800199999999421    5.6422928096330000614   10.9900045800000008     )	-0.001293410955843068 -4.6115137193325495e-6 5.200106350162391e-6 -1.9640957063860043e-5 -2.6910584679740168e-5
1168	(   4.1963995791000003877    0.00020410820000000001   1.5015046382999999164  -14.166386179900010589    -9.4316598200000001384    5.6422925720419998541   10.990037920000000682   )	-0.0012860680989978408 -1.5632827639500135e-5 5.199396961499698e-6 1.3552146715500868e-5 3.7759679002213886e-5
1169	(   4.1964063334999996968    0.00019837000000000001   1.5014763390999998904  -14.166486179900010356    -9.4315607599999999877    5.6422914068179998992   10.990201419999999999   )	-0.0012498906519449572 1.569369348697336e-5 5.14622850955135e-6 -1.9438025654405777e-5 -3.640281780370458e-5
1170	(   4.1964029853170004003    0.000201254908           1.5014904802999999855  -14.166436246000010613    -9.43171028999999983      5.6422919922819998462   10.990118839999999167   )	-0.0012680788253252697 6.521009954241208e-8 -5.82050689178497e-7 -2.9398574481476203e-6 7.393456700199863e-7
1171	(   4.1964030723679996981    0.00020130233199999999   1.5014904550999998989  -14.166436444300009256    -9.4320102899999991308    5.6422920008380001988   10.990116349999999201   )	-0.0012683776422927184 2.0098788944267199e-7 -1.8381499276487e-5 -2.9306126025918644e-6 1.066495953772062e-6
1172	(   4.1963979853169997014    0.00020055574900000001   1.501493274400000022   -14.166440840800010648    -9.4317045200000002581    5.6422919283360002396   10.990122610000000236   )	-0.0012636743688386582 -3.8056590119239786e-6 -9.453641373845776e-7 -4.031920040059589e-7 -3.6682946547017536e-7
1173	(   4.1964032983540002775    0.00020067531699999999   1.5014927966000000126  -14.166440055000009579    -9.4317054999999996312    5.6422929922819999859   10.990121970000000573   )	-0.0012644289489907503 1.3142621373418706e-6 -8.828177824888987e-7 3.4022530117638894e-6 4.279988147892766e-6
1174	(   4.196407985317000211     0.00020195406699999999   1.5014876861999999491  -14.166431651200010577    -9.431716059999999402     5.6422920562280003409   10.990115069999999875   )	-0.0012724832759085478 3.936256248948666e-6 -2.1901687445347344e-7 -5.47652289895062e-6 1.8457254578052584e-6
1175	(   4.196402672279999635     0.000201834499           1.5014881639999999585  -14.16643243700000987     -9.4317150800000000288    5.6422909922819997064   10.990115709999999538   )	-0.001271728689847842 -1.1837202764652943e-6 -2.8147630778426304e-7 -9.28197030258815e-6 -2.8011557446916413e-6
1176	(   4.1964013416570002946    0.00020429816000000001   1.5014909720000000348  -14.166416246000009593    -9.431735420000000758     5.6422922706209996946   10.990102419999999483   )	-0.0012872538448336355 -6.491208096370826e-6 9.952368362174668e-7 -1.3276171511034107e-6 7.4574348634115495e-6
1177	(   4.1964028068039995745    0.00020158542600000001   1.5014891593999999397  -14.166434073900010304    -9.4317130200000001139    5.6422920225119996829   10.990218840000000711   )	-0.0012701602012586868 -6.470153675053325e-7 -4.1053106916073855e-7 -4.139057163676796e-6 -9.203624189879633e-6
1178	(   4.1964046289769996179    0.00019821165600000001   1.5014899885999999363  -14.166456246000009855    -9.4316851600000006783    5.6422917139429999978   10.990135260000000628   )	-0.001248903803354171 6.62498253944932e-6 -2.1646424467830028e-6 -4.552097931043164e-6 -5.974861281288213e-6
1179	(   4.196403163830000338     0.00020092438999999999   1.5014918012000000314  -14.166438418100009144    -9.4317075599999995461    5.6422919620520000095   10.9900188399999994     )	-0.0012659974455506246 7.774751287215054e-7 -7.536329075391872e-7 -1.7406577350609354e-6 1.0826306953148901e-5
1180	(   4.1964028497220002834    0.00020150596299999999   1.5014894770000000168  -14.166434596100010879    -9.4315102900000002961    5.6422920152440001473   10.990117489999999378   )	-0.0012696597980989407 -4.7578982798057723e-7 1.1146960134417926e-5 -3.850716760123163e-6 -7.946744133846551e-7
1181	(   4.1964031209119996291    0.00020100385300000001   1.5014914835999999543  -14.166437895900010346    -9.4319102899999993639    5.6422919693200004332   10.990120190000000733   )	-0.0012664978503354172 6.062328541389661e-7 -1.2647029214380389e-5 -2.028998133729587e-6 2.273391991103324e-6
1182	(   4.1964043367870003109    0.00019875264999999999   1.5015004803000000511  -14.16642738320000916     -9.4316896299999992692    5.642291763421999562    10.99013234000000061    )	-0.0012523211939280004 -7.607734264780674e-7 -1.88307562625669e-6 6.138795232368821e-6 1.6027093826309624e-5
1183	(   4.1964016338469996015    0.00020375716600000001   1.50148048029999992    -14.166445108800010289    -9.4317309500000003908    5.6422922211420001304   10.990105339999999501   )	-0.0012838362365630589 8.918523075607254e-7 7.153891734648123e-7 -1.2018510253897219e-5 -1.4545778246777274e-5
1184	(   4.1964038414750000072    0.00020625490800000001   1.5014968152999998985  -14.166446663700009267    -9.4316972000000003362    5.6422918472990000183   10.990127389999999608   )	-0.0012995888692639399 3.4816787781721814e-6 5.179456489871063e-6 2.8114682759650123e-6 2.3594368598445215e-5
1185	(   4.1964021291589999052    0.00019625490800000001   1.5014841453000000726  -14.166425828300010181    -9.4317233799999993238    5.6422921372649996741   10.990110290000000504   )	-0.0012365690600860423 -3.350348503516898e-6 -6.344997053930364e-6 -8.691183222442334e-6 -2.211462464796199e-5
1186	(   4.1964029270729996668    0.00020141480900000001   1.5014902909509999507  -14.166436732700010026    -9.4317133999999995808    5.6422924922820003601   10.990118919500000416   )	-0.0012690861613462317 1.2655987546850156e-7 -6.032846748449839e-7 -1.1163009170367388e-6 6.15960442651442e-7
1187	(   4.1964027523410001308    0.000201894512           1.5014897229040000681  -14.166438192800010043    -9.4317227300000006096    5.6422939922820001257   10.99011915800000061    )	-0.0012721081677166813 3.106211243775192e-7 -6.674740588652548e-7 4.354365078063083e-6 2.458053085518941e-7
1188	(   4.1964023526130000974    0.00020161737999999999   1.5014923792829999449  -14.166433624500010424    -9.4317148999999993464    5.6422922088709999144   10.9901689195000003     )	-0.0012703641254690368 -1.2116246956850318e-6 -4.881068560415249e-7 -1.6892798315737423e-7 7.135183022199953e-7
1189	(   4.1964035015330001244    0.00020121223800000001   1.5014882026189999564  -14.166439840900009628    -9.4317118999999998152    5.6422927756929999177   10.990068919500000533   )	-0.0012678082004239448 1.4648254609284095e-6 -7.184813918302362e-7 -2.063674046759445e-6 5.5440044022248e-7
1190	(   4.1964031775570003191    0.00020341480900000001   1.5014893803669999706  -14.166438088000010254    -9.4317127400000000392    5.6422926158589996604   10.990123319400000312   )	-0.0012816871770701252 7.100838184115332e-7 1.435162337916861e-6 -1.5293873589783402e-6 2.699778412385001e-6
1191	(   4.1964026765889999027    0.00019941480899999999   1.5014912015349999308  -14.166435377400009799    -9.4317140599999991224    5.6422923687050001718   10.99011451960000052    )	-0.0012564851318419344 -4.5694866379619725e-7 -2.641735346294819e-6 -7.03214515285211e-7 -1.4675787731732726e-6
1192	(   4.1964028914200000031    0.000201427381           1.5014904205599999276  -14.166436539800010053    -9.4316133999999998139    5.6422924746919997929   10.99011829320000011    )	-0.0012691654745078937 4.350651572337938e-8 5.192873468100583e-6 -1.057505925494695e-6 9.138717285139819e-7
1193	(   4.1964029627260002187    0.000201402237           1.5014901613419999737  -14.166436925600009999    -9.4318133999999993478    5.6422925098720000392   10.990119545800000722   )	-0.0012690068481968975 2.0961354785242747e-7 -6.483434736786445e-6 -1.1750959127976301e-6 3.180548056036514e-7
1194	(   4.1964047752780002654    0.00020076307999999999   1.5014929138619999005  -14.166446732700009647    -9.4317085600000005741    5.6422934040990000426   10.990151384600000739   )	-0.0012649824761868493 4.432442628932165e-6 -9.731538773237577e-7 5.177411502410578e-6 3.8637976640387706e-6
1195	(   4.1964010788679999564    0.000202066538           1.5014876680400000009  -14.166426732700010405    -9.4317182400000003639    5.6422915804649997895   10.990086454400000093   )	-0.0012731898285435004 -4.1784843158865215e-6 -2.3361222858007068e-7 -7.410015330444608e-6 -2.6167003328581018e-6
1196	(   4.1964041505739997362    0.000200983368           1.5014858431610000888  -14.166426732700010405    -9.4317101999999994888    5.6422930959000003881   10.990140411200000514   )	-0.001266364330683485 -1.1067783161067268e-6 -8.483500501821079e-7 -3.134039694652202e-6 -9.603971555804947e-6
1197	(   4.1964017035719995974    0.00020184625            1.5014947387410000346  -14.166446732700009647    -9.4317165999999996728    5.6422918886640003322   10.990097427800000318   )	-0.0012718080065270577 1.360736628264192e-6 -3.583053072331072e-7 9.014369886095608e-7 1.08425433040793e-5
1198	(   4.1964019234720000284    0.000201768707           1.5014939393410000612  -14.166431302600010156    -9.4317160300000004725    5.6422934922819996117   10.990101290500000175   )	-0.0012713188075364414 -2.2112334185919735e-6 -4.026285333975704e-7 6.557898343029223e-6 9.004032102133408e-6
1199	(   4.1964009270730002754    0.00020105125999999999   1.501486543061999912   -14.166442310900009716    -9.4317107000000000028    5.6422930009150000785   10.990137029299999583   )	-0.0012667917248137565 -5.026017380060921e-7 -8.09573572109945e-7 -2.816530176419363e-6 -1.1027183118628159e-5
1200	(   4.1964039306740001933    0.00020106091099999999   1.5014866425610000622  -14.166442162800009896    -9.4317107700000004655    5.6422914922820002204   10.990136548500000657   )	-0.0012668535249244096 2.46460042774288e-6 -8.039989127664807e-7 -8.790502574296255e-6 -7.767636229338848e-6
1201	(   4.1964049270729999463    0.00020177835800000001   1.5014940388399999893  -14.166431154500010337    -9.4317160999999991589    5.6422919836489997536   10.990100809699999473   )	-0.0012713806115007323 7.559824197755916e-7 -3.970570076891134e-7 5.839277195107684e-7 1.2263826414837808e-5
1202	(   4.1964025924469998685    0.00020164277599999999   1.5014900354669999949  -14.166431732700010215    -9.4316965237999994542    5.6422925440050999413   10.99012099830000011    )	-0.0012705222316024296 -1.4365905398605605e-6 6.066231476458436e-7 -1.163557524996861e-6 6.302987909378999e-8
1203	(   4.1964031474169996017    0.000201264697           1.5014904591819999702  -14.166436248603009318    -9.431724512600000665     5.6422924582233804358   10.990138919499999659   )	-0.0012681405355854645 2.2794971243911277e-7 -1.4012889234847961e-6 -1.0851834670866367e-6 -6.956925604484354e-7
1204	(   4.1964019270730004152    0.000202096068           1.5014895274580000173  -14.166438929703010885    -9.4317376294000005998    5.6422926468519998267   10.990125131899999289   )	-0.0012733777267924509 -3.335594627174032e-7 -1.3359947045616521e-6 -1.2575244252577278e-6 -1.0362493867432931e-6
1205	(   4.1964031462250002136    0.000201265509           1.5014904582719998949  -14.166436251221009357    -9.431724452499999245     5.6422929922819999859   10.990117557999999676   )	-0.0012681456507544087 2.27401012686812e-7 -1.396970154159588e-6 1.0639250116462051e-6 9.781214291848528e-7
1206	(   4.1964027067289997319    0.000201564921           1.5014901227199999312  -14.166437216797010734    -9.431702287400000273     5.6422925263406202845   10.990098919499999397   )	-0.0012700317867957388 2.5172004036733142e-8 1.936823584985383e-7 -1.1474183698734208e-6 1.933373098950142e-6
1207	(   4.1964039270729998066    0.00020073355            1.5014910544440001061  -14.166434535697009167    -9.4316891706000003381    5.6422923377120000055   10.990112707099999767   )	-0.0012647945894891084 5.867196897213489e-7 1.2449449303460094e-7 -9.75077469433927e-7 2.268725989296172e-6
1208	(   4.1964032616990003532    0.000201186842           1.5014905464349999065  -14.166441732700009837    -9.4317302761999997074    5.6422924405588998908   10.990116840700000722   )	-0.0012676500903721771 1.689919932879036e-6 -1.8155846386537413e-6 -1.0690443188465792e-6 1.1689532302128214e-6
1209	(   4.1964027079210000082    0.00020156410899999999   1.5014901236300000065  -14.166437214179010695    -9.4317023474999999166    5.6422919922819998462   10.99012028099999938    )	-0.0012700266716301532 2.5720682472751832e-8 1.8937477802956825e-7 -3.296527448126696e-6 2.538261458795432e-7
1210	(   4.1964034289100000663    0.00020209021800000001   1.5014895340150000713  -14.166438910837010567    -9.4316633999999996973    5.6422926455246695809   10.9901250785000002     )	-0.0012733413280718129 1.163641327295295e-6 2.974416401039994e-6 -1.2563110043384285e-6 4.711917327426818e-7
1211	(   4.1964022733170001089    0.00020041480899999999   1.5014897918129999077  -14.166438169004010206    -9.4316804291000000404    5.6422925933330398962   10.990122980900000726   )	-0.0012627846865798562 -1.7425045761854108e-7 3.1289688814522014e-7 -1.2086265976929411e-6 -3.3549990900993976e-6
1212	(   4.1964024252360001555    0.00020073939999999999   1.5014910478870000521  -14.166434554563009485    -9.4317633999999994643    5.6422923390393302512   10.990112760500000633   )	-0.0012648309913475943 -9.104817921823383e-7 -4.201983730531424e-6 -9.762908890209587e-7 7.612753583075005e-7
1213	(   4.1964026464710002529    0.00020160597200000001   1.5014922909510000082  -14.166437349184009875    -9.4316992483999992913    5.6422925356546898001   10.990120662700000764   )	-0.0012702922594110466 -2.5544766302232347e-9 4.1145036359791615e-7 1.0583093077443095e-6 4.580767951622988e-6
1214	(   4.1964035808290001128    0.00020241480900000001   1.5014907900889999937  -14.166435296396009846    -9.4317463708999991212    5.6422923912309599359   10.990114858100000106   )	-0.001275387642265124 4.273875076066247e-7 -1.5285968334652616e-6 -1.0239752650242906e-6 4.587157486746207e-6
1215	(   4.1964032076749999689    0.00020122364599999999   1.5014882909509998932  -14.166436116216010177    -9.4317275515999998703    5.642292448909310032    10.990117176300000068   )	-0.001267880066328897 2.556774161277531e-7 -1.6197018008304613e-6 -3.290911149811393e-6 -3.3488033119866145e-6
1216	(   4.1964029290870596967    0.000200914809           1.5014902184289999898  -14.166435830115009509    -9.4317038200999991915    5.6422925462088899806   10.990115961000000766   )	-0.0012659356716831455 -9.321111260618409e-8 -5.45585147055229e-7 -9.717234843442668e-7 -2.9459932271436173e-7
1217	(   4.1964029351292397862    0.00019941480899999999   1.5014900008630001071  -14.166433122360009733    -9.4316750803999997999    5.6422927079895597302   10.990107085500000039   )	-0.0012564842045017309 -7.524830882843503e-7 -3.7711155486658114e-7 -5.37991223792389e-7 -3.0255224183761698e-6
1218	(   4.1964029314186701569    0.00020086726699999999   1.5014902103500000763  -14.16643533165401081     -9.4317000646999993307    5.6422925192460100519   10.990135961000000009   )	-0.001265636110187721 -2.1335943944933433e-7 -3.747146347342085e-7 -1.0883499255154305e-6 -1.9725967090877816e-6
1219	(   4.1964029308973698207    0.00020087789699999999   1.5014912184289999075  -14.166435443100009905    -9.4317009042999995216    5.6422925252743603153   10.990115800099999888   )	-0.001265703937925087 -1.8649683397597983e-7 -4.129051427779855e-7 -5.600193042631929e-8 1.646033647162426e-6
1220	(   4.1964034290870602106    0.00020093602500000001   1.5014902220349999329  -14.166436052560010594    -9.4317054959999993002    5.642292558241459588    10.990116053499999538   )	-0.001266069504577774 4.6144789855873114e-7 -6.218770246656658e-7 -9.1967664173076e-7 2.4777439477929875e-7
1221	(   4.1964024290870600709    0.00020089359299999999   1.5014902148230000467  -14.166435607670010199    -9.4317021442000008591    5.6422925341763203733   10.990115868500000218   )	-0.0012658018388210155 -6.478697072154205e-7 -4.6931685986762025e-7 -1.0237703274018628e-6 -8.369729140866866e-7
1222	(   4.1964029272767495726    0.00020095172100000001   1.5014892184290000721  -14.166436217130009112    -9.4317067359000006377    5.642292567143419646    10.990116121899999868   )	-0.0012661674051312089 7.58637597186862e-11 -6.783365604576405e-7 -1.8874450391503927e-6 -2.2352319177798563e-6
1223	(   4.1964029056989797795    0.000201391694           1.5014902994720000784  -14.166440830115009319    -9.4316715674000004555    5.642292816670029687    10.990118040200000493   )	-0.0012689405177457721 1.1120970198064128e-6 1.8032436451788033e-6 1.9814467866474672e-7 6.344780523193094e-7
1224	(   4.1964029425871096635    0.000201914809           1.501490171648999894   -14.166432944020009188    -9.4316820761999995426    5.6422923900935897379   10.990114760899999169   )	-0.0012722364940891708 -7.888424340407596e-7 1.7173884612970488e-6 -1.6469941022112522e-6 1.7196769661609324e-6
1225	(   4.1964029457114397914    0.000200575837           1.5014901608230000196  -14.166432276087009612    -9.4316770440000006204    5.6422930462088896064   10.990114483099999276   )	-0.0012637998137817541 -9.498234145866036e-7 6.701411138670705e-7 9.835753802533986e-7 -9.54954727738766e-7
1226	(   4.196402898043699814     0.000201547786           1.5014903259990000084  -14.166435474422009122    -9.4317538201000008513    5.6422929051960997171   10.990118720699999955   )	-0.0012699240514318384 -2.116542141550326e-7 -2.8318750341690252e-6 5.810607790479594e-7 9.385983075205218e-7
1227	(   4.1964029124626796019    0.000201253781           1.50149027603499996    -14.166439384143009406    -9.431730596199999539     5.6422920462088903548   10.990117438900000479   )	-0.0012680715297314989 7.635071090916767e-7 -1.7673332903855095e-6 -2.9270229473521425e-6 3.6578753448424095e-7
1228	(   4.1964029155870097298    0.000199914809           1.5014902652090000856  -14.166438716210009829    -9.4317255640000006167    5.6422927023241902234   10.990117161100000587   )	-0.0012596348489250448 6.024900569556735e-7 -2.8125298708833214e-6 -2.964529246529679e-7 -2.308854872623556e-6
1229	(   4.1964029267554501246    0.00020096235100000001   1.5014902265079999033  -14.166436328576009984    -9.4317075755000008286    5.6422925731717699094   10.990095960999999747   )	-0.0012662352331814606 2.6939298791717192e-8 -7.165741135597775e-7 -8.550970445053707e-7 1.389157723963308e-6
1230	(   4.1964029524751396139    0.000200437924           1.5014901373859999012  -14.166430830115009698    -9.4317360727999997039    5.6422922757477502742   10.990113881799999263   )	-0.0012629308259113914 -1.2983096047136655e-6 -2.9031510890446593e-6 -2.14159182188034e-6 -1.2236144462107745e-6
1231	(   4.1964029601304195793    0.000200281832           1.5014901108589999712  -14.166436185808009895    -9.431653820099999308     5.6422921872216802441   10.990113201299999801   )	-0.001261947292446904 2.5233048539519132e-8 1.719706754576048e-6 -2.524508056378494e-6 -1.5276872868952296e-6
1232	(   4.1964029383091396852    0.00020112217939000001   1.5014902653593100723  -14.166436930559010321    -9.4317035877999995108    5.6422926635091599223   10.990125961000000387   )	-0.001267242325447308 1.8641525034723827e-7 -3.247008480382742e-7 -4.5256455183384503e-7 -5.620392986571687e-7
1233	(   4.1964029659753796508    0.00020174429056000001   1.5014904061502400978  -14.166440231891009205    -9.4317028909000004688    5.6422930154099697475   10.990155960999999252   )	-0.0012711622872643245 1.02535526647074e-6 3.379493295235412e-7 1.1049120467454543e-6 -1.3557197391378395e-6
1234	(   4.1964027383091400125    0.00020117985239000001   1.501490323788339909   -14.166437725502010636    -9.4317054152999997285    5.6422926565419295741   10.990126656999999355   )	-0.0012676057037537705 1.8175726079761034e-7 -3.7335377470109417e-7 -4.2218426843376733e-7 -5.844359778350849e-7
1235	(   4.1964021383091401063    0.00020135287139         1.5014904990754300851  -14.166440110331009805    -9.4317108978000003816    5.6422926356402403059   10.99012874499999981    )	-0.0012686958386349926 1.678150880479734e-7 -5.194808622434018e-7 -3.3104340957379463e-7 -6.515841652898757e-7
1236	(   4.1964025555975004167    0.00020088530738999999   1.5014905622193399637  -14.166437522702009844    -9.4316854153000004857    5.6422926000096502719   10.990120585999999747   )	-0.0012657499633883147 -5.078909559586009e-8 4.941965137421269e-7 -4.1134149131316633e-7 -4.028747460083082e-7
1237	(   4.1964029210207796083    0.00020147439738999999   1.5014900853573400763  -14.166437928302009652    -9.4317254153000007477    5.6422927130742097646   10.990132728000000739   )	-0.0012694614436914045 4.1430396358066446e-7 -1.244263740762103e-6 -4.33027049107082e-7 -7.654664981870951e-7
1238	(   4.1964026317721101478    0.00020100810639         1.5014904628153400434  -14.16643760720200973     -9.4317074653000005924    5.6422931565419300881   10.990123117099999561   )	-0.0012665236416941191 4.6149938093265064e-8 -6.644043741313129e-7 1.7297474681488012e-6 -4.786357132857688e-7
1239	(   4.1964032224955598593    0.00020196039839         1.5014896919443398993  -14.1664382630020107      -9.4316960984999997919    5.6422928063526596176   10.990106657000000112   )	-0.0012725234246782785 7.980270106955345e-7 9.489606940733027e-7 -4.5091875033875795e-7 1.7689208329230155e-6
1240	(   4.1964030290462703832    0.00020164854339000001   1.5014913237883400488  -14.166438048202010691    -9.4316998209000004749    5.6422927464980698886   10.990136317399999299   )	-0.0012705597934664753 5.517932457621555e-7 4.207369678367991e-7 9.399620575223366e-7 1.8865514546106965e-6
1241	(   4.1964024085537099396    0.00020215018639000001   1.5014895383123401107  -14.166438393702010856    -9.4316938331000006457    5.6422928427788399119   10.990146657000000374   )	-0.0012737188741918893 1.6203276942405864e-8 1.2703706744805233e-6 -4.579058809905945e-7 -2.110482141937098e-6
1242	(   4.1964027562747201472    0.00020120881438999999   1.5014903003443400564  -14.166427725502009238    -9.4317050695999995469    5.642292662100610201    10.990127253900000781   )	-0.001267788174838865 -2.2571996032283437e-6 -3.242764234981919e-7 -4.2325007609811394e-7 -6.022552518913926e-7
1243	(   4.1964030680645700855    0.00020020951839         1.5014911092643399293  -14.166437057302010416    -9.4317169975000005877    5.6422924703050201245   10.990106657000000112   )	-0.0012614925259581053 3.473149892130323e-7 -2.018204953632116e-6 -3.8646273492481953e-7 9.473698439066425e-7
1244	(   4.1964028448461698773    0.00020135159838999999   1.5014901847613399966  -14.166437843802009766    -9.431703365300000641     5.6422921565419299483   10.990130196899999149   )	-0.0012686877656679647 3.1736470251786386e-7 -8.233847298606562e-8 -2.5741165994297432e-6 -6.900558071620821e-7
1245	(   4.1964027203435598778    0.00020115089038999999   1.5014903472323399836  -14.166447725502010258    -9.4317057609999999102    5.6422926509832498354   10.990126060099999705   )	-0.0012674232326645401 2.6215526860440264e-6 -4.2243212967891337e-7 -4.2111845743875165e-7 -5.666115736602251e-7
1246	(   4.1964022895852002293    0.00020217985239         1.5014909093553399089  -14.166437227402010279    -9.4317140497000000465    5.6422925177035399003   10.990111747100000272   )	-0.0012739069224518803 -3.8936582935633623e-7 1.2390813526410335e-7 -3.955542782207999e-7 3.3091716726829645e-6
1247	(   4.1964022541227201657    0.00020039930638999999   1.5014909556323399187  -14.166437188002010572    -9.4317147320999996651    5.6422925067312004188   10.990146657000000374   )	-0.001262687979824864 -4.3451006526140645e-7 -1.6963973166967197e-6 -3.934498367108574e-7 -2.932033130953471e-6
1248	(   4.1964024475720096419    0.00020071116139000001   1.5014893237883399912  -14.166437402802010581    -9.4317110097000007585    5.6422925665857901478   10.99011699659999941    )	-0.0012646516183840194 -1.8827785019936982e-7 -1.1677073895253987e-6 -1.784330609710949e-6 -3.054079631858997e-6
1249	(   4.1964031870330797958    0.00020017985239000001   1.5014897382213399091  -14.166438223602009217    -9.4316967808999994105    5.6422927953803201362   10.990141566900000214   )	-0.0012613044886225957 7.528824319535943e-7 -8.712418686130003e-7 -4.488143010572543e-7 -4.474842625334929e-6
1250	(   4.1964027462356003895    0.00020140307981000001   1.5014901639661100141  -14.166436876717009241    -9.4317056564000001373    5.642292856541930135    10.990129442900000711   )	-0.0012690120953729191 -1.8888737685074375e-8 -1.6415590800678112e-7 2.231554694365201e-7 -6.681813129461034e-7
1251	(   4.196402770014979744     0.00020207276207000001   1.5014896844994201075  -14.166434330362010385    -9.4317063796999995873    5.6422934565419300412   10.99013780060001011    )	-0.0012732312684656756 -6.20790487459999e-7 4.6343476274853337e-7 2.159174101068473e-6 -9.187467924220982e-7
1252	(   4.1964027931599101606    0.00020129504281         1.5014900748451101009  -14.166436098017010536    -9.4317089010000003668    5.6422928840053003796   10.990109442899999692   )	-0.0012683313085375314 -1.6330954277776755e-7 -4.610429283835257e-7 2.44596768173011e-7 5.553910966682452e-7
1253	(   4.1964028045574996995    0.00020240307981000001   1.5014900531981099085  -14.166435908817010869    -9.4317096890999998493    5.6422928906759697298   10.990131690500000161   )	-0.001275312876462375 -1.9840212672761481e-7 6.011098311116294e-7 2.498046121068853e-7 9.924196451294165e-7
1254	(   4.1964028606490897388    0.00020173605681         1.501490438643110048   -14.166439276817010651    -9.4316956564000005159    5.6422927718979902778   10.990123869299999626   )	-0.0012711104031717488 6.853184091326625e-7 7.50308946479393e-7 1.5707207623449904e-7 1.0987575551624218e-6
1255	(   4.1964025462355998286    0.00020186355280999999   1.5014905438161099127  -14.166440195817010306    -9.4317047793000003963    5.6422927394880098007   10.990121735200000685   )	-0.0012719137312563308 5.967501195414116e-7 3.4735299559614783e-7 1.3176865776287627e-7 1.417208559395533e-6
1256	(   4.1964027923667597264    0.00020129686881         1.5014911639661099318  -14.166436111117009844    -9.4317088460999993771    5.6422928835410903758   10.99013122070000037    )	-0.001268343733668228 -1.6088375343059624e-7 -4.5602077094735057e-7 1.3318489466840333e-6 1.0261635896569032e-6
1257	(   4.1964026993112897301    0.00020151111680999999   1.5014902530871099273  -14.166437655417009722    -9.4317024117999999078    5.6422928290785598904   10.990149442899999954   )	-0.0012696928822738898 1.2553715222907158e-7 1.3264269045295835e-7 2.0171416914571694e-7 -1.8859940649207374e-6
1258	(   4.1964027732018198691    0.00020134099381         1.5014901127501099065  -14.166436429217009518    -9.4317075209999998719    5.642292356541929621    10.990130482099999654   )	-0.0012686208652168281 -1.0188453547499421e-7 -3.347590399107323e-7 -1.8409656259432694e-6 -9.492889772033664e-7
1259	(   4.1964027192693800217    0.00020146516580999999   1.5014902151821098997  -14.16643732421701074     -9.4317037918000004026    5.6422933565419297608   10.990128403699999993   )	-0.0012694033255506683 6.410873876205869e-8 6.418022141844136e-9 2.287275962187252e-6 -3.8705810023742515e-7
1260	(   4.1964027001044401644    0.00020150929080999999   1.5014891639661100964  -14.166437642317010415    -9.4317024666999991211    5.6422928295427698941   10.990127665099999277   )	-0.0012696804561715064 1.2311119323982211e-7 1.2762350007708293e-7 -8.855380093653054e-7 -2.3624807088395983e-6
1261	(   4.1964027067447302599    0.00020149400180999999   1.5014902389691100471  -14.16642687671700962     -9.4317029257999998038    5.6422928334291198027   10.990127920999999134   )	-0.001269585033404929 -2.515230876021235e-6 8.563052683154882e-8 2.0511069553919015e-7 -2.564821341977108e-7
1262	(   4.1964026879137001913    0.00020040307981000001   1.5014902747341098976  -14.166437844617009389    -9.4317016237000004253    5.642292822407889652    10.990127195299999485   )	-0.0012627113135289453 1.606325064074099e-7 -9.295582404350426e-7 1.9650632077095054e-7 -2.328709533649942e-6
1263	(   4.1964027857264696308    0.00020131215781         1.5014900889631099812  -14.166446876717010639    -9.4317083870000004708    5.6422928796547395791   10.990130964800000513   )	-0.0012684391573873593 2.47829196098337e-6 -4.1400496871490597e-7 2.4120023844886873e-7 -1.079847142371193e-6
1264	(   4.1964026318221101519    0.00020107010281000001   1.5014898892891099802  -14.166434476617009608    -9.4317156563999997587    5.6422929411858699922   10.99013501650000002    )	-0.0012669137884561217 -7.230475800312774e-7 -1.0794606818659942e-6 2.8923884531906197e-7 -2.434672873974364e-6
1265	(   4.1964029462356000622    0.00020094260681         1.5014897841161098935  -14.166433557617009953    -9.4317065334999998782    5.6422929735958495812   10.990137150600000737   )	-0.001266110460680909 -6.344352163623057e-7 -6.756712731465007e-7 3.145422438066703e-7 -2.752715754006374e-6
1266	(   4.1964027451581502604    0.00020147483849         1.5014902295590899506  -14.166437123045010793    -9.4317049475410001946    5.6422928647033696592   10.990119442899999314   )	-0.0012694642917171468 4.056352054249146e-8 -5.1150279099158955e-8 3.216048511944791e-7 3.9020664921451953e-7
1267	(   4.196402741925799873     0.00020169011452999999   1.501490426338029982   -14.166437862029020778    -9.4317028209640003666    5.6422928891876900082   10.990089442900000449   )	-0.00127082088098546 2.1892335144713115e-7 2.8784128500728085e-7 6.169530013533375e-7 3.5740100203796032e-6
1268	(   4.1964027561932901733    0.00020142371049         1.5014902346840899305  -14.166435663856010052    -9.4316949475410005732    5.6422928443672102361   10.990119796400000141   )	-0.0012691421491329324 -3.069576415271058e-7 4.791500369375791e-7 2.4486034511106425e-7 2.8146989805577505e-7
1269	(   4.1964027341230103474    0.00020152596648999999   1.5014902244340899706  -14.166438582234009758    -9.4317149475409998161    5.6422928850395299705   10.990119089400000263   )	-0.0012697864342974677 3.8810253766285996e-7 -5.822905145253074e-7 3.9834935927629544e-7 4.989451989345639e-7
1270	(   4.1964026451581499799    0.00020134831349         1.5014902422420899342  -14.166433512066010536    -9.4317062806410003617    5.6422928143785595623   10.990120317700000641   )	-0.001268667056178082 -9.467045023470178e-7 -2.552489360919041e-7 1.3168974599686578e-7 -6.185810974557171e-9
1271	(   4.1964027209920500283    0.00020158680548999999   1.5014902183360900878  -14.166440318558009892    -9.4317037678410002854    5.6422926647033699865   10.990118668699999205   )	-0.0012701697630450226 8.016708337166278e-7 1.2945151744485025e-7 -4.947801095500637e-7 6.283448854560447e-7
1272	(   4.1964027417032703227    0.00020149084549         1.5014902279540900398  -14.166437579889009868    -9.4317047788410004472    5.6422928710702198174   10.990139442900000333   )	-0.0012695651471443755 1.49369389745857e-7 -2.5327618220435683e-8 3.456315771366292e-7 -1.1525285019686748e-6
1273	(   4.1964028451581496526    0.00020160136348999999   1.501490216876089967   -14.166440734024009274    -9.4317036144410000276    5.6422929150281797561   10.990118568099999763   )	-0.0012702615272807381 1.0279408844127147e-6 1.529334512191064e-7 5.115199499527989e-7 7.866101272568926e-7
1274	(   4.1964027693242496042    0.00020136287149         1.5014902407820900354  -14.166433927532009918    -9.4317061272410001038    5.6422930647033702201   10.990120217099999422   )	-0.001268758820370599 -7.204581651265585e-7 -2.3176376473486577e-7 1.1379897186802879e-6 1.5207704340269856e-7
1275	(   4.1964028451581496526    0.00020101151448999999   1.5014902760020900629  -14.166432713881009775    -9.4317098290410008588    5.6422926804178699101   10.990122646499999703   )	-0.0012665450224718803 -9.428149612134007e-7 -7.986035873343983e-7 -3.738505180983509e-7 -5.951184922636799e-7
1276	(   4.1964027461548303322    0.00020147022048999999   1.5014892295590900329  -14.166436991253009481    -9.4317049962410006714    5.6422928628666397799   10.990119474800000177   )	-0.0012694343492075052 9.175141535422426e-9 -5.860189019013225e-8 -6.857894736533865e-7 -1.6205383497336356e-6
1277	(   4.196402748613030198     0.00020145883148999999   1.5014902311640900834  -14.166436666201009942    -9.4317051162409999421    5.6422928583365203892   10.990099442900000071   )	-0.0012693634362895365 -6.824059894938728e-8 -7.69731790162449e-8 2.9757812836095354e-7 1.9387014580374284e-6
1278	(   4.1964026451581499799    0.00020193816249         1.5014901831160900603  -14.166441532209010035    -9.4317000660409995305    5.6422930489888702965   10.9901162393000007     )	-0.0012723835606426822 1.0241050238946059e-6 6.961028843898722e-7 1.017060141883519e-6 1.3756795684827239e-6
1279	(   4.1964027347399497359    0.00020047483849         1.50149022472108995    -14.166438500656010291    -9.4317044389410007454    5.6422928839026003089   10.990119109100000117   )	-0.0012631634267899242 3.686724170393063e-7 -1.0215585621507447e-6 3.9405929652680527e-7 -1.603667358907046e-6
1280	(   4.1964027555763498967    0.00020247483848999999   1.5014902343970899512  -14.166435745434009519    -9.4317054561409996438    5.6422928455041398976   10.990119776700000287   )	-0.0012757651567162592 -2.875294615733992e-7 9.192558312997169e-7 2.491504074164652e-7 2.3840822604981327e-6
1281	(   4.1964027441614701885    0.00020147945649         1.5014912295590900904  -14.166437254837010329    -9.4317048988409997179    5.6422928665401004267   10.990119411000000227   )	-0.0012694942342655322 7.195204609899974e-8 -4.3698687928394805e-8 1.3289991793730138e-6 2.4009516641498863e-6
1282	(   4.1964027609614396042    0.00020154675042         1.5014902917793699899  -14.166437376391009195    -9.4317023201750007644    5.6422927647033702669   10.990122360699999149   )	-0.0012699174559630585 1.186215694559678e-7 1.7360549852803923e-7 -1.8755835551331757e-8 4.451477000344539e-7
1283	(   4.1964028083713103001    0.00020176248620999999   1.5014904784402101079  -14.166438136429009731    -9.4316944380770006973    5.6422924647033703138   10.990131114100000431   )	-0.0012712769489465893 3.5279894561313085e-7 8.475249510323782e-7 -1.0398380447806943e-6 6.107063823534986e-7
1284	(   4.1964027040855995665    0.00020152457741999999   1.5014899561543699757  -14.166437152732010318    -9.4316923201749993666    5.6422928227969704196   10.990118508200000136   )	-0.0012697774459978176 6.785934481001732e-9 7.326401370646724e-7 -1.2050705411326135e-7 -2.4772185192034613e-8
1285	(   4.1964027544514097556    0.00020148068542         1.5014892917793700722  -14.16643670999500948     -9.431709740375000095     5.6422929377942496743   10.990110882199999764   )	-0.0012695003423153677 -5.164091820830663e-8 -3.2427003901884803e-7 -3.2192491117299937e-7 -7.914104278583523e-7
1286	(   4.1964028178372796418    0.00020156892342         1.5014906274043700041  -14.166437600050009848    -9.4317123201750003858    5.6422927066097701143   10.990126213199999938   )	-0.001270057465994552 2.3045762365114797e-7 -3.8626905935609996e-7 8.299537546108127e-8 9.152812925350418e-7
1287	(   4.1964027691934102648    0.00020154995941999999   1.501490340356369968   -14.166432376391009385    -9.4317019597749993665    5.6422927562951397107   10.990122918300000876   )	-0.0012699377189932912 -1.101697865379947e-6 1.9777581177120112e-7 -4.028772648823065e-9 5.131788567425133e-7
1288	(   4.1964026880830900268    0.00020151833942         1.5014898617233700673  -14.16643708980400973     -9.43170551127500012      5.6422925647033697061   10.990117424299999271   )	-0.0012697380565571178 -2.467981641274264e-8 -4.045144930052923e-8 -1.2539738472039375e-6 -1.569512475541046e-7
1289	(   4.1964027527294698316    0.00020154354142         1.5014902432023700118  -14.166442376391010782    -9.4317026805750003859    5.642292773111599935    10.990121803099999198   )	-0.0012698971929342143 1.3391506437088196e-6 1.4943409443223584e-7 -3.348290245064334e-8 3.7712102063380826e-7
1290	(   4.1964028338397900697    0.00020157516141999999   1.5014907218353699125  -14.166437662978010437    -9.4316991290749996324    5.6422929647033699396   10.990127297100000803   )	-0.0012700968554777761 2.6192364455113193e-7 3.875769164609418e-7 1.2164620768473355e-6 1.047597526948607e-6
1291	(   4.1964027209710401678    0.00020153116042         1.5014900557953700933  -14.166437219132010483    -9.4317040711749999815    5.6422928055500003452   10.990142360700000168   )	-0.001269819013912704 3.998782371894549e-8 5.615963015614023e-8 -9.029907332980258e-8 -1.6652346923606842e-6
1292	(   4.1964027674714703409    0.00020161281541999999   1.5014912917793699076  -14.166438042787010687    -9.4316948999749996574    5.6422925916124899715   10.99013383920000031    )	-0.0012703345701665146 2.888877803641776e-7 6.710185818365843e-7 2.84413165241304e-7 1.6836030019007353e-6
1293	(   4.1964027650220803167    0.00020054675042         1.5014903157413699297  -14.166437392359009451    -9.431702142375000264     5.6422927605557902098   10.990122635700000586   )	-0.0012636166193456335 1.2660604742364967e-7 -8.160532955077643e-7 -1.1491204210400952e-8 -1.5244563167371439e-6
1294	(   4.1964028571685396685    0.00020158425641999999   1.5014892917793700722  -14.166437754717010833    -9.4316981075750003782    5.6422926664363899363   10.99012887720000009    )	-0.0012701529591343389 3.077957888564242e-7 4.560534145259189e-7 -1.4143600199911788e-6 -1.8949130673462378e-6
1295	(   4.1964027569007997798    0.00020254675041999999   1.5014902678173700501  -14.166437360423010716    -9.4317024979749994884    5.6422927688509503241   10.990122085699999488   )	-0.0012762182923671817 1.1063709415282119e-7 1.1632640271446728e-6 -2.602046689226256e-8 2.4147528066009727e-6
1296	(   4.1964028009518399287    0.00020156234041999999   1.5014905277633701086  -14.166437533650009684    -9.4317005691749997709    5.6422927238567401886   10.990102360699999906   )	-0.001270015898046167 1.972555221385619e-7 2.9102561506443264e-7 5.2787398452380785e-8 2.5612897518456634e-6
1297	(   4.196402664754340428     0.00020150924442         1.5014912917793699076  -14.166436998065009334    -9.4317065327749993742    5.6422928629703497094   10.990115844199999984   )	-0.0012696819524877952 -7.055144912726519e-8 -1.0899146946180788e-7 1.3768483224652073e-6 2.7858199240782255e-6
1298	(   4.1964027541724400194    0.00020151226199         1.5014903848431200295  -14.166437733927010001    -9.4317031435729994371    5.6422927607392097116   10.990132360700000547   )	-0.0012697002259058243 1.9969087183824286e-7 9.122312123247792e-8 5.8348957887588426e-8 -2.2883261419082146e-7
1299	(   4.1964027338054403771    0.00020140879670000001   1.5014906640343699262  -14.166438806535010642    -9.4317056137670007843    5.6422927488467298218   10.990162360700010069   )	-0.0012690485355767113 4.4290521028500507e-7 -1.5595817809307662e-7 2.8966334530977633e-7 -2.242134068630719e-6
1300	(   4.1964027309039302338    0.00020153148553999999   1.5014905367131199387  -14.166437069083009703    -9.4317131435730008349    5.6422927892133403205   10.990132038800000558   )	-0.0012698214721686256 1.3049278102528206e-8 -4.716700455441845e-7 3.2485039191954e-7 1.1531151411503515e-7
1301	(   4.196402764002810315     0.00020201226199000001   1.5014903206811200942  -14.166438014807010148    -9.4317035035730008019    5.6422927487095897447   10.990132496699999365   )	-0.001272850603689007 2.78543407006282e-7 5.702814936326599e-7 -5.424200422154968e-8 6.42016629193165e-7
1302	(   4.1964027774409498051    0.00020149303844000001   1.5014902329731198982  -14.166438398771010299    -9.4316931435729998157    5.6422927322650799908   10.990132682600000535   )	-0.0012695789796661808 3.8633617283068133e-7 6.532763684742571e-7 -2.0815247392391711e-7 -5.729752494687546e-7
1303	(   4.1964027582334697541    0.00020150890691999999   1.501490358337119968   -14.166437849962010276    -9.4317032922729993061    5.6422927557696498369   10.990112360699999527   )	-0.0012696790648997923 2.3226573109269566e-7 7.921812760310802e-8 1.183645492730534e-8 1.2856300983798974e-6
1304	(   4.1964027443420697239    0.00020101226199000001   1.5014904490051199648  -14.166437453047009853    -9.4317027835729998486    5.6422927727688296784   10.990132224699999952   )	-0.0012665498478681518 1.208389983631264e-7 -3.8783633980654024e-7 1.7093991977468193e-7 -1.0996815920094605e-6
1305	(   4.196402795534919683     0.00020147808989000001   1.5014901148761199412  -14.16643273392701019     -9.4317046584730004355    5.6422927101231303837   10.990132932899999929   )	-0.0012694846966032631 -9.875130437819735e-7 -3.107985829407713e-8 -4.153887540603307e-7 -8.405848275216954e-7
1306	(   4.1964027128099603559    0.00020154643408999999   1.5014906548101198958  -14.166442733927009812    -9.431701628673000215     5.6422928113552899276   10.990131788499999388   )	-0.0012699157552815627 1.3871044277635747e-6 2.1350682515982266e-7 5.320866676150615e-7 3.8292431359110424e-7
1307	(   4.1964028120399898825    0.00020157977433000001   1.5014909182061200177  -14.166435399020009811    -9.4317001506730004934    5.642292860739209992    10.990131230199999379   )	-0.001270126080291329 -3.1618532503330243e-7 3.327938658948112e-7 9.942929291018032e-7 1.1193832838429785e-6
1308	(   4.196402654172439739     0.00020159487817         1.5014910375301200318  -14.166434876656010644    -9.4316994810730001575    5.6422927435255800788   10.990130977199999762   )	-0.001270221300642909 -6.024042251695505e-7 3.8682940544407067e-7 6.417371587463805e-7 1.2502016293325369e-6
1309	(   4.1964027501114102847    0.00020151561706         1.501490411349120091   -14.166437617892009726    -9.4317029948729995681    5.6422927657087695863   10.99015236069999979    )	-0.0012697213869125616 1.6711612538244935e-7 1.0322792914159353e-7 1.0486146106991612e-7 -1.737535667345469e-6
1310	(   4.1964026963048901564    0.00020144474965000001   1.5014898514801200413  -14.166440068834010191    -9.4317061364730001571    5.6422926607392103193   10.990133491199999938   )	-0.001269274371834277 7.15612785029407e-7 -1.5042285889959217e-7 -8.775950330885962e-7 -1.5770301082795868e-6
1311	(   4.1964028050786303936    0.00020147020524         1.5014913848431199472  -14.166439188455010267    -9.4317050079729991552    5.6422926984443098064   10.990133065000000201   )	-0.0012694360931294261 6.080332699553992e-7 -5.9299769875975974e-8 8.075615338665187e-7 1.6827731501578569e-6
1312	(   4.1964028541724402999    0.00020142964581         1.5014897321561200272  -14.166440591198009358    -9.431706806073000493     5.6422927779528402326   10.990133744199999555   )	-0.0012691791515964648 1.0018544287504483e-6 -2.0449582908751832e-7 -5.250392396405346e-7 -1.7078392957614597e-6
1313	(   4.1964027032662496453    0.00020155431874         1.5014893848431198897  -14.166436279399009734    -9.431701279172999719     5.6422928230341096167   10.990131656399999116   )	-0.0012699643583228392 -2.0863378491497997e-7 2.417168168477137e-7 -6.908636271951707e-7 -2.140431236696827e-6
1314	(   4.1964027041724403233    0.00020147844365000001   1.501490431713369933   -14.166437548719009953    -9.431703937689999151     5.6422927565044096454   10.990126322800000125   )	-0.0012694871658368051 1.0417906803894539e-7 1.1208604532313062e-8 8.817070851208086e-8 2.2067680216508734e-7
1315	(   4.1964025541724403467    0.00020137698863000001   1.5014905723241200874  -14.166436993095009811    -9.431706320041000069     5.6422927438000103351   10.990108209100000636   )	-0.00126884798558039 -1.8235461762827754e-7 -2.2886672596119598e-7 1.7763596260600423e-7 1.5723546784585096e-6
1316	(   4.1964026856175999924    0.00020142178073999999   1.5014904374358799544  -14.166435548719009674    -9.4317050587899995406    5.6422927451304296653   10.990129366799999744   )	-0.0012691301400835876 -4.058243812110618e-7 -1.1068108492009467e-7 4.810373810393287e-8 -1.38491310863742e-7
1317	(   4.1964026671075602692    0.00020197844364999999   1.5014904431445699196  -14.166437809639010226    -9.4317061771899997069    5.6422927337839103856   10.990132403500000535   )	-0.001272637593539042 1.3123104736223468e-7 3.809016159367969e-7 8.133498763385205e-9 7.297148361118388e-7
1318	(   4.1964026676809895733    0.00020136700578         1.5014904429677200515  -14.166437805602010158    -9.4316939376899995295    5.6422927341354203179   10.990132309399999855   )	-0.0012687850100624144 1.308124444321379e-7 4.811142312124181e-7 9.371760478771307e-9 -4.855672832704272e-7
1319	(   4.1964027412373203774    0.00020097844365         1.5014904202821699464  -14.166437287799009681    -9.4317016981900003714    5.6422927792249097934   10.990120242099999714   )	-0.0012663367381268854 7.712765981437997e-8 -3.5852653195990415e-7 1.6820792048122257e-7 -2.8782882832700807e-7
1320	(   4.196402722727279766     0.00020153510656         1.5014904259908599116  -14.166439548719010233    -9.4317028165900005376    5.6422927678783896255   10.990123278800000506   )	-0.0012698441915904583 6.142160584587941e-7 1.3308773722648087e-7 1.2823767847613965e-7 5.799783338034104e-7
1321	(   4.1964027011143896218    0.00020146910495999999   1.5014899317133700851  -14.16643757024601058     -9.4317041224900002305    5.6422927546298495827   10.990126824500000779   )	-0.0012694279004246453 1.0641090764096361e-7 -8.881217626230918e-9 -4.193759139958786e-7 -8.404147511242854e-7
1322	(   4.1964027650243398426    0.00020166427363000001   1.5014904129460000526  -14.166437120349009149    -9.4317002608900004645    5.6422927938061704367   10.990146322799999368   )	-0.001270658056790929 5.97672240587599e-8 4.108845983631789e-7 2.1957313189879812e-7 -9.504490563472245e-7
1323	(   4.1964027406638901851    0.00020158988151999999   1.5014904204590200365  -14.166437291836009749    -9.4317139376900005487    5.6422927788733998611   10.990120336200000395   )	-0.0012701893216128814 7.754624498090834e-8 -4.5953694166432505e-7 1.6696965832174726e-7 9.27436943243265e-7
1324	(   4.1964027874399203455    0.00020122935354999999   1.5014904568695099929  -14.166438122915009146    -9.4317088660900001429    5.6422927065044099493   10.990139704300000645   )	-0.0012679177307625804 3.2854665832360297e-7 -5.246998019409882e-7 -8.796364481256091e-8 -1.1924016209974297e-6
1325	(   4.1964027072304901367    0.00020148778234         1.5014909317133700029  -14.166437527192009327    -9.4317037528899998478    5.6422927583789697081   10.99012582109999947    )	-0.0012695464312882402 1.0194723198964084e-7 3.129813974631665e-8 5.957173305759511e-7 1.2817719765578772e-6
1326	(   4.1964026433205399158    0.00020129261367000001   1.5014904504807400354  -14.166437977089010758    -9.4317076144899996137    5.6422927192026497423   10.990106322800000882   )	-0.0012683162748873687 1.485924503441538e-7 -3.8858093691669236e-7 -4.323171465259179e-8 1.3975623147644e-6
1327	(   4.1964026209049603011    0.00020172753375         1.5014904065572300951  -14.166436974523010761    -9.4316990092899999354    5.6422928065044102297   10.990112941299999605   )	-0.0012710566007961555 -1.2018575734629167e-7 5.469130018129643e-7 2.643050589501428e-7 1.636333601062745e-6
1328	(   4.1964026041724400429    0.00020117306289         1.5014904625544200911  -14.166438252674009135    -9.4317099797899999203    5.6422927776224200969   10.990142728400000394   )	-0.0012675630007071698 1.7716590061667148e-7 -6.458327680982322e-7 2.0402885181347585e-7 -1.7134701160159693e-6
1329	(   4.1964028041724397156    0.00020178382441000001   1.5014904008723199969  -14.166436844764010772    -9.431697895590000158     5.6422927353864000821   10.990109917199999856   )	-0.0012714113309790988 3.1196389471688235e-8 6.679433479111379e-7 -2.768743279091268e-8 2.158699156318278e-6
1330	(   4.1964027034939697103    0.00020147823584000001   1.5014904215178799252  -14.1664375837680101      -9.4317040002850003333    5.642292736504409767    10.990126453900000314   )	-0.0012694858476300277 1.121132875425701e-7 7.359229653349907e-9 -2.540978094600632e-9 1.8890717079500519e-7
1331	(   4.1964027014585596476    0.00020147761241         1.5014903909314099018  -14.16643768891501054     -9.4317041880700003276    5.6422926765044101316   10.990126847200000881   )	-0.0012694818930098044 1.3591601000229048e-7 -4.189092232034222e-9 -2.7467604390984945e-7 9.359977148903909e-8
1332	(   4.1964027367779097588    0.00020143076448         1.5014902215178800304  -14.16643673675300974     -9.431704611108999714     5.6422927732802996559   10.990120613400000238   )	-0.0012691865783192524 -6.273928754296776e-8 -7.564952649664934e-8 -5.448823903186906e-8 1.8566515969098418e-7
1333	(   4.1964026702100296617    0.00020152570720000001   1.5014906215178800419  -14.16643843078301046     -9.4317033894609991762    5.642292699728519878    10.99013229440000039    )	-0.0012697851170157392 2.86971879148723e-7 9.036485211727594e-8 4.9406279734043324e-8 1.9264036144051033e-7
1334	(   4.1964027004467503446    0.00020148258195         1.5014904075171100484  -14.166437661314009944    -9.431709000285000144     5.6422927331374896909   10.990126988600000146   )	-0.0012695132190944699 1.2812170346876428e-7 -2.792840072188133e-7 -3.009632787431826e-8 1.2460694698290808e-7
1335	(   4.1964027065411899642    0.00020147388972999999   1.501490435518650024   -14.166437506222010256    -9.4316990002850005226    5.642292739871329843    10.990125919200000482   )	-0.0012694584761650351 9.610492313072427e-8 2.937924866725091e-7 2.5014371907161603e-8 2.532115157549697e-7
1336	(   4.1964027534939702946    0.00020151310876000001   1.5014903091766100829  -14.166438205993010513    -9.4317035515680007762    5.6422927094884895993   10.99013074440000004    )	-0.0012697054970925122 3.15016118079825e-7 6.83362552520632e-8 -2.236432072866279e-7 -2.5247493073976557e-7
1337	(   4.1964027227757902949    0.00020145073507         1.5014905101101601037  -14.166437093081009735    -9.4317043541429992359    5.6422927578091597312   10.990136453899999935   )	-0.0012693126498960132 1.0818137496926283e-8 -4.07284174945414e-8 1.718201745326553e-7 -4.533805553208481e-7
1338	(   4.1964026732073600456    0.00020152143225         1.5014902823629399098  -14.166438354507009834    -9.4317034444680007965    5.6422927865044103513   10.990131768499999509   )	-0.0012697578952529248 2.7122516321753665e-7 8.289003636081861e-8 5.959457483051267e-8 -4.5000891368829343e-7
1339	(   4.1964026973838102208    0.00020127823584         1.5014903934441299338  -14.16643773926000982     -9.4317038881520005589    5.6422927297532101676   10.99012752610000021    )	-0.0012682256503782664 1.4421274219245106e-7 -1.8611727604491497e-7 -5.779377443282385e-8 -3.5745335491554897e-7
1340	(   4.1964027096041300879    0.00020167823584000001   1.5014904495916299165  -14.16643742827601038     -9.4317041124180001077    5.6422927432556102545   10.990125381700000418   )	-0.0012707460449325825 8.001403628554726e-8 2.0083562974170378e-7 5.271182135224706e-8 7.352842539276594e-7
1341	(   4.1964026534939700142    0.00020144336292         1.5014905338591499895  -14.166436961543009687    -9.4317044490019998904    5.6422927635203397045   10.990122163400000588   )	-0.001269266198139897 -9.078629492620394e-8 -5.361948709751876e-8 2.1856128840092026e-7 6.305543429618865e-7
1342	(   4.1964026599646295779    0.00020154031973999999   1.5014902215178800304  -14.166436608155009935    -9.4317032014389994288    5.6422926884082400534   10.990134092199999927   )	-0.0012698768471755108 -1.711523545111504e-7 1.1591481071656718e-7 -3.9616701585920566e-7 -7.292379677892313e-7
1343	(   4.1964027337805802631    0.00020143503943000001   1.5014905606728199405  -14.166436813029010366    -9.4317045561019998701    5.6422926865044100708   10.990121139299999342   )	-0.0012692137999527544 -4.69936045632835e-8 -6.817417183853217e-8 -6.46765339062938e-8 8.282299619466471e-7
1344	(   4.1964026842121500138    0.00020150573661000001   1.5014903329255999687  -14.166438074455010465    -9.4317036464269996543    5.6422927151996598027   10.990116453900000693   )	-0.001269659045342003 2.1341045819411875e-7 5.5445825195335995e-8 -1.7690213161003498e-7 8.326348162057684e-7
1345	(   4.1964027470233098427    0.00020141615193999999   1.5014906215178800419  -14.166438559381010265    -9.4317047991309994615    5.6422927846005803687   10.990118815600000701   )	-0.0012690948479722208 3.953869125439269e-7 -1.0120171129381788e-7 3.9108505744955835e-7 1.1078924115892619e-6
1346	(   4.1964027032677195805    0.00020147573308         1.5014903215178800888  -14.16643756819131994     -9.4317039639069992774    5.6422927366960102802   10.990126493649000849   )	-0.0012694699934777231 1.080593330371471e-7 6.972822384673219e-9 -1.0176963094465918e-7 -1.9442786047818572e-8
1347	(   4.1964027025889700795    0.00020146822479999999   1.5014900215178799137  -14.16643752146124946     -9.4317038547729996623    5.6422927372708100435   10.99012661289600068    )	-0.0012694224310334228 9.589747840266227e-8 5.813533681200706e-9 -3.994555966002622e-7 -6.444925251258837e-7
1348	(   4.1964027232677203472    0.00020152567803999999   1.5014903701253798918  -14.166437337796130791    -9.4317051831899991754    5.6422927509955398406   10.990126946411999498   )	-0.0012697847367390126 7.144388813884461e-8 -1.4022158679571472e-8 4.405056319711775e-9 1.6214585585316854e-7
1349	(   4.1964027832677199825    0.00020167551291999999   1.5014905159478799668  -14.166436646610559791    -9.4317088410390006459    5.6422927938941302983   10.990128304701000772   )	-0.0012707289666631328 -3.839977669173322e-8 -7.708202199519973e-8 3.229291212214491e-7 7.069294900574619e-7
1350	(   4.1964027128651197884    0.00020155862921         1.5014902457500500788  -14.166436337796129763    -9.4317049449690006924    5.6422927588416298406   10.990127668948000306   )	-0.0012699922490437682 -1.8468544116245766e-7 3.279009222066816e-8 -8.83834074816292e-8 -8.777714555208149e-8
1351	(   4.1964026816573198886    0.00020165748272000001   1.5014898726240599736  -14.166433337796130232    -9.4317042303060105723    5.6422927823798998404   10.990129836555999177   )	-0.0012706147857454839 -9.530231128707101e-7 1.7322398472384816e-7 -3.6674879977383057e-7 -8.375010480676792e-7
1352	(   4.1964028128651200689    0.00020155490562         1.5014902211000500376  -14.166436374301129675    -9.4317049838799995598    5.6422927591676401704   10.990127542348000489   )	-0.001269968796647059 -7.571533444661327e-8 2.6802466942778746e-8 -1.1172095182310215e-7 -3.4595003306492345e-8
1353	(   4.196403112865120022     0.00020154373484999999   1.5014901471500499142  -14.16643648381612941     -9.4317051006129997148    5.6422927601456702718   10.990127162547999262   )	-0.0012698984394548382 2.511950532024798e-7 8.839514600676593e-9 -1.817335888443239e-7 1.2495280987678825e-7
1354	(   4.1964030083557304351    0.00020172628267000001   1.501490505553050081   -14.166436717000129519    -9.4317056219940003103    5.6422927146339700855   10.99013754234800011    )	-0.0012710489190757906 2.0398474109839526e-7 1.6104905903741853e-7 -6.552040909824086e-9 2.889598658128989e-7
1355	(   4.1964027960721299593    0.00020158010537         1.5014902629270499013  -14.166436424692129492    -9.4316999838799997491    5.642292752619289864    10.990129012747999582   )	-0.0012701276069872738 -8.012609331586873e-8 3.428228909909076e-7 -9.625636532284432e-8 -3.2644722480767996e-8
1356	(   4.1964028296581101785    0.00020152970587         1.5014901792730499519  -14.166436323910129857    -9.4317099838799993705    5.6422927657159895887   10.99012607194799962    )	-0.0012698099863144192 -7.130455337289732e-8 -2.894279369526349e-7 -1.2718554254220749e-7 -3.6514150814070945e-8
1357	(   4.1964027387141999981    0.00020166617732         1.5014904057900499978  -14.166436596809129256    -9.4317053981949996455    5.6422928591676395627   10.990134035147999469   )	-0.001270670037649696 -9.519074861685795e-8 1.1396647275286535e-7 4.755500155884107e-7 -2.57595758057505e-8
1358	(   4.1964028357565901217    0.00020152055440999999   1.5014901640840498942  -14.166438374301129954    -9.4317048559749991909    5.642292768094070432    10.990125537947999845   )	-0.001269752313268322 4.3863859033876906e-7 -1.0664232940726243e-10 -1.328008416567883e-7 -3.720076868773958e-8
1359	(   4.196402789973650016     0.00020158925683000001   1.501490278116049959   -14.166434374301129395    -9.4317051117849999287    5.6422927502412099088   10.990129546747999356   )	-0.001270185280039872 -5.900357171739756e-7 5.371143880670507e-8 -9.064106265554983e-8 -3.193138642387794e-8
1360	(   4.1964026173745097026    0.00020138352856999999   1.5014899366470499942  -14.16643603160212983     -9.4317043457660005856    5.6422928037013102553   10.990117542348000867   )	-0.0012688886747280962 -3.5541442411357593e-7 -1.0744754531870717e-7 -2.1688986806545074e-7 -3.5670995757186574e-7
1361	(   4.1964028870160401397    0.00020144363392         1.5014900364100500774  -14.166436151793130094    -9.4317045695649994741    5.64229265916763989     10.990121049547999732   )	-0.0012692675557921178 -5.6239504608868174e-8 -6.036298064713598e-8 -6.989919472122352e-7 -4.2823412371717495e-8
1362	(   4.1964028639180197544    0.00020205490562000001   1.5014900939410500413  -14.1664362211041297      -9.4317046986239994055    5.6422927790754897615   10.990123072048000097   )	-0.0012731191332107242 -6.230633786685758e-8 5.433997834676811e-7 -1.5873473580008124e-7 1.1128964603202007e-6
1363	(   4.1964026128651203962    0.00020185502789000001   1.5014907192460500429  -14.166436974449130304    -9.4317061013710006279    5.6422926811785201195   10.990129569947999499   )	-0.0012718601857344897 -1.2824375161812895e-7 2.6189813024719193e-7 7.245567545943743e-8 1.2029432649995897e-6
1364	(   4.1964030128651197415    0.00020125478334999999   1.5014897229540500323  -14.166435774153130822    -9.4317038663890002681    5.6422928371567602213   10.990125514747999702   )	-0.0012680774086341001 -2.3183896580292185e-8 -2.083036852619101e-7 -2.9589759353854106e-7 -1.2720740745209014e-6
1365	(   4.1964027618122203833    0.00020105490561999999   1.5014903482590500339  -14.166436527498129649    -9.4317052691359997141    5.6422927392597896912   10.990132012648000881   )	-0.0012668184596264364 -8.912413296258137e-8 -4.897955330328697e-7 -6.470717206497056e-8 -1.1817987202178415e-6
1366	(   4.1964028533055302006    0.00020149422029000001   1.5014912211000499553  -14.166436252950129315    -9.4317047579210004926    5.6422927749372000505   10.990124001348000604   )	-0.0012695872847987802 -6.509357497463952e-8 -2.0735623110511347e-8 9.517642964862461e-7 2.1622912447227804e-6
1367	(   4.1964027724247099371    0.00020161559094999999   1.5014892211000498978  -14.166436495652130034    -9.4317052098390004033    5.6422927433980802903   10.990131083348000374   )	-0.001270350307978664 -8.633697046178668e-8 7.434012805110335e-8 -1.1752062012426734e-6 -2.2313007050911438e-6
1368	(   4.1964028105886299613    0.00020175490562         1.5014902100748499514  -14.166436408394130098    -9.4317049617439998599    5.6422927609805704208   10.990127821626000326   )	-0.001271228958180469 -6.961439069641528e-8 2.2809045096706796e-7 -1.1544763989235207e-7 3.191744539776664e-7
1369	(   4.1964028206297498969    0.00020155719513999999   1.501490258704599956   -14.166436258016130267    -9.4317029838799992802    5.642292752984119808    10.990126589792000189   )	-0.0012699832567433372 -9.652452792607846e-8 1.454454541659645e-7 -9.90100788023085e-8 1.2767477119979276e-7
1370	(   4.1964028051004902409    0.00020155261610000001   1.5014901834954998971  -14.166436490586130859    -9.4317069838799998394    5.6422927653511596446   10.990128494904000789   )	-0.0012699543365515568 -5.4906026392131935e-8 -9.187411705599644e-8 -1.244318286186541e-7 -1.9685171270822366e-7
1371	(   4.1964027128651197884    0.00020156026871999999   1.5014903091870599461  -14.166436101908130851    -9.4317051607410000713    5.6422927446830195564   10.99012531102800061    )	-0.0012700026330198454 -2.426482055284396e-7 2.1874754778627688e-8 -8.194626999191712e-8 2.273470141034295e-7
1372	(   4.1964029128651203493    0.00020154954252000001   1.5014901330130399071  -14.166436646694130275    -9.4317048070190008247    5.6422927736522598963   10.990129773668000368   )	-0.0012699349602766233 9.121816013646367e-8 3.172991627827123e-8 -1.4149563765109008e-7 -2.9646532961891126e-7
1373	(   4.1964028151416101764    0.00020135490562         1.5014902321252499018  -14.166436340208129252    -9.4317050060159992597    5.64229275735470992     10.990127263070000652   )	-0.0012687086350937754 -8.181626842684864e-8 -1.7448552119725034e-7 -1.0799426464203066e-7 -3.883633370449502e-7
1374	(   4.1964028756499498485    0.00020157341869999999   1.5014905251708199341  -14.166435434019129858    -9.4317055943919996253    5.6422927091676395861   10.990128153922999132   )	-0.0012700857211422115 -2.4397556241950724e-7 9.791259850100952e-9 -8.940678419833148e-9 6.253934259348171e-7
1375	(   4.1964028480606501148    0.00020156528357000001   1.5014903915541299995  -14.166437374301130703    -9.4317053261169991885    5.6422927311389603489   10.990123224598999485   )	-0.0012700343414644357 2.0520722987527051e-7 1.7266819788455375e-8 -5.410500758529224e-8 7.010466838153206e-7
1376	(   4.1964027500802902892    0.00020153639254000001   1.5014899170292799191  -14.166437314583129492    -9.4317043733679994943    5.6422928091676398665   10.990126930773000069   )	-0.0012698518722026502 9.255230892790678e-8 4.381054344667788e-8 -2.1450123521837838e-7 -6.945780475220431e-7
1377	(   4.1964027776695900229    0.00020154452766999999   1.5014900506459700757  -14.166435374301130423    -9.4317046416429999312    5.6422927871963297619   10.990131860096999716   )	-0.0012699032518456283 -3.5662951258785824e-7 3.6337130331624183e-8 -1.6933685920150765e-7 -7.699682464945568e-7
1378	(   4.1964028530734998057    0.00020156676169         1.5014904158317099458  -14.166435772130130388    -9.431705374862000113     5.6422928091676398665   10.990122609627000827   )	-0.0012700436769419459 -1.8347260333229087e-7 1.5908555339651676e-8 2.8430119480837845e-7 8.058451159698166e-7
1379	(   4.1964027954435101364    0.00020154976859         1.5014907211000501075  -14.166436635211130834    -9.431704814473999221     5.6422927730417002934   10.990129679612000047   )	-0.0012699368465713713 -2.902511120339568e-8 3.1522227047467606e-8 4.4413337563220523e-7 7.701132220816476e-7
1380	(   4.196402772656740332     0.00020154304955         1.5014900263683899073  -14.166436976472130738    -9.431704592898000783     5.6422927091676395861   10.990132475069000151   )	-0.0012698939163729838 3.204497645015181e-8 3.769509448353116e-8 -5.0774310844659e-7 -8.746847663942958e-7
1381	(   4.1964028302867300013    0.00020156004265         1.5014897211000499677  -14.166436113391130291    -9.4317051532859998986    5.6422927452935800474   10.990125405083999155   )	-0.0012700007467014549 -1.2240498570292857e-7 2.2082465794630822e-8 -6.675752797224987e-7 -8.392374537535829e-7
1382	(   4.1964028176647003576    0.00020156644028000001   1.5014902073898699353  -14.166436415098100809    -9.4317046807720004153    5.6422927791676400489   10.990126996945999593   )	-0.001270041464755127 -6.089099890971283e-8 5.5973120289290424e-8 -4.491493688085768e-8 8.632418335707825e-9
1383	(   4.1964028320634403357    0.00020160104426         1.5014901662593300724  -14.166436537489019543    -9.4317037714479994293    5.6422928391676396842   10.99012536074000046    )	-0.0012702594690723642 -1.6417910586596918e-8 1.434804505070445e-7 1.5550310417111746e-7 1.383403844812392e-7
1384	(   4.1964028676647000538    0.00020157581114000001   1.5014902307205799659  -14.166436296541830231    -9.4317048428590002374    5.6422927784999696854   10.990126773646000657   )	-0.0012701005440793568 -4.002296538629935e-8 5.591322899847046e-8 -2.4272140519698837e-8 1.415514443436905e-7
1385	(   4.1964027676646997733    0.00020155706941999999   1.5014901840591599047  -14.166436533654369612    -9.4317045186850005933    5.6422927798353104123   10.990127220246000306   )	-0.0012699823854341388 -8.175891696993176e-8 5.603279091471905e-8 -6.555773301997192e-8 -1.2428588824775488e-7
1386	(   4.1964028170196696621    0.00020156949312999999   1.5014902149905799966  -14.166436376474669245    -9.4317047335769998995    5.642292829167639745    10.990126924199000058   )	-0.0012700607065626358 -7.102669652425675e-8 5.595362710618108e-8 1.6397625812736294e-7 3.500078094020864e-8
1387	(   4.1964028223024403275    0.00020154449056999999   1.5014901527414499238  -14.166436692796969155    -9.4317066807720006949    5.6422927807315597093   10.990127519991000682   )	-0.0012699031179389583 1.1984114145491276e-8 -8.235856198396787e-8 -9.326731387204745e-8 -1.8095148579533316e-7
1388	(   4.1964028183097399349    0.00020156338743000001   1.501490199789160096   -14.166436453721530597    -9.4317046279669991549    5.6422927291676403527   10.990127069692999129   )	-0.0012700222229478097 -5.0755281755243686e-8 5.599259015568337e-8 -2.538061372181488e-7 -1.773585722730786e-8
1389	(   4.1964028130269603878    0.00020158838999000001   1.5014902620382899467  -14.166436137399230688    -9.4317026807720001358    5.6422927776037203884   10.990126473901000281   )	-0.001270179811581057 -1.3376546625920582e-7 1.9427120578660692e-7 3.4374401103320906e-9 1.9822026153804018e-7
1390	(   4.1964028260150101346    0.00020152691957         1.5014904066615200051  -14.166436915098099547    -9.4317039971870002546    5.6422927819834898244   10.990127938694000065   )	-0.0012697926214321482 7.032195004086361e-8 5.622319156517886e-8 1.6569278904476903e-7 2.626208139844266e-7
1391	(   4.1964028154073895749    0.00020157712378999999   1.5014902339886999627  -14.166436279934730536    -9.4317048655630006948    5.6422927784064400569   10.990131996945999404   )	-0.0012701088018484757 -9.636100717358431e-8 5.5904868444115515e-8 -2.1380552883698556e-8 -3.110773878489681e-7
1392	(   4.1964028199220102522    0.00020155575677000001   1.5014901807910399079  -14.166436550261469307    -9.4317044959810001359    5.6422927799288400408   10.990121996945999783   )	-0.0012699741276640903 -2.5420838767331588e-8 5.604108532114051e-8 -6.844932021188299e-8 3.287022032338882e-7
1393	(   4.1964028152842800523    0.00020136644028000001   1.5014902354393200312  -14.166436272563309728    -9.4317048756409995747    5.6422927783649301503   10.990126728482000118   )	-0.0012687813161902078 -9.829543756723069e-8 -1.5536502167038876e-7 -2.009704425098846e-8 -3.1659041788145714e-7
1394	(   4.1964028093144003506    0.00020160596099         1.5014900081182200875  -14.166435915098100295    -9.4317053643570005761    5.6422927763517902733   10.990126055197999122   )	-0.001270290308011022 -1.921018428774346e-7 5.5719124166978646e-8 -2.5552266191830597e-7 -2.4534319642555147e-7
1395	(   4.1964028200451197748    0.00020176644027999999   1.5014901793404200614  -14.166436557632890114    -9.4317044859029994797    5.6422927799703499474   10.990127265410000845   )	-0.001271301613274393 -2.3486392386473653e-8 2.673109434018616e-7 -6.97328295107269e-8 3.338562928334454e-7
1396	(   4.196402834637710022     0.00020148610963         1.5014900073898700406  -14.166436687241979797    -9.4317032913020000251    5.6422927848912003412   10.990128911163999703   )	-0.0012695351487890159 2.2954381506679056e-8 5.64773215251202e-8 -2.21872971328807e-7 -6.851796658935427e-7
1397	(   4.196402800691689805     0.00020164677093         1.5014904073898700521  -14.166436142954220045    -9.4317060702420008056    5.6422927734440797565   10.990125082727999484   )	-0.001270547780851982 -1.447357602657462e-7 5.545270334369611e-8 1.3204309845527007e-7 7.024972630276238e-7
1398	(   4.1964028376647002361    0.00020157461640999999   1.5014902062112200909  -14.166436421929130773    -9.4317046293650008693    5.6422927797112203407   10.990126916058999385   )	-0.001270092986443336 -3.921245639304516e-8 6.714023141119775e-8 -4.3905235669328135e-8 4.897215699628532e-8
1399	(   4.196402797664699591     0.00020155826415000001   1.5014902085685200017  -14.166436408267070846    -9.4317047321789999614    5.6422927786240704151   10.990127077832999802   )	-0.0012699899430673278 -8.256954231455893e-8 4.48059869709457e-8 -4.5924594349600056e-8 -3.170722440160034e-8
1400	(   4.1964028187372397483    0.00020149880534         1.5014902171399400199  -14.166436358590120292    -9.4317051060269996299    5.6422927746710502817   10.990124996945999314   )	-0.0012696153151890005 -7.370376753357277e-8 -3.640501513468191e-8 -5.326728147458937e-8 5.084288190460029e-8
1401	(   4.1964028182737198591    0.00020152803481999999   1.5014902129262999164  -14.166436383010909239    -9.4317049222460003222    5.6422927991676399273   10.990127376894999855   )	-0.001269799482281747 -6.816654174457426e-8 3.517833420017217e-9 4.1137687922798705e-8 -8.629856562691884e-8
1402	(   4.1964028184911699171    0.00020151432248         1.5014902149030300293  -14.166436615098099594    -9.4317050084630000839    5.6422927757026801743   10.990127512553000244   )	-0.0012697130845152216 -1.0919724680036325e-8 -1.521104074522859e-8 -5.135104563791515e-8 -1.2019239825633576e-7
1403	(   4.1964028201868002199    0.00020156263018         1.501490230317459984   -14.166436282217869547    -9.4317056807719996669    5.6422927685937800391   10.990128570399999575   )	-0.001270017478013389 -9.102057951793086e-8 -6.02376619879318e-9 -6.455569567798136e-8 -7.401351620472951e-8
1404	(   4.1964028151425996072    0.00020157025038         1.5014901844622801086  -14.166436547978330296    -9.4317036807719993874    5.6422927897415000587   10.990125423491999612   )	-0.0012700654514961026 -3.07612735284124e-8 1.1796160768670627e-7 -2.527417719555558e-8 9.131400258155509e-8
1405	(   4.1964028165921600788    0.00020163407522         1.5014901976398000727  -14.16643647160607955     -9.4317042555169994245    5.6422927836642298161   10.990128996945999873   )	-0.0012704676143155008 -4.8078206305035565e-8 1.4834973689108535e-7 -3.656259162099218e-8 -3.3520448639023925e-8
1406	(   4.196402817055679968     0.00020160484574000001   1.5014902018534399541  -14.166436447185290604    -9.4317044392980005085    5.6422927591676401704   10.990126616996999331   )	-0.0012702834472266516 -5.361544896942405e-8 1.0842791740408642e-7 -1.3096756190655867e-7 1.0356548241219343e-7
1407	(   4.19640281683822991      0.00020161855808         1.5014901998767100633  -14.166436215098100249    -9.4317043530810007468    5.6422927826325999234   10.990126481339000719   )	-0.0012703698449916163 -1.1086193918430354e-7 1.2715637940656954e-7 -3.847882723562179e-8 1.3746106386491874e-7
1408	(   4.1964028192504700954    0.00020146644028000001   1.5014902218056001004  -14.166436331549599359    -9.4317037571669999352    5.6422927725193199322   10.990127986256000625   )	-0.0012694113916486766 -7.983500438513147e-8 9.707266072727077e-9 -5.72640785900802e-8 -2.3854421993263486e-7
1409	(   4.1964028174253895642    0.00020158153113         1.5014903073898699937  -14.166436427706280199    -9.4317045858879993148    5.6422927801709299445   10.990126847651000119   )	-0.0012701366345734047 -5.803218794397935e-8 7.658452912316063e-8 5.9124117601783155e-8 2.5028558336970264e-7
1410	(   4.1964028160789297317    0.00020166644027999999   1.5014901929741399922  -14.166436498646600484    -9.4317056043769991192    5.6422927858159601655   10.990126007636000338   )	-0.0012706715378490018 -4.194693747905376e-8 1.0223180970866941e-7 -3.2565794505501344e-8 2.558231502192143e-7
1411	(   4.1964028179040102629    0.00020155134943         1.5014901073898700989  -14.166436402489919644    -9.4317047756559997396    5.6422927781643501532   10.990127146241000844   )	-0.0012699462949495035 -6.374981076362474e-8 3.5361635940982846e-8 -1.489539909194093e-7 -2.3302042606587747e-7
1412	(   4.1964028178370398336    0.00020155399801999999   1.5014902083190500015  -14.166436402362180047    -9.431705180771999153     5.642292779175740236    10.990127004768000418   )	-0.0012699630686829977 -6.384816941817917e-8 1.4438516996102043e-8 -4.3953146899866624e-8 -1.483495459808637e-8
1413	(   4.1964028183540600381    0.00020151667124         1.5014902111065899781  -14.166436364154419536    -9.4317066807720006949    5.6422927792000399094   10.99012702823399934    )	-0.0012697278804659898 -7.271967294997239e-8 -1.1017789198396405e-7 -4.106778073165174e-8 -8.523706718222002e-8
1414	(   4.196402818194210127     0.00020155888559         1.5014902187381700127  -14.166436602362180608    -9.4317050077280004672    5.6422927796693498337   10.990126955954000465   )	-0.001269993873487085 -1.4346215770899562e-8 2.9394835454528987e-8 -3.154684824480114e-8 1.996455001318509e-8
1415	(   4.1964028192657201188    0.0002015735483          1.5014902499955300463  -14.166437202362180514    -9.4317044885960097389    5.642292781150180403    10.990126809512000605   )	-0.0012700862879019422 1.3416165511870304e-7 7.426228147567183e-8 5.67205393764425e-9 1.2436326901621442e-7
1416	(   4.1964028281942100662    0.00020156195515         1.5014902086148300686  -14.166436486754490076    -9.4317047683130006419    5.642292781311150307    10.990126808902999755   )	-0.0012700132088118651 -3.275383164691448e-8 4.6394596249927636e-8 -3.5060611969228717e-8 2.7391829249268085e-8
1417	(   4.1964028167523697022    0.00020156603948         1.5014901951448500483  -14.166436332928370234    -9.4317070077280007467    5.6422927834956997373   10.990126613238999198   )	-0.0012700389287377512 -8.199430912014805e-8 -7.983873915218438e-8 -3.973601181428421e-8 1.2527268111739431e-8
1418	(   4.1964028202585499372    0.00020154864312000001   1.5014902525175599646  -14.166436988119979645    -9.431705806604000486     5.6422927741910298138   10.990125955953999437   )	-0.0012699293663348697 8.250898808626062e-8 -2.7333180908066133e-8 -1.9822132824032224e-8 1.4754995447674446e-7
1419	(   4.1964028081942101878    0.00020155581602999999   1.5014902288615099568  -14.166436717969869363    -9.4317052471430002925    5.6422927780275502485   10.990127103004999398   )	-0.0012699745381621363 4.061511127417816e-9 1.239459322126984e-8 -2.803308118970449e-8 1.2537583415905829e-8
1420	(   4.1964027781942103701    0.00020154660735         1.5014902592315300112  -14.166437064792939182    -9.4317059653879997683    5.6422927731021497166   10.99012754415799975    )	-0.0012699165321862788 5.9285364173433663e-8 -3.8609022106294005e-8 -1.7491787129841896e-8 -9.741453865785843e-9
1421	(   4.1964028281942100662    0.00020154253436999999   1.5014902685014299699  -14.166436615287869571    -9.4317033203909996786    5.6422927821042403451   10.990128321413999757   )	-0.0012698908918888478 -1.1700542756898358e-9 1.1120992420146159e-7 2.8018817932462525e-8 -1.0304661124393988e-8
1422	(   4.196402796183930306     0.00020154684202999999   1.5014902556449500892  -14.166436648590870817    -9.431703945298000491     5.642292798027550127    10.990127926245000012   )	-0.001269918013282242 -2.4996953840172864e-8 7.916437857357532e-8 7.926655376522262e-8 -2.8422159736862795e-8
1423	(   4.1964027881942103093    0.00020156909768999999   1.5014901892215899437  -14.166436820651869155    -9.43170717389499913      5.6422927739508699219   10.990125884596000816   )	-0.0012700581844302089 9.293163572010599e-9 -8.645191859824519e-8 -8.408494078793183e-8 3.540120019351889e-8
1424	(   4.1964028202044900695    0.00020156479002999999   1.5014902020780700465  -14.166436787348869686    -9.4317065489880000939    5.6422927580275503701   10.990126279765000561   )	-0.0012700310630403373 3.312001606303738e-8 -5.438942708816145e-8 -1.353327163666762e-7 5.350708232043644e-8
1425	(   4.1964028001658997269    0.00020156114750000001   1.5014902129494200889  -14.16643675918787082     -9.4317060205719993604    5.6422927661455100079   10.990129103004999678   )	-0.0012700081151078844 6.161530841097829e-9 -2.7280228169870337e-8 -9.17800053734652e-8 -1.7349898051577384e-7
1426	(   4.1964028162225304186    0.00020155048456         1.5014902447736000468  -14.166436676751869683    -9.4317044737139994481    5.6422927899095896009   10.990125103004999119   )	-0.0012699409612155512 1.9615153945551356e-9 5.206439038170406e-8 3.571383899725333e-8 1.986317528235304e-7
1427	(   4.1964028067745697825    0.00020145581602999999   1.5014902260477900331  -14.166436725258870766    -9.431705383907999618     5.6422927759264602798   10.99012701652000068    )	-0.0012693444495727407 4.432965994283222e-9 -9.556347739295124e-8 -3.930539005381206e-8 -1.8772574250647267e-7
1428	(   4.1964028096138497048    0.00020165581602999999   1.5014902316752301026  -14.166436710680869737    -9.4317051103779991905    5.6422927801286402172   10.990127189489999893   )	-0.0012706046267543195 3.69005626055241e-9 1.203525068347493e-7 -1.6760772325596918e-8 2.1280101325515943e-7
1429	(   4.1964028071008101506    0.00020155654214         1.5014902266943999098  -14.166435717969870112    -9.431705352477999682     5.642292776409299826    10.990127036395000104   )	-0.001269979111114133 -2.4275342003221567e-7 6.991492780658755e-9 -3.671495973911476e-8 1.3786961794437502e-8
1430	(   4.1964028092876102249    0.00020155508992000001   1.5014902310286200038  -14.166437717969870391    -9.4317051418079991265    5.6422927796457997829   10.990127169615000469   )	-0.0012699699652101242 2.508848275795117e-7 1.7797600572282395e-8 -1.9351206637097107e-8 1.1288265433506695e-8
1431	(   4.196402812622830325     0.00020155287505999999   1.5014902376390100169  -14.166436695232869525    -9.4317102471430001032    5.6422927845819703663   10.990127372797999783   )	-0.0012699560162925498 2.9030671200303004e-9 -2.8158808665823456e-7 7.1312673544099425e-9 7.477788166454502e-9
1432	(   4.1964028037655998205    0.00020155875699999999   1.5014902200840098967  -14.166436740706869202    -9.4317002471430004817    5.6422927714731301307   10.99012683321200079    )	-0.0012699930600314699 5.219968457481627e-9 3.061672932551428e-7 -6.319742995586353e-8 1.759843293314134e-8
1433	(   4.1964028060509201978    0.00020155723934999999   1.5014904288615100736  -14.166436728973870629    -9.4317054536229996131    5.6422927748554396743   10.990126972435000141   )	-0.0012699836748135144 4.6221879657082354e-9 1.8032114272625074e-9 1.5919660500962607e-7 4.2348269246872405e-7
1434	(   4.1964028103375001777    0.00020155439270999999   1.5014900288615100621  -14.166436706965869874    -9.4317050406629991954    5.6422927811996599345   10.990127233575000432   )	-0.0012699654015131381 3.5008351773058166e-9 2.298561702749496e-8 -2.1526277071970412e-7 -3.984072822760254e-7
1435	(   4.1964028159929895878    0.00020153816380000001   1.5014902583008100656  -14.166436342576050222    -9.4317052890690007416    5.6422927680275503093   10.990127661518000579   )	-0.001269863341228652 -8.038303711543904e-8 -7.697206771213518e-9 -3.8851878825241215e-8 1.0415668327823369e-10
1436	(   4.1964028003954298995    0.00020157346826000001   1.5014901994222100701  -14.166437093363690281    -9.4317052052169998433    5.6422927880275501877   10.990126544491999994   )	-0.001270085735090846 8.850723975939445e-8 3.248637844971143e-8 -1.721428333212316e-8 2.4975499002266588e-8
1437	(   4.196402818194210127     0.00020157192280999999   1.5014902019996099192  -14.16643631145806026     -9.4317052088869992588    5.6422927871520602849   10.990126593390000309   )	-0.0012700760049974592 -8.582820498759247e-8 3.072738216704251e-8 -1.8161439685471237e-8 4.100234551884796e-8
1438	(   4.1964028044098498071    0.00020156438177         1.5014902145760999908  -14.166436501783069346    -9.4317052267979999414    5.6422927828800499839   10.990128103005000426   )	-0.0012700284964433659 -5.284531212623733e-8 2.21441530169641e-8 -2.278325061944031e-8 -8.111682436862111e-8
1439	(   4.1964027981942102485    0.00020153970924999999   1.5014902557234099945  -14.166437124481680243    -9.4317052853989995498    5.642292768903049982    10.990127612620000264   )	-0.0012698730713236656 9.395261280076284e-8 -5.938207913591545e-9 -3.7904683614087276e-8 -1.5923442120424625e-8
1440	(   4.196402808082419611     0.00020155606905999999   1.5014902284395299503  -14.16643671158383988     -9.431707247143000572     5.642292778170889811    10.990127094998999979   )	-0.0012699761320774418 2.380509123156571e-9 -1.0374386317135893e-7 -2.7878003239223403e-8 1.2715864805556976e-8
1441	(   4.1964028061368496836    0.00020150581602999999   1.5014902210952600914  -14.166436600440189153    -9.4317052360829993773    5.6422927806656097971   10.990126955665999731   )	-0.0012696594880818822 -2.6875857095376432e-8 -3.696185521464158e-8 -2.5179005325171033e-8 -9.349515917023155e-8
1442	(   4.1964028119785696802    0.00020154725028999999   1.5014902431469199229  -14.166436934156669381    -9.4317052674880006435    5.642292773175049625    10.990126103005000147   )	-0.0012699205798797821 6.096872429139921e-8 2.6450299489728935e-9 -3.328291620086077e-8 1.0620638679625927e-7
1443	(   4.1964028083059998764    0.00020155556299999999   1.5014902292834899633  -14.166436724355900623    -9.4317032471430000129    5.6422927778842097979   10.990127111011000594   )	-0.0012699729442468295 5.742513131679061e-9 1.2849945283855313e-7 -2.8188162692899255e-8 1.2359298473541003e-8
1444	(   4.1964028169467200158    0.00020153600505999999   1.5014902619010199736  -14.166437217969869877    -9.4317052941970001001    5.6422927832228300105   10.990127729819999303   )	-0.00126984974264796 1.356779311123546e-7 -1.0154333350130985e-8 2.5921636837011874e-8 -1.4160557171294386e-9
1445	(   4.1964028102515698038    0.00020160581602999999   1.5014902366277600443  -14.166436835499549574    -9.4317052582029994312    5.6422927753894995817   10.990127250344000842   )	-0.0012702895882459584 3.4998993037049786e-8 6.175104073306154e-8 -3.088712152710116e-8 1.1857063597631168e-7
1446	(   4.1964027994417003598    0.000201575627           1.5014901958219999401  -14.166436217969870626    -9.4317052000890004848    5.6422927728322695984   10.990126476189999494   )	-0.0012700993336702987 -1.2755281186827006e-7 3.494350119616395e-8 -8.198780299117914e-8 2.6496877580939326e-8
1447	(   4.1964028065259801892    0.00020155959201         1.5014903288615100152  -14.166436622669600354    -9.4317052381750006163    5.6422927801666498127   10.990126983533999194   )	-0.0012699984141528718 -2.102440888052115e-8 1.6692396965616854e-8 8.057852651788266e-8 2.2779246933168906e-7
1448	(   4.1964028098624401864    0.00020155204004999999   1.5014901288615098984  -14.166436813270140149    -9.4317052561109999687    5.6422927758884497962   10.990127222475999602   )	-0.001269950662174551 2.9147506630522457e-8 8.096788801410662e-9 -1.3664469289409453e-7 -2.0271709999519771e-7
1449	(   4.196402808010880392     0.00020155884704         1.5014902429840100151  -14.166436727619679203    -9.4317054976179992565    5.642292783027549774    10.990127392243300264   )	-0.001269993648014816 6.249387674017726e-9 8.508648213897876e-10 6.218465742335866e-9 2.397462672831807e-8
1450	(   4.1964028074608901164    0.00020156794007         1.5014902853515099679  -14.1664367565691105      -9.4317062490429997013    5.642292798027550127    10.990128259958199308   )	-0.0012700509775749995 1.2813023531066392e-8 -3.3783482262931316e-8 1.0897311364388429e-7 5.82929926551401e-8
1451	(   4.1964028078045902959    0.00020155789553         1.5014902453528000681  -14.166436739138230649    -9.4317055949899994971    5.6422927730275498348   10.990127433201299922   )	-0.0012699876546266768 8.873503709594388e-9 -5.7667079197791515e-9 -3.1670841504904956e-8 2.3390421155511376e-8
1452	(   4.1964028082171695999    0.00020155979855         1.5014902406152199621  -14.166436716101129534    -9.4317054002460007922    5.6422927930275497133   10.990127351285300605   )	-0.0012699996414029366 3.625272526619483e-9 7.468357823825749e-9 4.410777298957669e-8 2.4558857170120518e-8
1453	(   4.1964028088559501839    0.00020150884704         1.5014902332801300933  -14.166436680433319495    -9.4317050987270008022    5.642292782823430386    10.990127224457300059   )	-0.00126967859717119 -4.500440020649421e-9 -2.593855646793714e-8 -4.307160184069403e-9 -8.14277747451797e-8
1454	(   4.1964028030108799783    0.00020157072390000001   1.5014902134164300751  -14.166436583843550423    -9.4317042822040004779    5.6422927824056001711   10.990126881001300418   )	-0.001270068455897971 -3.4080030353322854e-8 8.34457904619508e-8 -2.5852964880002105e-8 2.3693691453274823e-8
1455	(   4.1964028130108799175    0.00020154697017999999   1.5014902725515899551  -14.16643687139580976     -9.4317067130319998114    5.6422927836495002651   10.990127903485300109   )	-0.001269918840128535 4.657897978432857e-8 -8.17564684735836e-8 3.8289899917387515e-8 2.4259326991682428e-8
1456	(   4.1964028115927396456    0.00020157536836000001   1.5014902018539899586  -14.166436527619680419    -9.4317073786770002641    5.6422927821623796163   10.990126681079299686   )	-0.0012700977127965572 -3.931374692456302e-8 -9.210045947549424e-8 -3.839456508281103e-8 3.412198257279897e-8
1457	(   4.1964028044290202502    0.00020154232571999999   1.5014902841140300715  -14.166436927619679764    -9.4317036165590000252    5.6422927838927199318   10.990128103407300841   )	-0.0012698895832275487 5.181285622768428e-8 9.37724694507645e-8 5.083149656748276e-8 1.3834555723235553e-8
1458	(   4.1964028105481601116    0.00020157055024         1.5014902138487500327  -14.166436585945760385    -9.4317042999749993726    5.6422927824146897891   10.990128392243299515   )	-0.0012700673643379074 -2.6026185651062406e-8 8.223822593861319e-8 -2.5384051527410634e-8 -8.67787539604592e-8
1459	(   4.1964028071658097119    0.00020160884704         1.5014902526878899369  -14.166436774806040688    -9.4317058965089994871    5.6422927832316700503   10.990127560029300469   )	-0.0012703086988623865 1.6999233132253266e-8 2.76389495777274e-8 1.6744094777365603e-8 1.293774358757105e-7
1460	(   4.1964028037737604038    0.00020153930332000001   1.5014902916383299214  -14.166436607031199557    -9.431707497617999536     5.6422927840509897734   10.990128233507299171   )	-0.0012698705456795259 -2.761937256678948e-8 -1.350885491472199e-7 5.899296007250143e-8 1.1980320735460737e-8
1461	(   4.1964028122480003802    0.00020157839075999999   1.5014901943296901088  -14.166436848208160626    -9.4317034976180007533    5.6422927820041097746   10.99012655097929958    )	-0.001270116750342374 4.011827048344685e-8 1.3675668191157346e-7 -4.65560285878297e-8 3.5979126344898305e-8
1462	(   4.1964028054735997841    0.00020154714384         1.5014902721192699975  -14.166436869293599798    -9.4317066952609991404    5.642292783640409759    10.990126392243299236   )	-0.0012699199316889517 3.85251297529976e-8 -8.054854366902381e-8 3.7820983900260785e-8 1.3474240834199236e-7
1463	(   4.1964028069118999298    0.00020155377798999999   1.5014901429840099567  -14.166436788983469697    -9.4317060163579995447    5.6422927832929996583   10.990127610442300465   )	-0.0012699616237385508 2.0229089514600673e-8 -3.4404509412639924e-8 -9.271288337053818e-8 -2.043762741266164e-7
1464	(   4.196402809109859966     0.00020156391610000001   1.5014903429840100735  -14.166436666255890486    -9.4317049788780007447    5.6422927827620998897   10.990127174044300062   )	-0.0012700256723583603 -7.730283080320532e-9 3.6103988803026224e-8 1.0514981507725452e-7 2.5232623457327463e-7
1465	(   4.1964028100108796693    0.00020156304945999999   1.5014902286873399451  -14.16643668337738049     -9.4317055524899995333    5.6422927851424100609   10.9901273889242308     )	-0.0012700201153785515 -2.62207944246029e-9 1.8603007817736324e-9 4.358209348964692e-10 6.046454004149382e-9
1466	(   4.1964028160108801657    0.00020157565672         1.501490185797329957   -14.166436550650489679    -9.431705717106000364     5.6422927914869900334   10.990127378967020633   )	-0.0012700995174668858 -2.9236377763197652e-8 4.888456926500093e-9 -1.6912117262180004e-8 -4.773806239199985e-8
1467	(   4.1964028100142600763    0.00020156299468000001   1.5014902282657300869  -14.166436683549729736    -9.4317055520869992336    5.6422927851527999721   10.990127888924229538   )	-0.0012700197698619694 -2.57634891198677e-9 1.828971331780142e-9 5.6038507167954776e-11 -3.411803994879392e-8
1468	(   4.1964028100075001504    0.00020156310423999999   1.5014902291089500252  -14.166436683205029468    -9.4317055528929998331    5.6422927851320201498   10.990126888924230286   )	-0.0012700204608951347 -2.66780997293381e-9 1.8916302304660803e-9 8.156033626249837e-10 4.621455040876299e-8
1469	(   4.1964028050108801438    0.00020155943981         1.5014902009032500274  -14.166436694735130786    -9.4317055259650004473    5.642292785826869661    10.990127388571410805   )	-0.0012699973464734761 -4.83119055871839e-9 -2.0586489880413533e-10 -2.4592764935604805e-8 -6.171335176219372e-8
1470	(   4.1964028101397996551    0.00020156095886999999   1.5014902125956699486  -14.166436689955430595    -9.4317065524900005613    5.6422927855388298468   10.990127388719889368   )	-0.001270006929296396 -8.767653270069786e-10 -5.842439753799174e-8 -1.4059938768795632e-8 -3.017311911435172e-8
1471	(   4.196402810400080341     0.00020161304945999999   1.5014901801083599953  -14.166436703235790517    -9.4317055061129995153    5.6422927863391398873   10.990127388307339373   )	-0.0012703351172868888 2.64684008044469e-9 5.4558965144308564e-8 -4.332535241680091e-8 9.326082128779944e-9
1472	(   4.1964028096216798858    0.00020151304946000001   1.5014902772663198949  -14.166436663518970462    -9.4317055988669995514    5.6422927839456802346   10.990127389541120451   )	-0.0012697051134498874 -7.890993636294752e-9 -5.083838164592763e-8 4.4196994064549244e-8 2.7668285440540785e-9
1473	(   4.1964028098819596835    0.00020156514005000001   1.5014902447790099416  -14.166436676799330385    -9.4317045524900002818    5.642292784746000045    10.990127389128570456   )	-0.0012700333014609888 -4.367393557913601e-9 6.213659980446626e-8 1.4931619496394433e-8 4.2266027122650485e-8
1474	(   4.196402815010880083     0.00020156665911000001   1.5014902564714300848  -14.166436672019630194    -9.4317055790150003958    5.6422927844579495726   10.990127389277050796   )	-0.0012700428842845237 -4.1296654984535053e-10 3.926460449582992e-9 2.546440347472867e-8 7.380626332320617e-8
1475	(   4.1964028103029802352    0.00020155831278999999   1.5014901922283299118  -14.166436483377379929    -9.4317055176829995844    5.6422927860405698297   10.990127388461250035   )	-0.0012699902395450114 -5.147489812173944e-8 -8.509581582677277e-10 -3.240736901055641e-8 -7.601649176791625e-8
1476	(   4.1964028097187799915    0.00020156778613000001   1.5014902651463499783  -14.166436883377379274    -9.4317055872969994823    5.6422927842442502921   10.990127389387209789   )	-0.0012700499912135376 4.623107496826151e-8 4.571549546008398e-9 3.327901043626014e-8 8.810940066439343e-8
1477	(   4.196402810375229997     0.00020155714120000001   1.5014901832104399215  -14.166436701967700884    -9.4317055090739998491    5.6422927751424101217   10.990127388346740744   )	-0.0012699828499175819 2.3103865487428266e-9 -1.5215940780304634e-9 -8.529917638888662e-8 -9.631421882261293e-8
1478	(   4.1964028096465302298    0.00020156895771999999   1.5014902741642399686  -14.166436664787060096    -9.4317055959059992176    5.6422927951424100002   10.990127389501720856   )	-0.0012700573808417702 -7.554541880949728e-9 5.24217980965103e-9 8.617081825867956e-8 1.0840712949544695e-7
1479	(   4.1964028120258296539    0.00020153037503000001   1.5014901286873401087  -14.166436786187389885    -9.4317053123880008059    5.6422927913380895859   10.990127385730520615   )	-0.0012698141544803924 2.4655949282248457e-8 -1.6842857944850348e-8 -7.462155160453676e-8 -2.570369614929291e-7
1480	(   4.1964028079959296846    0.00020159572389         1.5014903286873400035  -14.166436580567369319    -9.4317057925920000372    5.6422927789467296478   10.990127392117939209   )	-0.0012702260763039364 -2.990001934932707e-8 2.056297520019318e-8 7.549319014366063e-8 2.691298703894063e-7
1481	(   4.1964028120108798348    0.00020156232316         1.501490226066980016   -14.166436695661550615    -9.4317055128028695066    5.6422927848529198513   10.99012738230370978    )	-0.001270015537454412 2.3964545903254475e-9 3.4433846385134234e-9 -3.3499718554708124e-9 1.872408006420301e-9
1482	(   4.1964028180108803312    0.00020156014426000001   1.5014902182059000069  -14.166436732514059216    -9.4317053937414794262    5.6422927839844501108   10.990127362442150272   )	-0.001270001803682062 1.7452062905931598e-8 8.192556832828076e-9 -1.4707345785680559e-8 -1.0649729986766943e-8
1483	(   4.1964028071018200094    0.00020154635486000001   1.5014902464431501006  -14.166436717962220371    -9.4317055548308292856    5.6422927801563202976   10.990127582303710341   )	-0.0012699149392146624 2.9672406753888936e-9 -1.497051191069439e-8 -1.881417910354344e-9 -9.907400233544195e-9
1484	(   4.1964028169199396601    0.00020157829146999999   1.5014902056908099315  -14.16643667336088086     -9.4317054707749097275    5.6422927895495300632   10.990127182303709219   )	-0.0012701161357546746 1.8256729461541e-9 2.1857276351800077e-8 -4.818482501889321e-9 1.3652811325925995e-8
1485	(   4.1964028122323799863    0.00020156304364999999   1.5014902251476101025  -14.166436694655340389    -9.4317060128028700206    5.642292784632680025    10.990127373279699796   )	-0.0012700200764488494 2.370702745224662e-9 -2.493196295223028e-8 -5.155984750260245e-9 2.403937493511421e-9
1486	(   4.1964028117893796832    0.00020156160267000001   1.5014902269863499296  -14.166436696667760842    -9.431705012802870769     5.6422927850731596777   10.990127391327719764   )	-0.0012700109984599692 2.4222055472478132e-9 3.18166323274346e-8 -1.543957850458355e-9 1.34088029568602e-9
1487	(   4.1964028166250599838    0.00020154635486000001   1.5014902464431501006  -14.166436717962220371    -9.4317055548308292856    5.6422927897340500181   10.990127582303710341   )	-0.0012699149420965841 1.2490480649773872e-8 -1.497051191069439e-8 3.6676700343463153e-8 -3.8415937098079667e-10
1488	(   4.1964028070108803092    0.00020154605904000001   1.5014902468206199337  -14.166436718375349457    -9.431705555609410041     5.6422927898244701339   10.990127205079190276   )	-0.0012699130755866148 2.9778179921891024e-9 -1.5311637471571464e-8 3.741818410674114e-8 1.9752081747981265e-8
1489	(   4.1964028117162097686    0.00020156136464         1.5014902272900900737  -14.166436495661550055    -9.4317055153256603717    5.642292785145920142    10.990127394308990105   )	-0.0012700094989015536 -4.704315603731857e-8 2.33806448274353e-9 -9.472982398506247e-10 1.165297192073922e-9
1490	(   4.1964028073966996857    0.00020157829146999999   1.5014902056908099315  -14.16643667336088086     -9.4317054707749097275    5.6422927799717896846   10.990127182303709219   )	-0.0012701161328722962 -7.697567028230878e-9 2.1857276351800077e-8 -4.337664316622636e-8 4.129572239719437e-9
1491	(   4.1964028170108802485    0.00020157858727999999   1.5014902053133400983  -14.166436672947749997    -9.4317054699963307485    5.6422927798813695688   10.990127559528229284   )	-0.0012701179993196206 1.8150956293538911e-9 2.219839125456322e-8 -4.411812715154895e-8 -1.6006812764146616e-8
1492	(   4.1964028123055499009    0.00020156328168         1.5014902248438699583  -14.1664368956615494      -9.4317055102800804178    5.6422927845599195606   10.990127370298429454   )	-0.001270021576007261 5.183640006123369e-8 4.548704637480578e-9 -5.75264502700179e-9 2.57951793258826e-9
1493	(   4.1964028151908800979    0.00020154232316000001   1.5014902128676799187  -14.166436681215600402    -9.4317054855779502986    5.6422927816910197762   10.990127252747470266   )	-0.0012698895100972417 2.0267165723453218e-9 -1.497241198728026e-8 -2.9278480084826697e-8 -5.11844726602817e-8
1494	(   4.1964028088308902298    0.00020158232315999999   1.5014902392662798913  -14.166436710107500829    -9.4317055400277904909    5.6422927880148199264   10.990127511859949294   )	-0.0012701415648136095 2.7662041546250293e-9 2.1859174935493766e-8 2.2578536373885072e-8 5.4929539139436656e-8
1495	(   4.1964028108368003345    0.00020155850407         1.5014901760669800979  -14.166436700995129527    -9.4317055228545605416    5.6422927860203202499   10.990127430137050624   )	-0.0012699914312650153 2.5329711661470355e-9 -9.606094183989278e-10 -4.8650240058734084e-8 -1.1069159011611873e-7
1496	(   4.1964028131849602232    0.00020156614225         1.5014902760669799342  -14.166436690327969927    -9.4317055027511802479    5.642292783685520341    10.990127334470370712   )	-0.0012700396436454247 2.2599380145038594e-9 7.847377743469162e-9 4.1950299678461533e-8 1.1443643899156086e-7
1497	(   4.1964028126789596485    0.00020156568198999999   1.5014902218836498893  -14.166436699238040831    -9.4317055207476894196    5.6422927868529200168   10.990127327375059707   )	-0.0012700366976283598 3.943369186742984e-9 6.3399086766579606e-9 5.183182771872907e-10 5.199775721109745e-9
1498	(   4.1964028113428000211    0.00020155896433000001   1.5014902302503099207  -14.1664366920850604      -9.4317055048580495935    5.6422927828529196859   10.990127437232359853   )	-0.0012699943772803526 8.49539105729491e-10 5.468600701669189e-10 -7.218261988128916e-9 -1.4549179638834175e-9
1499	(   4.1964028140108800002    0.00020155690452         1.5014902328157500033  -14.166436689891760636    -9.4317054999858598308    5.642292785672720079    10.990127470917599339   )	-0.0012699814016877407 2.9786706434720145e-9 -1.2294397014117261e-9 6.699158339174005e-9 -4.176072820882837e-10
1500	(   4.1964028119271796768    0.00020156190234000001   1.5014902265911000967  -14.166436695213459274    -9.4317057128028700674    5.6422927849165898095   10.990127389185619933   )	-0.0012700128863454175 2.2026469537195226e-9 -8.6155184426289e-9 -2.569528145812683e-9 1.45553258334985e-9
1501	(   4.1964028100108796693    0.0002015677418          1.5014902193182100287  -14.166436701431340595    -9.4317055256198791824    5.6422927840331196236   10.99012729368982022    )	-0.0012700496732207438 1.8142394253573002e-9 8.116207598682888e-9 -1.339910116193721e-8 4.1625352054097675e-9
1502	(   4.1964028120945799927    0.00020156274397999999   1.5014902255428599354  -14.166436696109640181    -9.4317053128028707221    5.6422927847892498932   10.990127375421799627   )	-0.0012700181885634046 2.5902613387529527e-9 1.550195164853256e-8 -4.130414676950522e-9 2.2892834294907516e-9
1503	(   4.1964028100218602191    0.00020155232316000001   1.5014902385217199221  -14.166436685013509944    -9.4317054891493103952    5.6422927863658403069   10.990127373130549771   )	-0.0012699525388085618 -2.2090596019097575e-9 -5.180227151559526e-9 1.519549863715497e-8 5.512355016890069e-9
1504	(   4.1964028120861698312    0.00020156270168000001   1.5014902255955400179  -14.166436595661549447    -9.431705513698210197     5.6422927847956501068   10.990127376113530744   )	-0.0012700179220791331 -2.210076743835998e-8 3.769805140632371e-9 -4.051968760521163e-9 2.24737828347088e-9
1505	(   4.1964028139999003386    0.00020157232315999999   1.50149021361224011    -14.166436706309589511    -9.4317055364564303943    5.6422927833400002839   10.990127391476869789   )	-0.0012700785360992765 7.001970558917492e-9 1.206699162589601e-8 -2.1895437907204496e-8 -1.767538115871048e-9
1506	(   4.1964028119355898383    0.00020156194463999999   1.5014902265384200142  -14.166436795661550008    -9.4317055119075305925    5.6422927849101895958   10.990127388493890592   )	-0.0012700131528296892 2.6893760107782327e-8 3.116964026347955e-9 -2.647974506331252e-9 1.4974377293697216e-9
1507	(   4.1964028131011099632    0.00020155232316000001   1.5014902192401899939  -14.166436701498030359    -9.4317055257680397773    5.6422927840236498653   10.990127292665489378   )	-0.001269952523432215 4.920857499257636e-9 -7.311053819449411e-9 -1.3515244701167717e-8 -2.3660209791387388e-8
1508	(   4.1964028109206497064    0.00020157232315999999   1.5014902328937700382  -14.166436689825070872    -9.4317054998376992359    5.6422927856821898374   10.990127471941930182   )	-0.001270078551477149 -1.2794831860674094e-10 1.4197821684601084e-8 6.815301878404512e-9 2.740514126742255e-8
1509	(   4.1964028115025300281    0.00020155976738999999   1.5014902060669799155  -14.166436692940159503    -9.4317055067575594762    5.6422927852395901027   10.990127424099570774   )	-0.001269999416840688 1.219389034190499e-9 1.2393885084080545e-9 -2.1793310489570672e-8 -4.702568201508939e-8
1510	(   4.1964028125192296415    0.00020156487893000001   1.5014902460669798945  -14.166436698382939952    -9.4317055188481795369    5.6422927844662496      10.990127340507850562   )	-0.0012700316580685684 3.5735192582819764e-9 5.647380461708262e-9 1.5093367666807467e-8 5.07705211205689e-8
1511	(   4.1964028117570295606    0.00020156365777999999   1.5014902233138800458  -14.166436687168749486    -9.4317055354608108075    5.6422927858529199341   10.990127365303429485   )	-0.001270023944299743 5.5706550483591855e-11 3.459546500536809e-9 -2.0772616959874313e-9 1.1499690089067371e-10
1512	(   4.1964028109954796264    0.00020156766163999999   1.5014902150545799131  -14.166436661690349652    -9.4317056034346400395    5.6422927888529201823   10.990127314302590378   )	-0.001270049164835545 -6.9665331281498766e-9 3.508005904425543e-9 1.7408687824627123e-9 -5.1572071058103575e-9
1513	(   4.1964028115383102957    0.00020156315399999999   1.5014902218125600886  -14.166436677724410842    -9.4317055339313498052    5.6422927878529200996   10.990127358087800502   )	-0.0012700207687175319 -2.483727001845182e-9 3.044765467936873e-9 4.4730390502678574e-9 -3.5479708060393023e-9
1514	(   4.196402811660039589     0.00020156343438         1.5014902226481099401  -14.166436682980599215    -9.431705735460809592     5.6422927858378297827   10.990127362103619291   )	-0.001270022536095622 -1.0704184205678757e-9 -8.40197453898608e-9 -2.803781651294912e-9 -1.5093588601189367e-9
1515	(   4.1964028119757497137    0.00020156416155999999   1.5014902248152000031  -14.166436696613089907    -9.4317055369902700335    5.6422927838529197686   10.990127372519060245   )	-0.0012700271198819609 2.595141879169205e-9 3.874327616782943e-9 -8.627561776108905e-9 3.777966384177489e-9
1516	(   4.1964028118540204204    0.00020156388117999999   1.5014902239796499295  -14.166436691356899757    -9.4317053354608102467    5.6422927858680100854   10.99012736850323968    )	-0.0012700253525038652 1.1818324097134791e-9 1.5320731675585444e-8 -1.3507415186353455e-9 1.7393544382571235e-9
1517	(   4.1964028125032797334    0.00020155365778         1.5014902284361899554  -14.166436719391660048    -9.4317055406791503458    5.6422927859690199526   10.990127389922250245   )	-0.0012699609402800833 8.719950983504532e-9 -6.8441075685510624e-9 3.512445001518927e-9 -1.0825083940346758e-8
1518	(   4.196402811010780276     0.00020157365778000001   1.5014902181915799062  -14.166436654945840701    -9.4317055302424694929    5.6422927857368199156   10.990127340684610502   )	-0.0012700869483189589 -8.608528112574731e-9 1.37632004442367e-8 -7.666957957397358e-9 1.1055108828372795e-8
1519	(   4.1964028130616899404    0.00020156666276999999   1.5014902322691099368  -14.166436743503469486    -9.4317055445839397265    5.6422927860558900193   10.990127265303430093   )	-0.0012700428862840892 1.520325554338342e-8 5.933663417328951e-9 7.695087234083076e-9 3.31835821043569e-8
1520	(   4.1964028137570297261    0.00020156826434000001   1.5014902370419900279  -14.166436605996990394    -9.4317055494462991305    5.6422927861640701508   10.990127431283459813   )	-0.001270052981796614 -1.789023329479278e-8 7.252293391366883e-9 1.2903480284265356e-8 3.360928335638391e-8
1521	(   4.1964028097570302833    0.00020155905122         1.5014902095857700637  -14.166436768340510355    -9.4317055214753207082    5.6422927855417697174   10.990127299323399157   )	-0.0012699949068034307 1.8001703239178823e-8 -3.33201929779035e-10 -1.7058003010106404e-8 -3.337922382939951e-8
1522	(   4.1964028104523700691    0.00020156065278999999   1.5014902143586499328  -14.166436630834029486    -9.4317055263376801122    5.6422927856499498489   10.990127465303430654   )	-0.0012700050023156343 -1.5091815797063646e-8 9.854289879755729e-10 -1.1849610626057938e-8 -3.295344264131472e-8
1523	(   4.1964028127917503141    0.00020155832361         1.5014902074174099056  -14.166436587168750094    -9.4317055192663108443    5.6422927854926197      10.990127288901819114   )	-0.0012699903213207134 -2.348207761571075e-8 -9.322704435147343e-10 -1.942423177858643e-8 -3.5319025926128234e-8
1524	(   4.1964028103499400046    0.00020156041686000001   1.5014902433138799243  -14.166436626411000432    -9.4317055256213997438    5.6422927856340097108   10.99012731888353045    )	-0.001270003540214429 -1.628109380646947e-8 7.911791176905009e-10 1.7041447364363194e-8 3.5866987602162226e-8
1525	(   4.1964028131641200048    0.0002015668987          1.5014902033138799453  -14.166436747926500317    -9.4317055453002200949    5.6422927860718301574   10.990127411723330297   )	-0.0012700443483845264 1.6392538881859764e-8 6.127913173555955e-9 -2.119597097838266e-8 -3.563696004960093e-8
1526	(   4.1964028107223096953    0.00020156899195000001   1.501490239210349964   -14.166436787168750655    -9.4317055516553107708    5.6422927862132201682   10.990127441705039857   )	-0.0012700575672794675 2.3593575093627805e-8 7.851361241733483e-9 1.526970883070078e-8 3.554910410485945e-8
1527	(   4.1964028127570296434    0.00020156385365000001   1.5014902223801200876  -14.166436676378529214    -9.4317055590175193913    5.642292785962600199    10.990127381472499124   )	-0.001270025177961591 -1.5957244414721572e-9 2.2846548185467917e-9 -2.5694697480815876e-9 -1.6289876114683466e-9
1528	(   4.1964028157570298916    0.00020156444126         1.5014902195788399908  -14.166436644007870171    -9.4317056296876504717    5.6422927862916401054   10.990127429979709817   )	-0.0012700288789471294 -6.550012976447306e-9 -1.2400485027382925e-9 -4.046097901166945e-9 -6.860918944084915e-9
1529	(   4.1964028128009598362    0.00020156400873000001   1.5014902221954600225  -14.166436675786020061    -9.4317055655766406375    5.6422927859793698957   10.990127281472499732   )	-0.0012700261549557193 -1.697389784283132e-9 2.0580596120269978e-9 -2.68661803914938e-9 6.199243784976716e-9
1530	(   4.1964028124965802036    0.00020156293429000001   1.5014902234748499499  -14.166436679891010186    -9.4317055201338995118    5.6422927879626003644   10.990127380593840201   )	-0.0012700193860521129 -9.930687383530312e-10 3.627924890137104e-9 6.5768805956878396e-9 -1.4697807415586794e-9
1531	(   4.1964028107570303661    0.00020156725421999999   1.5014902183309200012  -14.166436663386489769    -9.4317057028411603881    5.6422927863302296814   10.990127384722500281   )	-0.0012700466004392265 -6.788197559615128e-9 -2.6839544696162596e-9 -5.1386630506300435e-9 -5.181156836897571e-9
1532	(   4.1964028147570298088    0.00020156045307999999   1.5014902264293199519  -14.166436689370570434    -9.4317054151938801709    5.6422927855949698284   10.990127378222499743   )	-0.0012700037554838196 3.596750453027653e-9 7.253090263971678e-9 -2.795541576006144e-13 1.923182502139298e-9
1533	(   4.1964028113405698051    0.00020155885365000001   1.501490228333840049   -14.166436695481269936    -9.4317056393969895822    5.6422927854220601418   10.990127376693889616   )	-0.0012699936782797413 1.6818448855815404e-9 -7.39265075010479e-9 1.2081391442819722e-9 -7.632028342641206e-10
1534	(   4.1964028127131003387    0.00020156369857         1.5014902225647899225  -14.166436676971040143    -9.4317055524583999215    5.642292785945829614    10.990127481472500293   )	-0.0012700242009674712 -1.4940590986611824e-9 2.5112495603504294e-9 -2.4523147956756475e-9 -9.457054694905764e-9
1535	(   4.1964028130174799713    0.00020156477301         1.5014902212853900032  -14.166436672866050017    -9.4317055979011392708    5.6422927839626000335   10.990127382351159824   )	-0.0012700309698710616 -2.1983792564128635e-9 9.413720478861683e-10 -1.171581986980641e-8 -1.7881944813780137e-9
1536	(   4.1964028141734903699    0.00020156885365         1.501490216426409896   -14.166436657275790267    -9.4317054786380492004    5.6422927865031500261   10.990127386251110408   )	-0.001270056677643221 -4.873290215812176e-9 1.1961906121226232e-8 -6.347028902453644e-9 -2.494752848747339e-9
1537	(   4.1964028114173901329    0.00020156642108         1.501490228010909922   -14.166436694445149413    -9.4317053590175206068    5.6422927854513700296   10.990127376953079619   )	-0.0012700413593302968 1.5040644285591043e-9 1.6489909461720516e-8 1.003204852523254e-9 1.378228819959304e-8
1538	(   4.196402814096670042     0.00020156128621999999   1.5014902167493300311  -14.16643665831191079     -9.4317057590175199522    5.6422927864738303683   10.990127385991920406   )	-0.001270008996592996 -4.69550975878974e-9 -1.192093589580433e-8 -6.142143904597219e-9 -1.7040262534351314e-8
1539	(   4.1964028129366504061    0.00020156448768         1.5014902216251500011  -14.166436776378530382    -9.4317055858333702645    5.6422927860311498094   10.990127382078460627   )	-0.0012700291723102307 2.3156475847940783e-8 1.3582684154115569e-9 -3.0484721413870375e-9 -1.738775345927479e-9
1540	(   4.1964028134666202519    0.00020156635843000001   1.5014902323801200268  -14.166436666808879252    -9.4317056649548991487    5.6422927862333898119   10.990127383866379773   )	-0.0012700409688974664 -3.237639489839239e-9 -1.375104572554466e-9 8.520677718948377e-9 2.3902401835584897e-8
1541	(   4.1964028125774097688    0.00020156321962000001   1.501490223135089952   -14.166436576378529821    -9.4317055322016702945    5.6422927858940603585   10.990127380866539397   )	-0.0012700211836129478 -2.6347840353935226e-8 3.211035078538307e-9 -2.090428274925671e-9 -1.5192007651876338e-9
1542	(   4.196402812047439923     0.00020156134887         1.5014902123801199263  -14.166436685948179175    -9.4317054530801396339    5.6422927856918096978   10.990127379078620251   )	-0.0012700093870259314 4.619238325176411e-11 5.944319947837236e-9 -1.3659620989869836e-8 -2.716037528216475e-8
1543	(   4.1964028120494498708    0.00020156533741999999   1.5014902213351799531  -14.16643669069556033     -9.4317055494952697359    5.6422927869626002817   10.990127380565530402   )	-0.001270034525887348 1.2147545191965037e-9 4.322523797554122e-9 4.1140024720220936e-10 -1.3877707871756684e-9
1544	(   4.196402809926709665     0.00020156978873000001   1.501490218200359994   -14.166436733646650126    -9.4317055209285207695    5.6422927899625996417   10.990127377844620682   )	-0.0012700625696645221 9.646199394808264e-9 1.043612616501632e-8 9.354007346473736e-9 -6.64119426119214e-10
1545	(   4.1964028124672099196    0.00020156540263999999   1.5014902203297699756  -14.166436685372330473    -9.431705583024490025     5.6422927873398096565   10.990127330565529817   )	-0.0012700349361053017 3.2446045850065275e-10 2.4366776535140067e-9 9.245637588861655e-10 1.0713234743775502e-9
1546	(   4.1964028137204900659    0.0002015655983          1.5014902173135400432  -14.166436669402639126    -9.4317056836121491159    5.6422927884714395574   10.990127180565529841   )	-0.0012700361667591599 -2.3464172826948015e-9 -3.2209173298598185e-9 2.464060289142367e-9 8.448819421857934e-9
1547	(   4.1964028074672103941    0.00020156507745000001   1.5014902214221599319  -14.166436701680110488    -9.4317056001852108693    5.6422927871496399987   10.990127311978149294   )	-0.0012700328865401153 -6.683009701191622e-10 1.112901237148873e-9 1.2513667879687773e-9 -9.363807507156707e-10
1548	(   4.1964027924672100411    0.00020156410188000001   1.5014902246993300228  -14.166436750603450534    -9.4317056516673698496    5.6422927865791301372   10.990127256216009499   )	-0.0012700267378445676 -3.6465754860159905e-9 -2.858442646236402e-9 2.231772544547539e-9 -6.959461451572224e-9
1549	(   4.1964028174672103333    0.0002015696636          1.5014902163928700585  -14.166436627190069686    -9.4317057207605703439    5.6422927864496301709   10.990127451543930448   )	-0.0012700617819914617 -8.972386389416442e-9 -1.317327275854232e-9 -6.596029722416574e-9 -2.7693465298739284e-9
1550	(   4.1964027974672095667    0.00020156049129999999   1.5014902264514500274  -14.166436776170149514    -9.4317054796098496183    5.6422927878496498266   10.990127172412369916   )	-0.0012700039910887133 7.635829746277523e-9 3.543007742469158e-9 9.098763298354129e-9 8.968683573584713e-10
1551	(   4.1964028173779404085    0.00020156031835         1.5014902164377599281  -14.166436627855020447    -9.4317057196842295497    5.6422927864558802824   10.990127111978150509   )	-0.001270002898911297 -8.898261683043529e-9 -1.0599943587019092e-8 -6.525977980231801e-9 5.174618955550159e-9
1552	(   4.1964027975564803796    0.00020156983655         1.5014902264065599358  -14.166436775505200529    -9.4317054806861904126    5.6422927878433997151   10.990127511978149855   )	-0.001270062874168991 7.56170503990461e-9 1.2825626223989927e-8 9.02871133412475e-9 -7.046800476473436e-9
1553	(   4.1964028119042096066    0.00020156711232         1.5014902191906600581  -14.166436668628890061    -9.4317054001852103085    5.6422927868390502226   10.990127222438889731   )	-0.0012700457074219205 -4.352827431830519e-9 1.4785665138745095e-8 -2.2305084446117007e-9 1.0130419170195637e-8
1554	(   4.1964028030302102934    0.00020156304258         1.5014902236536600277  -14.166436734731329139    -9.4317058001852096538    5.6422927874602297749   10.990127401517410632   )	-0.0012700200656582993 3.016234373376392e-9 -1.2560198528921603e-8 4.733242020549255e-9 -1.2003065208432417e-8
1555	(   4.1964028066449303722    0.00020156470033999999   1.501490221835710015   -14.166436707805260653    -9.4317055902705799753    5.642292782149639585    10.990127328571819731   )	-0.0012700305105245767 1.4525269875775848e-11 1.3127262622465805e-9 -1.8464133777484903e-8 -2.987299296819401e-9
1556	(   4.1964028082894904159    0.00020156545456         1.5014902210086100709  -14.166436695554960323    -9.431705610099839987     5.6422927921496404124   10.990127295384480632   )	-0.001270035262555654 -1.3511272101141003e-9 9.13075489728573e-10 2.0966867353422458e-8 1.114545788993837e-9
1557	(   4.1964028003095803498    0.00020156962266         1.5014902164377599281  -14.166436627855020447    -9.4317057196842295497    5.6422927864558802824   10.990127111978150509   )	-0.001270061518879476 -2.5966621741702056e-8 -1.2956335870167347e-9 -6.525977980231801e-9 6.7148784310688825e-9
1558	(   4.1964028146248404383    0.00020156053224         1.5014902264065599358  -14.166436775505200529    -9.4317054806861904126    5.6422927878433997151   10.990127511978149855   )	-0.001270004254200467 2.4630065098563136e-8 3.52131622398757e-9 9.02871133412475e-9 -8.58705995199216e-9
1559	(   4.196402808982989896     0.00020156577261         1.5014902414221600324  -14.166436690389039299    -9.4317056184618106585    5.6422927870435302111   10.99012728138944972    )	-0.0012700372840201827 -1.9270256501613403e-9 7.445388402755725e-10 2.08241890398142e-8 4.436894940340608e-8
1560	(   4.196402805951430004     0.00020156438229         1.5014902014221600535  -14.166436712971179901    -9.4317055819086093038    5.6422927872557497864   10.990127342566850643   )	-0.0012700284890601677 5.904237099230158e-10 1.4812609317295736e-9 -1.8321455463876646e-8 -4.6241695805804284e-8
1561	(   4.1964028098192898142    0.00020156615615         1.5014902202392299557  -14.166436901680109273    -9.4317056285455400655    5.6422927869849903715   10.990127264512770111   )	-0.0012700396829866745 5.0829063624746595e-8 5.413015325686152e-10 -5.944114089828645e-10 4.930198471697622e-9
1562	(   4.1964028051151300858    0.00020156399875         1.5014902226050899081  -14.166436501680109927    -9.4317055718248798968    5.642292787314289626    10.990127359443530253   )	-0.001270026090093553 -5.216533160989911e-8 1.684494289444071e-9 3.097144984920419e-9 -6.802924445992176e-9
1563	(   4.1964028091109097929    0.00020156707744999999   1.5014902223924200264  -14.166436718183049948    -9.4317056406622707954    5.6422927863027698692   10.990127334919929325   )	-0.0012700454895738446 5.030593719368426e-9 7.575217213218449e-10 -1.1877110406288693e-9 4.848408785562697e-9
1564	(   4.1964028024672099804    0.00020156424839         1.5014902230899100921  -14.16643673004658055     -9.4317056697601806547    5.6422927856939804059   10.990127351412180445   )	-0.0012700276626483877 1.3020695632803836e-9 -3.764768100619851e-9 -2.9410913704452923e-9 -7.3519919041586945e-9
1565	(   4.1964028124672099196    0.00020156590651         1.5014902197544099938  -14.166436673313640426    -9.4317055306102393075    5.6422927886052995916   10.990127272544119919   )	-0.0012700381104318438 -2.63866528626977e-9 5.990530020497965e-9 5.443824946382847e-9 5.479255271723105e-9
1566	(   4.1964028058235101071    0.00020156307745000001   1.5014902204519000595  -14.166436685177169252    -9.4317055597081491669    5.6422927879965101283   10.990127289036369262   )	-0.0012700202835064123 -6.3671947714283306e-9 1.4682670951185039e-9 3.690444616566424e-9 -6.7211605170314215e-9
1567	(   4.1964028089958196333    0.00020156462889         1.5014902223244799284  -14.166436717027560022    -9.4317056378281804996    5.6422927863620699895   10.990127211978149901   )	-0.0012700300614532029 4.631569794355528e-9 -1.526120758140858e-9 -1.0169205477694732e-9 9.343310125586868e-9
1568	(   4.1964028059386002667    0.00020156552601         1.5014902205198399354  -14.166436686332659178    -9.4317055625422394627    5.642292787937210008    10.990127411978150462   )	-0.001270035711627022 -5.968170846415433e-9 3.751911434096353e-9 3.519653901662423e-9 -1.1215927742114218e-8
1569	(   4.1964028113490501326    0.00020156393837000001   1.5014902237135701046  -14.16643674065423042     -9.4317055211368199252    5.6422927851496398333   10.990127366158539246   )	-0.0012700257124720336 1.2790483339131242e-8 4.573645311220162e-9 -4.508843076678204e-9 1.0005081207964395e-9
1570	(   4.1964028035853697673    0.00020156621653000001   1.5014902191307499812  -14.166436662705990557    -9.431705679233600037     5.6422927891496401642   10.990127257797759341   )	-0.001270040060608162 -1.412707373305011e-8 -2.347895217195929e-9 7.0115766526157586e-9 -2.8732261014852156e-9
1571	(   4.1964028115280296305    0.00020156388585         1.5014902238192200379  -14.166436742451200104    -9.4317057001852102616    5.6422927885502502932   10.990127368656619211   )	-0.0012700253816945127 1.341102429108787e-8 -5.897771649933338e-9 9.287017599390879e-9 1.0898135727188674e-9
1572	(   4.1964028034063902695    0.00020156626905         1.501490219025100048   -14.166436660909020873    -9.4317055001852097007    5.6422927857490403625   10.990127255299679376   )	-0.0012700403913856793 -1.4747613796828318e-8 8.12349023560587e-9 -6.784240946799969e-9 -2.9625253361587056e-9
1573	(   4.196402806470260316     0.00020156536998999999   1.5014902208336700085  -14.16643680168010988     -9.4317055756346999118    5.6422927876632895661   10.990127298063299577   )	-0.0012700347289935513 2.2907348906642255e-8 2.8340405311150924e-9 2.7307323069436507e-9 -1.4338183973450214e-9
1574	(   4.1964028069171002144    0.00020156523886999999   1.5014902314221600932  -14.166436696156949893    -9.4317055866384507112    5.642292787433070167    10.99012730430004936    )	-0.001270033911916578 -2.575593072151605e-9 2.062610629575924e-9 1.2392402659600066e-8 1.9438581411179712e-8
1575	(   4.1964028080173196855    0.00020156491603000001   1.5014902114221599927  -14.166436707203269307    -9.431705613731969251     5.6422927868662098305   10.990127319656249227   )	-0.001270031861163666 1.238990243734861e-9 1.6319040669027056e-10 -9.889668861617906e-9 -2.1311340248075794e-8
1576	(   4.1964028084641595839    0.00020156478491         1.5014902220106500774  -14.16643660168010932     -9.4317056247357200505    5.6422927866359904314   10.990127325893000787   )	-0.001270031044086677 -2.4243869134465967e-8 -6.082430159309784e-10 -2.279985089614911e-10 -4.389386631942216e-10
1577	(   4.1964028079471100696    0.00020156518222000001   1.5014902215936800634  -14.16643670531876964     -9.4317056046636693623    5.6422927870731198752   10.990127261978150486   )	-0.001270033546971306 7.057101569785118e-10 9.570682681699777e-10 1.1148311163111657e-9 4.017863375338493e-9
1578	(   4.1964028089279796774    0.00020156407745         1.5014902219442400888  -14.166436712755789529    -9.4317056138171597723    5.6422927869167400772   10.990127318599450135   )	-0.00127002658656603 3.514046831298856e-9 -6.80346865867057e-10 8.358362890703575e-10 -9.507896692184659e-10
1579	(   4.1964028086172797671    0.00020156532853999999   1.5014902218332000228  -14.166436710400029497    -9.431705550185210285     5.6422927869662702349   10.990127317191120682   )	-0.00127003446931824 2.624475747836641e-9 4.2734962353520225e-9 9.24194942797385e-10 1.129071058869613e-9
1580	(   4.1964028060064402226    0.00020156607745         1.5014902209000799971  -14.166436690604429671    -9.4317055865532601899    5.6422927873825496903   10.990127305356850229   )	-0.001270039186514192 -4.8506487715371804e-9 2.9061478826176122e-9 1.6669370328514788e-9 -9.219682794991968e-10
1581	(   4.1964028065386100863    0.00020156487471999999   1.501490221090280075   -14.166436694639399363    -9.4317055915194991655    5.642292786149639916    10.990127307769050446   )	-0.001270031608605459 -3.326984021612134e-9 1.4144313657869865e-9 -3.1063231986649953e-9 -2.604059190502994e-9
1582	(   4.1964028063171401328    0.00020156482636000001   1.5014902210111200631  -14.166436692960189703    -9.4317056501852096773    5.6422927873330097626   10.990127306765179682   )	-0.0012700313037619924 -3.961078576253385e-9 -2.0477146557172296e-9 1.5785386331401696e-9 -3.0018298957656953e-9
1583	(   4.1964028083958098136    0.00020156528018000001   1.5014902217540400109  -14.166436708720819837    -9.4317056088509207967    5.6422927881496400815   10.990127316187249917   )	-0.0012700341644747727 1.9903811931953896e-9 8.113705810735075e-10 5.60905677460255e-9 7.312994654284921e-10
1584	(   4.1964028069873098303    0.00020156497267999999   1.5014902212506400225  -14.16643669804144956     -9.4317055957067506       5.6422927872261601223   10.990127361978149878   )	-0.0012700322261089251 -2.042312985395256e-9 1.2687341409672176e-9 1.387902015537179e-9 -5.890586685097787e-9
1585	(   4.1964028084360203152    0.00020156607745         1.501490223059199991   -14.166436736409039554    -9.4317056429295895725    5.642292786419339734    10.990127332739900723   )	-0.0012700391890758 8.834300402327244e-9 -3.74415051968089e-10 -5.1643356258068707e-11 3.678067628243298e-9
1586	(   4.1964028070949401794    0.00020156499618         1.5014902264221599015  -14.166436698857520327    -9.4317055967111702586    5.6422927872089996271   10.99012731029073997    )	-0.0012700323785859763 -1.7341532654313596e-9 1.2337866839838042e-9 6.490337378650679e-9 8.66116245390458e-9
1587	(   4.1964028065963399072    0.00020156488732         1.5014902211109100172  -14.166436751680109296    -9.4317055920581900352    5.6422927872884898193   10.990127308030700704   )	-0.0012700316880311887 1.0747117862308642e-8 1.39568481546796e-9 1.4990995111929806e-9 -2.5003918935340153e-9
1588	(   4.1964028078394797205    0.00020156515871999999   1.5014902164221599623  -14.16643670450270065     -9.4317056036592603618    5.6422927870902901404   10.990127313665560393   )	-0.0012700333944942507 3.9755043701461545e-10 9.920151720205477e-10 -3.987564278773448e-9 -1.0533921290800663e-8
1589	(   4.1964028083380799927    0.00020156526758         1.5014902217334100687  -14.166436651680109904    -9.431705608312229927     5.6422927870107901782   10.99012731592559966    )	-0.001270034085049043 -1.2083700262621733e-8 8.301172073408962e-10 1.003634064744574e-9 6.276312802810935e-10
1590	(   4.1964028064983995847    0.00020156407745         1.5014902197851200949  -14.166436666951190304    -9.4317055574408392715    5.6422927878799402635   10.990127291216399641   )	-0.001270026584004447 -1.0170891684424532e-8 2.6002017667096314e-9 2.5543771542402283e-9 -5.550820247890442e-9
1591	(   4.1964028084672095886    0.00020156512045         1.5014902211195499948  -14.166436700609390087    -9.4317056032952901745    5.6422927872268600069   10.990127310777319636   )	-0.0012700331575236858 6.859490753186037e-11 9.749247198930465e-10 1.2596301779410624e-9 -3.6141312165227646e-10
1592	(   4.1964028114672098368    0.00020156524945         1.5014902202117199614  -14.16643669739723066     -9.4317056126255298665    5.6422927874585200314   10.990127307174830662   )	-0.001270033970474397 2.2792852050201873e-9 5.609945773709085e-10 1.284419015590288e-9 1.363487989181067e-9
1593	(   4.1964028077468800149    0.00020156562045000001   1.5014902204319700019  -14.166436700863000553    -9.4317056114313295723    5.6422927871819004153   10.990127305200669383   )	-0.0012700363071529793 -5.894156274166562e-10 1.0014855806358535e-9 3.910511914284598e-10 -1.0194982635880478e-9
1594	(   4.1964028055858904054    0.00020156712045000001   1.501490218369230023   -14.166436701623830174    -9.4317056358394495419    5.6422927870470198641   10.990127288470720401   )	-0.001270045756040836 -2.563449896797465e-9 1.081164723531038e-9 -2.2146922074028907e-9 -2.993753689395362e-9
1595	(   4.1964028082557103261    0.00020156513491999999   1.5014902198501101083  -14.16643670468713978     -9.4317055996367891169    5.6422927873511898866   10.990127255200670575   )	-0.001270033247559334 8.591030109528219e-10 1.2022840672250984e-9 4.907181327951093e-10 1.2763194945364376e-9
1596	(   4.1964028072380497036    0.00020156610598         1.5014902210138298955  -14.166436697038870207    -9.4317056232258700277    5.6422927870126198258   10.990127355200669967   )	-0.001270039366746626 -2.0379333776077146e-9 8.006859256290324e-10 2.914193331093884e-10 -3.315281382754165e-9
1597	(   4.1964028070489201028    0.00020156628644         1.5014902212301000084  -14.166436720863000431    -9.4317056276097694933    5.6422927869497003783   10.990127294731090402   )	-0.0012700405039251135 3.6271368131224335e-9 7.260445308117022e-10 2.5438762207841137e-10 2.0319630422704904e-9
1598	(   4.1964028071620997906    0.00020156617845         1.5014902211006799782  -14.166436696468059253    -9.4317056249863799877    5.6422927881818996099   10.99012729642877062    )	-0.0012700398234202655 -2.2541453148505752e-9 7.707109528213348e-10 5.08556730061116e-9 1.5371659500829082e-9
1599	(   4.1964028083316602391    0.00020156506244999999   1.5014902197632600256  -14.166436705257950734    -9.4317055978762791568    5.6422927861819003326   10.990127313972569922   )	-0.0012700327908856952 1.0753158363741022e-9 1.2322586651156847e-9 -4.303468692512524e-9 -3.5761633654374236e-9
1600	(   4.1964028081172397577    0.00020156526704999999   1.501490220008460108   -14.16643670364643981     -9.4317057114313307409    5.642292787305120072    10.990127310756150791   )	-0.0012700340801837043 4.6490544747257445e-10 -5.1709968556428246e-9 4.636000472402202e-10 -2.638700813406558e-9
1601	(   4.1964028084448399269    0.00020156495445999999   1.5014902196338399953  -14.166436680863000674    -9.4317055952528896512    5.6422927874141102222   10.990127315670250141   )	-0.001270032110380848 -4.805965403420487e-9 1.2769244320232596e-9 5.277536185843701e-10 -4.070959569446586e-9
1602	(   4.1964028127468804286    0.00020156591882         1.5014902207895399755  -14.16643669851294085     -9.4317056186794694383    5.6422927870778698534   10.990127300510170727   )	-0.0012700381889556116 3.8331142704350896e-9 8.780831749102651e-10 3.2981395392539525e-10 5.660281132691125e-9
1603	(   4.196402807376520272     0.00020156597385         1.5014902208554798957  -14.166436698079570178    -9.43170551143133018      5.6422927870586896404   10.990127299645189751   )	-0.0012700385341222551 -1.6437367023058869e-9 7.173883921586174e-9 3.185380847980923e-10 5.997042862304625e-10
1604	(   4.1964028027468796012    0.00020156532208         1.5014902200744000282  -14.166436703213060255    -9.4317056041831897062    5.6422927872859300891   10.990127309891169816   )	-0.0012700344253503521 -5.011946413446822e-9 1.1248875450369476e-9 4.5228509826245045e-10 -7.69927854804564e-9
1605	(   4.1964028050857296037    0.0002015662644          1.5014902234750699961  -14.166436680863000674    -9.431705673116070443     5.6422927862965499557   10.990127265282520597   )	-0.001270040366358964 -8.165075726651594e-9 -1.9440403736944393e-9 -1.3010126309609404e-10 6.824441456387831e-9
1606	(   4.196402810408030426     0.0002015649765          1.5014902173888700077  -14.166436720863000431    -9.4317055497465904779    5.6422927880672499867   10.990127345118819946   )	-0.0012700322479470057 6.9862471363535406e-9 3.946979472532926e-9 9.121998711947299e-10 -8.863415779103434e-9
1607	(   4.1964028079184503284    0.00020156545674         1.5014902304319699411  -14.166436702152410021    -9.4317056074545000399    5.6422927872389800896   10.990127307774200105   )	-0.0012700352841499766 -1.0100453806671794e-10 1.0691888302450867e-9 1.062084264980001e-8 1.8622796638112504e-8
1608	(   4.1964028075753203595    0.00020156578415999999   1.5014902104319700626  -14.166436699573599967    -9.431705615408160881     5.6422927871248198528   10.990127302627140438   )	-0.0012700373301559713 -1.0778142822687187e-9 9.33782094778967e-10 -9.83874426374598e-9 -2.0661783395325983e-8
1609	(   4.1964028081245601243    0.00020156547222000001   1.501490219756900002   -14.166436699117099351    -9.4317056614313301566    5.6422927872323000997   10.99012730127292059    )	-0.0012700353727201274 -6.407487873616446e-10 -2.0562751384977686e-9 -8.111933347265676e-11 -1.9803447770527782e-9
1610	(   4.1964028073872503555    0.00020156576160000001   1.5014902210747900213  -14.166436702525510682    -9.4317056164298005427    5.6422927876818995685   10.990127308940790485   )	-0.001270037196953943 -5.405249581258431e-10 8.517724319650252e-10 3.0467726119809413e-9 -1.0454481724764264e-10
1611	(   4.1964028081065096742    0.00020156547930000001   1.5014902197891499824  -14.166436699200499305    -9.4317056064328603782    5.6422927866819003739   10.990127301460550058   )	-0.0012700354173520163 -6.383054085290496e-10 1.1511984160806742e-9 -2.2646740038823054e-9 -1.934451709928453e-9
1612	(   4.1964028058237703434    0.00020156537902         1.5014902238694201042  -14.166436709753119416    -9.4317056381602206727    5.6422927869252896826   10.990127325200669262   )	-0.0012700347882624256 -3.2799540861105925e-10 -7.953123839295369e-10 2.79543499459578e-9 1.880736455461829e-9
1613	(   4.1964028067890701834    0.00020156599638         1.5014902221439900831  -14.166436705290719189    -9.4317056247436497074    5.6422927870540897644   10.990127285200669505   )	-0.0012700386769926785 -4.5922199376491335e-10 6.027655532364097e-10 1.5885295301387714e-9 3.767293144107953e-9
1614	(   4.1964028073692096754    0.00020156576868000001   1.5014902211070400018  -14.166436702608910636    -9.4317055614313307643    5.6422927871315096127   10.990127309128419952   )	-0.0012700372415858348 -5.380718093306314e-10 4.0592251984033784e-9 8.632574655109693e-10 -5.864198016070077e-11
1615	(   4.1964028069758896322    0.00020156592306         1.5014902218100800724  -14.166436690862999725    -9.4317056221471897715    5.6422927870790200444   10.990127313218849281   )	-0.0012700382147878882 -3.817661742289147e-9 6.805348671471822e-10 1.354984346946253e-9 9.420455526765181e-10
1616	(   4.1964028085178703975    0.00020156531783999999   1.5014902190538599314  -14.166436710862999604    -9.4317056007154800312    5.642292787284779898    10.990127297182489485   )	-0.0012700343995180729 2.6388304874558344e-9 1.3224347094004194e-9 -5.728859608922221e-10 -2.981042079852614e-9
1617	(   4.1964028097468801803    0.00020156596883999999   1.5014902220185799564  -14.166436704966379523    -9.4317056237684901987    5.6422927870634600467   10.99012731443199975    )	-0.001270038504256156 2.4188899772070727e-9 6.319705837473395e-10 1.500842561341642e-9 4.1264422989684135e-9
1618	(   4.1964028096699896864    0.00020156586188         1.5014902169945198995  -14.166436691972879913    -9.4317055847024402482    5.6422927874385102598   10.990127285200669505   )	-0.0012700378260435273 -8.508358462222532e-10 2.7982774411159077e-9 -2.0133366085417492e-9 -3.919727653567406e-9
1619	(   4.1964028087046898463    0.00020156524451999999   1.5014902187199499206  -14.16643669643528014     -9.4317055981190094371    5.6422927873097101781   10.990127325200669262   )	-0.0012700339373132841 -7.196101492468188e-10 1.4002041194799246e-9 -8.064311440847405e-10 -5.80628434221353e-9
1620	(   4.1964028057468798494    0.00020156527206         1.5014902188453600473  -14.166436696759619807    -9.4317055990941707222    5.6422927873003398958   10.990127295969340793   )	-0.001270034110049809 -3.5977221202188048e-9 1.3709991957086987e-9 -7.187439532430062e-10 -6.1654379379660895e-9
1621	(   4.1964028082683899612    0.00020156541576000001   1.5014902254319699715  -14.166436698452189447    -9.4317056041830102942    5.6422927872514900827   10.990127299777089576   )	-0.0012700350218174835 -6.603038116281823e-10 1.2185779850730927e-9 5.671205505208832e-9 9.518029919775017e-9
1622	(   4.1964028072253700685    0.00020156582514000001   1.5014902154319700323  -14.166436703273809883    -9.4317056186796506267    5.6422927871123098598   10.990127310624249191   )	-0.0012700375924884662 -5.185283313835498e-10 7.843926314954428e-10 -4.889106897110196e-9 -1.1557026446951113e-8
1623	(   4.1964028077817303597    0.00020156562101         1.5014902204833400212  -14.166436701061890346    -9.4317056124927791672    5.642292787177169977    10.990127295200670332   )	-0.0012700363107354584 -5.056932650404633e-10 9.402793954690555e-10 4.2337733319186555e-10 -9.64375246326199e-11
1624	(   4.1964028078862796178    0.00020156562269         1.5014902206374500793  -14.166436701658559727    -9.4317056156771297282    5.6422927871629804386   10.990127265200669626   )	-0.0012700363214828952 -2.545270660903043e-10 7.566606797506856e-10 5.203630859540453e-10 2.6727526858394413e-9
1625	(   4.1964028077882700174    0.00020156542100999999   1.5014902204946201092  -14.166436701042810498    -9.4317056136729000571    5.6422927871749202211   10.99012729501746044    )	-0.0012700350505754233 -5.038423012138082e-10 6.716076680251051e-10 4.2560022173177003e-10 -4.5296655315496537e-10
1626	(   4.1964028078078898787    0.00020156482101         1.501490220528459929   -14.166436700985569175    -9.431705617213259174     5.6422927871681700651   10.990127294467830765   )	-0.0012700312700953183 -4.982885215554234e-10 -1.3440737756174707e-10 4.3226511259319977e-10 -1.5225580796141003e-9
1627	(   4.1964028079178401498    0.00020156592100999999   1.5014902204316900036  -14.16643670244349984     -9.4317056162811105935    5.6422927872108896707   10.990127296095989706   )	-0.0012700382009902967 -3.008704396734174e-11 1.0198347662236998e-9 5.074760611734064e-10 4.661480090817349e-10
1628	(   4.1964028078827997348    0.00020156539485999999   1.5014902204487099446  -14.16643670206464023     -9.4317056155756198166    5.6422927872011596762   10.990127275017460562   )	-0.0012700348857977686 -1.582236563990591e-10 5.34737585998089e-10 4.853248913860853e-10 1.0661471705475378e-9
1629	(   4.19640280750579997      0.00020156549914999999   1.5014902206317999322  -14.16643669798935079     -9.4317056336728999355    5.6422927870965100539   10.990127292666310055   )	-0.0012700355429549944 -1.5366259376037306e-9 -4.140624557634476e-10 2.471158833117215e-10 -1.2038459118457467e-10
1630	(   4.1964028087882701001    0.00020156549837000001   1.501490220630429917   -14.166436698019909457    -9.4317056080440107024    5.6422927870972898745   10.990127292689839678   )	-0.0012700355384273046 -2.466453707938854e-10 1.0765149850374984e-9 2.4888513472376417e-10 1.1559393442439614e-9
1631	(   4.1964028082508102457    0.00020156529306         1.5014902202699800249  -14.166436706042809135    -9.4317056229833191594    5.6422927869983503513   10.990127298867440331   )	-0.0012700342443306462 1.1873257932393244e-9 1.880082325716667e-12 -5.098765853972509e-10 -9.975815729035276e-10
1632	(   4.1964028085087203834    0.00020156522171000001   1.5014902201447299923  -14.16643670120640941     -9.4317056281748694602    5.6422927873749202377   10.990127301014210204   )	-0.0012700337947365572 2.568087964505139e-10 -3.7156894255223685e-10 8.808724860642769e-10 -1.3012533273126792e-9
1633	(   4.196402807658699885     0.00020156492101000001   1.5014902205575499927  -14.166436699642119379    -9.4317056110646895206    5.6422927871389498833   10.990127293938929398   )	-0.0012700319001605499 -9.775975584602747e-10 3.2338051271616104e-10 3.4372038548724504e-10 -1.3720837799269248e-9
1634	(   4.1964028080707400647    0.00020156534287000001   1.5014902203574400641  -14.166436704096270205    -9.4317055936729001786    5.6422927872533401583   10.990127297368610826   )	-0.0012700345581958521 5.289413351761141e-10 1.757274432169281e-9 6.041240840914952e-10 -7.855494033037758e-10
1635	(   4.1964028070678196514    0.00020156562030999999   1.501490220844510004   -14.166436700879209809    -9.4317055991709306539    5.6422927869749202046   10.990127289020710677   )	-0.0012700363064142896 -1.2644933988781304e-9 1.7147825121931626e-9 -2.967204260073686e-11 3.9531755646748934e-10
1636	(   4.1964028067882699347    0.00020156534364999999   1.5014902203588100793  -14.166436704065709762    -9.4317056193017894117    5.6422927872525496795   10.990127297345079427   )	-0.0012700345627235424 -7.610392316337311e-10 2.667000849223937e-10 6.02311978070702e-10 -2.0618751150891512e-9
1637	(   4.1964028076937403       0.00020156544716000001   1.5014902205405300517  -14.166436700020989647    -9.4317056117701802975    5.6422927871486798779   10.990127315017460319   )	-0.001270035215353078 -8.49459169671718e-10 8.084777196944604e-10 3.6587155527456616e-10 -1.9720776123222095e-9
1638	(   4.1964028073257297891    0.00020156554896         1.5014902207192599715  -14.166436696042810084    -9.4317056043624791783    5.6422927873514998609   10.99012729116748055    )	-0.0012700358568202004 -2.195010395666941e-9 1.3413346290343069e-9 1.3611158866666528e-9 9.164580205833772e-11
1639	(   4.1964028078420296808    0.00020156540614000001   1.5014902224946200526  -14.166436701623940309    -9.4317056147550104583    5.6422927871898398422   10.990127295464930057   )	-0.0012700349585896378 -3.0728397604207203e-10 5.937692016668925e-10 2.485663674889338e-9 3.5359537520207596e-9
1640	(   4.196402807734510354     0.00020156543587999999   1.5014902184946199437  -14.166436700461680687    -9.4317056125907896558    5.6422927871599997118   10.990127294569999705   )	-0.0012700351425612086 -7.004006263855445e-10 7.494461246254983e-10 -1.6344672282286865e-9 -4.441891299222789e-9
1641	(   4.1964028078443398329    0.00020156541717         1.5014902205625200171  -14.166436701095399542    -9.4317056236729008845    5.642292787176010016    10.990127295176719713   )	-0.0012700350264545322 -4.348494897499222e-10 8.586297444530475e-11 4.978875089989288e-10 -2.8126923012905536e-10
1642	(   4.1964028080125501674    0.00020156540565000001   1.5014902207662199629  -14.166436701253170227    -9.431705653672899814     5.642292787179280289    10.990127295654499306   )	-0.0012700349540918586 -2.2787105535826413e-10 -1.6713759391794904e-9 7.147529235140837e-10 2.3382540348393377e-10
1643	(   4.1964028081025803729    0.00020156539602000001   1.5014902207263500777  -14.166436700883869193    -9.4317056303257302829    5.6422927870760100078   10.990127298325910843   )	-0.001270034893408122 -2.2858781534296213e-10 -3.224187240704734e-10 2.5913671208854794e-10 1.532463045350596e-11
1644	(   4.1964028088773002167    0.00020156533257000001   1.5014902212178400376  -14.166436700249279923    -9.4317056502842202548    5.6422927867760099829   10.99012730777348068    )	-0.0012700344942688899 3.901972078779181e-10 -1.5472661534714043e-9 -4.571163447764093e-10 9.051044358443505e-10
1645	(   4.1964028082304496436    0.00020156589601999999   1.5014902207794700306  -14.166436701112960606    -9.4317056280008007008    5.6422927870583601262   10.990127296359400333   )	-0.001270038043920642 -4.4424908196560864e-11 3.12870213162739e-10 2.412015032149384e-10 1.4036753981372385e-9
1646	(   4.196402807974710214     0.00020156489602         1.5014902206732299028  -14.166436700654779557    -9.4317056326506598651    5.6422927870936598893   10.990127300292430235   )	-0.0012700317428956012 -4.127507224893634e-10 -9.577077067588619e-10 2.7707147687294764e-10 -1.373030578122325e-9
1647	(   4.1964028086236604409    0.00020156536919000001   1.5014902209428100388  -14.166436695883870556    -9.4317056208512397575    5.6422927870040799903   10.990127290312020847   )	-0.0012700347246969042 -9.361356134718335e-10 2.0207683128822124e-10 1.860198661773893e-10 1.5442358503037212e-9
1648	(   4.1964028075815003049    0.00020156542285000001   1.5014902205098898946  -14.166436705883869607    -9.4317056398002208084    5.6422927871479497952   10.990127306339800839   )	-0.001270035062119339 4.789599827859092e-10 -8.469150334104638e-10 3.3229219376096353e-10 -1.5135857012182896e-9
1649	(   4.1964028101025796502    0.00020156544151000001   1.5014902203594300278  -14.16643669930131999     -9.4317056463860495796    5.6422927871979497993   10.990127311910349306   )	-0.0012700351803290799 1.382538528105215e-9 -1.2114888197994021e-9 3.8312308880961155e-10 3.069677845246588e-10
1650	(   4.1964028061025802074    0.00020156535053         1.5014902210932699056  -14.166436702466420172    -9.4317056142654092099    5.6422927869540702162   10.990127284741470604   )	-0.0012700346064871634 -1.8397141587911392e-9 5.666493086114565e-10 1.3514989127827448e-10 -2.7631763543922716e-10
1651	(   4.1964028095513503658    0.00020156532141         1.501490221328170005   -14.166436703479549308    -9.431705603983749242     5.6422927868760099912   10.990127306794899908   )	-0.0012700344242486397 1.858007081523283e-9 1.1358230538830588e-9 5.579448014714217e-11 1.854248310451112e-9
1652	(   4.1964028075708004195    0.0002015654234          1.5014902205054498907  -14.166436699931100662    -9.4317055803257296986    5.6422927871494197305   10.990127306504369642   )	-0.001270035065577817 -9.94488047467712e-10 2.614478931961539e-9 3.3377012265134454e-10 -1.5449730383920723e-9
1653	(   4.1964028066538103801    0.00020156547062999999   1.5014902201245299285  -14.166436698288190854    -9.4317056566677095475    5.6422927872760100243   10.990127289856920001   )	-0.0012700353625676028 -2.3151827122092072e-9 -1.7806662268825268e-9 4.62478055851534e-10 -1.8235990495441001e-9
1654	(   4.1964028086343603263    0.00020156536863999999   1.5014902209472500427  -14.1664367018366395      -9.4317056803257308673    5.642292787002600285    10.990127290147450267   )	-0.0012700347212384264 5.373124167817878e-10 -3.259337378117011e-9 1.845028574365415e-10 1.575623187477504e-9
1655	(   4.196402808371299642     0.00020156538218000001   1.5014902187263499123  -14.166436701365320516    -9.4317056254397595438    5.642292787038909907    10.990127294193170471   )	-0.0012700348045938785 1.5843593104136744e-10 -5.194143905132634e-11 -1.8902217568950164e-9 -3.4194851394886427e-9
1656	(   4.1964028078338602157    0.00020156540986000001   1.5014902227263500212  -14.166436700402419646    -9.4317056352116992457    5.6422927871131101085   10.990127302458649439   )	-0.001270034982222365 -6.156115617272917e-10 -5.928961062612401e-10 2.4084940708490876e-9 3.4501326240388153e-9
1657	(   4.1964028094030298988    0.00020156532904999999   1.5014902212665599546  -14.166436703213809878    -9.4317056066805591286    5.6422927872039903008   10.990127278325909188   )	-0.0012700344722901913 1.6443886252659468e-9 9.86534735928626e-10 1.3145706745376629e-9 3.830956885053638e-9
1658	(   4.1964028068021299589    0.00020156546299         1.5014902201861399789  -14.166436698553930285    -9.431705653970899661     5.6422927869480297147   10.990127318325910721   )	-0.0012700353145260511 -2.101564255951871e-9 -1.6313767766686603e-9 -7.962976944497768e-10 -3.800305847789787e-9
1659	(   4.1964028079801103388    0.00020156559602         1.5014902205709599325  -14.166436701192619552    -9.4317056245351906796    5.6422927870600299016   10.990127298203560713   )	-0.0012700361534111753 -2.75189648846208e-10 2.1453589135766483e-10 3.941336146340291e-11 -8.331113576787175e-12
1660	(   4.1964028076127002365    0.00020156619602000001   1.501490220104789941   -14.166436702118870627    -9.4317056071635700931    5.6422927870120895832   10.990127297836510323   )	-0.0012700399334203342 -4.149960375343653e-10 1.8253981512374607e-9 -6.197551360997977e-10 -7.928946388346958e-11
1661	(   4.1964028080043602742    0.00020156558090999999   1.5014902205656599499  -14.166436701619739225    -9.4317056244624204453    5.6422927870529502314   10.990127288203559885   )	-0.0012700360582080705 -1.4598544595401108e-10 2.0366042866363197e-10 5.612177389480166e-12 7.59452056797727e-10
1662	(   4.1964028079558701734    0.00020156561113         1.5014902205762599152  -14.166436700765499879    -9.4317056246079697956    5.6422927870671095718   10.990127308203559764   )	-0.001270036248614283 -4.043840817757882e-10 2.2541083715831196e-10 7.321476758193057e-11 -7.761000730965861e-10
1663	(   4.1964028082207303072    0.00020156544602         1.5014902205183200401  -14.166436705431440402    -9.431705623812970174     5.6422927872600299182   10.990127298679830403   )	-0.0012700352083108064 1.007016692256002e-9 1.0656227143095512e-10 7.919358502306295e-10 -2.1034551878074126e-10
1664	(   4.1964028081676403303    0.00020156609602         1.5014902205299400784  -14.166436704496149446    -9.4317056239723306987    5.6422927870052497212   10.990127298574739356   )	-0.0012700393038621233 7.24102555693662e-10 7.472890014854471e-10 -2.2214097228356877e-10 1.0680469841872764e-9
1665	(   4.1964028077925901172    0.00020156509601999999   1.5014902206119800088  -14.166436697889089658    -9.4317056250980506604    5.642292787114810082    10.990127297832380293   )	-0.0012700330029602304 -1.2744711952450416e-9 -3.1821722145351783e-10 3.0096813929958444e-10 -1.0846976650213946e-9
1666	(   4.1964028077394903704    0.00020156574601999999   1.501490220623600047   -14.166436696953800478    -9.4317056252574094088    5.6422927868600298851   10.990127297727299904   )	-0.001270037098511544 -1.5573968781268377e-9 3.2250961019071774e-10 -7.13108239125404e-10 1.936868443408457e-10
1667	(   4.1964028086647999771    0.00020156516918999999   1.5014902204211799663  -14.166436705284009889    -9.4317056224800595032    5.6422927868600298851   10.990127299558810847   )	-0.0012700334640965787 1.4148584526196828e-9 -9.27049873498953e-11 -9.155283198225561e-10 -5.831601868067082e-10
1668	(   4.1964028072954198123    0.00020156602285         1.5014902207207398988  -14.166436697101239872    -9.4317056265903200796    5.6422927872600299182   10.990127296848310579   )	-0.0012700388427257711 -1.965236862133679e-9 5.217768379091759e-10 9.943557088831767e-10 5.664988478315536e-10
1669	(   4.1964028099801096161    0.00020156563521000001   1.5014902205847100447  -14.166436700085069944    -9.4317056247239001721    5.6422927870783903259   10.990127298079119811   )	-0.0012700364009587196 1.4526557734484413e-9 2.42744788896479e-10 1.2707901397845944e-10 2.107309882148911e-9
1670	(   4.1964028079874298172    0.00020156559145999999   1.5014902205693601012  -14.166436701321600822    -9.4317056745351894875    5.6422927870578902798   10.990127298218050456   )	-0.0012700361246801258 -2.3617641176088e-10 -2.6995602274860336e-9 2.919975372606132e-11 -1.446576192165594e-11
1671	(   4.1964028059801101733    0.00020156555683000001   1.5014902205572100424  -14.166436702300169159    -9.4317056243464900689    5.6422927870416703655   10.990127298327999839   )	-0.0012700359058636312 -2.0030368474976967e-9 1.8632647668151946e-10 -4.82485162933699e-11 -2.1239712211240658e-9
1672	(   4.1964028079727899723    0.00020156560058         1.501490220572559986   -14.166436701063640058    -9.4317055745351900953    5.6422927870621704116   10.990127298189069194   )	-0.0012700361821422247 -3.142037741099557e-10 3.1286111155655154e-9 4.963074395902822e-11 -2.1946888750790094e-12
1673	(   4.196402807966760129     0.00020156560434000001   1.5014902185709599891  -14.166436700957380168    -9.4317056245752706189    5.6422927870639298931   10.990127298177130299   )	-0.0012700362041385706 -3.4634428658364413e-10 2.2052361908666933e-10 -1.94488603000309e-9 -4.002967735061702e-9
1674	(   4.1964028079934596605    0.00020156558770000001   1.501490222570960098   -14.166436701427860712    -9.4317056244951107402    5.6422927870561299102   10.99012729822998935    )	-0.0012700361026837799 -2.0403589928719157e-10 2.0854816360155529e-10 2.0237131970191058e-9 3.986307284264967e-9
1675	(   4.1964028079592496923    0.00020156555193000001   1.501490220614490001   -14.166436701735289461    -9.4317056242167307545    5.6422927869600298934   10.990127299071080103   )	-0.0012700358756368624 -1.6270274016960684e-10 1.8897723755859422e-10 -3.196372055924712e-10 -9.835510184075247e-11
1676	(   4.196402807907929855     0.00020156544344000001   1.5014902207216100916  -14.166436703070489855    -9.4317056234331602127    5.6422927870858696764   10.990127293203560299   )	-0.0012700351921318778 1.1406964262050678e-10 1.2608360530760518e-10 2.940896415282168e-10 3.078062249528557e-10
1677	(   4.1964028079032402729    0.00020156570180999999   1.5014902207314000382  -14.166436703192619717    -9.4317056233614895433    5.64229278708755011     10.990127301400809401   )	-0.0012700368200913633 1.3939160936615735e-10 3.8862415772966154e-10 3.106446211376124e-10 1.964837181844814e-10
1678	(   4.1964028080747199922    0.00020156579602000001   1.5014902203734898922  -14.166436701413999799    -9.4317056259797595885    5.6422927870261601058   10.990127294268470237   )	-0.0012700374134443342 -1.261817317299574e-10 3.304756755794294e-10 -2.944098298485187e-10 3.999875985982726e-10
1679	(   4.1964028080009700972    0.00020156564011000001   1.5014902205274300862  -14.166436700649949643    -9.4317056248536594865    5.6422927871600299099   10.990127297336039547   )	-0.0012700364311854881 -3.8767744570122886e-10 2.4009402742309303e-10 3.984643726084869e-10 8.169465104401752e-11
1680	(   4.1964028078854997972    0.00020156539602000001   1.5014902207684299729  -14.166436700971239304    -9.4317056230906199943    5.6422927870938996975   10.99012730213866007    )	-0.001270034893378016 -4.24199342319298e-10 9.859619297760726e-11 3.7323677481992945e-10 -4.1664982575184695e-10
1681	(   4.1964028080569804047    0.00020156549023         1.5014902204105200489  -14.166436699192619386    -9.4317056257089006976    5.6422927870325096933   10.990127295006310248   )	-0.0012700354867309874 -6.897709070585734e-10 4.044709654552926e-11 -2.318174541215967e-10 -2.1314239262437695e-10
1682	(   4.1964028080522899344    0.00020156574860000001   1.5014902204203099956  -14.166436699314749248    -9.4317056256372193701    5.6422927870341901269   10.99012730320355935    )	-0.0012700371146904727 -6.644507166697622e-10 3.029882705406911e-10 -2.1526247451220115e-10 -3.2446489939275125e-10
1683	(   4.196402807975959881     0.00020156558723999999   1.5014902205796301082  -14.166436701300650469    -9.431705644535190558     5.642292787061520265    10.990127298376259901   )	-0.0012700360980957214 -2.5279422999346934e-10 -9.580560571221738e-10 5.40836264661948e-11 -2.6244784123719e-11
1684	(   4.1964028089801104215    0.00020156558450000001   1.5014902205823399406  -14.166436701334449211    -9.4317056244519594799    5.6422927870619803414   10.990127298430289571   )	-0.0012700360811375682 7.596607787263565e-10 2.078591575932747e-10 5.86457549189845e-11 9.73606972820562e-10
1685	(   4.1964028079842599084    0.0002015656048          1.5014902205622899789  -14.16643670108459041     -9.4317056045351908011    5.6422927870585404264   10.990127298030870406   )	-0.001270036208726629 -2.9758595587736636e-10 1.3871244800847064e-9 2.4747093263499664e-11 9.584333326984051e-12
1686	(   4.1964028069801102561    0.00020156560754000001   1.5014902205595799245  -14.166436701050789893    -9.4317056246184201029    5.64229278705808035     10.990127297976830079   )	-0.0012700362256847823 -1.3100409645971922e-9 2.212127283923119e-10 2.0185186855314896e-11 -9.902665354388773e-10
1687	(   4.1964028079685196104    0.00020156557152000001   1.5014902195709600718  -14.166436701494150796    -9.4317056243582406694    5.6422927870641803594   10.99012729868560001    )	-0.0012700359981908016 -2.126867570950708e-10 2.003327031986548e-10 -9.438774206671496e-10 -2.1067290134624272e-9
1688	(   4.196402807991700179     0.00020156562052000001   1.5014902215709600153  -14.166436700891090084    -9.4317056247121406898    5.642292787055880332    10.990127297721530297   )	-0.0012700363086315491 -3.376934287757649e-10 2.2873907921851927e-10 1.022708140396844e-9 2.0900685626656923e-9
1689	(   4.1964028084801103802    0.00020156560299000001   1.5014902205376499111  -14.166436700992420583    -9.4317056254430600148    5.6422927870542700646   10.990127298480299345   )	-0.0012700361974513031 1.7561596621362696e-10 1.6867650483830265e-10 -1.708455599214176e-11 4.1728398514351284e-10
1690	(   4.1964028080330804116    0.00020156557924         1.5014902206510800653  -14.166436701674159693    -9.4317056345351897306    5.6422927870738801559   10.990127297537929607   )	-0.0012700360477665826 -1.0389289428758275e-10 -3.841496112638905e-10 1.752924472242512e-10 2.2352963924276992e-10
1691	(   4.1964028080576101232    0.00020156557148         1.501490220688179944   -14.16643670189712978     -9.4317056213404502074    5.6422927870100298975   10.990127297229719261   )	-0.0012700359989107313 -2.4573232337843365e-11 3.7589943796003354e-10 -4.4657166853312447e-11 3.3091307471977416e-10
1692	(   4.1964028079427597717    0.00020156549601999999   1.5014902205144600167  -14.166436700853070718    -9.4317056260749705388    5.642292787050269709    10.990127298672929257   )	-0.0012700355232663028 -3.9597569667648713e-10 2.4935300243882075e-11 -5.63793456365147e-11 -3.9549608032984906e-10
1693	(   4.1964028080174600177    0.00020156569602         1.5014902206274600704  -14.166436701532170161    -9.4317056229954108204    5.6422927870697998642   10.990127297734199274   )	-0.0012700367835560477 -1.5440360101592887e-10 4.041364625221276e-10 1.352458145476021e-10 3.788347413546944e-10
1694	(   4.1964028080901201179    0.00020156556118         1.5014902207373499454  -14.166436702192619634    -9.4317056200004696365    5.642292787088790007    10.990127300141400823   )	-0.0012700359340633257 8.054534816892556e-11 4.435735523734916e-10 3.215860910898982e-10 2.127835685428181e-10
1695	(   4.1964028079026096663    0.00020156562055999999   1.5014902204537399211  -14.166436700488109324    -9.4317056277299293754    5.6422927871100299058   10.990127299177400388   )	-0.001270036307911619 -5.258069535329923e-10 5.317236231937132e-11 1.2348411182472319e-10 -3.475735255165091e-10
1696	(   4.1964028078700996716    0.00020156563085999999   1.5014902204045699197  -14.166436700192619469    -9.4317056290699099463    5.6422927870312697962   10.990127296265720602   )	-0.0012700363727590246 -6.30926422218181e-10 -1.4501839019995938e-11 -2.427591461184875e-10 -2.2944401933955305e-10
1697	(   4.1964028078209496542    0.00020156564643000001   1.5014902203302200601  -14.166436701405819676    -9.431705631096319209     5.6422927870184196308   10.990127300203560878   )	-0.0012700364707856162 -3.8196201757045856e-10 -1.168497295721705e-10 -3.6884140186543846e-10 -7.050209305248245e-10
1698	(   4.1964028074801102974    0.00020156558905000001   1.501490220604269954   -14.166436701392829178    -9.431705623627319568     5.6422927870657897387   10.990127297926820304   )	-0.0012700361093710476 -7.259934875492036e-10 2.603953743439153e-10 9.59115009635525e-11 -4.339435477618281e-10
1699	(   4.196402807927140266     0.00020156561279999999   1.5014902204908400218  -14.166436700711079411    -9.4317056145351898522    5.6422927870461796473   10.990127298869190042   )	-0.001270036259055768 -4.4648640340483325e-10 8.132206573451591e-10 -9.646461407442075e-11 -2.4019009003950487e-10
1700	(   4.1964028081392799052    0.00020156554561000001   1.5014902208117000271  -14.166436700979419427    -9.4317056179740603739    5.6422927871016401724   10.990127296203560547   )	-0.0012700358360367373 -1.6840928651618015e-10 5.459212540847528e-10 4.476685688814541e-10 6.883693615122866e-10
1701	(   4.1964028080154198719    0.00020156558484000001   1.5014902200709598912  -14.166436701513639207    -9.4317056230794591443    5.6422927870692598518   10.990127297759819669   )	-0.0012700360825553465 -1.609974376037826e-10 2.8806564842916507e-10 -4.234284034509983e-10 -9.605765072251415e-10
1702	(   4.1964028079447999175    0.00020156560720000001   1.5014902210709599739  -14.166436700871599896    -9.4317056259909204385    5.6422927870507999515   10.99012729864729998    )	-0.001270036224267004 -3.893827482670531e-10 1.4100621985682106e-10 5.02255348422409e-10 9.439151682499869e-10
1703	(   4.1964028080838700063    0.00020156559344000001   1.5014902205709799166  -14.166436701137779863    -9.4317056295351893169    5.6422927870686896412   10.990127298246759935   )	-0.001270036137186382 -1.8490542430527057e-10 -7.899670330315141e-11 7.429590276331055e-11 8.692158104395276e-11
1704	(   4.1964028083951498971    0.00020156558569999999   1.5014902205710400906  -14.166436700973260798    -9.431705644535190558     5.6422927870946697482   10.990127298376359377   )	-0.001270036088512002 8.594813749596142e-11 -9.595960571290307e-10 1.7894707937671228e-10 3.7267788854933315e-10
1705	(   4.1964028080998696524    0.00020156559591999999   1.5014902205626099452  -14.166436701086089656    -9.4317056296667907134    5.6422927870683796669   10.990127299246760018   )	-0.0012700361528102716 -1.81607617832924e-10 -8.417466176120422e-11 6.467804070098282e-11 1.2706280472229992e-11
1706	(   4.1964028081478703669    0.00020156560336         1.501490220537500031   -14.166436700931020809    -9.4317056300616002318    5.6422927870674497441   10.990127302246760266   )	-0.0012700361996819418 -1.717115338806252e-10 -9.97088481658609e-11 3.5824454513999626e-11 -2.099387330645186e-10
1707	(   4.1964028081295001726    0.00020156559737         1.5014902205616100783  -14.166436701060680647    -9.4317056298880199705    5.6422927870183796628   10.990127299275730621   )	-0.0012700361619546372 -1.582209918638e-10 -9.559811563241219e-11 -1.3761236594689308e-10 4.0964565073409176e-11
1708	(   4.1964028080702400203    0.00020156559447000001   1.5014902205636100341  -14.16643670111150044     -9.4317056294455596799    5.6422927871183796711   10.990127299217800072   )	-0.0012700361436659064 -2.049933556236283e-10 -7.275110489078987e-11 2.6696889143806857e-10 -1.5552004128949193e-11
1709	(   4.1964028079103297131    0.00020156554592         1.5014902205973099658  -14.166436701965210432    -9.4317056220119805943    5.6422927870634396186   10.990127298244519949   )	-0.00127003583773937 -1.5512480189272537e-10 3.112627558585386e-10 7.949063629553166e-11 -1.2882406252856526e-10
1710	(   4.1964028082616398052    0.00020156560381         1.5014902205571301064  -14.166436700947379279    -9.4317056308746103355    5.6422927870691603758   10.990127297246759852   )	-0.001270036202568364 -5.39222000384143e-11 -1.4656836432470205e-10 6.234146532335672e-11 3.361666500723004e-10
1711	(   4.1964028079381003877    0.00020156558803         1.501490220568090006   -14.166436701224800032    -9.4317056284589799731    5.6422927870675998463   10.990127301246760183   )	-0.0012700361030521798 -3.09292147449014e-10 -2.1781488288366568e-11 6.70188349261025e-11 -3.107540891278404e-10
1712	(   4.1964028080475097582    0.00020156559337000001   1.5014902203626099286  -14.166436701130990627    -9.4317056292758199021    5.6422927870681300888   10.990127299195570743   )	-0.0012700361365580676 -2.2293367152315113e-10 -6.397385312467696e-11 -1.3632672768437715e-10 -4.4073811267253404e-10
1713	(   4.1964028082894095917    0.00020156564592000001   1.5014902205279099245  -14.166436700206970656    -9.4317056373216097143    5.6422927870733197153   10.990127300249010744   )	-0.0012700364678811735 -2.0808954559470294e-10 -4.796130883123837e-10 4.9865667151038906e-11 1.5423484711618585e-10
1714	(   4.1964028076774599896    0.00020156564592000001   1.5014902205769100618  -14.166436701448299473    -9.4317056265129100012    5.6422927870663501793   10.990127298833819225   )	-0.0012700364677374146 -5.150138093767964e-10 1.493513714936022e-10 7.080824815375308e-11 -2.4871393833336697e-10
1715	(   4.1964028084394398022    0.00020156561248         1.501490220551120025   -14.166436702086089738    -9.4317056322021706194    5.6422927870700201325   10.990127299578720255   )	-0.0012700362572455283 4.036877498947433e-10 -2.1514985740255302e-10 5.979239325881736e-11 3.3637981289302843e-10
1716	(   4.1964028085222802034    0.00020156554592         1.5014902205483100506  -14.166436700723879838    -9.4317056328206803073    5.6422927870704198128   10.99012729965970081    )	-0.001270035837883129 1.517985737109484e-10 -3.1770129533875355e-10 5.859157603538279e-11 2.7412916381308605e-10
1717	(   4.1964028083761002463    0.00020156560939000001   1.501490220553260091   -14.166436700849230235    -9.431705619666789886     5.6422927870697101582   10.99012729951678935    )	-0.0012700362377585182 3.6420644278223335e-11 5.112005352716793e-10 6.068456848140613e-11 2.759970030297154e-10
1718	(   4.1964028081522304348    0.00020156559847         1.5014902207626099617  -14.16643670104119046     -9.4317056300577704064    5.6422927870686301333   10.990127299297949293   )	-0.001270036169062476 -1.4027978778585748e-10 -1.0437598845663455e-10 2.6568613975541666e-10 4.661524499738334e-10
1719	(   4.1964028077603003908    0.00020156557936000001   1.5014902205741000873  -14.166436700086089573    -9.4317056271314108074    5.6422927870667498595   10.990127298914799781   )	-0.0012700360483750158 -7.669020973821716e-10 4.680047991398144e-11 6.960698684110866e-11 -3.1096636377014875e-10
1720	(   4.1964028078236399466    0.00020156558245         1.5014902205719600214  -14.166436701322950853    -9.4317056396667897644    5.6422927870670500639   10.990127298976730685   )	-0.0012700360678620255 -3.9963499176565165e-10 -6.795505953468336e-10 6.867528767884323e-11 -2.5058355390683573e-10
1721	(   4.1964028081064501663    0.00020156559461         1.5014902205359499376  -14.166436701586089697    -9.4317056298679293747    5.6422927870671699679   10.990127299284470297   )	-0.0012700361445355892 -5.2164494945827755e-11 -9.71890326193197e-11 3.31479288462333e-11 -3.9610981161786185e-11
1722	(   4.1964028081261899317    0.00020156559067999999   1.501490220455969915   -14.166436703086089821    -9.4317056304713506876    5.6422927870635399827   10.990127299397599359   )	-0.0012700361197115412 3.361639855370413e-10 -1.3623245744389181e-10 -6.144573738708914e-11 -1.9656365424225442e-10
1723	(   4.1964028081114399527    0.00020156561461         1.5014902205539899516  -14.166436701611290871    -9.4317056298286008342    5.6422927870681096607   10.990127299264090155   )	-0.001270036270569514 -4.098232864180318e-11 -7.490048286999153e-11 5.4971360796685076e-11 4.305711343022267e-11
1724	(   4.1964028081264101999    0.00020156567461000001   1.5014902206081099933  -14.166436701686899724    -9.431705629710620542     5.6422927870709296272   10.990127299202949729   )	-0.001270036648671289 -7.432277016050648e-12 -8.035143893563718e-12 1.2044365504948473e-10 2.9106406174150834e-10
1725	(   4.1964028080927899822    0.00020156561831         1.5014902205668398949  -14.166436701566089695    -9.4317056296402395077    5.6422927870481096591   10.990127299273680705   )	-0.0012700362938879127 -7.073897023701647e-11 -6.023963229281892e-11 -1.269517824198374e-11 5.6754601018838e-11
1726	(   4.1964028080368400708    0.00020156562940999999   1.5014902206053899469  -14.16643670143048972     -9.4317056290751608572    5.6422927869881096541   10.990127299302450581   )	-0.0012700363638431082 -1.6000889502265636e-10 -1.6257392432056025e-11 -2.1569368513496556e-10 9.78488401415234e-11
1727	(   4.1964028080950397381    0.00020156561467         1.5014902205259699208  -14.166436701693049471    -9.4317056287816303239    5.6422927870713399656   10.990127300273680788   )	-0.0012700362709189012 -3.729194730794916e-11 -1.3916689035973345e-11 3.995581643323476e-11 -1.0845013775906409e-10
1728	(   4.1964028080938202692    0.00020156566830999999   1.5014902205481699404  -14.166436701624080641    -9.4317056292480891955    5.6422927870587198385   10.990127299207930633   )	-0.0012700366089153212 -5.545874870449552e-11 1.2579811975096944e-11 1.134958793613805e-11 1.256026394003129e-10
1729	(   4.1964028080917596952    0.00020156556831000001   1.5014902205855100714  -14.166436701508100526    -9.4317056300323898199    5.6422927870375003678   10.990127299339430778   )	-0.001270035978860504 -8.601919176953743e-11 -1.330590779159875e-10 -3.6735725572611955e-11 -1.2090772827377805e-11
1730	(   4.1964028080908599705    0.00020156562142         1.5014902206017699537  -14.166436702566089778    -9.4317056303739903456    5.6422927870282597596   10.990127299396709404   )	-0.0012700363135125419 1.730562360080512e-10 -9.982700430177793e-11 -5.767697430769658e-11 1.212550060358808e-10
1731	(   4.1964028080905402263    0.00020156562195         1.501490220607710091   -14.166436701439129919    -9.4317056304988504678    5.6422927870248802407   10.990127298273680623   )	-0.0012700363168569242 -1.0418599316608379e-10 -1.0656268510829403e-10 -6.534239815891851e-11 2.219593397967401e-10
1732	(   4.1964028082927899987    0.00020156561856         1.5014902205696400994  -14.166436701557399758    -9.4317056296990493536    5.6422927870465198197   10.990127299283539486   )	-0.0012700362955260253 1.2712497721167892e-10 -6.341180998261503e-11 -1.6295187421633273e-11 2.6208191172827355e-10
1733	(   4.1964028080899300477    0.00020156562292999999   1.5014902206187499267  -14.166436701404830245    -9.4317056246402408703    5.6422927870185999311   10.990127299456529997   )	-0.001270036323040918 -1.1322498494337196e-10 2.35332966709665e-10 -7.958544934183465e-11 1.5261214514339372e-10
1734	(   4.1964028078927899656    0.00020156561806         1.5014902205640399124  -14.166436701574790291    -9.4317056295814296618    5.6422927870497003866   10.990127299263820149   )	-0.0012700362922498 -2.6860114132887247e-10 -5.706745463012787e-11 -9.090950214840632e-12 -1.4857182151217785e-10
1735	(   4.1964028080947199939    0.0002015656152          1.5014902205319200501  -14.166436700566089613    -9.4317056289064904462    5.6422927870679595586   10.990127299150650231   )	-0.0012700362742632922 -3.1453506466050385e-10 -2.0652368216186184e-11 3.2296831875555654e-11 -7.724487716131989e-12
1736	(   4.1964028080956499167    0.00020156561369000001   1.5014902205149300851  -14.166436701727349146    -9.4317056346402399214    5.6422927870776202752   10.990127299090829638   )	-0.0012700362647349072 -2.8253843709080684e-11 -3.558125446839408e-10 5.419931170536074e-11 -3.9102943105717713e-11
1737	(   4.19640280810382027      0.0002015656005          1.5014902203668401004  -14.16643670218742912     -9.4317056254383491165    5.6422927870750596568   10.990127298569159819   )	-0.001270036181503804 9.297096426053031e-11 1.6646063442037583e-10 -1.0419953788698422e-10 -3.1257663124506507e-10
1738	(   4.1964028080890400929    0.00020156562435999999   1.5014902203668401004  -14.166436701355049621    -9.4317056310674196595    5.642292787009499655    10.990127299512970183   )	-0.0012700363318377973 -1.2634693291602161e-10 -1.3723804834523887e-10 -3.6813152526349313e-10 -3.5366376494039287e-10
1739	(   4.1964028080817596944    0.00020156563612         1.5014902207668399114  -14.166436700944750271    -9.4317056338421298989    5.6422927870211596613   10.990127299978210473   )	-0.0012700364062720214 -2.3444890473456326e-10 -2.869400473519759e-10 7.880918140301674e-11 4.260849451043214e-10
1740	(   4.1964028080965398715    0.00020156561226000001   1.5014902207668399114  -14.16643670177712977     -9.4317056282130593559    5.6422927870867196631   10.990127299034389452   )	-0.001270036255938028 -1.5131895736431034e-11 1.675876665631175e-11 3.427416128687355e-10 4.671729669780689e-10
1741	(   4.1964028080932695985    0.00020156561624999999   1.5014902205372100408  -14.166436701587709734    -9.4317056293028294078    5.6422927870681096607   10.990127299149310858   )	-0.0012700362808832281 -6.494715876215196e-11 -4.2665551267754426e-11 3.819145000250046e-11 3.608668919241609e-12
1742	(   4.1964028080947102239    0.00020156561007000001   1.5014902204483200343  -14.166436701652569852    -9.4317056282906008846    5.6422927871281096657   10.990127298776199538   )	-0.0012700362418691755 -4.756905980229931e-11 1.0056582845120732e-11 1.908500024683235e-10 -1.5582468648744907e-10
1743	(   4.1964028080921300656    0.00020156561675999999   1.5014902205360098897  -14.166436702087709776    -9.4317056292517698068    5.6422927870680696927   10.990127299149019535   )	-0.0012700362840953057 5.6776805479330505e-11 -3.918436481862263e-11 3.683009452970509e-11 1.112887559884257e-12
1744	(   4.1964028080887096905    0.00020156561828999999   1.5014902205324101025  -14.1664367035877099      -9.4317056290985892275    5.6422927870679497886   10.99012729914814912    )	-0.001270036293731538 4.219442573116794e-10 -2.874070225518041e-11 3.274758242355347e-11 -6.3788974102862994e-12
1745	(   4.1964028079921300574    0.00020156560544000001   1.5014902205834599336  -14.166436702157289673    -9.4317056290814598185    5.6422927870642798354   10.99012729891481932    )	-0.0012700362127794666 -2.6126656393898884e-11 -4.0593932430993754e-11 6.902300953015583e-11 -8.258282946371764e-12
1746	(   4.1964028081921300739    0.00020156562808         1.5014902204885600678  -14.166436702018129878    -9.4317056294220797952    5.6422927870718604382   10.99012729938321975    )	-0.0012700363554111452 1.396784909957205e-10 -3.7774797423091935e-11 4.6413983767479294e-12 1.0483169887720578e-11
1747	(   4.1964028080989104197    0.00020156560756999999   1.5014902205745299657  -14.166436701087709693    -9.4317056291135301649    5.6422927870650001481   10.990127298958929813   )	-0.001270036226225057 -1.8216894659417449e-10 -4.033012359944306e-11 6.299250010499691e-11 8.146194829805609e-11
1748	(   4.1964028080846702551    0.00020156562687000001   1.5014902204936300123  -14.166436702025569261    -9.4317056294038703612    5.6422927870180696885   10.990127299358180224   )	-0.0012700363477588731 3.40465433623649e-11 -3.792518033017382e-11 -2.0684054469199964e-10 -8.729195144496771e-11
1749	(   4.1964028080889503869    0.00020156562106999999   1.5014902205179299077  -14.166436702061199426    -9.4317056242517693931    5.6422927870695103181   10.990127299238249492   )	-0.0012700363112357475 4.708233802830364e-11 2.560783212812289e-10 2.454969560972131e-11 -3.660538538952096e-11
1750	(   4.1964028080568995804    0.00020156566447         1.5014902203360100952  -14.166436701794449249    -9.4317056299695902766    5.6422927870840400288   10.990127298506289222   )	-0.0012700365845293978 -5.051603579886432e-11 -3.324473733952969e-11 -9.887624052851152e-11 -2.8828406328784695e-10
1751	(   4.1964028080853497116    0.00020156562594999999   1.5014902204974900357  -14.166436703087709859    -9.4317056293900094488    5.6422927870711498954   10.990127299339119915   )	-0.0012700363419655546 2.957216693744158e-10 -3.803860614622241e-11 1.071098765237366e-11 -7.923706135670727e-11
1752	(   4.1964028080995898762    0.00020156560665         1.5014902205783899891  -14.166436702149850291    -9.4317056290996692525    5.6422927871180696968   10.990127298939860623   )	-0.0012700362204317384 7.950529123945671e-11 -4.044354949680681e-11 2.805007337514098e-10 8.951683838631652e-11
1753	(   4.1964028080564403922    0.00020156566509999999   1.5014902206593701006  -14.166436701790619423    -9.4317056299789694407    5.642292787084239869    10.990127300149019618   )	-0.0012700365887723135 -5.191669316673142e-11 -3.316051613530026e-11 2.252884545583811e-10 2.3038992935653368e-10
1754	(   4.1964028081278197391    0.00020156556841999999   1.5014902204126499008  -14.166436702384800128    -9.431705628524570173     5.6422927870519004045   10.990127298149019452   )	-0.001270035979418298 1.6546852776855303e-10 -4.5208217892963795e-11 -1.516247127852921e-10 -2.2816326605834547e-10
1755	(   4.1964028080953097444    0.00020156561244999999   1.5014902205540900937  -14.166436702114220125    -9.4317056342517702205    5.6422927870666299555   10.990127299059789578   )	-0.001270036256954864 6.647038475193767e-11 -3.3444726087422487e-10 4.9114046163367675e-11 3.8831160509289475e-11
1756	(   4.1964028081273596626    0.00020156556905         1.5014902207360099062  -14.166436702380979185    -9.4317056285339493371    5.6422927870521100147   10.990127299791749849   )	-0.0012700359836612133 1.6406964675752533e-10 -4.5123996580314144e-11 1.7257950624127716e-10 2.9050983840761546e-10
1757	(   4.1964028080568995804    0.00020156558018         1.5014902203360100952  -14.166436701794449249    -9.4317056299695902766    5.6422927870840400288   10.990127300136130373   )	-0.0012700360534300958 -5.051603579886432e-11 -1.1753473734099455e-10 -9.887624052851152e-11 -5.847011763648879e-10
1758	(   4.1964028081273596626    0.00020156565334000001   1.5014902207360099062  -14.166436702380979185    -9.4317056285339493371    5.6422927870521100147   10.990127298161910474   )	-0.0012700365147605155 1.6406964675752533e-10 3.9166003421150716e-11 1.7257950624127716e-10 5.869260633062368e-10
1759	(   4.1964028080928104103    0.00020156563675999999   1.5014902205351499109  -14.166436702083979426    -9.431705629248380518     5.6422927870675598783   10.990127299157430585   )	-0.0012700364101119396 5.653966184127057e-11 -1.8987140175006842e-11 3.391753544690346e-11 3.941469373103246e-11
1760	(   4.196402808094849668     0.00020156569676         1.5014902205325699747  -14.166436702072790155    -9.4317056292382108751    5.642292787066030435    10.990127299182660181   )	-0.0012700367881618413 5.583000728393017e-11 4.1604636917677226e-11 2.518074637691825e-11 1.5431478317395886e-10
1761	(   4.19640280810382027      0.00020156563024000001   1.5014902205043800798  -14.166436701583979385    -9.431705629612249453     5.6422927870663901473   10.99012729900436014    )	-0.0012700363690076526 -5.53130874436647e-11 -4.668087544659229e-11 -1.5611956172278951e-12 -1.2149392603078013e-11
1762	(   4.1964028081368498491    0.00020156561067999999   1.5014902204120699203  -14.166436700083979261    -9.4317056307038598106    5.6422927870628800662   10.99012729854515058    )	-0.00127003624569479 -3.908722234768902e-10 -1.2976229460523112e-10 -1.0800205174632538e-10 -1.6684342796224882e-10
1763	(   4.1964028081713395935    0.00020156564203         1.5014902205040299155  -14.166436701506750495    -9.4317056301138695318    5.6422927870488601698   10.990127300004360222   )	-0.0012700364433149043 -6.770584093374055e-12 -6.408042800272289e-11 -7.24840187871223e-11 -1.865174681370263e-13
1764	(   4.1964028080363000583    0.00020156561844999999   1.5014902205047300221  -14.166436701661210051    -9.4317056291106293742    5.6422927870839201248   10.990127298004360057   )	-0.0012700362947004004 -1.0385559079395534e-10 -2.9281325004655925e-11 6.93607393742468e-11 -2.41149322732781e-11
1765	(   4.1964028081002595627    0.00020156573023999999   1.5014902204885800518  -14.166436701588050795    -9.4317056295858296977    5.6422927870673103001   10.990127298951680501   )	-0.0012700369990789882 -5.787281764924046e-11 5.4856504782445706e-11 -1.3657075470518976e-11 1.568194463175132e-10
1766	(   4.1964028082038202783    0.00020156562581         1.5014902203915900802  -14.166436701613019267    -9.4317056294236092384    5.6422927870729804312   10.990127298628300068   )	-0.001270036341029714 5.182343443266291e-11 -4.013379656820498e-11 -8.781975147087451e-11 -1.170938901395857e-10
1767	(   4.196402808106140192     0.00020156563065000001   1.5014902205147000469  -14.166436702583979468    -9.4317056296294996542    5.6422927870657897387   10.990127299038750408   )	-0.0012700363716004355 1.9273294071808778e-10 -4.727467427397512e-11 6.341593916658894e-12 8.93329854534386e-12
1768	(   4.1964028080038202617    0.00020156563467         1.5014902206171700794  -14.166436701554939503    -9.4317056298008896675    5.6422927870597998634   10.990127299380420212   )	-0.001270036396985591 -1.624487211415726e-10 -5.3227954650240245e-11 8.469736023641872e-11 9.279421675500998e-11
1769	(   4.1964028081068400766    0.00020156563076999999   1.5014902205178000116  -14.166436701580520818    -9.4317056246122508156    5.6422927870656103266   10.990127299049120779   )	-0.0012700363723593723 -5.314326756433729e-11 2.448017224316538e-10 8.719469590801054e-12 1.525890525044815e-11
1770	(   4.1964028081073800891    0.00020156553024         1.5014902205201801078  -14.166436701579909752    -9.4317056296386692082    5.6422927870654699944   10.990127299057039778   )	-0.0012700357389363165 -5.275335723808894e-11 -1.4821825570273534e-10 1.0534684236063185e-11 -1.8112267241576774e-10
1771	(   4.196402808101500348     0.00020156562982999999   1.5014902204940598907  -14.166436700583979302    -9.4317056295949992517    5.6422927870669896677   10.990127298969969871   )	-0.0012700363664148694 -3.0335822742699747e-10 -4.6087076646314507e-11 -9.467981954003335e-12 -3.3232083751499886e-11
1772	(   4.1964028081007995752    0.00020156562971         1.5014902204909599259  -14.166436701587439728    -9.4317056346122498667    5.6422927870671797379   10.9901272989595995     )	-0.0012700363656559324 -5.7482907322992105e-11 -3.381637866592662e-10 -1.1802336885580189e-11 -3.956035499186328e-11
1773	(   4.1964028081437199091    0.0002015656372          1.5014902206816100882  -14.166436701538339449    -9.4317056299086701188    5.6422927870863901489   10.990127299595279453   )	-0.0012700364130236084 -2.6628477201029455e-11 -5.696975931366449e-11 2.561850731552795e-10 3.497797607110442e-10
1774	(   4.1964028080639197427    0.00020156562328         1.5014902203271500714  -14.166436701629619321    -9.4317056293158305635    5.6422927870463901456   10.990127298413440826   )	-0.0012700363249916965 -8.399769768629994e-11 -3.6392095690033696e-11 -2.593076864343402e-10 -3.7408298680929875e-10
1775	(   4.1964028081488500277    0.00020156563809999999   1.5014902207043800964  -14.166436701532479248    -9.4317056299467498803    5.6422927870546999429   10.990127298169870329   )	-0.001270036418715193 -2.2938984045595134e-11 -5.828564193788299e-11 1.5137646691698592e-10 5.140519121482612e-10
1776	(   4.1964028080587896241    0.00020156562238000001   1.5014902203043800633  -14.166436701635479523    -9.431705629277750802     5.6422927870780803516   10.990127299838860608   )	-0.001270036319300112 -8.768896719857366e-11 -3.507621328265563e-11 -1.544988581514417e-10 -5.38354250068096e-10
1777	(   4.1964028081538202741    0.00020156562737000001   1.5014902204945899111  -14.166436701519920405    -9.4317056295650001374    5.6422927870667196615   10.990127299074259781   )	-0.001270036350931042 -2.105338126057177e-11 -4.680141148759309e-11 -1.0024869823155313e-11 7.0459194034810935e-12
1778	(   4.1964028083038202865    0.00020156561876000001   1.5014902204652200712  -14.166436701327739911    -9.4317056294232504143    5.6422927870677099804   10.990127299283960483   )	-0.0012700362967012116 8.172307275344792e-11 -4.716291636744363e-11 -3.540767679055534e-11 6.463896085051601e-11
1779	(   4.1964028081490702959    0.00020156567737         1.5014902204603000069  -14.166436701510880525    -9.4317056300133099711    5.6422927870648695858   10.990127298763139763   )	-0.0012700366659434894 -2.802558185521775e-11 -2.2888810828234837e-11 -5.1762816255518374e-11 5.8117954893077695e-11
1780	(   4.1964028081607995802    0.0002015656377          1.5014902205449400796  -14.16643670153318979     -9.4317056289067107144    5.6422927870567196607   10.990127299531110339   )	-0.001270036416063604 -1.0813572259849025e-11 1.834814255825129e-12 6.750155989720952e-14 9.955236635050824e-11
1781	(   4.1964028081690898375    0.00020156564998999999   1.5014902204542999176  -14.166436701548979826    -9.4317056281240692073    5.6422927870726802269   10.990127300074259864   )	-0.0012700364934269868 1.3562484468820912e-12 5.966715183459807e-11 -2.6318724977159036e-11 -9.14592845902007e-11
1782	(   4.1964028081585702523    0.00020156557736999999   1.5014902205288800374  -14.166436701528960285    -9.4317056291166903037    5.6422927870685697371   10.990127299385390458   )	-0.0012700360359185951 -1.4082068844345486e-11 -7.071401385456977e-11 3.171329865381267e-11 -4.402611608611551e-11
1783	(   4.1964028082538202824    0.00020156562526000001   1.50149022048429992    -14.166436701517209684    -9.4317056296995698261    5.6422927870661601091   10.990127298980869597   )	-0.0012700363376577934 7.827960502027054e-11 -5.674209656281702e-11 -2.2567503421555557e-11 8.957190544833793e-11
1784	(   4.1964028081468400799    0.00020156561704         1.5014902204442399647  -14.166436701506649243    -9.4317056302232895604    5.6422927870767196623   10.990127298617409224   )	-0.0012700362857984801 -3.129496661813391e-11 -9.543764086308859e-11 -2.011701916160291e-11 -8.546141572196575e-11
1785	(   4.1964028080538202659    0.00020156562948000001   1.5014902205048799022  -14.166436701522640007    -9.4317056294304304487    5.6422927870672801021   10.990127299167649966   )	-0.001270036364204291 -1.2038547936299437e-10 -3.6860726547894435e-11 2.5210944443188055e-12 -7.548006664137574e-11
1786	(   4.1964028081441595575    0.00020156561307         1.5014902204249100937  -14.166436701501549322    -9.4317056275649999719    5.6422927870629502323   10.990127298442009973   )	-0.0012700362607669135 -3.522959701740547e-11 5.527969342044095e-11 -9.48798817290708e-11 -1.2098233526103286e-10
1787	(   4.1964028081385498226    0.00020156560475000001   1.5014902205348799047  -14.166436701490869865    -9.4317056310059292912    5.6422927870607599843   10.990127298074259699   )	-0.0012700362084350969 -4.346301096802563e-11 -1.532698888867621e-10 6.2725380445272094e-12 1.0555023521874318e-10
1788	(   4.1964028081634801026    0.00020156564167         1.5014902205642699506  -14.166436701538289711    -9.4317056315650003029    5.6422927870704899789   10.990127299706520247   )	-0.0012700364410951708 -6.87983003899717e-12 -1.4888254997878943e-10 7.483369479643898e-11 1.3507506224641475e-10
1789	(   4.1964028081535502679    0.00020156562696999999   1.5014902204926598994  -14.166436702519920487    -9.4317056295902599317    5.6422927870666201855   10.990127299056730692   )	-0.0012700363484089848 2.2440183045091544e-10 -4.867129296164466e-11 -1.2355227951843517e-11 3.4914293678411923e-12
1790	(   4.1964028081540902804    0.00020156562777         1.5014902204965199228  -14.166436700519920322    -9.4317056295397492249    5.6422927870668297956   10.990127299091790647   )	-0.0012700363534530995 -2.665094811504787e-10 -4.4932046879822204e-11 -7.651435041111654e-12 1.0602185795960395e-11
1791	(   4.1964028081676802984    0.00020156564788999999   1.5014902205945899194  -14.166436701546290422    -9.4317056282575002513    5.6422927870721197863   10.99012729847665959    )	-0.0012700364803134234 -7.140954494389007e-13 4.980272669415607e-11 1.1171508162988175e-10 3.0881963652973354e-10
1792	(   4.1964028081399602499    0.00020156560685000001   1.5014902203945899029  -14.166436701493559269    -9.4317056308725000235    5.6422927870613204249   10.990127299671859973   )	-0.001270036221548661 -4.1391778893284936e-11 -1.4340556403502104e-10 -1.3176082447330373e-10 -2.9472602136593196e-10
1793	(   4.196402808157020381     0.00020156564737000001   1.5014902204691200627  -14.166436701726679459    -9.4317056294073005063    5.6422927870678298845   10.990127299023679797   )	-0.0012700364769276226 3.2952307549294346e-11 -1.7624782357303012e-11 -3.1024960378545074e-11 3.2747138334343617e-12
1794	(   4.1964028081666198133    0.00020156570736999999   1.5014902203927100732  -14.166436702346960175    -9.4317056289341998365    5.6422927870711596654   10.990127298871939843   )	-0.001270036854917363 1.949702621573124e-10 6.99052070298866e-11 -9.403011702602271e-11 -8.044231947224034e-12
1795	(   4.1964028081070203768    0.00020156564698         1.501490220471759951   -14.166436701797209707    -9.431705629413750458     5.6422927870675598783   10.990127299031229313   )	-0.0012700364744573885 2.8421709430404007e-13 -1.8390108636216415e-11 -2.9472424500909256e-11 -4.281641707848394e-11
1796	(   4.1964028082070203851    0.00020156564776         1.5014902204664799523  -14.166436701656149211    -9.4317056294008505546    5.6422927870680998907   10.99012729901613028    )	-0.0012700364793978563 6.562128618270435e-11 -1.6859456105494663e-11 -3.2578384434600594e-11 4.936584474535266e-11
1797	(   4.1964028081566402406    0.00020156564829000001   1.5014902204629398952  -14.166436701561499589    -9.4317056293921996968    5.6422927870684702611   10.990127300023679879   )	-0.0012700364827190691 -8.01669841621333e-12 -1.5826057912088354e-11 -3.462741204884878e-11 -8.606093615526333e-11
1798	(   4.1964028081571802531    0.00020156564698         1.501490220471719983   -14.166436701796209618    -9.4317056274073003408    5.6422927870675598783   10.990127299031119179   )	-0.0012700364744725355 5.019717974619198e-11 9.83663198908958e-11 -2.951239252979576e-11 7.271516722084925e-12
1799	(   4.1964028081573996332    0.00020156564644999999   1.5014902204753000081  -14.166436701891859329    -9.4317056294223995394    5.642292787067190396    10.990127298023679714   )	-0.0012700364711361754 7.392042533638232e-11 -1.9423403505155687e-11 -2.7419400083772416e-11 9.260858746529266e-11
1800	(   4.1964028081574200613    0.00020156569737         1.5014902204755300463  -14.166436701898019734    -9.4317056294229608682    5.642292787067160198    10.990127299042020681   )	-0.0012700367919760544 7.545430946720444e-11 3.14639324522966e-11 -2.7311042316569e-11 1.1505552066637392e-10
1801	(   4.1964028081568596207    0.00020156564776         1.5014902204665199204  -14.1664367016571493      -9.4317056314073006718    5.6422927870680998907   10.990127299016240414   )	-0.001270036479382709 1.5705658995557314e-11 -1.336159181886641e-10 -3.253841640571409e-11 -7.229772336359019e-13
1802	(   4.1964028081566198125    0.00020156559737         1.501490220462710079   -14.166436701555339184    -9.4317056293916401444    5.642292787068499571    10.990127299005340689   )	-0.0012700361618791904 -9.551470725455147e-12 -6.671349724821779e-11 -3.473887844052115e-11 -1.085060929995052e-10
1803	(   4.1964028081552502414    0.00020156565160999999   1.5014902204405500274  -14.16643670096246943     -9.4317056293374506026    5.6422927870578298837   10.990127298941889222   )	-0.0012700365036185577 -1.5660450713994578e-10 -9.320177767578597e-12 -9.985323679018165e-11 -4.0739855933225044e-11
1804	(   4.1964028081587896324    0.00020156564313000001   1.5014902204976900979  -14.166436702490889488    -9.4317056294771504099    5.6422927870778298853   10.990127299105470371   )	-0.0012700364502366871 2.2250734588169507e-10 -2.592938702834259e-11 3.780309398848658e-11 4.728750724325437e-11
1805	(   4.1964028081510598156    0.00020156566163999999   1.5014902203728899277  -14.166436700849949659    -9.4317056291720593464    5.6422927870778298853   10.990127298748220142   )	-0.0012700365667576627 -1.8844303895093617e-10 1.0334030967106347e-11 -8.699707620962727e-11 -1.4500134426498335e-10
1806	(   4.1964028081553497174    0.00020156565135999999   1.5014902205691200709  -14.166436701007080856    -9.4317056293415291179    5.6422927870706303111   10.990127298946669399   )	-0.0012700365021521243 -1.4554224492258072e-10 -9.807508808985094e-12 8.024869657674571e-11 2.156230749505994e-10
1807	(   4.1964028081629898281    0.00020156563310000001   1.5014902205653499756  -14.166436702603409259    -9.4317056296425398898    5.6422927870578298837   10.990127299299139452   )	-0.0012700363870975849 2.5435653583372186e-10 -4.558349281803126e-11 2.4946711363327267e-11 1.5155787735920967e-10
1808	(   4.1964028081586901564    0.00020156564338         1.5014902203691200544  -14.166436702446279838    -9.4317056294730701183    5.6422927870650303461   10.990127299100690195   )	-0.0012700364517031202 2.1144597184274971e-10 -2.5441952581153893e-11 -1.4229573075397184e-10 -2.0907542364057008e-10
1809	(   4.1964028081517996682    0.00020156564399999999   1.5014902204752600401  -14.166436701679399945    -9.4317056293774506059    5.642292787072830329    10.990127299025820307   )	-0.001270036455697345 1.6114221068619372e-11 -1.9257800161400634e-11 -4.75441908065477e-12 3.426592343203083e-12
1810	(   4.1964028081361401945    0.00020156563388999999   1.5014902204936799723  -14.166436701537559628    -9.4317056292878991286    5.6422927870878298862   10.99012729903224006    )	-0.0012700363920065143 -3.439915019498585e-11 -2.415675003238603e-11 7.405076551947332e-11 3.884004229348648e-12
1811	(   4.1964028081524702429    0.00020156564364000001   1.5014902204727500479  -14.166436701694939515    -9.4317056283774505232    5.6422927870726899968   10.990127299010859829   )	-0.0012700364534271164 2.0603074801783805e-11 3.857275496189569e-11 -7.829292769656604e-12 -4.698463840213662e-13
1812	(   4.1964028081442803497    0.00020156564809         1.501490220503520101   -14.166436701504350637    -9.4317056293609997653    5.6422927870628303282   10.990127299194350385   )	-0.0012700364814894815 -3.441957829863895e-11 -1.4210516606754514e-11 -1.6752155218568987e-11 4.738698322626078e-11
1813	(   4.1964028081511299817    0.00020156564435999999   1.5014902204777700323  -14.166436701663860376    -9.4317056303774506887    5.642292787072969773    10.990127299040780784   )	-0.0012700364579675744 1.162625551387464e-11 -7.708836360594863e-11 -1.6828760607268123e-12 7.322142892007832e-12
1814	(   4.1964028081593198749    0.00020156563991         1.5014902204469999791  -14.166436701854459912    -9.4317056293939103284    5.6422927870828303298   10.990127298857290228   )	-0.001270036429905209 6.66506849711368e-11 -2.4305600473907216e-11 7.243539101864371e-12 -4.0535574896694015e-11
1815	(   4.1964028081552395832    0.000201565694           1.5014902204623499227  -14.166436701759399952    -9.4317056293849699244    5.6422927870721002463   10.990127298948809909   )	-0.0012700367707303552 3.921218905134083e-11 3.030464654175599e-11 -2.0603518890993655e-11 8.708500587317758e-11
1816	(   4.1964028081017996641    0.00020156564023         1.5014902204491800131  -14.16643670184094006     -9.4317056293926402333    5.6422927870713497356   10.990127298870300265   )	-0.0012700364319059192 5.808686864838819e-12 -2.3911692938194395e-11 -3.679523352673186e-11 -9.407674639305696e-11
1817	(   4.1964028082017996724    0.00020156564777000001   1.5014902205013400671  -14.166436701517859831    -9.4317056293622698604    5.6422927870743100343   10.990127299181340348   )	-0.0012700364794887714 2.6419755272399925e-11 -1.4604424142467334e-11 2.7282620607138597e-11 1.0092904290104343e-10
1818	(   4.1964028081483597532    0.000201565594           1.5014902204881699355  -14.166436701599399939    -9.4317056293699295111    5.6422927870735604117   10.990127299102839586   )	-0.001270036140664335 -6.983746914102085e-12 -6.882014345877506e-11 1.1094680729684114e-11 -8.023537390045021e-11
1819	(   4.1964028081294904027    0.00020156565613000001   1.5014902205591000861  -14.166436701946500065    -9.4317056293286398727    5.6422927870775803072   10.990127299525820348   )	-0.0012700365321909144 5.943778802475208e-11 -4.287476488206918e-12 9.82081083122921e-11 1.3383960606461187e-10
1820	(   4.1964028081741098219    0.00020156563186999999   1.5014902203914199941  -14.166436701412299826    -9.431705629426270221     5.6422927870680803508   10.990127298525820265   )	-0.0012700363792037764 -2.7209345887513336e-11 -3.422864059245481e-11 -1.0771694647360164e-10 -1.269864213782057e-10
1821	(   4.1964028081303199613    0.00020156565568         1.5014902205559799153  -14.166436701179399904    -9.4317056293304499803    5.642292787077400007    10.990127298720750559   )	-0.0012700365293531403 -1.2822898298736618e-10 -4.8428076598796416e-12 9.436207371038563e-11 1.9067325496280318e-10
1822	(   4.1964028081732802633    0.00020156563232         1.5014902203945399428  -14.166436702179399987    -9.4317056294244494552    5.6422927870682597629   10.990127299330890054   )	-0.0012700363820415503 1.6045653694618522e-10 -3.367268920292932e-11 -1.0387490867458382e-10 -1.8382095845481672e-10
1823	(   4.1964028081317001906    0.00020156565492         1.5014902203752600318  -14.166436701211640781    -9.4317056293334804451    5.6422927870771095726   10.990127299476160516   )	-0.001270036524412044 -1.1892620221942707e-10 -5.779152086353087e-12 -8.752709668158332e-11 -2.3015633843215255e-10
1824	(   4.196402808171900034     0.00020156563308         1.5014902205752600484  -14.166436702147160887    -9.4317056294214207668    5.6422927870685599672   10.990127298575490755   )	-0.0012700363869826467 1.511555325350855e-10 -3.273644818223807e-11 7.805422974627163e-11 2.37008634940139e-10
1825	(   4.1964028081532100956    0.00020156564627000001   1.5014902204624800408  -14.166436701590759739    -9.4317056292552692298    5.6422927870778298853   10.990127298987259152   )	-0.0012700364699899092 -4.2570391656227e-12 -9.87799815901913e-12 2.5930368963145156e-12 -1.3158363287857355e-11
1826	(   4.1964028081574396012    0.00020156565308         1.501490220424140043   -14.16643670132483912     -9.4317056288887304305    5.6422927870928303307   10.990127298871579242   )	-0.001270036512867601 -6.537170804676862e-11 1.826109687183726e-11 2.4642066165370125e-11 -6.291767107313717e-11
1827	(   4.1964028081732100972    0.00020156564606         1.5014902204624800408  -14.166436701600060744    -9.4317056292443197663    5.6422927870779098214   10.990127298989630589   )	-0.0012700364686727822 1.8028245563073142e-11 -9.450842831850575e-12 2.914779528850886e-12 6.234124327875179e-12
1828	(   4.1964028081332100939    0.00020156564648         1.5014902204624800408  -14.166436701581460511    -9.4317056292662204697    5.6422927870777499493   10.990127298984889492   )	-0.0012700364713070364 -2.6542323894318542e-11 -1.0305256891969886e-11 2.2712942637781453e-12 -3.255351543884899e-11
1829	(   4.1964028081531097314    0.00020156564246000001   1.5014902204624100968  -14.166436701757959327    -9.4317056290585004064    5.6422927870792998206   10.990127298487260887   )	-0.0012700364459835515 3.672795401143958e-11 -2.237911624677208e-12 8.44080361162014e-12 1.8198775819655566e-11
1830	(   4.1964028081533095715    0.00020156565007999999   1.5014902204625499849  -14.166436701423560152    -9.4317056294520398296    5.64229278707636972     10.990127299487259194   )	-0.0012700364939962666 -4.524292052110468e-11 -1.7518188424403905e-11 -3.2154279239193784e-12 -4.451816693062938e-11
1831	(   4.1964028081537296799    0.00020156566564         1.5014902204628299831  -14.166436701444460766    -9.4317056302552693126    5.6422927870703798447   10.990127298770529407   )	-0.0012700365920379777 -3.9686476327460696e-11 -4.8698560619177614e-11 -2.7049473771967314e-11 4.3799630589091976e-11
1832	(   4.1964028081531203895    0.00020156569627         1.5014902204624200888  -14.166436701737699977    -9.4317056290823391151    5.6422927870791204086   10.990127299024740282   )	-0.0012700367850327202 3.176037211005678e-11 5.0184900804222873e-11 7.728262474415715e-12 8.36921643099231e-11
1833	(   4.196402808152689623     0.0002015656269          1.5014902204621300985  -14.166436701737060488    -9.4317056282552691471    5.6422927870852799259   10.990127299203990674   )	-0.0012700363479418405 3.1172397996215295e-11 2.8942555844362408e-11 3.2235547564596345e-11 -7.011813352164609e-11
1834	(   4.1964028081529995973    0.00020156563841000001   1.5014902204623399307  -14.166436701935470666    -9.4317056288495901839    5.6422927870678298845   10.990127299075179934   )	-0.0012700364204649849 8.023626207886991e-11 5.868689350674652e-12 -3.7805092389930905e-11 -3.6266101233195513e-11
1835	(   4.1964028081534197057    0.00020156565412999999   1.5014902204626199289  -14.166436701246050589    -9.4317056296609500521    5.6422927870878298862   10.990127298899340147   )	-0.001270036519514833 -8.875211676695471e-11 -2.5624790402642775e-11 4.2990722093350087e-11 9.945821943802002e-12
1836	(   4.1964028081535200698    0.00020156565766999999   1.501490220462690095   -14.166436701090759698    -9.4317056284369300556    5.6422927870734502775   10.990127298859729166   )	-0.0012700365418199593 -1.2680967387268538e-10 4.9141608452841004e-11 -1.4828360761498516e-11 2.0373924769501173e-11
1837	(   4.1964028081532998016    0.00020156559626999999   1.5014902204625399929  -14.166436701443819501    -9.4317056294281993445    5.6422927870765402503   10.990127298949779799   )	-0.0012700361549470983 -4.027356226288248e-11 -6.994089739331168e-11 -2.539080057317733e-12 -1.1000977906405751e-10
1838	(   4.1964028081529001213    0.00020156563487000001   1.5014902204622799786  -14.166436702090759781    -9.4317056300736101804    5.6422927870822103813   10.990127299114789139   )	-0.0012700363981598677 1.1829648371985968e-10 -6.889771378740771e-11 2.002775723042305e-11 -4.667111141998248e-11
1839	(   4.1964028081532100956    0.00020156564624         1.5014902205624800491  -14.166436701591999636    -9.4317056292538108409    5.6422927870778396553   10.990127298987580673   )	-0.0012700364698854686 -3.952393967665557e-12 -9.823133680173651e-12 1.0263256911002827e-10 1.8675549995350593e-10
1840	(   4.1964028081532100956    0.00020156564629999999   1.5014902203624800325  -14.166436701589519842    -9.4317056292567293951    5.6422927870778201154   10.990127298986939408   )	-0.00127003647009435 -4.561684363579843e-12 -9.932965962331647e-12 -9.744671736200416e-11 -2.1307400288606004e-10
1841	(   4.1964028081544002546    0.00020156566627000001   1.5014902204578599587  -14.166436701572299839    -9.4317056293233303421    5.6422927870791701466   10.990127298972700132   )	-0.0012700365960035174 -7.602807272633072e-12 6.161488040699187e-12 3.3681946121078e-12 1.993250009491021e-11
1842	(   4.1964028081579698437    0.00020156572626999999   1.5014902204439999345  -14.166436701516920138    -9.4317056295275101263    5.6422927870831900421   10.990127298929019517   )	-0.0012700369740443406 -1.7640999772083887e-11 5.428015307194778e-11 5.6916693580433275e-12 1.19207754778472e-10
1843	(   4.1964028081585595942    0.00020156564888000001   1.5014902204485200965  -14.16643670160567936     -9.4317056293650995968    5.6422927870787100701   10.990127298772700115   )	-0.0012700364864249591 4.758859972753271e-12 -1.3659088020801652e-11 -7.823297565323628e-12 -1.368238855548043e-11
1844	(   4.1964028081560096339    0.00020156565955         1.5014902204542499575  -14.16643670158519086     -9.4317056293394596622    5.6422927870891701474   10.990127298981159143   )	-0.0012700365536591864 -2.8261837314857985e-12 -1.4970860651424694e-12 4.001687869958914e-11 2.184918912462308e-13
1845	(   4.1964028081527899872    0.00020156567299         1.5014902204614699599  -14.166436701559410594    -9.4317056293071992457    5.6422927870691701457   10.990127298964250002   )	-0.0012700366383478477 -1.2381207170619746e-11 1.3820165471007881e-11 -3.327982334155877e-11 3.964562012015449e-11
1846	(   4.1964028081502400269    0.00020156568365999999   1.501490220467200043   -14.166436701538929199    -9.431705629281559311     5.642292787079630223    10.990127299172700148   )	-0.0012700367055820752 -1.9962698161180015e-11 2.5982167426667063e-11 1.4560574967958928e-11 5.354650056688115e-11
1847	(   4.1964028081454198826    0.00020156570382999999   1.5014902204078599546  -14.166436701500240147    -9.4317056292331393763    5.6422927870801702355   10.990127298925420618   )	-0.0012700368326187248 -3.4289904249362735e-11 4.896975026543772e-11 -4.260547470380516e-11 -1.0219380897069641e-11
1848	(   4.1964028081529498593    0.00020156567234000001   1.5014902204611200176  -14.166436701560659372    -9.4317056303233304249    5.6422927870793300187   10.990127298965060021   )	-0.0012700366342520426 -1.191313714343778e-11 -4.595907495178429e-11 7.272404900504625e-12 3.774225376673712e-11
1849	(   4.1964028081558497618    0.00020156566019999999   1.5014902204545998998  -14.166436701583949187    -9.4317056283233302594    5.6422927870790102745   10.990127298980340242   )	-0.0012700365577549915 -3.290701044988964e-12 5.828204260351078e-11 -5.353495424742505e-13 2.1227464230832993e-12
1850	(   4.1964028081744002563    0.00020156566657         1.501490220412939891   -14.16643670173274927     -9.4317056295241403774    5.6422927870769603587   10.990127299077959933   )	-0.0012700365978618319 5.182343443266291e-11 -5.223759331996966e-12 -5.044786810515234e-11 -5.7562843380765116e-11
1851	(   4.1964028081633797385    0.00020156562871000001   1.5014902205078599629  -14.166436701644370189    -9.4317056294135301897    5.6422927870781798276   10.990127299019979645   )	-0.0012700363593883093 1.908606606093599e-11 -3.664729107742508e-11 4.938138786769741e-11 5.008349290847036e-11
1852	(   4.1964028081618200972    0.00020156563526         1.501490220441199952   -14.166436701372299822    -9.4317056293977898918    5.6422927870783503579   10.990127299011730244   )	-0.0012700364006020713 -4.9327653073305555e-11 -2.918135446282853e-11 -1.659161696920819e-11 -7.104894450549182e-11
1853	(   4.1964028081469804121    0.00020156569728         1.5014902204745199654  -14.166436701772299855    -9.4317056292488707925    5.6422927870799899353   10.990127298933670019   )	-0.001270036791404963 3.412203852803941e-11 4.150433043580669e-11 2.332889437184349e-11 1.1091305651689254e-10
1854	(   4.196402808134400253     0.00020156566597         1.5014902205027800264  -14.166436701411850407    -9.4317056291225203069    5.6422927870813897044   10.990127298867440331   )	-0.0012700365941452024 -6.702993715634875e-11 1.7546735088134688e-11 5.7223781269044594e-11 9.742873174900524e-11
1855	(   4.196402808134400253     0.00020156562            1.5014902204330000668  -14.166436701661089259    -9.4317056294344503442    5.6422927870779497894   10.990127299030950425   )	-0.001270036304435747 -5.785594225926616e-12 -4.657464651035455e-11 -2.6404212150055173e-11 -1.468958288342037e-10
1856	(   4.1964028081744002563    0.00020156571254         1.5014902204827200727  -14.1664367014835193      -9.43170562921221034      5.6422927870804002737   10.990127298914460496   )	-0.0012700368875712875 -9.419132140919828e-12 5.88976224833327e-11 3.318101349236713e-11 1.8675994084560443e-10
1857	(   4.1964028081561499661    0.00020156566348999999   1.5014902204526801022  -14.166436701563089429    -9.4317056291115903832    5.6422927870799197692   10.99012729907270014    )	-0.0012700365784832806 -8.116174399219744e-12 1.570275330663e-11 1.2065903831626201e-12 -2.0801138589376933e-12
1858	(   4.1964028081613999888    0.00020156565514999999   1.5014902204371400884  -14.166436701535459974    -9.4317056284763705065    5.6422927870821704133   10.990127299372700165   )	-0.0012700365259225711 -9.655387600560061e-12 4.4326547017333254e-11 -5.2728932331547185e-12 -6.81223966125799e-11
1859	(   4.1964028081569599848    0.00020156566340000001   1.5014902204518099094  -14.166436701663089437    -9.4317056290874603519    5.6422927870799401973   10.990127299083960466   )	-0.0012700365779157127 1.7266188478970435e-11 1.70168932113815e-11 4.18554080283684e-13 -4.0749625895841746e-12
1860	(   4.1964028081553399474    0.00020156566357999999   1.5014902204535500729  -14.16643670146308942     -9.4317056291357204145    5.6422927870799002292   10.990127299061439814   )	-0.0012700365790508485 -3.3499425455829623e-11 1.4388613510298714e-11 1.9975132659055816e-12 -8.79296635503124e-14
1861	(   4.1964028081566198125    0.00020156566344         1.5014902204521800577  -14.166436701562929557    -9.4317056290976797328    5.6422927870699197683   10.990127299079189171   )	-0.001270036578167957 -7.685407865665184e-12 1.646222174962568e-11 -3.955191729687613e-11 -3.218758592993254e-12
1862	(   4.1964028081361499645    0.00020156566565         1.5014902204741400471  -14.166436701570100709    -9.431705629703939664     5.6422927870795200889   10.99012729904620933    )	-0.0012700365921052322 -2.639399809822862e-11 -1.6606379872564567e-11 2.105737806346042e-11 2.723865577536344e-11
1863	(   4.1964028081556801197    0.00020156566354         1.5014902204531799246  -14.166436701563259959    -9.4317056291254992573    5.64229278708991977     10.990127299066209332   )	-0.001270036578798604 -8.544276397515205e-12 1.4943388296521573e-11 4.196443192938659e-11 -9.414691248821327e-13
1864	(   4.1964028081647599677    0.00020156566255999999   1.501490220443439938   -14.166436701560069622    -9.431705630111590466     5.6422927870800902994   10.990127299191700061   )	-0.0012700365726182729 -2.4868995751603507e-13 -4.341780789605433e-11 -7.347233932364361e-12 -2.3144153260545863e-11
1865	(   4.1964028081666704395    0.00020156566505         1.5014902204682099018  -14.166436701568169809    -9.4317056295402394994    5.642292787079630223    10.990127298872700123   )	-0.0012700365883289387 3.652189661806915e-12 -7.680576199998665e-12 1.557043383115797e-11 5.830536053963442e-11
1866	(   4.1964028081761499678    0.00020156566133         1.5014902204312199352  -14.166436701556079925    -9.4317056285192393261    5.6422927870803301076   10.990127299099189173   )	-0.0012700365648613287 1.0160761121369433e-11 4.8011986991365954e-11 -1.8602008822199423e-11 -3.139888349323883e-11
1867	(   4.1964028081456401509    0.00020156566193         1.5014902204371500805  -14.166436701558019706    -9.4317056286829394907    5.6422927870802102035   10.990127299272700157   )	-0.0012700365686376257 -1.9872103962370602e-11 3.9086184728262877e-11 -1.315458852957363e-11 -6.245848283015221e-11
1868	(   4.1964028081475399645    0.00020156566441999999   1.5014902204619200443  -14.166436701566109235    -9.4317056281115903005    5.6422927870797501271   10.990127298953700219   )	-0.001270036584348288 -1.5984547019343154e-11 7.482330613385255e-11 9.763745367763477e-12 1.8981261007411376e-11
1869	(   4.1964028081566500106    0.00020156571349         1.5014902204521400897  -14.166436701562910017    -9.4317056290967506982    5.6422927870799304273   10.990127299079629708   )	-0.0012700368935258642 -7.66053886991358e-12 6.656628284066983e-11 7.096545573404001e-13 9.679634871417875e-11
1870	(   4.196402808161719733     0.00020156566289000001   1.5014902205026801063  -14.166436701561140765    -9.4317056289467497976    5.6422927870800299033   10.990127299149609286   )	-0.0012700365747467443 -3.0251356974986265e-12 2.469491798551271e-11 5.165001759621646e-11 9.625722441342077e-11
1871	(   4.1964028081505801993    0.00020156566408999999   1.501490220402680098   -14.166436701565039868    -9.4317056292764291925    5.642292787079809635    10.990127298995789218   )	-0.001270036582219817 -1.3207213100940862e-11 6.710691925109272e-12 -4.923705887449614e-11 -1.0041834030971586e-10
1872	(   4.1964028081556499217    0.00020156561349         1.5014902204532198926  -14.166436701563270617    -9.4317056291264300683    5.6422927870799099992   10.990127299065779454   )	-0.001270036263440697 -8.571809928525909e-12 -3.516077609188456e-11 1.7070789226636407e-12 -1.0095924096731324e-10
1873	(   4.196402808154839903     0.0002015656626          1.5014902204529099183  -14.166436701578080104    -9.4317056296115904246    5.6422927870792403127   10.990127299071719591   )	-0.001270036572875315 -5.74296166178101e-12 -1.428252622507481e-11 -1.2989609388114332e-12 -4.6345149939952535e-12
1874	(   4.1964028081509097134    0.00020156565993000001   1.501490220453600033   -14.166436701623050354    -9.4317056311115905487    5.6422927870772001668   10.99012729906877972    )	-0.001270036556051419 1.3775647289548942e-12 -1.0423837750535465e-10 -8.822498287486269e-12 -1.2293277507069433e-11
1875	(   4.1964028081558097938    0.00020156566567000001   1.5014902204521201057  -14.166436701678080112    -9.4317056297276398169    5.6422927870792802807   10.990127299088820578   )	-0.001270036592218574 1.9800161510374892e-11 -1.796550495175575e-11 -1.927791259959122e-12 -4.4497738826976274e-13
1876	(   4.1964028081748399046    0.00020156565813         1.5014902204540601094  -14.166436701583100088    -9.4317056294428791574    5.6422927870791896865   10.990127299046859477   )	-0.0012700365447175068 1.5490719817989884e-11 -8.935123853911348e-12 -3.5282887722587475e-13 1.0675904604795505e-11
1877	(   4.1964028081348399013    0.00020156566707         1.5014902204517599493  -14.16643670157306012     -9.4317056297802999154    5.6422927870792900507   10.990127299096579705   )	-0.0012700366010331237 -2.6976643141551904e-11 -1.9629825515716723e-11 -2.248867758680717e-12 -1.9944046414366312e-11
1878	(   4.196402808149160002     0.00020156567181         1.5014902204575300004  -14.166436701598280834    -9.4317056289330700736    5.6422927870790298144   10.990127298971719583   )	-0.001270036630908404 -6.458833468059311e-12 3.4410948591447055e-11 2.4735768988648488e-12 2.5189628161115252e-11
1879	(   4.1964028081538700121    0.00020156565952999999   1.501490220453699953   -14.166436701478080096    -9.4317056294955499141    5.6422927870792101146   10.99012729905462038    )	-0.0012700365535320566 -3.128519665551721e-11 -1.0600064391779601e-11 -6.306066779870889e-13 -8.823164421301044e-12
1880	(   4.1964028081611504106    0.0002015656826          1.5014902204477700298  -14.16643670155560919     -9.4317056303664692507    5.6422927870794703509   10.990127299047049547   )	-0.0012700366988900329 -4.9542592250872985e-12 -3.820934755117793e-11 -5.512923451078677e-12 3.33315597345063e-11
1881	(   4.196402808154740427     0.00020156566230000001   1.5014902204529900764  -14.166436701578419388    -9.4317056296001702265    5.6422927870892403135   10.990127299070039157   )	-0.0012700365709850956 -5.758948873335612e-12 -1.3917978531827191e-11 3.9038994259499304e-11 -5.042188888637611e-12
1882	(   4.1964028081549402671    0.00020156566289999999   1.5014902204528299823  -14.16643670157774082     -9.4317056296230106227    5.6422927870692403118   10.990127299073400025   )	-0.001270036574765535 -5.726086271806707e-12 -1.464707391832243e-11 -4.163691613712217e-11 -4.224176564093796e-12
1883	(   4.1964028081559598959    0.00020156566616         1.50149022047290992    -14.166436701574079748    -9.4317056297458705671    5.6422927870792802807   10.990127299091509983   )	-0.0012700365953236248 -5.6061821851471905e-12 -1.8536362494849662e-11 1.8862023054566635e-11 4.205347181596153e-11
1884	(   4.1964028081598998554    0.00020156567862         1.5014902204487901027  -14.16643670156008028     -9.4317056286115903418    5.6422927870794197247   10.990127299160839414   )	-0.0012700366738131034 -5.10613773485602e-12 5.9928030799513e-11 -4.696909527979187e-12 1.723599041270063e-11
1885	(   4.1964028081485302835    0.0002015656426          1.5014902204580500289  -14.166436701600549242    -9.4317056288567098221    5.6422927870790102745   10.990127299096389635   )	-0.0012700364468605978 -6.530775920055021e-12 9.644393682110841e-12 2.914779528850886e-12 -4.2597925187237706e-11
1886	(   4.19640280815371991      0.00020156565903999999   1.5014902204329099167  -14.16643670158208046     -9.431705629477310282     5.6422927870792003446   10.990127299051929199   )	-0.0012700365504270054 -5.880629316834529e-12 -1.0028690090825229e-11 -2.1460166976794426e-11 -5.1320725447112636e-11
1887	(   4.1964028081605198039    0.00020156565338999999   1.5014902204482900583  -14.166436701557879374    -9.4317056302901107756    5.6422927870794499228   10.990127299171719599   )	-0.0012700365148422264 -5.026201677083009e-12 -6.297600491761944e-11 -5.075273534771441e-12 -3.445688179226636e-11
1888	(   4.1964028081497799505    0.00020156564658         1.501490220457029956   -14.166436701596079928    -9.4317056306115905073    5.6422927870790600124   10.990127298982599768   )	-0.001270036471937527 -6.3797855887059995e-12 -8.849309162512441e-11 2.0949908474676704e-12 -2.6504132222271437e-11
1889	(   4.1964028081567104067    0.00020156567259999999   1.5014902204492499571  -14.166436701552019173    -9.4317056295455294901    5.6422927870777801473   10.990127299052540266   )	-0.0012700366358813632 -1.0276224315930449e-11 -4.3840373497271157e-13 -1.0837331032576003e-11 1.142108629892391e-11
1890	(   4.1964028081623201416    0.0002015657026          1.5014902204382700734  -14.166436701473839932    -9.4317056293473502393    5.6422927870733996514   10.990127298995000515   )	-0.001270036824899507 -2.3876900456798467e-11 4.109375692376918e-11 -3.945244131386971e-11 5.95834492855829e-11
1891	(   4.1964028081627100519    0.00020156568503         1.5014902204292499555  -14.166436701478920313    -9.4317056294928693916    5.6422927870808701201   10.990127299081770218   )	-0.0012700367141859242 -2.2239099450871436e-11 1.5055916664221888e-11 -1.8397727785668394e-11 -1.1546319456101628e-14
1892	(   4.1964028081807098758    0.00020156572231999999   1.5014902203692499505  -14.166436701259620179    -9.4317056293348908724    5.6422927870901400382   10.990127299169460073   )	-0.0012700369490996073 -5.8126836677274696e-11 6.153877434760327e-11 -4.107891804494557e-11 -3.430944417459614e-11
1893	(   4.1964028082127100561    0.00020156568041         1.5014902204206899139  -14.166436701504149909    -9.43170562943435975      5.6422927870770198666   10.990127299036210218   )	-0.0012700366850838531 3.396127823407369e-11 1.384062523336442e-11 -4.245781504153001e-11 2.7201352281736035e-11
1894	(   4.1964028081598501174    0.00020156568128000001   1.5014902204222999593  -14.166436701499389272    -9.4317056304928694743    5.6422927870777499493   10.990127299044809561   )	-0.0012700366905509634 -2.006839139312433e-11 -4.688464774835893e-11 -3.7908787220430895e-11 -2.1373125491663814e-11
1895	(   4.1964028081757795974    0.00020156570213999999   1.5014902203792499513  -14.166436701385439534    -9.4317056297096506512    5.6422927870951298246   10.990127299250559645   )	-0.0012700368219552636 -3.213962429526873e-11 1.9551294583959253e-11 -1.09907638545792e-11 -6.59614585174495e-11
1896	(   4.1964028081701698625    0.00020156569479999999   1.5014902204473599134  -14.166436701678920329    -9.431705629616660147     5.6422927870890102753   10.990127299178150011   )	-0.0012700367757628808 3.4365399415037245e-11 1.7622463790957152e-11 3.248334934369268e-11 5.5647042529471946e-11
1897	(   4.1964028081496396183    0.00020156566792         1.5014902204792499596  -14.166436701572399315    -9.4317056292760899083    5.6422927870666104155   10.990127298912980791   )	-0.0012700366064165845 -1.233946278489384e-11 1.0560435013441671e-11 -2.5804913761362513e-11 6.59357013432782e-11
1898	(   4.1964028081655699864    0.00020156568878000001   1.5014902204361999516  -14.166436701458449576    -9.4317056284928693088    5.6422927870839902909   10.990127299118730875   )	-0.0012700367378208851 -2.4408919330198842e-11 7.699647272844598e-11 1.113331649094107e-12 2.134914467433191e-11
1899	(   4.1964028081127100478    0.00020156568964999999   1.501490220437809997   -14.166436701453690716    -9.4317056295513808095    5.6422927870847203735   10.990127299127330218   )	-0.0012700367432879952 -7.843770077897716e-11 1.6271104743507264e-11 5.6625815147981484e-12 -2.722444492064824e-11
1900	(   4.1964028081578499396    0.00020156573503000001   1.5014902204174500611  -14.166436701513710261    -9.4317056294121996984    5.6422927870755597013   10.990127299018960016   )	-0.0012700370292173613 -1.8549606295437115e-11 6.975013093686068e-11 -5.157607674277642e-11 7.645351018936708e-11
1901	(   4.1964028081675701642    0.00020156563503000001   1.5014902204410600639  -14.166436701444139246    -9.4317056295735408611    5.6422927870861796507   10.990127299144580419   )	-0.001270036399154496 -2.5925039892626955e-11 -3.9638400959988995e-11 1.4787726598797235e-11 -7.645883925988528e-11
1902	(   4.1964028081552502414    0.00020156567526         1.5014902204111399975  -14.166436701278920296    -9.4317056293690804125    5.6422927870727299648   10.990127298985390425   )	-0.0012700366526089677 -7.884359831678012e-11 1.2489266077494315e-11 -6.927858287042454e-11 -5.567279970364325e-11
1903	(   4.1964028081472202203    0.00020156566475000001   1.5014902203916600243  -14.166436701589690372    -9.4317056292359993108    5.6422927870984498355   10.990127298881770201   )	-0.001270036586368045 -1.0509815240311582e-11 9.723329102593811e-12 1.4785062063538135e-11 -1.1555645329508479e-10
1904	(   4.1964028081781998836    0.00020156570531000001   1.5014902204668401087  -14.166436701368159135    -9.4317056297497394723    5.6422927870632904046   10.990127299281770235   )	-0.0012700368420038035 -3.396571912617219e-11 2.0388503765064042e-11 -5.158029559027e-11 1.1552980794249379e-10
1905	(   4.1964028081810500481    0.00020156570904000001   1.5014902204737499147  -14.166436701347800309    -9.4317056297969497081    5.6422927871008701217   10.990127298973819236   )	-0.0012700368655127105 -3.611866361552529e-11 2.1371313816938645e-11 1.0661871385764243e-10 1.638147395510714e-10
1906	(   4.1964028081443700557    0.00020156566102000001   1.5014902203847499962  -14.166436701610049198    -9.4317056291887908515    5.6422927870608701184   10.990127299189719423   )	-0.001270036562859138 -8.356870750958478e-12 8.740415455201628e-12 -1.4341416942897922e-10 -1.638387203684033e-10
1907	(   4.1964028081827100536    0.00020156568244         1.5014902204271600716  -14.166436701462380654    -9.4317056298661707814    5.6422927870859602706   10.990127299057380839   )	-0.0012700366978709878 -6.303402244611789e-12 -9.256699085632286e-12 4.218847493575595e-15 1.2540191107746068e-11
1908	(   4.1964028082427100586    0.00020156567467         1.5014902204208899761  -14.166436701412759902    -9.4317056309860802799    5.642292787101229834    10.990127298984209148   )	-0.0012700366489261782 4.150368937416715e-11 -8.219486362696059e-11 5.5206950122510534e-11 5.019895610303138e-11
1909	(   4.1964028081794397806    0.0002015656734          1.5014902204322200241  -14.166436701579790736    -9.4317056297772801088    5.6422927870921197879   10.990127299257380855   )	-0.0012700366409145237 1.9277912599591218e-11 -1.3124101252374315e-11 2.986144664873791e-11 -1.4376944079685927e-11
1910	(   4.1964028081859803265    0.00020156569148000001   1.5014902204220998971  -14.166436701344979454    -9.4317056299550703358    5.6422927870797998651   10.990127298857380822   )	-0.0012700367548274518 -3.1881164375135995e-11 -5.389813839381044e-12 -2.9856339622824635e-11 3.9458214473597764e-11
1911	(   4.1964028081838096185    0.00020156568548         1.5014902204254600981  -14.166436701422869149    -9.4317056288661706986    5.6422927870838899267   10.990127299072360856   )	-0.0012700367170244903 -1.4912515666765103e-11 5.197386005731039e-11 -1.0030198893673514e-11 1.5146106591146236e-11
1912	(   4.1964028081327100494    0.00020156568465000001   1.5014902204259199525  -14.166436701433680057    -9.4317056298878991782    5.6422927870844503673   10.990127299068259248   )	-0.001270036711779702 -6.335554303404933e-11 -8.311086655042946e-12 -7.314149286230531e-12 -3.637268264355953e-11
1913	(   4.1964028081816096005    0.0002015656794          1.5014902204288600451  -14.166436701501890383    -9.4317056308661708641    5.6422927870880297263   10.990127299042400821   )	-0.0012700366787174852 2.304822999121825e-12 -7.048726665824685e-11 1.0035527964191715e-11 9.9342756243459e-12
1914	(   4.1964028082327100577    0.00020156568023         1.5014902204283999687  -14.166436701491079475    -9.4317056298444406082    5.6422927870874701739   10.990127299046500653   )	-0.0012700366839622733 5.0748738544825756e-11 -1.0202208191754589e-11 7.322809025822608e-12 6.145395303747136e-11
1915	(   4.1964028081882895904    0.00020156569782999999   1.501490220418540078   -14.166436701262380637    -9.431705630017610531     5.6422927871055597038   10.990127299133199301   )	-0.0012700367948355864 -4.986855373090293e-11 -2.679062836375215e-12 7.028821968901866e-11 2.5713653428738326e-11
1916	(   4.1964028081771402867    0.00020156566704999999   1.5014902204357800652  -14.166436701662380671    -9.4317056297147399135    5.6422927870663599492   10.990127298981569481   )	-0.0012700366009063921 3.7271519204296055e-11 -1.5834852390905416e-11 -7.028289061850046e-11 -6.226130722097878e-13
1917	(   4.1964028081933397729    0.00020156571178         1.5014902204107301031  -14.166436701382130181    -9.431705630154770148     5.6422927870659602689   10.990127299201869704   )	-0.0012700368827274747 -1.539302019182287e-11 3.2895421683918485e-12 -9.694200997500957e-11 3.765876499528531e-11
1918	(   4.1964028081814399584    0.00020156567894999999   1.5014902203771600675  -14.166436701507770124    -9.4317056298318000529    5.6422927870883397006   10.990127299040169717   )	-0.0012700366758383172 3.580247209811205e-12 -1.0746647251562089e-11 -4.04165589884542e-11 -9.43591871305216e-11
1919	(   4.1964028081720901042    0.00020156565310000001   1.5014902204435900401  -14.166436701542629351    -9.4317056295775696384    5.6422927871059602722   10.990127298912890197   )	-0.0012700365130145037 2.7959856652159942e-12 -2.180283774702585e-11 9.695089175920657e-11 -1.2566836460337072e-11
1920	(   4.1964028081802400294    0.00020156573243999999   1.501490220430979905   -14.16643670155102086     -9.43170562979906002      5.6422927870906098846   10.990127299023779273   )	-0.0012700370129163602 1.3008261134928034e-11 4.464851353761824e-11 2.254241238119903e-11 1.2034639951252757e-10
1921	(   4.1964028081839801487    0.00020156568593000001   1.5014902204771600758  -14.166436701416989408    -9.4317056299005397335    5.6422927870835799524   10.990127299074590184   )	-0.0012700367199036586 -1.6187051699034782e-11 -7.7666476223405e-12 4.04218880589724e-11 1.1944134570285314e-10
1922	(   4.1964028081851800778    0.00020156563243999999   1.5014902204233400163  -14.166436701373740448    -9.4317056299332904246    5.6422927870813097684   10.990127299090980628   )	-0.0012700363828256152 -2.561417744573191e-11 -6.316242865647866e-11 -2.2537749444495603e-11 -9.526424094019603e-11
1923	(   4.1964028081824595873    0.00020156568219         1.5014902204271098896  -14.166436701460970227    -9.4317056298715904461    5.6422927870861503408   10.990127299157380847   )	-0.001270036696295655 -6.900258142650273e-12 -9.822072435982168e-12 7.192024753521764e-13 3.846700735721242e-12
1924	(   4.1964028081817099647    0.00020156568144000001   1.5014902204269600094  -14.166436701456740721    -9.4317056298878494403    5.6422927870867196631   10.990127299457380872   )	-0.001270036691569658 -8.688161301506625e-12 -1.1518192351506543e-11 2.8617108682738035e-12 -2.2232882201933535e-11
1925	(   4.1964028081766402423    0.00020156568814999999   1.5014902204218298909  -14.166436701473610782    -9.4317056300633499433    5.6422927870849601817   10.990127299357380863   )	-0.0012700367338425401 -9.612755036414455e-12 -1.5020664833470532e-11 -9.351630581022619e-12 -1.6298962179916998e-11
1926	(   4.1964028081859199304    0.00020156567865000001   1.5014902204302400524  -14.166436701560970235    -9.4317056297576797874    5.6422927870868599953   10.990127299180180387   )	-0.0012700366739943135 2.113331731834478e-11 -6.733547584531624e-12 6.706413202550721e-12 4.6984638402136625e-12
1927	(   4.196402808162919662     0.00020156570219000001   1.501490220409400056   -14.166436701503370088    -9.4317056295147700951    5.6422927870821402152   10.990127299028630503   )	-0.001270036822291917 -1.602185051297056e-11 3.094150256106529e-11 -3.313438412533287e-11 -1.014299755297543e-12
1928	(   4.1964028081882798205    0.00020156567622999999   1.5014902204323901103  -14.16643670144834033     -9.4317056296798291726    5.6422927870873502698   10.99012729895738083    )	-0.0012700366587487704 -4.18420853520729e-12 -4.6233769579722556e-12 1.0830447649823327e-11 2.3994140008198883e-11
1929	(   4.1964028081790001323    0.00020156568573         1.5014902204239799488  -14.166436701360970218    -9.4317056299855099866    5.642292787085439798    10.990127299134590189   )	-0.0012700367185969972 -3.4932945425225626e-11 -1.291111415371339e-11 -5.271116876315318e-12 2.994049452809122e-12
1930	(   4.1964028081792097424    0.00020156568550999999   1.501490220424170019   -14.166436701468020587    -9.4317056299785395623    5.6422927870961503416   10.9901272991359793     )	-0.0012700367172110325 -8.417266883498087e-12 -1.2725501289658978e-11 3.803779513589234e-11 3.035793838535028e-12
1931	(   4.1964028082024595889    0.00020156569424         1.5014902204164399802  -14.166436701486519567    -9.4317056302594100003    5.6422927870837300546   10.990127299079780698   )	-0.0012700367722180191 1.9377388582597632e-11 -2.033950959046127e-11 -1.9694246233825652e-11 3.269295945074191e-11
1932	(   4.1964028081857103203    0.00020156567887         1.5014902204300499822  -14.166436701453919866    -9.4317056297646395535    5.6422927870761503399   10.990127299178780618   )	-0.001270036675380278 -5.381473044963059e-12 -6.918540284943375e-12 -3.6598502006768285e-11 4.658495811327157e-12
1933	(   4.1964028081624595856    0.00020156567014000001   1.501490220437780021   -14.166436701435420886    -9.4317056294837691155    5.6422927870885697388   10.990127299234979219   )	-0.0012700366203732914 -3.317790486789818e-11 6.954668503415806e-13 2.1129542560061054e-11 -2.4999557979299425e-11
1934	(   4.1964028081921203039    0.0002015656723          1.5014902204071101099  -14.166436701440009216    -9.4317056295534307253    5.6422927870881300905   10.990127299221040147   )	-0.0012700366339661786 -2.390088127413037e-12 -1.1981809587471165e-12 -1.1310063996461395e-11 -5.126654656351093e-11
1935	(   4.1964028081727997588    0.00020156569208000001   1.5014902204471098912  -14.166436701481929461    -9.4317056301897501669    5.6422927870841697029   10.99012729909371977    )	-0.001270036758625132 -1.1409539979467809e-11 -1.844596472636885e-11 1.2745360322696797e-11 5.896083621337311e-11
1936	(   4.1964028082020004007    0.00020156566219         1.5014902204448199452  -14.166436701418570365    -9.4317056302284107971    5.6422927870901595782   10.990127299286140072   )	-0.0012700365702993936 2.2222224060897133e-12 -5.0585648517231796e-11 3.4569680451568274e-11 8.707701226740028e-12
1937	(   4.1964028081948701043    0.00020156570219000001   1.5014902204383600015  -14.166436701434049539    -9.4317056294629608715    5.642292787088700301    10.990127299239150105   )	-0.0012700368223260827 -1.1048939541069558e-12 3.395631009445871e-11 2.223532469258771e-11 7.23447968198343e-11
1938	(   4.1964028081700499584    0.00020156566219         1.5014902204158599996  -14.166436701487899796    -9.4317056302802200207    5.6422927870836003805   10.990127299075620471   )	-0.001270036570265228 -1.269206961751479e-11 -5.3600456348780814e-11 -2.0796031563463657e-11 -6.464873081313272e-11
1939	(   4.1964028081815598625    0.00020156567809999999   1.5014902204272899677  -14.166436701429830691    -9.4317056296715904296    5.642292787086599759    10.990127299137689931   )	-0.0012700366705250268 -1.545163996752308e-11 -2.2739599103444724e-12 2.708722135480457e-12 -3.3297808954557695e-12
1940	(   4.1964028081924595881    0.00020156568108         1.5014902204271600716  -14.166436701452520097    -9.431705629886190323     5.6422927870862702449   10.990127299152039342   )	-0.001270036689304772 1.0240697179142444e-12 -1.1781647407888354e-11 1.2523315717771766e-12 1.2144951710979512e-11
1941	(   4.1964028081724595864    0.00020156568330000001   1.5014902204270599295  -14.166436701469420356    -9.4317056298569905692    5.6422927870860304367   10.990127299162720576   )	-0.0012700367032865386 -1.482369782479509e-11 -7.862497409865873e-12 1.8696155734687636e-13 -4.452438417956728e-12
1942	(   4.1964028081839099826    0.00020156567536000001   1.5014902204268298913  -14.166436701510969343    -9.4317056297852008839    5.642292787085439798    10.990127299188999999   )	-0.0012700366532609987 6.836309296431864e-12 -1.1625015566060076e-11 -2.4211743721025414e-12 -1.1403322730529908e-11
1943	(   4.1964028081830502259    0.00020156568484999999   1.5014902204269999775  -14.166436701481240235    -9.4317056298365802292    5.6422927870858599064   10.990127299057380839   )	-0.0012700367130560226 -1.3287149158713873e-12 -5.1248083196824695e-12 -5.59996493620929e-13 1.738076349511175e-11
1944	(   4.1964028081833602002    0.00020156568627999999   1.5014902204269300334  -14.166436701492109762    -9.4317056300715904626    5.6422927870857098043   10.990127299177080644   )	-0.001270036722066284 1.652900039061933e-12 -1.737018531398557e-11 -1.233901869568399e-12 1.1023182366898254e-11
1945	(   4.1964028081818698368    0.00020156567952999999   1.5014902204272200237  -14.166436701440710877    -9.431705629906600663     5.6422927870864398869   10.990127299257380855   )	-0.001270036679535288 -1.2468248655750358e-11 -1.4519336498071758e-11 1.9952928198563313e-12 -9.686473845249566e-12
1946	(   4.1964028081824098493    0.00020156568197999999   1.5014902204171101108  -14.166436701459369729    -9.4317056298743597864    5.6422927870861698807   10.9901272991563701     )	-0.0012700366949640015 -7.342570995660935e-12 -1.0193221863363106e-11 -9.201972517303147e-12 -1.6542323066914832e-11
1947	(   4.1964028081846702634    0.00020156569218999999   1.5014902204266800112  -14.166436701470100701    -9.4317056297400494458    5.6422927870850596577   10.990127299205520117   )	-0.0012700367593045383 -2.446043367854145e-12 7.832371795406246e-12 -4.101163852965328e-12 2.142108712632762e-11
1948	(   4.1964028081827002836    0.00020156568328         1.5014902204270599295  -14.166436701469280024    -9.4317056298572303774    5.6422927870911498971   10.990127299162640639   )	-0.0012700367031636206 -4.617639604020951e-12 -7.896451992717851e-12 2.0796697697278432e-11 5.753619802817411e-12
1949	(   4.1964028081822197791    0.00020156568110000001   1.5014902204271600716  -14.166436701452660429    -9.4317056298859505148    5.6422927870811498963   10.990127299152129936   )	-0.00127003668942769 -9.181988502859895e-12 -1.1747692852141431e-11 -1.9361179326438105e-11 1.9388934902053734e-12
1950	(   4.1964028081825102134    0.00020156568239999999   1.5014902204371098904  -14.166436701462570724    -9.4317056298688299876    5.6422927870861299127   10.990127299158389818   )	-0.001270036697627309 -6.4570571112199104e-12 -9.451439793566746e-12 1.063726884353855e-11 2.4238389073616418e-11
1951	(   4.1964028081810100801    0.00020156568902         1.5014902204273901098  -14.166436701410969334    -9.4317056299579800083    5.6422927870868697653   10.990127299125759919   )	-0.001270036739330312 -2.063593740331271e-11 -8.019129333009314e-12 3.895550548804749e-12 1.9098500558811793e-11
1952	(   4.1964028081802497994    0.00020156567218999999   1.50149022042753999    -14.166436701451839753    -9.4317056300031296701    5.6422927870872401357   10.9901272991092398     )	-0.0012700366332867722 -1.1352696560607e-11 -2.747641345132376e-11 5.536460179200731e-12 -1.3727685654885136e-11
1953	(   4.1964028081823503413    0.00020156568209         1.5014902204279800824  -14.166436701480970228    -9.4317056298609305287    5.6422927870864096889   10.990127299156990048   )	-0.0012700366956662722 -2.0943247136528953e-12 -9.301765900495557e-12 2.6336710590157963e-12 5.3086424145476485e-12
1954	(   4.196402808182019939     0.00020156568179000001   1.5014902204305899946  -14.166436701540970233    -9.4317056298289507765    5.6422927870871903977   10.990127299155819429   )	-0.0012700366937781226 1.2319034681240737e-11 -7.740846239825613e-12 8.386402683413507e-12 9.689138380508666e-12
1955	(   4.1964028081822704053    0.00020156568243         1.5014902204297799759  -14.166436701510260576    -9.4317056296853092334    5.6422927870863697208   10.990127299206989164   )	-0.0012700366978100621 5.022648963404208e-12 1.2577352354048443e-12 4.2725822879674524e-12 5.5857540814940876e-12
1956	(   4.1964028081820297089    0.00020156568345         1.5014902204351801007  -14.166436701598129844    -9.4317056291584506766    5.6422927870862498168   10.990127299356990065   )	-0.001270036704241432 2.637356999457552e-11 3.293592701629662e-11 9.190204153242121e-12 6.420641796012205e-12
1957	(   4.1964028081772699608    0.00020156568333999999   1.5014902204306699307  -14.166436701515220165    -9.4317056296795200865    5.6422927870868599953   10.990127299183789944   )	-0.0012700367035430823 1.240785252321075e-12 2.5046089063406746e-12 7.136291557685581e-12 6.005862474012247e-12
1958	(   4.1964028081872699616    0.00020156568152000001   1.5014902204288900212  -14.16643670150530987     -9.4317056296911001567    5.6422927870858901045   10.990127299230190161   )	-0.0012700366920770422 8.805400852907042e-12 1.0758212896921915e-14 1.4517276269998547e-12 5.1665338673956285e-12
1959	(   4.1964028081812099202    0.00020156568463         1.5014902204259499285  -14.166436701488899885    -9.4317056297102794815    5.642292787084279837    10.990127299306989173   )	-0.0012700367116683887 -1.2869705301454815e-12 2.0047025834062787e-12 -7.970513138388924e-12 -6.5778493762991275e-12
1960	(   4.1964028081809203741    0.00020156567742999999   1.5014902204248901096  -14.166436701483000604    -9.4317056297171806278    5.6422927870836998565   10.990127299212170797   )	-0.0012700366663012286 -3.0251356974986265e-12 -5.59687894446069e-12 -1.1365575147692653e-11 -1.594990806097485e-11
1961	(   4.1964028081825199834    0.00020156568335         1.5014902204306799227  -14.166436701410260568    -9.4317056296794703485    5.6422927870868599953   10.990127299183610532   )	-0.0012700367036076882 -1.930100523850342e-11 2.5175032143578274e-12 7.146283564907208e-12 1.1309175818041695e-11
1962	(   4.1964028081817001947    0.00020156568034000001   1.5014902204277400521  -14.166436701498870576    -9.4317056296986194752    5.6422927870913701653   10.990127299260310068   )	-0.0012700366846393714 1.6537882174816332e-12 -1.606795127723562e-12 2.2363888518839303e-11 -7.426059767112747e-12
1963	(   4.1964028081828397276    0.00020156568451999999   1.5014902204318198997  -14.166436701521650576    -9.431705629672000768     5.6422927870813701645   10.990127299153670037   )	-0.0012700367109807528 8.390621530907083e-12 4.1221622469611585e-12 -1.3814949184620673e-11 1.8596679751681222e-11
1964	(   4.1964028081833300021    0.00020156568023         1.5014902204336100233  -14.166436701531630149    -9.4317056296603407617    5.6422927870884596047   10.990127299106989156   )	-0.0012700366839517355 1.1334044813793298e-11 5.106645358313178e-13 1.6516343848138604e-11 1.7750245717707003e-11
1965	(   4.1964028081823299132    0.00020156568263000001   1.5014902204299800381  -14.166436701511379681    -9.4317056301853092748    5.642292787086479855    10.990127299201770228   )	-0.0012700366990704211 5.356604049211455e-12 -2.7637546737941873e-11 4.915845508435268e-12 6.8549610432455665e-12
1966	(   4.196402808182019939     0.00020156568151         1.5014902204288800291  -14.166436701610260585    -9.4317056296911498947    5.6422927870858803345   10.990127299230369573   )	-0.001270036692012436 2.934541498689214e-11 -2.1360680151766287e-15 1.4024337247064977e-12 -1.376676550535194e-13
1967	(   4.1964028081822197791    0.00020156568222999999   1.5014902204295799137  -14.166436701509150353    -9.4317056291853091921    5.6422927870862595867   10.990127299212209877   )	-0.0012700366965497061 4.699352018633363e-12 3.0153015148767434e-11 3.6293190674996367e-12 4.32631708235931e-12
1968	(   4.1964028081824897853    0.00020156568323999999   1.5014902204097799743  -14.166436701514699692    -9.4317056296801204951    5.6422927870867995992   10.99012729918622       )	-0.0012700367028969063 6.333600310881593e-12 2.3696708115715504e-12 -1.3996581671449349e-11 -3.0945912499191763e-11
1969	(   4.1964028081836204365    0.00020156568743000001   1.5014902204346700643  -14.16643670153752943     -9.4317056296534396154    5.6422927870890395852   10.990127299201800426   )	-0.001270036729318896 1.3073986337985843e-11 8.11224609080334e-12 1.9910961768232482e-11 2.7123192580802424e-11
1970	(   4.196402808182050137     0.00020156568162000001   1.5014902204497799776  -14.166436701505819684    -9.4317056296904997481    5.6422927870859398425   10.990127299227760105   )	-0.0012700366927232178 3.711697615926823e-12 1.4569633477110044e-13 2.254241238119903e-11 4.211653248376024e-11
1971	(   4.1964028081802702275    0.00020156568243         1.5014902204265498931  -14.166436701509999452    -9.4317056296596692988    5.642292787086529593    10.990127299204580424   )	-0.0012700366978067247 2.958522316021117e-12 2.7497373410352577e-12 1.6859846851957627e-12 -2.6840751843337785e-12
1972	(   4.1964028081742696941    0.00020156568243         1.5014902204168600885  -14.166436701509219631    -9.4317056295827494949    5.6422927870870100975   10.990127299197350652   )	-0.0012700366977967126 -3.233857626128156e-12 7.225743522401226e-12 -6.068923141810956e-12 -2.7498892052335577e-11
1973	(   4.1964028081792603686    0.00020156568274999999   1.5014902204290700993  -14.166436701510539464    -9.4317056296453198883    5.6422927870845303033   10.990127299200310063   )	-0.0012700366998248253 2.0810020373573934e-12 3.9047374817031966e-12 -3.842259843622742e-12 2.3208102106764272e-12
1974	(   4.1964028081780702095    0.00020156568313000001   1.5014902204320199619  -14.166436701511180729    -9.4317056296284906836    5.6422927870867196631   10.99012729925457954    )	-0.001270036702221286 1.0480505352461478e-12 5.264038337171595e-12 7.921663325305417e-12 3.533173753567098e-12
1975	(   4.1964028081800401893    0.00020156568251         1.5014902204271300956  -14.166436701460000336    -9.4317056296563297479    5.6422927870865500211   10.990127299203589217   )	-0.0012700366983112144 -9.557687974393048e-12 3.0240676770435654e-12 2.348565786292056e-12 -1.5170087408478139e-12
1976	(   4.1964028081824702454    0.00020156568172999999   1.5014902204210800463  -14.166436701508819951    -9.4317056296908496904    5.642292787086340411    10.990127299154579532   )	-0.0012700366933921633 4.8689940967960865e-12 2.3533299332682833e-13 -4.545031018210466e-12 -8.902212300654355e-12
1977	(   4.1964028081812800863    0.00020156568211000001   1.5014902204240299088  -14.166436701509459439    -9.4317056296740204857    5.6422927870885297708   10.990127299208850786   )	-0.0012700366957886244 3.835154416265141e-12 1.594633794585118e-12 7.218448061507843e-12 -7.689848757763684e-12
1978	(   4.1964028081805100356    0.00020156568235         1.5014902204259699126  -14.166436701560000344    -9.431705629663010626     5.642292787086510053    10.990127299205569855   )	-0.001270036697302238 1.5484502569051983e-11 2.475303653454858e-12 1.0274003869881199e-12 -3.843148022042442e-12
1979	(   4.196402808175269783     0.00020156568118000001   1.501490220438969958   -14.166436701512669316    -9.4317056295888299644    5.6422927870869701295   10.990127299183480858   )	-0.0012700366899396447 -1.3864465131518955e-12 5.621917617852287e-12 1.587974196581854e-11 1.63096203209534e-11
1980	(   4.1964028081852697838    0.00020156568368         1.5014902204141300501  -14.166436701507329587    -9.4317056297305104096    5.6422927870860899446   10.990127299225679991   )	-0.0012700367056738048 7.30171478835473e-12 -1.2254636866902702e-13 -1.2503775792538363e-11 -2.1680435224880057e-11
1981	(   4.1964028081796396208    0.00020156568263000001   1.5014902204281299625  -14.166436701510340512    -9.4317056301596693402    5.6422927870865899891   10.990127299201899902   )	-0.001270036699068042 2.41140440948584e-12 -2.6145544523891243e-11 3.5091929362351948e-12 4.547473508864641e-13
1982	(   4.196402808180899946     0.00020156568222999999   1.5014902204249700457  -14.166436701509660168    -9.4317056291596692574    5.642292787086470085    10.990127299207259171   )	-0.0012700366965454073 3.504752044136694e-12 3.164501709176752e-11 -1.3322676295501878e-13 -5.824674076393421e-12
1983	(   4.1964028081811299842    0.00020156568442999999   1.5014902204420899068  -14.166436701513340779    -9.4317056295710006708    5.6422927870870802636   10.990127299178169551   )	-0.001270036710421845 4.638955886093754e-12 9.909414109589287e-12 1.9442891741050516e-11 3.532640846515278e-11
1984	(   4.1964028081844002571    0.00020156568111000001   1.5014902204465498947  -14.166436701507789664    -9.4317056297182304547    5.6422927870861698807   10.990127299222020696   )	-0.0012700366895077595 6.544986774770223e-12 -1.9779689496533803e-12 2.023781142668213e-11 3.743760856877998e-11
1985	(   4.1964028081794202407    0.00020156568043000001   1.5014902204110101014  -14.166436701506659901    -9.4317056297483397032    5.6422927870859798105   10.990127299230989522   )	-0.0012700366851916074 1.2869705301454815e-12 -4.410042914616136e-12 -1.606692556777034e-11 -4.0684788871203637e-11
1986	(   4.1964028081761401978    0.00020156568374999999   1.5014902204065498914  -14.16643670151220924     -9.4317056296011099192    5.6422927870868901934   10.990127299187140153   )	-0.00127003670610569 -6.288303211476887e-13 7.47734019883664e-12 -1.6862067298006878e-11 -4.2806647115867236e-11
1987	(   4.1964028081799797931    0.00020156568261         1.5014902204283799847  -14.16643670148999945     -9.4317056296961307993    5.6422927870867498612   10.990127299206189804   )	-0.0012700366989423391 -2.2462032234216167e-12 8.080222959911537e-13 4.403144515663371e-12 9.192646643896296e-13
1988	(   4.1964028081791102665    0.00020156568314999999   1.5014902204338700376  -14.166436701429999445    -9.4317056298055206298    5.6422927870874097778   10.990127299211019718   )	-0.001270036702349183 -1.7859491663330118e-11 -5.017432948067543e-12 1.2549739025757845e-11 1.1731948745818954e-11
1989	(   4.1964028081811797222    0.00020156568306000001   1.5014902204209898962  -14.166436701511550211    -9.431705629800070767     5.642292787088750039    10.990127299213810375   )	-0.0012700367017718375 4.248157381425699e-12 -4.790302377856437e-12 5.065503572154739e-12 -1.2359002710127243e-11
1990	(   4.196402808180890176     0.00020156568061000001   1.5014902204227800198  -14.166436701506309959    -9.4317056297748003146    5.642292787086340411    10.990127299211959411   )	-0.0012700366863361624 2.6716406864579767e-12 -5.7698006528800194e-12 -2.845057522904426e-12 -1.3822720745793049e-11
1991	(   4.1964028081749802368    0.00020156568297999999   1.5014902204222100313  -14.166436701507970852    -9.4317056297828205658    5.6422927870863004429   10.990127299212549161   )	-0.0012700367012669245 -2.829736445164599e-12 -3.8665035528764186e-12 -3.5762504069225542e-12 -1.617905809325748e-11
1992	(   4.1964028081787798641    0.00020156568215999999   1.5014902204357700732  -14.166436701468450465    -9.4317056295921997133    5.6422927870847496834   10.990127299198569233   )	-0.001270036696112841 -8.742340185108333e-12 6.405830076453012e-12 3.7407854591720024e-12 1.4195755682067102e-11
1993	(   4.1964028081790702984    0.00020156568461         1.5014902204339799496  -14.166436701473690718    -9.4317056296174595076    5.6422927870871601996   10.990127299200420197   )	-0.0012700367115485163 -7.16315895488151e-12 7.38594854222431e-12 1.1654677223305043e-11 1.5662138252992008e-11
1994	(   4.1964028081849802376    0.00020156568223999999   1.5014902204345499381  -14.166436701472029824    -9.4317056296094392565    5.6422927870872099376   10.990127299199830446   )	-0.001270036696617754 -1.6617818232589343e-12 5.482651415115655e-12 1.2424949957789977e-11 1.801847560045644e-11
1995	(   4.1964028081822597471    0.00020156568346000001   1.5014902204143900644  -14.166436701530770392    -9.4317056298928108049    5.6422927870857195742   10.990127299186189802   )	-0.001270036704286925 1.0051515175746317e-11 -9.786896960168809e-12 -1.3734791082242737e-11 -2.1512569503556733e-11
1996	(   4.1964028081808102399    0.00020156568292         1.5014902204233200322  -14.166436701504759199    -9.4317056291961307579    5.642292787086380379    10.990127299211410516   )	-0.0012700367008915765 2.2106760866336117e-12 3.0213302237673545e-11 -2.1445067943659524e-12 -8.16058332020475e-12
1997	(   4.1964028081791502345    0.00020156568230000001   1.5014902204334399372  -14.166436701475239701    -9.4317056301961308407    5.6422927870871202316   10.990127299200970867   )	-0.0012700366969931021 -6.703082533476845e-12 -2.8597259705675365e-11 1.095412649476657e-11 9.99822447056431e-12
1998	(   4.1964028081776998391    0.00020156568176         1.501490220442369905   -14.166436701449230284    -9.4317056294994507937    5.6422927870877801482   10.990127299226189805   )	-0.0012700366935977534 -1.454480980100925e-11 1.1402941281100573e-11 2.2540413979754703e-11 2.3350210653916292e-11
1999	(   4.1964028081831399319    0.00020156568379         1.5014902204089799476  -14.166436701440989765    -9.4317056299688299958    5.6422927870853198939   10.990127299226189805   )	-0.0012700367063618982 -1.1128875598842569e-11 -1.3880496199051434e-11 -2.0753621043922976e-11 -3.3930191989384184e-11
2000	(   4.1964028081778597112    0.00020156568181999999   1.501490220408379983   -14.166436701452079561    -9.4317056295131997956    5.6422927870877099821   10.990127299192769428   )	-0.001270036693947103 -1.368416491231983e-11 1.0662879189630645e-11 -1.1731504656609104e-11 -4.1728398514351284e-11
2001	(   4.1964028081768196543    0.00020156568143         1.5014902204477800218  -14.166436701539009135    -9.4317056294234298264    5.6422927870881798285   10.990127299186189802   )	-0.0012700366915227802 6.636469151999336e-12 1.5496643519189585e-11 2.955991007524972e-11 3.576694496132404e-11
2002	(   4.196402808182099875     0.00020156568339999999   1.5014902204483799864  -14.16643670152791934     -9.4317056298790706848    5.6422927870857897403   10.99012729921961018    )	-0.0012700367039375755 9.190870287056896e-12 -9.047351707874504e-12 2.0537793687935846e-11 4.356515148629114e-11
2003	(   4.1964028081798900871    0.00020156568255999999   1.501490220428759903   -14.166436701509999452    -9.4317056297008292631    5.642292787086599759    10.990127299206470468   )	-0.0012700366986275905 2.5783819523894635e-12 4.846160636413216e-13 4.178657420084164e-12 1.4672707493446069e-12
2004	(   4.1964028081801600933    0.00020156568272000001   1.501490220427629918   -14.166436701490589201    -9.4317056296869203891    5.6422927870870402955   10.990127299216190693   )	-0.0012700366996348537 -1.921129921811371e-12 1.4539811954254744e-12 4.82236472976183e-12 -9.654499422140361e-13
2005	(   4.1964028081798003811    0.0002015656825          1.5014902204291300514  -14.1664367014894097      -9.4317056297053394331    5.642292787086460315    10.990127299196190691   )	-0.001270036698249825 -2.5712765250318625e-12 1.621668023390338e-13 3.987254970638787e-12 2.8030910925735952e-12
2006	(   4.1964028081819799709    0.00020156568240999999   1.5014902204297599919  -14.166436701488919425    -9.4317056297131802722    5.6422927870862098487   10.990127299207209433   )	-0.0012700366976839403 -5.115907697472721e-13 -3.8409602104785834e-13 3.609113008451459e-12 5.198508290504833e-12
2007	(   4.1964028081803999015    0.00020156568161000001   1.5014902204266800112  -14.1664367014913406      -9.4317056296751005107    5.6422927870874204359   10.990127299204930367   )	-0.0012700366926401707 -1.496580637194711e-12 1.0317864997718557e-12 5.402567282430937e-12 -3.963052108701959e-12
2008	(   4.1964028081795596847    0.00020156568361         1.5014902204300799582  -14.166436701488660077    -9.4317056297171593116    5.6422927870860801747   10.990127299207449241   )	-0.0012700367052445078 -2.9958258096485224e-12 5.843614708875983e-13 3.4072744625746054e-12 5.799805080641818e-12
2009	(   4.1964028081779796153    0.00020156568280999999   1.5014902204269999775  -14.166436701491090133    -9.4317056296790902081    5.6422927870872898737   10.990127299205170175   )	-0.001270036700200738 -3.979039320256561e-12 1.9996237467494876e-12 5.197176022875283e-12 -3.361755318564974e-12
2010	(   4.1964028081800703873    0.00020156568265999999   1.5014902204280000664  -14.166436701469999448    -9.4317056296914305591    5.6422927870868999634   10.990127299205909139   )	-0.001270036699257088 -7.069900220812997e-12 1.1315319070181323e-12 4.6271875220327274e-12 3.703704010149522e-13
2011	(   4.1964028081817001947    0.00020156568361         1.5014902204214100045  -14.166436701495479511    -9.4317056296101107193    5.6422927870876096179   10.990127299201029487   )	-0.0012700367052378221 8.206768598029157e-13 6.813578645519999e-12 8.941736240331011e-13 -8.895995051716454e-12
2012	(   4.1964028081801298953    0.00020156568270000001   1.5014902204277700282  -14.166436701490480843    -9.4317056298961308158    5.6422927870869896694   10.990127299205740385   )	-0.001270036699508946 -1.977973340672179e-12 -1.0740090240768385e-11 4.758415883543421e-12 6.483702463810914e-14
2013	(   4.196402808179829691     0.00020156568252         1.5014902204289899412  -14.166436701489519834    -9.4317056294961307827    5.642292787086510053    10.990127299206639222   )	-0.0012700366983757325 -2.5144331061710545e-12 1.2356134534595095e-11 4.047429058573471e-12 1.7745804825608502e-12
2014	(   4.1964028081782602797    0.00020156568161000001   1.5014902204353499648  -14.166436701484519389    -9.431705629782159761     5.6422927870858901045   10.99012729921135012    )	-0.0012700366926468565 -5.313083306646149e-12 -5.19805091981837e-12 7.91167131808379e-12 1.0733636202076013e-11
2015	(   4.1964028081797195568    0.00020156568246000001   1.5014902204183799839  -14.166436701489169891    -9.4317056297091497186    5.642292787086340411    10.990127299206969624   )	-0.0012700366979886734 -2.7107205369247822e-12 -9.95558616014719e-14 -7.2450934140988466e-12 -1.9703350062627578e-11
2016	(   4.1964028081802400294    0.00020156568276         1.5014902204383799855  -14.166436701490830785    -9.4317056296831101037    5.6422927870871601996   10.990127299205409983   )	-0.001270036699896005 -1.7816859099184512e-12 1.7157038593659801e-12 1.6054713114499464e-11 2.1540103034567437e-11
2017	(   4.1964028081802400294    0.0002015656826          1.5014902204281999065  -14.166436701490910721    -9.4317056297150099198    5.6422927870862498168   10.990127299203280131   )	-0.001270036698879257 -1.7621459846850485e-12 -3.005642609799075e-13 2.2100099528188366e-12 1.0258460747536446e-12
2018	(   4.1964028081810198501    0.00020156568256999999   1.501490220427659894   -14.166436701493649863    -9.431705629771650834     5.6422927870847496834   10.990127299194549337   )	-0.0012700366986900106 -3.099742684753437e-13 -3.6265306079322213e-12 -4.369393735714766e-12 1.3509193763638905e-12
2019	(   4.1964028081802897674    0.00020156568267         1.5014902204283400167  -14.16643670149212042     -9.4317056297444104018    5.6422927870862098487   10.990127299213279244   )	-0.0012700366993204505 -1.4148682225822995e-12 -1.94139463619708e-12 2.1891377599558837e-12 7.132072710192006e-13
2020	(   4.1964028081801902914    0.00020156568253000001   1.5014902204280600184  -14.166436701489699246    -9.4317056296856094377    5.6422927870862897848   10.990127299193279242   )	-0.0012700366984380637 -2.1103119252074976e-12 1.340266195552428e-12 2.2308821456817896e-12 1.3420375921668892e-12
2021	(   4.1964028081822402072    0.00020156568254000001   1.5014902204280700104  -14.166436701489779182    -9.4317056296875900756    5.6422927870862897848   10.990127299203550137   )	-0.0012700366985017011 -3.9968028886505635e-14 1.235011821542481e-12 2.240874152903416e-12 2.6263435870532703e-12
2022	(   4.1964028081801600933    0.00020156568248999999   1.5014902204279800824  -14.166436701489029559    -9.4317056296693095874    5.6422927870852497279   10.99012729920372955    )	-0.0012700366981859526 -2.304822999121825e-12 2.2487635668519412e-12 -2.036149027162537e-12 2.5135449277513544e-13
2023	(   4.1964028081782398516    0.00020156568265999999   1.5014902204283300247  -14.166436701492040484    -9.431705629742429764     5.6422927870862098487   10.990127299203010125   )	-0.001270036699256813 -3.4843239404835913e-12 -1.836140262187133e-12 2.1791457527342573e-12 -5.719869022868806e-13
2024	(   4.1964028081806299397    0.0002015656831          1.5014902204292099874  -14.166436701499600659    -9.4317056296338002142    5.6422927870859398425   10.990127299201189359   )	-0.0012700367020306582 7.629452625224076e-13 4.925073749436487e-12 1.972422225549053e-12 4.600764214046649e-12
2025	(   4.1964028081803199655    0.00020156568271000001   1.5014902204284199527  -14.166436701492790107    -9.4317056297607102522    5.6422927870872499057   10.990127299202830713   )	-0.0012700366995725618 -1.2212453270876722e-12 -2.8498920346016476e-12 6.45616893280021e-12 1.802114013571554e-12
2026	(   4.1964028081798501191    0.0002015656821          1.5014902204271900477  -14.166436701482220784    -9.4317056297962196254    5.642292787086559791    10.990127299205369127   )	-0.001270036695727856 -4.288125410312205e-12 -5.526202271396302e-12 2.44759768008862e-12 -2.546407529280259e-12
2027	(   4.1964028081802897674    0.00020156568267         1.5014902204231999061  -14.166436701492079564    -9.4317056297433499168    5.6422927870862098487   10.990127299202999467   )	-0.0012700366993161029 -1.425526363618701e-12 -1.8796844777294736e-12 -2.950972799453666e-12 -8.760991931922035e-12
2028	(   4.196402808179869659     0.00020156568213000001   1.5014902204272499997  -14.166436701499529605    -9.4317056295150099032    5.6422927870865500211   10.990127299205260769   )	-0.0012700366959169384 -1.509903313490213e-14 1.0867548018173717e-11 2.468469872951573e-12 -2.33946195749013e-12
2029	(   4.196402808179869659     0.00020156568286         1.5014902204272499997  -14.166436701482689742    -9.4317056295150099032    5.6422927870865500211   10.990127299205260769   )	-0.0012700367005165645 -4.1522341120980855e-12 1.1597548008751568e-11 2.468469872951573e-12 -8.79296635503124e-13
2030	(   4.1964028081806103998    0.00020156568234         1.5014902204291600274  -14.166436701499129924    -9.4317056299150099363    5.6422927870859496124   10.990127299201299493   )	-0.0012700366972419582 6.270539643082884e-13 -1.219867682886698e-11 1.9613199953028015e-12 2.9531932455029164e-12
2031	(   4.1964028081806103998    0.00020156568306999999   1.5014902204291600274  -14.16643670148230072     -9.4317056299150099363    5.6422927870859496124   10.990127299201299493   )	-0.0012700367018415844 -3.5083047578154947e-12 -1.146867683828913e-11 1.9613199953028015e-12 4.413358567489922e-12
2032	(   4.1964028081801902914    0.00020156568253000001   1.5014902204331999069  -14.16643670148975076     -9.4317056296866699228    5.6422927870862897848   10.990127299203560796   )	-0.0012700366984424113 -2.0969892489119957e-12 1.2785559828747128e-12 7.370770660486414e-12 1.0816236795108125e-11
2033	(   4.1964028081801902914    0.00020156568261         1.5014902204282900566  -14.166436701491360139    -9.4317056297076007354    5.6422927870857497723   10.990127299203809486   )	-0.001270036698942327 -1.70174985214544e-12 1.405803099797931e-13 2.8688162956314045e-13 1.13509202037676e-12
2034	(   4.1964028081800401893    0.00020156568263999999   1.5014902204285600629  -14.166436701492710171    -9.4317056296853696296    5.642292787084249639    10.990127299205399325   )	-0.0012700366991315354 -1.5205614545266144e-12 1.4642207531081336e-12 -5.482059250994098e-12 1.4601653219870059e-12
2035	(   4.1964028081796698189    0.00020156568263000001   1.5014902204272100317  -14.166436701496360584    -9.4317056297130505982    5.6422927870860100086   10.990127299199970778   )	-0.001270036699067273 -9.938716516444401e-13 -1.565502014046899e-13 2.544631172440859e-13 -1.2025935802739696e-12
2036	(   4.1964028081781101776    0.00020156568269         1.5014902204239699568  -14.166436701511360141    -9.4317056297294001865    5.6422927870867898292   10.990127299188459986   )	-0.0012700366994421116 1.1324274851176597e-12 -1.0479418981884647e-12 1.5365486660812167e-13 -8.220979452744359e-12
2037	(   4.1964028081800099912    0.00020156568213000001   1.501490220427659894   -14.166436701496429862    -9.4317056297151893318    5.6422927870860899446   10.990127299201159161   )	-0.0012700366959173274 -6.359357485052897e-13 -7.810043031134667e-13 1.0260681193585697e-12 -1.056932319443149e-12
2038	(   4.1964028081793296465    0.00020156568313000001   1.5014902204267599473  -14.166436701496300188    -9.4317056297109100882    5.6422927870859300725   10.990127299198780619   )	-0.0012700367022172182 -1.3482548411047901e-12 4.680072789812334e-13 -5.173639294753229e-13 -1.3509193763638905e-12
2039	(   4.1964028081795703429    0.00020156568263000001   1.5014902204270699215  -14.166436701506359697    -9.4317056297123897934    5.6422927870859895805   10.99012729919959952    )	-0.0012700366990671243 1.3633538742396922e-12 -1.1809758899972156e-13 3.241851231905457e-14 -1.553424056055519e-12
2040	(   4.196402808179770183     0.00020156568263000001   1.5014902204273499198  -14.166436701486359695    -9.4317056297137096266    5.6422927870860304367   10.990127299200340261   )	-0.0012700366990674216 -3.3510971775285725e-12 -1.9489943513251173e-13 4.769518113789672e-13 -8.5087492607272e-13
2041	(   4.1964028081807995818    0.00020156568267         1.501490220428729927   -14.166436701496580852    -9.4317056297202306325    5.6422927870862702449   10.990127299179970777   )	-0.0012700366993209347 1.900701818158268e-13 -5.34360424832292e-13 2.822186928597148e-12 4.614975068761851e-12
2042	(   4.1964028081800197612    0.00020156568263999999   1.5014902204276801001  -14.166436701496429862    -9.4317056296130505899    5.6422927870860899446   10.990127299201189359   )	-0.001270036699130785 -6.261657858885883e-13 5.67250592201432e-12 1.0462741784067475e-12 1.0658141036401503e-14
2043	(   4.1964028081793198766    0.00020156568262000001   1.5014902204267499553  -14.16643670149628953     -9.4317056298130506065    5.6422927870859300725   10.990127299198750421   )	-0.0012700366990037694 -1.3606893389805919e-12 -5.985606460348972e-12 -5.273559366969494e-13 -2.398081733190338e-12
2044	(   4.1964028081803297354    0.00020156568264999999   1.5014902204280899944  -14.166436701496490258    -9.4317056297172303658    5.6422927870840098308   10.9901272992022907     )	-0.0012700366991942342 -3.0109248427834245e-13 -3.797732256709957e-13 -6.9180217110442754e-12 1.0746958878371515e-12
2045	(   4.1964028081776696411    0.00020156568256999999   1.5014902204314999334  -14.166436701495969785    -9.4317056297003603049    5.6422927870855499322   10.99012729919290976    )	-0.0012700366986922445 -3.0899727221367357e-12 5.219050018545612e-13 2.6920687901110796e-12 5.809575043258519e-12
2046	(   4.1964028081785400559    0.00020156568259         1.5014902204256899143  -14.166436701496140316    -9.4317056297058705638    5.6422927870857497723   10.99012729921997078    )	-0.001270036698813611 -2.177813485104707e-12 2.2125996781280355e-13 -2.313260694108976e-12 -7.02282676456889e-12
2047	(   4.1964028081790099023    0.00020156568261         1.5014902204263300689  -14.166436701496229134    -9.4317056297088797123    5.6422927870880101864   10.990127299197650856   )	-0.0012700366989403117 -1.6857626405908377e-12 6.615598368599207e-14 7.426947945532447e-12 -3.4798830483850907e-12
2048	(   4.1964028081816699967    0.00020156568269         1.5014902204229199079  -14.166436701496749606    -9.4317056297257391151    5.642292787086470085    10.990127299207040679   )	-0.001270036699442301 1.1022294188478554e-12 -8.349021073019575e-13 -2.183364600227833e-12 -8.217426739065559e-12
2049	(   4.1964028081805997417    0.00020156568274999999   1.5014902204322100321  -14.166436701497090667    -9.4317056297366708151    5.6422927870868599953   10.990127299213119372   )	-0.0012700366998278864 1.1546319456101628e-13 -1.411023831414046e-12 8.676392937445598e-12 8.93596308060296e-12
2050	(   4.1964028081787398961    0.00020156568251         1.5014902204222100313  -14.166436701495639383    -9.4317056296894392631    5.6422927870851600218   10.990127299186820409   )	-0.0012700366983066592 -2.100541962590796e-12 1.0974065352189338e-12 -8.167688747562352e-12 -1.13429265979903e-11
2051	(   4.1964028081800597292    0.00020156568251         1.5014902204277700282  -14.166436701496600392    -9.4317056297054193692    5.6422927870859700406   10.990127299209969891   )	-0.0012700366983117617 -5.444533712761768e-13 1.6751525297106773e-13 6.539213615042172e-13 -7.185363415374013e-13
2052	(   4.1964028081812303483    0.00020156568214999999   1.5014902204294500176  -14.166436701497319817    -9.431705629682529235     5.6422927870858501365   10.990127299239970782   )	-0.0012700366960452282 8.020251129892131e-13 1.1395049400592105e-12 1.850963826655061e-12 7.398526236102043e-13
2053	(   4.1964028081800597292    0.00020156568248999999   1.5014902204274500619  -14.166436701497120865    -9.4317056297164008072    5.6422927870858901045   10.990127299189969889   )	-0.0012700366981854738 -4.1655567883935873e-13 -4.915007203315502e-13 1.176836406102666e-14 1.6964207816272392e-13
2054	(   4.1964028081800597292    0.00020156568243         1.501490220426489941   -14.166436701498680506    -9.4317056297493504502    5.6422927870856502963   10.990127299129969884   )	-0.0012700366978066104 -3.375077994860476e-14 -2.4688588575860065e-12 -1.91358040524392e-12 2.8368418725222e-12
2055	(   4.196402808179819921     0.00020156568298999999   1.5014902204266900032  -14.166436701496419204    -9.4317056297192802816    5.6422927870860197785   10.990127299169300201   )	-0.0012700367013351872 -8.286704655802168e-13 -1.5905899102171273e-13 -2.2581936320875684e-13 1.0320633236915455e-12
2056	(   4.1964028081803004255    0.00020156568198999999   1.5014902204282098985  -14.166436701497820749    -9.4317056297135195564    5.6422927870857604304   10.990127299210639578   )	-0.0012700366950357605 -4.440892098500626e-15 -8.238391522794042e-13 2.495781359357352e-13 -6.910028105266974e-13
2057	(   4.1964028081799202852    0.00020156568246000001   1.5014902204269899855  -14.166436701507119977    -9.4317056297181203206    5.6422927870859700406   10.990127299177620657   )	-0.0012700366979960169 1.900701818158268e-12 -6.215601763750328e-13 -1.2612133559741778e-13 1.9539925233402755e-14
2058	(   4.196402808182059907     0.00020156568243         1.5014902204265900831  -14.166436701496339268    -9.4317056297196408821    5.6422927870860402066   10.990127299166749353   )	-0.0012700366978073002 1.3917755836700962e-12 -7.400425216207152e-13 -2.440270208126094e-13 2.1529444893531036e-12
2059	(   4.1964028081802000614    0.00020156568252         1.5014902204279099163  -14.166436701487119976    -9.4317056297146795174    5.6422927870858101684   10.990127299202319122   )	-0.001270036698374931 -2.7338131758369855e-12 -3.613379398210298e-13 1.4988010832439613e-13 3.2240876635114546e-13
2060	(   4.1964028081780604396    0.00020156568255000001   1.5014902204283100406  -14.166436701497909567    -9.4317056297131607323    5.6422927870857400023   10.990127299213190426   )	-0.0012700366985636477 -2.2222224060897133e-12 -2.4295897325249394e-13 2.6778579353958776e-13 -1.8101076193488552e-12
2061	(   4.1964028081803697035    0.00020156568255999999   1.5014902204284199527  -14.166436701498010819    -9.4317056297127397357    5.6422927870868901934   10.990127299216249313   )	-0.001270036698627448 1.1102230246251565e-13 -2.0846098827166648e-13 5.007994019479156e-12 4.991562718714704e-13
2062	(   4.1964028081797497549    0.00020156568242         1.501490220426479949   -14.166436701496239792    -9.4317056297200707604    5.6422927870848900156   10.990127299163690466   )	-0.0012700366977434995 -9.423573033018329e-13 -7.750573999872751e-13 -4.984457291357103e-12 -1.580957587066223e-13
2063	(   4.1964028081816397986    0.00020156568285         1.5014902204324500623  -14.166436701501689654    -9.4317056296975199103    5.6422927870850196896   10.990127299228959146   )	-0.00127003670045849 2.2852830738884222e-12 9.671891380239744e-13 1.5076828674409626e-12 9.413803070401627e-12
2064	(   4.1964028081784796598    0.00020156568213000001   1.5014902204224500615  -14.166436701492550299    -9.4317056297352799277    5.6422927870867596312   10.990127299150980633   )	-0.0012700366959124576 -3.12017078840654e-12 -1.9500872813250913e-12 -1.4876988529977098e-12 -9.070966200397379e-12
2065	(   4.1964028081800304193    0.00020156568247999999   1.5014902204273599118  -14.166436701497039152    -9.4317056295164007906    5.6422927870859096444   10.990127299187520293   )	-0.0012700366981223802 -4.662936703425657e-13 1.1136611543973579e-11 6.661338147750939e-16 1.341149413747189e-13
2066	(   4.1964028081800899272    0.0002015656825          1.50149022042753999    -14.166436701497209683    -9.4317056299164008237    5.6422927870858696764   10.990127299192419486   )	-0.0012700366982485675 -3.6504133049675147e-13 -1.2119613337002386e-11 1.9539925233402755e-14 2.078337502098293e-13
2067	(   4.1964028081804300996    0.00020156568257999999   1.5014902204224500615  -14.166436701498209771    -9.431705629711929717     5.6422927870856902643   10.990127299222059776   )	-0.0012700366987484337 2.2115642650533118e-13 -1.413255092379967e-13 -5.792477608679292e-12 -1.1795897592037363e-11
2068	(   4.196402808179690247     0.00020156568239999999   1.5014902204324500623  -14.16643670149604084     -9.4317056297208807791    5.6422927870860997146   10.990127299157880003   )	-0.001270036697622514 -1.0516032489249483e-12 -8.421927977057819e-13 5.855982365687851e-12 1.2138734462041612e-11
2069	(   4.1964028081810598181    0.0002015656825          1.5014902204274400699  -14.166436701497209683    -9.4317056297075598792    5.6422927870858998745   10.990127299191840393   )	-0.0012700366982487767 6.048495038157853e-13 3.295776737459455e-14 4.1300296516055823e-14 1.0258460747536446e-12
2070	(   4.1964028081800801573    0.00020156568247000001   1.5014902204274600539  -14.166436701502119533    -9.4317056297315602365    5.6422927870858696764   10.990127299186770671   )	-0.0012700366980594713 8.313350008393172e-13 -1.3936363727536788e-12 -6.039613253960852e-14 4.218847493575595e-13
2071	(   4.1964028081800401893    0.00020156568251         1.5014902204274400699  -14.16643670149212042     -9.4317056297012396016    5.6422927870859096444   10.990127299193170884   )	-0.0012700366983114766 -1.6644463585180347e-12 4.107382565576162e-13 8.08242361927114e-14 -7.993605777301127e-14
2072	(   4.1964028081790596403    0.00020156568247999999   1.5014902204274600539  -14.166436701497039152    -9.4317056297252399588    5.6422927870858803345   10.990127299188110044   )	-0.001270036698122171 -1.4370726830748026e-12 -1.0158559106757115e-12 -1.7541523789077473e-14 -6.821210263296962e-13
2073	(   4.1964028081801698633    0.00020156568238000001   1.5014902204275299979  -14.166436701496220252    -9.4317056296884107525    5.6422927870857702004   10.990127299169969888   )	-0.0012700366974924804 -5.284661597215745e-13 1.0272561338890707e-12 -3.907985046680551e-13 1.7905676941154525e-12
2074	(   4.1964028081800401893    0.00020156568251         1.5014902204274300779  -14.166436701497319817    -9.4317056296957204609    5.64229278708539006     10.990127299194339727   )	-0.001270036698311468 -3.8813396940895473e-13 7.31900163305349e-13 -2.02127203863256e-12 -1.9184653865522705e-13
2075	(   4.1964028081799495951    0.0002015656826          1.5014902204273699038  -14.166436701498030359    -9.4317056297443908619    5.6422927870860100086   10.990127299209969891   )	-0.001270036698878467 -3.028688411177427e-13 -2.0102576287622798e-12 4.143352327901084e-13 -1.4486190025309043e-12
2076	(   4.1964028081800801573    0.00020156568247000001   1.5014902204274700459  -14.166436701496920136    -9.4317056297370793772    5.6422927870863901489   10.99012729918561071    )	-0.0012700366980594798 -4.4497738826976274e-13 -1.714798225291303e-12 2.0450308113595383e-12 5.329070518200751e-13
2077	(   4.1964028081799895631    0.00020156568229000001   1.5014902204274001019  -14.166436701497740813    -9.431705629652029188     5.6422927870859700406   10.990127299203550137   )	-0.0012700366969252389 -3.348432642269472e-13 3.0543196552663965e-12 2.8399504969911504e-13 -1.4637180356658064e-12
2078	(   4.1964028081800597292    0.00020156568248999999   1.5014902204254501061  -14.166436701497090667    -9.4317056297196995018    5.6422927870858901045   10.990127299189270005   )	-0.001270036698183782 -4.2454928461665986e-13 -6.834536463249524e-13 -1.9881873924987303e-12 -3.773870105305832e-12
2079	(   4.1964028081801298953    0.00020156568269         1.5014902204275100139  -14.166436701496509798    -9.43170562978077065      5.6422927870858101684   10.990127299176389641   )	-0.0012700366994457175 -4.9649173661237e-13 -4.037217825672568e-12 -2.5002222514558525e-13 1.8269830093231576e-12
2080	(   4.1964028081800597292    0.00020156568248999999   1.5014902204294500176  -14.166436701497149286    -9.4317056297131003362    5.6422927870858998745   10.990127299190669774   )	-0.0012700366981871654 -4.1033842990145786e-13 -2.994445240812188e-13 2.0512480602974392e-12 4.11493061847068e-12
2081	(   4.1964028081799495951    0.00020156568261         1.5014902204273599118  -14.166436701498080097    -9.4317056296164007989    5.6422927870860197785   10.990127299186520204   )	-0.0012700366989414672 -2.913225216616411e-13 5.447555411321539e-12 4.440892098500626e-13 3.9168668308775523e-13
2082	(   4.1964028081801698633    0.00020156568237000001   1.50149022042753999    -14.166436701496170514    -9.4317056298164008155    5.6422927870857604304   10.990127299193419574   )	-0.0012700366974294803 -5.400124791776761e-13 -6.430556987509911e-12 -4.2033043712308427e-13 -4.973799150320701e-14
2083	(   4.1964028081805597736    0.00020156568254000001   1.5014902204271400876  -14.166436701495639383    -9.4317056297191896874    5.6422927870859496124   10.990127299191389199   )	-0.001270036698500406 -2.8066438062523957e-13 -6.037872296322383e-13 -5.861977570020827e-14 3.9968028886505635e-14
2084	(   4.196402808182059907     0.00020156568269         1.5014902204262099428  -14.166436701491200267    -9.4317056297275598808    5.6422927870861299127   10.990127299195650679   )	-0.0012700366994452018 1.2878587085651816e-13 -9.408534877835412e-13 -2.6267876762631204e-13 -3.5349501104064984e-13
2085	(   4.1964028081807400739    0.00020156568273999999   1.5014902204270799135  -14.166436701495230821    -9.4317056297052808134    5.6422927870858501365   10.990127299191309262   )	-0.001270036699760581 -2.007283228522283e-13 4.055778878974542e-13 -5.191402863147232e-13 5.053735208093713e-13
2086	(   4.1964028081807596138    0.00020156568252         1.5014902204270699215  -14.166436701500639828    -9.4317056297036607759    5.6422927870858403665   10.990127299191300381   )	-0.0012700366983743898 1.1475265182525618e-12 2.7984876243593304e-13 -5.686562332130052e-13 6.572520305780927e-14
2087	(   4.1964028081805704318    0.00020156568254000001   1.5014902204271400876  -14.166436701495619843    -9.4317056297185200009    5.6422927870859496124   10.9901272992113892     )	-0.0012700366985004092 -2.753353101070388e-13 -5.648178051567004e-13 -5.861977570020827e-14 -1.517896919267514e-12
2088	(   4.1964028081805500037    0.00020156568254000001   1.5014902204271400876  -14.166436701495660699    -9.4317056297198700321    5.6422927870859496124   10.990127299171389197   )	-0.0012700366985004031 -2.851052727237402e-13 -6.433768448554922e-13 -5.861977570020827e-14 1.5987211554602254e-12
2089	(   4.1964028081803803616    0.00020156568234         1.5014902204272000397  -14.166436701496049722    -9.4317056297331003378    5.6422927870860499766   10.990127299191469135   )	-0.0012700366972402308 -3.597122599785507e-13 -1.6132557258390773e-12 4.056754931980322e-13 -4.2543746303636e-13
2090	(   4.1964028081803599335    0.00020156568255999999   1.5014902204272100317  -14.166436701490640715    -9.4317056297347203753    5.6422927870860597466   10.990127299191479793   )	-0.0012700366986264217 -1.708855279503041e-12 -1.487526681692719e-12 4.547473508864641e-13 1.1546319456101628e-14
2091	(   4.1964028081796298508    0.00020156568262000001   1.5014902204274600539  -14.166436701497760353    -9.4317056297162906731    5.6422927870864496569   10.990127299191790655   )	-0.001270036699004464 -6.901146321069973e-13 -3.5509195952555805e-13 2.2744028882470957e-12 -1.2256862191861728e-13
2092	(   4.1964028081814896964    0.00020156568246000001   1.5014902204268198993  -14.166436701493520189    -9.4317056297220904781    5.642292787085449568    10.990127299190989518   )	-0.001270036697996348 1.2878587085651816e-13 -8.52585878416065e-13 -2.3918644842524373e-12 1.9984014443252818e-13
2093	(   4.1964028081812099202    0.00020156568248999999   1.5014902204269200414  -14.166436701494159678    -9.4317056296691905715    5.6422927870863501809   10.990127299191110311   )	-0.0012700366981853737 5.329070518200751e-15 2.2556891792792355e-12 1.334043986389588e-12 1.7053025658242404e-13
2094	(   4.1964028081796103109    0.00020156568248999999   1.5014902204269200414  -14.166436701494159678    -9.4317056296691905715    5.6422927870855996701   10.990127299191110311   )	-0.0012700366981848895 -1.5942802633617248e-12 2.2556891792792355e-12 -1.6870949082203879e-12 -1.4281908988778014e-12
2095	(   4.196402808179909627     0.00020156568259         1.5014902204273599118  -14.166436701497120865    -9.4317056297691905797    5.6422927870855499322   10.990127299191669863   )	-0.001270036698815438 -5.666578317686799e-13 -3.463367044325913e-12 -1.4479528687161292e-12 -9.237055564881302e-14
2096	(   4.1964028081815101245    0.00020156568259         1.5014902204273599118  -14.166436701497120865    -9.4317056297691905797    5.6422927870863004429   10.990127299191669863   )	-0.0012700366988159222 1.0338396805309458e-12 -3.463367044325913e-12 1.5736301151036969e-12 1.5081269566508126e-12
2097	(   4.1964028081806299397    0.00020156568253000001   1.5014902204291400434  -14.166436701495479511    -9.4317056297138197607    5.6422927870859096444   10.990127299191360777   )	-0.0012700366984391101 -2.495781359357352e-13 -3.0130821340561276e-13 1.780797731498751e-12 4.090949801138777e-12
2098	(   4.1964028081804896075    0.00020156568255000001   1.5014902204251399098  -14.166436701495799255    -9.4317056297245596141    5.6422927870859895805   10.990127299191419397   )	-0.0012700366985617013 -3.1175062531474396e-13 -9.062662729639182e-13 -1.8975931936893176e-12 -4.013678278624866e-12
2099	(   4.1964028081805704318    0.00020156568254000001   1.5014902204271600716  -14.166436701495609185    -9.4317056296991896858    5.6422927870859496124   10.990127299191289723   )	-0.0012700366985004261 -2.779998453661392e-13 5.600239781460015e-13 -3.863576125695545e-14 9.85878045867139e-14
2100	(   4.1964028081805997417    0.00020156568254000001   1.5014902204272200237  -14.166436701495520367    -9.4317056296391896808    5.6422927870859496124   10.990127299190989518   )	-0.0012700366985004857 -2.7000623958883807e-13 4.051457737005992e-12 2.1316282072803006e-14 2.7000623958883807e-13
2101	(   4.1964028081805402337    0.00020156568254000001   1.5014902204273599118  -14.166436701495490169    -9.4317056297085599681    5.6422927870858901045   10.990127299201290612   )	-0.001270036698500586 -3.3661962106634746e-13 1.4762063099693634e-14 -7.838174553853605e-14 -3.170796958329447e-13
2102	(   4.1964028081804496395    0.00020156568254000001   1.5014902204279600983  -14.166436701495129569    -9.4317056297366708151    5.6422927870857098043   10.990127299231289726   )	-0.0012700366985010662 -5.160316618457728e-13 -1.6210238175645014e-12 -2.0383694732117874e-13 -1.55964130499342e-12
2103	(   4.1964028081804798376    0.00020156568253000001   1.5014902204269400254  -14.166436701497490347    -9.4317056297209802551    5.6422927870858297084   10.990127299204120348   )	-0.001270036698437204 9.414691248821327e-14 -7.179813655503603e-13 -7.414069358446795e-13 -1.4592771435673058e-12
2104	(   4.1964028081806103998    0.00020156568255000001   1.5014902204277800202  -14.166436701493489991    -9.4317056296961396811    5.6422927870859496124   10.990127299198469757   )	-0.0012700366985639712 -7.585043704239069e-13 7.475054646446933e-13 5.81312775693732e-13 8.339995360984176e-13
2105	(   4.1964028081804203296    0.00020156568263999999   1.5014902204266100672  -14.166436701495289441    -9.4317056297308106139    5.6422927870857897403   10.990127299206360334   )	-0.001270036699130001 -5.062616992290714e-13 -1.1800154766077736e-12 -1.2321255127289987e-12 -2.134292742539401e-12
2106	(   4.1964028081807001058    0.00020156568255999999   1.5014902204283699927  -14.166436701495770834    -9.4317056296785608538    5.64229278708539006     10.99012729919446052    )	-0.0012700366986275059 -1.0835776720341528e-13 1.7804272325113585e-12 -1.0813572259849025e-12 2.438937940496544e-12
2107	(   4.1964028081810402782    0.00020156568251         1.5014902204261200147  -14.166436701495150885    -9.4317056297453607527    5.6422927870857195742   10.990127299209669687   )	-0.0012700366983106628 7.993605777301127e-14 -2.156696127025501e-12 -2.0048407378681077e-12 -3.013589378042525e-12
2108	(   4.1964028081803803616    0.00020156568252         1.5014902204263500529  -14.166436701495209505    -9.4317056297385608588    5.6422927870863901489   10.990127299208120704   )	-0.0012700366983736662 -5.657696533489798e-13 -1.7510064849891177e-12 9.250378241176804e-13 -3.072209153742733e-12
2109	(   4.1964028081800401893    0.00020156568256999999   1.5014902204286000309  -14.166436701495829453    -9.4317056296717591835    5.6422927870860597466   10.99012729919290976    )	-0.0012700366986905093 -7.540634783254063e-13 2.186220226119834e-12 1.84474657771716e-12 2.3794299863766355e-12
2110	(   4.1964028081803101955    0.00020156568251         1.5014902204258999685  -14.166436701495090489    -9.4317056297518302443    5.6422927870856902643   10.99012729918129061    )	-0.0012700366983102558 -6.652456363553938e-13 -2.533159446094224e-12 -2.3425705819590803e-12 -1.958433415438776e-12
2111	(   4.1964028081807702719    0.00020156568256999999   1.5014902204288200771  -14.166436701495889849    -9.4317056296652896918    5.6422927870860899446   10.990127299221290613   )	-0.0012700366986909163 -8.881784197001252e-15 2.562683545188557e-12 2.1862511800918583e-12 1.3251622021925868e-12
2112	(   4.1964028081803599335    0.00020156568251         1.5014902204262099428  -14.166436701495179307    -9.4317056296085599598    5.6422927870857302324   10.990127299209069278   )	-0.0012700366983105329 -5.933031843596837e-13 5.8038182278782185e-12 -1.871836019518014e-12 -3.467448550509289e-12
2113	(   4.1964028081807196457    0.00020156568256999999   1.5014902204285101028  -14.166436701495809913    -9.4317056298085599764    5.6422927870860499766   10.990127299193510169   )	-0.0012700366986906388 -7.904787935331115e-14 -5.774294237204103e-12 1.715738662255717e-12 2.8332891588433995e-12
2114	(   4.1964028081810003101    0.00020156568261         1.5014902204262299268  -14.166436701496300188    -9.4317056296206995825    5.6422927870863004429   10.99012729918129061    )	-0.0012700366989408293 3.2240876635114546e-13 5.197406822412751e-12 4.4364512064021255e-13 -4.076738946423575e-13
2115	(   4.1964028081800801573    0.00020156568247000001   1.5014902204284898968  -14.16643670149468015     -9.4317056297964203537    5.6422927870854904242   10.990127299221290613   )	-0.0012700366980603424 -9.965361869035405e-13 -5.167882804633581e-12 -5.571099137569036e-13 -2.255973186038318e-13
2116	(   4.1964028081806601378    0.00020156568244         1.5014902204281099785  -14.166436701495699779    -9.4317056296863093223    5.6422927870859895805   10.990127299196229771   )	-0.001270036697871171 -1.6608936448392342e-13 1.2095394943869436e-12 1.0724754417879012e-12 1.5001333508735115e-12
2117	(   4.1964028081805500037    0.00020156568254000001   1.5014902204273699038  -14.166436701496490258    -9.431705629706339522     5.6422927870858803345   10.990127299201640554   )	-0.0012700366985005974 -8.08242361927114e-14 1.4397104385402426e-13 -1.0769163338864018e-13 -3.135269821541442e-13
2118	(   4.1964028081805802017    0.00020156568254000001   1.5014902204274001019  -14.166436701499490525    -9.4317056296996799603    5.6422927870858501365   10.990127299202690381   )	-0.0012700366985006321 6.856737400084967e-13 5.314946616499783e-13 -1.9895196601282805e-13 -3.064215547965432e-13
2119	(   4.1964028081807498438    0.00020156568253000001   1.5014902204273798958  -14.166436701496399664    -9.4317056297054904235    5.6422927870858803345   10.990127299201610356   )	-0.0012700366984376577 9.681144774731365e-14 1.833805730964283e-13 -9.769962616701378e-14 -1.127986593019159e-13
2120	(   4.1964028081813502524    0.0002015656825          1.5014902204274100939  -14.166436701496129658    -9.4317056297029395751    5.6422927870858803345   10.990127299201519762   )	-0.0012700366982488392 6.306066779870889e-13 3.0181583686277047e-13 -6.750155989720952e-14 4.9649173661237e-13
2121	(   4.1964028081807303039    0.00020156568252         1.501490220427609934   -14.166436701494399486    -9.4317056297076202753    5.6422927870858199384   10.990127299202429256   )	-0.0012700366983748378 -4.156675004196586e-13 4.944330535272545e-14 -1.1057821325266559e-13 2.4424906541753444e-13
2122	(   4.1964028081807098758    0.00020156568263000001   1.5014902204277900122  -14.166436701496699868    -9.4317056297092491945    5.6422927870857702004   10.990127299203059863   )	-0.0012700366990680782 1.305622276959184e-13 6.4655610509598e-14 -1.3078427230084344e-13 7.540634783254063e-13
2123	(   4.1964028081807702719    0.00020156568254000001   1.5014902204271500796  -14.166436701498399842    -9.4317056297033694534    5.6422927870859398425   10.990127299200789679   )	-0.0012700366985004782 6.084022174945858e-13 3.168010016645073e-13 -8.748557434046234e-14 -4.671818487622659e-13
2124	(   4.1964028081812498883    0.00020156568252         1.5014902204274900299  -14.1664367014964796      -9.4317056297064691961    5.6422927870858501365   10.990127299201990496   )	-0.0012700366983748937 6.163958232718869e-13 1.1642523425371698e-13 -1.0902390101819037e-13 5.586642259913788e-13
2125	(   4.1964028081802497994    0.00020156568254000001   1.5014902204272699837  -14.166436701496319728    -9.4317056297045098745    5.6422927870859096444   10.990127299201230215   )	-0.001270036698500422 -4.227729277772596e-13 2.504392635112318e-13 -8.926193117986259e-14 -7.824851877558103e-13
2126	(   4.1964028081807898118    0.00020156568243         1.5014902204269700015  -14.166436701496110118    -9.431705629701729876     5.6422927870859895805   10.990127299200160849   )	-0.0012700366978072373 6.483702463810914e-14 3.022089414654594e-13 -6.750155989720952e-14 -9.796607969292381e-13
2127	(   4.1964028081807303039    0.00020156568252         1.501490220427609934   -14.166436701496559536    -9.4317056297075705373    5.6422927870858199384   10.990127299191609467   )	-0.0012700366983748378 1.163513729807164e-13 5.233758305217551e-14 -1.1057821325266559e-13 1.092459456231154e-12
2128	(   4.1964028081807702719    0.00020156568254000001   1.5014902204271500796  -14.166436701496239792    -9.4317056297034103096    5.6422927870859398425   10.990127299211609468   )	-0.0012700366985004782 7.815970093361102e-14 3.144235360356268e-13 -8.748557434046234e-14 -1.3153922395758855e-12
2129	(   4.1964028081806601378    0.00020156568247000001   1.5014902204283799847  -14.166436701497120865    -9.4317056297147008337    5.6422927870858696764   10.990127299205159517   )	-0.0012700366980604252 1.8385293287792592e-13 -4.1257831027464997e-13 8.595346656647962e-13 1.3988810110276972e-12
2130	(   4.1964028081808200099    0.00020156568256999999   1.5014902204278999243  -14.166436701495859651    -9.4317056296985306574    5.6422927870860801747   10.990127299198929833   )	-0.001270036698690153 3.375077994860476e-14 6.283731944067145e-13 1.227240531420648e-12 1.2878587085651816e-12
2131	(   4.196402808180840438     0.00020156568259         1.5014902204263800289  -14.166436701495680239    -9.4317056296962800133    5.6422927870858901045   10.990127299198059418   )	-0.0012700366988148907 9.769962616701378e-15 7.793394564675066e-13 -1.0582645870726992e-12 -1.6218137943724287e-12
2132	(   4.1964028081806796777    0.00020156568248999999   1.5014902204268600894  -14.166436701496950334    -9.4317056297124501896    5.6422927870856796062   10.990127299204290878   )	-0.0012700366981851625 1.616484723854228e-13 -2.616121566340751e-13 -1.425304319013776e-12 -1.5125678487493133e-12
2133	(   4.1964028081807596138    0.00020156568254000001   1.5014902204272699837  -14.166436701496319728    -9.4317056297554895394    5.6422927870859096444   10.990127299201219557   )	-0.0012700366985005762 8.704148513061227e-14 -2.7160958757706938e-12 -8.926193117986259e-14 -2.7267077484793845e-13
2134	(   4.1964028081807400739    0.00020156568252         1.5014902204274900299  -14.1664367014964796      -9.4317056296554895312    5.6422927870858501365   10.990127299202010036   )	-0.0012700366983747393 1.0658141036401503e-13 3.0829603735356426e-12 -1.0902390101819037e-13 4.707345624410664e-14
2135	(   4.196402808180949684     0.00020156568253000001   1.5014902204273798958  -14.166436701496369466    -9.4317056297052008773    5.6422927870858696764   10.990127299201610356   )	-0.0012700366984377182 2.886579864025407e-13 2.002294543276134e-13 -1.4055423491754482e-13 8.704148513061227e-14
2136	(   4.1964028081807498438    0.00020156568253000001   1.5014902204278799402  -14.166436701496419204    -9.4317056297056094394    5.6422927870858901045   10.990127299201610356   )	-0.0012700366984380806 1.0125233984581428e-13 1.7645496066913402e-13 4.4164671919588727e-13 8.872902412804251e-13
2137	(   4.1964028081805500037    0.00020156568253000001   1.5014902204273798958  -14.166436701496429862    -9.4317056297057799696    5.6422927870858901045   10.990127299201610356   )	-0.0012700366984375972 -9.592326932761353e-14 1.665317189702975e-13 -5.839773109528323e-14 -3.126388037344441e-13
2138	(   4.1964028081807498438    0.00020156568253000001   1.5014902204268800734  -14.166436701496390782    -9.4317056297053696312    5.6422927870858803345   10.990127299201610356   )	-0.001270036698437235 9.414691248821327e-14 1.9040953709581476e-13 -5.975220318532593e-13 -1.112887559884257e-12
2139	(   4.1964028081807400739    0.00020156568255000001   1.5014902204273901098  -14.166436701497399753    -9.4317056297037300538    5.6422927870858199384   10.990127299201590816   )	-0.0012700366985636806 3.312905505481467e-13 3.058174373460343e-13 -3.304023721284466e-13 -6.128431095930864e-14
2140	(   4.1964028081807498438    0.00020156568253000001   1.5014902204273798958  -14.166436701496399664    -9.4317056297055206215    5.6422927870858803345   10.990127299196609911   )	-0.0012700366984376577 9.681144774731365e-14 1.8162335242537242e-13 -9.769962616701378e-14 2.7977620220553945e-13
2141	(   4.1964028081807800419    0.00020156568247999999   1.5014902204273499198  -14.16643670149704981     -9.4317056297110699603    5.6422927870859300725   10.990127299201679634   )	-0.0012700366981225984 2.859934511434403e-13 -1.9129581816171304e-13 7.260858581048524e-14 -2.4780177909633494e-13
2142	(   4.1964028081807400739    0.00020156568248999999   1.5014902204273901098  -14.166436701496049722    -9.4317056297024901568    5.6422927870857799704   10.9901272992015695     )	-0.0012700366981856289 0.0 3.1796773872737327e-13 -4.916067553040193e-13 -1.794120407794253e-13
2143	(   4.1964028081807498438    0.00020156568252         1.5014902204273798958  -14.1664367014964796      -9.4317056296854904218    5.6422927870858998745   10.990127299201619238   )	-0.0012700366983746491 1.163513729807164e-13 1.3371917776620196e-12 -1.887379141862766e-14 -1.3233858453531866e-13
2144	(   4.1964028081807498438    0.00020156568254000001   1.5014902204273798958  -14.166436701496330386    -9.4317056297254904251    5.6422927870858599064   10.990127299201599698   )	-0.0012700366985006664 7.904787935331115e-14 -9.704306856792716e-13 -1.800781745942004e-13 -9.14823772291129e-14
2145	(   4.1964028081807596138    0.00020156568251         1.5014902204273699038  -14.166436701495399575    -9.4317056297072507931    5.6422927870859398425   10.990127299201629896   )	-0.0012700366983116349 -1.4033219031261979e-13 6.094368174176801e-14 1.3233858453531866e-13 -1.6431300764452317e-13
2146	(   4.1964028081807498438    0.00020156568253000001   1.5014902204273798958  -14.166436701496399664    -9.4317056297054602254    5.6422927870858803345   10.9901272992066108     )	-0.0012700366984376577 9.681144774731365e-14 1.851378208725385e-13 -9.769962616701378e-14 -5.044853423896711e-13
2147	(   4.1964028081807196457    0.00020156568257999999   1.5014902204274100939  -14.166436701495749517    -9.4317056296999108866    5.6422927870858297084   10.990127299201539302   )	-0.001270036698752717 -9.414691248821327e-14 5.580568830394067e-13 -2.7133850721838826e-13 2.398081733190338e-14
2148	(   4.1964028081807596138    0.00020156568256999999   1.5014902204273699038  -14.166436701496749606    -9.4317056297084906902    5.6422927870859798105   10.990127299201649436   )	-0.0012700366986896864 1.9184653865522705e-13 4.8793353255374705e-14 2.928768338961163e-13 -4.707345624410664e-14
2149	(   4.1964028081806503678    0.00020156568253000001   1.5014902204274300779  -14.166436701496429862    -9.4317056297060091197    5.6422927870858803345   10.990127299201029487   )	-0.00127003669843767 4.440892098500626e-15 1.5319733329133278e-13 -4.75175454539567e-14 -6.572520305780927e-14
2150	(   4.1964028081803501635    0.00020156568253000001   1.501490220427579958   -14.166436701496520456    -9.4317056297075705373    5.6422927870858803345   10.990127299199290434   )	-0.0012700366984377059 -2.7355895326763857e-13 6.2337586264824e-14 1.0236256287043943e-13 6.927791673660977e-14
2151	(   4.1964028081806503678    0.00020156568255000001   1.5014902204274400699  -14.166436701496419204    -9.4317056297056698355    5.6422927870858803345   10.990127299200899813   )	-0.0012700366985636956 1.7763568394002505e-15 1.9294049864726492e-13 -3.752553823233029e-14 3.552713678800501e-15
2152	(   4.1964028081807498438    0.00020156568253000001   1.5014902204273399278  -14.166436701496570194    -9.4317056297072596749    5.6422927870858803345   10.990127299200739941   )	-0.001270036698437624 1.3855583347321954e-13 8.042684899144115e-14 -1.376676550535194e-13 -1.2434497875801753e-13
2153	(   4.1964028081807400739    0.00020156568252         1.501490220427619926   -14.166436701496490258    -9.4317056297034103096    5.6422927870858803345   10.990127299201640554   )	-0.0012700366983748493 1.092459456231154e-13 2.944235296103298e-13 1.4233059175694507e-13 3.3661962106634746e-13
2154	(   4.1964028081807098758    0.00020156568254000001   1.501490220427549982   -14.166436701496239792    -9.4317056297043091462    5.6422927870858803345   10.990127299201429167   )	-0.0012700366985007982 1.7763568394002505e-14 2.621197529861785e-13 7.238654120556021e-14 2.220446049250313e-13
2155	(   4.1964028081807001058    0.00020156568252         1.5014902204272300157  -14.16643670149626999     -9.4317056297045507307    5.6422927870858803345   10.990127299201370548   )	-0.0012700366983745073 1.509903313490213e-14 2.280618185621086e-13 -2.475797344914099e-13 -4.636291350834654e-13
2156	(   4.1964028081806699078    0.00020156568253000001   1.5014902204274700459  -14.166436701496369466    -9.4317056297110095642    5.6422927870858803345   10.990127299201169819   )	-0.0012700366984377098 8.881784197001252e-15 -1.377812794411959e-13 -7.549516567451064e-15 2.220446049250313e-14
2157	(   4.1964028081806503678    0.00020156568261         1.5014902204274700459  -14.166436701496390782    -9.4317056297046502067    5.6422927870858803345   10.990127299200510791   )	-0.0012700366989417725 -5.329070518200751e-15 3.122732649719906e-13 -7.549516567451064e-15 2.149391775674303e-13
2158	(   4.1964028081806796777    0.00020156568253000001   1.5014902204273199438  -14.166436701496319728    -9.4317056297070198667    5.6422927870858696764   10.990127299198899635   )	-0.0012700366984375858 7.105427357601002e-15 9.438139831306758e-14 -2.0050627824730327e-13 -9.059419880941277e-14
2159	(   4.1964028081806601378    0.00020156568255000001   1.5014902204274200859  -14.166436701496619932    -9.4317056297058599057    5.6422927870858696764   10.990127299200619149   )	-0.0012700366985636817 6.128431095930864e-14 1.8188019992003424e-13 -1.0036416142611415e-13 -4.440892098500626e-15
2160	(   4.1964028081806601378    0.00020156568254000001   1.5014902204274001019  -14.166436701496380124    -9.4317056297061299119    5.6422927870858599064   10.990127299202899991   )	-0.0012700366985006562 1.7763568394002505e-15 1.5616839960964912e-13 -1.5987211554602254e-13 -2.424727085781342e-13
2161	(   4.1964028081806503678    0.00020156568255000001   1.5014902204272400077  -14.16643670149644052     -9.4317056297054495673    5.6422927870858901045   10.990127299201230215   )	-0.0012700366985635265 6.217248937900877e-15 2.057580451506058e-13 -1.9828583219805296e-13 -4.218847493575595e-13
2162	(   4.1964028081806601378    0.00020156568255000001   1.50149022042763991    -14.166436701496399664    -9.4317056297058901038    5.6422927870858696764   10.990127299200569411   )	-0.0012700366985638676 7.105427357601002e-15 1.8012295214392404e-13 1.1945999744966684e-13 4.3876013933186186e-13
2163	(   4.1964028081806503678    0.00020156568255000001   1.5014902204274300779  -14.166436701496410322    -9.431705629700669391     5.6422927870858803345   10.990127299200759481   )	-0.0012700366985636871 0.0 4.839191113797936e-13 -4.75175454539567e-14 -5.329070518200751e-15
2164	(   4.1964028081806503678    0.00020156568255000001   1.5014902204274600539  -14.166436701496220252    -9.4317056297054797653    5.6422927870858901045   10.990127299201180477   )	-0.0012700366985637125 -4.796163466380676e-14 2.0400082447954992e-13 2.1760371282653068e-14 2.1316282072803006e-14
2165	(   4.1964028081806397097    0.00020156568253000001   1.5014902204274700459  -14.166436701496449402    -9.4317056297052808134    5.6422927870858901045   10.990127299201470024   )	-0.0012700366984377005 -1.7763568394002505e-15 1.9557790174699885e-13 3.175237850427948e-14 -3.197442310920451e-14
2166	(   4.1964028081806503678    0.00020156568255000001   1.5014902204274500619  -14.166436701496429862    -9.43170562971067028      5.6422927870858803345   10.990127299201040145   )	-0.001270036698563704 4.440892098500626e-15 -9.803816829537237e-14 -2.7533531010703882e-14 1.2434497875801753e-14
2167	(   4.1964028081806503678    0.00020156568255000001   1.5014902204274800379  -14.16643670149646006     -9.4317056297256698372    5.6422927870858803345   10.990127299201459365   )	-0.0012700366985637294 1.1546319456101628e-14 -9.708707633410835e-13 2.4424906541753444e-15 3.9968028886505635e-14
2168	(   4.1964028081806903359    0.00020156568253000001   1.5014902204274100939  -14.166436701496369466    -9.4317056297162693568    5.6422927870858696764   10.990127299199860644   )	-0.0012700366984376651 2.930988785010413e-14 -4.438515798389081e-13 -1.1035616864774056e-13 2.4868995751603507e-14
2169	(   4.1964028081807498438    0.00020156568254000001   1.5014902204274800379  -14.166436701496490258    -9.4317056297060695158    5.6422927870858901045   10.990127299202010036   )	-0.001270036698500751 1.1901590823981678e-13 1.596828951618695e-13 4.1744385725905886e-14 7.638334409421077e-14
2170	(   4.1964028081806796777    0.00020156568255999999   1.5014902204274300779  -14.16643670149663059     -9.4317056297143100352    5.6422927870858803345   10.990127299200269206   )	-0.0012700366986267047 8.348877145181177e-14 -2.998375744737991e-13 -4.75175454539567e-14 8.260059303211165e-14
2171	(   4.1964028081806699078    0.00020156568255999999   1.5014902204274300779  -14.166436701496390782    -9.4317056297139600929    5.6422927870858998745   10.990127299200340261   )	-0.0012700366986267016 1.4210854715202004e-14 -2.7947425190050224e-13 3.1308289294429414e-14 6.838973831690964e-14
2172	(   4.1964028081806601378    0.00020156568255000001   1.501490220427649902   -14.166436701496410322    -9.4317056297123897934    5.6422927870858803345   10.990127299200679545   )	-0.001270036698563876 9.769962616701378e-15 -1.9809758759585516e-13 1.723066134218243e-13 4.503064587879635e-13
2173	(   4.1964028081806299397    0.00020156568254000001   1.5014902204274700459  -14.166436701496229134    -9.4317056297070305249    5.6422927870858803345   10.990127299201809308   )	-0.0012700366985007063 -6.572520305780927e-14 1.0376121077800005e-13 -7.549516567451064e-15 -4.707345624410664e-14
2174	(   4.1964028081806299397    0.00020156568254000001   1.5014902204274700459  -14.166436701496470718    -9.4317056297073804672    5.6422927870858599064   10.99012729920174003    )	-0.0012700366985007063 -6.217248937900877e-15 8.339788820470317e-14 -8.992806499463768e-14 -4.1744385725905886e-14
2175	(   4.1964028081807196457    0.00020156568255999999   1.5014902204273901098  -14.166436701496319728    -9.4317056297015398059    5.6422927870858696764   10.990127299199039967   )	-0.0012700366986266828 4.707345624410664e-14 4.4326922774701183e-13 -1.3034018309099338e-13 1.3855583347321954e-13
2176	(   4.1964028081806397097    0.00020156568255000001   1.5014902204272499997  -14.166436701496449402    -9.4317056297089507666    5.6422927870858803345   10.990127299201400746   )	-0.0012700366985635317 -1.7763568394002505e-15 2.021305215219038e-15 -2.275957200481571e-13 -4.263256414560601e-13
2177	(   4.1964028081806103998    0.00020156568256999999   1.5014902204274900299  -14.16643670149649914     -9.4317056297050694269    5.6422927870858901045   10.990127299202219646   )	-0.001270036698689743 -1.865174681370263e-14 2.4787856771520123e-13 5.1736392947532295e-14 0.0
2178	(   4.1964028081805899717    0.00020156568254000001   1.5014902204275100139  -14.166436701496539996    -9.4317056297198007542    5.6422927870858901045   10.990127299203040323   )	-0.001270036698500728 -2.842170943040401e-14 -6.393455372327023e-13 7.172040739078511e-14 -1.0391687510491465e-13
2179	(   4.1964028081807196457    0.00020156568256999999   1.5014902204273901098  -14.166436701496310846    -9.4317056297206693927    5.6422927870858696764   10.990127299202649525   )	-0.0012700366986896914 4.3520742565306136e-14 -6.598920899731492e-13 -1.3034018309099338e-13 -1.2434497875801753e-13
2180	(   4.1964028081805802017    0.00020156568253000001   1.5014902204275100139  -14.166436701496550654    -9.431705629700669391     5.6422927870858901045   10.990127299199430766   )	-0.0012700366984377165 -3.552713678800501e-14 4.639191049544966e-13 7.172040739078511e-14 1.4832579608992091e-13
2181	(   4.1964028081805500037    0.00020156568255999999   1.5014902204274200859  -14.166436701496380124    -9.4317056297152692679    5.6422927870858803345   10.990127299200070254   )	-0.0012700366986266567 -1.0835776720341528e-13 -3.556558801805221e-13 -5.750955267558311e-14 -5.062616992290714e-14
2182	(   4.1964028081806201698    0.00020156568255000001   1.5014902204274600539  -14.166436701496380124    -9.4317056297113701646    5.6422927870858803345   10.990127299200040056   )	-0.0012700366985637034 -3.8191672047105385e-14 -1.3876484054702043e-13 -1.7541523789077473e-14 8.08242361927114e-14
2183	(   4.1964028081806299397    0.00020156568255000001   1.5014902204274600539  -14.166436701496330386    -9.4317056297110593022    5.6422927870858803345   10.990127299201800426   )	-0.0012700366985637064 -4.085620730620576e-14 -1.2067557782040328e-13 -1.7541523789077473e-14 -4.796163466380676e-14
2184	(   4.1964028081806503678    0.00020156568255000001   1.5014902204273499198  -14.166436701496419204    -9.4317056297107004781    5.6422927870858803345   10.990127299200999289   )	-0.0012700366985636195 1.7763568394002505e-15 -9.979541607148257e-14 -1.27675647831893e-13 -1.8385293287792592e-13
2185	(   4.1964028081807001058    0.00020156568255000001   1.5014902204274500619  -14.166436701496380124    -9.4317056297108798901    5.6422927870858803345   10.990127299200739941   )	-0.0012700366985637192 4.1744385725905886e-14 -1.1023549694594292e-13 -2.7533531010703882e-14 8.615330671091215e-14
2186	(   4.1964028081806503678    0.00020156568255000001   1.5014902204274500619  -14.16643670149644052     -9.4317056297156707245    5.6422927870858803345   10.990127299201100541   )	-0.001270036698563704 6.217248937900877e-15 -3.8901683523800967e-13 -2.7533531010703882e-14 7.993605777301127e-15
2187	(   4.1964028081806796777    0.00020156568255000001   1.5014902204274400699  -14.1664367014964796      -9.4317056297099703954    5.6422927870858803345   10.990127299202040234   )	-0.0012700366985637047 4.618527782440651e-14 -5.731146893867001e-14 -3.752553823233029e-14 -5.595524044110789e-14
2188	(   4.1964028081806503678    0.00020156568255000001   1.5014902204274200859  -14.1664367014964796      -9.4317056297102705997    5.6422927870858803345   10.990127299201200017   )	-0.0012700366985636787 1.687538997430238e-14 -7.478056802262545e-14 -5.750955267558311e-14 -5.950795411990839e-14
2189	(   4.1964028081806503678    0.00020156568255000001   1.5014902204274200859  -14.166436701496419204    -9.4317056297102705997    5.6422927870858803345   10.990127299200539213   )	-0.0012700366985636787 1.7763568394002505e-15 -7.478056802262545e-14 -5.750955267558311e-14 -7.105427357601002e-15
2190	(   4.1964028081806503678    0.00020156568255000001   1.5014902204274500619  -14.166436701496429862    -9.4317056297096701911    5.6422927870858803345   10.990127299200960209   )	-0.001270036698563704 4.440892098500626e-15 -3.98424511698775e-14 -2.7533531010703882e-14 1.865174681370263e-14
2191	(   4.1964028081806503678    0.00020156568255000001   1.5014902204274500619  -14.166436701496429862    -9.4317056297105601459    5.6422927870858803345   10.990127299201029487   )	-0.001270036698563704 4.440892098500626e-15 -9.162939504370193e-14 -2.7533531010703882e-14 1.4210854715202004e-14
2192	(   4.1964028081806503678    0.00020156568255000001   1.5014902204274500619  -14.16643670149644052     -9.431705629710869232     5.6422927870858803345   10.990127299201009947   )	-0.001270036698563704 6.217248937900877e-15 -1.0961525198811828e-13 -2.7533531010703882e-14 1.5987211554602254e-14
2193	(   4.1964028081806503678    0.00020156568255000001   1.5014902204274500619  -14.166436701496429862    -9.4317056297104695517    5.6422927870858803345   10.990127299201070343   )	-0.001270036698563704 4.440892098500626e-15 -8.635765171537135e-14 -2.7533531010703882e-14 1.0658141036401503e-14
