1	(  -2                        2                        2                       -1                       -1                      )	0.00033546262790251185 3.9999999999999982 -1.0 1.0
2	(  -2                        3                        3                       -1.1000000000000000888   -0.9000000000000000222  )	1.823359619036343e-8 14.019999999999998 4.05 20.0
3	(  -2                        1                        1                       -0.9000000000000000222   -1.1000000000000000888  )	0.1380692373108928 -1.9800000000000004 -3.95 -6.0
4	(  -2                        3                        2                       -1                       -1                      )	6.14421235332821e-6 8.999999999999998 1.0 20.0
5	(  -2                        1                        2                       -1                       -1                      )	0.01831563888873418 0.9999999999999982 -3.0 -6.0
6	(  -1                        2                        3                       -1                       -1                      )	0.0024787521766663585 5.999999999999998 1.0 8.0
7	(  -3                        2                        1                       -1                       -1                      )	0.0024787521766663585 5.999999999999998 -3.0 -18.0
8	(  -3                        2                        2                       -0.9000000000000000222   -1                      )	2.0399503411171922e-5 8.809999999999997 -0.5 -18.0
9	(  -1                        2                        2                       -1.1000000000000000888   -1                      )	0.012277339903068436 1.209999999999999 -1.5 8.0
10	(  -1                        2                        2                       -1                       -0.9000000000000000222  )	0.02732372244729256 0.8099999999999987 -0.5 8.0
11	(  -3                        2                        2                       -1                       -1.1000000000000000888  )	1.8506011975819048e-6 9.209999999999999 -1.5 -18.0
12	(  -1.8100000000000000533    1.8500000000000000888    1.75                    -1.0500000000000000444   -1.0029999999999998916  )	0.0020884620267725765 1.8696089999999987 -2.0282499999999994 1.4018840000000008
13	(  -0.81000000000000005329   1.8500000000000000888    0.75                    -1.25                    -1.0120000000000000107  )	0.24130299970367786 -2.7722560000000014 -4.9375 6.800184000000001
14	(  -1.8100000000000000533    1.8500000000000000888    1.75                    -0.94999999999999995559  -1.0040000000000000036  )	0.003738208567336932 1.6716159999999984 -1.5314999999999999 1.4018840000000008
15	(  -1.8100000000000000533    1.8500000000000000888    1.75                    -0.6500000000000000222   -1.0040000000000000036  )	0.021836892456924748 1.191615999999998 -0.025499999999999634 1.4018840000000008
16	(  -1.8100000000000000533    1.8500000000000000888    1.75                     0.25                    -1.0040000000000000036  )	4.3528405195785975 0.8316159999999986 4.4925 1.4018840000000008
17	(  -1.8100000000000000533    0.8499999999999999778    1.75                    -0.6500000000000000222   -1.0040000000000000036  )	0.17255419378176196 -1.5083840000000013 -1.7754999999999999 -4.315616
18	(  -0.81000000000000005329   1.8500000000000000888    1.75                    -0.14999999999999999445  -1.0040000000000000036  )	0.6737274174635447 -1.8283840000000016 2.4845 6.800184000000001
19	(  -1.8100000000000000533    1.8500000000000000888    1.75                    -0.94999999999999995559  -1.1040000000000000924  )	0.002142382181791924 1.8824159999999992 -2.0065000000000004 1.4018840000000008
20	(  -1.8100000000000000533    1.8500000000000000888    0.75                    -0.6500000000000000222   -1.0040000000000000036  )	0.1941890082269384 -1.3083840000000002 -1.8754999999999997 1.4018840000000008
21	(  -1.8100000000000000533    1.8500000000000000888    1.75                    -0.3499999999999999778   -0.90400000000000002576 )	0.1565993807148475 0.7008159999999997 1.6555000000000002 1.4018840000000008
22	(  -0.81000000000000005329   1.8500000000000000888    1.75                    -0.8499999999999999778   -0.90400000000000002576 )	0.13331601053103082 -1.3191840000000017 -0.6044999999999998 6.800184000000001
23	(  -1.8100000000000000533    1.8500000000000000888    2.75                    -0.6500000000000000222   -1.0040000000000000036  )	0.002455596619650209 5.691615999999998 1.8245000000000005 1.4018840000000008
24	(  -2.8100000000000000533    1.8500000000000000888    1.75                    -0.4500000000000000111   -1.1040000000000000924  )	0.010893642682885042 5.802415999999999 0.7535000000000003 -14.856416000000001
25	(  -1.8100000000000000533    2.8500000000000000888    1.75                    -0.6500000000000000222   -1.0040000000000000036  )	0.0027634788916135753 5.891615999999997 1.7245 18.219384
26	(  -2.8100000000000000533    1.8500000000000000888    1.75                    -1.1499999999999999112   -1.0040000000000000036  )	2.7431209086591803e-5 6.711615999999998 -2.5354999999999994 -14.856416000000001
27	(  -1.5900000000000000799    1.3500000000000000888    1.9499999999999999556   -0.6500000000000000222   -1.0129999999999999005  )	0.06354177573848196 -0.39823100000000267 -0.6597499999999994 -0.5593040000000005
28	(  -0.58999999999999996891  -0.6500000000000000222    2.9500000000000001776   -0.6500000000000000222   -1.0129999999999999005  )	2.1062749194680612 0.9217689999999976 -5.20975 0.5199959999999999
29	(  -1.5900000000000000799    1.3500000000000000888    1.9499999999999999556   -0.4500000000000000111   -1.0129999999999999005  )	0.14837091637592598 -0.6182310000000015 0.3532500000000005 -0.5593040000000005
30	(  -1.5900000000000000799    1.3500000000000000888    1.9499999999999999556    0.14999999999999999445  -1.0129999999999999005  )	1.8889352607925414 -0.7982310000000012 3.39225 -0.5593040000000005
31	(  -1.5900000000000000799    0.3499999999999999778    1.9499999999999999556   -0.25                    -1.0129999999999999005  )	0.7597084264286653 -2.4582310000000014 -0.5837499999999999 -2.976804000000001
32	(  -0.58999999999999996891   1.3500000000000000888    1.9499999999999999556   -0.55000000000000004441  -1.0129999999999999005  )	0.42090359953350864 -2.6982310000000016 -0.15324999999999944 3.2549960000000002
33	(  -1.5900000000000000799    1.3500000000000000888    0.94999999999999995559  -0.6500000000000000222   -1.0129999999999999005  )	0.2611410023231147 -3.2982310000000012 -2.0097499999999995 -0.5593040000000005
34	(  -1.5900000000000000799    1.3500000000000000888    0.94999999999999995559   0.05000000000000000278  -1.0129999999999999005  )	1.1088065023510232 -3.718231000000001 1.53575 -0.5593040000000005
35	(  -1.5900000000000000799    1.3500000000000000888    2.9500000000000001776   -0.25                    -1.0129999999999999005  )	0.2011663062492781 4.141768999999998 2.7162500000000005 -0.5593040000000005
36	(  -1.5900000000000000799    1.3500000000000000888    2.9500000000000001776   -0.94999999999999995559  -1.0129999999999999005  )	0.0022568875362590024 4.981768999999998 -0.8292499999999996 -0.5593040000000005
37	(  -1.5900000000000000799    1.3500000000000000888    1.9499999999999999556   -0.3499999999999999778   -0.91300000000000003375 )	0.2624925846636099 -0.8908310000000004 1.0347500000000003 -0.5593040000000005
38	(  -1.5900000000000000799    1.3500000000000000888    1.9499999999999999556   -0.55000000000000004441  -1.1129999999999999893  )	0.07713015563200888 -0.30563100000000176 -0.4282499999999998 -0.5593040000000005
39	(  -1.5900000000000000799    1.3500000000000000888    1.9499999999999999556   -0.8499999999999999778   -1.4130000000000000338  )	0.006557112381062489 0.8721689999999978 -3.37275 -0.5593040000000005
40	(  -1.5900000000000000799    0.3499999999999999778    1.9499999999999999556   -0.55000000000000004441  -1.1129999999999999893  )	0.5146388552511836 -2.005631000000001 -2.37825 -2.976804000000001
41	(  -1.5900000000000000799    1.3500000000000000888    0.94999999999999995559  -0.75                    -1.3129999999999999449  )	0.13424650475857025 -2.4604310000000016 -3.6412500000000003 -0.5593040000000005
42	(  -1.5900000000000000799    1.3500000000000000888    2.9500000000000001776   -0.3499999999999999778   -0.91300000000000003375 )	0.13219905217098143 4.009169 2.3847500000000004 -0.5593040000000005
43	(  -1.5900000000000000799    1.3500000000000000888    1.9499999999999999556    0.4500000000000000111   -1.1129999999999999893  )	8.136786504483554 -0.4056310000000014 5.13675 -0.5593040000000005
44	(  -0.58999999999999996891   1.3500000000000000888    2.9500000000000001776   -0.4500000000000000111   -1.3129999999999999449  )	0.24949772707547377 2.799569 1.0282500000000003 3.2549960000000002
45	(  -0.58999999999999996891   1.3500000000000000888    0.94999999999999995559  -0.4500000000000000111   -1.0129999999999999005  )	0.7082697190321129 -5.698231000000002 -0.9967499999999998 3.2549960000000002
46	(  -1.5900000000000000799    1.3500000000000000888    1.9499999999999999556   -1.5500000000000000444   -1.1129999999999999893  )	0.000731131498232115 1.7943689999999979 -5.99325 -0.5593040000000005
47	(  -1.5900000000000000799    2.3500000000000000888    1.9499999999999999556   -0.55000000000000004441  -1.1129999999999999893  )	0.011559680826886467 3.3943689999999993 1.5217500000000004 9.958196000000001
48	(  -2.5899999999999998579    1.3500000000000000888    0.94999999999999995559  -0.6500000000000000222   -0.91300000000000003375 )	0.1392829186112518 0.6891689999999979 -1.68475 -13.913603999999994
49	(  -2.5899999999999998579    1.3500000000000000888    2.9500000000000001776   -0.6500000000000000222   -1.2130000000000000782  )	0.0002938017012463323 9.126968999999997 0.0402499999999999 -13.913603999999994
50	(  -1.5400000000000000355    1.4799999999999999822    2.4500000000000001776   -0.3499999999999999778   -1.0129999999999999005  )	0.13809390116456138 1.7131689999999988 1.8532500000000005 0.5895279999999996
51	(  -1.5700000000000000622    0.8499999999999999778    2.1400000000000001243   -0.4500000000000000111   -1.1129999999999999893  )	0.23922698361810033 -0.7917310000000022 -0.6852499999999999 -2.255768
52	(  -1.0900000000000000799    1.3300000000000000711    1.8799999999999998934   -0.55000000000000004441  -1.1129999999999999893  )	0.18855309373073437 -1.9673310000000015 -0.5603500000000001 2.057608
53	(  -1.6200000000000001066    1.2600000000000000089    1.6000000000000000888   -0.05000000000000000278  -1.1129999999999999893  )	0.8338110608768143 -1.9867310000000007 1.7377500000000001 -1.2511520000000012
54	(  -1.5600000000000000533    1.4399999999999999467    2.2999999999999998224   -1.0500000000000000444   -1.1129999999999999893  )	0.0023861184136913537 2.138468999999997 -2.5312500000000004 0.18956799999999951
55	(  -1.6399999999999999023    1.2199999999999999734    1.4499999999999999556   -0.75                    -1.2130000000000000782  )	0.07140907549078669 -1.6856310000000025 -2.77975 -1.595095999999999
56	(  -1.6100000000000000977    1.8500000000000000888    1.7600000000000000089   -0.6500000000000000222   -1.1129999999999999893  )	0.022540521094094598 0.7734689999999986 -0.3612499999999996 3.1583439999999996
57	(  -1.4899999999999999911    1.6100000000000000977    2.1899999999999999467   -0.14999999999999999445  -1.2130000000000000782  )	0.3844694748287351 1.1021689999999982 2.61615 1.8653320000000013
58	(  -1.6899999999999999467    1.0900000000000000799    1.7099999999999999645   -0.94999999999999995559  -1.0129999999999999005  )	0.04824834082427739 -1.1030310000000032 -2.94785 -2.5317799999999986
59	(  -2.0899999999999998579    1.3700000000000001066    2.0200000000000000178   -0.55000000000000004441  -1.1129999999999999893  )	0.028996110696602375 1.8666689999999964 -0.2933499999999998 -5.557975999999998
60	(  -1.6299999999999998934    1.5300000000000000266    1.9799999999999999822   -0.55000000000000004441  -1.0629999999999999449  )	0.05574563892289424 0.35066899999999634 0.10614999999999997 0.25083000000000055
61	(  -1.75                     2.0699999999999998401    2.0699999999999998401   -0.55000000000000004441  -0.96299999999999996714 )	0.018842878238656886 2.862168999999998 1.6366499999999995 4.510367999999998
62	(  -1.4599999999999999645    1.0300000000000000266    2.1000000000000000888   -0.4500000000000000111   -1.0629999999999999449  )	0.22077311516958156 -1.065031000000003 -0.2287499999999998 -1.0194089999999996
63	(  -1.7399999999999999911    1.4399999999999999467    1.8999999999999999112   -0.6500000000000000222   -1.1630000000000000338  )	0.02735637170891278 0.4862689999999983 -1.0437500000000002 -1.2820400000000007
64	(  -1.5200000000000000178    1.6200000000000001066    2.0600000000000000533   -0.4500000000000000111   -0.96299999999999996714 )	0.11100423309566268 0.30826899999999924 1.1704500000000002 1.739720000000001
65	(  -1.4899999999999999911    1.6499999999999999112    1.4799999999999999822   -0.4500000000000000111   -1.0629999999999999449  )	0.17543007596840682 -1.534531000000003 0.050249999999999684 2.184176
66	(  -1.1299999999999998934    1.3400000000000000799    1.8100000000000000533   -0.75                    -1.0629999999999999449  )	0.11247495891906503 -1.9589310000000033 -1.5608499999999994 1.963207000000001
67	(  -1.7700000000000000178    1.4099999999999999201    2.4799999999999999822   -0.6500000000000000222   -1.0629999999999999449  )	0.013890894725606317 2.8238689999999966 0.04205000000000014 -1.7420120000000012
68	(  -1.8000000000000000444    2.0299999999999998046    1.8600000000000000977   -0.6500000000000000222   -1.0629999999999999449  )	0.009131729078715633 2.372968999999996 0.32105000000000006 3.533426999999996
69	(  -2.1299999999999998934    1.7199999999999999734    2.1499999999999999112   -0.3499999999999999778   -1.0629999999999999449  )	0.053368151916226736 3.370268999999997 1.83775 -3.575148999999998
70	(  -2.1299999999999998934    1.1200000000000001066    1.6100000000000000977   -0.6500000000000000222   -0.96299999999999996714 )	0.09034146113083581 -0.2667310000000018 -1.3265499999999997 -7.258668999999998
71	(  -1.1299999999999998934    1.9399999999999999467    2.3500000000000000888   -0.4500000000000000111   -1.1630000000000000338  )	0.06746633849185016 2.118069 1.94225 6.858487
72	(  -1.75                     2.0699999999999998401    2.0699999999999998401   -0.55000000000000004441  -0.91300000000000003375 )	0.023158128516651527 2.768368999999998 1.7741499999999992 4.510367999999998
73	(  -1.6899999999999999467    1.5300000000000000266    1.7800000000000000266   -0.55000000000000004441  -1.0440000000000000391  )	0.07116302457665347 -0.2421640000000025 -0.14759999999999973 -0.24523199999999878
74	(  -1.8700000000000001066    1.5300000000000000266    1.1799999999999999378   -0.55000000000000004441  -0.94399999999999995026 )	0.17327591308854906 -1.5761640000000021 -0.7906000000000002 -1.9576260000000012
75	(  -1.6100000000000000977    1.5                      1.7900000000000000355   -0.4500000000000000111   -1.0440000000000000391  )	0.13122066201515248 -0.6613640000000007 0.33599999999999985 0.20171899999999887
76	(  -1.7700000000000000178    1.5600000000000000533    1.7700000000000000178   -0.6500000000000000222   -1.0440000000000000391  )	0.03627820735281118 0.21183599999999814 -0.6318000000000001 -0.7488170000000003
77	(  -1.75                     1.8100000000000000533    1.6899999999999999467   -0.55000000000000004441  -1.1439999999999999059  )	0.034453152027138764 0.8059359999999973 -0.08709999999999996 1.570366
78	(  -1.6299999999999998934    1.25                     1.8700000000000001066   -0.55000000000000004441  -0.94399999999999995026 )	0.1383156481902739 -1.0900640000000017 -0.25849999999999973 -1.3776219999999997
79	(  -1.6100000000000000977    1.4899999999999999911    1.2800000000000000266   -0.55000000000000004441  -1.0440000000000000391  )	0.17150653186929385 -2.156964000000001 -0.9638 0.13466799999999868
80	(  -1.7700000000000000178    1.5700000000000000622    2.2799999999999998046   -0.55000000000000004441  -1.0440000000000000391  )	0.026303081314868127 2.188635999999997 0.7085999999999997 -0.6753400000000003
81	(  -1.1899999999999999467    1.3100000000000000533    1.8500000000000000888   -0.55000000000000004441  -1.0440000000000000391  )	0.19090627026128165 -2.0528640000000014 -0.4474999999999998 1.5629320000000007
82	(  -2.1899999999999999467    1.75                     1.7099999999999999645   -0.55000000000000004441  -1.0440000000000000391  )	0.023212536845307385 2.1751359999999984 0.12149999999999972 -4.144083999999999
83	(  -1.9899999999999999911    1.0300000000000000266    1.7399999999999999911   -0.55000000000000004441  -1.0440000000000000391  )	0.12900918603269104 -0.5589640000000013 -1.0788 -5.787872
84	(  -1.3899999999999999023    2.0299999999999998046    1.8200000000000000622   -0.55000000000000004441  -1.0440000000000000391  )	0.052402516982057785 0.7578359999999975 0.8235999999999999 6.679807999999998
85	(  -1.8700000000000001066    1.5300000000000000266    1.1799999999999999378   -0.55000000000000004441  -0.98699999999999998845 )	0.1599786677339359 -1.4931310000000018 -0.9088499999999999 -1.9576260000000012
86	(  -1.6799999999999999378    1.5400000000000000355    1.7800000000000000266   -0.55700000000000005063  -1.0940000000000000835  )	0.06043268298722906 -0.13051500000000082 -0.3055900000000005 -0.089367999999999
87	(  -1.6499999999999999112    1.5700000000000000622    1.7800000000000000266   -0.55700000000000005063  -1.2940000000000000391  )	0.036027238334361875 0.34048499999999926 -0.8091900000000005 0.37776800000000055
88	(  -1.8400000000000000799    1.7399999999999999911    1.6200000000000001066   -0.55700000000000005063  -1.0940000000000000835  )	0.04240490124872801 0.5446849999999994 -0.22799000000000058 0.03852000000000011
89	(  -1.7099999999999999645    1.5                      1.8100000000000000533   -0.55700000000000005063  -0.99399999999999999467 )	0.07650185319284417 -0.25151500000000304 -0.05329000000000006 -0.6252109999999993
90	(  -1.6499999999999999112    1.5800000000000000711    1.75                    -0.55700000000000005063  -1.1939999999999999503  )	0.04811502115490825 0.01728499999999933 -0.5602899999999997 0.4521870000000012
91	(  -1.5200000000000000178    1.3400000000000000799    1.9399999999999999467   -0.55700000000000005063  -1.0940000000000000835  )	0.09001199620785187 -0.6233149999999998 -0.4471900000000004 -0.1057039999999998
92	(  -1.6000000000000000888    1.6399999999999999023    1.6999999999999999556   -0.45700000000000001732  -1.0940000000000000835  )	0.10750556703319325 -0.454715000000002 0.2882099999999994 1.314943999999998
93	(  -1.7600000000000000089    1.4399999999999999467    1.8600000000000000977   -0.65700000000000002842  -1.0940000000000000835  )	0.033768944120213876 0.2592850000000002 -0.9153900000000004 -1.465792
94	(  -1.8799999999999998934    1.6100000000000000977    1.9799999999999999822   -0.45700000000000001732  -1.0940000000000000835  )	0.04997260661881477 1.452585000000001 0.6880099999999998 -1.471390999999998
95	(  -1.4799999999999999822    1.4699999999999999734    1.5800000000000000711   -0.65700000000000002842  -1.0940000000000000835  )	0.08452624090408262 -1.5238150000000008 -1.2711900000000003 0.9347309999999998
96	(  -1.5200000000000000178    1.7399999999999999911    1.9499999999999999556   -0.55700000000000005063  -1.0940000000000000835  )	0.04316701682014339 0.6475849999999976 0.34620999999999924 2.756216
97	(  -1.8400000000000000799    1.3400000000000000799    1.6100000000000000977   -0.55700000000000005063  -1.0940000000000000835  )	0.08901794801173982 -0.7196149999999992 -0.8893900000000001 -2.8234
98	(  -1.6499999999999999112    1.5700000000000000622    1.7800000000000000266   -0.57799999999999995826  -1.2439999999999999947  )	0.03631511384930152 0.2374199999999984 -0.8005599999999995 0.37776800000000055
99	(  -1.6799999999999999378    1.5400000000000000355    1.7800000000000000266   -0.55700000000000005063  -1.0440000000000000391  )	0.06870248245242495 -0.23741500000000215 -0.16634000000000038 -0.089367999999999
100	(  -1.6799999999999999378    1.5400000000000000355    1.7800000000000000266   -0.55700000000000005063  -0.94399999999999995026 )	0.08879193860962828 -0.43621500000000246 0.11216000000000026 -0.089367999999999
101	(  -1.6200000000000001066    1.5300000000000000266    1.8799999999999998934   -0.60499999999999998224  -1.0440000000000000391  )	0.05269668839783588 -0.044339000000000794 -0.2817000000000003 0.3300489999999989
102	(  -1.6299999999999998934    1.5300000000000000266    1.8600000000000000977   -0.51500000000000001332  -0.94399999999999995026 )	0.10486011777858227 -0.38623900000000333 0.41500000000000004 0.25083000000000055
103	(  -1.7299999999999999822    1.5500000000000000444    1.8600000000000000977   -0.51900000000000001688  -1.1439999999999999059  )	0.05175098898282706 0.4330969999999983 -0.08567999999999953 -0.45384199999999986
104	(  -1.7399999999999999911    1.5500000000000000444    1.6799999999999999378   -0.50900000000000000799  -1.0440000000000000391  )	0.09001904497904659 -0.39848300000000236 -0.052979999999999805 -0.544149
105	(  -1.6799999999999999378    1.6399999999999999023    1.7800000000000000266   -0.5590000000000000524   -1.0440000000000000391  )	0.05714838291592635 0.08281699999999681 0.0012199999999995548 0.6693119999999997
106	(  -1.7299999999999999822    1.5500000000000000444    1.6999999999999999556   -0.59899999999999997691  -1.1439999999999999059  )	0.04399084482821052 -0.047063000000003186 -0.79128 -0.45384199999999986
107	(  -1.6299999999999998934    1.5300000000000000266    1.6999999999999999556   -0.59499999999999997335  -0.94399999999999995026 )	0.09242891851112991 -0.8670390000000037 -0.20739999999999936 0.25083000000000055
108	(  -1.6799999999999999378    1.4399999999999999467    1.7800000000000000266   -0.55500000000000004885  -1.0440000000000000391  )	0.08248948090769484 -0.5376390000000022 -0.3339000000000003 -0.7556479999999994
109	(  -1.5800000000000000711    1.5400000000000000355    1.7399999999999999911   -0.53900000000000003464  -1.0440000000000000391  )	0.09232789206641828 -0.723943000000002 -0.1339800000000002 0.7079519999999992
110	(  -1.7800000000000000266    1.5400000000000000355    1.8200000000000000622   -0.57499999999999995559  -1.0440000000000000391  )	0.050042276780892965 0.2729609999999969 -0.1987000000000001 -0.9874880000000004
111	(  -1.6799999999999999378    1.5400000000000000355    1.7800000000000000266   -0.55700000000000005063  -0.89400000000000001688 )	0.10094250830356 -0.5281150000000014 0.2514099999999999 -0.089367999999999
112	(  -1.7119999999999999662    1.5647999999999999687    1.8300000000000000711   -0.53900000000000003464  -1.0329999999999999183  )	0.0652438387862849 0.0860530399999977 0.07964899999999986 -0.18620835020799964
113	(  -1.8120000000000000551    1.6348000000000000309    1.9799999999999999822   -0.48499999999999998668  -1.0329999999999999183  )	0.05294351860381988 1.1786290399999988 0.7318790000000002 -0.580300191808
114	(  -1.6919999999999999485    1.5647999999999999687    1.8200000000000000622   -0.54100000000000003642  -1.1330000000000000071  )	0.05214946543091574 0.20023303999999875 -0.21682899999999972 -0.012398110207999746
115	(  -1.6619999999999999218    1.5647999999999999687    1.8100000000000000533   -0.48899999999999999023  -1.0329999999999999183  )	0.09275325013109338 -0.2068469600000018 0.3066030000000004 0.24071824979200018
116	(  -1.731999999999999984     1.5647999999999999687    1.8400000000000000799   -0.53700000000000003286  -0.93300000000000005151 )	0.08220768701865658 -0.007118960000001451 0.37412699999999965 -0.36412739020799956
117	(  -1.6220000000000001084    1.5547999999999999599    1.9299999999999999378   -0.55000000000000004441  -1.0329999999999999183  )	0.06295582707695141 0.14277603999999755 0.16001399999999988 0.49128439859199835
118	(  -1.7620000000000000107    1.5647999999999999687    1.8500000000000000888   -0.58899999999999996803  -1.0329999999999999183  )	0.04489169783823558 0.38975303999999866 -0.14730499999999935 -0.6388149502079998
119	(  -1.6220000000000001084    1.5347999999999999421    1.7299999999999999822   -0.57099999999999995204  -1.0329999999999999183  )	0.07884266728880855 -0.6274749600000025 -0.29401099999999936 0.34809797619199845
120	(  -1.6919999999999999485    1.6648000000000000576    1.8200000000000000622   -0.54100000000000003642  -1.0329999999999999183  )	0.056980584658029604 0.30659303999999743 0.2356710000000004 0.7701256017920004
121	(  -1.8020000000000000462    1.5747999999999999776    1.7299999999999999822   -0.52800000000000002487  -1.0329999999999999183  )	0.06872161504334603 0.06597203999999834 -0.0027159999999999407 -0.9459654190080005
122	(  -1.731999999999999984     1.464800000000000102     1.8400000000000000799   -0.53700000000000003286  -1.0329999999999999183  )	0.07505633599981403 -0.11347896000000368 -0.07837299999999958 -1.0527631022079986
123	(  -1.8020000000000000462    1.5947999999999999954    1.9299999999999999378   -0.50700000000000000622  -1.0329999999999999183  )	0.054755944274316196 0.8396290399999984 0.45930899999999975 -0.7952679566080008
124	(  -1.8080000000000000515    1.6391999999999999904    1.9799999999999999822   -0.48499999999999998668  -1                      )	0.05807524636893955 1.111465639999997 0.8206160000000002 -0.505614003712
125	(  -1.687799999999999967     1.5914999999999999147    1.8190999999999999392   -0.5590000000000000524   -1.0120000000000000107  )	0.06302366945221087 0.02729089999999701 0.06655764999999958 0.2230829177229996
126	(  -1.6746000000000000885    1.5147999999999999243    1.8504000000000000448   -0.5510000000000000453   -1.0729999999999999538  )	0.06234137513389062 -0.022185640000001783 -0.15312908000000025 -0.22016700714400184
127	(  -1.6980999999999999428    1.58010000000000006      1.8799999999999998934   -0.53500000000000003109  -1.0209999999999999076  )	0.06358335751652266 0.24332561999999847 0.23941299999999988 0.04851556326000095
128	(  -1.7494000000000000661    1.6148000000000000131    1.8096000000000000973   -0.52700000000000002398  -0.99299999999999999378 )	0.0688955698636046 0.2064095599999991 0.30558707999999957 -0.1431457559920002
129	(  -1.6619999999999999218    1.5371999999999998998    1.8075000000000001066   -0.52600000000000002309  -0.98899999999999999023 )	0.09051229754924735 -0.3529189100000014 0.177419 0.04152923084799953
130	(  -1.7258999999999999897    1.5495000000000000995    1.7800000000000000266   -0.54300000000000003819  -1.0449999999999999289  )	0.0671305130535358 -0.06504494000000172 -0.07906499999999994 -0.4207190926040001
131	(  -1.669399999999999995     1.6117999999999998995    1.8107999999999999652   -0.52800000000000002487  -1.0829999999999999627  )	0.06165816850238267 0.11546523999999714 0.0595274400000001 0.534849211647999
132	(  -1.7361999999999999655    1.5381000000000000227    1.8408999999999999808   -0.51900000000000001688  -1.054000000000000048   )	0.067935523334536 0.14933185999999843 0.09635828999999951 -0.5948221305869987
133	(  -1.7620000000000000107    1.5924000000000000377    1.8525000000000000355   -0.55200000000000004619  -1.0769999999999999574  )	0.04549787816575867 0.5367710099999972 -0.022599000000000036 -0.43247391897600007
134	(  -1.7545999999999999375    1.517800000000000038     1.8491999999999999549   -0.55000000000000004441  -0.9829999999999999849  )	0.0697722225326569 0.07066763999999814 0.10346575999999974 -0.9051672675839995
135	(  -1.7014000000000000234    1.5847999999999999865    1.8208999999999999631   -0.54500000000000003997  -1.0320000000000000284  )	0.06319764974080297 0.08407880999999762 0.07356231999999974 0.055221481447999654
136	(  -1.669599999999999973     1.6448000000000000398    1.7936000000000000831   -0.56299999999999994493  -1.0289999999999999147  )	0.0576433477575075 0.08574215999999879 0.053478280000000655 0.7956705858559996
137	(  -1.6903999999999999027    1.5795999999999998931    1.8100000000000000533   -0.54100000000000003642  -1.0120000000000000107  )	0.07093303473976323 -0.05448668000000367 0.12161599999999995 0.11107994707199964
138	(  -1.7123999999999999222    1.5900000000000000799    1.8318000000000000949   -0.54900000000000004352  -1.0520000000000000462  )	0.05610647812068714 0.22400999999999982 0.0248219999999999 -0.001615082623998454
139	(  -1.7514000000000000679    1.6085000000000000409    1.7949999999999999289   -0.56200000000000005507  -1.0260000000000000231  )	0.0541618457687975 0.24521920999999836 0.004197499999999632 -0.21062037861900063
140	(  -1.651399999999999979     1.5610999999999999321    1.8467999999999999972   -0.52800000000000002487  -1.0380000000000000338  )	0.07358155669783234 -0.06894659000000303 0.1427194799999998 0.30088333938700007
141	(  -1.7264999999999999236    1.5608999999999999542    1.7708999999999999186   -0.52800000000000002487  -1.0380000000000000338  )	0.07312581755933381 -0.09047413000000226 0.023877809999999666 -0.34336457309599977
142	(  -1.651399999999999979     1.5610999999999999321    1.7713000000000000966   -0.56399999999999994582  -1.0380000000000000338  )	0.06902241868405215 -0.30280114000000147 -0.16198356999999985 0.30088333938700007
143	(  -1.7199999999999999734    1.5347999999999999421    1.839399999999999924    -0.5510000000000000453   -1.0300000000000000266  )	0.06355914198061145 0.06190439999999775 -0.014538880000000809 -0.47305617580799986
144	(  -1.6762999999999999012    1.6087000000000000188    1.8709000000000000075   -0.56200000000000005507  -1.0260000000000000231  )	0.05452390068321189 0.26668418999999766 0.1266568299999995 0.45280766355600033
145	(  -1.7514000000000000679    1.6085000000000000409    1.8705000000000000515   -0.52600000000000002309  -1.0260000000000000231  )	0.05820476407347556 0.4827964599999994 0.3103192500000005 -0.21062037861900063
146	(  -1.6828000000000000735    1.6348000000000000309    1.8024000000000000021   -0.53900000000000003464  -1.0340000000000000302  )	0.06307137839942817 0.1127096399999985 0.15993352000000005 0.6037394406399992
147	(  -1.7003999999999999115    1.5782000000000000473    1.8008999999999999453   -0.55200000000000004619  -1.0309999999999999165  )	0.06390042668064708 -0.007018790000003605 -0.0033796200000000276 0.01437797570400079
148	(  -1.6974000000000000199    1.5584000000000000075    1.740899999999999892    -0.57299999999999995381  -1.0280000000000000249  )	0.0663644743235758 -0.2743768700000011 -0.23220144000000031 -0.10574576172000016
149	(  -1.7065999999999998948    1.5637000000000000899    1.8289999999999999591   -0.56799999999999994937  -1.0209999999999999076  )	0.05897958677692737 0.0679472499999978 -0.039632699999999854 -0.146951363642998
150	(  -1.6941999999999999282    1.5927000000000000046    1.7727999999999999314   -0.53600000000000003197  -1.0409999999999999254  )	0.06931071476780885 -0.07919623000000264 0.03365855999999967 0.17730603409500123
151	(  -1.7031000000000000583    1.5405999999999999694    1.8131999999999999229   -0.53200000000000002842  -1.026999999999999913   )	0.07432495536829416 -0.10055479000000211 0.061595919999999804 -0.28339149737500113
152	(  -1.7019999999999999574    1.5557000000000000828    1.7508999999999999009   -0.55600000000000004974  -1.0280000000000000249  )	0.07066467182719416 -0.2514227000000009 -0.13396487000000024 -0.16525139430699864
153	(  -1.6988000000000000878    1.6007000000000000117    1.8508999999999999897   -0.54800000000000004263  -1.0340000000000000302  )	0.05773377916072469 0.2434527399999986 0.12957562999999972 0.1987750100710004
154	(  -1.6976999999999999869    1.615799999999999903     1.7885999999999999677   -0.57199999999999995293  -1.0349999999999999201  )	0.05476636318944997 0.09049388999999763 -0.07008012000000008 0.32546024947899976
155	(  -1.7039999999999999591    1.5282000000000000028    1.8171999999999999265   -0.56100000000000005418  -1.0400000000000000355  )	0.06323562022353961 -0.06245192000000266 -0.14015496000000027 -0.37881065823199966
156	(  -1.7503999999999999559    1.5826000000000000068    1.7995000000000000995   -0.5510000000000000453   -1.0320000000000000284  )	0.058742082972049005 0.1753481699999977 0.004728699999999808 -0.3992348600879989
157	(  -1.6504000000000000892    1.5738000000000000878    1.8023000000000000131   -0.55300000000000004707  -1.0300000000000000266  )	0.06950074770685737 -0.18433911000000158 -0.011490259999999974 0.40266813520799927
158	(  -1.696800000000000086     1.6282000000000000917    1.7845999999999999641   -0.54300000000000003819  -1.0220000000000000195  )	0.0648234577293502 0.05429563999999942 0.13095571999999978 0.43110738653599956
159	(  -1.7040999999999999481    1.5820000000000000728    1.7996000000000000885   -0.55000000000000004441  -1.0260000000000000231  )	0.06471832201834986 0.0004169699999980736 0.025467200000000467 0.010676568079000859
160	(  -1.696700000000000097     1.5744000000000000217    1.8022000000000000242   -0.55400000000000004796  -1.036000000000000032   )	0.06309745593724445 -0.01433691000000259 -0.032336320000000196 0.0180764477209987
161	(  -1.7049000000000000821    1.5827999999999999847    1.8208999999999999631   -0.55000000000000004441  -1.0313399999999999235  )	0.06159048294450566 0.09377885559999655 0.04593552000000001 0.009713374902999394
162	(  -1.7198999999999999844    1.598200000000000065     1.7939000000000000501   -0.55700000000000005063  -1.0324699999999999989  )	0.05867555759426606 0.10661976089999925 -0.008417969999999997 -0.005368985430999729
163	(  -1.6958999999999999631    1.5736000000000001098    1.7808999999999999275   -0.55400000000000004796  -1.0306599999999999095  )	0.06629212238350579 -0.10692538440000199 -0.05250396000000013 0.019036346177000674
164	(  -1.6809000000000000608    1.5582000000000000295    1.8079000000000000625   -0.54700000000000004174  -1.0295300000000000562  )	0.06948469605334917 -0.11894451910000114 0.001305229999999824 0.03403315423899933
165	(  -1.7189000000000000945    1.5661000000000000476    1.7942000000000000171   -0.5420000000000000373   -1.0323899999999999189  )	0.06703006398692546 -0.013966827900002698 0.012119720000000278 -0.23756627248799989
166	(  -1.7137000000000000011    1.5592999999999999083    1.8076000000000000956   -0.56200000000000005507  -1.0296099999999999142  )	0.061117209260634714 0.01154269209999903 -0.07461342000000037 -0.2414310574960008
167	(  -1.6818999999999999506    1.5903000000000000469    1.8076000000000000956   -0.56200000000000005507  -1.0296099999999999142  )	0.06095421467104823 0.0012002120999987653 -0.018577819999999967 0.264216838068001
168	(  -1.6871000000000000441    1.5970999999999999641    1.7942000000000000171   -0.5420000000000000373   -1.0323899999999999189  )	0.06686216334082996 -0.024218427900002837 0.06773992000000018 0.2717647993000005
169	(  -1.705699999999999994     1.5782000000000000473    1.7956000000000000849   -0.55052999999999996383  -1.0289999999999999147  )	0.0646844416616804 -0.013768629100002983 0.0013390700000002198 -0.03173809242499903
170	(  -1.7033000000000000362    1.5783000000000000362    1.8108999999999999542   -0.55476999999999998536  -1.0299199999999999466  )	0.06194053364723492 0.04012554929999901 0.0012998780000001986 -0.010072521250000133
171	(  -1.7059999999999999609    1.5782000000000000473    1.7952999999999998959   -0.55700000000000005063  -1.0316000000000000725  )	0.06219755344694581 -0.001299110000001491 -0.039663540000000275 -0.03435702423199949
172	(  -1.6951000000000000512    1.5782000000000000473    1.8062000000000000277   -0.55347000000000001751  -1.0329999999999999183  )	0.06312758393119969 -0.0001442691000033136 -0.008127709999999677 0.06020745841700048
173	(  -1.6975000000000000089    1.5781000000000000583    1.7908999999999999364   -0.54922999999999999599  -1.0320800000000001084  )	0.06591009808389994 -0.05392861070000343 -0.00802720200000051 0.03874276516599995
174	(  -1.6948000000000000842    1.5782000000000000473    1.8064999999999999947   -0.54700000000000004174  -1.0303999999999999826  )	0.06565107680682984 -0.01256231000000163 0.03287430000000002 0.06279302837599943
175	(  -1.7002999999999999226    1.5682000000000000384    1.8009999999999999343   -0.55201999999999995516  -1.030990000000000073   )	0.06501968947154609 -0.0384612095000012 -0.021307298999999613 -0.05900366445899907
176	(  -1.7103999999999999204    1.5781000000000000583    1.803900000000000059    -0.54923999999999995048  -1.0320700000000000429  )	0.063288994264987 0.03675604250000042 0.012463955999999943 -0.07362111632299939
177	(  -1.7004999999999999005    1.5882000000000000561    1.8007999999999999563   -0.55198000000000002618  -1.031009999999999982   )	0.06280048329155155 0.024623670499998696 0.014546061000000332 0.0887064338430017
178	(  -1.6903999999999999027    1.5783000000000000362    1.7979000000000000536   -0.55476000000000003087  -1.0299300000000000122  )	0.06452682435726097 -0.050558077499999854 -0.019194263999999794 0.10135692242300154
179	(  -1.705400000000000027     1.5778220000000000578    1.8005500000000000949   -0.55127999999999999226  -1.0310999999999999055  )	0.06367325014179603 0.006968574583998688 -0.0011766378999995553 -0.031943876333583976
180	(  -1.6998720000000000496    1.5776419999999999888    1.8003830000000000666   -0.55093999999999998529  -1.0300000000000000266  )	0.06457827076747369 -0.015667073163001533 0.0030188368860000203 0.01478848491019047
181	(  -1.7007810000000000983    1.5731999999999999318    1.801272999999999902    -0.5527600000000000291   -1.0308900000000000841  )	0.06415962649647841 -0.019523519810002554 -0.015411098400000878 -0.026170078109480688
182	(  -1.7009279999999999955    1.5787580000000001057    1.801417000000000046    -0.55305999999999999606  -1.0320000000000000284  )	0.06322798909150103 0.0016354552369985953 -0.009788099913999648 0.013967570599918044
183	(  -1.7000189999999999468    1.5831999999999999407    1.8005269999999999886   -0.55123999999999995225  -1.031109999999999971   )	0.06364400446075416 0.005537687789999524 0.008648964400000292 0.055161278526893565
184	(  -1.6954000000000000181    1.5785780000000000367    1.8012500000000000178   -0.55271999999999998909  -1.0308999999999999275  )	0.06412995960817519 -0.020954567016001846 -0.005581617499999858 0.06044612073875655
185	(  -1.7000509999999999788    1.5778319999999999013    1.8059000000000000608   -0.55130000000000001226  -1.0310999999999999055  )	0.06369638425577921 0.008100932824998353 0.007179658800000155 0.014655500006441446
186	(  -1.702900999999999998     1.5808390000000001052    1.8033449999999999758   -0.55400000000000004796  -1.0303100000000000591  )	0.0626005658538388 0.019431644846997997 -0.003160593545000534 0.012404160976791534
187	(  -1.7007490000000000663    1.5785679999999999712    1.7959000000000000519   -0.55269999999999996909  -1.0308999999999999275  )	0.06410654400200014 -0.022086998375000277 -0.013941878799999419 0.01410049109597633
188	(  -1.6978990000000000471    1.5755609999999999893    1.7984549999999999148   -0.55000000000000004441  -1.0316899999999999959  )	0.06522096492661322 -0.033421877953001555 -0.0035719417450001956 0.016353920957419277
189	(  -1.700986000000000109     1.5785080000000000222    1.8028999999999999471   -0.55184999999999995168  -1.0310089000000000059  )	0.06365703975536516 0.003007062639209579 0.001080765875000278 0.011595082663886203
190	(  -1.7027440000000000353    1.5794319999999999471    1.8088999999999999524   -0.55140000000000000124  -1.031035600000000052   )	0.06293195004461044 0.03313815062735692 0.01446939559999949 0.003230762159861733
191	(  -1.7004280000000000506    1.5782940000000000857    1.8025649999999999729   -0.55186999999999997168  -1.0315088999999999508  )	0.06367955827598358 0.00027902052421069357 -0.001316559104999726 0.014837520984633645
192	(  -1.7005069999999999908    1.5783240000000000602    1.8026130000000000209   -0.54984999999999994991  -1.0310048999999998909  )	0.06439472298388974 -0.0024495398819919245 0.010617139287000477 0.014376409558172654
193	(  -1.6989810000000000745    1.5753060000000000951    1.7979000000000000536   -0.55208999999999996966  -1.0309388999999999914  )	0.06464727839284644 -0.031791774369791526 -0.013612629104999385 0.005091466625742669
194	(  -1.7014650000000000052    1.5786919999999999842    1.8031870000000000953   -0.55384999999999995346  -1.0310128999999998989  )	0.06292706800660526 0.008472356524409363 -0.008455581920999489 0.008811734765829637
195	(  -1.7015439999999999454    1.5787219999999999587    1.8032349999999999213   -0.5518300000000000427   -1.030508900000000061   )	0.0636345959000693 0.005736544324207671 0.0034781342349994304 0.008349900324425619
196	(  -1.7032439999999999802    1.5793639999999999901    1.8042400000000000659   -0.5517699999999999827   -1.0290089000000000041  )	0.06356503814445298 0.014022194811206035 0.010670499595000216 -0.0016283983181701878
197	(  -1.7017439999999999234    1.5788269999999999804    1.8031440000000000801   -0.55205999999999999517  -1.0315088999999999508  )	0.06336847770062522 0.00873647658020893 -0.000421584581999479 0.007397691551457086
198	(  -1.7013439999999999674    1.5786169999999999369    1.8033259999999999845   -0.55159999999999997922  -1.0295088999999999491  )	0.0639016245657125 0.0027388364802067855 0.007375533942000079 0.009301805159295018
199	(  -1.7010440000000000005    1.5784480000000000732    1.7982350000000000279   -0.55122999999999999776  -1.0305288999999999699  )	0.06439340048048564 -0.015457779499792323 -0.001871788454999912 0.010643135307158325
200	(  -1.70544399999999996      1.5807279999999999109    1.8015000000000001013   -0.55383000000000004448  -1.030368900000000032   )	0.06257478565114812 0.021030236107209888 -0.005564547435000122 -0.01058414062818036
201	(  -1.7020439999999998903    1.5789960000000000662    1.8082350000000000367   -0.55242999999999997662  -1.0304888999999999299  )	0.06288307489672831 0.02698223910020836 0.008830916925000043 0.006054824170492079
202	(  -1.6976439999999999308    1.5767160000000000064    1.8049699999999999633   -0.54983000000000004093  -1.03064890000000009    )	0.06470948101080808 -0.009504619736789621 0.012516655084999773 0.027166775376565422
203	(  -1.7021440000000001014    1.5737220000000000653    1.8029569999999999208   -0.55254000000000003112  -1.0304888999999999299  )	0.06393432561295248 -0.008243101507789063 -0.009578588075999761 -0.03413055927943898
204	(  -1.7009440000000000115    1.5837220000000000741    1.8035129999999999217   -0.55112000000000005429  -1.0305288999999999699  )	0.06333783102553328 0.01976807372420808 0.016537778545999693 0.05106349289325074
205	(  -1.7115439999999999543    1.5784059999999999757    1.803507999999999889    -0.55113000000000000878  -1.0305288999999999699  )	0.06283828755753983 0.039123561471207324 0.0068908849629996105 -0.08138140975992947
206	(  -1.6915439999999999365    1.5790379999999999416    1.8029619999999999536   -0.55252999999999996561  -1.0304888999999999299  )	0.06444370119258244 -0.027449143252793462 6.535097100046627e-5 0.09706122987796606
207	(  -1.7032179999999998987    1.5793639999999999901    1.8042400000000000659   -0.5517699999999999827   -1.0290089000000000041  )	0.0635677121022639 0.013933626799206067 0.010670499595000216 -0.0014021206426950705
208	(  -1.7030160000000000853    1.5779399999999998983    1.8029139999999999056   -0.55208000000000001517  -1.0310089000000000059  )	0.06343684861438725 0.008428709531207446 -0.0011068504000002477 -0.010290784417725352
209	(  -1.7031149999999999345    1.5778879999999999573    1.805234999999999923    -0.55210000000000003517  -1.030427299999999935   )	0.06329984794285246 0.015799479579287734 0.003964082029999538 -0.011540623515154724
210	(  -1.7000720000000000276    1.5795040000000000191    1.803555999999999937    -0.55157999999999995921  -1.030008899999999894   )	0.06383299288496554 0.0030507668152068845 0.008062370914000194 0.026974256355043025
211	(  -1.6999729999999999563    1.5795559999999999601    1.8012349999999999195   -0.55156000000000005024  -1.0305904999999999649  )	0.06397092785981226 -0.004311904619751061 0.002989070759999546 0.028221815819232
212	(  -1.7054380000000000095    1.5807219999999999605    1.8040570000000000217   -0.55118000000000000327  -1.0307045999999999708  )	0.06310680720569797 0.02797383723815905 0.011193782013999787 -0.010576763553561186
213	(  -1.6976500000000001034    1.5767219999999999569    1.8024130000000000429   -0.55247999999999997112  -1.0303131999999999291  )	0.06416668093847648 -0.016460149152761616 -0.004232953493999769 0.027159648050993468
214	(  -1.7048609999999999598    1.5769610000000000571    1.8025109999999999744   -0.55083000000000004182  -1.0303366000000000469  )	0.06390686594296957 0.007410128162559815 0.00478800218099984 -0.03366942489643687
215	(  -1.7065440000000000609    1.5791319999999999801    1.8021439999999999682   -0.5526900000000000146   -1.0302492000000000871  )	0.06295438169155772 0.020552944296639453 -0.0012188927320009313 -0.03214021733765016
216	(  -1.696544000000000052     1.5783119999999999372    1.8043260000000000964   -0.55096999999999995978  -1.0307686000000000348  )	0.0643215136506239 -0.009025524798040863 0.008176500001999987 0.04858637868550941
217	(  -1.698226999999999931     1.5804830000000000823    1.8039590000000000902   -0.55283000000000004359  -1.0306812000000000751  )	0.0633645548400041 0.00409427543243801 0.0021690932169993182 0.050286273078116395
218	(  -1.7021409999999999041    1.5790759999999999241    1.8022350000000000314   -0.55156609999999994809  -1.0305184000000000566  )	0.06371330166562543 0.005009328289768078 0.0038709605287996496 0.005810167702162694
219	(  -1.7039320000000000022    1.5801380000000000425    1.7992349999999999177   -0.55077609999999999069  -1.0305469000000000435  )	0.06394999758034878 0.002848170323817456 0.0050365821845494985 -0.0018237501023850022
220	(  -1.7093320000000000736    1.5833239999999999537    1.7902350000000000207   -0.54840610000000000746  -1.0306324000000000041  )	0.06466744460698134 -0.003375475128031269 0.008496566051799714 -0.02509488275800731
221	(  -1.7044319999999999471    1.5795639999999999681    1.798842000000000052    -0.55277609999999999246  -1.0305751999999999136  )	0.06336025587390931 0.003590073270247629 -0.007000634175599707 -0.010478094666351634
222	(  -1.7034320000000000572    1.5807119999999998949    1.7996280000000000054   -0.54877609999999998891  -1.0305185999999999513  )	0.06454559982386729 0.0021157368291682133 0.01707368370869977 0.006831162268865487
223	(  -1.7008319999999998995    1.5835529999999999884    1.8015740000000000087   -0.55092609999999997417  -1.0310468999999999884  )	0.06352984489808569 0.012715751169817935 0.012734674751550212 0.05076403838872379
224	(  -1.7070320000000001048    1.5767230000000000967    1.7968960000000000488   -0.55062610000000000721  -1.0300469000000000985  )	0.06437367644959441 -0.006965379230180702 -0.0026462850124504556 -0.05439921976329254
225	(  -1.6972320000000000739    1.5803849999999999287    1.8042350000000000332   -0.55109609999999997765  -1.0301865999999999524  )	0.06408676710262835 -0.001531512471231622 0.012726842813699957 0.05815555054909405
226	(  -1.7106319999999999304    1.5798909999999999343    1.7942350000000000243   -0.55045610000000000372  -1.0309071999999999125  )	0.06381757019460911 0.007368219569046985 -0.0026500554845996227 -0.062261409382911026
227	(  -1.6993320000000000647    1.585137999999999936     1.7956049999999998956   -0.55099609999999998866  -1.030300100000000052   )	0.06419713180923967 -0.010295960431783158 0.007825033841949658 0.0757060612625251
228	(  -1.6939319999999999933    1.5771319999999999784    1.7971760000000001067   -0.55064610000000002721  -1.030695300000000092   )	0.06554991125054195 -0.04786353008870314 -0.0033579569346500193 0.0622939375643905
229	(  -1.7085319999999999396    1.5751379999999999271    1.8028649999999999398   -0.55055609999999999271  -1.0307937000000000349  )	0.06370725638568406 0.016111193499897425 0.0022123734871493106 -0.07933287197401695
230	(  -1.713932000000000011     1.5831440000000001067    1.8012939999999999507   -0.55090609999999995416  -1.030398499999999995   )	0.06238198274315147 0.053786499615458894 0.01344369293175074 -0.06687812786604308
231	(  -1.7093050000000000743    1.5833239999999999537    1.7902350000000000207   -0.54840610000000000746  -1.0306324000000000041  )	0.06467024194381213 -0.0034677783270300466 0.008496566051799714 -0.02485821940951194
232	(  -1.7029700000000000948    1.5811630000000000962    1.7984539999999999971   -0.55177609999999999157  -1.0306131000000000597  )	0.06368171247396127 0.0012402700078180118 0.00031053736744990346 0.014233439562024053
233	(  -1.7048939999999999095    1.5791129999999999889    1.8000160000000000604   -0.5497760999999999898   -1.0304807000000000272  )	0.06421974633317391 0.004463251464697393 0.009760363951650142 -0.017880440333752023
234	(  -1.7014679999999999804    1.5796460000000001056    1.7972349999999999159   -0.55013610000000001676  -1.0307163999999999771  )	0.06463261637076444 -0.014645488682830887 0.0038235762998000133 0.01592286336750348
235	(  -1.7023610000000000131    1.5818129999999999136    1.7979590000000000849   -0.55036609999999996923  -1.0303469000000000655  )	0.06421607033339582 -0.00266051466018169 0.008694894666550379 0.024407193594262022
236	(  -1.7063960000000000239    1.5806299999999999795    1.8012349999999999195   -0.55141609999999996461  -1.0303774000000001099  )	0.06327282252759217 0.020363332710967796 0.006252640869299775 -0.019630139058340657
237	(  -1.7055029999999999912    1.5784629999999999495    1.8005109999999999726   -0.55118610000000001214  -1.0307469000000000214  )	0.06368516553026073 0.008371075191819344 0.0013731751025498617 -0.02805332639519964
238	(  -1.7058079999999999909    1.5781380000000000408    1.7976399999999999046   -0.55126609999999998113  -1.0304177999999999393  )	0.06400083543799104 -0.002534794925953321 -0.0032480155628999974 -0.033144056593949145
239	(  -1.7020560000000000134    1.5821380000000000443    1.8008299999999999308   -0.55028610000000000024  -1.0306759999999999255  )	0.06389996000617053 0.008251775909208448 0.013328192522000126 0.029498499036861414
240	(  -1.6989320000000001087    1.5794209999999999638    1.7997810000000000752   -0.55094609999999999417  -1.0305006000000000999  )	0.06444805724111416 -0.014374624468430852 0.003860473712699708 0.0362310860840207
241	(  -1.7089319999999998956    1.5808549999999998992    1.7986889999999999823   -0.5506060999999999872   -1.0305931999999999871  )	0.06345596984053005 0.020122651613446507 0.006211986402399727 -0.04012930209940713
242	(  -1.7031060000000000088    1.5796980000000000466    1.7982350000000000279   -0.5504189999999999916   -1.0305895000000000472  )	0.06428933420174919 -0.005259273263749975 0.0043880230275004095 0.002072443011502223
243	(  -1.7031339999999999257    1.5797120000000000051    1.799654000000000087    -0.55043089999999994522  -1.0304469000000000545  )	0.0641663748674971 -0.00029506598958128905 0.006985946801950416 0.0019336007730617055
244	(  -1.7020569999999999311    1.5791379999999999306    1.8002199999999999314   -0.55095419999999994953  -1.0306436000000001041  )	0.06408541796334642 -0.00275633658840313 0.0036087097443995297 0.007004052914477477
245	(  -1.7047300000000000786    1.58056400000000008      1.7988159999999999705   -0.55112130000000003616  -1.0306469000000000324  )	0.06373421648419722 0.0059936526452997185 0.0030865153791497235 -0.005585890859371112
246	(  -1.7047579999999999956    1.5805780000000000385    1.8002350000000000296   -0.55113319999999998977  -1.0305043000000000397  )	0.06361198574190058 0.010959624333729323 0.005686173466200373 -0.00572508303942687
247	(  -1.7058070000000000732    1.5811379999999999324    1.7982499999999999041   -0.55059800000000003184  -1.0304501999999999828  )	0.0638151149280818 0.008463731077037906 0.006462312401999792 -0.010678014606873898
248	(  -1.7030829999999999025    1.5811379999999999324    1.7996810000000000862   -0.55040880000000003136  -1.0305907000000000817  )	0.06399264332992131 0.004407819737926033 0.009313064587199715 0.013062735344847365
249	(  -1.7047810000000001018    1.5791379999999999306    1.7987889999999999713   -0.55114339999999995001  -1.0305031000000000052  )	0.06390757323592279 0.0012926339991690128 0.0007611526593001017 -0.016708123896957083
250	(  -1.7019320000000000004    1.5805409999999999737    1.798837999999999937    -0.55110250000000005066  -1.0305079999999999796  )	0.0640529899191697 -0.00383876088075219 0.003559536007999853 0.018595561072451083
251	(  -1.7059320000000000039    1.5797349999999998893    1.7996319999999998984   -0.55044970000000004173  -1.0305858000000001073  )	0.06384743460791799 0.009543957664726932 0.006513435348698859 -0.022282415873428274
252	(  -1.703513000000000055     1.5801450399999998897    1.7987349999999999728   -0.55074869999999997994  -1.0305914910000000262  )	0.06404251319108376 -0.0002945592961083321 0.004277569027841821 0.0018776399681152967
253	(  -1.7022559999999999913    1.5801661600000000973    1.7972349999999999159   -0.55066649999999994769  -1.0307252639999999744  )	0.06432072118556394 -0.009717607959736085 0.002000560625320169 0.012971048228344717
254	(  -1.7038050000000000139    1.5799399400000000426    1.7989349999999999508   -0.55103190000000001891  -1.0306914910000000152  )	0.06390815910837568 0.0012899306946163591 0.0024898029660853638 -0.002201027270456901
255	(  -1.7046809999999998908    1.5793250000000000899    1.7995350000000001067   -0.55188190000000003632  -1.0309914909999999821  )	0.06350635572601568 0.00604806967301208 -0.0028771008095644923 -0.014437173195098296
256	(  -1.7040040000000000742    1.5803239399999999826    1.796934999999999949    -0.55202189999999995429  -1.0305359910000000401  )	0.06375157493269594 -0.0032386115959148754 -0.004652779727114087 -0.0010579585898340405
257	(  -1.7036059999999999537    1.5795559400000001027    1.8009349999999999525   -0.55004189999999997251  -1.0308469909999999903  )	0.06406579046875487 0.005828855659647303 0.009632389109285544 -0.0033431029556272307
258	(  -1.7025799999999999823    1.5809399399999999325    1.7992239999999999345   -0.55089189999999998992  -1.0307139910000000516  )	0.06393595805527334 0.0012099691919598143 0.005405138313695268 0.01595302239425811
259	(  -1.7050300000000000455    1.5789399399999999307    1.798645999999999967    -0.5511719000000000479   -1.0306689909999999788  )	0.06388054504497083 0.001375100701769938 -0.00042492288152473634 -0.02036093792980065
260	(  -1.7008110000000000728    1.5798039399999999066    1.7996410000000000462   -0.55068189999999994644  -1.0304914910000000372  )	0.0643100488010357 -0.007590456547465152 0.005714881396975624 0.022809124733292663
261	(  -1.7067989999999999551    1.5800759399999999566    1.7982290000000000774   -0.55138189999999998037  -1.0308914909999999932  )	0.06350851746382799 0.010189604872694602 -0.0007361674968047183 -0.027302641754934243
262	(  -1.6991780000000000772    1.5797299399999999991    1.8000270000000000437   -0.5520319000000000198   -1.0307763910000000696  )	0.0639696900142651 -0.009911053394002778 -0.0015507032859849446 0.03641310689490851
263	(  -1.7084319999999999506    1.5801499400000000861    1.7978430000000000799   -0.55003190000000001803  -1.0306065909999999608  )	0.0638486089280519 0.012538220585254223 0.006529001578155835 -0.04103360526992894
264	(  -1.6991130000000000955    1.5797269400000000239    1.796934999999999949    -0.55048189999999996846  -1.0307775910000001041  )	0.06477664734092517 -0.02296964970886428 0.0015445950733856684 0.03695363062636314
265	(  -1.7084969999999999324    1.5801529400000000614    1.8009349999999999525   -0.55158189999999995834  -1.0306053909999999263  )	0.06304883252352113 0.025602251390512976 0.003436336408785934 -0.04158030929765122
266	(  -1.7046809999999998908    1.5793246400000000573    1.7995350000000001067   -0.55188150000000002482  -1.0309914909999999821  )	0.06350652251502946 0.006046491053780301 -0.0028756866591823638 -0.014439867003336548
267	(  -1.7033030000000000115    1.5794399400000000977    1.7982659999999999201   -0.55090079999999996829  -1.0307375910000000641  )	0.06411513936460589 -0.00445608642667672 0.001082325784175886 -0.0015736008061257856
268	(  -1.7033940000000000747    1.5800345099999999476    1.799061999999999939    -0.55053189999999996296  -1.0306827910000000426  )	0.06408884222471024 7.664045209843096e-5 0.005461269496955357 0.0020856907372093225
269	(  -1.7029989999999999295    1.5801252299999999362    1.7991829999999999767   -0.55108049999999997315  -1.0307914910000000042  )	0.06391393135693739 0.0002816193708028436 0.002689000406962627 0.006202720475156909
270	(  -1.7042159999999999531    1.5798453699999999156    1.7988079999999999625   -0.55153189999999996385  -1.0307001909999999878  )	0.06372795668812516 0.00250410907548293 -0.0004816830440046438 -0.006489387347775821
271	(  -1.7043070000000000164    1.5804399399999999876    1.7996039999999999814   -0.55116299999999995851  -1.0306453909999999663  )	0.06370167192065494 0.007037885570744251 0.003898009585095341 -0.002828660018928897
272	(  -1.7046110000000000984    1.579754649999999927     1.7986869999999999248   -0.55098329999999995366  -1.0305914910000000262  )	0.06390243530261173 0.002299757687111992 0.0022906488290486138 -0.010611090675831214
273	(  -1.7023619999999999308    1.5802718099999999435    1.7979350000000000609   -0.55111889999999996714  -1.0306608909999999124  )	0.06409554525104585 -0.006140449076204035 0.0011425141076508716 0.012840983364385217
274	(  -1.7018050000000000122    1.5797305100000000877    1.7995499999999999829   -0.55115250000000004515  -1.0306490909999999062  )	0.06404668640660842 -0.003924428214764575 0.002579923633612591 0.013628107906030973
275	(  -1.7058050000000000157    1.5801493699999999976    1.7983199999999999186   -0.55091129999999999267  -1.0307338909999999021  )	0.06377009680211111 0.006513166460083042 0.0023994758340584177 -0.018070637981181026
276	(  -1.705248000000000097     1.5796080699999999197    1.7999350000000000627   -0.55094489999999995966  -1.0307220909999998959  )	0.06372131430080226 0.008726712249547575 0.003836454706521053 -0.017263280317166618
277	(  -1.7037320000000000242    1.5799856299999999187    1.7984350000000000058   -0.55110320000000001528  -1.0307278289999999288  )	0.0639305311504248 -0.0004596374192100683 0.0013144320342859395 -0.0012231427062472378
278	(  -1.703513000000000055     1.5801226999999999911    1.796934999999999949    -0.55131710000000000438  -1.0308368429999998916  )	0.06399778059155237 -0.005705175912096294 -0.002212110355076291 0.0017103028874947412
279	(  -1.7038580000000000947    1.58007342999999989      1.7984620000000000051   -0.55160319999999996021  -1.030722828999999896   )	0.06374671079470397 0.0008853342719667978 -0.0010480328826032448 -0.0016628691451963107
280	(  -1.7034560000000000812    1.5797926499999999095    1.7983759999999999746   -0.55113029999999996189  -1.0306278289999999398  )	0.06399468852360085 -0.002398272206637131 0.001010063810806816 -0.0002651571890921467
281	(  -1.7040079999999999671    1.580178609999999928     1.7984940000000000371   -0.55107609999999995765  -1.0308278289999999178  )	0.06386642422252747 0.0014792526335938305 0.001618850129406102 -0.0021815538802081313
282	(  -1.7035940000000000527    1.5798892300000000333    1.7994349999999998957   -0.5511167000000000149   -1.0307333290000000314  )	0.0638525562703594 0.002389627661305127 0.0026362222925784273 -0.0007434228123024411
283	(  -1.7038699999999999957    1.5800820300000000262    1.7974349999999998939   -0.55108970000000001566  -1.0307223290000000482  )	0.06400862291581723 -0.0033068454008056136 -7.5517665067970086e-6 -0.0017029691789658408
284	(  -1.7036059999999999537    1.5798978299999999475    1.7984080000000000066   -0.55060319999999995932  -1.0307328289999999615  )	0.06411483499393927 -0.00180406043270942 0.003676926692376181 -0.0007835054788545293
285	(  -1.7033039999999999292    1.5804856300000000857    1.7985880000000000756   -0.55103310000000005342  -1.0306994290000000003  )	0.06393132705328525 7.692703303163739e-5 0.0028949806399403144 0.006248708386087376
286	(  -1.7027319999999999123    1.5798584799999999539    1.7982210000000000694   -0.55120119999999994675  -1.0307676290000000741  )	0.06403082153123321 -0.004847486631369691 0.00013292563430589155 0.006527697451894632
287	(  -1.7041599999999998971    1.5794856299999999738    1.7982819999999999361   -0.55117329999999997714  -1.0307562290000000793  )	0.0639297682050879 -0.0009952772443142521 -0.00026598347976847236 -0.008694496398790719
288	(  -1.7047319999999999141    1.5801127800000001056    1.7986489999999999423   -0.55100519999999997278  -1.0306880290000000056  )	0.06383041073357663 0.0039303580952712025 0.0024959538504663037 -0.008984051993459197
289	(  -1.7037531900000000284    1.580006610000000089     1.7983761400000000119   -0.55130319999999999325  -1.0307348890000000985  )	0.06386679014239977 -0.00029780926775124783 0.0002089751795613104 -0.0012505471693642356
290	(  -1.7038167600000000412    1.5800695499999999338    1.7982000000000000206   -0.55190320000000003819  -1.0307560689999999415  )	0.0636759069179993 0.0001897904446703791 -0.0031067996926039676 -0.001332763062752651
291	(  -1.7037442599999998993    1.5804971999999999355    1.7979781399999998914   -0.551354600000000028    -1.0308348890000000875  )	0.06381864086158623 5.375792944661839e-5 -7.837352198913905e-5 0.002502516072452554
292	(  -1.7037537899999999347    1.579973850000000013     1.7983051400000000797   -0.55180320000000004921  -1.0307281889999999613  )	0.06371928568759166 -0.00011690869693481432 -0.0025204695814351474 -0.0015011153238821962
293	(  -1.7037525899999999002    1.5800393699999999431    1.7984471399999999441   -0.55080320000000004832  -1.0307415890000000136  )	0.06401465683687874 -0.0004781975196355148 0.002938458092477614 -0.0009999688443804722
294	(  -1.7037615999999999872    1.5802888799999998959    1.7973761399999999      -0.55125480000000004477  -1.0306407890000000016  )	0.0639637738209308 -0.003220186998905916 -0.0003548828408632687 0.0007905873194271607
295	(  -1.7032531900000000835    1.5800009600000000098    1.7983641400000001109   -0.551302599999999976    -1.030733689000000064   )	0.06392056959032776 -0.002065462709653687 0.00018625436311747734 0.0030600233566624446
296	(  -1.7037447800000000697    1.5797243400000000602    1.7993761399999999018   -0.55135160000000005276  -1.0308289889999999733  )	0.0637699628053957 0.002626750352305862 0.0007722231155851134 -0.0032909270461920492
297	(  -1.7037621199999999355    1.5795160200000000206    1.7987741399999999103   -0.5512517999999999585   -1.0306348890000001095  )	0.06391499128224534 -0.0006485528564450505 0.0004958819714713236 -0.0050013295841924155
298	(  -1.7042531899999999734    1.5800122599999999462    1.7983881399999999129   -0.55130380000000001051  -1.030736088999999911   )	0.06381305463671608 0.0014703445295971562 0.00023169612440554488 -0.005563673022551896
299	(  -1.7037447800000000697    1.580468339999999916     1.7993761399999999018   -0.55135160000000005276  -1.0306829889999999939  )	0.0637121941952805 0.004676952957437308 0.002513445631744826 0.002281717375061554
300	(  -1.7037615999999999872    1.57954488000000004      1.7973761399999999      -0.55125480000000004477  -1.0307867889999999811  )	0.0640216958838662 -0.0052701348899582 -0.0020945466930228918 -0.004780791343615753
301	(  -1.7038167600000000412    1.5800695499999999338    1.7981995600000000302   -0.55190320000000003819  -1.0307560689999999415  )	0.06367594982674944 0.00018820802886487797 -0.0031074949232059446 -0.001332763062752651
302	(  -1.7035531900000000505    1.5800114199999999443    1.7983820299999999648   -0.55130550000000000388  -1.030734886999999933   )	0.06388557460414146 -0.0009403540743377903 0.0002150836978902504 0.0005269368107874151
303	(  -1.7029531899999998945    1.580025849999999954     1.7983997000000000455   -0.55131240000000003576  -1.0307348810000001027  )	0.0639419636676307 -0.002867507736668884 0.00023340959312267984 0.005856937142645791
304	(  -1.7035929000000000766    1.5800129099999999926    1.7988820299999999097   -0.55132340000000001901  -1.0307227109999999026  )	0.06382884876661431 0.0009929209127470529 0.0009490835383201279 0.0001923614364209847
305	(  -1.7036740699999999293    1.5800159499999999468    1.7983269299999999902   -0.55110550000000002591  -1.0306978209999999585  )	0.06394808621685882 -0.001009243447612107 0.001269042758955674 -0.0004916263804890519
306	(  -1.7035610800000000609    1.5798114199999999663    1.7983784400000000225   -0.55130909999999999638  -1.030732468999999929   )	0.06390662372313292 -0.0015593640963409428 -0.00016215213205450496 -0.0010394281188528254
307	(  -1.7034323099999999496    1.5800068899999999417    1.7984371299999999394   -0.55150549999999998185  -1.0307719529999999075  )	0.06382312628716451 -0.0008713466162753036 -0.0008389499943817214 0.0015453508429517093
308	(  -1.7035453000000000401    1.5802114199999999222    1.798385619999999907    -0.55130190000000001138  -1.030737304999999937   )	0.06386453272619427 -0.00032126386443920296 0.0005923210508829158 0.0020936803068689613
309	(  -1.7035134800000000244    1.5800099299999998959    1.7978820300000000199   -0.55128759999999998875  -1.0307470629999999634  )	0.06394234641378845 -0.0028731249658786595 -0.0005189124730362593 0.0008614960883641665
310	(  -1.7039958900000000686    1.5800280099999999273    1.7981802399999999853   -0.55150549999999998185  -1.0306850020000000168  )	0.06380258944952336 1.257092589845854e-5 -0.0009670906240328847 -0.0032040862902369405
311	(  -1.7040531899999999954    1.5800076300000001073    1.7984280900000000347   -0.5512597999999999665   -1.0307658760000000253  )	0.06383922118102221 0.0009306383305283106 0.00043115095340295895 -0.003855865596070096
312	(  -1.7031104900000000324    1.5799948299999999612    1.7985838199999999443   -0.55110550000000002591  -1.0307847720000000713  )	0.06396866609023588 -0.001892720142098625 0.001397351094420074 0.004255959313239188
313	(  -1.7030531900000001055    1.5800152100000000033    1.7983359699999998949   -0.55135120000000004126  -1.0307038980000000628  )	0.06393196607098262 -0.0028108361098055923 -9.697447849177365e-7 0.0049071840240322295
314	(  -1.7036522199999999394    1.5800671600000000261    1.7984795899999999058   -0.55140549999999999287  -1.0307376399999998995  )	0.06382730325511188 4.006041097959212e-5 -5.348067583543781e-5 8.217251026865213e-5
315	(  -1.7039493100000000503    1.5802343800000000495    1.7987722699999999509   -0.55170549999999995983  -1.030745899000000021   )	0.06365273482620601 0.0029816931399793134 -0.0008591250590792576 -0.0012525451539500132
316	(  -1.7036975000000000868    1.5800461599999999773    1.7985864499999999477   -0.55143030000000003987  -1.030687640000000016   )	0.06381515647910047 0.00043664436745771695 8.764109307213275e-5 -0.000469388660437442
317	(  -1.703606940000000014     1.5800881600000000748    1.7983727300000000859   -0.55138069999999994586  -1.030787640000000005   )	0.06383945304663341 -0.0003564894947380992 -0.00019459453286296835 0.0006337169040628865
318	(  -1.7034930900000000431    1.5798671600000000481    1.7981040299999999643   -0.55131839999999998625  -1.0307307260000000415  )	0.06393159426895606 -0.002595138674498898 -0.0005385661851371459 -3.0143164170937098e-5
319	(  -1.7038113500000000577    1.5802671600000000041    1.7988551500000000694   -0.55149259999999999948  -1.0307445539999999795  )	0.0637231369821854 0.002675687500227397 0.00043174903537224196 0.0001946085578881096
320	(  -1.7038640800000000031    1.5799689100000000597    1.7989795900000000728   -0.55121249999999999414  -1.0307468459999999943  )	0.063827479709176 0.0020564056125991215 0.0015290926706721386 -0.00249861462407841
321	(  -1.7034403600000000978    1.5801654099999999925    1.7979795899999999609   -0.55159849999999999159  -1.0307284340000000267  )	0.06382716530053102 -0.0019756010476914554 -0.001636134504762854 0.002662592352436821
322	(  -1.7041522200000001064    1.5801253200000000554    1.7981836200000000936   -0.55133690000000001863  -1.0307321910000000198  )	0.06382098655018428 0.0007763739376045464 -4.7986609480688e-5 -0.0038371267477201876
323	(  -1.7031522199999999945    1.5800089999999999968    1.7987755599999999401   -0.5514740999999999671   -1.0307430890000000012  )	0.06383364320437207 -0.0006955616826882505 -5.901290743448584e-5 0.003998948358199694
324	(  -1.7040177400000000585    1.5798976499999999312    1.7985698599999999647   -0.55160549999999997084  -1.0307535219999999221  )	0.06373330251632076 0.0013280347563018324 -0.0012902642230256944 -0.004370666019407832
325	(  -1.7032867000000000424    1.5802366699999998989    1.7983893200000000689   -0.55120550000000001489  -1.0307217580000000989  )	0.06392142592888977 -0.0012474924554979339 0.0011832405040190785 0.004533917749023342
326	(  -1.7036500599999999661    1.5800673300000001031    1.7984729800000001099   -0.55140690000000003312  -1.0307176399999999905  )	0.06383111447481661 -3.0223163808074105e-5 -1.5693652836379357e-5 0.00010225351094383939
327	(  -1.7036543799999999127    1.580066989999999949     1.7984861999999999238   -0.55140409999999995261  -1.0307576400000000305  )	0.06382349225017737 0.00011034488646188834 -9.126742108245267e-5 6.20914621758395e-5
328	(  -1.7036468600000000961    1.5799671600000000371    1.7984632300000000793   -0.551409000000000038    -1.0307376749999999088  )	0.06383944883212862 -0.00034912012623777855 -0.00027731130284802674 -0.0006200928159278973
329	(  -1.7036575800000000047    1.5801671600000000151    1.7984959499999999544   -0.55140199999999994773  -1.0307376049999998902  )	0.06381515987584985 0.0004292615654577503 0.00017035322195235736 0.0007845323468220755
330	(  -1.7035922100000000512    1.5800719800000000426    1.798296310000000009    -0.55130550000000000388  -1.0307380310000000545  )	0.06388265458978049 -0.0009178586065736738 0.00017988342104180433 0.0006407798604151083
331	(  -1.7037122300000000497    1.5800623400000000096    1.7986628700000000247   -0.55150549999999998185  -1.0307372489999999665  )	0.06377199027504257 0.0009980738608224016 -0.0002868461485316942 -0.0004764714307814444
332	(  -1.7038522199999999174    1.5800703599999998961    1.7983579999999999011   -0.55143140000000001599  -1.030737899000000013   )	0.06380991346851958 0.000323431654351225 -0.00037404092426385205 -0.0016355229420761397
333	(  -1.7038060399999999106    1.5800548000000000926    1.7986459599999999881   -0.55130550000000000388  -1.0307366380000000383  )	0.06382859935312035 0.001011253613635077 0.0007052946940633298 -0.001349877835949087
334	(  -1.7034522199999999614    1.5800639599999999341    1.7986011799999999106   -0.55137959999999996974  -1.0307373810000000081  )	0.06384469967017561 -0.0002431999019005815 0.0002670787273348907 0.0017994591831587137
335	(  -1.7034983999999999682    1.5800795199999999596    1.7983132200000000456   -0.55150549999999998185  -1.0307386419999999827  )	0.0638260158954881 -0.0009310098049883919 -0.0008122611604006735 0.001513982448279716
336	(  -1.7036868300000000964    1.5800171599999999206    1.7985414799999999147   -0.55136423599999995204  -1.0307430950000000536  )	0.06383546361638072 0.00018834452054505846 0.00015200593704456367 -0.0005936729950497543
337	(  -1.7036308600000000801    1.5800980238999999816    1.7984413900000000286   -0.55138235300000004724  -1.030747639999999965   )	0.0638354741219669 -7.749789245714567e-5 3.3390976984293275e-5 0.0004993280357039609
338	(  -1.7037522199999999284    1.5800834585000000931    1.7984594199999999198   -0.55139327599999998775  -1.0307358620000000027  )	0.06382134944468275 0.0003426103978796391 1.1862131184869895e-5 -0.0006665335038160691
339	(  -1.7036253999999999564    1.5801059143000000251    1.7985795899999998948   -0.55137643499999999808  -1.0307334120000000155  )	0.06382597363304447 0.0003900851820350937 0.00033567677853785227 0.0006059689204533925
340	(  -1.7036983599999999672    1.5800792552000000324    1.7985621099999999917   -0.55145549999999998736  -1.0307449140000000121  )	0.06379598534179819 0.0006024643248441208 -0.00017908041189418356 -0.00022900108768064698
341	(  -1.7035522199999999504    1.580050861499999959     1.7984997599999998918   -0.55141772399999999799  -1.0307394180000000183  )	0.06383325815184845 -0.00026246792580586487 -0.00011882435768040267 0.0008307788236052716
342	(  -1.7036060799999999116    1.5800550648000000198    1.798397070000000042    -0.55135549999999999837  -1.030730366000000009   )	0.06385863291572458 -0.0005223202275743688 7.211741941537397e-5 0.00039332573371630986
343	(  -1.7036790399999999224    1.5800284057000000271    1.7983795899999999168   -0.55143456499999998766  -1.0307418680000000055  )	0.06382863407789252 -0.00030993819236080355 -0.0004426316082173365 -0.00044161701408684806
344	(  -1.7036735800000000207    1.5800362961000000706    1.7985177900000000051   -0.55142864700000004952  -1.030727640000000056   )	0.0638191335538751 0.00015762572212629777 -0.00014035237195741956 -0.00033497864806752986
345	(  -1.7036176100000000044    1.5801171599999999096    1.7984176999999998969   -0.55144676400000003369  -1.0307321849999999674  )	0.06381914500258555 -0.00010820517718812539 -0.0002589712267648814 0.0007580294722520087
346	(  -1.7036516937999999222    1.5800471599999998951    1.7984794308000000562   -0.55140539899999996276  -1.0307376277899999995  )	0.06382963035054452 -2.5643989131296507e-5 -8.914762533551723e-5 -6.30405514829846e-5
347	(  -1.7036705006999999235    1.5800671070000000817    1.7984851204000000813   -0.55140902199999997091  -1.0307326400000000888  )	0.06382461479330082 0.00011565058330731404 -4.9203656415475194e-5 -7.74015640003789e-5
348	(  -1.7036775476999999057    1.5800670865999999481    1.7984295900000000223   -0.55141037999999997776  -1.0307382278999999148  )	0.06382792867081864 -4.712349255875381e-5 -0.00015938690779560005 -0.00013891621868333814
349	(  -1.7036339392999999554    1.5800672129999999704    1.7984740595999999524   -0.55140197800000001482  -1.0307426399999999322  )	0.06382999182219139 -3.552895699243663e-5 -5.7757519741574725e-5 0.00024174316856395706
350	(  -1.7036527461999999566    1.5800871599999999351    1.7984797491999999774   -0.55140560100000002297  -1.0307376522100000216  )	0.06382497624184891 0.00010576561171404819 -1.78137199799977e-5 0.00022738936135002774
351	(  -1.7036268922999999731    1.580067233400000104     1.7985295900000000113   -0.55140062000000000797  -1.0307370521000001062  )	0.06382667803167753 0.0001272506458356304 5.2425534774691585e-5 0.00030325468199254857
352	(  -1.7036845276999998955    1.5800668590999999985    1.7985109916999999502   -0.55142550000000001287  -1.0307400493300000743  )	0.06381416013679125 0.0002891677592877784 -0.0001141216468552031 -0.0002013991150238148
353	(  -1.7036199122999999833    1.5800674609000000537    1.7984481883000000835   -0.55138549999999997286  -1.0307352306699999467  )	0.06384044844523075 -0.00020904206582805784 7.1597944200085806e-6 0.0003657334669147083
354	(  -1.7037022200000000449    1.5800670151000000274    1.7984947163000000181   -0.55138653800000003713  -1.030738800580000003   )	0.06382652979624219 0.0002458605076913756 6.468388686897697e-5 -0.0003542901774924445
355	(  -1.7036022200000000559    1.5800673049000000248    1.7984644637000000156   -0.5514244619999999486   -1.030736479420000018   )	0.06382807709156216 -0.00016573350626991612 -0.00017164502285460514 0.0005186096434433018
356	(  -1.7036545897999999521    1.5800571599999999606    1.7984909473999999285   -0.5514047180000000159   -1.0307371566300000953  )	0.06382739282841343 5.5527183976167294e-5 -4.8157283881966606e-5 -1.3359953463965013e-5
357	(  -1.7036616991999999904    1.5800271599999999861    1.7985250195999999967   -0.55140237199999997397  -1.0307357065200000168  )	0.06382766163741885 0.00010193032838579086 -3.218849358699316e-5 -0.00029995200091814667
358	(  -1.7036482204000000795    1.5800598046000000618    1.7985409474000000341   -0.55140383500000000883  -1.0307369676700000038  )	0.06382318649316499 0.0002206702334213162 4.067366639803893e-5 6.19076278938202e-5
359	(  -1.7036609592000000468    1.5800545154000000814    1.7984409474000000451   -0.55140560100000002297  -1.0307373455899999648  )	0.06383159947927998 -0.00010961076871041087 -0.0001369879713690736 -8.862788321595261e-5
360	(  -1.7036427118999999397    1.5800620916999998933    1.7984889667999999219   -0.55140307200000004961  -1.0307421566299999061  )	0.06382793486428483 3.2008403994865375e-5 -4.7719247056488e-5 0.00012700124002673618
361	(  -1.7036045898000000687    1.5800521632999999788    1.7984826098999999733   -0.55139778800000005532  -1.030735673339999936   )	0.06383637724904943 -0.0001713158436942308 -3.05130319082636e-5 0.0003845692385149313
362	(  -1.7036664676999999646    1.5800522283000000279    1.7984929279999999352   -0.55140636399999998218  -1.0307321566300000626  )	0.06382685081163071 7.904635803335225e-5 -4.8595257942540826e-5 -0.00015372235853439165
363	(  -1.7037045898000000577    1.5800621566999999423    1.7984992849000001058   -0.55141164799999997648  -1.0307386399200000326  )	0.06381840939764293 0.00028237550105636444 -6.58015553276492e-5 -0.0004113144635695676
364	(  -1.7036708127999999896    1.5800771600000000916    1.7984829151999999208   -0.55139804100000000542  -1.0307357276499999887  )	0.06382665195180148 0.00013480607938021194 1.3471883138826968e-5 -4.823366602124679e-6
365	(  -1.7036141309999999205    1.5800739586000001058    1.7984842008999999408   -0.55141471799999997039  -1.030735956390000041   )	0.06382737478466 -4.495410210303419e-5 -7.683283063997237e-5 0.00046473778844458025
366	(  -1.7036383667999999147    1.5800371600000000516    1.7984989795999999362   -0.55141139500000002638  -1.0307385856099999799  )	0.06382813378415667 -2.375016277333941e-5 -0.00010978686760365619 -2.1895438454322402e-5
367	(  -1.7036950485999999838    1.5800403614000000374    1.7984976938999999163   -0.55139471799999995039  -1.0307383568699999277  )	0.0638274110515428 0.00015601260218112145 -1.9481843761770534e-5 -0.0004914717525079659
368	(  -1.7036489038000000029    1.5800562559999999923    1.7984849754000000743   -0.5514039674199999741   -1.0307391566299999308  )	0.06382856093826536 1.5110580056543199e-5 -6.086500185720212e-5 2.9378962305148804e-5
369	(  -1.7036318457999999332    1.5800535440000000875    1.7984670594000000676   -0.55140171567999995972  -1.0307451566300001033  )	0.06383206537909399 -0.00010613835119244186 -9.898800093299798e-5 0.00015759377322899226
370	(  -1.7036459588999999237    1.5800593683999999417    1.7984968357999999711   -0.55139396742000001961  -1.0307371651899999154  )	0.06383088485158896 4.244033860345553e-5 2.0500036756132545e-5 7.833201620277563e-5
371	(  -1.7036415098999999618    1.580050485899999968     1.7985147537999999212   -0.55140765441999994856  -1.0307341566299998981  )	0.06382673423032749 7.255488017321454e-5 -2.9407549617221918e-5 5.0542931064434526e-5
372	(  -1.7036562977000000441    1.5800620261000000166    1.7984551970000000054   -0.55140028041999999964  -1.0307441566299999636  )	0.06383038774526768 -4.2331693441255425e-5 -9.232261339731096e-5 8.214750356838607e-6
373	(  -1.7036518487000000821    1.5800531436000000429    1.7984731149999999555   -0.55141396742000003961  -1.0307411480699999462  )	0.06382623714606277 -1.22186525022272e-5 -0.00014223016578762682 -1.95740884039175e-5
374	(  -1.7036583654999999382    1.5800462559999999268    1.7984468690999999563   -0.55139924941999995944  -1.0307387625999999692  )	0.06383398833780181 -0.00012733259954167409 -0.00011365809232088964 -0.0001279038246244646
375	(  -1.7036551334000000768    1.5800496719999999051    1.7985349753999999578   -0.55140086141999999914  -1.0307433692600000974  )	0.06382403958444177 0.00020064053273216587 1.0689396711782706e-5 -7.417617389915421e-5
376	(  -1.7036394421000000676    1.5800662560000000578    1.7985230816999999703   -0.55140868541999998875  -1.0307395506599998924  )	0.06382313393666211 0.0001575570877125898 -8.071167858947348e-6 0.00018666178216664164
377	(  -1.703642674199999929     1.5800628400000000795    1.7984349753999999688   -0.55140707341999994906  -1.0307349439999999863  )	0.06383308264562919 -0.00017041415351748412 -0.00013241992798374014 0.00013293411278425538
378	(  -1.7036989038000001084    1.5800573675000000318    1.7984892107999999045   -0.55140449142000003135  -1.0307384454799999318  )	0.06382282384673092 0.00020333691303342505 -5.2913690903544364e-5 -0.0003976719088623071
379	(  -1.7035989037999998974    1.5800551444999999529    1.7984807400000000221   -0.55140344342000002786  -1.0307398677799999298  )	0.06383429851066456 -0.0001731107130122922 -6.881629967026015e-5 0.0004564042904524612
380	(  -1.7036491896999998996    1.5800560933470000347    1.7984845392999999625   -0.55139896742000005236  -1.030739155810000085   )	0.06383018484186057 8.486381334549264e-6 -3.607585364573396e-5 2.5671329141552235e-5
381	(  -1.7036500474000000338    1.5800556053879999396    1.798483231000000071    -0.5513839674199999541   -1.0307391533500001035  )	0.0638350567971987 -1.1385911246719616e-5 3.829159159751683e-5 1.4548426134464165e-5
382	(  -1.7036526204999999923    1.5800541415110000987    1.7984793060999999526   -0.55133896741999999236  -1.030739145969999937   )	0.06384967486442082 -7.100005676718979e-5 0.000261393932772247 -1.8820314453993348e-5
383	(  -1.7036482992999999464    1.5800506053879999069    1.7984828460999999766   -0.5513895084200000074   -1.0307401374000000338  )	0.06383389769885552 -2.6388146258327083e-5 -2.5785885080509274e-6 -7.678927243848221e-6
384	(  -1.7036430549999999062    1.5800356053880000307    1.7984816913999999155   -0.55140613141999994529  -1.0307430895500000467  )	0.06383042060329702 -7.139413279233509e-5 -0.0001251894328873071 -7.435975275615903e-5
385	(  -1.7036481061999999564    1.580049903087999974     1.7984846493999999684   -0.55139946841999998295  -1.0307451374000000666  )	0.06382979507238824 -1.4878177143629046e-6 -6.610820457408906e-5 -1.1257556708166305e-5
386	(  -1.7036484923999999364    1.5800513076880000618    1.7984810427999999849   -0.55137954842000003186  -1.0307351374000000011  )	0.06383800055483284 -5.128821883282342e-5 6.095052702459469e-5 -4.100293482078854e-6
387	(  -1.7036476781000000624    1.5800606053879999724    1.7984886490000000503   -0.55142155841999995758  -1.0307397178199999566  )	0.06382214687126055 5.844935845367161e-5 -0.0001394441060909024 7.262728757106984e-5
388	(  -1.7036461580999999743    1.5800428162880000293    1.7985028461000001077   -0.55142548142000002986  -1.0307386913100000658  )	0.06382181995593413 5.0332064732927506e-5 -0.00016639331536039137 -4.7372558375613494e-5
389	(  -1.7036682993000000774    1.5800503510879999602    1.7984834989000000327   -0.55139311442000005226  -1.0307400901999999032  )	0.06383065979323749 4.7182003942936035e-5 -2.045860172916747e-5 -0.00018373064854593224
390	(  -1.7036504404999999185    1.5800583944880000065    1.7984628461000000677   -0.55135353541999998495  -1.0307415834900000018  )	0.06384597767087714 -0.00010310483444442298 0.0001612363469818412 3.2015232195092835e-5
391	(  -1.7036489205000000524    1.5800406053880000634    1.798477043199999903    -0.55135745841999994621  -1.030740556979999889   )	0.0638456505059763 -0.00011122332809243574 0.00013428717960861647 -8.798419797351187e-5
392	(  -1.7036282993000000374    1.5800508596880000756    1.7984821932999999206   -0.55138590241999996255  -1.0307401845999999423  )	0.06383713574077139 -9.995746946422912e-5 1.5301426083524916e-5 0.00016836870591507846
393	(  -1.7036492337999999958    1.5800540048880000743    1.7985028461000001077   -0.55134129842000001442  -1.0307407685400000741  )	0.06384672085309964 7.61689361716833e-6 0.0002818564764095477 9.645361833676702e-6
394	(  -1.703647364799999897     1.5800472058879999615    1.7984628461000000677   -0.55143771842000000039  -1.0307395062599999935  )	0.06382107754930741 -6.038771206640092e-5 -0.0002870132131733705 -2.500311568720548e-5
395	(  -1.7036483254000001075    1.5800491856120000289    1.7984879463000000843   -0.55138969741999999119  -1.0307421374000000913  )	0.06383315375401856 -8.109189401750427e-6 -3.5614108364612207e-6 -1.8539844537812655e-5
396	(  -1.7036484036999999248    1.5800449262839999509    1.7985032468999999633   -0.55139026442000005357  -1.0307481374000000418  )	0.06383092196603941 4.672806593575274e-5 -6.509987398040096e-6 -5.112248179672818e-5
397	(  -1.7036474954000000448    1.5800591856120000944    1.7984903732999999448   -0.55139126341999999958  -1.0307416798999999852  )	0.06383146987554099 3.017753129874734e-5 1.1448868848518146e-5 6.35843086924659e-5
398	(  -1.7036414854999999413    1.5800477105120001031    1.7985079462999999933   -0.55140260541999996935  -1.0307465722199999902  )	0.0638272026592557 5.924092234366185e-5 -5.3364360256491494e-5 2.996865869553389e-5
399	(  -1.7036551653000000517    1.5800506607119999547    1.7984679462999999533   -0.55137678942000001303  -1.0307377025799999704  )	0.06383910532619025 -7.545803066122403e-5 4.624090713223339e-5 -6.704880536290148e-5
400	(  -1.7036491553999999482    1.5800391856119999634    1.7984855193000000018   -0.5513881314199999828   -1.0307425948999999754  )	0.06383483766962049 -4.639569162101509e-5 -1.8571634817998728e-5 -0.00010066305677813858
401	(  -1.7036392543000000721    1.5800472293120000344    1.7984816504000000759   -0.55140681642000000107  -1.0307371374000000586  )	0.06383032038173929 -5.9273916118485204e-5 -9.146881499777493e-5 4.5792080221040976e-5
402	(  -1.7036573964999999209    1.5800511419120000234    1.7984942422000000928   -0.55137257841999998131  -1.030747137399999902   )	0.06383598738719448 4.3056424935628e-5 8.434687390757034e-5 -8.287257411909721e-5
403	(  -1.7036429470000000741    1.5800480257119999816    1.7985036728999999056   -0.55136969741999997119  -1.0307391728099999373  )	0.06383917747008307 -1.6985479120990021e-6 0.00013044844547138723 1.960383879673344e-5
404	(  -1.703638325400000042     1.58005049671199993      1.7984701694000000405   -0.55137822341999997988  -1.0307454885000000289  )	0.0638388590425228 -0.00010772652188428822 2.060324563446514e-5 7.835188248472846e-5
405	(  -1.7036537037999999189    1.5800503455120000762    1.798472219700000041    -0.55140969742000001119  -1.0307451019900000233  )	0.06382713064756611 -1.4518458117507294e-5 -0.00013757189654617363 -5.668381080559115e-5
406	(  -1.703658325399999951     1.5800478745119999058    1.7985057231999999061   -0.5514011714200000025   -1.0307387862999999317  )	0.06382744889133285 9.150926431722439e-5 -2.7725729418115463e-5 -0.00011543257745305624
407	(  -1.7036470038210000943    1.5800505899020000911    1.7984885375999999368   -0.55138918242000001246  -1.0307441373999999268  )	0.06383289940772956 -2.4925692194699423e-6 -2.9612591050387493e-6 3.4851418684311852e-6
408	(  -1.7036430390840000548    1.5800548027720000555    1.7984903114999999385   -0.55138763741999996526  -1.0307501374000000993  )	0.06383213637920049 1.4357391323827073e-5 -1.1607321463991127e-6 6.956010613645702e-5
409	(  -1.7036519673209999937    1.5800500801020000985    1.7984804111999999066   -0.55138790741999998968  -1.030739137399999894   )	0.06383449610181807 -2.8135325729650162e-5 3.6374440286479626e-6 -4.355160394231561e-5
410	(  -1.703642040320999973     1.5800510997020000836    1.7984966639999999671   -0.55139045742000003525  -1.0307491373999999595  )	0.06383130274923111 2.3150422407525184e-5 -9.560017703691415e-6 5.052163831464895e-5
411	(  -1.703645791021000111     1.5800507145019999644    1.7984905231999999131   -0.55137918241999994695  -1.030743663790000042   )	0.06383608278735628 -1.1093048561505725e-5 5.324308160803426e-5 1.4978488373618148e-5
412	(  -1.7036482166210000777    1.5800504653019999957    1.7984865519999999606   -0.55139918241999996695  -1.0307446110100000336  )	0.06382971618726635 6.1081214273173146e-6 -5.916564668506652e-5 -8.008219527511073e-6
413	(  -1.7036465312210000711    1.5800405899020000255    1.7984893114000000125   -0.55138930342000003204  -1.0307439528299999765  )	0.06383397706035254 -3.316747914183793e-5 -1.9838259657678492e-5 -6.72961399459382e-5
414	(  -1.7036542326210000198    1.5800512172020000357    1.7984985376000000024   -0.55139075142000004703  -1.0307417522299999746  )	0.06383101453285325 5.690359998844485e-5 1.2457060560855382e-5 -5.475973907609344e-5
415	(  -1.7036474764209998956    1.5800605899019999345    1.7984877638000000832   -0.55138906141999999289  -1.0307443219700000991  )	0.06383182177378274 2.8182542443744296e-5 1.3915726193580724e-5 7.426736942939272e-5
416	(  -1.7036397750209999469    1.5800499626019999244    1.7984785376000000934   -0.55138761341999997789  -1.030746522570000101   )	0.0638347843290182 -6.188841683041346e-5 -1.8379528802903167e-5 6.172949239280356e-5
417	(  -1.7036570038209999378    1.5800495629019999377    1.7984855018000001081   -0.55138661442000003188  -1.0307480424899999605  )	0.06383243168193367 2.2633738460342556e-5 -7.136338342927928e-6 -9.127965858546361e-5
418	(  -1.7036370038210000288    1.5800516169020000223    1.7984915733999999876   -0.55139175041999999305  -1.0307402323099998931  )	0.0638333671486638 -2.761861267153165e-5 1.2139266503119472e-6 9.82489301328826e-5
419	(  -1.7036466730369999034    1.5800489739629999253    1.7984898490289999984   -0.55138742420999997673  -1.0307461373999999843  )	0.06383320431914456 -1.824926121329895e-6 -2.4793582165116845e-7 -5.737496217239624e-6
420	(  -1.7036473346050000632    1.5800522058410000348    1.7984872261710000974   -0.55139094063000004819  -1.0307421374000000913  )	0.06383259449997239 -3.1601892551691435e-6 -5.674551463830113e-6 1.2707803591638367e-5
421	(  -1.7036471081810000694    1.5800510997209999964    1.7984935375999999696   -0.55138793765000004843  -1.0307435064099998989  )	0.06383284771179663 1.4785524289351315e-5 1.4010698294431023e-5 6.394836510548174e-6
422	(  -1.7036468994609998973    1.5800500800829999637    1.7984835375999999041   -0.5513904271899999765   -1.0307447683899999546  )	0.06383295110602652 -1.977060829538857e-5 -1.9933219260970247e-5 5.754495795429193e-7
423	(  -1.7036474230170000066    1.5800526377499999331    1.7984868756520000499   -0.55138418241999997971  -1.0307438843100000803  )	0.06383442666480318 -6.606428872402148e-6 2.4562159276708684e-5 1.5172846335342882e-5
424	(  -1.7036465846249999601    1.580048542054000027     1.7984901995480000458   -0.55139418242000004522  -1.0307443904899999954  )	0.06383137218882433 1.621354824621335e-6 -3.0484696948995804e-5 -8.202524636846675e-6
425	(  -1.7036471381760001087    1.5800455899020000583    1.7984880049350000508   -0.55138757988999997917  -1.030743325059999993   )	0.0638341422527349 -2.3193108194874412e-5 -2.2967738315671227e-6 -3.513299886170884e-5
426	(  -1.7036520038209999051    1.5800504705569999864    1.798488634456000046    -0.55138947381000003034  -1.0307442851099999359  )	0.06383226976272287 1.5141013506081435e-5 -4.931833718302414e-6 -4.094503835316843e-5
427	(  -1.70364686946600008      1.5800555899019999018    1.7984890702650000449   -0.55139078495000004576  -1.0307449497400000826  )	0.06383165658149569 1.8208026814292566e-5 -3.625752071023669e-6 4.2103519420244595e-5
428	(  -1.7036420038210000616    1.5800507092469999737    1.7984884407440000498   -0.55138889102999999459  -1.0307439896899999177  )	0.06383352905825686 -2.012610168300455e-5 -9.906849460783462e-7 4.791506667878309e-5
429	(  -1.7036471297699999905    1.5800504377130000222    1.7984905375999999944   -0.55138928671999998254  -1.0307440848200000172  )	0.06383268376266209 4.6562283468887244e-6 -4.6744122617070616e-7 1.2486269609368605e-6
430	(  -1.703647507616999901     1.5800499811460000377    1.7984965375999999448   -0.55138959962000000381  -1.0307439270800000664  )	0.06383203683160131 2.610266968083863e-5 7.014009087313866e-6 -5.460917416044708e-6
431	(  -1.7036468870699998934    1.5800484377129999647    1.7984902742199999626   -0.55138897339000003672  -1.0307439351600000688  )	0.06383308212802896 -4.092348278916802e-6 -2.453155869996948e-6 -1.1617463393065464e-5
432	(  -1.7036490232159999803    1.5800508426279999963    1.7984888564549998957   -0.55138728672000003606  -1.0307431295500000257  )	0.0638334075685409 2.1654580670826817e-6 1.054555951096603e-5 -1.2205397492692782e-5
433	(  -1.7036475566339999155    1.5800503261389999832    1.7984855375999999616   -0.5513898378199999506   -1.0307443480400000357  )	0.0638329200490068 -1.1076419113464908e-5 -1.2134257131535264e-5 -3.3038348248304317e-6
434	(  -1.7036473724700000876    1.5800524377130000797    1.7984908009800000261   -0.55138960005000003939  -1.0307442344799999656  )	0.06383228539922688 1.340481347078537e-5 1.5182740016328466e-6 1.4114754633087756e-5
435	(  -1.7036452363240000007    1.5800500327980000481    1.798492218745000093    -0.55139128672000004006  -1.0307450400900000087  )	0.0638319599648512 7.147021605646842e-6 -1.1480462430490945e-5 1.4702616322637141e-5
436	(  -1.7036455806229999776    1.5800508426279999963    1.7984888564549998957   -0.55138728672000003606  -1.0307445252500000432  )	0.06383352465627692 -6.6872521671257346e-6 6.697703330615923e-6 1.777009420145248e-5
437	(  -1.703645508082000104     1.5800508615890000996    1.798488777733000088    -0.55138998446999998304  -1.0307430848200000995  )	0.06383292383565708 -7.1520742661590475e-6 -3.324842124285965e-6 1.8543736829634838e-5
438	(  -1.703648751458000099     1.5800500138369999448    1.7984922974669999007   -0.55138858896999998205  -1.0307450848199999349  )	0.06383244369102836 1.646454574988354e-5 2.3899651573344727e-6 -1.6046508089395672e-5
439	(  -1.7036486789170000034    1.5800500327980000481    1.798492218745000093    -0.55139128672000004006  -1.0307436443899999912  )	0.06383184287875164 1.5999728029569837e-5 -7.632578336025375e-6 -1.5272863255866298e-5
440	(  -1.7036467029060000655    1.5800505492870000612    1.7984955376000000271   -0.55138873562000001449  -1.0307438215999999986  )	0.06383244747843042 2.0388926941450336e-5 1.1199374344350588e-5 5.801087002765826e-6
441	(  -1.7036471065559999349    1.580050704120000038     1.7984885375999999368   -0.55138920994999995884  -1.0307441383527000678  )	0.06383286718861104 -1.749256940186683e-6 -2.900347814360771e-6 3.4460598676844256e-6
442	(  -1.7036470369139999903    1.5800515033410000854    1.7984825375999999864   -0.55138897963999999874  -1.0307442989507999975  )	0.06383341746982772 -2.0965663845018412e-5 -1.0199073726901986e-5 1.0038362590947258e-5
443	(  -1.7036470849780001036    1.5800506676790000427    1.7984887259190001085   -0.55138924662999999615  -1.030743138352699928   )	0.06383301378621056 -3.281594990411918e-6 -1.0042521481068434e-7 3.3610132499362066e-6
444	(  -1.7036470202439999433    1.5800505583560000566    1.7984892908759999575   -0.55138935666999999707  -1.0307401383526999528  )	0.06383345358130399 -7.878596678168037e-6 8.29934469992466e-6 3.105873448205898e-6
445	(  -1.7036470942149999352    1.5800506817630000089    1.7984886745919999029   -0.55138925798000004708  -1.0307451383526999855  )	0.06383267187235236 7.452560826237686e-7 -5.728581814690159e-6 3.3860691321940806e-6
446	(  -1.7036461851530000366    1.5800492956350000728    1.7984937259189999192   -0.55138972483000003866  -1.0307431743127000168  )	0.06383261233181058 7.903033358402922e-6 2.768568880817668e-6 9.198394539389199e-7
447	(  -1.7036470757410000498    1.5800506535950000764    1.7984887772460000921   -0.55138923527999994523  -1.0307411383527000925  )	0.06383335570189616 -7.308438057407329e-6 5.527731155474669e-6 3.335957370342868e-6
448	(  -1.7036479848029999484    1.5800520397230000125    1.7984837259190000758   -0.55138876842999995365  -1.0307431023927000613  )	0.06383341524388907 -1.4466167495896798e-5 -2.969433204214056e-6 5.802196618276412e-6
449	(  -1.7036478986490000143    1.5800519083560000677    1.7984921250409999782   -0.55139024663000002491  -1.0307431058326999018  )	0.063832147054144 1.6673805411926423e-5 2.437647947051147e-6 5.568462478233727e-6
450	(  -1.7036480317360001013    1.5800494270020000176    1.7984932471920000996   -0.5513882466299999674   -1.0307431708726999542  )	0.06383292554978871 1.1250824931252623e-5 9.876125963259597e-6 -1.4174907456698804e-5
451	(  -1.7036462713069999708    1.5800494270020000176    1.7984853267970000168   -0.5513882466299999674   -1.0307431708726999542  )	0.06383388052712233 -2.3236965883910443e-5 -2.6384896179010298e-6 1.1535718478228318e-6
452	(  -1.7036475667990000904    1.5800486676789999851    1.7984860486159999216   -0.55138983879000003085  -1.0307431191026998896  )	0.06383326254649888 -1.6976940848678623e-5 -1.092642471745009e-5 -1.581366081770952e-5
453	(  -1.7036466031569998947    1.5800526676790001002    1.7984914032220000735   -0.55138865446999996145  -1.0307431576026999664  )	0.06383276502742675 1.0413774367279416e-5 1.0725585110282765e-5 2.253572286647909e-5
454	(  -1.7036461382200001058    1.5800519083560000677    1.7984842046459998954   -0.55139024663000002491  -1.0307431058326999018  )	0.06383310202456055 -1.7813967158275545e-5 -1.007698728772155e-5 2.0896939386449986e-5
455	(  -1.7036475849779999514    1.5800508354450000237    1.7984886900959999867   -0.55138917984729995947  -1.0307430340326999563  )	0.06383298613740425 -1.4653453472845968e-6 7.764815284083681e-7 2.63905733710601e-7
456	(  -1.703649084977999939     1.5800513387429999668    1.7984885826270000653   -0.55138897949919996044  -1.0307427210727000411  )	0.06383290319116021 3.983407120600191e-6 3.4072012686792164e-6 -9.027430553310012e-6
457	(  -1.7036471797229999492    1.5800502667350000419    1.7984906900960000442   -0.55138937928730002991  -1.030742613182699996   )	0.0638329040024565 1.9029709950046936e-6 3.046167706077796e-6 -4.6689589616732974e-7
458	(  -1.7036479902329999536    1.5800514041550000055    1.7984866900959999292   -0.55138898040730000005  -1.0307434548826999166  )	0.0638330682727214 -4.8336522837644225e-6 -1.4932060854455642e-6 9.947087491468665e-7
459	(  -1.7036481771670000107    1.5800516664860000393    1.7984891369089999191   -0.55139017984729998823  -1.0307436490026999909  )	0.06383236575534851 7.156300743105248e-6 -3.8720702719707845e-6 1.3318050964272743e-6
460	(  -1.7036469388580000039    1.5800499287209999189    1.7984882025910000625   -0.55138949782729995697  -1.0307450340327000138  )	0.0638327590661709 -3.8121122116763217e-6 -8.777206899068801e-6 -9.012415396192353e-7
461	(  -1.7036482310979998989    1.5800517421689999065    1.7984891776009999109   -0.55138886186729996197  -1.0307410340326998988  )	0.06383321320996747 8.814326708517228e-7 1.033016448026558e-5 1.4290565304442282e-6
462	(  -1.7036469927889998921    1.5800500044040000081    1.7984882432830000543   -0.55138817984730004174  -1.0307424190626999216  )	0.06383360652401891 -1.0086986202750836e-5 5.425027921113212e-6 -8.039906687073994e-7
463	(  -1.7036474806120001091    1.5800528354450000812    1.7984897654059999184   -0.55138847847729999252  -1.0307445140427000663  )	0.06383264078990859 1.0644690162209258e-5 5.606864421636715e-6 1.6152028853522182e-5
464	(  -1.7036485849780000912    1.580049179701999984     1.7984894446070001095   -0.55138868771729998564  -1.0307440725026999484  )	0.06383297321708055 1.021679356227878e-6 -1.3358942507757376e-6 -2.0844320090418478e-5
465	(  -1.7036476893440000158    1.5800488354449999662    1.798487614786000055    -0.55138988121730003744  -1.0307415540227000683  )	0.0638333314870803 -1.3575365155560348e-5 -4.053886684118879e-6 -1.5624179579898367e-5
466	(  -1.7036465849780000337    1.5800524911880000634    1.7984879355850000859   -0.55138967197730004433  -1.0307419955626999641  )	0.06383299905833205 -3.952358786918353e-6 2.888859918837028e-6 2.1372147321674362e-5
467	(  -1.703647608127490054     1.5800504549189999803    1.7984892506970000525   -0.55138967984730002936  -1.0307427911227000639  )	0.06383285342756236 -5.218655676486605e-7 -9.292795639659346e-7 -2.7876805774873503e-6
468	(  -1.7036476096148100989    1.5800504304709999115    1.7984892867140001016   -0.55138905587700004496  -1.030744034032700096   )	0.06383283944138297 1.4096378126993159e-6 -1.1272107673931941e-6 -2.9837386907871633e-6
469	(  -1.7036480849780000213    1.5800508972400000296    1.7984885990590000482   -0.55138919876379999252  -1.0307430734826998897  )	0.06383292386425 2.083092880411641e-7 5.375242708716144e-7 -3.626893273267484e-6
470	(  -1.7036475618285100708    1.580051215971000067     1.7984881294949999209   -0.5513886798473000006   -1.0307432769427000707  )	0.06383311884760312 -2.4088235921482237e-6 2.4822434072646615e-6 3.3154934082624266e-6
471	(  -1.7036470849780001036    1.5800507736500000178    1.7984887811329999252   -0.55138916093080003744  -1.0307429945827000228  )	0.06383304841061344 -3.1389994532560195e-6 1.0154387664051967e-6 4.154702217817885e-6
472	(  -1.7036475603411900259    1.5800512404189999138    1.7984880934780000938   -0.551389303817599985    -1.0307420340327000385  )	0.06383313283384519 -4.340325435947534e-6 2.6801745796056764e-6 3.511551702750637e-6
473	(  -1.7036476262721000907    1.5800515032039998964    1.7984896900959999044   -0.55138897205890002873  -1.0307426007327000761  )	0.0638329500166142 3.260134764815348e-6 5.822956476553287e-6 4.905652492670498e-6
474	(  -1.7036475436839000341    1.5800501676859999289    1.798487690096000069    -0.55138938763570000123  -1.0307434673327000585  )	0.063833022258349 -6.190822103846472e-6 -4.269992986305482e-6 -4.3778368210567464e-6
475	(  -1.7036475241425399485    1.5800518354449999414    1.7984885634139999855   -0.55138948596619996589  -1.030743672382699927   )	0.063832687341162 2.685332114893413e-6 -9.627409189860714e-7 8.283301653033703e-6
476	(  -1.7036476458134599543    1.5800498354450001059    1.7984888167779999879   -0.55138887372839995304  -1.0307423956826999856  )	0.06383328493472974 -5.616019770116054e-6 2.5157017677912563e-6 -7.755480745164078e-6
477	(  -1.7036476495868599912    1.5800507818586899678    1.798488700654530037    -0.55138921442749999624  -1.0307435340327000262  )	0.06383288818871284 -3.0768569736494555e-7 -8.598993681552258e-7 -7.000038850790702e-7
478	(  -1.7036478434134401105    1.580050621099760022     1.7984887323301199658   -0.55138931816809999553  -1.0307450340327000138  )	0.06383259434346764 3.1652963574657633e-6 -5.769043101455651e-6 -3.591732828489569e-6
479	(  -1.7036476993458300466    1.5800509112346901031    1.7984882006545299671   -0.5513890514143999777   -1.0307433210026999415  )	0.06383300573095205 -2.146715171846836e-6 1.0191992583230558e-8 -1.6428238369670112e-7
480	(  -1.7036475998278899358    1.5800506524826900545    1.7984892006545301069   -0.55138937744060001478  -1.0307437470627001108  )	0.06383277064664916 1.5313444610143279e-6 -1.7299912054014044e-6 -1.235725250570141e-6
481	(  -1.7036478022094498908    1.5800511786866899833    1.798488831782800057    -0.55138871442750003737  -1.0307442169826999123  )	0.06383285843192259 2.794531035021919e-6 7.549849061483371e-7 9.431896157430231e-7
482	(  -1.7036478831673200762    1.5800513891826899471    1.798488901339120094    -0.55138911738329998702  -1.0307425340327001084  )	0.0638329783094146 9.607515192300298e-7 3.8065419438737536e-6 1.8148183502653126e-6
483	(  -1.7036474969642700916    1.5800503850306899523    1.7984885695262600169   -0.55138971442749995511  -1.030742851082699918   )	0.06383291794574696 -3.409900601880622e-6 -2.4747801230518007e-6 -2.3431961291286996e-6
484	(  -1.7036471495868599213    1.5800509371516899826    1.7984887519698000702   -0.55138901875930002028  -1.0307432783326999637  )	0.0638330233594253 -2.0789123595932324e-6 1.2138435980801887e-6 4.816713020439067e-6
485	(  -1.7036474160063999062    1.5800501745346899884    1.7984884999699399799   -0.55138931147170000546  -1.0307445340326999439  )	0.06383279806829427 -1.5761199652075675e-6 -5.5263414067141525e-6 -3.2148231796647053e-6
486	(  -1.7036481495868600611    1.5800506265656899529    1.7984886493392600038   -0.5513894100956999722   -1.0307437897327000886  )	0.06383275301823256 1.4635417269204254e-6 -2.9336428193360575e-6 -6.2167231162924e-6
487	(  -1.7036475649645999031    1.5800517818586901075    1.7984886279498899508   -0.55138949165469997027  -1.0307438963127000253  )	0.0638326428180099 3.3551228213468676e-6 -1.6038254075922964e-6 7.526509070210352e-6
488	(  -1.7036477342091200793    1.58004978185869005      1.7984887733591699011   -0.55138893720030002221  -1.030743171752700027   )	0.06383313356015342 -3.9704917735861045e-6 -1.1597447846511955e-7 -8.926507431006314e-6
489	(  -1.7036478092813500673    1.5800509412312699897    1.7984889006545299317   -0.55138937926340003681  -1.0307433459560999545  )	0.06383281402033845 1.2535297564397752e-6 -5.882598879125567e-7 -8.968532441144816e-7
490	(  -1.7036474892863600061    1.5800509412312699897    1.7984889006545299317   -0.55138906807300003265  -1.0307433459560999545  )	0.06383294613402814 -1.799617344033777e-7 1.0155272827105932e-6 1.8894218341003466e-6
491	(  -1.7036474898923699151    1.5800506224861099458    1.7984885006545299202   -0.55138904959159995567  -1.0307437221093000979  )	0.06383296235716918 -1.8689008456362899e-6 -1.1315384753629587e-6 -5.03154545583584e-7
492	(  -1.7036477024380600742    1.5800507293134300468    1.79848863471438003     -0.5513891600810000293   -1.0307430340326999563  )	0.06383299753002177 -1.6215150573373194e-6 5.999692112013122e-7 -1.553739540138821e-6
493	(  -1.7036475967356599082    1.5800508344039501107    1.7984887665946800439   -0.55138926877399996318  -1.030744034032700096   )	0.06383277884756675 1.0061441901854096e-6 -2.3197682117448437e-6 1.537317699806806e-7
494	(  -1.703647455089789986     1.5800509752298899091    1.7984886321296800205   -0.55138941442750000199  -1.0307433058341000098  )	0.06383286861515075 -8.55676958622098e-7 -1.022008278006581e-6 2.4418186059804725e-6
495	(  -1.7036476928589099344    1.5800512818586900377    1.7984886466658600579   -0.55138916993109998721  -1.030743584802700008   )	0.0638328389435248 1.281202001379711e-6 4.339185721846661e-8 2.668057619725772e-6
496	(  -1.7036478440839299964    1.5800505884874900264    1.7984887691793800535   -0.55138901442749999049  -1.0307437622313000425  )	0.06383290776231566 2.403059102817906e-7 -6.977900288696048e-7 -3.8418264072248576e-6
497	(  -1.7036478098873599762    1.5800506224861099458    1.7984885006545299202   -0.55138936078199995983  -1.0307437221093000979  )	0.06383283024345482 -4.3540936545127806e-7 -2.735326231295687e-6 -3.2894296246865906e-6
498	(  -1.7036476063148100479    1.5800502818586898979    1.798488754643200016    -0.55138925892390000527  -1.0307434832627000443  )	0.06383293743394454 -1.8965728738606913e-6 -1.7631906255033414e-6 -4.068063038431546e-6
499	(  -1.7036475928699299498    1.5800508654403300213    1.798488725695210011    -0.5513891867375999567   -1.0307433340326999094  )	0.0638329251991889 -5.89572980658204e-7 2.4081929339558883e-8 4.198442478120512e-7
500	(  -1.7036474227191400477    1.5800511161852499598    1.798488800817249933    -0.5513891036678999491   -1.0307427340327000032  )	0.06383303623074556 -1.435234214142156e-6 2.6760255122937338e-6 3.7793888405524e-6
501	(  -1.7036477928699300666    1.5800509552276100766    1.7984887506749900332   -0.55138918903300004892  -1.0307434060339000226  )	0.06383287916047871 6.1643558524338e-7 1.4699406580831464e-8 -6.491267976471704e-7
502	(  -1.7036475950986800232    1.5800508358261999842    1.7984887174562400602   -0.55138938673759996245  -1.0307433102848999606  )	0.06383286940592835 -5.335980812759544e-7 -1.0074686511707398e-6 1.7863755541469573e-7
503	(  -1.7036475906411800985    1.5800508950544600584    1.7984887339341799617   -0.55138898673759995095  -1.0307433577805000802  )	0.06383298099250373 -6.455477947753252e-7 1.0556325564792246e-6 6.610509464266556e-7
504	(  -1.7036475459445798997    1.5800508135956099487    1.7984888991630600952   -0.55138920267739999215  -1.0307438340326999793  )	0.06383282858377166 7.589855410827795e-7 -1.255694417778841e-6 4.401343076665398e-7
505	(  -1.7036473928699300551    1.5800507756530499659    1.7984887007154299887   -0.5513891844421999755   -1.0307432620315000182  )	0.06383297123792403 -1.7955814382020208e-6 3.346445298646472e-8 1.4888149584280086e-6
506	(  -1.7036476397952799999    1.5800509172850500939    1.7984885522273599268   -0.55138917079780003228  -1.0307428340327000615  )	0.06383302181474265 -1.938130933964999e-6 1.3038581769819757e-6 3.9955419017800864e-7
507	(  -1.7036476304997600906    1.5800503654403299514    1.7984888980516100521   -0.55138917395539999156  -1.0307429330785000676  )	0.06383303245993549 -2.262103052430575e-6 5.684542214723365e-7 -3.652647844631929e-6
508	(  -1.7036476304997600906    1.5800503654403299514    1.7984885865899000734   -0.55138917395539999156  -1.0307436084359000716  )	0.06383294779758945 -1.990183619682284e-6 -1.7855947618272694e-6 -3.652647844631929e-6
509	(  -1.7036475552401000311    1.5800513654403300912    1.7984885533388099699   -0.55138919951980003287  -1.0307437349868999732  )	0.06383281793860293 1.0829579757398733e-6 -5.202905879464481e-7 4.492338694817022e-6
510	(  -1.7036475552401000311    1.5800513654403300912    1.7984888648005199485   -0.55138919951980003287  -1.0307430596294999692  )	0.06383290260082462 8.110383511450436e-7 1.8337587932570898e-6 4.492338694817022e-6
511	(  -1.703647602512980086     1.5800509033158300909    1.7984888256952100694   -0.55138918975380002419  -1.0307433053916998933  )	0.06383291414874016 -1.3304491197629886e-7 3.136227277877879e-7 6.195553097221307e-7
512	(  -1.7036476314421300504    1.5800510169423300777    1.7984891256952100225   -0.5513891988024000046   -1.0307432194687000671  )	0.06383288099740608 1.236539443283391e-6 1.182245174202734e-6 1.21868857361207e-6
513	(  -1.7036475706007601083    1.5800506180033000447    1.7984890256952099641   -0.55138916091849998757  -1.0307432136937000333  )	0.06383295443207834 -6.448333884634394e-7 5.179168320879057e-7 -1.2394770600998584e-6
514	(  -1.7036475806691300239    1.5800507080199599486    1.7984887924735100118   -0.55138917001609999424  -1.0307438053916999632  )	0.0638328624424728 6.485138648315569e-8 -1.3668570977287686e-6 -6.529488225659463e-7
515	(  -1.7036477025129799223    1.580050969354799939     1.7984889777824000223   -0.55138928011209997759  -1.030743592736099945   )	0.06383280390163248 1.6554306423444132e-6 -5.851755844332729e-7 2.434416552787866e-7
516	(  -1.7036475025129800276    1.5800508372768600207    1.7984886736080198943   -0.55138909939549995975  -1.0307430180473000636  )	0.06383302439598962 -1.921520210501626e-6 1.212420799312497e-6 9.956689019929854e-7
517	(  -1.7036476344252000636    1.580051188628359915     1.7984886256952099526   -0.55138921858909994977  -1.0307433970896999753  )	0.06383287386542803 3.7874382918801075e-7 1.0932848182321209e-7 2.478588439380758e-6
518	(  -1.703647560382000048     1.5800505266420299399    1.7984887616193800941   -0.55138928975379997155  -1.0307431843307000019  )	0.06383295539515058 -1.8366921032964e-6 -6.466769004731532e-7 -1.8347664383355777e-6
519	(  -1.703647624356829926     1.5800510986117000112    1.7984888589169099049   -0.55138920949150005413  -1.0307428053917000454  )	0.06383296585507853 -3.309406277907101e-7 1.9941026634384684e-6 1.8920597986138432e-6
520	(  -1.703647644643959902     1.5800512799896300198    1.7984888897710400446   -0.5513890897537999658   -1.0307434264527000067  )	0.06383287290236528 1.5706026239570292e-6 1.2739225248026287e-6 3.073878384274309e-6
521	(  -1.7036477025129799223    1.5800504474359899909    1.7984887481456799385   -0.55138914367989999565  -1.0307431588742999029  )	0.06383300172953943 -1.8647387349801647e-6 1.2588098119437063e-8 -3.6655635944349285e-6
522	(  -1.7036475025129800276    1.5800513591956699688    1.7984889032447399781   -0.55138923582770005272  -1.0307434519091001057  )	0.06383282656803771 1.5986494066311252e-6 6.146573592324955e-7 4.904676081274317e-6
523	(  -1.7036476422673700881    1.5800508586185899595    1.7984887958928799101   -0.55138922208981999695  -1.0307435053917000101  )	0.06383287354975452 2.0192071659153044e-7 -5.318938591791778e-7 -6.136406183188114e-8
524	(  -1.7036477615305400946    1.5800507245268700096    1.7984887064858900985   -0.55138931909788002628  -1.0307441053916999163  )	0.06383275175294112 1.2068181547419954e-6 -3.068443990894565e-6 -2.1041221534012777e-6
525	(  -1.7036475422673700297    1.5800508557016399447    1.7984887938995199885   -0.55138922137881996033  -1.0307434975903999597  )	0.06383288593382525 -1.7206308378092672e-7 -5.151175144213482e-7 7.875134464541134e-7
526	(  -1.7036477422673699245    1.5800508615355399744    1.7984887978862400537   -0.55138922280082003358  -1.0307435131930000605  )	0.06383286116568596 5.759045400566265e-7 -5.486702043810965e-7 -9.102416695938587e-7
527	(  -1.703647643198489936     1.580050731499980099     1.7984887090236401086   -0.55138932208982005534  -1.0307431654151999467  )	0.06383292214508833 -1.099660272174674e-6 -4.7584775453302086e-7 -1.0215494565812833e-6
528	(  -1.7036476413362500182    1.5800509857372000422    1.7984888827621199336   -0.55138912208982004959  -1.0307438453682000734  )	0.06383282495447065 1.5035020073383976e-6 -5.879396018926286e-7 8.988214910132797e-7
529	(  -1.7036476436367600229    1.5800506716665601026    1.7984889429841399711   -0.5513891765200199524   -1.0307430053916999402  )	0.06383297953917935 -9.36113419669482e-7 9.77613472841199e-7 -1.473498791426664e-6
530	(  -1.7036476408979799313    1.5800510455706200386    1.7984886488016200712   -0.55138926765962004151  -1.03074400539170008    )	0.06383276756048785 1.3399554763537935e-6 -2.0414014731962027e-6 1.350771003050255e-6
531	(  -1.7036476444110999484    1.5800505659520100998    1.7984885958928800154   -0.55138915075191996529  -1.0307434097823000574  )	0.06383296440742636 -1.7107939349614298e-6 -7.430162218824421e-7 -2.272009296255817e-6
532	(  -1.7036476401236400058    1.5800511512851700413    1.7984889958928800269   -0.55138929342772002862  -1.0307436010010999627  )	0.06383278269217765 2.114635652361585e-6 -3.207714467379219e-7 2.1492819897162008e-6
533	(  -1.7036476429611200345    1.5800513586185900294    1.798488731169239907    -0.55138919900362004523  -1.0307432520854000746  )	0.06383287473623318 1.003879614103198e-6 1.082415405750936e-6 3.677437547366935e-6
534	(  -1.7036476415736199197    1.5800503586185898897    1.7984888606165199132   -0.55138924517601994868  -1.0307437586979999455  )	0.06383287236330462 -6.000375396553181e-7 -2.146203248010181e-6 -3.8001632964856924e-6
535	(  -1.7036476374824900404    1.5800508968966600065    1.7984888062523700647   -0.55138917208981996776  -1.0307434828505999125  )	0.0638328885440031 2.4223556494007425e-7 -1.2685218875319038e-7 2.66989650388183e-7
536	(  -1.7036476231278498972    1.5800510117308699254    1.7984888373308400844   -0.5513890220898199912   -1.0307434152273000638  )	0.06383293352677212 3.631801597236972e-7 1.0882727581318363e-6 1.2520508652080764e-6
537	(  -1.7036476373953699515    1.5800508923767000447    1.7984888071853899483   -0.55138907208982002039  -1.0307435280498000729  )	0.06383291311575269 2.139109795962213e-7 2.57252949165121e-7 2.3389516101701702e-7
538	(  -1.7036476874824899586    1.5800508949965399452    1.7984888066446000909   -0.551389172263419991    -1.0307435018516000191  )	0.06383288026922185 4.473683574701681e-7 -1.8292920378470967e-7 -1.8260394840652339e-7
539	(  -1.7036476375696099073    1.5800509014166199684    1.7984888053193499591   -0.55138927208982002615  -1.0307434376513999741  )	0.06383286397226565 2.7056017337656613e-7 -5.109572822625807e-7 3.0008414153570584e-7
540	(  -1.7036475874824899002    1.5800508987967800678    1.7984888058601400385   -0.55138917191621994451  -1.0307434638496000279  )	0.06383289681878523 3.710277773905091e-8 -7.077517372167108e-8 7.165832260902505e-7
541	(  -1.7036476373839899434    1.5800508917860700553    1.7984886062523699479   -0.55138917255681996199  -1.0307435339560999665  )	0.0638328997967129 -3.877771987959022e-7 -5.953555883841943e-7 2.2957061851514027e-7
542	(  -1.7036476375809899153    1.5800509020072499577    1.7984890062523699594   -0.55138917162281997353  -1.0307434317451000805  )	0.06383287729129719 8.72248413941179e-7 3.416512126541704e-7 3.0440868314940417e-7
543	(  -1.7036476394395099199    1.5800509984330000091    1.7984887852929600793   -0.55138916281072003489  -1.0307429828506000646  )	0.06383296725662832 -5.465976613550083e-7 1.4489376112258867e-6 1.0104243965969317e-6
544	(  -1.7036476355254699389    1.580050795360320004     1.7984888272117800501   -0.55138918136892001165  -1.0307439828505999824  )	0.06383280983148178 1.0310693117077108e-6 -1.7026420402466158e-6 -4.764449950123151e-7
545	(  -1.7036476376761799933    1.5800503968966599366    1.7984888041779900636   -0.55138917117141994506  -1.0307433823595999467  )	0.06383296172154511 -1.5527902892387146e-6 -7.475927965572282e-7 -3.479536926587201e-6
546	(  -1.7036476372888000874    1.5800513968966600764    1.7984888083267500658   -0.55138917300821999046  -1.0307435833416001003  )	0.06383281536653374 2.037261939591417e-6 4.938884203831151e-7 4.01351859746768e-6
547	(  -1.7036476374686500002    1.580050885926560067     1.7984887712243999847   -0.55138912208982004959  -1.0307435729961000881  )	0.06383289375170081 2.1222181878499669e-7 -1.9276813612023602e-7 1.8494759457254872e-7
548	(  -1.7036476374271301015    1.5800508530162600263    1.7984886661404899666   -0.55138897208981996201  -1.0307438434325999488  )	0.06383290937481302 1.221807259810248e-7 -3.90515701109706e-7 -6.117857243026492e-8
549	(  -1.7036476574686501007    1.5800508812872100517    1.7984888100153899604   -0.55138912602722001122  -1.0307434965185000575  )	0.06383290019465408 2.5192172437016325e-7 5.0732119394325537e-8 -2.3944582761004085e-8
550	(  -1.7036477174686499581    1.5800508673691600059    1.7984889263883601096   -0.55138913783942000713  -1.0307432670856999657  )	0.06383291952352281 3.7102153171986174e-7 7.812329019252218e-7 -6.506211356338554e-7
551	(  -1.7036476074686499604    1.5800508872012799522    1.7984886305160801001   -0.5513892260126199707   -1.0307431483384998927  )	0.06383294970151542 -1.1529156296319343e-6 2.2236746399784124e-7 4.557122115222967e-7
552	(  -1.7036476554967801       1.5800506812872099349    1.7984888029364201056   -0.55138912405382001225  -1.0307434827885000317  )	0.06383292628900725 -4.4276066724080465e-7 -2.7212756448236064e-7 -1.5047113097743647e-6
553	(  -1.7036477074686500188    1.5800508753731399292    1.7984889895147000427   -0.55138902604182005174  -1.0307438446985000002  )	0.06383285068784496 1.6567594105509897e-6 -1.209028792636957e-7 -5.036014032455682e-7
554	(  -1.7036476594405201013    1.5800510812872099464    1.7984888170943600372   -0.55138912800062001018  -1.0307435102485000833  )	0.06383287410031055 9.466041976935458e-7 3.7359180549145776e-7 1.4568225203959173e-6
555	(  -1.7036476863362999268    1.5800508778727000436    1.7984883100153898905   -0.55138915491661999457  -1.0307436975385000366  )	0.06383290297136456 -1.012737666172825e-6 -1.4485233230665528e-6 -3.008759117406612e-7
556	(  -1.7036476286010000525    1.5800508847017200598    1.7984893100153900303   -0.55138909713782002786  -1.0307432954985000784  )	0.06383289741796445 1.5165817011109084e-6 1.5499875072322311e-6 2.5298673866913646e-7
557	(  -1.7036476851262600807    1.580050878015829996     1.7984889093058100684   -0.5513891537056200276   -1.0307424965184999177  )	0.06383304959104241 -1.3379959487025417e-6 2.8160316092318283e-6 -2.8926779860327656e-7
558	(  -1.7036476325555200972    1.5800508931064400908    1.7984884512871199824   -0.55138902602721995283  -1.030742800678499993   )	0.06383308690399676 -2.630694565297631e-6 1.938944397039677e-6 2.8150244490987575e-7
559	(  -1.7036476298110398986    1.5800508845585901074    1.7984887107249700744   -0.55138909834881999483  -1.0307444965184999752  )	0.06383275079865473 1.8418414207133083e-6 -2.7145670933315103e-6 2.4137862641993024e-7
560	(  -1.7036476823817801041    1.5800508694679800126    1.7984891687436599383   -0.55138922602721995858  -1.0307441923584999     )	0.06383271348575197 3.1345392628168156e-6 -1.8374808616883342e-6 -3.2939161709322207e-7
561	(  -1.7036476374686500002    1.5800508810895999012    1.7984888101496299129   -0.5513891260005899797   -1.0307434957357000105  )	0.063832902407254 1.8199110840555477e-7 5.288420679150363e-8 1.4872029918677754e-7
562	(  -1.7036475774686499207    1.5800508804967698939    1.7984888105523499924   -0.55138912592069999619  -1.0307434933873000915  )	0.0638329090450541 -2.780072883012963e-8 5.934046765077028e-8 6.667149214933943e-7
563	(  -1.7036476874686499183    1.580050860756730069     1.7984888159327601098   -0.55138912058583999798  -1.0307434483314998896  )	0.06383290875026335 2.0520931975909207e-7 1.84050300333638e-7 -4.3892873913264907e-7
564	(  -1.703647636028579937     1.5800508621793600827    1.7984886101496300181   -0.55138912096468994939  -1.0307434516481999154  )	0.06383293330565214 -6.985086855593181e-7 -1.4963537520173986e-7 1.9627654612719425e-8
565	(  -1.703647587468650082     1.5800509014224699555    1.798488804366499938    -0.55138913141533996143  -1.0307435431398999093  )	0.06383289606424569 1.5877290948651535e-7 -7.828188852698759e-8 7.363693161899221e-7
566	(  -1.70364762985338003      1.5800507810896000649    1.7984888385918700315   -0.55138917186741998044  -1.0307432625949000116  )	0.06383293664693102 -4.876961536837143e-7 3.243473889469328e-7 -5.339398616577284e-7
567	(  -1.7036476389087200634    1.5800508999998399418    1.7984890101496300296   -0.55138913103649001002  -1.0307435398232001056  )	0.06383287150886793 1.0624909894119128e-6 2.5540379411381764e-7 2.7781294731354933e-7
568	(  -1.7036476450839199703    1.5800509810895999596    1.7984887817073900163   -0.55138908013375997896  -1.0307437288765000094  )	0.06383286816759964 8.516785090506573e-7 -2.1857887411158572e-7 8.313805546222852e-7
569	(  -1.7036476310688399849    1.5800507970503598898    1.7984888340522700023   -0.55138910362050996827  -1.0307439957357000804  )	0.06383283200484782 9.866532657554217e-7 -1.3236241902525592e-6 -4.2498216323849647e-7
570	(  -1.7036476231706398909    1.5800508383297600101    1.7984888635512299437   -0.55138907600058995051  -1.0307430580031999856  )	0.06383299393423092 -7.672860871110743e-7 1.524848823208913e-6 -4.704102396502208e-8
571	(  -1.7036476438684600154    1.5800509651288399127    1.7984887862469900455   -0.55138914838066999113  -1.0307429957356999406  )	0.06383297280975182 -6.22670530248115e-7 1.4293927117492444e-6 7.224228255608978e-7
572	(  -1.7036476517666601094    1.5800509238494400144    1.798488756748030104    -0.5513891760005900089   -1.0307439334682000354  )	0.06383281088039404 1.1312687036024727e-6 -1.4190806334468675e-6 3.444816378816995e-7
573	(  -1.7036476356431100587    1.5800508310895999831    1.7984887977900501088   -0.55138912668934003669  -1.0307434882557000577  )	0.06383291041553892 -4.1351645663212366e-8 -3.949666860236789e-8 -2.09868382228251e-7
574	(  -1.7036476301664900124    1.5800506810896000065    1.7984887607113100305   -0.55138912875558998561  -1.0307434658156999774  )	0.06383293444039895 -7.113798812241612e-7 -3.166392841258414e-7 -1.2856342817002542e-6
575	(  -1.7036476295185500884    1.5800508383537699153    1.7984888433988899248   -0.55138910668934004722  -1.0307435058337000022  )	0.06383290916085631 1.3897091655223903e-7 1.0024490615379023e-7 -1.0213401013814405e-7
576	(  -1.7036476111448699555    1.5800508601462799341    1.7984889802254100388   -0.55138904668933996778  -1.0307435585677000578  )	0.06383290539681087 6.7993863872573e-7 5.194696552912603e-7 2.210691070203552e-7
577	(  -1.7036476303862899684    1.5800508579899599226    1.7984888476412099756   -0.55138915668933996539  -1.0307435214764000264  )	0.06383288788229335 3.066255871431167e-7 -1.5854849610974497e-7 3.7379185080510524e-8
578	(  -1.7036476286508099864    1.580050818717579908     1.798488839156570096    -0.55138905668934001802  -1.030743490190999978   )	0.06383293043942533 -2.8683746933211296e-8 3.5903830131189807e-7 -2.416472009159065e-7
579	(  -1.7036475795185499482    1.5800508535191399861    1.798488846675309949    -0.55138910582913003289  -1.0307435179147999005  )	0.06383291052524792 5.22718845985537e-8 1.0382291026900248e-7 4.4681206423646813e-7
580	(  -1.7036476795185500066    1.5800508231884000665    1.7984888401224699006   -0.55138910754954995053  -1.030743493752600104   )	0.0638329077964649 2.2566995205863805e-7 9.666690292675639e-8 -6.510801058290383e-7
581	(  -1.7036476254435499733    1.5800507461405899345    1.798488823476610099    -0.55138911191986994531  -1.030743705833699897   )	0.06383288603131004 1.8008873148289695e-7 -6.754234678219007e-7 -7.572993334648004e-7
582	(  -1.7036476335935499815    1.5800509305669498961    1.7984888633211699727   -0.5513891014588100381   -1.0307433058337001075  )	0.0638329322904152 9.785319754485045e-8 8.759132739122322e-7 5.530313940127485e-7
583	(  -1.7036476187244400382    1.580050738353770079     1.7984887906274800162   -0.55138912054430000431  -1.0307433112499000405  )	0.06383295528618785 -7.894885296622078e-7 3.0206691814527176e-7 -7.5711518965349e-7
584	(  -1.7036476403126599166    1.5800509383537699737    1.7984888961703000554   -0.5513890928343799791   -1.030743700417499964   )	0.06383286303555327 1.0674304657953826e-6 -1.0157706764601926e-7 5.528472644122928e-7
585	(  -1.7036476298428799847    1.5800508456931199319    1.7984883433988900769   -0.55138910627304005274  -1.0307435116804000153  )	0.06383295627655527 -1.6236256854540443e-6 -6.905543181723317e-7 -4.998863367688955e-8
586	(  -1.7036476291942199701    1.5800508310144198987    1.7984893433988899947   -0.55138910710564004169  -1.0307434999869999892  )	0.0638328620451931 1.901568019491151e-6 8.910441233744848e-7 -1.5427938571122013e-7
587	(  -1.703647621387589961     1.5800508883537700555    1.7984887611026099119   -0.5513890928905500477   -1.0307435043032999733  )	0.06383291713416829 -4.5118358826812255e-8 1.35471333706505e-7 3.4314836749871347e-7
588	(  -1.7036476292509099562    1.5800508377848399011    1.7984888406899599556   -0.55138910623513004428  -1.0307436058337000606  )	0.06383289262124012 3.32164967531412e-7 -1.784122383163833e-7 -1.0406470751789243e-7
589	(  -1.7036476297861999907    1.5800508389226999295    1.798488846107819894    -0.55138910714355005016  -1.0307434058336999438  )	0.06383292570047584 -5.4223082912585596e-8 3.7890205106805297e-7 -1.002033997998808e-7
590	(  -1.7036476408272900329    1.580050862392639921     1.7984886433988900301   -0.55138912588104005419  -1.0307435079622000451  )	0.06383291837845256 -4.4037502533456063e-7 -2.773083869200832e-7 -2.0558494906453006e-8
591	(  -1.7036476495185499669    1.5800508149227299182    1.7984887318333300232   -0.55138908798289998359  -1.0307435037590000348  )	0.06383292691084515 -2.9313248539608594e-7 -1.6047269291163957e-8 -4.517699614403625e-7
592	(  -1.7036476376495099938    1.5800507883537699971    1.7984889256951699377   -0.55138912048813004674  -1.0307435073641000312  )	0.0638329011875456 3.2306021147121555e-7 6.501847060746968e-8 -5.474163620178274e-7
593	(  -1.7036476095185499879    1.5800508617848099124    1.7984889549644500484   -0.55138912539577999983  -1.0307435079083999696  )	0.0638328914108716 5.710743469222734e-7 2.1653708737190414e-7 2.4750194249634205e-7
594	(  -1.7036476097583399536    1.5800507963496899233    1.7984886433988900301   -0.55138910592529999377  -1.0307435021144000231  )	0.06383293627567482 -7.890004667387984e-7 -2.7711756844794877e-7 -2.446742000117297e-7
595	(  -1.7036476182098099219    1.5800508143148999096    1.7984890433988900416   -0.55138908749764004025  -1.0307435037051999593  )	0.06383289994326334 7.183169401514533e-7 4.777981885695226e-7 -1.8370951959667536e-7
596	(  -1.7036476492787600012    1.5800508803578499073    1.7984890433988900416   -0.55138910745338998165  -1.0307435095529999813  )	0.06383288204604434 1.0669423957665458e-6 4.776073465606601e-7 4.040619216993946e-8
597	(  -1.7036476195185499272    1.5800508308124299184    1.7984888361780400068   -0.55138910501848004131  -1.0307434777388400082  )	0.06383291705473981 -4.666450337253991e-9 1.6133971936227454e-7 -7.154379044749248e-8
598	(  -1.7036475895185501095    1.5800508081884099276    1.7984888145154900307   -0.55138910000590002358  -1.0307433934542600262  )	0.06383294073639495 -4.3557853679487835e-7 3.446241567672814e-7 2.0226861519034856e-8
599	(  -1.7036476171039101057    1.5800508261007399913    1.7984888078393499455   -0.55138909040141004247  -1.0307435777388400666  )	0.06383290821122756 6.031242527626546e-8 -9.227307096182358e-8 -8.580798693813563e-8
600	(  -1.7036476098599899753    1.5800508119656699879    1.7984887228232799838   -0.55138904655020004597  -1.0307438777388400197  )	0.06383288168070637 2.5524918001451624e-7 -8.531113504517407e-7 -1.2860057152508375e-7
601	(  -1.7036476230340800164    1.5800508761007399094    1.7984887671631100137   -0.55138908693305999087  -1.0307435546916399183  )	0.06383291104624024 4.087549854148165e-8 1.4795611402718123e-8 2.3704067020346997e-7
602	(  -1.7036476044859800716    1.5800508299422899583    1.7984888943882499923   -0.55138904040141001328  -1.0307436267776399763  )	0.06383290820349052 3.8672751578872067e-7 1.738761858938176e-7 5.2831415686682703e-8
603	(  -1.703647611173739973     1.5800507761007400731    1.7984888485155900995   -0.55138909386975998306  -1.0307436007860399929  )	0.06383290537621539 7.974935911647663e-8 -1.9934175643498975e-7 -4.0865661832256706e-7
604	(  -1.7036476297218399178    1.5800508222591900243    1.7984887212904498988   -0.55138914040140996065  -1.0307435287000399349  )	0.06383290821896694 -2.6610264214355084e-7 -3.5842230072802295e-7 -2.2444738867477554e-7
605	(  -1.7036475887876099122    1.5800508347216799532    1.7984890020665400545   -0.55138910696262000144  -1.0307433777388399498  )	0.06383292000856527 2.9567032022725925e-7 6.961577305730771e-7 2.2531708676609696e-7
606	(  -1.7036476671039100239    1.5800508108781599059    1.7984887750799700701   -0.55138906115816999076  -1.03074338341693994    )	0.06383295037460437 -3.681033362568087e-7 5.150340647297469e-7 -6.351825603267969e-7
607	(  -1.7036475671039099655    1.5800508413233200766    1.798488840598730043    -0.55138911964464998317  -1.0307437720607399712  )	0.06383286604787547 4.887282702981111e-7 -6.995802599440992e-7 4.6356656424606513e-7
608	(  -1.7036476454202100772    1.5800508174798000294    1.7984886136121600586   -0.55138907384020996449  -1.0307437777388399613  )	0.06383289641389697 -1.7504530269718543e-7 -8.807038849312221e-7 -3.9693306685961716e-7
609	(  -1.7036475687116499067    1.5800508172235701032    1.7984886078393500508   -0.55138907334798004101  -1.030743464418439892   )	0.063832958459893 -1.1044372172364092e-6 -2.3942005267230115e-8 2.690681188965982e-7
610	(  -1.7036476654961700827    1.5800508349779101014    1.7984890078393500623   -0.55138910745485003595  -1.0307436910592400192  )	0.06383285796258875 1.225062190357562e-6 -1.606042019375309e-7 -4.4068411098052707e-7
611	(  -1.7036476143821199791    1.580050822589720072     1.7984888101052098897   -0.551389070401410053    -1.0307435879669399892  )	0.06383291328864393 4.71230841014858e-8 -2.0131381450738672e-8 -8.840511434016207e-8
612	(  -1.7036476062167500434    1.5800508120566600923    1.7984888169027899441   -0.55138901040140997356  -1.0307436186512399789  )	0.06383292852089606 7.55506945893103e-9 1.9629369774065708e-7 -9.619650009895508e-8
613	(  -1.7036476038070000882    1.5800508195459399552    1.798488815461710022    -0.55138912040140997117  -1.030743563734940027   )	0.06383290239653899 2.5924038027369534e-8 -2.0802163458455425e-7 -1.9121892957940645e-8
614	(  -1.7036476249572400921    1.5800508256334999668    1.7984888047487099794   -0.55138902040141002381  -1.0307436121989399513  )	0.06383292418075157 6.832213728102943e-8 1.6775888411757478e-7 -1.576883397191864e-7
615	(  -1.7036475959017700621    1.5800508172706200227    1.7984887101052100533   -0.55138906756455996483  -1.0307435456208400293  )	0.06383293367010423 -4.827759294556699e-7 -5.633659716508532e-8 3.266946224655953e-8
616	(  -1.703647564382120061     1.5800508081984900866    1.7984888354311900915   -0.55138906272609999881  -1.0307437350180399527  )	0.06383289495757329 2.170573747406479e-7 -3.7185297019348695e-7 2.391714200022932e-7
617	(  -1.7036475927902399174    1.5800508725897199902    1.7984888210419200938   -0.55138906708692003722  -1.0307435384910399456  )	0.06383291837498736 6.524828322085341e-8 2.405579162534366e-7 4.740847874273868e-7
618	(  -1.7036476643821198973    1.5800508369809500575    1.7984887847792299098   -0.55138907807672998818  -1.0307434409158400257  )	0.06383293161971858 -1.2281114614154376e-7 3.315901668798915e-7 -4.159816708870778e-7
619	(  -1.7036476328624698962    1.5800508279088198993    1.798488910105209948    -0.55138907323826003015  -1.0307436303130399491  )	0.06383289290718867 5.770221189749236e-7 1.6073833819518768e-8 -2.094796962559542e-7
620	(  -1.7036476359740000408    1.5800507725897199318    1.7984887991684999076   -0.55138907371589995776  -1.0307436374428400327  )	0.06383290820230143 2.899789741661607e-8 -2.8082067915491393e-7 -6.508949983441426e-7
621	(  -1.7036475925051599578    1.5800507974677000522    1.7984888543154500251   -0.5513890570030099969   -1.0307433879669400945  )	0.06383295236628223 -3.748559258553996e-7 6.249820030390651e-7 -8.60729856277942e-8
622	(  -1.7036476362590800004    1.5800508477117400918    1.7984887658949699762   -0.55138908379980999808  -1.030743787966940106   )	0.06383287421102773 4.691021793234995e-7 -6.652447948063411e-7 -9.073724038799469e-8
623	(  -1.7036476224609800045    1.580050835865699943     1.7984888072348499399   -0.55138905040140995251  -1.0307435591928399976  )	0.0638329225340097 2.4905970619215623e-8 1.81612982430579e-7 -5.93168665297128e-8
624	(  -1.703647615267839921     1.5800508219335500648    1.7984887601052099715   -0.55138907138991999357  -1.0307435893891399026  )	0.0638329175959198 -1.2775949542742637e-7 -1.0932946592490111e-7 -1.0103180025922143e-7
625	(  -1.7036475979553500348    1.5800508025897199715    1.7984888074740699171   -0.5513890520682700469   -1.0307435615909399385  )	0.06383292779634127 -1.5610512704711255e-7 1.0694252816634275e-7 -9.516683086019384e-8
626	(  -1.7036475943821201007    1.5800508374064199391    1.7984888069017399559   -0.55138907407949999673  -1.0307435558535400499  )	0.06383291831679347 -4.7868596197986335e-8 7.103369270566873e-8 1.9671216255900958e-7
627	(  -1.7036476134964000373    1.5800508232458900792    1.7984888601052100299   -0.55138906941290000141  -1.0307435865447400758  )	0.06383290898136842 2.220056689594685e-7 6.906670391160219e-8 -7.57784275329243e-8
628	(  -1.7036476063032599537    1.580050809313739979     1.7984888129755700614   -0.55138909040141004247  -1.0307436167410399808  )	0.06383290404327943 6.934019936011282e-8 -2.2187575154930528e-7 -1.1749336215061135e-7
629	(  -1.7036476308088899234    1.5800508425897199505    1.7984888127363500843   -0.55138908873456005111  -1.0307436143429400399  )	0.06383289878094585 2.50351307684582e-7 -1.4720534746714975e-7 -8.16433978201303e-8
630	(  -1.7036476191478000519    1.5800508190591300295    1.7984888108685499475   -0.551389075720170041    -1.0307434879669399308  )	0.06383292846072176 -1.4533344128153658e-7 2.2300815727405165e-7 -1.563440563678853e-7
631	(  -1.7036476096164399063    1.5800508261203098925    1.7984888093418700539   -0.55138906508264995399  -1.0307436879669400476  )	0.06383289811657014 2.3957962547171974e-7 -2.6327091440236927e-7 -2.0466172756528067e-8
632	(  -1.7036476343821200796    1.580050807773019983     1.7984888133086800455   -0.55138906672331999825  -1.0307436200803399284  )	0.0638329082604949 1.4211476795367162e-7 -1.1129645471896765e-7 -3.7352239656840425e-7
633	(  -1.7036476043821200399    1.5800508131645900622    1.7984888063797499491   -0.5513890631600999459   -1.0307436086168300093  )	0.063832914518997 4.44929248999415e-9 -6.257973561574204e-8 -7.192388373766789e-8
634	(  -1.7036475743821200002    1.5800507848892000329    1.7984887952033699055   -0.55138904143616995768  -1.0307436705665000698  )	0.06383291821005686 -1.2357207523905345e-7 -1.8992479278168162e-7 -2.2480191042006936e-8
635	(  -1.7036476056954998892    1.5800508331645899407    1.7984888100789899745   -0.55138906380892005465  -1.0307435975347301049  )	0.06383291348086083 6.330237845020292e-8 6.443934275068841e-9 6.64338308808965e-8
636	(  -1.7036476096356401033    1.5800508931645900201    1.7984888211767100508   -0.55138906575538004784  -1.0307435642884299476  )	0.06383291036645279 2.398616469889703e-7 2.1351495149701805e-7 4.815069947206041e-7
637	(  -1.7036476256954999897    1.5800508385581699677    1.7984887661986599383   -0.55138907346012000499  -1.0307434902599299509  )	0.06383293030973775 -2.1984650189210697e-7 1.9282227592398726e-7 -6.731488300104616e-8
638	(  -1.7036476042522799013    1.5800507831645900225    1.7984888039586199859   -0.55138906515506003192  -1.0307435825721300571  )	0.06383292190603895 -1.5099572614474255e-7 -5.8837556604629526e-8 -2.9548378144284015e-7
639	(  -1.7036475856955000108    1.5800508277710099136    1.7984888539593200107   -0.5513890541577199933   -1.0307437048095300369  )	0.06383289665198882 3.4645128721422225e-7 -1.7993439627161933e-7 2.0018253898967941e-7
640	(  -1.7036475966525699288    1.5800508378782800456    1.798488771730039959    -0.55138904380891995416  -1.0307435037825301016  )	0.06383293997994606 -3.058786379739331e-7 3.1587220306050767e-7 1.8047688188360667e-7
641	(  -1.7036476071387200992    1.5800508831645900809    1.7984888161993599631   -0.55138906246277996637  -1.0307436124973299307  )	0.06383290505568363 2.776004919269326e-7 7.172542826339168e-8 4.2835146629727205e-7
642	(  -1.7036476147384300717    1.5800508284509000578    1.7984888484279399901   -0.55138908380892004413  -1.0307436912869301082  )	0.06383288698178435 4.324834197433347e-7 -3.029843518298492e-7 -4.760922056590289e-8
643	(  -1.7036475864043700845    1.5800508432202200471    1.7984888116547099735   -0.55138908180233003886  -1.0307433975347299882  )	0.06383294254588656 -3.5743821413802834e-7 4.856747120030036e-7 3.09719903501815e-7
644	(  -1.703647624986629916     1.5800508231089600564    1.7984888085032699756   -0.55138904581550995943  -1.0307437975347299997  )	0.06383288441585039 4.84043050974492e-7 -4.727868052611939e-7 -1.768522452927357e-7
645	(  -1.7036476168550900301    1.5800508273475799559    1.7984888574042099396   -0.55138905340003996347  -1.0307433975347299882  )	0.06383294575026796 -1.7060427204285133e-7 6.757918464828094e-7 -7.430301440791709e-8
646	(  -1.7036475945359099704    1.5800508389815999255    1.7984887627537700094   -0.55138907421780003482  -1.0307437975347299997  )	0.06383288121147093 2.9720911420838547e-7 -6.62903997472597e-7 2.0717067350517482e-7
647	(  -1.7036476052755400445    1.5800508296651099016    1.7984887991875100344   -0.55138907380891999388  -1.0307435827213300428  )	0.06383291431561273 -7.87352405495767e-9 -2.7756378084831113e-8 4.388053254089641e-8
648	(  -1.7036476040156600664    1.5800508191666700064    1.7984887665130699919   -0.5513891038089200336   -1.0307435382811300784  )	0.06383291681986908 -2.214012244650121e-7 -1.303573076150144e-7 -2.377935892639016e-8
649	(  -1.7036476152755399838    1.5800508272311399871    1.7984888118183999239   -0.55138906874928994561  -1.0307435738040300333  )	0.06383291545286975 3.99783157689626e-8 3.848401730621731e-8 -6.142158293087618e-8
650	(  -1.7036476027406399769    1.5800508200301000006    1.7984888491875099525   -0.55138907510365997577  -1.030743547421729911   )	0.06383291636761546 6.154873410935124e-8 1.2456405018568262e-7 -6.210629344138852e-9
651	(  -1.7036475952755401053    1.5800508320990800382    1.7984887865566199228   -0.55138907886855004215  -1.0307435916386300523  )	0.06383291317835581 -5.5725360326164264e-8 -9.399677347587954e-8 1.4918264890084743e-7
652	(  -1.7036476078104501042    1.5800508393001200247    1.7984887491875098942   -0.55138907251418001199  -1.0307436180209299526  )	0.06383291226360946 -7.729573958670244e-8 -1.8007680591125563e-7 9.397160871671417e-8
653	(  -1.7036476027442799541    1.5800508200439500328    1.7984887958067699021   -0.55138905380892000441  -1.0307435474724300217  )	0.06383292835314511 -1.5378328122039875e-7 1.498519788256658e-7 -6.138591412963024e-9
654	(  -1.7036476078067999129    1.5800508392862699925    1.7984888025682499446   -0.55138909380891998335  -1.0307436179702300638  )	0.06383290027808278 1.380362366631971e-7 -2.0536474165666618e-7 9.389965960338031e-8
655	(  -1.7036476057495200109    1.5800507796651099834    1.7984887898383898897   -0.5513890775539499467   -1.0307435893217300471  )	0.06383291842005964 -1.801556130942572e-7 -1.6995067220193505e-7 -3.3473060812028166e-7
656	(  -1.7036476048015600782    1.5800508796651100418    1.7984888085366399491   -0.55138907006389004106  -1.0307435761209300384  )	0.0638329102111652 1.6440860584054917e-7 1.1443793335175201e-7 4.2249169940333786e-7
657	(  -1.7036476057071701096    1.5800508313056900178    1.7984887906738700192   -0.55138907721927998828  -1.030743382721329926   )	0.06383294791322373 -4.403783275819251e-7 4.955552466157087e-7 5.2409646400519705e-8
658	(  -1.7036476048439099795    1.5800508280245300075    1.7984888077011500496   -0.55138907039855999948  -1.0307437827213299375  )	0.06383288071801965 4.246313594080675e-7 -5.510679952358544e-7 3.5351419569451537e-8
659	(  -1.7036476102755400142    1.5800508323261499566    1.7984887978195400748   -0.55138907245312995808  -1.0307435825184299016  )	0.063832914104377 1.0738141043020732e-8 -1.7585245259965632e-8 2.027464862663919e-8
660	(  -1.703647625275539923     1.5800508403092698995    1.7984887937156299742   -0.55138906838575996172  -1.0307435819097299223  )	0.06383291347066969 6.657313100788542e-8 1.2928149661917132e-8 -5.054300578066773e-8
661	(  -1.7036476202755399534    1.5800508371652000061    1.7984887993555700447   -0.55138907104032996997  -1.0307435840879299871  )	0.0638329125681209 6.73055478017659e-8 -3.501115841686442e-9 -3.0554860419584884e-8
662	(  -1.7036476002755400749    1.580050827487099907     1.798488796283510105    -0.55138907386592994619  -1.0307435809489300382  )	0.06383291564063304 -4.582926571572443e-8 -3.166937467824482e-8 7.110415678468485e-8
663	(  -1.703647608947610026     1.5800508260289300999    1.7984888178195399533   -0.551389054057680017    -1.0307436029541299227  )	0.0638329153654939 8.009502217021236e-8 4.115514506963791e-8 -1.532691218386617e-8
664	(  -1.7036476116034700024    1.5800508386233700353    1.7984887778195399743   -0.5513890908485800102   -1.0307435620827301026  )	0.06383291284326037 -5.8618738307814056e-8 -7.632563336912312e-8 5.587621121350139e-8
665	(  -1.7036476101163700037    1.5800508398784500752    1.798488800216820005    -0.55138907024817995772  -1.0307434825184300653  )	0.06383293078920464 -1.6589547691125972e-7 2.868435311498274e-7 7.82249065522933e-8
666	(  -1.7036476104347100247    1.580050824773860052     1.7984887954222599227   -0.55138907465807995845  -1.03074368251842996    )	0.06383289741955266 1.8737181051164953e-7 -3.2201400657072554e-7 -3.767553335976004e-8
667	(  -1.7036476113293299584    1.5800507823261500384    1.7984888096700899496   -0.551389087051029958    -1.0307435663014299365  )	0.06383291650976727 -1.1838309532663516e-7 -1.1930928911496608e-7 -3.633850420570184e-7
668	(  -1.70364760922175007      1.5800508823261500968    1.7984887859689899781   -0.55138905785522995817  -1.0307435987354300888  )	0.06383291169898703 1.3985938274174714e-7 8.413879903912402e-8 4.039343637352033e-7
669	(  -1.7036476113293299584    1.5800507823261500384    1.7984887819483299509   -0.55138905691123996089  -1.0307435663014299365  )	0.06383292881750342 -2.5133514647279753e-7 -7.779104471694609e-9 -3.633850420570184e-7
670	(  -1.70364760922175007      1.5800508823261500968    1.7984888136907499767   -0.55138908799501995528  -1.0307435987354300888  )	0.06383289939125306 2.7281143566426636e-7 -2.7391387380504284e-8 4.039343637352033e-7
671	(  -1.7036476114477399069    1.5800508266352999431    1.7984887992886300356   -0.55138906245313001886  -1.0307435839002700995  )	0.06383291742251207 -6.146343878299376e-9 2.2228582530203767e-8 -3.255463987272833e-8
672	(  -1.7036476052755400445    1.5800508320032100595    1.7984887915531599933   -0.55138906920151997682  -1.0307435766241999087  )	0.06383291730780183 -4.5595569986289775e-8 4.940702069688996e-9 6.139215891209915e-8
673	(  -1.7036476152755399838    1.5800508326490900757    1.7984888040859199343   -0.55138907570474005038  -1.0307435884126598946  )	0.06383291090095224 6.707185207233124e-8 -4.011119392188789e-8 -2.0842860326553136e-8
674	(  -1.7036476091033398994    1.58005083801699997      1.7984887963504601061   -0.55138908245313000833  -1.0307435811365899259  )	0.06383291078624106 2.762266149147763e-8 -5.7399058395191105e-8 7.310393890236355e-8
675	(  -1.7036476082458100745    1.5800508123261500781    1.7984888029825099043   -0.55138907513218005096  -1.0307435873747798905  )	0.06383291435171833 -2.784299191205264e-8 -7.259302625683972e-8 -1.1184562964672295e-7
676	(  -1.7036476131238200704    1.5800508184981298943    1.7984887878195399136   -0.55138907430543004917  -1.0307435858761100356  )	0.06383291516224934 -5.026016403064659e-8 -7.705846583050402e-8 -1.0809349593188244e-7
677	(  -1.703647610674120072     1.5800508303911000585    1.7984887983190700478   -0.55138907271232995289  -1.0307435325184299835  )	0.06383292266687565 -9.501045283855092e-8 1.1623529605486738e-7 2.31120544924579e-9
678	(  -1.7036476123052699538    1.5800508523261500571    1.7984887926565700234   -0.55138906977407997623  -1.0307435776620799128  )	0.06383291385703566 4.9319275774450944e-8 3.742253484873004e-8 1.5239493267316107e-7
679	(  -1.7036476074272599579    1.5800508461541700189    1.7984888078195400141   -0.55138907060082997802  -1.0307435791607499898  )	0.06383291304650462 7.173644434033122e-8 4.1887973978305126e-8 1.4864279496151767e-7
680	(  -1.7036476098769599563    1.5800508342612000767    1.7984887973200101019   -0.55138907219392996328  -1.0307436325184300419  )	0.06383290554187943 1.1648673670094922e-7 -1.5140578657479864e-7 3.823809269221101e-8
681	(  -1.7036476095640200601    1.5800508325063800097    1.7984887976832899525   -0.55138906745312998847  -1.0307435803249600514  )	0.0638329161374252 -1.6424621662736172e-9 1.4339480269853766e-8 2.7819892611802288e-8
682	(  -1.703647610547220026     1.5800508322573298958    1.7984887928195401052   -0.55138907232417000426  -1.0307435833559399629  )	0.06383291447067335 -4.954229027021029e-9 -2.72536175849325e-8 1.73936238745398e-8
683	(  -1.7036476100038699943    1.5800508323949700173    1.7984888028195400445   -0.55138907258209002293  -1.0307435816809200624  )	0.06383291373807953 2.6430544863842442e-8 -7.916874267266394e-9 2.3155586337253453e-8
684	(  -1.7036476115743000026    1.5800508319971700022    1.7984887980682500164   -0.55138907183662999589  -1.0307435625184300232  )	0.06383291758707453 -2.6891212812074627e-8 4.053223623401436e-8 6.502071325797942e-9
685	(  -1.7036476082755400707    1.580050833503650054     1.798488796929359923    -0.55138907465972997191  -1.0307435681879599798  )	0.0638329160056003 -2.2666077015287556e-8 1.1262074384177367e-8 4.650824081409155e-8
686	(  -1.7036476109870699602    1.5800508321459199035    1.7984887979557899751   -0.55138907745313003872  -1.0307435847118999739  )	0.06383291207132774 2.311877800309503e-8 -4.950997212205266e-8 1.2729316267723334e-8
687	(  -1.7036476122755399576    1.5800508311486500812    1.7984887987097200046   -0.55138907024653005529  -1.0307435968489000455  )	0.0638329122031537 4.414235910132902e-8 -4.643256534819784e-8 -5.958941784456329e-9
688	(  -1.7036476100969000225    1.5800508223261500174    1.7984887977853301066   -0.55138907253793001395  -1.0307435819677299715  )	0.06383291530454109 -2.263635323629387e-8 -3.454297248239868e-8 -5.306670747273756e-8
689	(  -1.7036476089767800257    1.580050832655129911     1.7984887975708299113   -0.5513890730696300313   -1.0307436025184300021  )	0.06383291062167963 4.836749312175925e-8 -7.570272808621326e-8 3.404722548339123e-8
690	(  -1.7036476104541800058    1.5800508423261498958    1.798488797853750043    -0.55138907236833001324  -1.0307435830691300538  )	0.06383291290421286 4.4112635322335336e-8 -6.275193698002113e-10 9.361600561419436e-8
691	(  -1.7036476095045500756    1.580050827326149987     1.7984887987863600323   -0.55138907385519997373  -1.0307435782642599964  )	0.06383291492352647 -1.1435473012966213e-8 -2.0547423762451444e-8 -1.0460562194225531e-8
692	(  -1.7036476071915800379    1.5800508123261500781    1.7984888016868199045   -0.55138907806141002066  -1.0307435655017500586  )	0.06383291738097509 -7.795631340457021e-8 -2.9433958825819673e-8 -1.026661902159276e-7
693	(  -1.7036476080335900551    1.5800508253129099678    1.7984888019859099906   -0.55138906885520000412  -1.0307435748348199311  )	0.06383291716353055 -2.3884437538868042e-8 1.6110605738361983e-8 -1.2731079301886439e-8
694	(  -1.7036476113868299631    1.580050829902339915     1.7984888037863600019   -0.55138907314635998702  -1.0307435826526500922  )	0.06383291343284601 2.936883625181963e-8 -1.645931169136361e-8 -7.555192027552948e-9
695	(  -1.7036476079549300877    1.5800508293393999981    1.7984888026937599914   -0.55138907885520005436  -1.0307435816937000617  )	0.06383291230087934 1.6285056858578173e-8 -4.597609493117716e-8 1.8110962507478234e-8
696	(  -1.7036476110541700635    1.5800508253129099678    1.7984887948789600731   -0.55138906885520000412  -1.0307435748348199311  )	0.06383291754617255 -3.915597091008749e-8 4.881263837575034e-9 -3.903201140076362e-8
697	(  -1.7036476109755100961    1.5800508293393999981    1.798488795586810074    -0.55138907885520005436  -1.0307435816937000617  )	0.06383291268352134 1.0135234873587251e-9 -5.720543683196411e-8 -8.189969591398949e-9
698	(  -1.7036476097377999395    1.5800508276453799628    1.7984887994059499672   -0.55138907464803998959  -1.0307435582642598959  )	0.06383291795887788 -4.7758687671262123e-8 3.205852516785512e-8 -1.0100594138862107e-8
699	(  -1.7036476076222799581    1.5800508247499600589    1.7984887937863600627   -0.55138907456403996044  -1.0307435738758699006  )	0.06383291641420598 -5.223975030332895e-8 -2.463553583353928e-8 -1.3366016737847985e-8
700	(  -1.7036476092278500793    1.5800508373261499262    1.7984887980513399874   -0.5513890729146599945   -1.030743577619150031   )	0.06383291432176919 1.4211801513397404e-8 2.9019058267465425e-9 6.6845551316419e-8
701	(  -1.7036476092712999897    1.5800508270069200112    1.7984887981667800894   -0.55138907306235995787  -1.0307435982642600969  )	0.0638329118881743 2.4887777172466485e-8 -7.315335714963567e-8 -1.0820527585053696e-8
702	(  -1.7036476097812500718    1.5800508173261500477    1.7984887995213800771   -0.55138907479573995296  -1.0307435789093699618  )	0.06383291552528379 -3.708274576297299e-8 -4.399675335164943e-8 -8.776667526078086e-8
703	(  -1.7036476092897199219    1.5800508289548800267    1.7984887991726699052   -0.55138907185520003029  -1.0307435760528900204  )	0.0638329157407772 -1.2395226178796293e-8 -6.037201849551366e-10 3.6086871268992127e-9
704	(  -1.703647608645229905     1.5800508338410699238    1.7984888003315999683   -0.55138906585519997794  -1.0307435694187800923  )	0.06383291819252947 -1.5274496334427567e-8 5.9227391879801417e-8 4.581642709666767e-8
705	(  -1.7036476091193100135    1.5800508264339199194    1.7984888041726700969   -0.55138907142922999327  -1.0307435756358400702  )	0.06383291575703372 -4.2869618965823975e-9 6.107728989235284e-9 -1.3788702180050905e-8
706	(  -1.7036476094601300524    1.580050831475839912     1.7984887941726699356   -0.55138907228116995629  -1.0307435764699399705  )	0.06383291572452071 -2.0503497566437545e-8 -7.315168915056347e-9 2.100607199295723e-8
707	(  -1.7036476097332000634    1.580050835515599994     1.7984887996737899396   -0.55138906685519994966  -1.0307435771382500445  )	0.06383291632456342 8.374463789095898e-9 3.4763767864376405e-8 4.888490146015556e-8
708	(  -1.7036476091998900007    1.5800508276260301077    1.7984887990711699857   -0.55138907163065997707  -1.0307435960528898988  )	0.06383291257125041 2.3716426156283887e-8 -5.713570772059029e-8 -5.561804350406874e-9
709	(  -1.7036476088462400025    1.5800508223941600594    1.7984887986715500929   -0.5513890768551999999   -1.0307435749675299963  )	0.063832915156991 -3.316491969940216e-8 -3.597120734610826e-8 -4.1667529870892395e-8
710	(  -1.7036476072897199785    1.5800508355166300589    1.7984887996738700977   -0.55138907296395001101  -1.0307435771384199086  )	0.06383291463048366 6.7892944599634575e-9 3.2825044904427614e-9 7.016859848718582e-8
711	(  -1.7036476112897200874    1.5800508223931299945    1.7984887986714699348   -0.55138907074645004958  -1.0307435749673599101  )	0.06383291685107077 -3.157975037026972e-8 -4.489943972174615e-9 -6.295122512156581e-8
712	(  -1.7036476093795500653    1.5800508302837299457    1.7984887992741700469   -0.55138907207973997249  -1.0307435560528899199  )	0.06383291891030421 -4.850688029023331e-8 5.5928269127036856e-8 1.277917727193767e-8
713	(  -1.7036476111132299316    1.5800508389548799659    1.7984888012331798901   -0.55138907641348000599  -1.0307435805156999198  )	0.06383291202757127 4.705742817634473e-8 -1.5158933663883545e-8 6.262775675835996e-8
714	(  -1.7036476074662099123    1.5800508189548800875    1.7984887971121599204   -0.55138906729692005459  -1.0307435715900798989  )	0.0638329194539833 -7.184788763936467e-8 1.3951494182151691e-8 -5.541038206047233e-8
715	(  -1.7036476097245800698    1.5800508272380500152    1.7984888011726700707   -0.55138907084299004779  -1.0307435779237399398  )	0.06383291569510598 -6.4044431979937144e-9 -4.725042579423189e-10 -1.3036257850984612e-8
716	(  -1.7036476097442700972    1.5800508284955701033    1.7984887997077299016   -0.55138907385519997373  -1.0307435765534000982  )	0.06383291497036897 -7.135957602599774e-9 -1.2271676563813116e-8 -3.78927822453079e-9
717	(  -1.7036476102897200047    1.5800508279444100967    1.7984887978214401105   -0.55138907125945002541  -1.0307435771540101044  )	0.06383291588410114 -1.542849936697621e-8 -4.521451213435057e-9 -1.266665794474875e-8
718	(  -1.7036476082897200612    1.5800508299653499567    1.798488800523899922    -0.55138907245095003518  -1.0307435749517699364  )	0.06383291559745323 -9.361958319686892e-9 3.3140112876139938e-9 1.9884028645833496e-8
719	(  -1.7036476088351699687    1.5800508294141899501    1.7984887986376099089   -0.55138906985519997583  -1.0307435755523799426  )	0.06383291651118544 -1.765449830770649e-8 1.1064236193902843e-8 1.1006649813793956e-8
720	(  -1.7036476088548599961    1.5800508306717100382    1.7984887971726699618   -0.55138907286741001279  -1.030743574182040101   )	0.06383291578644837 -1.838601448866939e-8 -7.349361119679543e-10 2.0253629884336988e-8
721	(  -1.7036476091392800392    1.5800508291068999789    1.7984887989955800069   -0.5513890719448300004   -1.0307435860528899596  )	0.06383291402416458 7.649299860190695e-9 -2.8641506055748778e-8 6.057185419905409e-9
722	(  -1.7036476095771100336    1.5800508339548799963    1.7984887995109599679   -0.55138907168398998415  -1.0307435763693399977  )	0.0638329151229362 6.0648748245739625e-9 8.933172424008262e-9 3.85547189729607e-8
723	(  -1.7036476094401600268    1.5800508288028600745    1.7984887993497600256   -0.55138907176556994916  -1.0307435660528900812  )	0.06383291745738985 -3.243975932321064e-8 2.7434066574016924e-8 1.1601870575361772e-9
724	(  -1.7036476090023300323    1.5800508239548800571    1.7984887988343800647   -0.55138907202640996541  -1.030743575736440043   )	0.06383291635861818 -3.0855330734880226e-8 -1.0140611905740116e-8 -3.133734827187595e-8
725	(  -1.7036476097897199633    1.5800508295139699122    1.7984887990973799088   -0.55138907174769002939  -1.0307435758591398933  )	0.06383291570169541 -9.71358993240301e-9 1.3710694801716272e-9 3.442468532455223e-9
726	(  -1.7036476112897200874    1.5800508311912400128    1.7984887988715099194   -0.55138907142516002668  -1.0307435752778899563  )	0.06383291558445 -1.6686705350821285e-9 7.295437587373499e-9 2.9438194104614013e-9
727	(  -1.7036476157897200157    1.5800508362230500925    1.7984887981938999513   -0.55138907045757001857  -1.030743573534139923   )	0.0638329152327138 2.246608588052368e-8 2.5068543241246743e-8 1.4478720444799364e-9
728	(  -1.7036476109397000744    1.5800508321330599681    1.7984887992467299966   -0.55138907192890995734  -1.0307435852778898955  )	0.0638329136147724 2.2635008534166445e-8 -2.058348114175601e-8 1.3045461155769544e-8
729	(  -1.7036476105186799668    1.5800508261711601055    1.798488796871509976    -0.5513890687400899715   -1.0307435774931199557  )	0.06383291689509044 -2.574811830413637e-8 2.8376043736955125e-9 -2.7941346569804182e-8
730	(  -1.7036476123539299188    1.5800508283277299171    1.7984887977306900364   -0.5513890764251599963   -1.0307435765414800777  )	0.06383291409647351 -3.0763160907554266e-9 -2.8909344695904338e-8 -2.776929708403486e-8
731	(  -1.703647612060759986     1.5800508362113199201    1.7984888008715100849   -0.55138907411022997085  -1.0307435730626599568  )	0.06383291427380958 2.2410779010328952e-8 1.1753272133319115e-8 3.3828987167083824e-8
732	(  -1.7036476116397401004    1.5800508302494200574    1.7984887984962900642   -0.551389070921409985    -1.030743565277890017   )	0.06383291755412761 -2.5972349604330702e-8 3.517435764877064e-8 -7.157822778935952e-9
733	(  -1.703647610225510034     1.5800508340547501085    1.7984888000123300245   -0.55138906642515994605  -1.0307435740143000569  )	0.0638329170724265 -2.610267557656698e-10 4.3500220314740545e-8 3.365693679313608e-8
734	(  -1.7036476132897200308    1.5800508258097800685    1.7984887993642699744   -0.55138906854680003189  -1.0307435776525899485  )	0.06383291644054391 -8.36637248369243e-9 6.682865372198421e-9 -5.4776094771114003e-8
735	(  -1.7036476092897199219    1.5800508365726999571    1.7984887983787500865   -0.55138907430352002148  -1.0307435729031899641  )	0.06383291472835614 5.029031413528173e-9 7.908010246637787e-9 6.066373492430444e-8
736	(  -1.7036476103318900499    1.5800508211912400736    1.7984887998982899138   -0.55138907280366000752  -1.0307435741406099083  )	0.06383291644919613 -3.3664301568592236e-8 -1.3036066448535166e-8 -6.361293847234606e-8
737	(  -1.7036476122475499029    1.580050841191239952     1.798488797844729925    -0.55138907004666004585  -1.0307435764151700042  )	0.06383291471970386 3.032696049842798e-8 2.7626942067371374e-8 6.95005790696257e-8
738	(  -1.7036476113645899755    1.5800508303110301078    1.7984887978715100587   -0.55138907147224003324  -1.0307435756579699238  )	0.06383291569247006 -6.9566468141601945e-9 2.8418427611143215e-9 -4.300583889005338e-9
739	(  -1.7036476112063398958    1.5800508321715500681    1.7984887988478599485   -0.55138907342515997012  -1.0307435748545898946  )	0.06383291492144999 2.392967601849705e-9 -1.1927436815994952e-10 1.1012041056801536e-8
740	(  -1.7036476112148499773    1.5800508320714599098    1.7984887998715100021   -0.55138907137808002012  -1.0307435748978099888  )	0.06383291547642879 3.6193377184190467e-9 1.17490515094687e-8 1.0188297761004605e-8
741	(  -1.703647611373110049     1.5800508302109299574    1.7984887988951598903   -0.55138906942515997223  -1.0307435757011900179  )	0.06383291624744901 -5.730274921234013e-9 1.4710149986996157e-8 -5.124488389185444e-9
742	(  -1.7036476102897200047    1.580050827093969934     1.7984887989703699507   -0.55138907164430994712  -1.030743577047100068   )	0.06383291576205988 -1.3779281715642355e-8 -5.924305490623283e-9 -1.9036184184528793e-8
743	(  -1.7036476122897199481    1.5800508352885100916    1.7984887987726501102   -0.55138907120600999523  -1.0307435735086800666  )	0.06383291540684013 1.0441942421834938e-8 2.051518110945949e-8 2.4923824337719225e-8
744	(  -1.7036476122746599948    1.5800508277160900672    1.7984887991509099781   -0.55138907204448994737  -1.0307435802778899259  )	0.06383291479265368 2.7008990599597382e-9 -1.54896926396475e-8 -3.1660062127514266e-8
745	(  -1.7036476116473999731    1.5800508269861799349    1.798488798972980085    -0.55138907165007000621  -1.0307435702778899866  )	0.06383291678543526 -2.343278993066633e-8 1.2518616365753132e-8 -3.166515050168073e-8
746	(  -1.7036476109320399797    1.5800508353963000907    1.7984887987700399758   -0.55138907120025004716  -1.0307435802778899259  )	0.06383291438346476 2.0095450636858914e-8 2.0722592530830752e-9 3.755279021078195e-8
747	(  -1.703647610304779958     1.5800508346663999504    1.7984887985921100828   -0.55138907080582999498  -1.0307435702778899866  )	0.06383291637624523 -6.0382063793440466e-9 3.008058691023052e-8 3.754777733178116e-8
748	(  -1.7036476111913199105    1.5800508308715299766    1.7984887989628899341   -0.5513890724251599984   -1.0307435760339100916  )	0.06383291517385287 -2.4268587139886222e-11 -3.7319614065722817e-10 1.406087690725144e-9
749	(  -1.703647610896120046     1.5800508299124000899    1.7984887992370299781   -0.55138907542516002458  -1.0307435783019700537  )	0.06383291394206146 4.908935480330001e-9 -2.337909643657099e-8 -3.2071132416433557e-9
750	(  -1.7036476111661500443    1.5800508308902498911    1.7984887999628900168   -0.55138907239866996601  -1.0307435759666299102  )	0.06383291509661194 3.3781919483999445e-9 1.5625323257495438e-9 1.7654540052092216e-9
751	(  -1.7036476112164899988    1.5800508308528100621    1.7984887979628900734   -0.55138907245165003079  -1.030743576101190051   )	0.06383291525109384 -3.4267326753933958e-9 -2.3089232747963706e-9 1.0467191557950173e-9
752	(  -1.7036476121913199933    1.5800508301279199141    1.7984887989828299837   -0.55138907046478002894  -1.0307435787068799371  )	0.06383291532044957 4.453294621953319e-9 1.0549494611211685e-9 -1.2870562837719035e-8
753	(  -1.7036476121913199933    1.5800508301279199141    1.7984887989828299837   -0.55138907347747001531  -1.0307435712940300476  )	0.0638329156239354 -7.505869703550161e-9 5.96521765316993e-9 -1.2870562837719035e-8
754	(  -1.7036476101913200498    1.580050831615140039     1.7984887989429501065   -0.55138907438553996787  -1.0307435733609400241  )	0.06383291502725622 -4.501831796233091e-9 -1.8013404101679953e-9 1.5682734222366435e-8
755	(  -1.7036476101913200498    1.580050831615140039     1.7984887989429501065   -0.5513890713728499815   -1.0307435807737899136  )	0.06383291472377037 7.457332529270388e-9 -6.7116086022167565e-9 1.5682734222366435e-8
756	(  -1.703647611579329979     1.5800508294805499787    1.798488799000190097    -0.55138907439358997298  -1.0307435810339100613  )	0.06383291380583447 9.514502963270388e-9 -2.6745381020987224e-8 -1.2390410031315469e-8
757	(  -1.703647610803310064     1.5800508322625099744    1.7984887989255899932   -0.55138907045673002383  -1.0307435710339099     )	0.06383291654187132 -9.56304013755016e-9 2.5998990071940398e-8 1.5202581415962868e-8
758	(  -1.7036476109982900962    1.5800508258715300069    1.7984887989590399027   -0.5513890722220300411   -1.0307435755179399361  )	0.06383291590254253 -1.7784008932153483e-8 -6.902347138293408e-9 -3.436156337244256e-8
759	(  -1.7036476113843499469    1.5800508358715299462    1.7984887989667399655   -0.5513890726282899557   -1.0307435765498800251  )	0.06383291444516323 1.773547175787371e-8 6.155955745157371e-9 3.717373697753601e-8
760	(  -1.7036476111539600176    1.5800508305996099345    1.7984887990372200317   -0.55138907342515997012  -1.030743575876899909   )	0.06383291490889312 3.560884920261742e-11 -5.46564526970883e-9 -3.052060826291836e-10
761	(  -1.7036476112286800255    1.5800508311434500186    1.7984887988885600585   -0.55138907142516002668  -1.0307435761909200522  )	0.06383291543881263 -8.414424712555046e-11 4.719253876572793e-9 3.117377467276583e-9
762	(  -1.7036476110470899492    1.58005082982181011      1.7984887992498299614   -0.55138907232543998838  -1.0307435780339100351  )	0.06383291496835568 1.2121983417046067e-9 -6.8076873027678175e-9 -5.200134545191304e-9
763	(  -1.7036476114426499784    1.5800508300784998905    1.7984887984628898927   -0.55138907259892999679  -1.0307435770900998939  )	0.06383291504959984 -1.1035048430585448e-9 -6.3968963459615225e-9 -6.721848411217479e-9
764	(  -1.7036476113355500939    1.5800508319212500652    1.7984887986759499068   -0.55138907252488000843  -1.0307435740339099262  )	0.06383291537935008 -1.2607337396275398e-9 6.061296353720991e-9 8.012309482552382e-9
765	(  -1.7036476116913199519    1.580050829900059961     1.7984887992284399605   -0.55138907233287004495  -1.0307435754729699084  )	0.0638329153293396 -1.6935342017632138e-9 3.2132652094674086e-10 -1.0223537572073838e-8
766	(  -1.7036476109399900647    1.5800508316645600626    1.7984887994628899754   -0.55138907225139000001  -1.0307435749777200673  )	0.06383291529810592 1.0549694451356117e-9 5.650504952825486e-9 9.534020684043298e-9
767	(  -1.7036476106913200912    1.5800508318429999921    1.7984887986973399077   -0.55138907251744995186  -1.0307435765948500528  )	0.06383291501836616 1.644995251126602e-9 -1.0677183581719873e-9 1.3035709844899657e-8
768	(  -1.70364761091651995      1.5800508288715300331    1.798488798854039894    -0.55138907223516997469  -1.0307435748790700902  )	0.06383291569242819 -1.0262533933769191e-8 2.0823343049869436e-11 -1.118052539439418e-8
769	(  -1.7036476114661200931    1.58005083287152992      1.7984887990717399742   -0.55138907261515002212  -1.030743577188750093   )	0.06383291465527755 1.021399498313258e-8 -7.672156243643258e-10 1.399269766722e-8
770	(  -1.7036476112637899405    1.5800508304978999607    1.7984887991628899506   -0.55138907229830003143  -1.0307435757967700063  )	0.06383291526919914 -8.674145846043757e-10 5.784270840081263e-10 -2.023297529518686e-9
771	(  -1.703647610991319894     1.5800508303375999652    1.7984887990620299636   -0.55138907277528004247  -1.0307435766884001094  )	0.06383291502109287 -3.0106939163943025e-10 -4.785629670323033e-9 -8.514295934958227e-10
772	(  -1.703647611301740028     1.580050830302240028     1.7984887989081499438   -0.55138907223186994777  -1.0307435770339099523  )	0.06383291512226859 2.0438406522771402e-10 -3.2443319142316795e-9 -3.819168536978168e-9
773	(  -1.7036476111188501026    1.5800508312451599924    1.7984887987628899175   -0.55138907255201996538  -1.0307435762710499549  )	0.06383291507850661 8.188774103246033e-10 -1.3248189212333727e-9 4.8354693582552954e-9
774	(  -1.7036476113913199271    1.5800508314054599879    1.7984887988637499046   -0.55138907207503995433  -1.0307435753794200739  )	0.06383291532661291 2.525304410028184e-10 4.039237833097786e-9 3.663604530856901e-9
775	(  -1.7036476113159699786    1.5800508302288600593    1.7984887989011000275   -0.55138907292516003977  -1.0307435756259999415  )	0.06383291514871468 -2.1422206231136443e-9 -3.0789348848259124e-9 -4.492664906763366e-9
776	(  -1.7036476110809000151    1.5800508314408199251    1.7984887990176299244   -0.55138907261845004903  -1.0307435750339100089  )	0.06383291522543716 -2.5291946315064706e-10 2.497940521095643e-9 6.631340809803987e-9
777	(  -1.7036476110722600374    1.5800508298715298938    1.7984887988667399572   -0.55138907208562004669  -1.0307435753992000294  )	0.06383291552298215 -5.618776555138538e-9 1.1761471796489786e-9 -5.046912221473576e-9
778	(  -1.7036476110666700645    1.5800508315141998938    1.7984887990246800626   -0.55138907192515995703  -1.0307435764418200197  )	0.06383291519899104 2.093683448833872e-9 2.3325439357790856e-9 7.304837179589185e-9
779	(  -1.7036476113103800056    1.5800508318715300593    1.7984887990590399109   -0.55138907276469995011  -1.0307435766686199319  )	0.06383291482472364 5.570239380858766e-9 -1.9225385727850153e-9 7.859084494299395e-9
780	(  -1.7036476112138199124    1.5800508307433400734    1.7984887988628899258   -0.55138907239719003872  -1.0307435760276399961  )	0.06383291520552607 -7.561649084664168e-10 -6.003135766263767e-10 2.5007196313708846e-10
781	(  -1.703647611281319918     1.5800508303587699199    1.798488798562889901    -0.55138907231328004865  -1.0307435760088299315  )	0.0638329153005457 -2.951859201516527e-9 -1.2816676608906619e-9 -3.2179747755378685e-9
782	(  -1.7036476112182699083    1.5800508307965599464    1.7984887988521500723   -0.55138907237894996261  -1.0307435765276400375  )	0.06383291512081198 3.991758035226667e-10 -1.8060362094729498e-9 6.099258875735813e-10
783	(  -1.7036476112093699165    1.5800508306901299704    1.7984887988736300013   -0.55138907241543000382  -1.0307435755276399547  )	0.06383291529023911 -1.9114754223892305e-9 6.054277079670101e-10 -1.0970735431214962e-10
784	(  -1.7036476111308900272    1.5800508310744298957    1.7984887990628899423   -0.55138907273686998955  -1.030743576062689959   )	0.06383291504356933 1.1737864014094157e-9 -1.5360881455706021e-9 3.4519209712868815e-9
785	(  -1.7036476112967500196    1.5800508304122500292    1.7984887986628899093   -0.55138907205750997687  -1.0307435759925900332  )	0.06383291536748285 -2.686119771055928e-9 3.354605482286388e-10 -2.9517797095479636e-9
786	(  -1.7036476114138199289    1.5800508303823699308    1.7984887989357400961   -0.55138907252091995392  -1.0307435760404100034  )	0.06383291517632976 -7.905995857981907e-10 -1.8072823237957891e-9 -4.1949288487330705e-9
787	(  -1.7036476110138198958    1.580050831104309994     1.7984887987900399775   -0.5513890722734600125   -1.0307435760148699888  )	0.06383291523472243 -7.217355602051612e-10 6.066560587214553e-10 4.695070998650408e-9
788	(  -1.7036476111474398998    1.5800508299500599652    1.7984887990229800891   -0.55138907189718999735  -1.0307435760556900028  )	0.06383291543940164 -3.4069120857793678e-9 7.254583600513342e-10 -5.113356404962133e-9
789	(  -1.703647611280199925     1.5800508315366199596    1.7984887987027999845   -0.55138907289718996907  -1.0307435759995899893  )	0.06383291497165057 1.8945787161328553e-9 -1.926085069214878e-9 5.61350033123631e-9
790	(  -1.7036476111301399605    1.5800508297433399907    1.7984887988002800085   -0.55138907273994997027  -1.0307435760629999333  )	0.06383291521621992 -3.975715756610043e-9 -4.361702554689373e-9 -6.510988193042522e-9
791	(  -1.7036476112975000863    1.5800508317433399341    1.7984887989255000651   -0.55138907205442999615  -1.0307435759922800589  )	0.0638329151948323 2.4633823869635307e-9 3.161076289615039e-9 7.01112901069223e-9
792	(  -1.7036476112717999776    1.5800508308650600409    1.7984887988068600784   -0.55138907235821998931  -1.0307435758276399795  )	0.06383291523798286 -8.307736720780667e-10 2.822977407390681e-10 6.568696697684118e-10
793	(  -1.7036476112291500939    1.5800508307181899692    1.798488798874469996    -0.55138907219719002217  -1.0307435760689700466  )	0.06383291526227441 -8.771099402338223e-10 2.8955060571433933e-10 -7.177680672043607e-11
794	(  -1.7036476112751399725    1.5800508306427401006    1.7984887989092099847   -0.55138907159718997253  -1.030743576192959976   )	0.06383291543251948 -1.2399414828223598e-9 2.9591427086472777e-9 -1.0373182313117013e-9
795	(  -1.70364761123149         1.5800508306294600569    1.7984887989085101001   -0.55138907201593001517  -1.0307435765689700879  )	0.06383291524111079 -1.9623769276222447e-10 -2.6055424484638934e-10 -7.567106941053225e-10
796	(  -1.7036476112385099402    1.5800508303632700979    1.7984887990106299682   -0.55138907147214999416  -1.03074357806896999    )	0.06383291517762002 1.8463808260094083e-9 -1.9108679083501556e-9 -2.811512800349192e-9
797	(  -1.7036476113421599177    1.580050830934379924     1.7984887994085099194   -0.55138907245016999248  -1.0307435756741401001  )	0.0638329151611351 1.5771028927247244e-9 1.3069128002030084e-9 5.634128719123055e-10
798	(  -1.7036476111208200823    1.5800508303245399677    1.7984887984085100587   -0.55138907158169003786  -1.0307435774638000758  )	0.06383291532108654 -1.9695782782491733e-9 -1.8280226221634166e-9 -2.0768351483013703e-9
799	(  -1.7036476110314899834    1.5800508309367999882    1.7984887986397599668   -0.55138907245363000253  -1.0307435756670200178  )	0.06383291526807933 -2.249830544087672e-9 9.839906667252762e-11 3.286617200615183e-9
800	(  -1.7036476114314900165    1.5800508303221199036    1.7984887991772600113   -0.5513890715782300278   -1.0307435774709199361  )	0.06383291521414236 1.8573533822063837e-9 -6.195075563653063e-10 -4.800040365182667e-9
801	(  -1.7036476110330700529    1.580050830934379924     1.7984887994085099194   -0.55138907245016999248  -1.0307435773876199026  )	0.06383291490102887 4.056259328422129e-9 -3.4170573037783925e-9 3.2547338157939976e-9
802	(  -1.7036476111674099254    1.5800508307279299558    1.7984887990699700566   -0.55138907101593004345  -1.0307435762800098988  )	0.06383291558877405 -1.2211014421836808e-9 6.122022888632728e-9 5.387588153382694e-10
803	(  -1.7036476112955700746    1.580050830530989936     1.7984887987470499215   -0.55138907301592998689  -1.030743576857930055   )	0.06383291489344761 8.286242803023924e-10 -6.643131378325506e-9 -2.052181091727334e-9
804	(  -1.7036476114299099471    1.5800508303245399677    1.7984887984085100587   -0.55138907158169003786  -1.0307435757503200513  )	0.06383291558119282 -4.448734713946578e-9 2.895948369996404e-9 -4.768156092183062e-9
805	(  -1.7036476112734999511    1.5800508316294599176    1.7984887988026601047   -0.55138907192399999602  -1.0307435767584101072  )	0.06383291513296149 3.015413696516589e-9 1.3221916894678998e-9 6.367178784216776e-9
806	(  -1.7036476111894800489    1.5800508296294599742    1.7984887990143600955   -0.55138907210786003432  -1.0307435763795300687  )	0.06383291534926008 -3.407889082041038e-9 -1.8433006232498883e-9 -7.88060239287347e-9
807	(  -1.7036476111314899917    1.580050830629609937     1.7984887989077100734   -0.55138907200656994689  -1.030743576569040032   )	0.06383291525445121 -5.495479626915767e-10 -2.1350254897356535e-10 1.1513678899177648e-10
808	(  -1.7036476108314899669    1.5800508306300600214    1.7984887989053099933   -0.55138907197848996411  -1.0307435765692500862  )	0.06383291529447228 -1.6094805488364727e-9 -7.23483495335131e-11 2.7306819028183327e-9
809	(  -1.7036476111246801057    1.5800508306278799875    1.7984887991077100899   -0.55138907197945996597  -1.0307435765537100725  )	0.06383291524706172 7.967670967445883e-11 2.813771438070489e-10 1.6147527759358127e-10
810	(  -1.7036476111042500037    1.5800508306226899169    1.7984887997077099175   -0.55138907189813002319  -1.0307435765077199719  )	0.06383291522489334 1.967354279486244e-9 1.7660171103273115e-9 3.0049296384504487e-10
811	(  -1.7036476109246800892    1.5800508305116101049    1.7984887989921300999   -0.55138907206359999424  -1.0307435763055099454  )	0.06383291530738315 -1.8038157634236995e-9 1.4028556094558553e-10 1.032100183095963e-9
812	(  -1.7036476113246799002    1.5800508307441500921    1.79848879922329008     -0.55138907189532004871  -1.0307435768019099775  )	0.06383291518674021 1.9631745118431354e-9 4.22469614846932e-10 -7.091460751951217e-10
813	(  -1.7036476110716300969    1.5800508308034200144    1.7984887986077100486   -0.55138907185243002385  -1.0307435769284198912  )	0.06383291525846059 -7.124700829308495e-10 -5.71319436204476e-10 1.9381327653889002e-9
814	(  -1.7036476111777298925    1.5800508304523499525    1.7984887996077099093   -0.55138907210649001911  -1.0307435761790000317  )	0.06383291523566177 8.718554767028763e-10 1.1340919314761777e-9 -1.6151062709468533e-9
815	(  -1.7036476110710900844    1.5800508301278799461    1.7984887992839799775   -0.55138907185113994469  -1.0307435769322199626  )	0.06383291526732875 -4.1014658336280263e-10 -7.215574804320113e-10 -3.116744196063337e-9
816	(  -1.7036476110914999804    1.5800508307376599504    1.7984887992168399062   -0.55138907247946000734  -1.0307435767880499533  )	0.06383291502842502 1.7405561436589778e-9 -2.571675317142308e-9 1.2725998033147334e-9
817	(  -1.703647611157860009     1.5800508305181000246    1.7984887989985800516   -0.55138907147946003562  -1.0307435763193699696  )	0.06383291546569843 -1.5812009479532207e-9 3.1344296047564058e-9 -9.496474717707315e-10
818	(  -1.703647611178269905     1.5800508311278800289    1.7984887989314399803   -0.55138907210777998724  -1.0307435761751999603  )	0.0638329152267947 5.695000027117203e-10 1.2843126562245288e-9 3.439696527607339e-9
819	(  -1.7036476112757799051    1.5800508301278799461    1.7984887986106599111   -0.55138907234129996837  -1.0307435763810699481  )	0.0638329152497633 -2.7302746730129e-9 -2.7920936673808683e-9 -4.899029626415086e-9
820	(  -1.7036476109735800843    1.5800508311278800289    1.7984887996047600467   -0.55138907161761996356  -1.0307435767263499748  )	0.06383291524436017 2.8896298687186572e-9 3.354848843173386e-9 5.221981957959088e-9
821	(  -1.7036476110734599665    1.5800508305930600628    1.7984887991907398952   -0.55138907192861996709  -1.030743576753710089   )	0.06383291523021903 4.5000980719578365e-10 6.057154777749929e-11 3.466720244205135e-10
822	(  -1.7036476111759000229    1.5800508306626999122    1.7984887990246800626   -0.55138907203029996484  -1.0307435763537100559  )	0.06383291526390436 -2.90656387846866e-10 5.021831839258084e-10 -2.3718804698091844e-11
823	(  -1.7036476111433001002    1.5800508305506100193    1.7984887993077101065   -0.55138907199793996128  -1.0307435764810000123  )	0.06383291524070289 4.888267568503579e-10 5.636353606064404e-10 -5.793805435416743e-10
824	(  -1.7036476110246800975    1.5800508305243901042    1.7984887990672799862   -0.55138907200422004884  -1.0307435764563299685  )	0.06383291528152943 -9.069598405631041e-10 1.7223600323745814e-10 2.5709301354481795e-10
825	(  -1.7036476111060598893    1.5800508307051499557    1.7984887989077100734   -0.55138907196097997065  -1.0307435766264199106  )	0.06383291525342055 -3.2946978478776145e-10 -8.79296635503124e-13 9.02333763264096e-10
826	(  -1.7036476111142599965    1.5800508306711100737    1.7984887991245999128   -0.55138907217945998251  -1.0307435765943899764  )	0.06383291517104289 5.4595439280547e-10 -7.570828408631769e-10 5.759850374431608e-10
827	(  -1.703647611224679892     1.5800508307313700929    1.7984887991481399716   -0.55138907195469999412  -1.0307435766510899544  )	0.06383291521259396 1.0663132599120217e-9 3.9051961664426926e-10 6.586020617760369e-11
828	(  -1.7036476111350999929    1.5800508305846499013    1.798488799090820045    -0.55138907177945994942  -1.0307435765130299465  )	0.06383291532308055 -3.866009734565523e-10 1.3198380166556944e-9 -2.53032261809949e-10
829	(  -1.7036476111728799943    1.5800508304278799709    1.7984887990295799209   -0.55138907202730003121  -1.0307435766128700827  )	0.0638329152466349 -4.944293863218263e-10 -6.114251327460352e-10 -1.7561490039952332e-9
830	(  -1.7036476110764799952    1.580050830827880004     1.7984887991858400369   -0.55138907193162001175  -1.0307435764945500623  )	0.06383291524748852 6.537845820275834e-10 1.1741789762709232e-9 2.079102223717655e-9
831	(  -1.7036476111237699449    1.5800508306157099447    1.7984887991087199488   -0.55138907207945997424  -1.0307435765462600319  )	0.06383291521782589 1.3666934250977647e-10 -2.3374724378300016e-10 7.825073922163028e-11
832	(  -1.7036476111210399065    1.5800508305792000385    1.7984887991117499695   -0.55138907237945999906  -1.0307435765239099101  )	0.06383291513011843 3.076525700862476e-10 -1.7791199624639376e-9 -1.7142598451869162e-10
833	(  -1.7036476111049299043    1.5800508305511700158    1.798488799181380049    -0.55138907209938003984  -1.0307435764462600236  )	0.06383291523054105 -5.4299675866786856e-11 -6.198286328640279e-11 -2.4108759433261184e-10
834	(  -1.7036476110484100044    1.5800508303575500069    1.7984887993993599054   -0.55138907215914001458  -1.0307435761462599988  )	0.06383291526868654 -6.272138364238344e-10 4.53311166381809e-10 -1.1991074799766466e-9
835	(  -1.703647611097780068     1.5800508305529699093    1.7984887991493199166   -0.55138907208388998615  -1.0307435766462600402  )	0.06383291520506369 2.0692247915121698e-10 -5.809597247719012e-10 -1.6535262048478216e-10
836	(  -1.7036476111120799626    1.5800508305493699002    1.7984887992134399592   -0.5513890721148699825   -1.0307435762462600071  )	0.0638329152560184 -3.155236072416301e-10 4.5699444228830544e-10 -3.168278972509597e-10
837	(  -1.703647611004929896     1.5800508305415899013    1.7984887993515399351   -0.55138907218162003243  -1.0307435764656200927  )	0.06383291519580299 3.1736036021356995e-10 -2.875677473923588e-10 5.578848494280919e-10
838	(  -1.7036476112049299125    1.5800508305607499082    1.7984887990112199407   -0.55138907201714004724  -1.0307435764268999545  )	0.06383291526527911 -4.2596326466082246e-10 1.6360157673034337e-10 -1.0400622585393648e-9
839	(  -1.7036476111489700092    1.580050830540050022     1.7984887993789100413   -0.55138907189938002329  -1.0307435764687400415  )	0.06383291526782264 5.969145178141844e-10 1.1988934289774988e-9 -7.078408970073724e-10
840	(  -1.7036476110608900214    1.5800508305622900096    1.7984887989838500566   -0.55138907229937994536  -1.0307435764237800058  )	0.06383291519325945 -7.055138695477581e-10 -1.3228578232826749e-9 2.2566348789609947e-10
841	(  -1.7036476110126699268    1.5800508305744600523    1.7984887990667299817   -0.55138907189938002329  -1.030743576399169914   )	0.06383291532039052 -1.025084017669542e-9 9.593197347612659e-10 7.366773857597764e-10
842	(  -1.7036476111971901037    1.5800508305278799792    1.7984887992960298941   -0.55138907229937994536  -1.0307435764933499112  )	0.0638329151406916 9.164811132222894e-10 -1.0832841290664419e-9 -1.2188547948710493e-9
843	(  -1.7036476111063199035    1.5800508310511700572    1.7984887991876099544   -0.55138907210238996548  -1.0307435764469699002  )	0.0638329151731306 1.5576784306858826e-9 8.296359155224309e-10 3.4916500801784878e-9
844	(  -1.703647611103539905     1.5800508300511699744    1.7984887991751499214   -0.55138907209637000317  -1.030743576445549925   )	0.06383291528795158 -1.6662795587762957e-9 -9.536007539168168e-10 -3.973825712932921e-9
845	(  -1.7036476110549299001    1.5800508305178500024    1.7984887992343299157   -0.5513890721515799509   -1.0307435764032999437  )	0.06383291522492143 -1.7049828215931484e-10 -1.8882984065271557e-10 -5.5282001198975195e-11
846	(  -1.7036476111549299084    1.5800508305844900292    1.7984887991284299602   -0.55138907204718001775  -1.0307435764892300956  )	0.06383291523615899 6.191491763729573e-11 6.483746872731899e-11 -4.2689451973387804e-10
847	(  -1.7036476110734499745    1.5800508306150000681    1.7984887992379099408   -0.55138907199938003156  -1.0307435765285699603  )	0.06383291523899856 3.028883810429761e-10 4.3058312471089266e-10 5.11081843512784e-10
848	(  -1.7036476110739000589    1.5800508306140998993    1.7984887990813800407   -0.55138907215874999324  -1.0307435765274099992  )	0.06383291520377159 -8.809841745005542e-11 -6.365112881212553e-10 5.004205938519135e-10
849	(  -1.7036476110769100956    1.5800508306079898979    1.7984887990911000433   -0.55138907201037001826  -1.0307435763462600153  )	0.0638329152813225 -5.992575324853533e-10 6.319873513405128e-10 4.2844972014677296e-10
850	(  -1.7036476111359599717    1.5800508304882399102    1.7984887992813800572   -0.55138907204000997542  -1.030743576365110048   )	0.06383291525731051 -2.050271064035769e-11 5.125460056376596e-10 -9.82601999766075e-10
851	(  -1.7036476111364100561    1.5800508304873399634    1.798488799124849935    -0.55138907219938004811  -1.030743576363950087   )	0.06383291522208351 -4.114877327765498e-10 -5.545488512836982e-10 -9.932605848916864e-10
852	(  -1.703647611132949935     1.5800508304943599036    1.7984887992716600547   -0.55138907218838995039  -1.0307435765462600319  )	0.06383291517975848 4.906883788180494e-10 -7.559344261665046e-10 -9.105542986276305e-10
853	(  -1.7036476111116301002    1.5800508307511700323    1.798488799202959898    -0.55138907212065002561  -1.0307435764287500302  )	0.06383291520171974 6.655298534496978e-10 2.704667600994526e-10 1.198507959543349e-9
854	(  -1.7036476110982299303    1.5800508303511699992    1.7984887991597999779   -0.55138907207811005406  -1.0307435764637700171  )	0.06383291525936235 -7.741327578969504e-10 -3.9443248667225816e-10 -1.6806862568330416e-9
855	(  -1.7036476110849299026    1.5800508305578300217    1.798488799179170039    -0.55138907209840004597  -1.0307435764446299942  )	0.06383291523266833 -1.1379164277514064e-10 -4.395195318807055e-11 -1.7061907442439406e-11
856	(  -1.7036476110249298976    1.5800508305778100393    1.7984887991725400092   -0.55138907209545995336  -1.0307435764397399058  )	0.06383291523905027 -2.922604380728444e-10 1.014033301771633e-11 6.550173736741272e-10
857	(  -1.7036476110761400449    1.5800508305608100823    1.7984887991811899788   -0.55138907210134002757  -1.0307435764946299983  )	0.0638329152235897 -2.0740742456837324e-11 -1.8839951820837086e-10 8.179412702702393e-11
858	(  -1.7036476110937199824    1.580050830554849961     1.7984887991771500992   -0.55138907209545995336  -1.03074357639462999    )	0.06383291524174702 -2.0683899037976516e-10 1.0049650001064947e-10 -1.1591883009032244e-10
859	(  -1.7036476111058400651    1.5800508305507399154    1.7984887992291700431   -0.5513890720914199628   -1.0307435764468000361  )	0.06383291522827149 1.1167600177941495e-10 5.228972810300547e-11 -2.522342334998484e-10
860	(  -1.7036476110640199622    1.5800508305649199059    1.7984887991291700349   -0.55138907210538001813  -1.0307435764424599522  )	0.06383291523706523 -3.3925751097285683e-10 -1.4019363447914657e-10 2.181068659012908e-10
861	(  -1.7036476110508700366    1.5800508305693901079    1.7984887991869900059   -0.55138907204840004184  -1.030743576441089937   )	0.06383291525066087 -2.276205890439087e-10 2.5664048663998074e-10 3.6608716058594837e-10
862	(  -1.7036476111189899907    1.5800508305462699354    1.7984887991713500721   -0.55138907214840005011  -1.0307435764481700513  )	0.06383291521467577 4.085620730620576e-14 -3.4454439301612183e-10 -4.002136400060863e-10
863	(  -1.7036476110997300637    1.5800508306578300299    1.798488799175770092    -0.5513890720934599976   -1.0307435764461700956  )	0.0638329152216699 2.381455033173552e-10 1.5173862166761865e-10 6.030371757503872e-10
864	(  -1.7036476110349298985    1.5800508306004499293    1.7984887992080100805   -0.551389072140350045    -1.0307435764315799887  )	0.06383291521913027 -2.637534635141492e-11 -1.0195222444053798e-10 7.375091648498255e-10
865	(  -1.7036476111349299067    1.580050830515209892     1.7984887991503299975   -0.55138907205645004694  -1.0307435764576799997  )	0.06383291524620639 -2.0120616284202697e-10 1.404787397518703e-11 -7.716356442699634e-10
866	(  -1.7036476110701299636    1.5800508304578300134    1.798488799182569986    -0.55138907210333998332  -1.0307435764430898928  )	0.0638329152436668 -4.657252361539577e-10 -2.396420839545499e-10 -6.371636551705251e-10
867	(  -1.7036476110845599763    1.5800508305592699809    1.7984887991991700407   -0.55138907209430998435  -1.0307435764510199938  )	0.06383291523080724 -2.9897861963945616e-11 -6.298961352513288e-12 -3.056221942188131e-12
868	(  -1.7036476110834499753    1.5800508305635900808    1.7984887992591700456   -0.55138907208204002153  -1.0307435764701899927  )	0.06383291522522391 2.2177815139912127e-10 1.0665868188652894e-10 3.8965719539874044e-11
869	(  -1.7036476111045599779    1.5800508305813401044    1.7984887991790399209   -0.55138907208126997084  -1.0307435764584200744  )	0.06383291523115066 3.645972412869014e-11 4.838973666210222e-11 -1.1902923091611228e-11
870	(  -1.7036476110645599746    1.5800508305372000795    1.7984887992192999384   -0.55138907210734999786  -1.0307435764436199133  )	0.0638329152304638 -9.625544805658137e-11 -6.098810345633865e-11 5.792255564074367e-12
871	(  -1.7036476110814100515    1.5800508305558000899    1.7984887991928799611   -0.55138907209636001117  -1.0307435765010199979  )	0.06383291522295911 3.111466639893479e-11 -1.708908570208223e-10 -1.617372902273928e-12
872	(  -1.7036476110877099011    1.580050830562740094     1.7984887992054598982   -0.55138907209225995754  -1.0307435764010199897  )	0.06383291523865535 -9.091216668366542e-11 1.5829249022658587e-10 -4.493738714472784e-12
873	(  -1.7036476110903899794    1.5800508305656999486    1.798488799210840039    -0.55138907214430998849  -1.0307435764531800437  )	0.06383291521205714 1.1185541382019437e-10 -2.399365151006805e-10 -5.661693336378448e-12
874	(  -1.7036476110787299731    1.5800508305528400133    1.7984887991875000424   -0.55138907204430998021  -1.0307435764488599439  )	0.06383291524955738 -1.716511377480856e-10 2.273385923956539e-10 -4.516387264175137e-13
875	(  -1.7036476110854998911    1.5800508305868399272    1.7984887992491700448   -0.55138907207801002297  -1.030743576460259936   )	0.06383291522638046 2.4135005105563323e-10 1.808189153962303e-10 1.9525092653793763e-10
876	(  -1.7036476110836200615    1.5800508305317000346    1.7984887991491700365   -0.55138907211060994573  -1.0307435764417800517  )	0.063832915235234 -3.0114577498352446e-10 -1.9341728219046672e-10 -2.0136203815468434e-10
877	(  -1.7036476110730600642    1.5800508306092699851    1.7984887991761699944   -0.55138907210180998497  -1.0307435764467700601  )	0.0638329152270162 5.702105454474804e-12 2.034772350612002e-11 4.715605683713875e-10
878	(  -1.7036476110960601105    1.5800508305092699768    1.798488799222170087    -0.55138907208680998373  -1.0307435764552699275  )	0.06383291523459826 -6.549782938236604e-11 -3.2946090300356445e-11 -4.776743445233933e-10
879	(  -1.7036476110866900502    1.5800508305551999033    1.7984887992073699259   -0.55138907208998000353  -1.0307435764710199955  )	0.06383291522821061 3.044675622732029e-11 -3.348610277953412e-11 -5.2086335244894144e-11
880	(  -1.7036476110945599771    1.5800508305667599895    1.7984887991840698973   -0.55138907210229004541  -1.0307435764562100644  )	0.06383291522699211 -6.972200594645983e-12 -7.212319630411912e-11 -3.40305561508103e-11
881	(  -1.7036476110745599755    1.5800508305517799723    1.798488799214269962    -0.55138907208633003432  -1.0307435764458299232  )	0.06383291523462238 -5.282529969008465e-11 5.952349724225314e-11 2.7919000444853737e-11
882	(  -1.7036476110824299024    1.5800508305633400585    1.7984887991909699334   -0.55138907209863996517  -1.0307435764310199922  )	0.06383291523340393 -9.024425651205092e-11 2.0887735985297695e-11 4.597477953893758e-11
883	(  -1.7036476110886100699    1.5800508305515199581    1.7984887992147999825   -0.55138907211430998601  -1.0307435764456500671  )	0.06383291522426919 2.6616930881573353e-11 -8.381118021816292e-11 -9.636602626983404e-11
884	(  -1.7036476110805101047    1.5800508305670200038    1.7984887991835400989   -0.5513890720743099827   -1.0307435764563899205  )	0.06383291523734527 -8.641265480946458e-11 7.121281342392649e-11 9.025269420703808e-11
885	(  -1.7036476110881899615    1.5800508305792699826    1.798488799213139977    -0.55138907208692000683  -1.0307435764462200556  )	0.06383291523001744 7.787726019614638e-11 1.0306289155437298e-10 1.1513057174283858e-10
886	(  -1.7036476110809399831    1.5800508305392699793    1.7984887991852001043   -0.55138907210169996187  -1.030743576455819932   )	0.063832915231596 -1.37639233344089e-10 -1.1566125834860941e-10 -1.213287248447159e-10
887	(  -1.7036476110747500456    1.5800508305780400775    1.7984887991975300192   -0.55138907211430998601  -1.0307435764640100473  )	0.06383291522130818 3.892708377861709e-11 -1.1401946053979373e-10 2.2294344148576783e-10
888	(  -1.7036476110943699069    1.5800508305405001064    1.7984887992008100621   -0.5513890720743099827   -1.0307435764380299403  )	0.06383291524030628 -9.872280770650832e-11 1.01421981923977e-10 -2.2905455310251455e-10
889	(  -1.7036476110851399568    1.5800508305596800973    1.7984887992091700415   -0.55138907209388998698  -1.0307435764503500852  )	0.06383291522997322 7.499778575947857e-12 1.425037865487866e-11 -5.03419528286031e-12
890	(  -1.7036476110868798983    1.5800508305609100024    1.798488799239170044    -0.55138907209262999487  -1.0307435764483399154  )	0.0638329152274713 1.1969092383878888e-10 7.58992868554742e-11 -1.0972112107765497e-11
891	(  -1.7036476110951399576    1.58005083055364004      1.7984887992276299418   -0.5513890720944899515   -1.0307435764484600416  )	0.06383291522794192 8.565059772536188e-11 3.467404141588304e-11 -1.3734524628716827e-10
892	(  -1.7036476110951399576    1.5800508305680300847    1.7984887991975899713   -0.5513890720944899515   -1.0307435764484600416  )	0.06383291522927599 2.3071322630130453e-11 1.3089529460330596e-11 -2.956834777023687e-11
893	(  -1.7036476110872900147    1.5800508305496800965    1.7984887991900000426   -0.55138907209487997285  -1.0307435764472199224  )	0.06383291523295329 -9.109157872444484e-11 -3.049605012961365e-11 -9.865264161135201e-11
894	(  -1.703647611075139956     1.5800508305657199326    1.7984887991907099192   -0.55138907209329002246  -1.0307435764522399069  )	0.06383291523200466 -7.065281693030556e-11 -6.17284001691587e-12 1.2727507936460825e-10
895	(  -1.703647611075139956     1.5800508305513301099    1.7984887992207498897   -0.55138907209329002246  -1.0307435764522399069  )	0.06383291523067057 -8.073541835074138e-12 1.5412116027846423e-11 1.94995131153064e-11
896	(  -1.7036476110828799868    1.5800508305610498905    1.7984887992117899458   -0.55138907209374998786  -1.0307435764403500844  )	0.06383291523154667 -7.217337838483218e-12 4.914424422963748e-11 2.490319062076196e-11
897	(  -1.7036476110844500642    1.5800508305600999837    1.7984887992099700682   -0.55138907210388998781  -1.0307435764504799813  )	0.06383291522671207 2.064837190118851e-11 -3.562572459259172e-11 4.118483332149481e-12
898	(  -1.7036476110873999268    1.5800508305583100821    1.7984887992065499152   -0.5513890720940299861   -1.0307435764603500861  )	0.06383291522839984 2.2215118633539532e-11 -2.064393100909001e-11 -3.497291345411213e-11
899	(  -1.7036476110858300714    1.5800508305592599889    1.7984887992083700148   -0.55138907208388998615  -1.0307435764502199671  )	0.06383291523323441 -5.650591106132197e-12 6.412648190234904e-11 -1.4190426611548901e-11
900	(  -1.7036476110829898989    1.5800508305696800981    1.7984887992283400404   -0.55138907209290000111  -1.030743576453480026   )	0.06383291522699322 1.0609113587634056e-10 5.899813970700052e-11 8.858336286721169e-11
901	(  -1.703647611085330027     1.5800508305546800969    1.7984887992137399415   -0.55138907209501997198  -1.0307435764502699271  )	0.06383291522971685 9.867662242868391e-12 6.8758332361085195e-12 -4.4137582477787873e-11
902	(  -1.7036476110901399572    1.5800508305595100111    1.7984887992079099384   -0.55138907209358001271  -1.0307435764503700693  )	0.06383291522969507 1.9165113940289302e-11 1.3495871087343403e-11 -4.984457291357103e-11
903	(  -1.7036476110851199728    1.5800508305596099312    1.798488799208660005    -0.55138907209375997986  -1.0307435764453500848  )	0.0638329152309263 -5.0750514901665156e-12 2.7772895094813066e-11 -5.3859139370615594e-12
904	(  -1.7036476110851599408    1.5800508305597500414    1.798488799209680078    -0.5513890720940199941   -1.0307435764553500857  )	0.06383291522902018 2.007460864206223e-11 7.274181257344026e-13 -4.6846970747083105e-12
905	(  -1.7036476110847300625    1.5800508305583300661    1.7984887991991700407   -0.55138907209809995269  -1.0307435764505199494  )	0.06383291522977218 -2.913935759352171e-11 -2.6143531783873186e-11 -1.1576961611581282e-11
906	(  -1.7036476110859699595    1.5800508305623999217    1.7984887992159599435   -0.55138907209888998739  -1.0307435764500099129  )	0.06383291522738753 4.815881027298019e-11 5.0395243533785106e-12 8.109513061071993e-12
907	(  -1.7036476110843099541    1.5800508305569600509    1.7984887992023799175   -0.55138907208888998657  -1.0307435764506900355  )	0.06383291523255896 -3.3162805834763276e-11 2.3461232956378808e-11 -1.8179679983632013e-11
908	(  -1.7036476110849501087    1.5800508305646800977    1.7984887992045999194   -0.55138907209276000199  -1.0307435764504300213  )	0.06383291523022966 5.133671265866724e-12 2.16249240736488e-11 3.4066527376808153e-11
909	(  -1.7036476110801399564    1.5800508305598499614    1.7984887992104299226   -0.55138907209419996125  -1.0307435764503301012  )	0.06383291523025142 -4.169109502072388e-12 1.5004442133204066e-11 3.977351781259131e-11
910	(  -1.7036476110855500732    1.5800508305610299065    1.7984887992191700423   -0.55138907208968002127  -1.0307435764501799991  )	0.06383291523017434 4.4138914745417424e-11 5.4644289093630505e-11 1.5050183321818622e-12
911	(  -1.7036476110850500287    1.5800508305595000191    1.7984887992041700411   -0.55138907209415000121  -1.0307435764521000188  )	0.0638329152301098 -7.467804152838653e-12 -1.3855583347321954e-13 -5.60085311462899e-12
912	(  -1.7036476110847800225    1.5800508305589600067    1.7984887991891700398   -0.55138907209493004391  -1.0307435764573500414  )	0.06383291523051945 -5.2365223268679983e-11 -4.3304027030899306e-11 -7.292833004157728e-12
913	(  -1.7036476110848099985    1.5800508305591600688    1.7984887992141700419   -0.55138907209457999059  -1.0307435764515100463  )	0.0638329152291593 2.5869084652185848e-11 1.4461321029557439e-11 -6.056044554725304e-12
914	(  -1.7036476110868099543    1.5800508305575000634    1.7984887992022899894   -0.55138907209666998543  -1.0307435764486601038  )	0.06383291523011776 -1.886668599127006e-11 -1.020916684524309e-11 -3.590328034874801e-11
915	(  -1.7036476110858700395    1.5800508305606499881    1.798488799205250066    -0.55138907209915000163  -1.0307435764540699985  )	0.06383291522786362 1.2422063377925951e-11 -2.7563284987763836e-11 -4.127365116346482e-12
916	(  -1.703647611085290059     1.5800508305598399694    1.7984887991941700403   -0.55138907209372001184  -1.0307435764526899913  )	0.06383291523106026 -4.080291660102375e-11 -1.4737544518084178e-11 -5.143885317693275e-12
917	(  -1.703647611084230018     1.5800508305583500501    1.7984887992030900161   -0.5513890720891500008   -1.030743576450130039   )	0.06383291523235597 -2.7354118969924457e-11 2.7286617410027247e-11 -7.072564756072097e-12
918	(  -1.703647611083050073     1.5800508305598799375    1.7984887992015399227   -0.55138907209768994733  -1.0307435764472900885  )	0.0638329152302226 -2.8554936193359026e-11 -8.594014389018412e-12 1.4659384817150567e-11
919	(  -1.7036476110832901032    1.5800508305614999749    1.7984887992060500927   -0.55138907209163001699  -1.0307435764555399338  )	0.06383291523010186 3.931077685592754e-12 9.93294335671635e-12 2.4703350476329433e-11
920	(  -1.703647611086479996     1.5800508305614999749    1.7984887992060500927   -0.55138907209163001699  -1.0307435764472701045  )	0.06383291523118219 -2.248867758680717e-12 3.2732483390418565e-11 -3.071765064532883e-12
921	(  -1.7036476110870499845    1.5800508305591201008    1.7984887992067999374   -0.5513890720906100551   -1.030743576456919941   )	0.06383291522999533 1.3638867812915123e-11 8.289369191061269e-12 -2.5859758778778996e-11
922	(  -1.7036476110836200615    1.5800508305575000634    1.7984887992022899894   -0.55138907209666998543  -1.030743576456929933   )	0.06383291522903745 -1.2684964190157189e-11 -3.3008706878945304e-11 -8.128164807885696e-12
923	(  -1.7036476110848199905    1.5800508305594100911    1.7984887992035900606   -0.55138907209392995501  -1.0307435764540999745  )	0.06383291522992945 -6.7412742055239505e-12 -5.595968133320639e-12 -4.270805931128052e-12
924	(  -1.7036476110852800669    1.5800508305595899472    1.7984887992047500216   -0.55138907209437004742  -1.030743576450100063   )	0.06383291523029015 -8.194334100153355e-12 5.3197446447939e-12 -6.930012119710227e-12
925	(  -1.70364761108419005      1.5800508305591500768    1.7984887992091700415   -0.55138907209332999049  -1.0307435764517800525  )	0.06383291523006478 4.9187320882992935e-12 1.2240874980307126e-11 -7.327471962526033e-13
926	(  -1.7036476110844500642    1.580050830560500108     1.7984887992026399317   -0.55138907209357002071  -1.0307435764518799726  )	0.06383291523043214 -1.2947865002388426e-11 2.83817414015175e-12 7.115197320217703e-12
927	(  -1.7036476110858300714    1.5800508305598199854    1.7984887992061400208   -0.55138907209215004546  -1.030743576452390009   )	0.06383291523038905 1.680433570072637e-12 1.3057555037221391e-11 -9.99600402451506e-12
928	(  -1.703647611085360003     1.5800508305603100379    1.7984887992091700415   -0.55138907209603005288  -1.0307435764528301014  )	0.06383291522877625 1.7713830402499298e-11 -2.48334686148155e-12 -2.2324364579162648e-12
929	(  -1.7036476110856499933    1.5800508305584999302    1.7984887992056999284   -0.55138907209472998172  -1.030743576452320065   )	0.06383291522978746 -1.98596694644948e-12 -3.1157298963080393e-12 -1.8314239014216582e-11
930	(  -1.703647611084269986     1.5800508305591800529    1.7984887992022100534   -0.55138907209614995697  -1.0307435764518100285  )	0.06383291522982956 -1.6578738382122538e-11 -1.3318235403403378e-11 -1.2043699371133698e-12
931	(  -1.7036476110859100075    1.5800508305598499614    1.7984887991991700407   -0.55138907209497001194  -1.030743576452419985   )	0.06383291523015482 -1.98507876802978e-11 -1.2517098468833865e-11 -1.0467182676165976e-11
932	(  -1.7036476110847400545    1.5800508305586900004    1.7984887991991700407   -0.55138907209226994954  -1.0307435764513699361  )	0.06383291523144333 -3.26458859944978e-11 2.206679283744961e-12 -8.967493414502314e-12
933	(  -1.7036476110848499665    1.5800508305600000636    1.7984887992050000438   -0.55138907209429999234  -1.0307435764517500765  )	0.06383291523000562 -4.1389114358025836e-12 2.2644108810254693e-12 -1.1324274851176597e-13
934	(  -1.703647611084250002     1.5800508305614999749    1.798488799207490052    -0.55138907209474996574  -1.0307435764507000275  )	0.0638329152296932 5.844214001626824e-12 9.471978756891986e-12 1.6345591546951255e-11
935	(  -1.7036476110850300447    1.5800508305603200299    1.7984887992037199567   -0.55138907209319998337  -1.0307435764537500322  )	0.0638329152300861 -4.209965709378594e-12 9.725553695716371e-13 7.158718062783009e-13
936	(  -1.7036476110855700572    1.5800508305612799287    1.7984887991998799173   -0.55138907208989995645  -1.0307435764597498995  )	0.06383291523032757 -4.419575816427823e-12 -2.9025670755800093e-12 3.2023272922288015e-12
937	(  -1.7036476110852301069    1.5800508305603699899    1.7984887992067200013   -0.55138907209108001251  -1.0307435764587500326  )	0.06383291522959027 1.539213201340317e-11 2.943423282886215e-12 -6.514788708500419e-13
938	(  -1.7036476110849900767    1.5800508305623199856    1.7984887992031999282   -0.55138907209357002071  -1.0307435764538599443  )	0.0638329152297821 7.407408020299044e-13 1.5374368445009168e-12 1.6042278616623662e-11
939	(  -1.7036476110850700127    1.5800508305583200741    1.7984887992042399851   -0.55138907209282994604  -1.0307435764536398981  )	0.06383291523039013 -9.157119507108291e-12 4.0811798385220754e-13 -1.461097909327691e-11
940	(  -1.7036476110870300005    1.5800508305602800618    1.7984887992015099467   -0.55138907209475995774  -1.0307435764542400847  )	0.0638329152295198 -2.7391422463551862e-12 -1.198197097096454e-11 -1.6997958596220997e-11
941	(  -1.703647611083030089     1.5800508305603599979    1.7984887992059299666   -0.551389072091640009    -1.0307435764532599798  )	0.06383291523065243 -5.6754601018838e-12 1.3927081710107814e-11 1.842925811956775e-11
942	(  -1.7036476110848299825    1.5800508305602700698    1.798488799200719912    -0.55138907209531995424  -1.0307435764487500318  )	0.06383291523058199 -2.3808510718481557e-11 -9.987566329527908e-13 2.0836665726164938e-12
943	(  -1.7036476110845499843    1.5800508305601999037    1.7984887992083500308   -0.55138907209819998378  -1.0307435764552999036  )	0.06383291522784004 1.91384685876983e-11 -2.1969093211282598e-11 3.9963587994407135e-12
944	(  -1.7036476110855101052    1.5800508305604399339    1.7984887991990901046   -0.55138907208819998296  -1.0307435764521999388  )	0.06383291523233221 -2.7556623649616085e-11 2.3915536218055422e-11 -2.566391543723512e-12
945	(  -1.7036476110857099453    1.580050830560489894     1.7984887992137199575   -0.55138907209200005433  -1.0307435764515600063  )	0.06383291522977598 2.8776980798284058e-11 2.930011788748743e-11 -3.9324099532223045e-12
946	(  -1.7036476110843499221    1.5800508305601499437    1.7984887991937199558   -0.55138907209440002344  -1.0307435764559400582  )	0.0638329152303963 -3.7195135860201844e-11 -2.7356783505183557e-11 5.363709476569056e-12
947	(  -1.7036476110850500287    1.5800508305603100379    1.7984887992037899007   -0.55138907209322995939  -1.030743576455749988   )	0.06383291522972796 2.362554596402333e-13 -4.603428749305749e-12 4.658495811327157e-13
948	(  -1.7036476110850100607    1.5800508305603300219    1.7984887992036500126   -0.55138907209317000735  -1.0307435764517500765  )	0.06383291523044424 -8.65441052155802e-12 6.548095399239173e-12 9.64561763794336e-13
949	(  -1.7036476110857798894    1.5800508305613198967    1.7984887992061799888   -0.5513890720941300172   -1.0307435764537100642  )	0.063832915229368 1.1297629498585593e-11 1.9748647162032285e-12 1.6746604103445861e-12
950	(  -1.7036476110849299026    1.5800508305594600511    1.7984887992087199571   -0.55138907209510001906  -1.0307435764536800882  )	0.06383291522911047 1.2668976978602586e-11 -2.2732926652224705e-12 -4.853450974451334e-12
951	(  -1.7036476110859399835    1.5800508305598099934    1.7984887992067000173   -0.55138907209120002761  -1.0307435764537100642  )	0.06383291523040184 5.710987238671805e-12 1.518118963872439e-11 -1.1027623258996755e-11
952	(  -1.703647611084279978     1.580050830559319941     1.7984887992012599245   -0.55138907209226994954  -1.0307435764537900003  )	0.06383291523080428 -1.971578456050338e-11 -3.019806626980426e-14 -2.433608869978343e-13
953	(  -1.7036476110851299648    1.5800508305611800086    1.7984887991987199563   -0.55138907209129994769  -1.0307435764538199763  )	0.06383291523106183 -2.1087132040520373e-11 4.218403404365745e-12 6.286526854637486e-12
954	(  -1.7036476110841201059    1.5800508305608300663    1.798488799200739896    -0.55138907209520005015  -1.0307435764537900003  )	0.06383291522977036 -1.4125589586910792e-11 -1.3236967078000816e-11 1.2458478693133657e-11
955	(  -1.7036476110840299558    1.5800508305608800264    1.798488799208610045    -0.55138907209195997527  -1.0307435764537999923  )	0.06383291523003587 1.0476952638782677e-11 1.59592339343817e-11 1.361755153084232e-11
956	(  -1.7036476110860299116    1.5800508305597600334    1.7984887991988300904   -0.55138907209443999147  -1.0307435764537000722  )	0.06383291523013636 -1.8896884057539864e-11 -1.4013679106028576e-11 -1.2185363829075868e-11
957	(  -1.7036476110851399568    1.5800508305602800618    1.798488799204120081    -0.55138907209312004731  -1.0307435764547498991  )	0.06383291522989526 -5.471179065352771e-13 -8.117950756059145e-13 -5.409006575973763e-13
958	(  -1.7036476110854699151    1.5800508305601599357    1.7984887992053200101   -0.5513890720928800171   -1.0307435764577499437  )	0.06383291522932265 1.043076736095827e-11 -6.165734589558269e-12 -4.312994406063808e-12
959	(  -1.7036476110851399568    1.5800508305603100379    1.7984887992040499149   -0.55138907209211995841  -1.0307435764544699008  )	0.06383291523026506 -2.3856472353145364e-12 5.056843832562663e-12 -3.1663560662309465e-13
960	(  -1.7036476110851399568    1.5800508305602500858    1.7984887992041900251   -0.55138907209412002519  -1.0307435764550298973  )	0.06383291522952553 1.2896350654045818e-12 -6.680433983774492e-12 -7.651657085716579e-13
961	(  -1.7036476110850800048    1.5800508305607801063    1.7984887992030800241   -0.55138907209330001447  -1.0307435764532399958  )	0.06383291523014736 -5.828226790072222e-12 1.6791013024430868e-12 3.7263525598518754e-12
962	(  -1.7036476110851999088    1.5800508305597800174    1.7984887992051599159   -0.55138907209293996914  -1.0307435764562600244  )	0.06383291522964317 4.732214620162267e-12 -3.303579632074616e-12 -4.808153875046628e-12
963	(  -1.7036476110851699328    1.5800508305606799642    1.7984887992046298955   -0.55138907209303000823  -1.0307435764567500769  )	0.06383291522948575 6.675549002466141e-12 -4.3374193126055616e-12 2.1933566074494593e-12
964	(  -1.7036476110851099808    1.5800508305598799375    1.7984887992036100446   -0.55138907209320997538  -1.0307435764527499433  )	0.06383291523030478 -7.773337529215496e-12 2.7129409829740325e-12 -3.276490190273762e-12
965	(  -1.7036476110841400899    1.5800508305602700698    1.7984887992041400651   -0.55138907209312004731  -1.0307435764548500412  )	0.06383291522998039 -3.709033080667723e-12 -1.0746958878371515e-12 8.09041722504844e-12
966	(  -1.7036476110861400457    1.5800508305602900538    1.798488799204100097    -0.55138907209312004731  -1.030743576454649979   )	0.06383291522981002 2.6130209107577684e-12 -5.502265310042276e-13 -9.173550807872743e-12
967	(  -1.7036476110851399568    1.5800508305603200299    1.7984887992091200815   -0.55138907209313003932  -1.0307435764544199408  )	0.06383291522945554 1.6894929899535782e-11 8.01847477305273e-12 -2.4158453015843406e-13
968	(  -1.7036476110851399568    1.5800508305602400938    1.7984887991991200806   -0.55138907209311005531  -1.0307435764550800794  )	0.06383291523033488 -1.7989165712606336e-11 -9.64250901347441e-12 -8.397726958264684e-13
969	(  -1.7036476110851399568    1.580050830560479902     1.7984887992042399851   -0.55138907209307996826  -1.0307435764547099311  )	0.06383291522988092 3.8902214782865485e-13 5.3734794391857577e-14 9.556799795973347e-13
970	(  -1.7036476110851399568    1.5800508305610800885    1.7984887992045999194   -0.55138907209295995315  -1.030743576454590027   )	0.06383291522983767 3.2009950245992513e-12 2.651212582804874e-12 5.451195050909519e-12
971	(  -1.7036476110849398946    1.5800508305601999037    1.7984887992035600845   -0.55138907209336995852  -1.0307435764537100642  )	0.06383291523007706 -5.364597654988756e-12 -2.6201263381153694e-13 6.008527009271347e-13
972	(  -1.703647611085340019     1.5800508305607599002    1.7984887992049201078   -0.55138907209278997801  -1.03074357645571002    )	0.0638329152296847 6.142641950646066e-12 3.694822225952521e-13 1.3100631690576847e-12
973	(  -1.7036476110847900145    1.5800508305599800796    1.7984887992030300641   -0.55138907209276999399  -1.0307435764554000457  )	0.06383291523007181 -5.6559201766503975e-12 -3.0619951019161817e-12 2.5845992013273644e-13
974	(  -1.703647611085300051     1.5800508305607099402    1.7984887992022400294   -0.55138907209284004907  -1.0307435764543999568  )	0.06383291523016338 -6.4357408291471074e-12 -6.017408793468348e-13 1.2851941733060812e-12
975	(  -1.7036476110856400012    1.5800508305601899117    1.7984887992035401005   -0.55138907209337995052  -1.0307435764551100554  )	0.06383291522976617 -1.8474111129762605e-13 -4.2228442964642454e-12 -5.570210959149335e-12
976	(  -1.7036476110849800847    1.5800508305602500858    1.7984887992062399409   -0.55138907209331999848  -1.0307435764550199053  )	0.06383291522959836 7.213785124804417e-12 7.087663789206999e-13 6.266098750984384e-13
977	(  -1.7036476110854898991    1.5800508305609799464    1.7984887992054499062   -0.55138907209339005355  -1.0307435764540300305  )	0.06383291522968816 6.45350439754111e-12 3.141042981269493e-12 1.6533441282717831e-12
978	(  -1.7036476110854799071    1.5800508305601399517    1.7984887992054199302   -0.55138907209258003483  -1.0307435764540400225  )	0.0638329152300418 2.7835511673401925e-12 5.730083074695358e-12 -4.550582133333592e-12
979	(  -1.7036476110846399123    1.5800508305607698922    1.7984887992049400918   -0.551389072092779986    -1.0307435764543100287  )	0.06383291522999553 9.627854069549358e-13 4.3303138852479606e-12 7.482015007553855e-12
980	(  -1.7036476110848000065    1.5800508305608200743    1.7984887992030600401   -0.55138907209358001271  -1.0307435764553800617  )	0.06383291522971987 -2.0055068716828828e-12 -5.623057575121493e-12 6.4641625385775114e-12
981	(  -1.7036476110851399568    1.5800508305602800618    1.7984887992042799532   -0.55138907209307996826  -1.0307435764548100732  )	0.06383291522988217 1.0480505352461478e-13 -5.186961971048731e-13 -5.409006575973763e-13
982	(  -1.7036476110851399568    1.5800508305596800973    1.7984887992044000793   -0.55138907209307996826  -1.0307435764551100554  )	0.06383291522988596 -7.389644451905042e-13 -2.234656903965515e-12 -5.03419528286031e-12
983	(  -1.7036476110849398946    1.5800508305600500236    1.7984887992044999994   -0.55138907209290999312  -1.0307435764543999568  )	0.06383291523003087 -1.5436540934388177e-12 1.4224177391497506e-12 -5.222489107836736e-13
984	(  -1.7036476110850400367    1.5800508305601699277    1.7984887992050899719   -0.55138907209328003045  -1.030743576454610011   )	0.06383291522979596 2.140509991477302e-12 8.348877145181177e-14 -4.956035581926699e-13
985	(  -1.7036476110852400989    1.5800508305603899739    1.7984887992034699344   -0.5513890720928800171   -1.0307435764550099133  )	0.06383291522996834 -1.929123527588672e-12 -1.1213252548714081e-12 -5.897504706808832e-13
986	(  -1.703647611085340019     1.580050830560520092     1.798488799204059907    -0.55138907209325005443  -1.0307435764552199675  )	0.06383291522973229 1.787014980436652e-12 -2.440714297335944e-12 -4.858335955759685e-13
987	(  -1.7036476110851799248    1.5800508305603200299    1.7984887992039799709   -0.55138907209311005531  -1.0307435764538099843  )	0.06383291523006371 -2.7391422463551862e-12 1.6817658377021871e-12 -5.88862292261183e-13
988	(  -1.7036476110850999888    1.5800508305602400938    1.7984887992045799354   -0.55138907209304999224  -1.03074357645580994    )	0.0638329152297006 2.9523050670832163e-12 -2.7187141427020833e-12 -4.916067553040193e-13
989	(  -1.7036476110850999888    1.5800508305607801063    1.7984887992046298955   -0.55138907209304000023  -1.0307435764547299151  )	0.06383291522982286 2.5988100560425664e-12 1.361133428190442e-12 3.552269589590651e-12
990	(  -1.7036476110849601007    1.5800508305604199499    1.7984887992032800863   -0.55138907209317999936  -1.0307435764550501034  )	0.06383291522991004 -3.055333763768431e-12 -3.0238034298690764e-12 2.0725643423702422e-12
991	(  -1.703647611085320035     1.5800508305601399517    1.7984887992052800421   -0.55138907209298004819  -1.030743576454570043   )	0.0638329152298542 3.268496584496461e-12 1.98641103565933e-12 -3.1579183712437953e-12
992	(  -1.7036476110851799248    1.5800508305597800174    1.7984887992039300109   -0.55138907209312004731  -1.0307435764549000012  )	0.06383291522993968 -2.3661073100811336e-12 -2.425615264201042e-12 -4.633182726365703e-12
993	(  -1.7036476110851299648    1.5800508305603899739    1.7984887992040399229   -0.55138907209317999936  -1.0307435764547299151  )	0.06383291522987619 -4.956035581926699e-13 -9.947598300641403e-13 3.694822225952521e-13
994	(  -1.7036476110851399568    1.5800508305602201098    1.7984887992044100713   -0.55138907209308996027  -1.0307435764543100287  )	0.06383291522995814 -6.341593916658894e-13 9.059419880941277e-13 -9.903189379656396e-13
995	(  -1.7036476110851299648    1.580050830560479902     1.7984887992044300553   -0.55138907209303000823  -1.030743576454669963   )	0.06383291522988606 9.00612917575927e-13 7.216449660063518e-13 1.042721464727947e-12
996	(  -1.7036476110851499488    1.5800508305601699277    1.7984887992045199834   -0.55138907209298004819  -1.0307435764548900092  )	0.0638329152298881 7.087663789206999e-13 -4.263256414560601e-14 -1.4530598946294049e-12
997	(  -1.7036476110851399568    1.5800508305603400139    1.7984887992041500571   -0.55138907209306997625  -1.0307435764553098956  )	0.06383291522980616 8.473222123939195e-13 -1.942446203884174e-12 -9.14823772291129e-14
998	(  -1.7036476110851599408    1.5800508305602900538    1.7984887992047799976   -0.55138907209313003932  -1.0307435764549699453  )	0.06383291522978692 2.390976305832737e-12 -4.0900616227190767e-13 -6.399325513939402e-13
999	(  -1.7036476110851199728    1.5800508305602700698    1.7984887992037799087   -0.55138907209303000823  -1.030743576454649979   )	0.06383291522997733 -2.177813485104707e-12 -6.274980535181385e-13 -4.4142467459096224e-13
1000	(  -1.7036476110851499488    1.5800508305600799996    1.7984887992041300731   -0.55138907209313003932  -1.0307435764549499613  )	0.06383291522987818 -6.856737400084967e-13 -1.758593271006248e-12 -2.12674322597195e-12
1001	(  -1.7036476110852400989    1.5800508305603100379    1.7984887992042200011   -0.55138907209306997625  -1.0307435764547900892  )	0.06383291522988092 2.753353101070388e-13 -4.5297099404706387e-13 -1.1888268147686176e-12
1002	(  -1.7036476110851299648    1.5800508305603000458    1.7984887992044800153   -0.55138907209311005531  -1.0307435764547498991  )	0.06383291522986206 7.65609797781508e-13 -1.5543122344752192e-13 -3.042011087472929e-13
1003	(  -1.7036476110851299648    1.5800508305603100379    1.7984887992042200011   -0.55138907209312004731  -1.0307435764550099133  )	0.06383291522983886 4.0678571622265736e-13 -1.3171685964152857e-12 -2.2959412149248237e-13
1004	(  -1.7036476110851099808    1.5800508305603599979    1.798488799204110089    -0.55138907209309995228  -1.030743576454610011   )	0.0638329152299207 -7.442935157087049e-13 -1.9451107391432743e-13 3.19300141882195e-13
1005	(  -1.7036476110851499488    1.5800508305602600778    1.798488799204079891    -0.55138907209304999224  -1.0307435764548700252  )	0.06383291522990221 -5.506706202140776e-13 -8.810729923425242e-13 -7.776002064474596e-13
1006	(  -1.7036476110851499488    1.5800508305602500858    1.7984887992043399052   -0.55138907209304000023  -1.030743576454610011   )	0.0638329152299254 -1.9539925233402755e-13 2.7977620220553945e-13 -8.522071937022702e-13
1007	(  -1.7036476110851699328    1.5800508305601999037    1.7984887992044500393   -0.55138907209305998425  -1.0307435764550099133  )	0.06383291522984365 9.57456336436735e-13 -8.415490526658687e-13 -1.4019896354966477e-12
1008	(  -1.7036476110851299648    1.5800508305601799197    1.7984887992042399851   -0.55138907209311005531  -1.0307435764547598911  )	0.06383291522989716 -4.583000645652646e-13 -7.780442956573097e-13 -1.2039258479035198e-12
1009	(  -1.7036476110851399568    1.5800508305602800618    1.7984887992042799532   -0.55138907209307996826  -1.0307435764547099311  )	0.06383291522989923 -1.0125233984581428e-13 -2.424727085781342e-13 -5.409006575973763e-13
1010	(  -1.7036476110851399568    1.5800508305602800618    1.7984887992042799532   -0.55138907209307996826  -1.0307435764544099488  )	0.06383291522995034 -7.194245199571014e-13 5.844214001626824e-13 -5.409006575973763e-13
1011	(  -1.7036476110851399568    1.5800508305603300219    1.7984887992042299931   -0.55138907209306997625  -1.0307435764548600332  )	0.06383291522987614 1.758593271006248e-13 -5.937472735695337e-13 -1.6697754290362354e-13
1012	(  -1.7036476110851399568    1.5800508305602301018    1.7984887992043299132   -0.55138907209308996027  -1.0307435764545600509  )	0.06383291522992222 -3.7481129311345285e-13 1.0835776720341528e-13 -9.15267861500979e-13
1013	(  -1.7036476110851399568    1.5800508305602500858    1.7984887992043800953   -0.55138907209306997625  -1.0307435764549099932  )	0.06383291522986184 5.648814749292796e-13 -6.3815619455454e-13 -7.651657085716579e-13
1014	(  -1.7036476110851399568    1.5800508305603100379    1.7984887992041800331   -0.55138907209308996027  -1.0307435764545100909  )	0.0638329152299365 -7.65609797781508e-13 1.5276668818842154e-13 -3.1663560662309465e-13
1015	(  -1.7036476110851399568    1.5800508305603200299    1.7984887992043800953   -0.55138907209309995228  -1.0307435764547099311  )	0.06383291522987862 4.085620730620576e-13 -1.1501910535116622e-13 -2.4158453015843406e-13
1016	(  -1.7036476110851399568    1.5800508305604399339    1.7984887992046800775   -0.55138907209316001534  -1.0307435764547099311  )	0.06383291522981685 1.9326762412674725e-12 2.6423307986078726e-13 6.568079413682426e-13
1017	(  -1.7036476110851399568    1.5800508305603200299    1.7984887992045799354   -0.55138907209308996027  -1.030743576454669963   )	0.06383291522986907 1.035616037370346e-12 3.623767952376511e-13 -2.4158453015843406e-13
1018	(  -1.7036476110851399568    1.5800508305603200299    1.7984887992041800331   -0.55138907209311005531  -1.0307435764547498991  )	0.06383291522988813 -2.1671553440683056e-13 -5.933031843596837e-13 -2.4158453015843406e-13
1019	(  -1.7036476110851299648    1.5800508305603100379    1.7984887992044200633   -0.55138907209313003932  -1.0307435764549099932  )	0.06383291522983318 9.325873406851315e-13 -7.767120280277595e-13 -2.2959412149248237e-13
1020	(  -1.7036476110851299648    1.5800508305603300219    1.7984887992043399052   -0.55138907209315002333  -1.0307435764545400669  )	0.06383291522989544 -3.375077994860476e-14 4.929390229335695e-14 -7.993605777301127e-14
1021	(  -1.7036476110850999888    1.5800508305603599979    1.7984887992042200011   -0.55138907209330001447  -1.0307435764540300305  )	0.06383291522994607 -1.3571366253017914e-12 5.471179065352771e-13 4.063416270128073e-13
1022	(  -1.7036476110850999888    1.5800508305603200299    1.7984887992046700855   -0.55138907209304999224  -1.0307435764544699008  )	0.06383291522991119 7.673861546209082e-13 1.262101534393878e-12 1.0658141036401503e-13
1023	(  -1.7036476110850899968    1.5800508305603400139    1.7984887992047899896   -0.55138907209325005443  -1.030743576454610011   )	0.0638329152298107 1.7337242752546445e-12 7.061018436615996e-14 3.4372504842394846e-13
1024	(  -1.7036476110851199728    1.5800508305603300219    1.7984887992042899452   -0.55138907209316001534  -1.0307435764540400225  )	0.06383291522998337 -1.2665424264923786e-12 1.297184581972033e-12 7.105427357601002e-15
1025	(  -1.7036476110850800048    1.5800508305603400139    1.7984887992039100268   -0.55138907209315002333  -1.030743576454639987   )	0.06383291522992443 -1.5116796703296131e-12 -8.872902412804251e-13 4.3076653355456074e-13
1026	(  -1.7036476110851399568    1.5800508305603300219    1.7984887992043900873   -0.55138907209314003133  -1.0307435764550398893  )	0.06383291522980752 1.2008172234345693e-12 -1.1972645097557688e-12 -1.6697754290362354e-13
1027	(  -1.7036476110851799248    1.5800508305603200299    1.7984887992047700056   -0.55138907209315002333  -1.0307435764544399248  )	0.06383291522986646 1.4459544672718039e-12 9.872103134966892e-13 -5.88862292261183e-13
1028	(  -1.7036476110851599408    1.5800508305603400139    1.7984887992040099469   -0.55138907209325005443  -1.030743576454610011   )	0.06383291522987967 -8.313350008393172e-13 -1.1621814621776139e-12 -2.6556534749033744e-13
1029	(  -1.7036476110851699328    1.5800508305603200299    1.7984887992038900428   -0.55138907209304999224  -1.0307435764544699008  )	0.06383291522998022 -1.801225835151854e-12 2.9753977059954195e-14 -5.027089855502709e-13
1030	(  -1.7036476110851299648    1.5800508305603699899    1.7984887992043299132   -0.55138907209316001534  -1.0307435764543400047  )	0.06383291522992288 -3.446132268436486e-13 6.052935930256353e-13 2.19824158875781e-13
1031	(  -1.7036476110851299648    1.5800508305603599979    1.7984887992045399674   -0.55138907209316001534  -1.030743576454659971   )	0.06383291522984895 1.0391687510491465e-12 3.730349362740526e-14 1.4521717162097048e-13
1032	(  -1.7036476110851299648    1.5800508305603000458    1.7984887992041400651   -0.55138907209314003133  -1.0307435764544199408  )	0.06383291522994196 -1.1048939541069558e-12 6.306066779870889e-14 -3.042011087472929e-13
1033	(  -1.7036476110851299648    1.5800508305603699899    1.7984887992041400651   -0.55138907209314003133  -1.030743576454689947   )	0.06383291522988818 -3.2862601528904634e-13 -5.559996907322784e-13 2.19824158875781e-13
1034	(  -1.7036476110851299648    1.5800508305602900538    1.7984887992043498972   -0.55138907209314003133  -1.0307435764547399071  )	0.06383291522986805 2.788880237858393e-13 -5.058176100192213e-13 -3.788080960021034e-13
1035	(  -1.7036476110851299648    1.5800508305602900538    1.7984887992045399674   -0.55138907209316001534  -1.0307435764543899648  )	0.06383291522990275 2.611244553918368e-13 6.559197629485425e-13 -3.788080960021034e-13
1036	(  -1.7036476110851399568    1.5800508305603200299    1.7984887992042899452   -0.55138907209317000735  -1.0307435764544399248  )	0.06383291522991111 -3.9612757518625585e-13 1.2567724638756772e-13 -2.4158453015843406e-13
1037	(  -1.7036476110851299648    1.5800508305603300219    1.7984887992044400473   -0.55138907209316001534  -1.030743576454580035   )	0.06383291522987568 4.2099657093785936e-13 4.574118861455645e-14 -7.993605777301127e-14
