Computing variable bounds for the reduced problem ...Done
1	(  -0.0       -0.0       -0.0       -0.0       -0.0       -0.0       -0.0       -0.0       -0.0       -0.0       -0.0        0.0        0.0        0.0      )	 17.615802
2	(   1         -0         -0         -0         -0         -0         -0         -0          1         -0         -0          0          0          0        )	350.355945
3	(  -0          1         -0         -0         -0         -0         -0         -0         -0         -0         -0          0          0          0        )	218.856836

BBE ( SOL ) OBJ
4	(  -0         -0          1         -0         -0         -0         -0         -0         -0         -0         -0          0          0          0        )	218.856836
5	(  -0         -0         -0          1         -0         -0         -0         -0         -0         -0         -0          0          0          0        )	218.856836
6	(  -0         -0         -0         -0          1         -0         -0         -0         -0         -0         -0          0          0          0        )	218.856836
7	(  -0         -0         -0         -0         -0          1         -0         -0         -0         -0         -0          0          0          0        )	218.856836
8	(  -0         -0         -0         -0         -0         -0          1         -0         -0         -0         -0          0          0          0        )	218.856836
9	(  -0         -0         -0         -0         -0         -0         -0          1          1         -0         -0          0          0          0        )	206.220552
10	(   1         -0         -0         -0         -1         -0         -0          1          1         -0         -0          1          0          0        )	739.135559
11	(  -0         -0         -0         -0         -0         -0         -0         -0         -0          1         -0          0          0          0        )	218.856836
12	(  -0         -0         -0         -0         -0         -0         -0         -0         -0         -0          1          0          0          0        )	218.856836
13	(  -0         -0         -0         -0         -0         -0         -0         -0          1         -0         -0          1          0          0        )	390.498584
14	(  -0         -0         -0         -0         -0         -0         -0         -0         -0         -0         -0          0          1          0        )	218.856836
15	(  -0         -0         -0         -0         -0         -0         -0         -0         -0         -0         -0          0          0          1        )	117.054842
16	(  -2         -1         -1         -1         -0         -1         -1         -2         -4         -1         -1         -2         -1         -1        )	75024.083798
17	(   1          1          1          1          0.82       1          1          1          1          1          1          1          1          1        )	14316.173368
18	(  -0.86       0.14       0.14       0.14       1.14       0.14       0.14      -0.86      -0.57       0.14       0.14      -0.86       0.14       0.14     )	  672.454925
19	(  -0.39       0.11       0.11       0.11       0.61       0.11       0.11      -0.39      -0.18       0.11       0.11      -0.39       0.11       0.11     )	  117.032064
20	(   0.09       0.16       0.16       0.16       0.23       0.16       0.16       0.09      -0.74       0.16       0.16      -1.06       0.16       0.16     )	  267.564017
21	(  -1.04       0.18       0.18       0.18       0.26       0.18       0.18       0.1       -0.99       0.18       0.18      -0.21       0.18       0.18     )	  314.200242
22	(  -0.53       0.14       0.14       0.14       0.2        0.14       0.14       0.08      -0.49       0.14       0.14      -0.16       0.14       0.14     )	   81.576938
23	(  -0.22       0.02       0.02       0.02       0.03       0.02       0.02       0.01       0.79       0.02       0.02       0.98       0.02       0.02     )	  297.563629
24	(   0.01       0.12       0.12       0.12       0.18       0.12       0.12       0.07      -0.36       0.12       0.12      -0.55       0.12       0.12     )	   71.645343
25	(  -0.13       0.2        0.2        0.2        0.28       0.2        0.2        0.11       0          0.2        0.2       -0.16      -0.95       0.2      )	  177.366768
26	(  -0.15       0.22       0.22       0.22       0.32       0.22       0.22       0.12       0          0.22      -0.92      -0.18      -0.08       0.22     )	  233.777967
27	(  -0.04       0.06       0.06       0.06       0.08       0.06       0.06       0.03       0          0.06       0.52      -0.05      -0.02       0.06     )	   56.076469
28	(  -0.15       0.23       0.23       0.23       0.34       0.23       0.23       0.13       0         -0.91       0.16      -0.19      -0.09       0.23     )	  166.773835
29	(  -0.18       0.27       0.27       0.27       0.38       0.27      -0.88       0.15       0         -0.04       0.18      -0.21      -0.1        0.27     )	  181.602311
30	(  -0.2        0.3        0.3        0.3        0.44      -0.84       0          0.17       0         -0.05       0.2       -0.24      -0.11       0.3      )	  221.861061
31	(  -0.05       0.08       0.08       0.08       0.11       0.54       0          0.04       0         -0.01       0.05      -0.06      -0.03       0.08     )	   56.901226
32	(  -0.21       0.32       0.32       0.32      -0.69       0.24       0          0.17       0         -0.05       0.21      -0.25      -0.12       0.32     )	  133.257035
33	(  -0.24       0.36       0.36      -0.78       0.21       0.27       0          0.2        0         -0.05       0.24      -0.29      -0.13       0.36     )	  175.29069 
34	(  -0.27       0.41      -0.73       0.11       0.24       0.31       0          0.23       0         -0.06       0.28      -0.33      -0.15       0.41     )	  196.437381
35	(  -0.31      -0.67       0.17       0.12       0.28       0.36       0          0.26       0         -0.07       0.32      -0.38      -0.17       0.47     )	  168.399035
36	(  -0.36       0.23       0.19       0.14       0.32       0.41       0         -0.85      -1.15      -0.08       0.36      -0.43      -0.2        0.54     )	  579.569469
37	(  -0.09       0.06       0.05       0.04       0.08       0.1        0          0.54       0.46      -0.02       0.09      -0.11      -0.05       0.13     )	   58.967562
38	(  -0.06      -0.23       1.03       0.02       0.05       0.07       0         -0.03      -0.08      -0.01       0.05      -0.07      -0.03       0.09     )	  238.108419
39	(  -0.22       0.25      -0.29       0.09       0.19       0.25       0          0.16      -0.02      -0.05       0.22      -0.27      -0.12       0.33     )	   79.686844
40	(  -0.16      -0.09      -0.05      -0.17      -0.11       0.1        1          0.05      -0.08      -0.04       0.16      -0.2       -0.09       0.24     )	  237.985057
41	(  -0.17       0.18       0.19       0.16       0.26       0.23      -0.41       0.13      -0.02      -0.04       0.18      -0.21      -0.1        0.26     )	   72.677996
42	(  -0.21      -0.02       0.02      -0.1       -0.02       0.18      -0.16       0.09      -0.09      -0.31       0.14      -0.26       0.88       0.32     )	  142.295858
43	(  -0.1       -0.24      -0.19       0.98       0.02       0.1        0.01      -0.01      -0.1       -0.1        0.08      -0.12       0.21       0.15     )	  225.889633

BBE ( SOL ) OBJ
44	(  -0.2        0.21       0.22      -0.34       0.16       0.23      -0          0.15      -0.03      -0.06       0.2       -0.25      -0.05       0.31     )	   73.665049
45	(  -0.01       0.92       0.01       0.01      -0.07      -0.01       0.01      -0.09      -0.1       -0.08      -0.01      -0.01       0.27       0.02     )	  185.416219
46	(  -0.24      -0.27       0.13       0.09       0.19       0.27      -0          0.17      -0.03      -0.07       0.24      -0.29      -0.06       0.36     )	   78.421709
47	(  -0.18      -0.05      -0.07      -0.12      -0.15       0.12      -0.25       0.05      -0.11       0.88       0.16      -0.22       0.19       0.28     )	  167.574329
48	(  -0.16       0.16       0.16       0.14       0.22       0.2        0.11       0.11      -0.03      -0.46       0.16      -0.2       -0.02       0.24     )	   62.389012
49	(  -0.12       0.22       0.16       0.24       0.25       0.18       0.18       0.09      -0.01       0.26       0.18      -0.14      -0.91       0.17     )	  163.118653
50	(  -0.19       0.04       0.06      -0.01       0.05       0.18      -0.08       0.09      -0.07      -0.17       0.15      -0.23       0.43       0.28     )	   54.033387
51	(  -0.11      -0.16      -0.17      -0.22       1.02       0.11       0.01       0         -0.11      -0.01       0.1       -0.15       0.17       0.17     )	  229.954566
52	(  -0.19       0.2        0.2        0.18      -0.26       0.21      -0          0.13      -0.03      -0.04       0.18      -0.22      -0.05       0.28     )	   60.031974
53	(  -0.35       0.19       0.18       0.12       0.3        0.38       0.01       0.19      -0.11      -0.07       0.34      -0.43       0.04      -0.61     )	  132.234477
54	(  -0.09       0.05       0.04       0.03       0.07       0.09      -0          0.05      -0.03      -0.02       0.08      -0.11       0.01       0.6      )	   58.857142
55	(   0.08       0.07       0.06      -0         -0.39       0.26      -0.12       0.64       0.09      -0.2        0.22      -0         -0.08       0.35     )	  107.482295
56	(  -0.04       0.08       0.07       0.03      -0.14       0.23      -0.06       0.38       0.02      -0.12       0.19      -0.1       -0.03       0.29     )	   57.493674
57	(   0.29       0.03       0.02      -0.04      -0.03       0.25      -0.18       0.21       0.47      -0.27       0.2       -0.22      -0.14       0.34     )	  104.176687
58	(  -0.32       0.11       0.11       0.09       0.14       0.17       0.06       0.11      -0.25       0.04       0.16      -0.17       0.07       0.19     )	   50.035249
59	(  -0.03      -0.1        0.5        0.01      -0.03       0.13      -0.03       0.13      -0.03      -0.06       0.11      -0.09       0.15       0.13     )	   58.099763
60	(   0.02       0.45       0.14      -0.01      -0.06       0.09      -0.03       0.11      -0.02      -0.04       0.07      -0.05       0.12       0.06     )	   41.527415
61	(   0.01      -0          0.03       0.47      -0.06       0.11      -0.04       0.12      -0.02      -0.05       0.09      -0.06       0.14       0.08     )	   53.509302
62	(  -0          0.01       0.04       0.02      -0.21       0.09       0.43       0.14      -0.03      -0.07       0.1       -0.08       0.22       0.1      )	   45.984718
63	(  -0.18       0.05       0.1        0.04      -0.18       0.19      -0.06       0.21       0.36      -0.26       0.16       0.33       0.01       0.24     )	   74.039981
64	(  -0.04       0.1        0.12       0.1        0.09       0.14       0.08       0.11      -0.18       0.03       0.13      -0.33       0.09       0.15     )	   42.730641
65	(   0.01      -0          0.05       0.02      -0.24       0.11      -0.05       0.17      -0          0.39       0.11      -0.04       0.17       0.11     )	   44.834091
66	(   0.07      -0.07      -0.01      -0.05       0.24       0.08       0.05       0.16       0.01       0.03       0.08       0.01       0.23       0.04     )	   30.988638
67	(  -0.01       0.06       0.13       0.08      -0.07       0.19       0.06      -0.31      -0.55       0.02       0.17      -0.08       0.27       0.18     )	   83.770016
68	(  -0.07       0.06       0.07       0.05       0.04       0.12       0.01       0.33       0.21      -0.01       0.11      -0.1        0.03       0.14     )	   35.003903
69	(  -0.01       0.07       0.15       0.09      -0.07       0.2        0.06       0.22      -0.02       0.02       0.19      -0.08       0.21      -0.36     )	   54.917661
70	(  -0.06       0.24      -0.36       0.12       0.03       0.17       0.1        0.16      -0.02       0.07       0.17      -0.1        0.08       0.04     )	   51.932761
71	(  -0.06       0.08       0.01       0.12       0.16       0.06       0.15      -0.12      -0.08       0.16       0.09      -0.09       0.28      -0.15     )	   43.145786
72	(  -0.05       0.08      -0.01       0.07      -0.08      -0.31       0.11       0.19      -0.07       0.08       0.23      -0.14       0.32       0.03     )	   52.442132
73	(  -0.06       0.11       0          0.09      -0.08       0.11       0.06       0.23      -0.08       0.01      -0.28      -0.16       0.36       0.04     )	   53.565261
74	(  -0.1        0.1       -0.11       0.06       0.07      -0.04       0.06       0.04      -0.07       0.05      -0.02      -0.14       0.15       0.52     )	   51.781809
75	(   0.1        0.14      -0.05       0.17      -0.04      -0.05       0.22       0.16      -0.02       0.27       0          0.02      -0.11      -0.09     )	   38.768354
76	(  -0.01       0.08      -0          0.09       0.09       0          0.1        0.01      -0          0.13       0.47      -0.02      -0.1        0.13     )	   49.021839
77	(  -0.08       0.2       -0.03      -0.35       0.09      -0.02       0.22       0.1       -0.05       0.21       0.15      -0.12       0.08       0.1      )	   47.959988
78	(  -0.03       0.13       0.01      -0.01       0.14       0.44       0.09       0.02       0          0.1       -0         -0.03      -0.13       0.16     )	   43.048517
79	(  -0.01      -0.04       0.41      -0.08       0.04      -0          0.1        0.03      -0.05       0.11       0.04      -0.06       0.08       0.17     )	   46.905976
80	(   0.04       0.08       0.23      -0.04       0          0.22       0.14       0.15      -0          0.14       0.24      -0.01       0         -0.36     )	   48.428756
81	(   0.31       0.06       0.03      -0.09      -0.09       0.01       0.16       0.09       0.22       0.17       0.07       0.04       0.07      -0.11     )	   35.056393
82	(   0.05       0.09       0.15      -0.11      -0.07       0.18       0.12       0.2       -0          0.08      -0.3       -0.1        0.26      -0.08     )	   50.725798
83	(  -0          0.08       0.04       0.04       0.05       0.05       0.11       0.06      -0          0.12       0.28      -0.04      -0.01       0.08     )	   29.01674 

BBE ( SOL ) OBJ
84	(  -0.01       0.09      -0.11       0.03       0.03      -0.06       0.08       0.04      -0          0.07      -0.06      -0.11       0.16       0.47     )	   45.071772
85	(   0.12      -0.04       0.14       0.39      -0.07       0.17      -0.02       0.09       0.06      -0.02       0          0          0.09       0.06     )	   41.954411
86	(   0.07       0.2       -0.34       0.19      -0.03       0.18       0.08       0.16       0.07       0.06       0.1       -0.05       0.09      -0.02     )	   44.302612
87	(   0.07       0.17      -0.03       0.12       0.24       0.1       -0.3        0.06       0.07       0.26       0.04      -0.03      -0.07       0.03     )	   42.862095
88	(   0.09       0.1        0.14       0.12       0.03       0.27       0          0.16       0.05       0.15       0.21       0.01      -0.04      -0.4      )	   50.239929
89	(   0.02       0.09      -0.05       0.05       0.03       0.02       0.06       0.07       0.01       0.09       0.01      -0.08       0.11       0.25     )	   27.660575
90	(   0.07       0.21      -0.04       0.13       0.34       0.09       0.14       0.02       0.05      -0.22       0.03      -0.06      -0.06      -0.02     )	   40.608851
91	(   0.01       0.01       0.39      -0.05       0.18       0.01       0.02       0.01      -0.02       0.07       0.03      -0.06      -0          0.11     )	   42.085402
92	(   0.15       0.12       0.1        0          0          0.12      -0.07       0.3        0.14      -0.04       0.03      -0.01      -0.23       0.27     )	   41.004211
93	(   0.15       0.07       0.11       0.13       0         -0.3       -0.03       0.2        0.08      -0          0.13      -0.07       0.17      -0.02     )	   40.394959
94	(   0.06       0.01       0.17      -0         -0.14      -0.02       0.4        0.18       0.01      -0.2        0.1       -0.07       0.14       0.1      )	   44.774617
95	(   0.07       0.13       0.02       0.09       0.15       0.07      -0.13       0.09       0.05       0.15       0.05      -0.04      -0.02       0.05     )	   26.376433
96	(   0.19       0.09       0.01       0.02       0.02      -0.07      -0.01       0.13       0.29       0.05       0          0.27      -0.03      -0.03     )	   35.996229
97	(   0.16       0.19      -0.32       0.18      -0.09       0.05       0.05       0.25       0.17       0.01       0.09       0.04       0.05      -0.01     )	   43.982647
98	(   0.05       0.05       0.21       0.01       0.11       0.02       0.03       0.07       0.03       0.05       0.05      -0.03       0.01       0.08     )	   24.3255  
99	(   0.04       0.25      -0.06      -0.31       0.18      -0.13       0.09       0.17       0.09       0.11       0.13      -0.02      -0.05       0.04     )	   43.939504
100	(   0.1        0.03       0.09       0.21      -0.01       0.09       0.01       0.11       0.07       0.01       0.03      -0.01       0.06       0.06     )	   24.671608
101	(   0.15      -0.3       -0.06       0.12       0.18      -0.05       0.11       0.15       0.18       0.14       0.05       0.04      -0.09       0.04     )	   42.690449
102	(   0.05       0.26       0.09       0.02       0          0.05      -0          0.12       0.03      -0          0.07      -0.03       0.07       0.06     )	   25.923401
103	(   0.01       0.05      -0.03       0.11       0.12      -0.09       0.16      -0.07       0.01       0.14       0.1       -0.01       0.3       -0.2      )	   44.624485
104	(   0.11       0.1        0.07       0.03       0.03       0.07      -0.01       0.21       0.11       0.01       0.05      -0.01      -0.1        0.15     )	   26.753608
105	(   0.09      -0.05       0.13      -0.03      -0.26      -0.07      -0.07       0.24       0.11       0.35       0.1        0.05       0.13       0.11     )	   46.521085
106	(   0.08       0.14      -0          0.09       0.19       0.05       0.09       0.07       0.06      -0.08       0.05      -0.03      -0.01       0.01     )	   25.057106
107	(  -0          0.1       -0.04      -0.04       0.1        0.37       0.11       0.04       0.07       0.12      -0.01       0.07      -0.13       0.12     )	   36.263518
108	(   0.04       0.02       0.13      -0.11       0.16       0.18      -0.15       0.06       0.19      -0.17       0.12      -0.02       0.15       0.22     )	   42.846347
109	(   0.09       0.11      -0.01       0.1        0.01       0.01       0.13       0.14       0.03       0.16       0.03       0.01      -0.05      -0.01     )	   24.65849 
110	(   0.15       0.06       0.12       0.12       0.01      -0.29      -0.04       0.2        0.09      -0.01       0.14      -0.08       0.18      -0.01     )	   40.682017
111	(   0.04       0.09       0         -0          0.08       0.21       0.07       0.08       0.08       0.09       0.03       0.03      -0.05       0.09     )	   24.347009
112	(  -0.06       0.07       0.07       0.06       0.1        0.19       0.09       0.1       -0.16       0.06       0.13      -0.31       0.08       0.16     )	   41.138987
113	(   0.13       0.09       0.02       0.03       0.04       0          0.02       0.12       0.18       0.05       0.03       0.13       0          0.02     )	   23.4011  
114	(  -0.2        0.11       0.05       0.19       0.23       0.11      -0.1        0.14      -0.1       -0.07       0.05      -0.07      -0.03       0.26     )	   42.008489
115	(   0.18       0.07       0.03      -0.02      -0.01       0.04       0.1        0.1        0.14       0.11       0.07       0.01       0.04      -0.02     )	   23.074077
116	(   0.21       0.11      -0          0.04       0.09      -0.01       0.07      -0.13      -0.1        0.12       0.01       0.09       0.01      -0.02     )	   28.334272
117	(   0.09       0.26       0.08       0.15      -0.13       0.02       0.03       0          0.09       0.1        0.03      -0.01      -0.22       0.07     )	   34.523512
118	(   0.08       0.01       0.01       0          0.15       0.06       0.04       0.12       0.03       0.05       0.07       0.01       0.12       0.05     )	   22.624107
119	(   0.17       0.1        0.03       0.05       0.07       0.05      -0.04       0.11       0.1        0         -0.2        0.05       0.04       0.03     )	   27.16874 
120	(  -0.04       0.07       0.07       0.05       0.03       0.12      -0.02       0.33       0.23      -0.02       0.04      -0.09       0.02       0.14     )	   34.182083
121	(   0.15       0.1        0.02       0.04       0.08       0.02       0.05      -0.01      -0.02       0.08       0.02       0.05       0.01       0.02     )	   21.590185
122	(   0.17       0.09       0.13       0.04       0.1        0.09      -0.01       0.12       0.12       0.01       0.04       0.1       -0.09      -0.17     )	   29.105153
123	(   0.06       0.09       0          0.05       0.05       0.04       0.04       0.08       0.04       0.07       0.02      -0.04       0.06       0.15     )	   22.422273

BBE ( SOL ) OBJ
124	(   0          0.08       0.05       0.04       0.05       0.05       0.1        0.08       0.02       0.11       0.28      -0.04      -0.02       0.07     )	   28.821181
125	(   0.13       0.1        0.03       0.05       0.07       0.05       0          0.1        0.08       0.03      -0.08       0.03       0.03       0.04     )	   22.200425
126	(   0.06       0.08      -0          0.07       0.1        0.03       0.07      -0.04      -0          0.1        0.01       0.02       0.14      -0.06     )	   23.593208
127	(   0.1        0.04       0.05      -0         -0.03       0.03       0.22       0.06       0.06      -0.05       0.01       0.06       0.08       0.02     )	   24.332207
128	(   0.13      -0.12      -0.03       0.07       0.12       0.04       0.12       0.02       0.08       0.1       -0.02       0.06      -0.01      -0        )	   25.882142
129	(   0.11      -0.02      -0          0.06       0.09       0.04       0.09       0.05       0.07       0.07      -0          0.04       0.01       0.02     )	   21.251327
130	(   0.1       -0.02       0.06       0         -0.09       0.04       0.03       0.07       0.05       0.2       -0.01       0.07       0.08       0.06     )	   25.345673
131	(   0.09       0.1        0.02       0.07       0.12       0.05       0.08       0.07       0.06      -0.01       0.04       0          0.01       0.02     )	   21.207116
132	(   0.08       0.1       -0.04      -0.14       0.13       0          0.12       0.02       0.04       0.1        0.01       0.06       0          0        )	   25.26156 
133	(   0.1        0.05       0.06       0.12       0.03       0.07       0.04       0.09       0.06       0.03       0.03       0.01       0.04       0.05     )	   20.873879
134	(   0.09       0.01       0.07      -0.03       0.12       0.08      -0.01      -0.01       0.09      -0.06       0.01       0.04       0.12       0.08     )	   23.657934
135	(   0.15       0.02       0.07       0.06       0.05      -0.13       0.04       0.03       0.04      -0.02       0.01       0.02       0.15      -0.02     )	   25.121242
136	(   0.07       0.07       0.02       0.02       0.07       0.12       0.06       0.07       0.07       0.06       0.03       0.03       0          0.06     )	   20.758197
137	(   0.09       0.07       0.02       0.07       0.18       0.06      -0.13       0.06       0.06       0.14       0.03      -0.02      -0          0.05     )	   25.567354
138	(   0.1        0.05       0.04       0.02       0.02       0.04       0.13       0.06       0.06       0          0.02       0.04       0.06       0.03     )	   20.756321
139	(   0.14       0.06      -0.16       0.06       0.02       0.07       0.07       0.04       0.09       0.03      -0.01       0.08       0.08      -0.01     )	   24.839456
140	(   0.07       0.05       0.12       0.02       0.09       0.03       0.04       0.06       0.05       0.05       0.03       0          0.03       0.06     )	   20.860097
141	(   0.1        0.11      -0.02       0.11       0.01      -0          0.12       0.13       0.03       0.16       0.03       0.01      -0.04      -0.02     )	   24.68997 
142	(   0.09       0.04       0.05      -0          0.09       0.06       0.02       0.03       0.07      -0.01       0.02       0.03       0.08       0.06     )	   20.75438 
143	(   0.13       0.03       0.06       0          0.03       0.06       0.03       0.17       0.13      -0.02       0.03       0.03      -0.07       0.14     )	   25.286434
144	(   0.08       0.07       0.02       0.05       0.08       0.04       0.06       0.01       0.03       0.07       0.02       0.02       0.09      -0.01     )	   20.528538
145	(   0.06       0.02       0.04       0.04       0.09       0.09       0.09       0         -0.07       0.04       0.01      -0.1        0.08       0.06     )	   22.63081 
146	(  -0.01       0.03       0.03       0.1        0.16       0.06       0.01      -0         -0.06      -0.03      -0.04       0.01       0.05       0.11     )	   22.884215
147	(   0.04       0.04       0.03       0.07       0.12       0.06       0.03       0.03      -0.01      -0         -0.01       0.01       0.05       0.08     )	   20.687863
148	(   0.11       0.09       0.02       0.04       0.06       0.01       0.01       0.11       0.15       0.03       0.02       0.13      -0          0.03     )	   22.74541 
149	(   0.07       0.04       0.04       0.04       0.08       0.07       0.07       0.03      -0.01       0.04       0.01      -0.04       0.06       0.05     )	   20.497687
150	(   0.09       0.1        0.05       0.09      -0.01       0.04       0.06      -0.02       0.05       0.02      -0.05       0.02      -0.04       0.04     )	   21.562809
151	(   0.11       0.02       0.07       0.04       0.08       0.06       0.06      -0          0.04      -0.01      -0.01       0.07      -0         -0.08     )	   21.515394
152	(   0.04      -0          0.05       0.04       0.06       0.05       0.11      -0.03      -0.01       0.03       0.1        0.01       0.03       0.02     )	   21.029123
153	(  -0         -0.01       0.06       0.05       0.05       0.08       0.07       0.07       0.1       -0.03       0.01      -0.02       0.05       0.04     )	   20.980823
154	(   0.05      -0.03       0.03       0          0.15       0.07       0.06       0.1        0.03       0.02       0.09       0.01       0.11       0.02     )	   22.585409
155	(   0.08       0.07       0.05       0.07       0.03       0.05       0.06       0.01       0.05       0.02      -0.01       0.02       0          0.03     )	   19.991143
156	(   0.02       0.06       0.01       0.05       0.05       0.05       0.06       0.08       0.04       0.06       0.05      -0.05       0.07       0.15     )	   22.345501
157	(   0.09       0.03       0.06       0.04       0.07       0.06       0.06       0.02       0.04       0.01       0.01       0.04       0.02      -0.02     )	   19.957554
158	(   0.02       0.11       0.09       0.03       0.04       0.07       0.03       0.02       0.01      -0.03       0.04      -0.02       0.06       0.05     )	   20.801319
159	(   0.03      -0.01       0.08       0.01       0          0.06       0.03       0          0.01       0.04      -0          0.02       0.07       0.05     )	   19.944987
160	(   0.08       0.09       0.05       0.04       0.05       0.07      -0.01       0.1        0.09       0.01      -0.07       0.01       0.06       0.06     )	   21.889411
161	(   0.05       0.02       0.05       0.04       0.06       0.05       0.08      -0          0.01       0.02       0.06       0.01       0.04       0.03     )	   19.831575
162	(   0.13       0.1        0.04       0.03       0.06       0.03       0.03      -0.01      -0.04       0.07       0.03       0.04       0.04       0.03     )	   21.013813
163	(   0.03       0.02       0.06       0.04       0.05       0.07       0.06       0.05       0.07       0          0.01       0          0.05       0.04     )	   19.898832

BBE ( SOL ) OBJ
164	(   0.02       0.04       0.04      -0.06       0.08       0.04       0.06      -0.03      -0          0.01      -0          0.01       0.05       0.02     )	   20.118125
165	(   0.04       0.03      -0.03       0.03       0.02       0.08       0.07      -0.02       0.01      -0.02       0          0.02       0.06       0.01     )	   19.812778
166	(   0.09      -0.04      -0.02       0.02       0.07       0.04       0.08       0.02       0.05       0.06      -0.02       0.05       0.03       0.01     )	   20.892567
167	(   0.04       0.07       0.06       0.03       0.05       0.06       0.04       0.02       0.02      -0.01       0.03       0          0.05       0.04     )	   19.69236 
168	(   0.04      -0          0.06       0.03       0.04      -0.01       0.05      -0.04      -0.02      -0.04      -0.01       0          0.1        0        )	   20.234696
169	(   0          0.02       0.04       0.04       0.09       0.06      -0.03      -0.04      -0.02       0.02       0         -0.02       0.04       0.02     )	   19.683471
170	(   0          0.02       0.03       0.06       0.02       0.04       0.07      -0.02      -0.04       0.03       0         -0.02       0.02      -0.01     )	   19.27871 
171	(   0.04       0.02       0.05      -0.01      -0.02       0.04       0.07      -0.03       0.03       0.03       0.03       0          0.04      -0.04     )	   19.638784
172	(   0         -0.02       0.06      -0         -0          0.06       0.04      -0.02      -0.01      -0.05       0         -0.01       0          0.04     )	   19.216302
173	(   0         -0          0.05       0.01      -0.01       0.02       0.02      -0.04       0.03      -0.03       0.01       0.05       0.02      -0.02     )	   18.785659
174	(   0.02       0.04       0.03       0.01       0.02       0.11       0.04       0.03       0.05       0.05       0.03       0.02      -0.03       0.03     )	   20.000187
175	(   0.04      -0          0.04       0.11      -0.03       0.07       0.03       0.02       0.04       0.01       0.02       0.01      -0          0.01     )	   20.303093
176	(   0.03       0.03       0.04      -0.02       0.05       0.05       0.05      -0.02       0.01       0.01       0.01       0.01       0.04       0.02     )	   19.256624
177	(   0.04      -0          0.06       0.04       0.04      -0.01       0.05      -0.04      -0.02      -0.04      -0.01       0          0.09       0        )	   20.080949
178	(   0.03       0.03       0.04       0.02       0.02       0.08       0.04       0.01       0.03       0.03       0.02       0.01      -0          0.02     )	   19.17356 
179	(  -0.03      -0.03       0.03      -0.03       0.03       0.05       0.03      -0.02      -0.02      -0.01       0.04       0          0.06       0        )	   19.101081
180	(  -0.05       0          0.02      -0.01      -0.02       0.04       0.02      -0.04      -0.02       0          0.02      -0.03       0.05       0.05     )	   19.091457
181	(   0          0.04      -0.01       0.02       0.05       0.04       0.05      -0.02      -0         -0.04       0.03      -0.02       0         -0.02     )	   18.910219
182	(  -0.01       0.01      -0         -0.01       0          0.03       0.02      -0.08      -0.07       0          0.03       0          0.01      -0.02     )	   18.474899
183	(  -0.04       0.01      -0         -0.02      -0.02       0.04      -0.01      -0.05      -0.02      -0.03      -0.03      -0.01       0.02      -0.02     )	   17.734523
184	(  -0.04       0          0.09      -0.02       0.01       0.01      -0.01      -0.03      -0.02       0.01       0.03      -0.03      -0.01       0        )	   18.932411
185	(  -0.05      -0.05      -0         -0.03      -0.02       0.02       0.01      -0.08      -0.04       0.01       0         -0.01      -0.01      -0.04     )	   17.665551
186	(  -0.02      -0.01       0.02      -0.05      -0.08       0.01       0.09      -0.02       0         -0.03       0.03       0.01      -0.01      -0.03     )	   19.167098
187	(  -0.07      -0.02      -0          0          0.02       0.03      -0.01      -0.03      -0.05      -0.04       0         -0.01      -0.01       0.04     )	   18.38752 
188	(  -0.04      -0.02       0.02      -0.08      -0.02       0.03      -0.02      -0.04       0.01      -0.05       0.03       0.01      -0          0.01     )	   18.572977
189	(  -0.08      -0.04       0.01      -0.01      -0.06       0.02      -0.01      -0.05      -0.04      -0.04       0.02      -0.02      -0.02      -0.02     )	   17.795282
190	(  -0.06       0.01      -0.02      -0.03      -0.01       0         -0.01      -0.05      -0.02       0.02       0.03      -0          0.01      -0.05     )	   17.849023
191	(  -0.1       -0.04      -0.01      -0.06      -0.04      -0.03      -0.02      -0.09      -0.07      -0.06       0.01      -0.02       0.02      -0.04     )	   17.808769
192	(  -0.06      -0.01       0.01       0.01       0.07       0.03      -0.08      -0.07      -0.05      -0.01      -0         -0.02       0.03       0.01     )	   19.243152
193	(  -0.03      -0.01       0.02      -0.03      -0.04       0.02       0.05      -0.03      -0.01      -0.02       0.02      -0          0         -0.02     )	   18.12623 
194	(  -0.05       0.01      -0.01      -0.01      -0.05      -0.01      -0.02      -0.07      -0.03      -0.03      -0.01      -0.01      -0.05      -0.02     )	   17.171444
195	(  -0.06       0.04      -0.02      -0         -0.09      -0.04      -0.04      -0.1       -0.03      -0.04      -0.04      -0.02      -0.1       -0.03     )	   17.869526
196	(  -0.03      -0.01      -0         -0.03      -0.01      -0.01      -0.01      -0.05      -0.03      -0.04      -0          0.02      -0.05      -0.08     )	   17.191344
197	(  -0.04      -0.02      -0.08      -0.02      -0.04       0.02       0.02      -0.07      -0.03      -0.06      -0.01       0.03      -0         -0.04     )	   17.865024
198	(  -0.09      -0.06       0.01      -0.07      -0.09      -0.01      -0.05      -0.08      -0.05      -0.01      -0.02       0.02      -0.01      -0.03     )	   17.901434
199	(  -0.1       -0.03      -0.06      -0.07      -0.04      -0         -0.03      -0.07      -0.09      -0.02      -0         -0.05      -0.03      -0.03     )	   17.404926
200	(  -0.07      -0.01      -0.04       0.02      -0.04      -0.01       0.01      -0.07      -0.09      -0         -0.02      -0.02      -0.02      -0.06     )	   17.733981
201	(  -0.11      -0.05      -0.03      -0.04      -0.06      -0.02      -0.03      -0.03      -0.01      -0.05      -0.03      -0.01      -0.03      -0.04     )	   17.226816
202	(  -0.05      -0.02      -0.03      -0.06      -0.09      -0.03       0         -0.08      -0.03      -0.01      -0.01       0         -0.01      -0.11     )	   17.347606
203	(  -0.09      -0.03      -0.06      -0.03      -0.04      -0.02      -0.07      -0.09      -0.07      -0.03      -0.03      -0.01      -0.03      -0.06     )	   16.840646

BBE ( SOL ) OBJ
204	(  -0.13      -0.04      -0.1       -0.03      -0.04      -0.04      -0.13      -0.12      -0.1       -0.03      -0.06      -0.02      -0.04      -0.08     )	   18.365635
205	(  -0.03       0.02      -0.06       0.01       0.02       0.01       0.03      -0.04      -0.03      -0.04       0.01      -0.04      -0.02      -0.06     )	   17.993045
206	(  -0.08      -0.04      -0.01      -0.05      -0.06      -0.01      -0.03      -0.07      -0.05      -0.02      -0.01       0.01      -0.01      -0.04     )	   17.180763
207	(  -0.09      -0.02       0.04      -0.04      -0.04      -0.03      -0.05      -0.05      -0.05       0.02       0         -0.05      -0.03      -0.05     )	   17.781573
208	(  -0.07      -0.06      -0.01      -0.03      -0.07      -0.01      -0.03      -0.07      -0.07      -0.06      -0.05      -0.03      -0.05      -0.04     )	   16.495915
209	(  -0.08      -0.09       0         -0.03      -0.1       -0.02      -0.04      -0.08      -0.09      -0.1       -0.08      -0.04      -0.07      -0.03     )	   17.040426
210	(  -0.03      -0.01      -0.02      -0         -0.05       0.02      -0.02      -0.03      -0.02       0.02      -0.03      -0.01      -0.07      -0.05     )	   17.389754
211	(  -0.04       0         -0.04      -0.05      -0.02      -0.03      -0.03      -0.07      -0.05       0.01      -0.05      -0.01      -0.03      -0.07     )	   16.759324
212	(  -0.03      -0.02      -0.08      -0.02      -0.04       0.02       0.01      -0.07      -0.04      -0.06      -0.04       0.03      -0.02      -0.04     )	   17.524929
213	(  -0.07      -0.06      -0.06      -0.04      -0.06      -0.05      -0.02      -0.07      -0.07      -0.01      -0.01       0         -0.08      -0.08     )	   16.644147
214	(  -0.04      -0.04      -0.02      -0.09      -0.05      -0.01      -0.05      -0.05      -0         -0.04      -0.02       0.01      -0.05      -0.04     )	   16.90068 
215	(  -0.06       0         -0.06      -0.04      -0.07      -0.04      -0.06      -0.04      -0.04      -0.06      -0.04      -0         -0.06      -0.06     )	   16.451484
216	(  -0.07       0.02      -0.09      -0.05      -0.1       -0.07      -0.09      -0.02      -0.04      -0.09      -0.06       0.01      -0.09      -0.07     )	   17.492088
217	(  -0.12      -0.05      -0.07      -0.08      -0.1       -0.03      -0.06      -0.12      -0.09      -0.06      -0.05      -0.01      -0.08      -0.11     )	   17.524292
218	(  -0.1       -0.04       0.01      -0.07      -0.07      -0.06      -0.08      -0.06      -0.05      -0         -0.01      -0.04      -0.07      -0.08     )	   17.234005
219	(  -0.01       0          0.01      -0.01      -0.01      -0.01      -0.01       0         -0          0.01       0.01      -0.01      -0.01       0        )	   17.571685
220	(  -0.09      -0.04      -0.05      -0.06      -0.08      -0.03      -0.05      -0.09      -0.07      -0.04      -0.04      -0.01      -0.06      -0.08     )	   16.503903
221	(  -0.03      -0.03      -0         -0.02      -0.07      -0.04      -0.04      -0.05       0.01      -0.03      -0.05       0.04      -0.06      -0.09     )	   17.395242
222	(  -0.05      -0.03      -0.01      -0.03      -0.06      -0.03      -0.04      -0.06      -0.02      -0.03      -0.04       0.02      -0.05      -0.08     )	   16.72808 
223	(  -0.1       -0.05      -0.03      -0.09      -0.06      -0.07      -0.05      -0.1       -0.06      -0.08      -0.02      -0         -0.02      -0.08     )	   17.081701
224	(  -0.09      -0.04      -0.02      -0.03      -0.02      -0.03      -0.08      -0.05      -0.06      -0.06      -0.04      -0.01      -0.08      -0.01     )	   17.164029
225	(  -0.04      -0.02      -0.07      -0.02      -0.03       0.01       0         -0.07      -0.04      -0.08      -0.05       0.04      -0.02      -0.03     )	   17.597753
226	(  -0.08      -0.04      -0.01      -0.06      -0.06      -0.04      -0.06      -0.06      -0.05      -0.02      -0.02      -0.02      -0.06      -0.07     )	   16.498546
227	(  -0.02      -0.01      -0.03      -0.05      -0.04      -0.04      -0.06      -0.1       -0.09      -0.02      -0.02      -0         -0.07      -0.08     )	   16.437533
228	(   0.02       0.01      -0.02      -0.06      -0.03      -0.04      -0.07      -0.14      -0.12      -0.01      -0.02       0.01      -0.09      -0.09     )	   17.640765
229	(  -0.1       -0.05      -0.06      -0.06      -0.1       -0.05      -0.08      -0.09      -0.07      -0.03      -0.06      -0.03      -0.05      -0.04     )	   16.670144
230	(  -0.06      -0.02      -0.06      -0.05      -0.05      -0.06      -0.07      -0.07      -0.06      -0.05      -0.05      -0.02      -0.1       -0.08     )	   15.945125
231	(  -0.04      -0.01      -0.08      -0.04      -0.05      -0.08      -0.09      -0.08      -0.06      -0.07      -0.08      -0.04      -0.14      -0.09     )	   15.921272
232	(  -0.08      -0.08      -0.07      -0.09      -0.06      -0.07      -0.09      -0.08      -0.08      -0.05      -0.06      -0.01      -0.07      -0.11     )	   16.01177 
233	(  -0.04      -0.03      -0.06      -0.08      -0.1       -0.05      -0.03      -0.1       -0.05      -0.02      -0.04      -0.01      -0.04      -0.13     )	   16.459464
234	(  -0.02      -0.02      -0.06      -0.02      -0.06      -0.01      -0.06      -0.05      -0.05       0.01      -0.06      -0.02      -0.1       -0.07     )	   16.670095
235	(  -0.08      -0.03      -0.07      -0.01      -0.07      -0.07      -0.06      -0.1       -0.12      -0.02      -0.07      -0.03      -0.08      -0.11     )	   16.825514
236	(  -0.03      -0.04      -0.04      -0.06      -0.09      -0.07      -0.04      -0.06      -0.06      -0.03      -0.06      -0.02      -0.1       -0.1      )	   15.721814
237	(  -0         -0.04      -0.02      -0.08      -0.11      -0.09      -0.02      -0.05      -0.05      -0.03      -0.08      -0.02      -0.14      -0.12     )	   16.502879
238	(  -0.03      -0.04      -0.02      -0.09      -0.06      -0.02      -0.05      -0.05      -0         -0.04      -0.02      -0         -0.06      -0.05     )	   16.640237
239	(  -0.07      -0.07      -0.05      -0.06      -0.12      -0.05      -0.08      -0.07      -0.06      -0.08      -0.04      -0.01      -0.11      -0.08     )	   16.276016
240	(  -0.06      -0.05      -0.08      -0.08      -0.09      -0.06      -0.07      -0.08      -0.1       -0.04      -0.05      -0.05      -0.1       -0.07     )	   15.535996
241	(  -0.07      -0.06      -0.12      -0.11      -0.1       -0.07      -0.09      -0.1       -0.14      -0.05      -0.05      -0.08      -0.13      -0.07     )	   16.165516
242	(  -0.01      -0.03      -0.04      -0.05      -0.04      -0.04      -0.03      -0.05      -0.05      -0.05      -0.02       0         -0.11      -0.12     )	   16.471959
243	(  -0.09      -0.06      -0.03      -0.1       -0.08      -0.08      -0.05      -0.09      -0.07      -0.09      -0.02      -0.01      -0.06      -0.1      )	   16.668513

BBE ( SOL ) OBJ
244	(  -0.07      -0.05      -0.04      -0.08      -0.08      -0.06      -0.05      -0.08      -0.07      -0.07      -0.03      -0.01      -0.07      -0.09     )	   16.003861
245	(  -0.04      -0.02      -0.03      -0.08      -0.08      -0.04      -0.09      -0.07      -0.05      -0.08      -0.07      -0.03      -0.08      -0.09     )	   15.66815 
246	(  -0.08      -0.04      -0.07      -0.03      -0.09      -0.08      -0.07      -0.1       -0.13      -0.06      -0.07      -0.03      -0.1       -0.12     )	   16.454581
247	(  -0.02      -0.04      -0.05      -0.06      -0.07      -0.07      -0.07      -0.06      -0.07      -0.06      -0.05      -0.03      -0.11      -0.1      )	   15.257957
248	(   0.02      -0.03      -0.04      -0.06      -0.06      -0.1       -0.08      -0.04      -0.07      -0.07      -0.06      -0.04      -0.13      -0.11     )	   15.446426
249	(  -0.02      -0.04      -0.09      -0.06      -0.09      -0.07      -0.06      -0.09      -0.09      -0.09      -0.08      -0.02      -0.11      -0.11     )	   15.15375 
250	(   0.01      -0.03      -0.13      -0.06      -0.11      -0.08      -0.06      -0.1       -0.11      -0.12      -0.11      -0.02      -0.14      -0.13     )	   15.442227
251	(  -0.02      -0.01      -0.1       -0.09      -0.08      -0.11      -0.1       -0.08      -0.07      -0.05      -0.05      -0.01      -0.13      -0.15     )	   16.133783
252	(  -0.08      -0.04      -0.08      -0.08      -0.12      -0.09      -0.11      -0.11      -0.1       -0.06      -0.09      -0.04      -0.07      -0.08     )	   16.088949
253	(  -0.06      -0.04      -0.06      -0.05      -0.06      -0.08      -0.12      -0.06      -0.1       -0.1       -0.07      -0.03      -0.15      -0.06     )	   16.393209
254	(  -0.02      -0.03      -0.05      -0.1       -0.07      -0.05      -0.09      -0.05      -0.02      -0.06      -0.04      -0.01      -0.1       -0.06     )	   16.06269 
255	(  -0.03      -0.08      -0.06      -0.1       -0.09      -0.09      -0.1       -0.11      -0.11      -0.06      -0.07      -0.04      -0.14      -0.12     )	   15.1081  
256	(  -0.02      -0.11      -0.06      -0.13      -0.1       -0.12      -0.12      -0.15      -0.14      -0.06      -0.09      -0.07      -0.18      -0.15     )	   15.661932
257	(  -0.07      -0.08      -0.1       -0.1       -0.12      -0.1       -0.11      -0.05      -0.06      -0.11      -0.1       -0.05      -0.14      -0.11     )	   16.001445
258	(  -0.03      -0.05      -0.07      -0.1       -0.11      -0.06      -0.04      -0.09      -0.04      -0.03      -0.05      -0.02      -0.06      -0.13     )	   15.890234
259	(  -0.02      -0.02      -0.08      -0.1       -0.05      -0.1       -0.08      -0.09      -0.08      -0.04      -0.09      -0.04      -0.09      -0.12     )	   15.303896
260	(  -0.07      -0.08      -0.03      -0.07      -0.09      -0.03      -0.06      -0.08      -0.07      -0.07      -0.08      -0.05      -0.07      -0.05     )	   15.886343
261	(  -0.01      -0.06      -0.04      -0.08      -0.04      -0.05      -0.04      -0.04      -0.04      -0.06      -0.04      -0.02      -0.13      -0.11     )	   16.077112
262	(  -0.02      -0.05      -0.05      -0.08      -0.06      -0.06      -0.06      -0.06      -0.05      -0.06      -0.05      -0.03      -0.11      -0.1      )	   15.327904
263	(  -0.07      -0.07      -0.07      -0.06      -0.09      -0.09      -0.05      -0.1       -0.12      -0.06      -0.09      -0.05      -0.1       -0.14     )	   15.860095
264	(   0         -0.02      -0.05      -0.06      -0.11      -0.07      -0.05      -0.08      -0.07      -0.07      -0.08      -0.06      -0.13      -0.09     )	   15.176418
265	(   0         -0.04      -0.09      -0.07      -0.09      -0.08      -0.09      -0.08      -0.08      -0.05      -0.11      -0.07      -0.14      -0.11     )	   14.715912
266	(   0.03      -0.04      -0.11      -0.07      -0.1       -0.09      -0.11      -0.08      -0.08      -0.05      -0.15      -0.09      -0.18      -0.12     )	   15.021975
267	(   0.01      -0.01      -0.02      -0.05      -0.05      -0.04      -0.03      -0.11      -0.09      -0.01      -0.04      -0.03      -0.07      -0.09     )	   16.39847 
268	(  -0.05      -0.06      -0.08      -0.09      -0.1       -0.08      -0.09      -0.07      -0.07      -0.08      -0.09      -0.04      -0.12      -0.11     )	   15.170857
269	(  -0.03      -0.08      -0.04      -0.11      -0.12      -0.06      -0.05      -0.08      -0.09      -0.05      -0.07      -0.04      -0.07      -0.12     )	   15.392734
270	(  -0.04      -0.05      -0.05      -0.05      -0.06      -0.08      -0.1       -0.07      -0.12      -0.09      -0.1       -0.06      -0.15      -0.07     )	   15.613332
271	(   0.01      -0.01      -0.09      -0.08      -0.08      -0.12      -0.08      -0.08      -0.1       -0.05      -0.07      -0.03      -0.15      -0.16     )	   15.766511
272	(   0.02      -0.02      -0.06      -0.09      -0.08      -0.06      -0.1       -0.05      -0.04      -0.06      -0.06      -0.03      -0.13      -0.07     )	   15.672212
273	(  -0.06      -0.08      -0.03      -0.08      -0.09      -0.02      -0.07      -0.07      -0.05      -0.07      -0.08      -0.05      -0.08      -0.04     )	   15.971773
274	(  -0.01      -0.03      -0.08      -0.08      -0.08      -0.1       -0.08      -0.08      -0.09      -0.06      -0.07      -0.04      -0.13      -0.13     )	   15.016126
275	(  -0.02      -0.05      -0.09      -0.1       -0.08      -0.08      -0.12      -0.09      -0.1       -0.1       -0.09      -0.06      -0.13      -0.1      )	   14.581437
276	(  -0.01      -0.05      -0.11      -0.12      -0.07      -0.08      -0.15      -0.11      -0.12      -0.13      -0.1       -0.08      -0.15      -0.1      )	   14.763788
277	(  -0.07      -0.07      -0.07      -0.07      -0.09      -0.09      -0.06      -0.11      -0.13      -0.07      -0.09      -0.06      -0.1       -0.14     )	   15.757266
278	(   0         -0.03      -0.06      -0.09      -0.08      -0.07      -0.09      -0.06      -0.06      -0.06      -0.07      -0.04      -0.12      -0.09     )	   15.052838
279	(  -0.01      -0.07      -0.11      -0.08      -0.09      -0.11      -0.07      -0.09      -0.12      -0.05      -0.08      -0.06      -0.16      -0.12     )	   14.942767
280	(   0         -0.04      -0.09      -0.12      -0.11      -0.08      -0.05      -0.09      -0.05      -0.03      -0.05      -0.03      -0.09      -0.14     )	   15.551652
281	(  -0.01      -0.05      -0.08      -0.1       -0.1       -0.08      -0.07      -0.09      -0.07      -0.05      -0.06      -0.04      -0.1       -0.12     )	   14.81845 
282	(   0.03      -0.04      -0.06      -0.09      -0.08      -0.1       -0.08      -0.08      -0.06      -0.09      -0.1       -0.04      -0.14      -0.15     )	   14.95283 
283	(  -0         -0.01      -0.11      -0.06      -0.05      -0.11      -0.11      -0.08      -0.07      -0.08      -0.09      -0.05      -0.18      -0.1      )	   15.890502

BBE ( SOL ) OBJ
284	(  -0.02      -0.06      -0.06      -0.1       -0.1       -0.07      -0.06      -0.08      -0.09      -0.06      -0.07      -0.04      -0.1       -0.12     )	   14.885112
285	(  -0.01      -0.04      -0.1       -0.09      -0.11      -0.11      -0.1       -0.1       -0.12      -0.07      -0.11      -0.06      -0.14      -0.13     )	   14.616763
286	(   0         -0.07      -0.07      -0.07      -0.13      -0.07      -0.08      -0.08      -0.09      -0.1       -0.07      -0.05      -0.16      -0.11     )	   14.956105
287	(   0         -0.06      -0.1       -0.11      -0.12      -0.1       -0.09      -0.11      -0.1       -0.08      -0.11      -0.06      -0.15      -0.13     )	   14.330745
288	(   0.01      -0.07      -0.13      -0.13      -0.15      -0.11      -0.1       -0.13      -0.12      -0.09      -0.15      -0.08      -0.17      -0.15     )	   14.425304
289	(  -0.02      -0.08      -0.11      -0.12      -0.08      -0.1       -0.12      -0.09      -0.11      -0.07      -0.09      -0.03      -0.13      -0.15     )	   15.018513
290	(   0.03      -0.05      -0.09      -0.09      -0.09      -0.1       -0.08      -0.11      -0.11      -0.06      -0.08      -0.05      -0.14      -0.13     )	   14.465123
291	(   0.01      -0.07      -0.08      -0.12      -0.1       -0.11      -0.12      -0.09      -0.1       -0.05      -0.09      -0.08      -0.16      -0.13     )	   14.418229
292	(   0.03      -0.03      -0.11      -0.09      -0.1       -0.09      -0.08      -0.07      -0.08      -0.08      -0.1       -0.06      -0.13      -0.13     )	   14.448048
293	(  -0         -0.08      -0.12      -0.1       -0.11      -0.12      -0.09      -0.12      -0.13      -0.08      -0.11      -0.07      -0.15      -0.16     )	   14.355954
294	(   0.02      -0.03      -0.07      -0.06      -0.12      -0.09      -0.05      -0.09      -0.08      -0.07      -0.09      -0.08      -0.15      -0.1      )	   14.896853
295	(   0.02      -0.08      -0.1       -0.1       -0.12      -0.09      -0.09      -0.1       -0.1       -0.08      -0.11      -0.08      -0.15      -0.12     )	   13.906971
296	(   0.03      -0.1       -0.1       -0.11      -0.14      -0.08      -0.09      -0.11      -0.11      -0.09      -0.13      -0.1       -0.16      -0.11     )	   13.87881 
297	(   0.01      -0.04      -0.11      -0.12      -0.07      -0.12      -0.09      -0.11      -0.1       -0.04      -0.12      -0.07      -0.12      -0.14     )	   14.694454
298	(  -0.02      -0.07      -0.13      -0.1       -0.12      -0.09      -0.09      -0.11      -0.14      -0.04      -0.09      -0.09      -0.14      -0.1      )	   14.902477
299	(   0.02      -0.04      -0.08      -0.11      -0.12      -0.08      -0.1       -0.1       -0.08      -0.08      -0.11      -0.07      -0.11      -0.12     )	   14.121268
300	(   0.03      -0.04      -0.05      -0.1       -0.09      -0.1       -0.09      -0.08      -0.05      -0.1       -0.11      -0.04      -0.13      -0.15     )	   14.96772 
301	(  -0.01      -0.06      -0.11      -0.1       -0.11      -0.09      -0.09      -0.1       -0.12      -0.05      -0.09      -0.08      -0.14      -0.11     )	   14.487018
302	(  -0.01      -0.08      -0.12      -0.14      -0.09      -0.1       -0.13      -0.1       -0.12      -0.06      -0.11      -0.05      -0.12      -0.15     )	   14.738205
303	(   0.03      -0.05      -0.14      -0.11      -0.1       -0.12      -0.13      -0.12      -0.11      -0.07      -0.13      -0.09      -0.17      -0.13     )	   14.115556
304	(   0.03      -0.06      -0.13      -0.11      -0.1       -0.12      -0.13      -0.11      -0.14      -0.09      -0.15      -0.1       -0.18      -0.13     )	   14.007717
305	(   0.03      -0.03      -0.09      -0.06      -0.12      -0.1       -0.07      -0.1       -0.09      -0.08      -0.11      -0.1       -0.17      -0.1      )	   14.648286
306	(   0.03      -0.07      -0.12      -0.13      -0.12      -0.12      -0.11      -0.13      -0.13      -0.1       -0.11      -0.08      -0.15      -0.14     )	   13.595453
307	(   0.04      -0.08      -0.13      -0.16      -0.14      -0.14      -0.12      -0.15      -0.16      -0.12      -0.11      -0.09      -0.16      -0.16     )	   13.693932
308	(   0.02      -0.07      -0.1       -0.08      -0.15      -0.08      -0.11      -0.1       -0.12      -0.11      -0.1       -0.08      -0.18      -0.11     )	   14.410769
309	(   0         -0.09      -0.12      -0.15      -0.1       -0.1       -0.14      -0.11      -0.13      -0.08      -0.11      -0.05      -0.13      -0.15     )	   14.536189
310	(   0.04      -0.09      -0.11      -0.13      -0.11      -0.09      -0.11      -0.11      -0.1       -0.09      -0.11      -0.09      -0.16      -0.12     )	   13.652109
311	(   0.03       0.02      -0.18      -0.19      -0.06      -0.24      -0.17      -0.19      -0.19      -0.13      -0.05      -0.02      -0.12      -0.23     )	   20.614572
312	(   0.11       0.92      -0.73      -0.78      -0.69       0.54       0.43       0.63      -0.74       0.26       0.51       0.33       0.43       0.6      )	  926.405447
313	(   0.01      -0.09      -0.13      -0.14      -0.15      -0.11      -0.13      -0.11      -0.12      -0.11      -0.15      -0.11      -0.17      -0.13     )	   14.087348
314	(  -0.04       0.04      -0.23       0.19      -0.26      -0.3        0.11      -0.49      -0.09      -0.1       -0.19      -0.23       0.35      -0.17     )	   91.022037
315	(   0.05      -0.11      -0.08      -0.24      -0.07      -0.06      -0.18      -0.01      -0.14      -0.1       -0.08      -0.58      -0.05      -0.13     )	   37.884024
316	(   0.03      -0.07      -0.12      -0.13      -0.12      -0.12      -0.11      -0.13      -0.13      -0.6       -0.11      -0.08      -0.15      -0.14     )	   37.118951
317	(   0.04      -0.08      -0.11      -0.15      -0.11      -0.11      -0.13      -0.1        0.37      -0.1       -0.1       -0.07      -0.13      -0.14     )	   41.592814
318	(  -0.47      -0.09      -0.1       -0.18      -0.1       -0.09      -0.14      -0.08      -0.14      -0.1       -0.1       -0.06      -0.11      -0.14     )	   54.51481 
319	(   0.05       0.43      -0.09      -0.21      -0.09      -0.08      -0.16      -0.04      -0.14      -0.1       -0.09      -0.04      -0.08      -0.13     )	   49.339326
320	(   0.04      -0.09      -0.1       -0.18      -0.1       -0.09      -0.15      -0.07      -0.14      -0.1       -0.61      -0.06      -0.1       -0.14     )	   37.764496
321	(   0.07      -0.13      -0.06      -0.31      -0.04      -0.02       0.39       0.08      -0.15      -0.1       -0.07       0          0.02      -0.12     )	   45.613995
322	(   0.03      -0.06      -0.13      -0.11      -0.13      -0.13      -0.1       -0.15      -0.13      -0.1       -0.11      -0.09      -0.17       0.36     )	   36.882856
323	(   0.06      -0.12      -0.07      -0.27      -0.06      -0.62      -0.21       0.03      -0.15      -0.1       -0.08      -0.01      -0.02      -0.13     )	   52.856221

BBE ( SOL ) OBJ
324	(   0.01      -0.03      -0.15      -0.03       0.38      -0.18      -0.04      -0.25      -0.12      -0.1       -0.13      -0.13      -0.25      -0.15     )	   52.729846
325	(   0.01      -0.04       0.38      -0.06      -0.15      -0.16      -0.06      -0.21      -0.12      -0.1       -0.13      -0.11      -0.22      -0.15     )	   43.817615
326	(  -0.05       0.06      -0.24      -0.63      -0.28      -0.33       0.14      -0.54      -0.09      -0.1       -0.2       -0.25      -0.49      -0.17     )	  119.067073
327	(  -0.08       0.1       -0.29       0.37      -0.35      -0.41       0.24       0.36      -0.07      -0.1       -0.23      -0.31      -0.62      -0.19     )	  143.379531
328	(   0.04      -0.62      -0.12       0.67      -0.63      -0.06      -0.78      -0.07      -0.58       0.4        0.41       0.51      -0.17      -0.14     )	  371.313642
329	(   0.31      -0.3       -0.36       0.21      -0.13      -0.3       -0.11      -0.19      -0.25      -0.46       0.28      -0.33      -0.12      -0.4      )	   87.627526
330	(   0.01      -0.11      -0.11      -0.14      -0.15      -0.12      -0.14      -0.16      -0.15      -0.1       -0.14      -0.11      -0.19      -0.13     )	   14.589066
331	(   0.03      -0.05      -0.11      -0.1       -0.11      -0.1       -0.09      -0.09      -0.1       -0.08      -0.11      -0.07      -0.14      -0.13     )	   13.970306
332	(   0.06      -0.09      -0.22      -0.05      -0.14      -0.1       -0.16      -0.16      -0.14      -0.08      -0.13      -0.28      -0.16      -0.1      )	   17.239819
333	(   0.01      -0.06      -0.03      -0.2       -0.1       -0.14      -0.31      -0.1       -0.12      -0.12      -0.1       -0.13      -0.14      -0.17     )	   18.811004
334	(   0.23      -0.06      -0.08      -0.16      -0.11      -0.13      -0.09      -0.12      -0.12      -0.11      -0.1       -0.1       -0.14      -0.15     )	   17.987314
335	(   0.05      -0.08      -0.18      -0.08      -0.13      -0.11      -0.14      -0.15      -0.14      -0.09      -0.12      -0.05      -0.16      -0.34     )	   18.418516
336	(   0.02      -0.07      -0.09      -0.15      -0.11      -0.13      -0.1       -0.12      -0.13      -0.11      -0.31      -0.09      -0.15      -0.15     )	   17.161293
337	(   0.02      -0.27      -0.1       -0.15      -0.12      -0.12      -0.1       -0.12      -0.13      -0.11      -0.11      -0.09      -0.15      -0.15     )	   16.813502
338	(   0.02      -0.06      -0.07      -0.17      -0.11      -0.13      -0.08      -0.33      -0.12      -0.11      -0.1       -0.11      -0.14      -0.16     )	   18.647845
339	(   0.03      -0.07      -0.1       -0.15      -0.12      -0.12      -0.1       -0.12      -0.13      -0.1       -0.11      -0.09      -0.35      -0.15     )	   18.921646
340	(   0.02      -0.07      -0.1       -0.15      -0.12      -0.12      -0.1       -0.12      -0.33      -0.11      -0.11      -0.09      -0.15      -0.15     )	   17.907493
341	(   0.04      -0.08      -0.16      -0.1       -0.13      -0.11      -0.13      -0.14      -0.14      -0.3       -0.12      -0.06      -0.15      -0.13     )	   16.712061
342	(   0.04      -0.07      -0.15      -0.11       0.08      -0.11      -0.12      -0.14      -0.13      -0.09      -0.12      -0.06      -0.15      -0.13     )	   17.886453
343	(   0.02      -0.07      -0.09      -0.15      -0.11       0.08      -0.1       -0.12      -0.13      -0.11      -0.1       -0.1       -0.15      -0.15     )	   17.572234
344	(  -0.04      -0.03      -0.21      -0.33      -0.07      -0.17       0.01      -0.05      -0.09      -0.16      -0.07      -0.21      -0.12      -0.23     )	   25.496499
345	(  -0.02      -0.04       0.08       0.04      -0.08      -0.16      -0.01      -0.06      -0.1       -0.15      -0.07      -0.19      -0.13      -0.21     )	   21.399716
346	(   0.03      -0.05      -0.13      -0.13      -0.14      -0.12      -0.11      -0.11      -0.13      -0.1       -0.11      -0.07      -0.15      -0.13     )	   13.866764
347	(   0.23       0.1       -0.2        0.07      -0.15       0.08      -0.31      -0.33       0.07      -0.3        0.06      -0.28      -0.35      -0.34     )	   59.597508
348	(   0.04      -0.07      -0.15      -0.11      -0.15      -0.1       -0.09      -0.13      -0.13      -0.13      -0.15      -0.09      -0.15      -0.13     )	   13.724838
349	(   0.13      -0.02      -0.1       -0.12      -0.08      -0.13      -0.07      -0.17      -0.12      -0.1       -0.06      -0.1       -0.15      -0.16     )	   15.343203
350	(   0.04      -0.08      -0.13      -0.13      -0.13      -0.12      -0.12      -0.12      -0.13      -0.1       -0.13      -0.18      -0.15      -0.13     )	   13.503851
351	(   0.07      -0.11      -0.16      -0.13      -0.16      -0.12      -0.15      -0.09      -0.13      -0.1       -0.19      -0.48      -0.15      -0.1      )	   25.983299
352	(   0.23      -0.1        0.06       0.07      -0.16       0.08      -0.31      -0.19       0.07      -0.3       -0.31      -0.58       0.05      -0.23     )	   67.794495
353	(   0.06      -0.06      -0.12      -0.14      -0.14      -0.09      -0.13      -0.11      -0.1       -0.11      -0.14      -0.11      -0.16      -0.1      )	   13.571969
354	(   0.06      -0.08      -0.14      -0.13      -0.13      -0.11      -0.13      -0.12      -0.13      -0.11      -0.14      -0.13      -0.16      -0.12     )	   13.113647
355	(   0.1       -0.09      -0.16      -0.15      -0.14      -0.12      -0.15      -0.12      -0.15      -0.13      -0.16      -0.17      -0.16      -0.12     )	   12.98237 
356	(   0.06      -0.11      -0.17      -0.14      -0.14      -0.14      -0.13      -0.13      -0.16      -0.12      -0.15      -0.13      -0.21      -0.13     )	   13.738425
357	(   0.05      -0.1       -0.12      -0.14      -0.16      -0.1       -0.1       -0.11      -0.14      -0.14      -0.13      -0.12      -0.15      -0.12     )	   13.373   
358	(   0.08      -0.07      -0.12      -0.11      -0.11      -0.11      -0.09      -0.12      -0.13      -0.1       -0.11      -0.1       -0.15      -0.12     )	   13.449921
359	(   0.06      -0.1       -0.12      -0.14      -0.16      -0.1       -0.09      -0.12      -0.11      -0.12      -0.1       -0.11      -0.13      -0.12     )	   13.417773
360	(   0.07      -0.11      -0.14      -0.16      -0.16      -0.12      -0.13      -0.15      -0.15      -0.14      -0.14      -0.15      -0.17      -0.12     )	   13.169794
361	(   0.08      -0.09      -0.16      -0.17      -0.16      -0.13      -0.13      -0.15      -0.16      -0.15      -0.14      -0.15      -0.17      -0.13     )	   13.036012
362	(   0.08      -0.07      -0.17      -0.17      -0.14      -0.15      -0.14      -0.14      -0.16      -0.15      -0.13      -0.13      -0.16      -0.14     )	   13.011082
363	(   0.22      -0.12      -0.22      -0.21      -0.17      -0.15      -0.21      -0.12      -0.21      -0.19      -0.22      -0.29      -0.16      -0.12     )	   16.388581

BBE ( SOL ) OBJ
364	(   0.03       0.1        0.09       0.11      -0.17       0.08      -0.31      -0.19       0.05      -0.3       -0.21      -0.58      -0.15      -0.23     )	   66.525425
365	(   0.06      -0.06      -0.1       -0.14      -0.14      -0.09      -0.1       -0.12      -0.11      -0.12      -0.11      -0.11      -0.1       -0.12     )	   13.430342
366	(   0.12      -0.05      -0.2       -0.2       -0.12      -0.12      -0.07      -0.1       -0.16      -0.12      -0.11      -0.22      -0.17      -0.22     )	   15.314843
367	(   0.11      -0.07      -0.18      -0.18      -0.24      -0.12      -0.11      -0.11      -0.16      -0.12      -0.14      -0.2       -0.16      -0.1      )	   14.605536
368	(   0.1       -0.09      -0.16      -0.15      -0.14      -0.02      -0.15      -0.12      -0.15      -0.13      -0.16      -0.17      -0.16      -0.12     )	   14.52628 
369	(   0.11      -0.06      -0.19      -0.19      -0.13      -0.12      -0.09      -0.22      -0.16      -0.12      -0.13      -0.21      -0.16      -0.1      )	   14.823567
370	(   0.1       -0.1       -0.15      -0.14      -0.14      -0.12      -0.17      -0.12      -0.35      -0.13      -0.17      -0.16      -0.16      -0.13     )	   16.993985
371	(   0.1       -0.08      -0.17      -0.16      -0.14      -0.12      -0.14      -0.12      -0.15      -0.13      -0.15      -0.18      -0.06      -0.12     )	   13.741186
372	(   0.09      -0.12      -0.13      -0.11      -0.15      -0.12      -0.21      -0.14      -0.14      -0.14       0.04      -0.13      -0.16      -0.14     )	   16.754484
373	(  -0.1       -0.08      -0.17      -0.16      -0.14      -0.12      -0.13      -0.11      -0.15      -0.13      -0.15      -0.18      -0.16      -0.11     )	   20.169562
374	(   0.1       -0.08      -0.17      -0.16      -0.14      -0.12      -0.14      -0.12      -0.15      -0.33      -0.15      -0.18      -0.16      -0.11     )	   16.40345 
375	(   0.09      -0.12      -0.36      -0.12      -0.15      -0.12      -0.2       -0.13      -0.14      -0.14      -0.19      -0.14      -0.16      -0.14     )	   17.9243  
376	(   0.12      -0.05      -0.2        0.05      -0.12      -0.12      -0.08      -0.1       -0.16      -0.12      -0.12      -0.22      -0.17      -0.1      )	   18.628193
377	(   0.06      -0.01      -0.06      -0.02      -0.18      -0.12      -0.35      -0.17      -0.11      -0.16      -0.27      -0.04      -0.15      -0.19     )	   22.91173 
378	(   0.06      -0.19      -0.08      -0.04      -0.18      -0.12       0.05      -0.17      -0.12      -0.16      -0.26      -0.05      -0.15      -0.18     )	   21.422062
379	(   0.11      -0.08      -0.17      -0.17      -0.13      -0.12      -0.12      -0.11      -0.15      -0.13      -0.15       0.33      -0.16      -0.11     )	   40.883609
380	(   0.25      -0.19       0.12      -0.27      -0.08      -0.22      -0.34      -0.06       0.07       0.05      -0.49      -0.56      -0.14      -0.06     )	   83.062787
381	(   0.02       0          0.01       0.05      -0.24      -0.15      -0.35      -0.213     -0.35      -0.32       0.04      -0.48      -0.19      -0.03     )	   54.941509
382	(   0.08      -0.0943    -0.11      -0.18      -0.1271    -0.1271    -0.15      -0.1229    -0.14      -0.11      -0.1       -0.16      -0.1543    -0.1214   )	   13.365223
383	(   0.09      -0.0863    -0.13      -0.13      -0.1353    -0.0853    -0.12      -0.099     -0.1       -0.12      -0.14      -0.17      -0.1435    -0.0859   )	   13.766021
384	(   0.05      -0.0816    -0.13      -0.15      -0.1388    -0.1263    -0.12      -0.1372    -0.15      -0.12      -0.12      -0.11      -0.1559    -0.1415   )	   13.183687
385	(   0.09      -0.0751    -0.15      -0.16      -0.1694    -0.1405    -0.13      -0.1429    -0.17      -0.15      -0.14      -0.17      -0.1429    -0.129    )	   12.911983
386	(   0.11      -0.0677    -0.17      -0.18      -0.1991    -0.1657    -0.14      -0.1593    -0.21      -0.18      -0.16      -0.21      -0.1343    -0.1335   )	   13.697136
387	(   0.11      -0.0959    -0.15      -0.17      -0.1665    -0.1134    -0.13      -0.1247    -0.15      -0.15      -0.15      -0.19      -0.1519    -0.1074   )	   13.256767
388	(   0.08      -0.111     -0.15      -0.16      -0.1503    -0.1468    -0.11      -0.1468    -0.18      -0.15      -0.12      -0.17      -0.1407    -0.1485   )	   13.185716
389	(   0.11      -0.0954    -0.14      -0.17      -0.1632    -0.1206    -0.12      -0.1406    -0.16      -0.16      -0.13      -0.1       -0.1494    -0.1211   )	   13.201158
390	(   0.07      -0.109     -0.16      -0.2       -0.1908    -0.1321    -0.16      -0.1436    -0.16      -0.17      -0.15      -0.18      -0.1493    -0.1313   )	   13.893895
391	(   0.08      -0.0798    -0.13      -0.13      -0.1302    -0.1155    -0.11      -0.1259    -0.14      -0.12      -0.12      -0.12      -0.1498    -0.1228   )	   12.980814
392	(   0.1       -0.1219    -0.18      -0.17      -0.1594    -0.1557    -0.15      -0.1444    -0.19      -0.15      -0.15      -0.17      -0.2064    -0.1317   )	   13.50492 
393	(   0.07      -0.0755    -0.12      -0.15      -0.1448    -0.1064    -0.11      -0.1261    -0.13      -0.13      -0.12      -0.13      -0.1266    -0.1229   )	   13.025177
394	(   0.1       -0.0784    -0.16      -0.17      -0.1372    -0.1467    -0.16      -0.1453    -0.19      -0.15      -0.16      -0.18      -0.1759    -0.1321   )	   13.04967 
395	(   0.12      -0.0753    -0.17      -0.18      -0.1339    -0.1533    -0.16      -0.1603    -0.17      -0.13      -0.14      -0.17      -0.1596    -0.1338   )	   12.83792 
396	(   0.15      -0.0629    -0.19      -0.2       -0.1209    -0.18      -0.19      -0.1855    -0.18      -0.13      -0.14      -0.2       -0.1644    -0.1407   )	   13.438802
397	(   0.09      -0.0783    -0.19      -0.14      -0.1678    -0.13      -0.11      -0.1528    -0.17      -0.17      -0.17      -0.14      -0.1561    -0.1342   )	   13.294284
398	(   0.09      -0.0823    -0.17      -0.15      -0.1576    -0.1293    -0.12      -0.1453    -0.16      -0.15      -0.15      -0.14      -0.1556    -0.131    )	   12.887605
399	(   0.06      -0.0747    -0.15      -0.14      -0.1271    -0.1459    -0.13      -0.1539    -0.16      -0.13      -0.12      -0.1       -0.159     -0.1516   )	   13.237664
400	(   0.07      -0.08      -0.15      -0.15      -0.137     -0.1378    -0.13      -0.1466    -0.16      -0.13      -0.13      -0.12      -0.1572    -0.1405   )	   12.947367
401	(   0.05      -0.073     -0.16      -0.14      -0.1267    -0.1412    -0.14      -0.1389    -0.15      -0.11      -0.14      -0.19      -0.1626    -0.1406   )	   13.631179
402	(   0.1       -0.0898    -0.15      -0.16      -0.1541    -0.1258    -0.13      -0.1402    -0.16      -0.15      -0.13      -0.12      -0.1527    -0.126    )	   12.859788
403	(   0.09      -0.0544    -0.15      -0.15      -0.1401    -0.112     -0.15      -0.1317    -0.13      -0.12      -0.15      -0.11      -0.173     -0.11     )	   13.278881

BBE ( SOL ) OBJ
404	(   0.08      -0.0969    -0.15      -0.16      -0.1478    -0.1381    -0.12      -0.143     -0.17      -0.14      -0.13      -0.16      -0.1488    -0.1389   )	   12.932222
405	(   0.12      -0.086     -0.17      -0.16      -0.1529    -0.1342    -0.14      -0.1422    -0.16      -0.16      -0.16      -0.18      -0.1568    -0.1166   )	   12.889459
406	(   0.11      -0.0542    -0.17      -0.15      -0.1307    -0.1425    -0.14      -0.1283    -0.17      -0.14      -0.14      -0.15      -0.1408    -0.1377   )	   12.860444
407	(   0.12      -0.0805    -0.17      -0.19      -0.1608    -0.1572    -0.14      -0.1594    -0.19      -0.17      -0.14      -0.17      -0.1481    -0.1402   )	   12.897482
408	(   0.09      -0.0824    -0.15      -0.15      -0.157     -0.122     -0.1       -0.1362    -0.13      -0.14      -0.12      -0.12      -0.1282    -0.1292   )	   13.022823
409	(   0.11      -0.0697    -0.15      -0.15      -0.1337    -0.1375    -0.13      -0.1295    -0.16      -0.13      -0.13      -0.14      -0.1282    -0.1312   )	   12.820276
410	(   0.12      -0.0595    -0.15      -0.13      -0.1206    -0.1413    -0.13      -0.1192    -0.16      -0.13      -0.13      -0.14      -0.1072    -0.1318   )	   13.149977
411	(   0.12      -0.0834    -0.2       -0.17      -0.1474    -0.1656    -0.15      -0.1539    -0.19      -0.15      -0.15      -0.16      -0.1718    -0.1395   )	   12.979013
412	(   0.11      -0.0766    -0.17      -0.17      -0.1338    -0.1562    -0.17      -0.1463    -0.2       -0.15      -0.16      -0.18      -0.1764    -0.1347   )	   13.083879
413	(   0.09      -0.081     -0.16      -0.15      -0.1512    -0.1305    -0.12      -0.1387    -0.15      -0.14      -0.13      -0.14      -0.1403    -0.1306   )	   12.799188
414	(   0.12      -0.0906    -0.15      -0.15      -0.1524    -0.1254    -0.13      -0.1423    -0.17      -0.13      -0.15      -0.17      -0.1418    -0.1225   )	   12.906508
415	(   0.1       -0.0707    -0.16      -0.17      -0.1542    -0.1562    -0.11      -0.1655    -0.18      -0.15      -0.12      -0.13      -0.1392    -0.1429   )	   13.053959
416	(   0.1       -0.0852    -0.16      -0.15      -0.1435    -0.129     -0.14      -0.1314    -0.16      -0.14      -0.15      -0.16      -0.1548    -0.1257   )	   12.777604
417	(   0.13      -0.0816    -0.19      -0.19      -0.1659    -0.1626    -0.16      -0.1604    -0.19      -0.17      -0.16      -0.19      -0.1501    -0.1405   )	   12.96762 
418	(   0.13      -0.0952    -0.16      -0.15      -0.1235    -0.129     -0.2       -0.1114    -0.19      -0.14      -0.21      -0.22      -0.1948    -0.1157   )	   14.324975
419	(   0.12      -0.1152     0.04       0.05       0.0465     0.051     -0.35      -0.3314    -0.35      -0.33       0.04      -0.48      -0.3548    -0.2257   )	   66.436193
420	(   0.09      -0.0752    -0.12      -0.15      -0.1535    -0.109     -0.12      -0.1314    -0.14      -0.14      -0.13      -0.15      -0.1248    -0.1257   )	   12.928741
421	(   0.1       -0.0652    -0.18      -0.14      -0.1335    -0.119     -0.08      -0.1514    -0.17      -0.24      -0.15      -0.15      -0.1548    -0.1357   )	   14.209556
422	(   0.1       -0.0852    -0.16      -0.15      -0.1435    -0.129     -0.13      -0.1314    -0.16      -0.14      -0.15      -0.16      -0.0548    -0.1257   )	   13.57907 
423	(   0.1       -0.0752    -0.17      -0.14      -0.1435    -0.129     -0.11      -0.1414    -0.17      -0.13      -0.15      -0.16      -0.1548    -0.0257   )	   14.587174
424	(   0.1       -0.0752    -0.17      -0.14      -0.1435    -0.229     -0.11      -0.1414    -0.17      -0.13      -0.15      -0.16      -0.1548    -0.1257   )	   13.589525
425	(   0.1       -0.1252    -0.13      -0.17      -0.1635    -0.139     -0.24      -0.2314    -0.13      -0.16      -0.15      -0.18      -0.1548    -0.1157   )	   14.751837
426	(   0.1       -0.0652    -0.17      -0.14      -0.2435    -0.129     -0.09      -0.1514    -0.17      -0.13      -0.15      -0.15      -0.1548    -0.1357   )	   14.0336  
427	(   0.2       -0.0852    -0.16      -0.15      -0.1435    -0.129     -0.13      -0.1314    -0.16      -0.14      -0.15      -0.16      -0.1548    -0.1257   )	   14.390844
428	(   0.1       -0.0552    -0.18      -0.13      -0.1335    -0.119     -0.07      -0.1514    -0.06      -0.12      -0.15      -0.15      -0.1548    -0.1357   )	   14.242371
429	(   0.09       0.0148    -0.24      -0.09      -0.0935    -0.099     -0.29      -0.2214    -0.23      -0.08      -0.16      -0.11      -0.1648    -0.1557   )	   19.958989
430	(   0.1       -0.0852    -0.16      -0.15      -0.1435    -0.129     -0.14      -0.1314    -0.16      -0.14       0.05      -0.16      -0.1548    -0.1257   )	   16.823821
431	(   0.1       -0.1052    -0.14      -0.05      -0.1535    -0.139     -0.21      -0.1114    -0.14      -0.15      -0.15      -0.17      -0.1548    -0.1157   )	   14.298335
432	(   0.1        0.0148    -0.12      -0.18      -0.1635    -0.139     -0.28      -0.0914    -0.13      -0.17      -0.15      -0.18      -0.1548    -0.1157   )	   15.812234
433	(   0.1       -0.1152    -0.26      -0.17      -0.1635    -0.139     -0.24      -0.1014    -0.14      -0.16      -0.15      -0.18      -0.1548    -0.1157   )	   15.344323
434	(   0.1       -0.0952    -0.15      -0.15      -0.1435    -0.129     -0.16      -0.1214    -0.15      -0.14      -0.15       0.04      -0.1548    -0.1257   )	   16.367975
435	(   0.09      -0.2052    -0.19      -0.25      -0.1235    -0.019     -0.05      -0.1414    -0.3       -0.13      -0.15      -0.14      -0.2548    -0.1957   )	   21.10401 
436	(   0.13      -0.0978    -0.16      -0.15      -0.1204    -0.1245    -0.2       -0.1095    -0.19      -0.14      -0.21      -0.22      -0.1983    -0.111    )	   14.487227
437	(   0.09      -0.1242    -0.26      -0.05      -0.2435    -0.07      -0.29      -0.2314    -0.11      -0.0402    -0.01       0.04      -0.0548    -0.0257   )	   26.849979
438	(   0.0714    -0.0787    -0.1229    -0.1257    -0.131     -0.1074    -0.1       -0.1227    -0.1371    -0.1157    -0.12      -0.12      -0.1431    -0.1208   )	   13.080949
439	(   0.1154    -0.0809    -0.1732    -0.1739    -0.1572    -0.1488    -0.15      -0.151     -0.1768    -0.1564    -0.15      -0.17      -0.1484    -0.1356   )	   12.742813
440	(   0.1654    -0.0709    -0.2132    -0.2439    -0.1972    -0.2088    -0.18      -0.211     -0.2268    -0.2064    -0.15      -0.2       -0.1284    -0.1656   )	   14.421617
441	(   0.0254    -0.2609    -0.2132    -0.3339     0.0128    -0.2388     0.05      -0.001     -0.3468     0.0236    -0.29       0.03       0.0516     0.0544   )	   44.17036 
442	(   0.1354    -0.0809    -0.1632    -0.1739    -0.1672    -0.1288    -0.14      -0.141     -0.1668    -0.1564    -0.15      -0.19      -0.1384    -0.1156   )	   13.068837
443	(   0.0854    -0.0809    -0.1532    -0.1539    -0.1472    -0.1388    -0.13      -0.141     -0.1668    -0.1364    -0.14      -0.14      -0.1484    -0.1356   )	   12.777157

BBE ( SOL ) OBJ
444	(   0.1054    -0.0809    -0.1832    -0.1739    -0.1672    -0.1488    -0.15      -0.151     -0.0768    -0.1564    -0.15      -0.17      -0.1484    -0.1256   )	   13.454145
445	(   0.1454    -0.0809    -0.1532    -0.0739    -0.1172    -0.1588    -0.15      -0.161     -0.1668    -0.1564    -0.14      -0.18      -0.1484    -0.1556   )	   13.507205
446	(   0.1554    -0.0909    -0.2732    -0.2039    -0.1072    -0.1588    -0.15      -0.171     -0.1668    -0.1664    -0.14      -0.19      -0.1484    -0.1656   )	   14.551686
447	(   0.0954    -0.0809    -0.1832    -0.1639    -0.1772    -0.1388    -0.15      -0.251     -0.1768    -0.1564    -0.15      -0.16      -0.1484    -0.1256   )	   14.133563
448	(   0.1254    -0.0809    -0.1632    -0.1739    -0.1472    -0.1488    -0.15      -0.151     -0.1768    -0.1564    -0.25      -0.17      -0.1484    -0.1456   )	   13.481134
449	(   0.1054    -0.1809    -0.1732    -0.1739    -0.1672    -0.1488    -0.15      -0.151     -0.1768    -0.1564    -0.15      -0.17      -0.1484    -0.1356   )	   13.926906
450	(   0.1354    -0.0809    -0.1632    -0.1839    -0.1372    -0.1588    -0.15      -0.161     -0.1768    -0.1564    -0.15      -0.07      -0.1484    -0.1456   )	   13.455459
451	(   0.1154    -0.0809    -0.1732    -0.1739    -0.1572    -0.1488    -0.25      -0.151     -0.1768    -0.1564    -0.15      -0.17      -0.1484    -0.1356   )	   13.636631
452	(   0.1154    -0.0809    -0.1732    -0.1739    -0.1672    -0.1488    -0.15      -0.151     -0.1768    -0.1564    -0.15      -0.17      -0.2484    -0.1356   )	   13.592055
453	(   0.1254    -0.0809    -0.1732    -0.1739    -0.1472    -0.1488    -0.15      -0.151     -0.1768    -0.0564    -0.15      -0.17      -0.1484    -0.1356   )	   13.696779
454	(   0.0954    -0.0809    -0.1832    -0.1639    -0.1772    -0.2488    -0.15      -0.141     -0.1768    -0.1564    -0.15      -0.16      -0.1484    -0.1256   )	   14.047905
455	(   0.0254    -0.0909    -0.1132    -0.2239    -0.0572    -0.1788    -0.14      -0.181     -0.1668    -0.1664    -0.14      -0.2       -0.1584    -0.1956   )	   16.708212
456	(   0.0754    -0.0709    -0.2032    -0.1539    -0.2072    -0.1388    -0.15      -0.131     -0.1868    -0.1464    -0.16      -0.15      -0.1484    -0.2356   )	   14.601583
457	(   0.0154    -0.0709    -0.2432    -0.1139    -0.0972    -0.1188    -0.16      -0.121     -0.1968    -0.1464    -0.17      -0.13      -0.1384    -0.0656   )	   16.587957
458	(   0.1154    -0.0709    -0.1632    -0.1739    -0.1672    -0.1488    -0.15      -0.151     -0.1768    -0.1564    -0.15      -0.17      -0.1484    -0.1356   )	   12.721025
459	(   0.1154    -0.0409    -0.1332    -0.1739    -0.1972    -0.1488    -0.15      -0.151     -0.1768    -0.1564    -0.15      -0.17      -0.1484    -0.1356   )	   12.984772
460	(   0.1254     0.0391     0.0168    -0.3339    -0.2472    -0.2488     0.05      -0.331     -0.0868    -0.3264    -0.31       0.03      -0.0984     0.0544   )	   45.339901
461	(   0.1254    -0.0809    -0.2032    -0.1739    -0.1472    -0.1688    -0.15      -0.151     -0.1968    -0.1464    -0.16      -0.16      -0.1684    -0.1356   )	   13.064455
462	(   0.0954    -0.0809    -0.1432    -0.1539    -0.1472    -0.1288    -0.13      -0.141     -0.1568    -0.1464    -0.14      -0.15      -0.1384    -0.1256   )	   12.730614
463	(   0.1254    -0.0809    -0.1732    -0.1639    -0.1272    -0.1388    -0.14      -0.141     -0.1668    -0.1364    -0.15      -0.14      -0.1484    -0.1356   )	   12.824262
464	(   0.1154    -0.0709    -0.1632    -0.1739    -0.1672    -0.1488    -0.14      -0.151     -0.1768    -0.1564    -0.15      -0.07      -0.1484    -0.1356   )	   13.402291
465	(   0.1254    -0.0709    -0.1732    -0.1739    -0.1672    -0.1488    -0.17      -0.141     -0.0768    -0.1464    -0.14      -0.17      -0.1484    -0.1356   )	   13.362671
466	(   0.1054    -0.0709    -0.1632    -0.1739    -0.1672    -0.1488    -0.14      -0.161     -0.1768    -0.1564    -0.16      -0.17      -0.2484    -0.1356   )	   13.714296
467	(   0.0954    -0.0709    -0.1532    -0.1739    -0.2672    -0.1588    -0.13      -0.161     -0.1668    -0.1664    -0.16      -0.17      -0.1484    -0.1256   )	   14.339238
468	(   0.0954    -0.0709    -0.1532    -0.1739    -0.1572    -0.1588    -0.12      -0.161     -0.1668    -0.0564    -0.16      -0.17      -0.1484    -0.1256   )	   13.831388
469	(   0.1054    -0.1709    -0.1632    -0.1739    -0.1672    -0.1488    -0.14      -0.161     -0.1768    -0.1564    -0.16      -0.17      -0.1484    -0.1356   )	   13.715994
470	(   0.1254    -0.0709    -0.1632    -0.0739    -0.1672    -0.1488    -0.16      -0.141     -0.1768    -0.1564    -0.15      -0.17      -0.1484    -0.1356   )	   13.365797
471	(   0.1454    -0.0809    -0.1732    -0.1839    -0.1772    -0.1388    -0.19      -0.131     -0.1868    -0.1464    -0.25      -0.17      -0.1584    -0.1456   )	   13.689384
472	(   0.1054    -0.0709    -0.1532    -0.1739    -0.1672    -0.0488    -0.13      -0.161     -0.1768    -0.1664    -0.16      -0.17      -0.1484    -0.1356   )	   13.85031 
473	(   0.0154    -0.0809    -0.1932    -0.1839    -0.1872    -0.1288    -0.24      -0.101     -0.1968    -0.1264    -0.11      -0.16      -0.1684    -0.1556   )	   17.165135
474	(   0.0954    -0.0709    -0.2632    -0.1739    -0.1572    -0.1588    -0.12      -0.171     -0.1668    -0.1664    -0.16      -0.17      -0.1384    -0.1256   )	   14.588105
475	(   0.0954    -0.0709    -0.1532    -0.1739    -0.1572    -0.1488    -0.13      -0.161     -0.1768    -0.1664    -0.16      -0.17      -0.1484    -0.2356   )	   13.471139
476	(   0.0754    -0.0609    -0.1432    -0.1639    -0.1472    -0.1588    -0.09      -0.051     -0.1668    -0.1764    -0.18      -0.17      -0.1384    -0.1156   )	   14.45652 
477	(   0.0154    -0.0509    -0.1132    -0.1539    -0.1272    -0.1788    -0.19      -0.231     -0.1468    -0.1964    -0.21      -0.18      -0.1184    -0.0956   )	   17.312979
478	(   0.1454    -0.0709    -0.1732    -0.1839    -0.1572    -0.1588    -0.18      -0.191     -0.1968    -0.1564    -0.13      -0.17      -0.1484    -0.1456   )	   12.936797
479	(   0.1577    -0.1709    -0.08      -0.0739    -0.08      -0.2488    -0.07      -0.251     -0.0768    -0.0564    -0.25      -0.22      -0.2484    -0.2356   )	   22.449242
480	(   0.0939    -0.0663    -0.1751    -0.1728    -0.1425    -0.1522    -0.1443    -0.1435    -0.162     -0.1617    -0.1357    -0.1357    -0.1538    -0.1405   )	   12.901322
481	(   0.1004    -0.0724    -0.1689    -0.1671    -0.145     -0.1455    -0.1407    -0.1432    -0.164     -0.1538    -0.1393    -0.1443    -0.1508    -0.136    )	   12.746394
482	(   0.1654    -0.0736    -0.1521    -0.1658    -0.1461    -0.1463    -0.1445    -0.1703    -0.1747    -0.1674    -0.141     -0.1658    -0.1592    -0.1447   )	   12.872228
483	(   0.1075    -0.0725    -0.1564    -0.169     -0.1544    -0.1473    -0.1467    -0.1628    -0.1755    -0.1631    -0.2       -0.1674    -0.155     -0.1411   )	   12.923233

BBE ( SOL ) OBJ
484	(   0.0817    -0.0778    -0.1344    -0.1529    -0.2137    -0.1424    -0.1358    -0.201     -0.1714    -0.1848    -0.1267    -0.1591    -0.1763    -0.1591   )	   13.872342
485	(   0.1171    -0.0706    -0.1646    -0.1749    -0.1699    -0.1491    -0.1507    -0.1485    -0.1268    -0.155     -0.1512    -0.1705    -0.147     -0.1344   )	   12.764465
486	(   0.1054    -0.0729    -0.1547    -0.1677    -0.1511    -0.1469    -0.1458    -0.1658    -0.1752    -0.1648    -0.1431    -0.1668    -0.0984    -0.1426   )	   12.988251
487	(   0.1109    -0.0718    -0.1593    -0.1711    -0.1599    -0.1479    -0.2       -0.1577    -0.1761    -0.1602    -0.1469    -0.1685    -0.1521    -0.1388   )	   12.911224
488	(   0.1224    -0.0695    -0.1692    -0.1239    -0.1785    -0.1501    -0.1529    -0.1406    -0.1779    -0.1505    -0.1548    -0.1723    -0.1426    -0.1307   )	   12.897798
489	(   0.1234    -0.0693    -0.17      -0.1789    -0.1802    -0.1503    -0.1534    -0.1391    -0.1781    -0.1496    -0.1555    -0.1726    -0.1418    -0.1856   )	   12.762826
490	(   0.1174    -0.0705    -0.1649    -0.1751    -0.1704    -0.0988    -0.1508    -0.1481    -0.1771    -0.1547    -0.1514    -0.1706    -0.1468    -0.1342   )	   13.049315
491	(   0.1188    -0.0702    -0.1661    -0.176     -0.1727    -0.1495    -0.1514    -0.1459    -0.1774    -0.1535    -0.1524    -0.12      -0.1456    -0.1332   )	   12.859269
492	(   0.1175    -0.1209    -0.165     -0.1752    -0.1706    -0.1492    -0.1509    -0.1478    -0.1771    -0.1546    -0.1515    -0.1707    -0.1466    -0.1341   )	   12.94604 
493	(   0.1256    -0.0688    -0.1719    -0.1803    -0.1837    -0.1507    -0.1543    -0.1358    -0.1784    -0.2064    -0.1571    -0.1733    -0.1399    -0.1285   )	   13.146784
494	(   0.105     -0.073     -0.2132    -0.1674    -0.1504    -0.1468    -0.1456    -0.1664    -0.1751    -0.1652    -0.1428    -0.1666    -0.157     -0.1429   )	   13.207802
495	(   0.0873    -0.0766    -0.1392    -0.1564    -0.1218    -0.1435    -0.1382    -0.101     -0.1723    -0.1801    -0.1306    -0.1609    -0.1717    -0.1552   )	   13.207367
496	(   0.1537    -0.0125    -0.196     -0.2525    -0.1292    -0.2067    -0.1145    -0.0941    -0.1836    -0.1231    -0.1214    -0.1831    -0.1744    -0.0638   )	   16.525083
497	(   0.1454    -0.0738    -0.1332    -0.19      -0.1991    -0.1415    -0.18      -0.154     -0.15      -0.18      -0.17      -0.1304    -0.1282    -0.1456   )	   13.116049
498	(   0.1067    -0.0998    -0.1537    -0.1795    -0.1736    -0.1396    -0.1423    -0.1577    -0.1572    -0.1506    -0.1469    -0.1511    -0.1525    -0.1344   )	   12.787126
499	(   0.1176    -0.0656    -0.1742    -0.1723    -0.153     -0.1582    -0.1541    -0.1483    -0.1668    -0.1406    -0.1593    -0.1855    -0.1405    -0.1473   )	   12.764144
500	(   0.0987    -0.0846    -0.1592    -0.1557    -0.1316    -0.1358    -0.1331    -0.1429    -0.1479    -0.1353    -0.1379    -0.1949    -0.1469    -0.1421   )	   12.906732
501	(   0.1138    -0.0738    -0.1644    -0.1709    -0.1624    -0.1461    -0.1468    -0.1452    -0.17      -0.149     -0.1488    -0.1387    -0.1459    -0.1354   )	   12.693036
502	(   0.0966    -0.0793    -0.1545    -0.1504    -0.1745    -0.131     -0.1226    -0.1264    -0.1553    -0.1615    -0.1516    -0.1404    -0.1309    -0.1417   )	   12.843999
503	(   0.1141    -0.0763    -0.1661    -0.1726    -0.144     -0.1477    -0.1506    -0.1518    -0.1663    -0.1379    -0.1429    -0.1626    -0.1524    -0.1358   )	   12.691732
504	(   0.0896    -0.073     -0.1503    -0.1678    -0.1836    -0.1467    -0.1441    -0.1472    -0.1584    -0.1553    -0.1406    -0.1736    -0.1427    -0.1399   )	   12.941279
505	(   0.1164    -0.0789    -0.1675    -0.1649    -0.1413    -0.1408    -0.141     -0.1426    -0.1647    -0.1411    -0.1476    -0.1484    -0.147     -0.1367   )	   12.677559
506	(   0.1059    -0.0855    -0.176     -0.1838    -0.1781    -0.1485    -0.1557    -0.1606    -0.1659    -0.1633    -0.1631    -0.1748    -0.1656    -0.1451   )	   12.937351
507	(   0.109     -0.0737    -0.1565    -0.1585    -0.1448    -0.1403    -0.1364    -0.1373    -0.1615    -0.1383    -0.1383    -0.1487    -0.1376    -0.1347   )	   12.682368
508	(   0.1286    -0.0732    -0.1655    -0.185     -0.1597    -0.1569    -0.168     -0.1512    -0.1775    -0.1531    -0.1643    -0.1761    -0.1531    -0.1463   )	   12.659252
509	(   0.1479    -0.0693    -0.1683    -0.2025    -0.164     -0.1701    -0.192     -0.1574    -0.1913    -0.1596    -0.1814    -0.1941    -0.1595    -0.1542   )	   12.865344
510	(   0.115     -0.0506    -0.1735    -0.1563    -0.1353    -0.1503    -0.1494    -0.1312    -0.1732    -0.1428    -0.1498    -0.1685    -0.141     -0.1442   )	   12.848895
511	(   0.1088    -0.0875    -0.1587    -0.1737    -0.164     -0.1423    -0.1441    -0.1511    -0.1612    -0.1487    -0.1476    -0.1555    -0.1496    -0.1369   )	   12.668021
512	(   0.123     -0.0655    -0.167     -0.1892    -0.1684    -0.1628    -0.1523    -0.1604    -0.1706    -0.1547    -0.1464    -0.159     -0.138     -0.1545   )	   12.692633
513	(   0.1429    -0.0676    -0.1758    -0.1903    -0.1677    -0.1564    -0.1654    -0.1535    -0.1643    -0.1609    -0.1573    -0.1817    -0.1429    -0.1473   )	   12.701985
514	(   0.1149    -0.0775    -0.166     -0.1715    -0.1447    -0.1471    -0.1468    -0.1467    -0.2097    -0.1431    -0.147     -0.1528    -0.1437    -0.1504   )	   12.907524
515	(   0.1166    -0.0723    -0.165     -0.1741    -0.1636    -0.1486    -0.1497    -0.1481    -0.1475    -0.152     -0.1501    -0.1661    -0.1462    -0.1384   )	   12.645632
516	(   0.1143    -0.0834    -0.1551    -0.1744    -0.1631    -0.1367    -0.1428    -0.1469    -0.1669    -0.1592    -0.1376    -0.135     -0.151     -0.1362   )	   12.721941
517	(   0.1072    -0.0817    -0.1572    -0.1672    -0.1335    -0.1426    -0.142     -0.1572    -0.154     -0.1515    -0.1388    -0.1426    -0.151     -0.0908   )	   13.079045
518	(   0.1193    -0.0724    -0.1668    -0.176     -0.1685    -0.1484    -0.1506    -0.1436    -0.1721    -0.1501    -0.1513    -0.1651    -0.1441    -0.1619   )	   12.627086
519	(   0.1329    -0.0786    -0.158     -0.1802    -0.172     -0.1478    -0.1561    -0.1532    -0.1693    -0.1468    -0.1567    -0.1738    -0.1411    -0.1441   )	   12.652824
520	(   0.1204    -0.0698    -0.1515    -0.1743    -0.1619    -0.1444    -0.1477    -0.1457    -0.1554    -0.1428    -0.147     -0.1487    -0.1424    -0.1457   )	   12.594516
521	(   0.1229    -0.0643    -0.1406    -0.1745    -0.1643    -0.1422    -0.1465    -0.1431    -0.1447    -0.136     -0.1455    -0.138     -0.1394    -0.1508   )	   12.667555
522	(   0.144     -0.0682    -0.1827    -0.1972    -0.174     -0.1666    -0.1702    -0.1564    -0.1752    -0.1523    -0.158     -0.1685    -0.153     -0.1586   )	   12.697186
523	(   0.1293    -0.0636    -0.1747    -0.18      -0.1597    -0.163     -0.1613    -0.1518    -0.1663    -0.1385    -0.1633    -0.1883    -0.1407    -0.1512   )	   12.751237

BBE ( SOL ) OBJ
524	(   0.1181    -0.0784    -0.16      -0.1758    -0.1622    -0.1433    -0.1474    -0.1481    -0.1668    -0.154     -0.144     -0.1483    -0.1484    -0.14     )	   12.635562
525	(   0.1286    -0.0771    -0.1662    -0.1808    -0.1549    -0.1501    -0.1538    -0.1473    -0.155     -0.141     -0.15      -0.1502    -0.1433    -0.1524   )	   12.609987
526	(   0.099     -0.0818    -0.1522    -0.163     -0.1525    -0.1416    -0.1367    -0.1439    -0.1661    -0.1336    -0.1417    -0.134     -0.1488    -0.1415   )	   12.690324
527	(   0.0915    -0.0831    -0.1409    -0.1512    -0.1432    -0.1278    -0.1271    -0.1392    -0.1539    -0.1396    -0.1387    -0.1422    -0.1381    -0.1277   )	   12.728491
528	(   0.1309    -0.0719    -0.1723    -0.1857    -0.1663    -0.1569    -0.1594    -0.1521    -0.1699    -0.1491    -0.1532    -0.1619    -0.1493    -0.1509   )	   12.621841
529	(   0.1242    -0.0773    -0.1604    -0.1796    -0.1553    -0.1499    -0.1523    -0.1514    -0.1591    -0.1429    -0.1485    -0.1754    -0.1457    -0.1531   )	   12.603882
530	(   0.1151    -0.0872    -0.1568    -0.16      -0.1475    -0.1313    -0.1468    -0.1349    -0.1569    -0.1355    -0.1512    -0.1574    -0.1547    -0.1338   )	   12.687554
531	(   0.1242    -0.078     -0.1564    -0.1748    -0.1724    -0.1441    -0.148     -0.1411    -0.1598    -0.152     -0.1559    -0.1531    -0.1406    -0.1523   )	   12.597351
532	(   0.1429    -0.072     -0.1709    -0.1861    -0.1667    -0.1506    -0.1635    -0.1486    -0.1591    -0.1589    -0.1591    -0.1844    -0.1431    -0.1481   )	   12.687988
533	(   0.1319    -0.0744    -0.1662    -0.1803    -0.1632    -0.1483    -0.1568    -0.1474    -0.1609    -0.1526    -0.1548    -0.1718    -0.1445    -0.1465   )	   12.614322
534	(   0.1292    -0.0647    -0.1676    -0.192     -0.1739    -0.1633    -0.1548    -0.1594    -0.1689    -0.1594    -0.1501    -0.163     -0.1357    -0.1576   )	   12.689555
535	(   0.1186    -0.0816    -0.1595    -0.168     -0.1541    -0.1393    -0.1488    -0.141     -0.1599    -0.1415    -0.1509    -0.1588    -0.15      -0.1398   )	   12.614547
536	(   0.1366    -0.0794    -0.1684    -0.1948    -0.178     -0.1541    -0.167     -0.1575    -0.1641    -0.1571    -0.1648    -0.1732    -0.1546    -0.1574   )	   12.640661
537	(   0.1321    -0.0742    -0.1575    -0.1927    -0.1867    -0.1555    -0.1661    -0.1544    -0.1608    -0.1566    -0.158     -0.177     -0.1463    -0.1584   )	   12.678518
538	(   0.1203    -0.0777    -0.165     -0.1718    -0.1527    -0.1445    -0.1473    -0.1455    -0.1637    -0.145     -0.1502    -0.1556    -0.1468    -0.1421   )	   12.609659
539	(   0.1414    -0.0642    -0.1672    -0.1836    -0.1624    -0.1544    -0.1635    -0.1451    -0.1647    -0.1484    -0.1584    -0.1699    -0.1433    -0.1589   )	   12.606717
540	(   0.1234    -0.0772    -0.1606    -0.1721    -0.1671    -0.1394    -0.1389    -0.1441    -0.1465    -0.1434    -0.1408    -0.1485    -0.1384    -0.1513   )	   12.655527
541	(   0.1247    -0.0762    -0.1618    -0.1753    -0.1652    -0.1438    -0.1462    -0.1459    -0.1543    -0.1458    -0.1467    -0.1554    -0.1421    -0.1501   )	   12.599942
542	(   0.1179    -0.0715    -0.1687    -0.1762    -0.1538    -0.1479    -0.1494    -0.1411    -0.1526    -0.1495    -0.147     -0.1481    -0.1505    -0.1544   )	   12.600755
543	(   0.1344    -0.0777    -0.1622    -0.1826    -0.1608    -0.147     -0.1558    -0.1452    -0.1751    -0.144     -0.1531    -0.1533    -0.146     -0.1624   )	   12.609038
544	(   0.1141    -0.0703    -0.1579    -0.1602    -0.144     -0.1405    -0.1369    -0.134     -0.1601    -0.137     -0.1368    -0.1433    -0.1364    -0.1441   )	   12.679755
545	(   0.131     -0.0771    -0.1658    -0.1861    -0.1695    -0.1507    -0.1595    -0.1516    -0.1631    -0.1521    -0.1578    -0.1657    -0.1501    -0.1541   )	   12.586384
546	(   0.1344    -0.0712    -0.1671    -0.1806    -0.1608    -0.1524    -0.1582    -0.1439    -0.1569    -0.1398    -0.1595    -0.1707    -0.1428    -0.1635   )	   12.607465
547	(   0.1354    -0.077     -0.1604    -0.1811    -0.1534    -0.1478    -0.1561    -0.1484    -0.1494    -0.1423    -0.1534    -0.1547    -0.147     -0.1418   )	   12.646926
548	(   0.1233    -0.0735    -0.1652    -0.1773    -0.1647    -0.1483    -0.152     -0.1448    -0.1664    -0.1481    -0.1518    -0.1625    -0.1448    -0.1569   )	   12.585854
549	(   0.1227    -0.0777    -0.1539    -0.1702    -0.1554    -0.1381    -0.1462    -0.1389    -0.1511    -0.1431    -0.1513    -0.158     -0.1411    -0.1537   )	   12.583596
550	(   0.1186    -0.0806    -0.1447    -0.1625    -0.1499    -0.1287    -0.1396    -0.1323    -0.1417    -0.1401    -0.1504    -0.156     -0.137     -0.1551   )	   12.648353
551	(   0.1356    -0.0675    -0.1659    -0.1882    -0.1678    -0.1555    -0.1564    -0.1497    -0.1598    -0.1509    -0.1537    -0.161     -0.1391    -0.1668   )	   12.603186
552	(   0.1228    -0.0737    -0.1591    -0.177     -0.1593    -0.1476    -0.1484    -0.1436    -0.1587    -0.1396    -0.1496    -0.1464    -0.1439    -0.163    )	   12.580208
553	(   0.1183    -0.0733    -0.1556    -0.1754    -0.1574    -0.1472    -0.1442    -0.1417    -0.1576    -0.1331    -0.147     -0.1337    -0.1436    -0.1712   )	   12.64416 
554	(   0.1253    -0.0705    -0.1581    -0.176     -0.1682    -0.1454    -0.1506    -0.1432    -0.1651    -0.151     -0.1544    -0.1675    -0.1452    -0.1586   )	   12.57349 
555	(   0.1237    -0.0672    -0.1541    -0.1736    -0.1749    -0.1431    -0.149     -0.1412    -0.1702    -0.156     -0.1565    -0.1761    -0.1461    -0.1617   )	   12.625935
556	(   0.1343    -0.0689    -0.1583    -0.1856    -0.1727    -0.1511    -0.1576    -0.1447    -0.1566    -0.1479    -0.1548    -0.1638    -0.1414    -0.1713   )	   12.597323
557	(   0.1202    -0.0676    -0.1606    -0.1752    -0.1663    -0.1492    -0.1493    -0.1449    -0.1426    -0.1494    -0.1521    -0.1676    -0.1416    -0.1522   )	   12.613218
558	(   0.1309    -0.0752    -0.1618    -0.1808    -0.1622    -0.1476    -0.1542    -0.1451    -0.167     -0.1454    -0.1529    -0.1569    -0.1449    -0.1599   )	   12.576429
559	(   0.1197    -0.0747    -0.1549    -0.1773    -0.1665    -0.1431    -0.1464    -0.1464    -0.1622    -0.1544    -0.1448    -0.1482    -0.1451    -0.1506   )	   12.596091
560	(   0.1096    -0.0832    -0.1531    -0.1734    -0.1654    -0.1395    -0.1386    -0.1454    -0.154     -0.1467    -0.1439    -0.1459    -0.1448    -0.154    )	   12.61549 
561	(   0.1335    -0.0689    -0.1637    -0.181     -0.1632    -0.1507    -0.1573    -0.1452    -0.162     -0.148     -0.1548    -0.1639    -0.1437    -0.1577   )	   12.574388
562	(   0.1281    -0.0689    -0.1603    -0.1776    -0.1737    -0.1441    -0.1505    -0.1382    -0.1601    -0.1529    -0.1547    -0.1388    -0.1421    -0.1605   )	   12.638635
563	(   0.1252    -0.0752    -0.1604    -0.1791    -0.1599    -0.1485    -0.1519    -0.1481    -0.1593    -0.1454    -0.1501    -0.1662    -0.1448    -0.1549   )	   12.571262

BBE ( SOL ) OBJ
564	(   0.1152    -0.0798    -0.154     -0.1677    -0.16      -0.1375    -0.1458    -0.1396    -0.1593    -0.1441    -0.149     -0.1539    -0.1496    -0.1451   )	   12.590799
565	(   0.1326    -0.077     -0.1491    -0.1784    -0.1749    -0.1437    -0.1523    -0.148     -0.1674    -0.1447    -0.156     -0.1676    -0.138     -0.1562   )	   12.628296
566	(   0.1216    -0.0729    -0.1638    -0.1768    -0.1591    -0.1468    -0.1501    -0.1428    -0.1563    -0.1483    -0.1492    -0.153     -0.1474    -0.1548   )	   12.571291
567	(   0.1253    -0.0718    -0.1563    -0.1796    -0.1627    -0.1482    -0.156     -0.1428    -0.166     -0.1488    -0.1566    -0.16      -0.1472    -0.1611   )	   12.55329 
568	(   0.1256    -0.0696    -0.1536    -0.1817    -0.1614    -0.1504    -0.161     -0.1412    -0.1719    -0.1503    -0.1616    -0.1623    -0.1497    -0.1666   )	   12.568952
569	(   0.126     -0.0691    -0.1617    -0.1807    -0.1541    -0.1485    -0.1554    -0.1478    -0.1614    -0.1421    -0.1475    -0.1633    -0.1496    -0.1602   )	   12.573748
570	(   0.1147    -0.0782    -0.1603    -0.1692    -0.1511    -0.1411    -0.1455    -0.1447    -0.1653    -0.1454    -0.1476    -0.1525    -0.15      -0.1396   )	   12.617536
571	(   0.1294    -0.0712    -0.1588    -0.1815    -0.1673    -0.1486    -0.1546    -0.1447    -0.1588    -0.1473    -0.153     -0.161     -0.1436    -0.1634   )	   12.567246
572	(   0.1307    -0.0719    -0.1643    -0.1781    -0.1574    -0.1499    -0.1578    -0.1427    -0.1592    -0.1379    -0.1588    -0.1699    -0.1461    -0.1621   )	   12.592667
573	(   0.1314    -0.0771    -0.1695    -0.1817    -0.1614    -0.1494    -0.158     -0.143     -0.1666    -0.1488    -0.1583    -0.1725    -0.1493    -0.1694   )	   12.590946
574	(   0.1212    -0.0758    -0.1574    -0.1784    -0.1665    -0.1438    -0.1479    -0.146     -0.1638    -0.1553    -0.1464    -0.1516    -0.1461    -0.154    )	   12.585293
575	(   0.1191    -0.0704    -0.1505    -0.1743    -0.1632    -0.1435    -0.1463    -0.1462    -0.156     -0.1453    -0.1452    -0.1461    -0.1424    -0.1445   )	   12.60368 
576	(   0.1283    -0.0754    -0.1648    -0.1799    -0.1618    -0.1479    -0.1551    -0.1438    -0.164     -0.1479    -0.155     -0.1659    -0.1476    -0.1632   )	   12.566364
577	(   0.1372    -0.0671    -0.1675    -0.1901    -0.1648    -0.1569    -0.1598    -0.1502    -0.164     -0.1505    -0.1553    -0.1664    -0.1418    -0.1714   )	   12.600735
578	(   0.1207    -0.0766    -0.1574    -0.1733    -0.1612    -0.1423    -0.1493    -0.1422    -0.1605    -0.1457    -0.1506    -0.157     -0.1477    -0.1517   )	   12.56671 
579	(   0.1199    -0.0697    -0.1545    -0.1698    -0.1542    -0.1425    -0.1446    -0.1368    -0.1598    -0.1416    -0.1455    -0.1533    -0.141     -0.1621   )	   12.584342
580	(   0.1271    -0.0727    -0.1536    -0.1776    -0.1575    -0.1441    -0.1511    -0.1425    -0.1556    -0.1447    -0.1506    -0.1552    -0.1457    -0.16     )	   12.555948
581	(   0.13      -0.07      -0.1609    -0.1764    -0.1544    -0.1486    -0.1556    -0.1408    -0.157     -0.136     -0.1566    -0.1666    -0.1444    -0.1638   )	   12.593326
582	(   0.1234    -0.0744    -0.1583    -0.1779    -0.1635    -0.145     -0.1498    -0.1447    -0.1621    -0.1505    -0.149     -0.1554    -0.1457    -0.1564   )	   12.563927
583	(   0.1318    -0.0768    -0.1643    -0.1861    -0.168     -0.1503    -0.1597    -0.1511    -0.1613    -0.1509    -0.158     -0.1652    -0.1502    -0.1548   )	   12.57745 
584	(   0.1303    -0.0686    -0.1664    -0.188     -0.1686    -0.1564    -0.16      -0.1508    -0.1715    -0.1506    -0.1532    -0.1616    -0.1514    -0.1634   )	   12.589526
585	(   0.1246    -0.0754    -0.157     -0.1746    -0.1587    -0.1427    -0.1497    -0.1419    -0.1562    -0.145     -0.1518    -0.1589    -0.1437    -0.1561   )	   12.56286 
586	(   0.1305    -0.0729    -0.1609    -0.1808    -0.1646    -0.1462    -0.158     -0.1458    -0.1635    -0.1548    -0.1552    -0.1749    -0.1485    -0.1531   )	   12.587304
587	(   0.1247    -0.0735    -0.1596    -0.178     -0.1606    -0.1473    -0.1508    -0.1442    -0.1599    -0.1434    -0.151     -0.1535    -0.1451    -0.1605   )	   12.562255
588	(   0.1205    -0.0693    -0.155     -0.1706    -0.1549    -0.1431    -0.1454    -0.1373    -0.1607    -0.1425    -0.1458    -0.1545    -0.1415    -0.1621   )	   12.58123 
589	(   0.129     -0.0749    -0.162     -0.1822    -0.1647    -0.1485    -0.1561    -0.1477    -0.1612    -0.1488    -0.1549    -0.1625    -0.148     -0.1566   )	   12.561734
590	(   0.1211    -0.0709    -0.1576    -0.1761    -0.161     -0.1459    -0.1512    -0.1437    -0.1542    -0.1484    -0.1512    -0.1636    -0.1472    -0.1566   )	   12.556244
591	(   0.1167    -0.0775    -0.1548    -0.1752    -0.1597    -0.1421    -0.1472    -0.1434    -0.1581    -0.1459    -0.1488    -0.1565    -0.1489    -0.1586   )	   12.559763
592	(   0.1229    -0.0785    -0.1558    -0.1747    -0.1696    -0.1434    -0.148     -0.1402    -0.1582    -0.1523    -0.1562    -0.1562    -0.1429    -0.1559   )	   12.576562
593	(   0.1252    -0.0714    -0.1602    -0.1792    -0.158     -0.1472    -0.1535    -0.1459    -0.1606    -0.1447    -0.1497    -0.1615    -0.1479    -0.1591   )	   12.559347
594	(   0.1236    -0.0772    -0.1597    -0.1799    -0.154     -0.1468    -0.1532    -0.1451    -0.1539    -0.1425    -0.1487    -0.1511    -0.1477    -0.1575   )	   12.57017 
595	(   0.1276    -0.0754    -0.1534    -0.1795    -0.1624    -0.1454    -0.1541    -0.1459    -0.1623    -0.1444    -0.1538    -0.1653    -0.1456    -0.1617   )	   12.558363
596	(   0.1243    -0.0731    -0.1558    -0.1773    -0.162     -0.1432    -0.1526    -0.1403    -0.1598    -0.1472    -0.1534    -0.152     -0.1483    -0.1626   )	   12.555484
597	(   0.126     -0.0705    -0.156     -0.1761    -0.169     -0.1444    -0.1512    -0.1426    -0.166     -0.1507    -0.1555    -0.1672    -0.1455    -0.1607   )	   12.571352
598	(   0.1242    -0.0755    -0.1588    -0.1789    -0.1578    -0.1462    -0.1527    -0.1445    -0.1569    -0.1446    -0.1504    -0.1551    -0.1471    -0.1583   )	   12.556832
599	(   0.1195    -0.0772    -0.1569    -0.1741    -0.1544    -0.1423    -0.1496    -0.1429    -0.1608    -0.1456    -0.1508    -0.1565    -0.1501    -0.1541   )	   12.555748
600	(   0.128     -0.0718    -0.1582    -0.1824    -0.1595    -0.1486    -0.1549    -0.1455    -0.1592    -0.1471    -0.1533    -0.1604    -0.1463    -0.1661   )	   12.551158
601	(   0.1317    -0.0695    -0.1586    -0.187     -0.1586    -0.1517    -0.1577    -0.1472    -0.1585    -0.1479    -0.1546    -0.1621    -0.1456    -0.1734   )	   12.56555 
602	(   0.1204    -0.0725    -0.1498    -0.1762    -0.1586    -0.1431    -0.1491    -0.1442    -0.155     -0.1448    -0.1486    -0.1507    -0.1462    -0.1551   )	   12.557146
603	(   0.1248    -0.0733    -0.1551    -0.1779    -0.1562    -0.1457    -0.1543    -0.1432    -0.1559    -0.1414    -0.1546    -0.1606    -0.1482    -0.1617   )	   12.550868

BBE ( SOL ) OBJ
604	(   0.1256    -0.0727    -0.1535    -0.178     -0.1525    -0.146     -0.1565    -0.1425    -0.1528    -0.1369    -0.1573    -0.1631    -0.1495    -0.1643   )	   12.567092
605	(   0.1237    -0.072     -0.1562    -0.1817    -0.1606    -0.1484    -0.155     -0.1462    -0.1617    -0.1464    -0.1522    -0.1573    -0.1508    -0.1628   )	   12.547615
606	(   0.1232    -0.0702    -0.1557    -0.1853    -0.1616    -0.1513    -0.1577    -0.1484    -0.1645    -0.1471    -0.1523    -0.1565    -0.1544    -0.1661   )	   12.559389
607	(   0.1234    -0.0736    -0.1531    -0.1788    -0.1587    -0.144     -0.1545    -0.1442    -0.1583    -0.1484    -0.1531    -0.1632    -0.1503    -0.1587   )	   12.545123
608	(   0.1228    -0.0737    -0.1498    -0.1793    -0.1578    -0.1423    -0.1564    -0.1442    -0.1575    -0.1509    -0.1542    -0.1681    -0.1528    -0.1578   )	   12.554832
609	(   0.1183    -0.0721    -0.1494    -0.1742    -0.1537    -0.1421    -0.149     -0.1402    -0.1566    -0.143     -0.149     -0.1543    -0.1477    -0.1629   )	   12.553196
610	(   0.1309    -0.0687    -0.1558    -0.181     -0.1579    -0.1485    -0.1582    -0.144     -0.1595    -0.1455    -0.1551    -0.16      -0.1466    -0.1615   )	   12.551382
611	(   0.1232    -0.0744    -0.1498    -0.1773    -0.1596    -0.1436    -0.1525    -0.1413    -0.1568    -0.1468    -0.155     -0.1548    -0.1474    -0.1614   )	   12.544201
612	(   0.1222    -0.0759    -0.1446    -0.1763    -0.1604    -0.1418    -0.1521    -0.1389    -0.1549    -0.1478    -0.1576    -0.1515    -0.1472    -0.1625   )	   12.554775
613	(   0.1201    -0.0703    -0.1561    -0.1767    -0.1548    -0.1452    -0.1517    -0.1406    -0.1543    -0.1474    -0.151     -0.1495    -0.15      -0.1587   )	   12.554056
614	(   0.1273    -0.0728    -0.1606    -0.18      -0.158     -0.1478    -0.1571    -0.1418    -0.1615    -0.1474    -0.1566    -0.1639    -0.1499    -0.1658   )	   12.551007
615	(   0.1239    -0.0695    -0.1518    -0.1775    -0.1589    -0.1449    -0.1541    -0.1411    -0.1603    -0.148     -0.1557    -0.1608    -0.1494    -0.1637   )	   12.541419
616	(   0.1238    -0.0664    -0.1484    -0.1768    -0.1594    -0.1442    -0.1548    -0.1394    -0.162     -0.1497    -0.1583    -0.1637    -0.1506    -0.1664   )	   12.549153
617	(   0.1274    -0.0739    -0.1522    -0.1805    -0.1554    -0.145     -0.156     -0.1415    -0.1638    -0.1441    -0.1555    -0.1519    -0.1496    -0.1664   )	   12.559148
618	(   0.1227    -0.0716    -0.1563    -0.1772    -0.1596    -0.1457    -0.1524    -0.1432    -0.1566    -0.1473    -0.1523    -0.1607    -0.1478    -0.1591   )	   12.546384
619	(   0.1208    -0.0719    -0.1566    -0.1789    -0.1592    -0.1471    -0.1563    -0.1428    -0.1626    -0.1482    -0.1564    -0.1611    -0.1514    -0.1629   )	   12.550906
620	(   0.1286    -0.0666    -0.1533    -0.1831    -0.1629    -0.1496    -0.1588    -0.1424    -0.1576    -0.1477    -0.157     -0.1604    -0.1472    -0.17     )	   12.556261
621	(   0.1218    -0.0746    -0.156     -0.1764    -0.1565    -0.1441    -0.1519    -0.1428    -0.16      -0.1461    -0.1523    -0.1575    -0.1494    -0.1581   )	   12.546333
622	(   0.1234    -0.071     -0.1544    -0.1798    -0.1546    -0.1488    -0.1557    -0.1454    -0.1587    -0.1459    -0.1542    -0.1657    -0.1492    -0.1609   )	   12.546406
623	(   0.1281    -0.0739    -0.1538    -0.1808    -0.1617    -0.1473    -0.1571    -0.1458    -0.1648    -0.1455    -0.1571    -0.1705    -0.1474    -0.1651   )	   12.559846
624	(   0.1221    -0.0712    -0.1555    -0.1777    -0.1565    -0.1457    -0.1531    -0.1419    -0.1569    -0.1469    -0.1525    -0.1548    -0.1493    -0.1603   )	   12.544624
625	(   0.1225    -0.0723    -0.1535    -0.1777    -0.1529    -0.1439    -0.1524    -0.1434    -0.1518    -0.1438    -0.1509    -0.1593    -0.1505    -0.1626   )	   12.547583
626	(   0.1301    -0.072     -0.161     -0.1836    -0.1618    -0.1503    -0.1599    -0.1465    -0.1605    -0.1497    -0.1587    -0.1657    -0.1504    -0.1608   )	   12.549256
627	(   0.1173    -0.0759    -0.1554    -0.1771    -0.1582    -0.1442    -0.151     -0.143     -0.1578    -0.1478    -0.1532    -0.1608    -0.152     -0.1621   )	   12.552064
628	(   0.1275    -0.0705    -0.1557    -0.18      -0.158     -0.1474    -0.1564    -0.1438    -0.1591    -0.1461    -0.1546    -0.1602    -0.148     -0.1616   )	   12.543926
629	(   0.1202    -0.0726    -0.1526    -0.1754    -0.1564    -0.1439    -0.1545    -0.1413    -0.158     -0.1461    -0.1551    -0.1604    -0.1526    -0.1568   )	   12.544252
630	(   0.1199    -0.0716    -0.1491    -0.1771    -0.1576    -0.1441    -0.1519    -0.1449    -0.1552    -0.1456    -0.1516    -0.1564    -0.1493    -0.1558   )	   12.545045
631	(   0.1262    -0.0724    -0.152     -0.178     -0.1562    -0.1444    -0.1521    -0.1442    -0.1531    -0.1444    -0.1511    -0.1585    -0.1475    -0.1577   )	   12.550707
632	(   0.1224    -0.0709    -0.153     -0.179     -0.1592    -0.1456    -0.1538    -0.144     -0.1594    -0.1517    -0.1524    -0.1587    -0.1506    -0.1583   )	   12.539897
633	(   0.1212    -0.0697    -0.152     -0.1795    -0.1607    -0.1456    -0.1535    -0.1444    -0.1611    -0.1568    -0.1514    -0.1578    -0.1519    -0.1567   )	   12.547858
634	(   0.1205    -0.0716    -0.1563    -0.179     -0.1596    -0.1471    -0.1562    -0.1429    -0.1631    -0.1497    -0.1561    -0.1609    -0.1518    -0.1624   )	   12.55066 
635	(   0.1219    -0.0718    -0.1552    -0.1788    -0.1588    -0.1464    -0.1552    -0.1433    -0.1606    -0.1484    -0.1549    -0.1603    -0.1507    -0.1612   )	   12.542959
636	(   0.1154    -0.0719    -0.1465    -0.1727    -0.1536    -0.1406    -0.1477    -0.1402    -0.1557    -0.1442    -0.148     -0.1529    -0.1489    -0.1594   )	   12.553875
637	(   0.1264    -0.072     -0.1574    -0.1809    -0.1598    -0.1479    -0.1569    -0.1449    -0.1593    -0.1483    -0.156     -0.1625    -0.15      -0.1604   )	   12.54235 
638	(   0.1222    -0.0719    -0.1514    -0.1745    -0.1547    -0.1425    -0.1529    -0.1403    -0.1542    -0.1478    -0.155     -0.162     -0.1484    -0.157    )	   12.5452  
639	(   0.1234    -0.0716    -0.1538    -0.1781    -0.1627    -0.1468    -0.1556    -0.1427    -0.1644    -0.151     -0.1569    -0.1604    -0.1484    -0.1564   )	   12.55058 
640	(   0.1227    -0.0721    -0.1536    -0.1778    -0.1553    -0.1446    -0.1532    -0.1432    -0.155     -0.1456    -0.1524    -0.1596    -0.15      -0.1611   )	   12.54178 
641	(   0.1224    -0.073     -0.1528    -0.1757    -0.1611    -0.1413    -0.1519    -0.1403    -0.157     -0.1488    -0.1534    -0.1531    -0.1498    -0.1582   )	   12.549196
642	(   0.1231    -0.0715    -0.154     -0.1788    -0.1562    -0.1469    -0.1548    -0.1441    -0.1583    -0.1466    -0.154     -0.1626    -0.1494    -0.1602   )	   12.541849
643	(   0.1231    -0.0724    -0.1506    -0.1785    -0.1556    -0.1445    -0.1556    -0.1427    -0.1593    -0.1473    -0.1555    -0.1584    -0.1515    -0.1601   )	   12.538702

BBE ( SOL ) OBJ
644	(   0.1233    -0.0728    -0.1477    -0.1792    -0.1536    -0.1439    -0.1571    -0.1424    -0.1607    -0.1473    -0.1571    -0.1573    -0.1533    -0.1606   )	   12.543033
645	(   0.1242    -0.0691    -0.1501    -0.1796    -0.1585    -0.1462    -0.1566    -0.1431    -0.1558    -0.1487    -0.156     -0.1617    -0.1502    -0.1614   )	   12.539132
646	(   0.1241    -0.0714    -0.1545    -0.1822    -0.1609    -0.1483    -0.1561    -0.146     -0.1618    -0.1471    -0.1534    -0.1572    -0.1514    -0.1631   )	   12.544949
647	(   0.123     -0.0694    -0.153     -0.1784    -0.1572    -0.1474    -0.1547    -0.1423    -0.1582    -0.1463    -0.1553    -0.1551    -0.1497    -0.1621   )	   12.538985
648	(   0.1269    -0.0711    -0.1576    -0.1803    -0.1582    -0.1478    -0.1577    -0.1412    -0.1618    -0.1492    -0.1574    -0.1618    -0.1507    -0.1659   )	   12.543591
649	(   0.1231    -0.0712    -0.1526    -0.1749    -0.1546    -0.1435    -0.1538    -0.1395    -0.1552    -0.148     -0.1561    -0.1616    -0.1485    -0.159    )	   12.543125
650	(   0.1253    -0.0714    -0.1512    -0.179     -0.1587    -0.1458    -0.1569    -0.1432    -0.1598    -0.1484    -0.1576    -0.165     -0.1505    -0.1616   )	   12.539061
651	(   0.1279    -0.0699    -0.1539    -0.1819    -0.1591    -0.1479    -0.1558    -0.1441    -0.159     -0.1495    -0.1553    -0.16      -0.1469    -0.1658   )	   12.541637
652	(   0.1256    -0.0674    -0.1573    -0.1806    -0.1558    -0.1488    -0.1583    -0.1445    -0.1605    -0.1492    -0.1555    -0.1664    -0.152     -0.1618   )	   12.546669
653	(   0.1238    -0.0727    -0.1517    -0.1781    -0.1587    -0.1449    -0.1539    -0.1421    -0.1577    -0.1474    -0.1551    -0.1577    -0.1486    -0.1615   )	   12.539151
654	(   0.1207    -0.0716    -0.1508    -0.1776    -0.1575    -0.1446    -0.154     -0.1417    -0.158     -0.1501    -0.1559    -0.1606    -0.1515    -0.1616   )	   12.538786
655	(   0.1205    -0.0711    -0.148     -0.177     -0.1572    -0.1438    -0.1522    -0.1444    -0.1548    -0.1471    -0.1529    -0.1589    -0.1489    -0.1567   )	   12.542201
656	(   0.1239    -0.071     -0.1523    -0.1827    -0.1612    -0.1481    -0.1559    -0.1468    -0.1613    -0.1482    -0.1538    -0.1587    -0.1512    -0.1632   )	   12.543047
657	(   0.1237    -0.0711    -0.1524    -0.1807    -0.1596    -0.147     -0.1554    -0.145     -0.1598    -0.1482    -0.1543    -0.1594    -0.1505    -0.1622   )	   12.538602
658	(   0.1253    -0.0703    -0.1493    -0.179     -0.1571    -0.1453    -0.1545    -0.1433    -0.1558    -0.1478    -0.1549    -0.1598    -0.149     -0.1612   )	   12.53715 
659	(   0.1271    -0.0696    -0.1464    -0.1791    -0.1563    -0.1448    -0.1542    -0.1432    -0.1534    -0.1475    -0.1549    -0.1596    -0.1481    -0.1612   )	   12.542894
660	(   0.1207    -0.0699    -0.1459    -0.1767    -0.1557    -0.1434    -0.1525    -0.1414    -0.1566    -0.1478    -0.1536    -0.1573    -0.1495    -0.1621   )	   12.540784
661	(   0.1266    -0.0706    -0.155     -0.1805    -0.1581    -0.1475    -0.1572    -0.1415    -0.1613    -0.1491    -0.1568    -0.1606    -0.1507    -0.1666   )	   12.540086
662	(   0.1245    -0.0701    -0.1492    -0.179     -0.1594    -0.1445    -0.1549    -0.1414    -0.1583    -0.15      -0.1561    -0.1566    -0.1504    -0.164    )	   12.537764
663	(   0.1252    -0.0692    -0.149     -0.1801    -0.1609    -0.1468    -0.1568    -0.1421    -0.162     -0.1516    -0.1582    -0.1592    -0.1499    -0.1635   )	   12.538508
664	(   0.1196    -0.0713    -0.148     -0.1758    -0.1573    -0.1433    -0.1543    -0.1409    -0.1585    -0.148     -0.1558    -0.1587    -0.1534    -0.1585   )	   12.54153 
665	(   0.1217    -0.0709    -0.1494    -0.1773    -0.1578    -0.1445    -0.1547    -0.1417    -0.1586    -0.1484    -0.1556    -0.159     -0.1518    -0.1603   )	   12.537395
666	(   0.1233    -0.0719    -0.1497    -0.1801    -0.1574    -0.1462    -0.1561    -0.144     -0.1569    -0.1495    -0.1553    -0.1576    -0.1512    -0.1601   )	   12.534526
667	(   0.123     -0.0731    -0.1487    -0.1815    -0.1566    -0.1469    -0.1571    -0.1454    -0.1552    -0.1503    -0.1552    -0.1561    -0.1521    -0.1583   )	   12.537193
668	(   0.1268    -0.0718    -0.1562    -0.1814    -0.1608    -0.1481    -0.1582    -0.144     -0.1607    -0.15      -0.1577    -0.1612    -0.1514    -0.1614   )	   12.538392
669	(   0.121     -0.0712    -0.1472    -0.1778    -0.1588    -0.1441    -0.1537    -0.1443    -0.1559    -0.1488    -0.1546    -0.158     -0.1503    -0.1562   )	   12.540759
670	(   0.1252    -0.0708    -0.1531    -0.1798    -0.1583    -0.1467    -0.1563    -0.1422    -0.1599    -0.149     -0.1563    -0.1599    -0.1506    -0.164    )	   12.536603
671	(   0.1256    -0.0709    -0.1492    -0.1794    -0.1576    -0.1462    -0.1574    -0.1415    -0.1579    -0.1458    -0.1596    -0.16      -0.1504    -0.1653   )	   12.541282
672	(   0.1232    -0.0709    -0.1521    -0.1791    -0.1588    -0.1457    -0.1547    -0.1434    -0.159     -0.1502    -0.1542    -0.159     -0.1505    -0.16     )	   12.536894
673	(   0.1241    -0.0689    -0.1506    -0.1804    -0.1581    -0.147     -0.1574    -0.1436    -0.1597    -0.1505    -0.1567    -0.1612    -0.1526    -0.1619   )	   12.535434
674	(   0.1237    -0.0724    -0.1523    -0.179     -0.1582    -0.1458    -0.1549    -0.1427    -0.1622    -0.1495    -0.1559    -0.1572    -0.1514    -0.162    )	   12.53567 
675	(   0.1223    -0.0703    -0.1513    -0.1796    -0.158     -0.1462    -0.1543    -0.1425    -0.1585    -0.1499    -0.1541    -0.1527    -0.1512    -0.1619   )	   12.539606
676	(   0.1246    -0.0711    -0.1512    -0.1792    -0.1585    -0.1459    -0.1562    -0.143     -0.1595    -0.1488    -0.1567    -0.1619    -0.1507    -0.1617   )	   12.536293
677	(   0.1173    -0.0767    -0.1509    -0.1834    -0.1583    -0.1489    -0.1609    -0.1461    -0.1602    -0.1546    -0.1565    -0.151     -0.1578    -0.1568   )	   12.569782
678	(   0.1479    -0.0704    -0.12      -0.15      -0.1436    -0.1701    -0.192     -0.1658    -0.1913    -0.1598    -0.13      -0.1809    -0.1486    -0.1856   )	   12.953449
679	(   0.1275    -0.0705    -0.1512    -0.1817    -0.1592    -0.1475    -0.1578    -0.1447    -0.1601    -0.1486    -0.1559    -0.1575    -0.1504    -0.1614   )	   12.536269
680	(   0.1214    -0.0718    -0.1495    -0.1601    -0.1554    -0.1461    -0.1563    -0.1455    -0.1542    -0.1504    -0.1558    -0.161     -0.1513    -0.16     )	   12.477766
681	(   0.1157    -0.0715    -0.1489    -0.1001    -0.1494    -0.1458    -0.1569    -0.15      -0.1461    -0.1531    -0.1573    -0.1712    -0.1516    -0.1597   )	   12.793628
682	(   0.1479    -0.0506    -0.1598    -0.1182    -0.1424    -0.1598    -0.1466    -0.1658    -0.1943    -0.17      -0.1813    -0.1589    -0.1586    -0.1855   )	   12.890914
683	(   0.1248    -0.0709    -0.1492    -0.1761    -0.157     -0.1454    -0.1569    -0.1417    -0.1576    -0.151     -0.1578    -0.1588    -0.1514    -0.1606   )	   12.521431

BBE ( SOL ) OBJ
684	(   0.1414    -0.0721    -0.1491    -0.1588    -0.1557    -0.1465    -0.1563    -0.1455    -0.1536    -0.1494    -0.1553    -0.1607    -0.1529    -0.1591   )	   12.525666
685	(   0.1208    -0.074     -0.1466    -0.1492    -0.1576    -0.1496    -0.156     -0.1454    -0.1493    -0.1426    -0.1758    -0.1582    -0.1645    -0.153    )	   12.550612
686	(   0.1214    -0.0717    -0.1497    -0.1607    -0.1553    -0.1459    -0.1363    -0.1455    -0.1545    -0.1508    -0.156     -0.1611    -0.1506    -0.1604   )	   12.512175
687	(   0.1219    -0.0701    -0.1517    -0.1683    -0.1537    -0.1661    -0.1565    -0.1456    -0.1579    -0.1562    -0.1591    -0.1631    -0.1414    -0.1652   )	   12.512051
688	(   0.1211    -0.0728    -0.1482    -0.1553    -0.1354    -0.1476    -0.1562    -0.1454    -0.152     -0.1469    -0.1539    -0.1598    -0.1571    -0.1569   )	   12.515822
689	(   0.1218    -0.0704    -0.1295    -0.1667    -0.1541    -0.144     -0.1565    -0.1456    -0.1571    -0.1551    -0.1584    -0.1627    -0.1434    -0.1642   )	   12.537192
690	(   0.1214    -0.0717    -0.1496    -0.1604    -0.1553    -0.146     -0.1563    -0.1255    -0.1543    -0.1506    -0.1559    -0.1611    -0.1509    -0.1602   )	   12.556696
691	(   0.1217    -0.0918    -0.1508    -0.165     -0.1544    -0.1445    -0.1564    -0.1456    -0.1564    -0.1539    -0.1577    -0.1623    -0.1454    -0.1631   )	   12.523578
692	(   0.1198    -0.0773    -0.1424    -0.1336    -0.1608    -0.1546    -0.1556    -0.1452    -0.1423    -0.1314    -0.1452    -0.1542    -0.1834    -0.18     )	   12.692494
693	(   0.1216    -0.0709    -0.1506    -0.1643    -0.1545    -0.1448    -0.1564    -0.1456    -0.1042    -0.1534    -0.1575    -0.1621    -0.1462    -0.1627   )	   12.747225
694	(   0.1215    -0.0713    -0.1501    -0.1624    -0.1549    -0.1453    -0.1564    -0.1455    -0.1553    -0.1521    -0.1567    -0.111     -0.1485    -0.1615   )	   12.669258
695	(   0.1195    -0.0783    -0.1411    -0.1288    -0.1618    -0.1561    -0.1555    -0.1451    -0.1401    -0.1669    -0.1433    -0.1529    -0.1892    -0.14     )	   12.763522
696	(   0.1223    -0.0688    -0.1535    -0.1749    -0.1524    -0.1414    -0.1567    -0.1457    -0.1608    -0.161     -0.1617    -0.1648    -0.2013    -0.1694   )	   12.729162
697	(   0.122     -0.0695    -0.1524    -0.1101    -0.1532    -0.1426    -0.1566    -0.1456    -0.1591    -0.1582    -0.1602    -0.1638    -0.138     -0.167    )	   12.721751
698	(   0.1212    -0.0716    -0.1497    -0.1608    -0.1556    -0.1458    -0.1565    -0.1536    -0.1548    -0.1501    -0.1556    -0.1615    -0.1505    -0.1597   )	   12.472172
699	(   0.1206    -0.071     -0.1503    -0.1629    -0.1562    -0.1449    -0.1571    -0.1779    -0.1566    -0.1492    -0.155     -0.163     -0.1481    -0.1588   )	   12.535655
700	(   0.1272    -0.0998    -0.1636    -0.1482    -0.162     -0.1647    -0.1452    -0.182     -0.1413    -0.1456    -0.1609    -0.1425    -0.1576    -0.1755   )	   12.679563
701	(   0.1258    -0.0746    -0.1488    -0.1617    -0.1515    -0.1496    -0.1553    -0.1464    -0.1552    -0.1505    -0.1584    -0.1615    -0.1506    -0.1623   )	   12.469185
702	(   0.1272    -0.0764    -0.1471    -0.1529    -0.1479    -0.1515    -0.1556    -0.1479    -0.1533    -0.1506    -0.1605    -0.1628    -0.1506    -0.1635   )	   12.471862
703	(   0.1396    -0.0836    -0.1461    -0.1644    -0.1392    -0.161     -0.1517    -0.1264    -0.1564    -0.1517    -0.1668    -0.1615    -0.1509    -0.1701   )	   12.648343
704	(   0.12      -0.0749    -0.1431    -0.1492    -0.1567    -0.1551    -0.1518    -0.1564    -0.1484    -0.1468    -0.152     -0.163     -0.1366    -0.1638   )	   12.507018
705	(   0.1209    -0.0769    -0.1473    -0.1481    -0.1483    -0.1501    -0.1511    -0.1464    -0.1509    -0.1523    -0.157     -0.1642    -0.1487    -0.1613   )	   12.483737
706	(   0.1244    -0.0246    -0.1487    -0.1619    -0.1527    -0.1497    -0.1554    -0.1464    -0.1546    -0.1503    -0.1592    -0.1618    -0.1525    -0.1629   )	   12.736306
707	(   0.1223    -0.0749    -0.1486    -0.1621    -0.1545    -0.1499    -0.1353    -0.1364    -0.1537    -0.15      -0.1605    -0.1621    -0.1553    -0.1638   )	   12.53579 
708	(   0.119     -0.0752    -0.1483    -0.1625    -0.1573    -0.1502    -0.1558    -0.1264    -0.1522    -0.1705    -0.1625    -0.1628    -0.1598    -0.1652   )	   12.57926 
709	(   0.1339    -0.0739    -0.1494    -0.1607    -0.1446    -0.1489    -0.1547    -0.1664    -0.1052    -0.1517    -0.1536    -0.16      -0.1397    -0.1589   )	   12.798423
710	(   0.1288    -0.0744    -0.1288    -0.1613    -0.1489    -0.1493    -0.1551    -0.1564    -0.1565    -0.1509    -0.1566    -0.1609    -0.1466    -0.161    )	   12.514658
711	(   0.1225    -0.0749    -0.1486    -0.1621    -0.1543    -0.1499    -0.1556    -0.1364    -0.1538    -0.15      -0.1604    -0.1115    -0.155     -0.1637   )	   12.684138
712	(   0.1237    -0.0748    -0.1487    -0.1117    -0.1533    -0.1498    -0.1555    -0.1464    -0.1543    -0.1502    -0.1597    -0.1619    -0.1535    -0.1632   )	   12.654716
713	(   0.1273    -0.0745    -0.1489    -0.1615    -0.1502    -0.1996    -0.1552    -0.1464    -0.1559    -0.1507    -0.1575    -0.1612    -0.1485    -0.1617   )	   12.645943
714	(   0.1336    -0.074     -0.1493    -0.1607    -0.1448    -0.1489    -0.1547    -0.1664    -0.1586    -0.1517    -0.1537    -0.16      -0.14      -0.2123   )	   12.699921
715	(   0.114     -0.0756    -0.148     -0.1631    -0.1616    -0.1506    -0.1562    -0.1164    -0.1501    -0.1487    -0.1084    -0.1637    -0.1665    -0.1673   )	   12.856277
716	(   0.1758    -0.0768    -0.147     -0.1649    -0.1741    -0.1519    -0.1574    -0.0864    -0.1437    -0.1466    -0.1742    -0.1664    -0.1863    -0.1735   )	   13.561079
717	(   0.1456    -0.073     -0.1502    -0.1593    -0.2015    -0.1479    -0.1537    -0.1864    -0.1638    -0.1535    -0.1466    -0.1578    -0.1238    -0.1539   )	   12.892116
718	(   0.0927    -0.0773    -0.1465    -0.1657    -0.1799    -0.1525    -0.1579    -0.2464    -0.1407    -0.1455    -0.1782    -0.1677    -0.1954    -0.1764   )	   14.0607  
719	(   0.0806    -0.0783    -0.1457    -0.1672    -0.1902    -0.1536    -0.1589    -0.0464    -0.1355    -0.1437    -0.1854    -0.17      -0.1151    -0.1815   )	   14.32886 
720	(   0.1262    -0.075     -0.1491    -0.1621    -0.1498    -0.149     -0.1554    -0.1464    -0.1573    -0.1505    -0.1584    -0.1618    -0.1508    -0.1613   )	   12.473534
721	(   0.1396    -0.0836    -0.1461    -0.1644    -0.1392    -0.161     -0.1517    -0.1248    -0.1564    -0.1517    -0.1668    -0.1615    -0.1509    -0.1701   )	   12.65935 
722	(   0.1227    -0.0804    -0.1406    -0.1525    -0.1606    -0.1661    -0.168     -0.1422    -0.1545    -0.1506    -0.1368    -0.1511    -0.1559    -0.1636   )	   12.540173
723	(   0.1258    -0.0774    -0.1449    -0.14      -0.1463    -0.1527    -0.1519    -0.1515    -0.152     -0.152     -0.1581    -0.1656    -0.1466    -0.1625   )	   12.504941

BBE ( SOL ) OBJ
724	(   0.1055    -0.0779    -0.1449    -0.1586    -0.1466    -0.1533    -0.151     -0.1508    -0.1551    -0.1524    -0.1585    -0.1632    -0.144     -0.164    )	   12.54427 
725	(   0.1324    -0.0736    -0.148     -0.1587    -0.1534    -0.1482    -0.155     -0.1468    -0.154     -0.1502    -0.1561    -0.1613    -0.1507    -0.1603   )	   12.479998
726	(   0.1267    -0.0556    -0.1428    -0.1515    -0.1478    -0.1558    -0.1507    -0.1509    -0.152     -0.1474    -0.1559    -0.1615    -0.1522    -0.1596   )	   12.508557
727	(   0.1239    -0.0744    -0.1435    -0.1369    -0.1439    -0.1564    -0.1493    -0.1561    -0.15      -0.1498    -0.1555    -0.1654    -0.1464    -0.1619   )	   12.521025
728	(   0.1241    -0.0735    -0.1449    -0.1467    -0.1471    -0.1537    -0.1512    -0.1525    -0.1519    -0.1501    -0.1561    -0.1637    -0.1476    -0.1616   )	   12.480447
729	(   0.128     -0.0726    -0.144     -0.1564    -0.1671    -0.1551    -0.1493    -0.1534    -0.1556    -0.1544    -0.1598    -0.1649    -0.1393    -0.1663   )	   12.493943
730	(   0.1202    -0.0707    -0.1656    -0.1497    -0.1562    -0.1542    -0.1496    -0.142     -0.1509    -0.1509    -0.1575    -0.1644    -0.1488    -0.163    )	   12.52542 
731	(   0.1267    -0.0735    -0.138     -0.1584    -0.1507    -0.1505    -0.1537    -0.1528    -0.1551    -0.1509    -0.1568    -0.1618    -0.1471    -0.1615   )	   12.476418
732	(   0.1284    -0.0737    -0.143     -0.15      -0.1492    -0.1583    -0.1709    -0.1539    -0.153     -0.151     -0.1582    -0.1643    -0.1443    -0.1637   )	   12.497112
733	(   0.1288    -0.0758    -0.1398    -0.1398    -0.1501    -0.137     -0.1527    -0.155     -0.1489    -0.1448    -0.155     -0.1625    -0.1539    -0.1587   )	   12.550356
734	(   0.1236    -0.0715    -0.1487    -0.1612    -0.1528    -0.1588    -0.1556    -0.148     -0.1557    -0.1534    -0.1581    -0.1629    -0.1445    -0.1636   )	   12.471964
735	(   0.1235    -0.0925    -0.1495    -0.158     -0.1567    -0.1477    -0.1592    -0.1493    -0.1553    -0.1545    -0.1585    -0.1643    -0.142     -0.1649   )	   12.517345
736	(   0.1259    -0.0648    -0.1445    -0.1531    -0.15      -0.1538    -0.1528    -0.1505    -0.1528    -0.1492    -0.1566    -0.1622    -0.1496    -0.1609   )	   12.474798
737	(   0.1311    -0.0718    -0.1494    -0.1608    -0.1469    -0.1482    -0.1583    -0.143     -0.1596    -0.1554    -0.1631    -0.1626    -0.1594    -0.1603   )	   12.487104
738	(   0.126     -0.0685    -0.1482    -0.173     -0.1574    -0.15      -0.1591    -0.1467    -0.1571    -0.1507    -0.1577    -0.1596    -0.1513    -0.1613   )	   12.490275
739	(   0.1231    -0.0715    -0.1509    -0.1663    -0.1556    -0.1432    -0.1384    -0.1432    -0.1566    -0.1517    -0.1575    -0.1602    -0.1546    -0.1597   )	   12.522074
740	(   0.1271    -0.0731    -0.145     -0.1541    -0.1508    -0.1545    -0.1628    -0.1512    -0.1539    -0.1512    -0.158     -0.1633    -0.1469    -0.1627   )	   12.468217
741	(   0.1234    -0.0726    -0.15      -0.1596    -0.1354    -0.1463    -0.1619    -0.1434    -0.1538    -0.1478    -0.1557    -0.1594    -0.1606    -0.1566   )	   12.530842
742	(   0.1268    -0.0726    -0.1455    -0.1572    -0.1592    -0.1529    -0.1525    -0.1509    -0.1552    -0.1528    -0.1588    -0.1635    -0.1446    -0.1639   )	   12.466456
743	(   0.1255    -0.0773    -0.1454    -0.1407    -0.1454    -0.1518    -0.1512    -0.1507    -0.152     -0.1518    -0.1579    -0.1653    -0.1477    -0.162    )	   12.503509
744	(   0.1259    -0.0707    -0.1475    -0.1649    -0.1544    -0.1505    -0.1571    -0.1477    -0.1558    -0.151     -0.1578    -0.161     -0.1504    -0.1615   )	   12.468162
745	(   0.1196    -0.0739    -0.144     -0.1535    -0.1569    -0.1539    -0.1518    -0.1551    -0.149     -0.1465    -0.1518    -0.162     -0.1383    -0.1631   )	   12.496517
746	(   0.1282    -0.0723    -0.148     -0.159     -0.1494    -0.1496    -0.1567    -0.146     -0.1569    -0.1532    -0.1603    -0.1625    -0.1541    -0.161    )	   12.46828 
747	(   0.1309    -0.0681    -0.1462    -0.1677    -0.1557    -0.152     -0.1598    -0.1516    -0.1585    -0.1497    -0.1583    -0.1602    -0.1498    -0.1621   )	   12.46858 
748	(   0.1287    -0.0707    -0.1488    -0.1721    -0.1581    -0.1481    -0.161     -0.1454    -0.1585    -0.1519    -0.1595    -0.1602    -0.1512    -0.1619   )	   12.489561
749	(   0.1252    -0.0728    -0.1459    -0.1531    -0.1499    -0.1523    -0.1536    -0.1507    -0.1535    -0.1505    -0.157     -0.1628    -0.1485    -0.1617   )	   12.465762
750	(   0.1193    -0.0705    -0.1454    -0.1593    -0.1513    -0.1542    -0.157     -0.1517    -0.1563    -0.1518    -0.1597    -0.1628    -0.1478    -0.1634   )	   12.47298 
751	(   0.13      -0.0721    -0.1433    -0.1578    -0.1487    -0.1575    -0.1558    -0.1538    -0.1564    -0.1518    -0.1605    -0.1634    -0.1467    -0.1642   )	   12.466718
752	(   0.1252    -0.0702    -0.1555    -0.1594    -0.1532    -0.1541    -0.1587    -0.1467    -0.1557    -0.1514    -0.1601    -0.1628    -0.1508    -0.163    )	   12.468372
753	(   0.1259    -0.0797    -0.1506    -0.1656    -0.1543    -0.1508    -0.1604    -0.1484    -0.1584    -0.1534    -0.1608    -0.1625    -0.1485    -0.1639   )	   12.473823
754	(   0.1259    -0.076     -0.1491    -0.1625    -0.1532    -0.1516    -0.1585    -0.149     -0.157     -0.1524    -0.1597    -0.1624    -0.1488    -0.1632   )	   12.463397
755	(   0.1256    -0.0696    -0.146     -0.1567    -0.155     -0.156     -0.1582    -0.1529    -0.1539    -0.1524    -0.1591    -0.163     -0.147     -0.1638   )	   12.457562
756	(   0.1252    -0.067     -0.1445    -0.154     -0.1576    -0.1595    -0.1597    -0.1562    -0.1522    -0.1534    -0.1595    -0.1636    -0.1451    -0.1651   )	   12.46663 
757	(   0.1334    -0.074     -0.1498    -0.1591    -0.154     -0.151     -0.1568    -0.1478    -0.1545    -0.1512    -0.1578    -0.162     -0.1499    -0.1618   )	   12.471023
758	(   0.1332    -0.0733    -0.1455    -0.1574    -0.1495    -0.1602    -0.1574    -0.1451    -0.156     -0.1531    -0.1622    -0.1634    -0.1471    -0.1658   )	   12.481028
759	(   0.1242    -0.072     -0.1487    -0.1599    -0.1541    -0.1494    -0.1567    -0.1515    -0.1551    -0.1508    -0.1572    -0.162     -0.1497    -0.1612   )	   12.461455
760	(   0.1309    -0.0734    -0.1465    -0.1568    -0.1525    -0.1458    -0.1584    -0.1512    -0.155     -0.1494    -0.1595    -0.1618    -0.1538    -0.1615   )	   12.470332
761	(   0.1278    -0.0681    -0.148     -0.1657    -0.158     -0.1523    -0.1588    -0.1517    -0.1576    -0.152     -0.157     -0.1618    -0.1482    -0.1613   )	   12.464762
762	(   0.1208    -0.0697    -0.1451    -0.1604    -0.1525    -0.153     -0.1579    -0.1524    -0.1569    -0.1515    -0.1596    -0.1626    -0.1487    -0.163    )	   12.468852
763	(   0.1219    -0.0697    -0.1482    -0.1632    -0.154     -0.1592    -0.1562    -0.1492    -0.1567    -0.1536    -0.1579    -0.1629    -0.144     -0.1635   )	   12.478243

BBE ( SOL ) OBJ
764	(   0.1286    -0.0725    -0.1469    -0.1584    -0.1529    -0.1492    -0.1579    -0.1507    -0.1554    -0.1505    -0.1591    -0.1621    -0.1514    -0.162    )	   12.460445
765	(   0.1274    -0.0682    -0.1456    -0.1578    -0.1552    -0.1554    -0.1597    -0.1546    -0.1565    -0.1525    -0.1591    -0.1633    -0.1473    -0.1626   )	   12.456569
766	(   0.1282    -0.065     -0.144     -0.1559    -0.1571    -0.1583    -0.1619    -0.1587    -0.1571    -0.1535    -0.1595    -0.1642    -0.1457    -0.1628   )	   12.464039
767	(   0.1333    -0.0729    -0.1494    -0.1588    -0.1546    -0.1523    -0.1574    -0.1489    -0.1547    -0.1517    -0.1578    -0.1623    -0.149     -0.1619   )	   12.466554
768	(   0.1236    -0.0752    -0.1487    -0.1502    -0.1512    -0.1534    -0.1551    -0.1493    -0.1526    -0.1538    -0.1591    -0.165     -0.1478    -0.1628   )	   12.469468
769	(   0.1291    -0.0699    -0.1468    -0.1633    -0.1546    -0.1523    -0.1586    -0.151     -0.157     -0.1507    -0.1585    -0.1614    -0.1493    -0.1623   )	   12.460294
770	(   0.1298    -0.0731    -0.1382    -0.1591    -0.1539    -0.151     -0.1562    -0.1548    -0.1556    -0.152     -0.157     -0.1622    -0.1466    -0.1618   )	   12.473962
771	(   0.1264    -0.0709    -0.1512    -0.1593    -0.1534    -0.1533    -0.1581    -0.1487    -0.1557    -0.1515    -0.1593    -0.1626    -0.1498    -0.1627   )	   12.459636
772	(   0.1266    -0.0708    -0.1461    -0.1595    -0.1583    -0.156     -0.1584    -0.1559    -0.1542    -0.1499    -0.1567    -0.1625    -0.1427    -0.164    )	   12.467341
773	(   0.1276    -0.0696    -0.1493    -0.1652    -0.158     -0.1514    -0.1517    -0.1514    -0.1572    -0.1517    -0.1588    -0.1616    -0.1493    -0.1625   )	   12.464112
774	(   0.129     -0.0719    -0.147     -0.1544    -0.1549    -0.1555    -0.1566    -0.1554    -0.1555    -0.152     -0.1591    -0.164     -0.1456    -0.1638   )	   12.458435
775	(   0.1287    -0.0719    -0.1486    -0.1591    -0.1505    -0.1499    -0.155     -0.1471    -0.1573    -0.1534    -0.1606    -0.1627    -0.1538    -0.1613   )	   12.464545
776	(   0.1328    -0.064     -0.1444    -0.1611    -0.1558    -0.1536    -0.1642    -0.1597    -0.1643    -0.1528    -0.1591    -0.1642    -0.1482    -0.159    )	   12.472124
777	(   0.1345    -0.0713    -0.1525    -0.1565    -0.1588    -0.1612    -0.1594    -0.1603    -0.1599    -0.16      -0.1612    -0.1611    -0.1588    -0.1679   )	   12.423085
778	(   0.1558    -0.0806    -0.1732    -0.1526    -0.1696    -0.1786    -0.1585    -0.1803    -0.1701    -0.1825    -0.1675    -0.1545    -0.1933    -0.1838   )	   12.64658 
779	(   0.129     -0.0778    -0.1503    -0.1597    -0.1637    -0.1601    -0.1601    -0.1603    -0.1614    -0.1566    -0.1562    -0.154     -0.1552    -0.1668   )	   12.439626
780	(   0.1308    -0.0693    -0.1504    -0.1661    -0.1614    -0.1557    -0.1623    -0.1603    -0.1603    -0.1552    -0.1608    -0.1609    -0.1515    -0.1646   )	   12.443625
781	(   0.1309    -0.0715    -0.1325    -0.1557    -0.1554    -0.1616    -0.1599    -0.1603    -0.1634    -0.1605    -0.1595    -0.1606    -0.1599    -0.1704   )	   12.46238 
782	(   0.1369    -0.0712    -0.1524    -0.1571    -0.1611    -0.2112    -0.1591    -0.1603    -0.1576    -0.1596    -0.1623    -0.1614    -0.158     -0.1662   )	   12.671765
783	(   0.1427    -0.0709    -0.152     -0.1584    -0.1666    -0.1603    -0.1794    -0.1603    -0.152     -0.1588    -0.1651    -0.1622    -0.1562    -0.1621   )	   12.480925
784	(   0.1436    -0.0708    -0.1519    -0.1586    -0.1674    -0.1603    -0.1582    -0.1603    -0.1512    -0.18      -0.1655    -0.1623    -0.156     -0.1615   )	   12.490312
785	(   0.1313    -0.0715    -0.1527    -0.1558    -0.1558    -0.1615    -0.1598    -0.1603    -0.1629    -0.1605    -0.1597    -0.2111    -0.1598    -0.1701   )	   12.689654
786	(   0.0958    -0.0734    -0.1549    -0.1478    -0.2088    -0.1652    -0.1645    -0.1703    -0.1969    -0.1656    -0.1431    -0.1559    -0.1709    -0.1952   )	   13.480168
787	(   0.1501    -0.0705    -0.1516    -0.1365    -0.1736    -0.1596    -0.1573    -0.1603    -0.1449    -0.1577    -0.1685    -0.1632    -0.1539    -0.1569   )	   12.617829
788	(   0.1223    -0.072     -0.1532    -0.1537    -0.1472    -0.1625    -0.161     -0.1603    -0.1716    -0.1618    -0.2112    -0.1595    -0.1626    -0.1765   )	   12.786369
789	(   0.1332    -0.0213    -0.1526    -0.1562    -0.1576    -0.1613    -0.1596    -0.1603    -0.1611    -0.1602    -0.1606    -0.1609    -0.1592    -0.1688   )	   12.704172
790	(   0.1561    -0.0701    -0.1512    -0.1614    -0.1793    -0.159     -0.1565    -0.1603    -0.1392    -0.1569    -0.1713    -0.164     -0.1521    -0.2179   )	   12.765574
791	(   0.1268    -0.0717    -0.153     -0.1548    -0.1515    -0.162     -0.1604    -0.1603    -0.1673    -0.1611    -0.1576    -0.1601    -0.1088    -0.1733   )	   12.703518
792	(   0.0949    -0.0734    -0.1549    -0.1476    -0.1212    -0.1653    -0.1647    -0.1703    -0.1099    -0.1658    -0.1427    -0.1558    -0.1712    -0.1958   )	   13.16534 
793	(   0.0845    -0.0689    -0.1498    -0.1665    -0.2009    -0.1566    -0.1535    -0.1503    -0.1174    -0.1536    -0.1819    -0.167     -0.145     -0.1367   )	   13.361911
794	(   0.1323    -0.0714    -0.1526    -0.156     -0.1567    -0.1614    -0.1597    -0.0603    -0.162     -0.1603    -0.1602    -0.1608    -0.1595    -0.1694   )	   13.417444
795	(   0.1344    -0.0719    -0.1528    -0.1588    -0.1569    -0.1608    -0.1593    -0.1603    -0.1618    -0.1599    -0.1601    -0.1604    -0.1623    -0.168    )	   12.42311 
796	(   0.1558    -0.0806    -0.1732    -0.1526    -0.1696    -0.1786    -0.1585    -0.1774    -0.1701    -0.1825    -0.1675    -0.1545    -0.1933    -0.1838   )	   12.640321
797	(   0.1446    -0.0645    -0.1512    -0.1641    -0.1647    -0.1682    -0.1643    -0.169     -0.1585    -0.1596    -0.1639    -0.1669    -0.1653    -0.1755   )	   12.428511
798	(   0.1319    -0.0775    -0.1519    -0.1631    -0.1564    -0.1546    -0.1566    -0.1533    -0.1588    -0.1557    -0.1595    -0.1593    -0.1603    -0.1679   )	   12.437408
799	(   0.1354    -0.0727    -0.1514    -0.157     -0.1579    -0.1614    -0.1587    -0.1583    -0.1605    -0.15      -0.1608    -0.1596    -0.1598    -0.17     )	   12.434055
800	(   0.1376    -0.0761    -0.1489    -0.1582    -0.1557    -0.162     -0.1694    -0.1534    -0.1621    -0.1608    -0.1598    -0.156     -0.1623    -0.1751   )	   12.445489
801	(   0.1365    -0.0743    -0.1502    -0.1465    -0.1569    -0.1617    -0.1579    -0.156     -0.1613    -0.1605    -0.1603    -0.1579    -0.161     -0.1724   )	   12.446851
802	(   0.1337    -0.0701    -0.1534    -0.1561    -0.1596    -0.161     -0.16      -0.162     -0.1594    -0.1598    -0.1412    -0.1624    -0.1579    -0.1661   )	   12.461845
803	(   0.1363    -0.074     -0.1505    -0.1574    -0.1788    -0.1617    -0.1581    -0.1564    -0.1611    -0.1605    -0.1604    -0.1582    -0.1608    -0.1719   )	   12.45727 

BBE ( SOL ) OBJ
804	(   0.1341    -0.0706    -0.153     -0.1563    -0.1592    -0.1812    -0.1597    -0.1613    -0.1596    -0.1599    -0.1614    -0.1618    -0.1583    -0.1669   )	   12.467465
805	(   0.1333    -0.0695    -0.1539    -0.1559    -0.16      -0.1609    -0.1603    -0.1629    -0.1799    -0.1597    -0.1617    -0.163     -0.1575    -0.1652   )	   12.467394
806	(   0.1324    -0.068     -0.1549    -0.1554    -0.1608    -0.1606    -0.161     -0.1649    -0.1584    -0.1594    -0.1622    -0.1645    -0.1788    -0.1631   )	   12.472384
807	(   0.1377    -0.0513    -0.1488    -0.1582    -0.1557    -0.162     -0.157     -0.1533    -0.1621    -0.1609    -0.1597    -0.1559    -0.1624    -0.1753   )	   12.473767
808	(   0.138     -0.0767    -0.1485    -0.1584    -0.1554    -0.1621    -0.1568    -0.1527    -0.1623    -0.1609    -0.1596    -0.1811    -0.1627    -0.1759   )	   12.48073 
809	(   0.1545    -0.0685    -0.1546    -0.1555    -0.1606    -0.1607    -0.1608    -0.1643    -0.1587    -0.1595    -0.162     -0.1641    -0.1567    -0.1637   )	   12.49598 
810	(   0.1412    -0.0817    -0.1625    -0.1601    -0.1522    -0.163     -0.1543    -0.1455    -0.1645    -0.1618    -0.1581    -0.1501    -0.1664    -0.1834   )	   12.516519
811	(   0.1413    -0.0818    -0.1447    -0.1601    -0.1522    -0.163     -0.1542    -0.1454    -0.1646    -0.1618    -0.1581    -0.1501    -0.1665    -0.1479   )	   12.564065
812	(   0.1329    -0.0689    -0.1543    -0.1557    -0.1603    -0.1608    -0.1606    -0.1103    -0.1588    -0.1596    -0.1619    -0.1636    -0.157     -0.1643   )	   12.674166
813	(   0.1332    -0.0699    -0.1536    -0.1582    -0.1596    -0.1587    -0.1601    -0.1685    -0.1589    -0.1598    -0.1619    -0.1626    -0.1574    -0.1693   )	   12.43166 
814	(   0.137     -0.0836    -0.1625    -0.1661    -0.1788    -0.1812    -0.1694    -0.169     -0.1509    -0.1618    -0.1668    -0.1501    -0.1788    -0.1834   )	   12.595879
815	(   0.1402    -0.0732    -0.149129  -0.157057  -0.166     -0.1657    -0.162     -0.1683    -0.1629    -0.162143  -0.161     -0.1584    -0.1637    -0.1744   )	   12.43128 
816	(   0.1392    -0.0724    -0.153633  -0.162337  -0.1661    -0.165     -0.164271  -0.1634    -0.1642    -0.163092  -0.1615    -0.1562    -0.1705    -0.1748   )	   12.431859
817	(   0.1445    -0.0751    -0.155723  -0.160842  -0.1676    -0.1657    -0.163539  -0.1674    -0.1673    -0.164219  -0.1618    -0.1563    -0.1725    -0.1764   )	   12.441582
818	(   0.135     -0.0709    -0.151969  -0.160634  -0.1422    -0.1606    -0.164416  -0.1655    -0.161     -0.156651  -0.1607    -0.1608    -0.1603    -0.1689   )	   12.45916 
819	(   0.136     -0.0732    -0.150867  -0.158208  -0.1696    -0.1614    -0.159679  -0.1587    -0.1611    -0.159538  -0.1605    -0.1588    -0.1607    -0.1712   )	   12.429394
820	(   0.1451    -0.0774    -0.157622  -0.160292  -0.1678    -0.1678    -0.162813  -0.1679    -0.1662    -0.165656  -0.1622    -0.155     -0.1757    -0.1794   )	   12.458945
821	(   0.1318    -0.0705    -0.148605  -0.158423  -0.1584    -0.1585    -0.160478  -0.1579    -0.1589    -0.155789  -0.1599    -0.1612    -0.1544    -0.1668   )	   12.429428
822	(   0.1354    -0.0708    -0.152794  -0.173295  -0.1664    -0.161     -0.164981  -0.1668    -0.1611    -0.156983  -0.161     -0.1609    -0.1611    -0.1688   )	   12.444158
823	(   0.134     -0.0682    -0.15465   -0.163752  -0.1691    -0.1606    -0.15285   -0.1713    -0.1601    -0.156138  -0.1616    -0.1635    -0.1596    -0.1652   )	   12.454504
824	(   0.1367    -0.0741    -0.150338  -0.159588  -0.159     -0.1616    -0.165262  -0.1579    -0.1616    -0.159634  -0.1603    -0.1579    -0.1616    -0.1726   )	   12.425542
825	(   0.1363    -0.074     -0.150405  -0.146699  -0.1573    -0.1617    -0.157309  -0.1566    -0.1612    -0.160333  -0.1603    -0.1582    -0.1609    -0.1721   )	   12.445033
826	(   0.1356    -0.0716    -0.152197  -0.166646  -0.1641    -0.1612    -0.163063  -0.1643    -0.1611    -0.157821  -0.1608    -0.1602    -0.1611    -0.1696   )	   12.426124
827	(   0.1416    -0.0758    -0.153056  -0.153972  -0.1627    -0.1677    -0.160099  -0.1637    -0.1621    -0.162491  -0.1605    -0.1581    -0.1719    -0.177    )	   12.445826
828	(   0.1335    -0.0709    -0.151064  -0.163068  -0.1617    -0.1587    -0.16175   -0.1611    -0.1608    -0.157023  -0.1607    -0.1602    -0.1566    -0.1677   )	   12.425817
829	(   0.1264    -0.0694    -0.147067  -0.159548  -0.1557    -0.1567    -0.158604  -0.1557    -0.1542    -0.152444  -0.1594    -0.1632    -0.1486    -0.164    )	   12.452238
830	(   0.14      -0.0737    -0.153559  -0.160518  -0.1646    -0.1635    -0.162305  -0.1645    -0.164     -0.161275  -0.1612    -0.158     -0.1665    -0.1733   )	   12.424282
831	(   0.1434    -0.0661    -0.152956  -0.160806  -0.1597    -0.1628    -0.162358  -0.1634    -0.1605    -0.160731  -0.1657    -0.1661    -0.1675    -0.1745   )	   12.423756
832	(   0.1422    -0.0648    -0.151507  -0.157079  -0.1675    -0.1695    -0.166681  -0.1718    -0.1633    -0.162349  -0.1633    -0.1618    -0.1634    -0.1743   )	   12.435036
833	(   0.1396    -0.068     -0.151605  -0.158584  -0.1647    -0.1658    -0.164161  -0.1672    -0.1622    -0.160687  -0.1623    -0.1612    -0.1627    -0.1727   )	   12.422773
834	(   0.1393    -0.0689    -0.152036  -0.163405  -0.1669    -0.1633    -0.165361  -0.1681    -0.1618    -0.169576  -0.1622    -0.1617    -0.1644    -0.1726   )	   12.428049
835	(   0.1355    -0.0687    -0.149575  -0.158221  -0.1589    -0.1595    -0.159946  -0.1637    -0.1578    -0.15741   -0.1616    -0.1659    -0.1528    -0.1675   )	   12.434133
836	(   0.1383    -0.0715    -0.152619  -0.161308  -0.1643    -0.1636    -0.16319   -0.1635    -0.1626    -0.161672  -0.1615    -0.1586    -0.1661    -0.173    )	   12.421678
837	(   0.1422    -0.0714    -0.149468  -0.162802  -0.166     -0.1665    -0.164558  -0.1579    -0.1636    -0.16097   -0.1611    -0.1589    -0.1671    -0.1735   )	   12.428643
838	(   0.1355    -0.0679    -0.153987  -0.164765  -0.1596    -0.1596    -0.163024  -0.1566    -0.1597    -0.158459  -0.1621    -0.1632    -0.1613    -0.1683   )	   12.426671
839	(   0.1444    -0.0702    -0.15528   -0.164305  -0.1674    -0.167     -0.164909  -0.1668    -0.1638    -0.165195  -0.1635    -0.1607    -0.1716    -0.1761   )	   12.426871
840	(   0.1414    -0.0671    -0.153649  -0.165391  -0.1559    -0.1649    -0.166455  -0.1671    -0.162     -0.162254  -0.1633    -0.1634    -0.1669    -0.1724   )	   12.42686 
841	(   0.1351    -0.0683    -0.155645  -0.161167  -0.158     -0.1595    -0.161847  -0.1693    -0.1593    -0.161005  -0.163     -0.1639    -0.1604    -0.17     )	   12.431439
842	(   0.1404    -0.0706    -0.151012  -0.162393  -0.164     -0.1648    -0.16388   -0.1607    -0.1625    -0.160979  -0.1616    -0.1602    -0.1654    -0.1726   )	   12.420152
843	(   0.1321    -0.076     -0.153886  -0.159625  -0.1592    -0.1573    -0.162045  -0.157     -0.165     -0.162572  -0.1599    -0.1549    -0.1622    -0.1675   )	   12.434535

BBE ( SOL ) OBJ
844	(   0.1415    -0.0674    -0.151872  -0.162981  -0.1633    -0.1655    -0.163736  -0.166     -0.1601    -0.160343  -0.1629    -0.1639    -0.1645    -0.1735   )	   12.419848
845	(   0.1377    -0.0714    -0.153027  -0.16026   -0.1565    -0.1626    -0.160752  -0.1576    -0.1614    -0.151277  -0.1617    -0.1605    -0.1632    -0.1706   )	   12.432946
846	(   0.1389    -0.0695    -0.152284  -0.162619  -0.1643    -0.1631    -0.164209  -0.1655    -0.1617    -0.165001  -0.1621    -0.1614    -0.1641    -0.1721   )	   12.419877
847	(   0.1318    -0.07      -0.149355  -0.159119  -0.1556    -0.1583    -0.161104  -0.1587    -0.1591    -0.155631  -0.1602    -0.1616    -0.1549    -0.1665   )	   12.43062 
848	(   0.1413    -0.0702    -0.153799  -0.163008  -0.1644    -0.1648    -0.163958  -0.1648    -0.1626    -0.162804  -0.1627    -0.1609    -0.1674    -0.1737   )	   12.419659
849	(   0.1348    -0.0736    -0.151007  -0.157692  -0.1683    -0.1604    -0.159202  -0.1581    -0.161     -0.15865   -0.1603    -0.1585    -0.1597    -0.1704   )	   12.429237
850	(   0.1398    -0.0687    -0.152989  -0.163466  -0.159     -0.1638    -0.164642  -0.1648    -0.1618    -0.161353  -0.1626    -0.1622    -0.1651    -0.1719   )	   12.419841
851	(   0.1413    -0.0729    -0.150526  -0.158133  -0.1645    -0.1663    -0.162864  -0.1697    -0.1636    -0.162859  -0.1616    -0.1586    -0.1658    -0.175    )	   12.430797
852	(   0.137     -0.0691    -0.153122  -0.163107  -0.1608    -0.1613    -0.162984  -0.1599    -0.1607    -0.159559  -0.162     -0.162     -0.1624    -0.17     )	   12.419623
853	(   0.1414    -0.0688    -0.152449  -0.155746  -0.1595    -0.1647    -0.162813  -0.1614    -0.1622    -0.163745  -0.163     -0.1618    -0.1662    -0.1738   )	   12.424352
854	(   0.1447    -0.0692    -0.153779  -0.158278  -0.1616    -0.1681    -0.164278  -0.1646    -0.1627    -0.165503  -0.1635    -0.162     -0.1721    -0.1765   )	   12.430231
855	(   0.1363    -0.0705    -0.151743  -0.161871  -0.1617    -0.161     -0.162382  -0.162     -0.1613    -0.159143  -0.1614    -0.1607    -0.1605    -0.1699   )	   12.419374
856	(   0.1414    -0.0655    -0.154706  -0.162084  -0.1647    -0.1651    -0.160355  -0.1684    -0.1618    -0.162822  -0.164     -0.1647    -0.1669    -0.1712   )	   12.423848
857	(   0.1367    -0.0703    -0.152918  -0.166832  -0.165     -0.162     -0.162453  -0.1659    -0.1612    -0.158579  -0.1615    -0.1613    -0.1624    -0.1697   )	   12.425639
858	(   0.1402    -0.0692    -0.152566  -0.158517  -0.1609    -0.164     -0.162723  -0.1625    -0.1619    -0.162454  -0.1626    -0.1617    -0.1653    -0.1728   )	   12.41926 
859	(   0.1381    -0.0648    -0.151666  -0.161774  -0.1593    -0.1633    -0.16302   -0.1625    -0.1591    -0.161218  -0.1635    -0.1656    -0.1619    -0.1701   )	   12.423455
860	(   0.1363    -0.0729    -0.150084  -0.160164  -0.1585    -0.1614    -0.165351  -0.1578    -0.1609    -0.159441  -0.1606    -0.159     -0.1608    -0.172    )	   12.424238
861	(   0.1401    -0.0674    -0.153551  -0.161604  -0.1631    -0.1642    -0.161604  -0.1658    -0.1616    -0.161977  -0.1632    -0.1633    -0.1654    -0.1714   )	   12.419204
862	(   0.1338    -0.0725    -0.151919  -0.161556  -0.1639    -0.1639    -0.16324   -0.1631    -0.1623    -0.16171   -0.1585    -0.1572    -0.1599    -0.1683   )	   12.427474
863	(   0.141     -0.0677    -0.152697  -0.160993  -0.1608    -0.1631    -0.162579  -0.1633    -0.161     -0.160976  -0.1639    -0.1639    -0.1656    -0.173    )	   12.418752
864	(   0.1395    -0.0742    -0.153357  -0.160476  -0.1646    -0.1634    -0.162515  -0.1642    -0.164     -0.161189  -0.1608    -0.1575    -0.166     -0.1731   )	   12.424951
865	(   0.1385    -0.0672    -0.152089  -0.16145   -0.1606    -0.1633    -0.162894  -0.1629    -0.1603    -0.161211  -0.1628    -0.1636    -0.1629    -0.1709   )	   12.418921
866	(   0.1438    -0.0664    -0.152121  -0.163829  -0.1675    -0.1663    -0.166749  -0.1667    -0.1611    -0.162694  -0.1646    -0.1631    -0.1657    -0.1756   )	   12.421615
867	(   0.145     -0.0663    -0.152367  -0.167176  -0.1668    -0.1666    -0.167699  -0.1676    -0.1632    -0.162979  -0.164     -0.1627    -0.1702    -0.1768   )	   12.425327
868	(   0.1371    -0.0701    -0.152467  -0.159169  -0.1608    -0.1626    -0.161475  -0.1621    -0.1607    -0.160745  -0.1619    -0.1615    -0.1617    -0.1701   )	   12.418781
869	(   0.1396    -0.0699    -0.153385  -0.165175  -0.1604    -0.1615    -0.162554  -0.16      -0.1606    -0.1623    -0.1628    -0.1627    -0.1662    -0.1717   )	   12.420315
870	(   0.1411    -0.0662    -0.152481  -0.163004  -0.1602    -0.1634    -0.163434  -0.1632    -0.16      -0.161405  -0.1638    -0.1658    -0.1628    -0.1712   )	   12.420014
871	(   0.1352    -0.0713    -0.15303   -0.160365  -0.156     -0.1603    -0.159402  -0.1595    -0.1613    -0.160199  -0.1606    -0.1617    -0.1628    -0.1679   )	   12.423437
872	(   0.1416    -0.0676    -0.152348  -0.162963  -0.1646    -0.1648    -0.164912  -0.1649    -0.1612    -0.16207   -0.1636    -0.1628    -0.165     -0.1737   )	   12.41822 
873	(   0.1397    -0.0674    -0.151618  -0.158703  -0.1637    -0.1656    -0.163933  -0.1669    -0.1619    -0.16056   -0.1625    -0.1621    -0.1621    -0.1721   )	   12.421935
874	(   0.1396    -0.0693    -0.152943  -0.163557  -0.1612    -0.1625    -0.162899  -0.1617    -0.1609    -0.161865  -0.1627    -0.1626    -0.1652    -0.1718   )	   12.417973
875	(   0.1387    -0.0666    -0.154267  -0.161651  -0.1597    -0.162     -0.162467  -0.1664    -0.1598    -0.162008  -0.1639    -0.165     -0.1629    -0.1711   )	   12.422309
876	(   0.14      -0.0696    -0.151826  -0.162208  -0.1629    -0.1641    -0.163527  -0.1621    -0.1618    -0.161236  -0.1622    -0.1614    -0.1648    -0.1722   )	   12.417874
877	(   0.1379    -0.0714    -0.152704  -0.160926  -0.1639    -0.1635    -0.162927  -0.1637    -0.1625    -0.161557  -0.1614    -0.1588    -0.1658    -0.1727   )	   12.421424
878	(   0.1403    -0.0675    -0.152537  -0.162485  -0.1611    -0.1634    -0.163307  -0.1633    -0.1606    -0.161443  -0.1632    -0.164     -0.1635    -0.1716   )	   12.417905
879	(   0.1403    -0.0679    -0.152937  -0.161292  -0.1593    -0.1638    -0.162023  -0.1611    -0.1607    -0.157453  -0.1633    -0.1635    -0.1644    -0.1717   )	   12.421609
880	(   0.1392    -0.0691    -0.152447  -0.162287  -0.1631    -0.1633    -0.163662  -0.1644    -0.1614    -0.163114  -0.1624    -0.1619    -0.1642    -0.172    )	   12.417922
881	(   0.1374    -0.0702    -0.153431  -0.160831  -0.1603    -0.1611    -0.162485  -0.1604    -0.1624    -0.162507  -0.1624    -0.1607    -0.1639    -0.1701   )	   12.419166
882	(   0.1387    -0.0691    -0.152378  -0.15997   -0.1648    -0.1624    -0.161271  -0.1609    -0.1608    -0.161662  -0.1627    -0.1622    -0.1632    -0.1714   )	   12.418622
883	(   0.1368    -0.0675    -0.151365  -0.159994  -0.1594    -0.1611    -0.161571  -0.1604    -0.1598    -0.160048  -0.1626    -0.1637    -0.1603    -0.1693   )	   12.421015

BBE ( SOL ) OBJ
884	(   0.1402    -0.0695    -0.15319   -0.162254  -0.1632    -0.1639    -0.163361  -0.1637    -0.1619    -0.162115  -0.1627    -0.1616    -0.1656    -0.1726   )	   12.417749
885	(   0.1416    -0.0686    -0.152051  -0.159773  -0.1634    -0.1649    -0.162599  -0.1658    -0.1618    -0.163658  -0.1634    -0.1626    -0.1657    -0.1734   )	   12.419304
886	(   0.1431    -0.0669    -0.153474  -0.160709  -0.1627    -0.1658    -0.163232  -0.1643    -0.1613    -0.164719  -0.1643    -0.1641    -0.1684    -0.174    )	   12.420643
887	(   0.138     -0.0696    -0.152176  -0.161581  -0.162     -0.1622    -0.162595  -0.1626    -0.1613    -0.160537  -0.1621    -0.1616    -0.1625    -0.1709   )	   12.417707
888	(   0.1314    -0.0699    -0.149176  -0.159581  -0.1584    -0.1571    -0.160295  -0.1593    -0.1595    -0.155837  -0.1603    -0.1616    -0.1532    -0.1658   )	   12.431958
889	(   0.1409    -0.069     -0.152876  -0.162781  -0.1631    -0.1627    -0.162595  -0.1629    -0.1627    -0.162237  -0.1628    -0.1632    -0.1629    -0.1726   )	   12.416316
890	(   0.1496    -0.0672    -0.154976  -0.166381  -0.1664    -0.1642    -0.162595  -0.1638    -0.1669    -0.167337  -0.1649    -0.168     -0.1641    -0.1777   )	   12.42366 
891	(   0.142     -0.0687    -0.153076  -0.162681  -0.1633    -0.1629    -0.163295  -0.1636    -0.1638    -0.163337  -0.1625    -0.1638    -0.1634    -0.1732   )	   12.416316
892	(   0.1391    -0.0703    -0.151676  -0.161981  -0.1614    -0.1618    -0.164195  -0.1597    -0.1614    -0.161637  -0.1622    -0.1617    -0.1624    -0.1723   )	   12.418224
893	(   0.1427    -0.0688    -0.153176  -0.162881  -0.1639    -0.1626    -0.162995  -0.1626    -0.1628    -0.162137  -0.1528    -0.1631    -0.1628    -0.1725   )	   12.427908
894	(   0.1436    -0.0688    -0.153376  -0.162981  -0.1644    -0.1625    -0.163295  -0.1625    -0.1628    -0.162037  -0.1629    -0.163     -0.1627    -0.1926   )	   12.452711
895	(   0.1373    -0.0693    -0.152176  -0.162481  -0.1614    -0.163     -0.161695  -0.1635    -0.1625    -0.142237  -0.1627    -0.1635    -0.1632    -0.1728   )	   12.456926
896	(   0.1442    -0.0687    -0.153576  -0.162981  -0.1646    -0.1625    -0.163395  -0.1624    -0.1629    -0.161937  -0.1629    -0.1629    -0.1829    -0.1724   )	   12.454317
897	(   0.1499    -0.079     -0.154676  -0.163381  -0.1673    -0.162     -0.164795  -0.1615    -0.1632    -0.161537  -0.163     -0.1625    -0.1623    -0.1721   )	   12.449149
898	(   0.1448    -0.0686    -0.153676  -0.163081  -0.1649    -0.1624    -0.163595  -0.1623    -0.1629    -0.161937  -0.1629    -0.1832    -0.1626    -0.1724   )	   12.455176
899	(   0.1384    -0.0692    -0.152376  -0.162581  -0.1619    -0.1629    -0.161995  -0.1633    -0.1827    -0.162437  -0.1628    -0.1634    -0.1631    -0.1727   )	   12.459222
900	(   0.1443    -0.0687    -0.153576  -0.162981  -0.1647    -0.1827    -0.163395  -0.1624    -0.1629    -0.161937  -0.1629    -0.1629    -0.1627    -0.1724   )	   12.453069
901	(   0.1486    -0.0683    -0.154376  -0.163281  -0.1667    -0.1621    -0.164495  -0.1829    -0.1631    -0.161637  -0.1629    -0.1626    -0.1624    -0.1722   )	   12.457545
902	(   0.1376    -0.0693    -0.152176  -0.182781  -0.1615    -0.1629    -0.161795  -0.1634    -0.1625    -0.162537  -0.1627    -0.1635    -0.1631    -0.1728   )	   12.462291
903	(   0.1692    -0.0664    -0.142876  -0.164781  -0.1763    -0.1606    -0.169595  -0.1585    -0.1642    -0.160037  -0.1633    -0.1609    -0.1609    -0.171    )	   12.609348
904	(   0.1816    -0.0653    -0.160876  -0.165681  -0.1441    -0.1597    -0.172595  -0.1565    -0.1649    -0.159137  -0.1636    -0.1598    -0.16      -0.1702   )	   12.832914
905	(   0.1839    -0.0651    -0.161376  -0.165881  -0.1831    -0.1595    -0.154195  -0.1562    -0.165     -0.158937  -0.1636    -0.1596    -0.1599    -0.1701   )	   12.83195 
906	(   0.1909    -0.0716    -0.147076  -0.160681  -0.1495    -0.1649    -0.155395  -0.1675    -0.1611    -0.164537  -0.1622    -0.1656    -0.165     -0.1743   )	   13.001874
907	(   0.0943    -0.0674    -0.151676  -0.160481  -0.157     -0.1587    -0.159095  -0.1611    -0.1609    -0.164737  -0.1623    -0.1574    -0.1608    -0.1681   )	   12.766886
908	(   0.1428    -0.0685    -0.154838  -0.163781  -0.163     -0.164     -0.16345   -0.1634    -0.1636    -0.163937  -0.1629    -0.1629    -0.1631    -0.1741   )	   12.416454
909	(   0.1416    -0.070743  -0.153265  -0.162681  -0.1644    -0.1629    -0.163266  -0.1626    -0.163     -0.162637  -0.1626    -0.1614    -0.1647    -0.1736   )	   12.417503
910	(   0.1436    -0.067935  -0.153001  -0.165481  -0.1648    -0.1637    -0.164941  -0.1635    -0.1629    -0.163337  -0.1636    -0.1635    -0.1663    -0.1749   )	   12.417713
911	(   0.1401    -0.070368  -0.152814  -0.164281  -0.1653    -0.1633    -0.164175  -0.1623    -0.1629    -0.163437  -0.161557  -0.161     -0.1625    -0.1723   )	   12.418413
912	(   0.1426    -0.069149  -0.153195  -0.165881  -0.1614    -0.1641    -0.165898  -0.1649    -0.1634    -0.163037  -0.162594  -0.1626    -0.1648    -0.174    )	   12.41853 
913	(   0.1416    -0.069137  -0.152991  -0.164381  -0.1623    -0.1637    -0.164741  -0.1639    -0.1628    -0.162737  -0.16262   -0.1625    -0.1644    -0.1734   )	   12.417055
914	(   0.1414    -0.067706  -0.152785  -0.161581  -0.1605    -0.1633    -0.163074  -0.1637    -0.1613    -0.161137  -0.163889  -0.164     -0.1658    -0.1733   )	   12.418709
915	(   0.1404    -0.069702  -0.152807  -0.163581  -0.1641    -0.1633    -0.1639    -0.1627    -0.1625    -0.162837  -0.16214   -0.1617    -0.1633    -0.1725   )	   12.417034
916	(   0.1426    -0.067688  -0.154084  -0.164081  -0.1648    -0.165     -0.163012  -0.1668    -0.1629    -0.163137  -0.163237  -0.1633    -0.166     -0.1733   )	   12.418257
917	(   0.14      -0.069647  -0.152278  -0.162481  -0.1622    -0.1626    -0.163899  -0.1615    -0.1618    -0.162037  -0.162459  -0.1621    -0.1633    -0.1725   )	   12.416989
918	(   0.1399    -0.070681  -0.153402  -0.163081  -0.1612    -0.1617    -0.162151  -0.1611    -0.1632    -0.162737  -0.161674  -0.1621    -0.1632    -0.1717   )	   12.417425
919	(   0.1419    -0.069178  -0.152873  -0.162381  -0.1646    -0.1638    -0.164057  -0.1642    -0.1639    -0.163037  -0.162428  -0.1622    -0.1627    -0.1736   )	   12.416937
920	(   0.1427    -0.069389  -0.15343   -0.163681  -0.1629    -0.1631    -0.16335   -0.1615    -0.1637    -0.161737  -0.162732  -0.163     -0.1635    -0.1736   )	   12.417158
921	(   0.1419    -0.071259  -0.153467  -0.163681  -0.1652    -0.163     -0.163711  -0.1623    -0.165     -0.163437  -0.161865  -0.1607    -0.1642    -0.1743   )	   12.418898
922	(   0.1407    -0.06844   -0.15277   -0.162781  -0.1621    -0.1633    -0.163408  -0.1631    -0.1617    -0.161937  -0.162866  -0.1632    -0.1637    -0.1723   )	   12.416703
923	(   0.1423    -0.068993  -0.154313  -0.163981  -0.1633    -0.1622    -0.163474  -0.1637    -0.1637    -0.163837  -0.16296   -0.1636    -0.1627    -0.1737   )	   12.4165  

BBE ( SOL ) OBJ
924	(   0.1424    -0.069021  -0.153109  -0.164181  -0.163     -0.1621    -0.163656  -0.1621    -0.1639    -0.163137  -0.162497  -0.1637    -0.1615    -0.1735   )	   12.417195
925	(   0.1389    -0.070741  -0.153314  -0.160781  -0.1611    -0.1621    -0.161893  -0.1621    -0.163     -0.161937  -0.161439  -0.1618    -0.1601    -0.171    )	   12.417915
926	(   0.1424    -0.068636  -0.153079  -0.164281  -0.1639    -0.1633    -0.164179  -0.1631    -0.1629    -0.162937  -0.16306   -0.1631    -0.1648    -0.1739   )	   12.416646
927	(   0.1451    -0.068938  -0.154268  -0.165081  -0.1642    -0.1637    -0.164465  -0.163     -0.1649    -0.165037  -0.163077  -0.1639    -0.1642    -0.1754   )	   12.417678
928	(   0.1433    -0.069104  -0.153745  -0.164181  -0.1637    -0.1634    -0.163998  -0.1629    -0.164     -0.163937  -0.162832  -0.1633    -0.1638    -0.1743   )	   12.416626
929	(   0.1417    -0.067561  -0.153247  -0.164181  -0.1617    -0.1631    -0.163899  -0.1631    -0.1633    -0.163137  -0.16261   -0.1644    -0.1619    -0.1728   )	   12.417009
930	(   0.1437    -0.067177  -0.153088  -0.163981  -0.165     -0.1645    -0.165263  -0.1649    -0.1631    -0.163137  -0.163669  -0.164     -0.1632    -0.1749   )	   12.417133
931	(   0.1414    -0.068574  -0.153378  -0.162881  -0.1635    -0.1645    -0.163988  -0.1643    -0.1623    -0.162737  -0.163014  -0.1624    -0.1652    -0.1733   )	   12.4171  
932	(   0.1409    -0.068089  -0.15305   -0.163181  -0.1636    -0.1637    -0.164385  -0.1653    -0.1623    -0.164237  -0.162819  -0.1631    -0.1634    -0.1731   )	   12.417296
933	(   0.1422    -0.069064  -0.153335  -0.163581  -0.1631    -0.1632    -0.163609  -0.1624    -0.1634    -0.162337  -0.162754  -0.163     -0.1635    -0.1735   )	   12.416454
934	(   0.1397    -0.070571  -0.153427  -0.162881  -0.1613    -0.1621    -0.162236  -0.1615    -0.163     -0.162737  -0.161751  -0.1619    -0.1638    -0.1716   )	   12.417333
935	(   0.1427    -0.068026  -0.153173  -0.163681  -0.1641    -0.1639    -0.164506  -0.1641    -0.1631    -0.163037  -0.16319   -0.1635    -0.1633    -0.1741   )	   12.416444
936	(   0.1422    -0.069096  -0.153108  -0.164081  -0.1629    -0.162     -0.163585  -0.1621    -0.1639    -0.163137  -0.162432  -0.1637    -0.1615    -0.1733   )	   12.417149
937	(   0.1416    -0.068704  -0.15331   -0.163181  -0.1633    -0.1639    -0.163887  -0.1637    -0.1627    -0.162837  -0.162868  -0.1627    -0.1643    -0.1733   )	   12.416446
938	(   0.142     -0.068471  -0.15354   -0.162381  -0.1642    -0.1628    -0.16271   -0.1624    -0.1634    -0.163137  -0.162861  -0.1636    -0.1623    -0.1732   )	   12.416519
939	(   0.1434    -0.06773   -0.153829  -0.163081  -0.1624    -0.1631    -0.163381  -0.1636    -0.1638    -0.163137  -0.163444  -0.1647    -0.1632    -0.1742   )	   12.416713
940	(   0.1423    -0.069895  -0.153472  -0.162281  -0.1649    -0.1633    -0.163308  -0.1633    -0.1631    -0.162837  -0.163093  -0.162     -0.1648    -0.1741   )	   12.417208
941	(   0.1419    -0.068145  -0.153303  -0.163681  -0.1625    -0.1632    -0.163751  -0.1631    -0.1632    -0.163037  -0.162731  -0.1638    -0.1626    -0.1731   )	   12.416362
942	(   0.1443    -0.067595  -0.154588  -0.164181  -0.1645    -0.1639    -0.163287  -0.1651    -0.1648    -0.164037  -0.163283  -0.1646    -0.1633    -0.1745   )	   12.416865
943	(   0.1427    -0.067837  -0.154238  -0.164481  -0.162     -0.1627    -0.163019  -0.1625    -0.1628    -0.163237  -0.163436  -0.1648    -0.164     -0.1735   )	   12.416959
944	(   0.1421    -0.068843  -0.153214  -0.162881  -0.164     -0.1635    -0.163797  -0.1638    -0.1636    -0.163037  -0.16268   -0.1629    -0.163     -0.1736   )	   12.416359
945	(   0.1408    -0.068762  -0.157876  -0.163081  -0.1629    -0.1621    -0.162021  -0.1629    -0.1623    -0.162437  -0.163248  -0.1633    -0.1643    -0.1725   )	   12.418678
946	(   0.1407    -0.074     -0.152622  -0.163381  -0.1626    -0.1615    -0.161452  -0.1629    -0.1619    -0.162637  -0.163692  -0.1634    -0.1658    -0.1725   )	   12.420875
947	(   0.141     -0.069229  -0.152999  -0.162481  -0.1531    -0.1633    -0.163149  -0.1629    -0.1631    -0.162037  -0.162368  -0.1631    -0.1615    -0.1727   )	   12.42604 
948	(   0.141     -0.069189  -0.152977  -0.162481  -0.1633    -0.1632    -0.163052  -0.1629    -0.163     -0.172237  -0.162443  -0.1631    -0.1617    -0.1727   )	   12.42504 
949	(   0.1409    -0.068932  -0.15284   -0.162881  -0.163     -0.1625    -0.162431  -0.1629    -0.1626    -0.162337  -0.162928  -0.1632    -0.1633    -0.1826   )	   12.42562 
950	(   0.1409    -0.068986  -0.152869  -0.162781  -0.1631    -0.1627    -0.162561  -0.1729    -0.1627    -0.162237  -0.162826  -0.1632    -0.163     -0.1726   )	   12.426215
951	(   0.1407    -0.068616  -0.15267   -0.163281  -0.1627    -0.1617    -0.161667  -0.1629    -0.1727    -0.162537  -0.163524  -0.1633    -0.1652    -0.1725   )	   12.426742
952	(   0.1407    -0.068697  -0.152713  -0.152781  -0.1628    -0.1619    -0.161862  -0.1629    -0.1622    -0.162537  -0.163372  -0.1633    -0.1647    -0.1725   )	   12.426531
953	(   0.1403    -0.067824  -0.152246  -0.164381  -0.1619    -0.1598    -0.159753  -0.1628    -0.1607    -0.163237  -0.1578    -0.1636    -0.17      -0.1722   )	   12.426917
954	(   0.1409    -0.069081  -0.152919  -0.162681  -0.1632    -0.1629    -0.162791  -0.1629    -0.1628    -0.162137  -0.162647  -0.1732    -0.1624    -0.1726   )	   12.42687 
955	(   0.1412    -0.069618  -0.153207  -0.161981  -0.1637    -0.1527    -0.164088  -0.1629    -0.1637    -0.161737  -0.161635  -0.163     -0.1591    -0.1728   )	   12.428752
956	(   0.142     -0.071069  -0.153985  -0.159981  -0.1652    -0.1678    -0.167595  -0.163     -0.1662    -0.160437  -0.158899  -0.1624    -0.1661    -0.1732   )	   12.426557
957	(   0.14      -0.067355  -0.151994  -0.164981  -0.1614    -0.1586    -0.166495  -0.1628    -0.16      -0.163637  -0.165902  -0.1638    -0.1729    -0.1721   )	   12.433035
958	(   0.1209    -0.069057  -0.152907  -0.162681  -0.1632    -0.1628    -0.162733  -0.1629    -0.1628    -0.162237  -0.162692  -0.1632    -0.1626    -0.1726   )	   12.494503
959	(   0.1411    -0.068698  -0.152849  -0.162781  -0.1632    -0.1629    -0.162625  -0.1628    -0.1627    -0.162137  -0.162844  -0.1631    -0.1625    -0.1725   )	   12.416346
960	(   0.1431    -0.07287   -0.155605  -0.161632  -0.15865   -0.1681    -0.16426   -0.16365   -0.1594    -0.164934  -0.165882  -0.1627    -0.16165   -0.17355  )	   12.426555
961	(   0.1406    -0.069602  -0.152945  -0.163581  -0.164286  -0.163357  -0.16366   -0.162829  -0.162557  -0.162823  -0.162248  -0.161829  -0.163357  -0.172571 )	   12.416911
962	(   0.1427    -0.068198  -0.153608  -0.163206  -0.162871  -0.163164  -0.163451  -0.163407  -0.163489  -0.163058  -0.163145  -0.163982  -0.163239  -0.173793 )	   12.416277
963	(   0.1436    -0.068857  -0.154124  -0.163942  -0.164696  -0.163138  -0.163639  -0.163372  -0.164913  -0.164183  -0.162866  -0.16344   -0.162791  -0.174685 )	   12.416951

BBE ( SOL ) OBJ
964	(   0.1414    -0.068544  -0.153109  -0.163071  -0.162749  -0.163259  -0.163466  -0.163168  -0.162503  -0.162498  -0.162866  -0.16326   -0.163473  -0.172896 )	   12.416271
965	(   0.1417    -0.068648  -0.153819  -0.162269  -0.162731  -0.163132  -0.162766  -0.163382  -0.163656  -0.16312   -0.162644  -0.163563  -0.161502  -0.172941 )	   12.416589
966	(   0.1406    -0.068115  -0.153164  -0.162096  -0.162793  -0.162994  -0.162771  -0.163651  -0.162507  -0.162003  -0.162846  -0.163401  -0.162173  -0.172347 )	   12.416591
967	(   0.1413    -0.068362  -0.153309  -0.162617  -0.16302   -0.163095  -0.163078  -0.163463  -0.16288   -0.162487  -0.162842  -0.163376  -0.16258   -0.172835 )	   12.416259
968	(   0.1422    -0.06853   -0.153017  -0.164057  -0.163803  -0.163256  -0.164047  -0.163181  -0.16274   -0.16273   -0.163062  -0.163111  -0.164625  -0.173691 )	   12.416558
969	(   0.142     -0.06856   -0.153218  -0.16361   -0.163535  -0.163225  -0.163727  -0.163231  -0.162969  -0.162828  -0.162957  -0.163224  -0.163845  -0.173504 )	   12.41625 
970	(   0.1419    -0.06872   -0.15325   -0.164121  -0.162239  -0.163649  -0.164249  -0.164281  -0.162934  -0.162669  -0.162859  -0.16302   -0.164048  -0.173475 )	   12.416682
971	(   0.142     -0.068533  -0.153468  -0.162816  -0.16371   -0.163012  -0.163095  -0.16287   -0.163284  -0.16302   -0.16286   -0.163455  -0.162737  -0.173269 )	   12.416231
972	(   0.1415    -0.068132  -0.152356  -0.162355  -0.163198  -0.164365  -0.163431  -0.162863  -0.162575  -0.161852  -0.162745  -0.163     -0.163653  -0.172914 )	   12.416711
973	(   0.1421    -0.068778  -0.153824  -0.163574  -0.163274  -0.162741  -0.163463  -0.163491  -0.163419  -0.163341  -0.162906  -0.16345   -0.162938  -0.173503 )	   12.416218
974	(   0.1416    -0.06802   -0.153404  -0.162754  -0.163423  -0.163299  -0.163275  -0.164319  -0.162878  -0.163496  -0.162973  -0.163664  -0.162773  -0.173114 )	   12.41636 
975	(   0.1408    -0.068516  -0.151696  -0.162407  -0.163583  -0.162399  -0.163409  -0.16345   -0.162575  -0.161833  -0.162837  -0.163873  -0.163126  -0.172373 )	   12.416878
976	(   0.1423    -0.068504  -0.154053  -0.163437  -0.163146  -0.1636    -0.16344   -0.163412  -0.163344  -0.163411  -0.162884  -0.163143  -0.163107  -0.173668 )	   12.416182
977	(   0.1421    -0.068283  -0.153331  -0.163043  -0.163261  -0.162456  -0.162908  -0.163109  -0.163567  -0.163015  -0.162872  -0.164136  -0.161756  -0.173226 )	   12.416584
978	(   0.1417    -0.068599  -0.153315  -0.163147  -0.16329   -0.163539  -0.163642  -0.163552  -0.162917  -0.162881  -0.162869  -0.163059  -0.163664  -0.173282 )	   12.416215
979	(   0.1409    -0.069043  -0.153488  -0.162467  -0.162345  -0.162405  -0.162165  -0.16263   -0.16314   -0.162792  -0.162504  -0.163273  -0.162808  -0.172309 )	   12.416386
980	(   0.1413    -0.068789  -0.153409  -0.162771  -0.162784  -0.162779  -0.162751  -0.162998  -0.16313   -0.162853  -0.162675  -0.16333   -0.162931  -0.172757 )	   12.416204
981	(   0.1416    -0.069016  -0.153373  -0.162337  -0.163986  -0.163045  -0.162778  -0.163616  -0.16303   -0.162766  -0.162955  -0.162906  -0.163555  -0.17326  )	   12.41634 
982	(   0.1419    -0.069283  -0.153268  -0.163205  -0.163143  -0.162909  -0.163183  -0.162296  -0.163374  -0.162203  -0.16271   -0.162934  -0.163494  -0.173267 )	   12.416451
983	(   0.1417    -0.068336  -0.15337   -0.162867  -0.163353  -0.163202  -0.163252  -0.163813  -0.163002  -0.163173  -0.162907  -0.163481  -0.162953  -0.173152 )	   12.416192
984	(   0.1413    -0.068388  -0.15348   -0.163076  -0.162474  -0.162666  -0.162583  -0.162817  -0.162567  -0.162681  -0.163036  -0.163781  -0.16326   -0.172717 )	   12.416326
985	(   0.1424    -0.068489  -0.153935  -0.163218  -0.16317   -0.163232  -0.163749  -0.16382   -0.163448  -0.163659  -0.162899  -0.163678  -0.163869  -0.173848 )	   12.416217
986	(   0.142     -0.068095  -0.153491  -0.163788  -0.162268  -0.163114  -0.163734  -0.163033  -0.163177  -0.163157  -0.16278   -0.163982  -0.162859  -0.173172 )	   12.416398
987	(   0.1417    -0.068786  -0.153403  -0.1627    -0.163556  -0.163062  -0.163017  -0.16347   -0.163067  -0.162864  -0.162911  -0.163175  -0.163381  -0.173238 )	   12.416185
988	(   0.1423    -0.06878   -0.153373  -0.162995  -0.163934  -0.16355   -0.163991  -0.163925  -0.163712  -0.163269  -0.162681  -0.163021  -0.163171  -0.173789 )	   12.416351
989	(   0.1416    -0.068486  -0.153453  -0.163056  -0.162839  -0.162887  -0.162935  -0.163094  -0.162853  -0.162828  -0.162947  -0.163591  -0.163238  -0.172985 )	   12.416185
990	(   0.1416    -0.068438  -0.153831  -0.163443  -0.163042  -0.163314  -0.163228  -0.16307   -0.162344  -0.16254   -0.163281  -0.162972  -0.163008  -0.173276 )	   12.416262
991	(   0.1428    -0.068057  -0.154168  -0.163438  -0.163234  -0.163602  -0.164018  -0.163794  -0.163393  -0.163683  -0.16305   -0.163539  -0.163523  -0.173972 )	   12.416229
992	(   0.141     -0.068839  -0.153516  -0.163046  -0.163515  -0.1632    -0.163243  -0.163342  -0.16259   -0.162951  -0.162691  -0.162694  -0.163225  -0.172805 )	   12.416282
993	(   0.1423    -0.068358  -0.153585  -0.163166  -0.163032  -0.163173  -0.163399  -0.163391  -0.163264  -0.163031  -0.163032  -0.16366   -0.163235  -0.173546 )	   12.41617 
994	(   0.1424    -0.068467  -0.154083  -0.163195  -0.163677  -0.163093  -0.163219  -0.163613  -0.163685  -0.163588  -0.162994  -0.163473  -0.162957  -0.173795 )	   12.416216
995	(   0.1423    -0.068577  -0.153397  -0.162787  -0.163475  -0.163006  -0.163456  -0.163789  -0.164035  -0.163695  -0.162538  -0.163833  -0.163415  -0.173489 )	   12.416325
996	(   0.1418    -0.068473  -0.153722  -0.163279  -0.16315   -0.163237  -0.163285  -0.16325   -0.162767  -0.162829  -0.163095  -0.163187  -0.16311   -0.173329 )	   12.416155
997	(   0.1427    -0.068669  -0.153978  -0.163708  -0.163516  -0.163246  -0.163635  -0.163365  -0.163483  -0.163797  -0.163013  -0.163402  -0.163918  -0.174    )	   12.416242
998	(   0.1421    -0.068486  -0.154177  -0.162729  -0.162998  -0.163119  -0.162973  -0.163617  -0.163468  -0.163595  -0.162906  -0.163579  -0.162664  -0.173402 )	   12.416266
999	(   0.142     -0.068542  -0.153458  -0.16339   -0.163401  -0.163198  -0.163539  -0.163327  -0.163094  -0.16302   -0.162944  -0.163313  -0.16355   -0.173479 )	   12.416156
1000	(   0.1413    -0.068359  -0.153343  -0.162585  -0.163001  -0.163091  -0.163051  -0.163477  -0.162898  -0.162515  -0.16284   -0.163389  -0.162538  -0.172832 )	   12.416264
1001	(   0.1424    -0.068592  -0.153819  -0.163427  -0.163387  -0.163207  -0.163489  -0.163393  -0.163337  -0.163476  -0.16297   -0.163399  -0.163573  -0.173708 )	   12.416157
1002	(   0.1421    -0.068504  -0.153903  -0.163565  -0.16276   -0.163353  -0.163648  -0.164047  -0.163105  -0.163357  -0.163009  -0.163328  -0.163839  -0.173626 )	   12.416254
1003	(   0.142     -0.068526  -0.153577  -0.163003  -0.163473  -0.163097  -0.163233  -0.163164  -0.163239  -0.163104  -0.162897  -0.163423  -0.163012  -0.173358 )	   12.416149

BBE ( SOL ) OBJ
1004	(   0.1412    -0.069047  -0.153119  -0.162881  -0.163271  -0.16269   -0.162612  -0.163033  -0.162974  -0.162611  -0.162797  -0.163227  -0.16298   -0.172835 )	   12.416247
1005	(   0.1424    -0.068304  -0.153906  -0.163299  -0.163243  -0.163374  -0.163667  -0.163604  -0.163288  -0.163415  -0.162987  -0.163461  -0.163387  -0.173688 )	   12.416151
1006	(   0.1426    -0.068685  -0.153142  -0.162175  -0.164442  -0.162677  -0.163077  -0.162906  -0.164655  -0.163929  -0.162303  -0.164131  -0.162718  -0.173445 )	   12.416959
1007	(   0.1433    -0.06677   -0.153479  -0.162966  -0.1637    -0.16375   -0.163875  -0.16405   -0.1645    -0.16283   -0.162921  -0.1636    -0.16465   -0.17305  )	   12.416771
1008	(   0.1419    -0.068258  -0.153474  -0.162705  -0.163226  -0.163642  -0.163197  -0.163352  -0.162929  -0.162964  -0.162953  -0.163318  -0.163629  -0.17333  )	   12.416181
1009	(   0.142     -0.068522  -0.153574  -0.163011  -0.163473  -0.163092  -0.163233  -0.163158  -0.163238  -0.163105  -0.164897  -0.163426  -0.163012  -0.173347 )	   12.416389
1010	(   0.142     -0.068547  -0.153592  -0.162964  -0.163472  -0.163123  -0.165233  -0.163192  -0.163245  -0.163098  -0.162897  -0.163406  -0.163012  -0.173411 )	   12.416525
1011	(   0.1413    -0.068175  -0.153326  -0.163672  -0.163493  -0.162646  -0.16324   -0.162686  -0.163136  -0.163202  -0.162896  -0.158423  -0.163013  -0.172457 )	   12.41844 
1012	(   0.142     -0.068503  -0.153561  -0.163047  -0.158473  -0.163067  -0.163233  -0.163133  -0.163232  -0.16311   -0.162897  -0.163442  -0.163012  -0.173299 )	   12.418419
1013	(   0.142     -0.068527  -0.153578  -0.163001  -0.163473  -0.163099  -0.163233  -0.163166  -0.163239  -0.163104  -0.162897  -0.163422  -0.168012  -0.173361 )	   12.418315
1014	(   0.1418    -0.068409  -0.153493  -0.163226  -0.16348   -0.162946  -0.163235  -0.163004  -0.168239  -0.163137  -0.162897  -0.163521  -0.163012  -0.173057 )	   12.418643
1015	(   0.14      -0.067569  -0.155577  -0.164825  -0.163528  -0.161867  -0.163253  -0.161862  -0.162959  -0.16337   -0.162893  -0.16422   -0.163015  -0.170903 )	   12.41869 
1016	(   0.1418    -0.068414  -0.153497  -0.163216  -0.163479  -0.162954  -0.163235  -0.163012  -0.163206  -0.158104  -0.162897  -0.163516  -0.163012  -0.173072 )	   12.41874 
1017	(   0.1408    -0.067936  -0.153155  -0.164126  -0.163507  -0.168097  -0.163245  -0.162362  -0.163067  -0.163268  -0.162895  -0.163914  -0.163014  -0.171845 )	   12.419398
1018	(   0.1407    -0.06789   -0.153122  -0.164214  -0.16351   -0.16228   -0.163246  -0.168164  -0.163053  -0.163281  -0.162894  -0.163953  -0.163014  -0.171726 )	   12.419617
1019	(   0.1398    -0.067458  -0.152813  -0.158003  -0.163535  -0.161726  -0.163255  -0.161712  -0.162927  -0.163401  -0.162893  -0.164312  -0.163015  -0.17062  )	   12.419745
1020	(   0.146     -0.066564  -0.154972  -0.159292  -0.163361  -0.165601  -0.163193  -0.165816  -0.163809  -0.162561  -0.162905  -0.1618    -0.163006  -0.178358 )	   12.42384 
1021	(   0.1379    -0.066526  -0.152146  -0.16681   -0.163588  -0.160528  -0.163274  -0.160444  -0.162654  -0.163661  -0.162889  -0.165088  -0.163018  -0.178007 )	   12.426459
1022	(   0.132     -0.068976  -0.153899  -0.162146  -0.163447  -0.163675  -0.163224  -0.163776  -0.163371  -0.162979  -0.162899  -0.163048  -0.163011  -0.174512 )	   12.435795
1023	(   0.1441    -0.070341  -0.154266  -0.161166  -0.164456  -0.164326  -0.163193  -0.164468  -0.163482  -0.163373  -0.16288   -0.167882  -0.162959  -0.170989 )	   12.420648
1024	(   0.14045   -0.06843   -0.153837  -0.161995  -0.16249   -0.16129   -0.162582  -0.16211   -0.161337  -0.16204   -0.1614    -0.16267   -0.1629    -0.17373  )	   12.417129
1025	(   0.141529  -0.068514  -0.153297  -0.162988  -0.163338  -0.163209  -0.162832  -0.162956  -0.162826  -0.162546  -0.162967  -0.163038  -0.162663  -0.172911 )	   12.41622 
1026	(   0.142182  -0.068495  -0.153776  -0.163161  -0.163212  -0.163226  -0.16352   -0.163604  -0.163292  -0.163381  -0.162916  -0.163518  -0.163568  -0.173614 )	   12.416147
1027	(   0.141497  -0.06854   -0.153106  -0.163006  -0.162765  -0.163367  -0.163405  -0.163162  -0.162533  -0.162588  -0.162861  -0.16325   -0.163663  -0.172938 )	   12.416269
1028	(   0.142174  -0.068485  -0.153839  -0.163148  -0.163449  -0.163162  -0.163265  -0.1635    -0.163397  -0.163338  -0.162961  -0.163417  -0.163133  -0.173581 )	   12.416142
1029	(   0.142265  -0.068392  -0.153948  -0.163054  -0.163174  -0.162868  -0.162928  -0.163215  -0.163369  -0.16336   -0.162999  -0.163715  -0.16288   -0.173494 )	   12.416223
1030	(   0.141841  -0.068547  -0.153473  -0.163124  -0.163261  -0.163371  -0.163463  -0.163468  -0.16303   -0.163001  -0.162902  -0.163223  -0.163468  -0.173335 )	   12.416146
1031	(   0.142742  -0.068167  -0.153864  -0.163481  -0.163749  -0.163712  -0.163921  -0.163837  -0.163142  -0.163409  -0.163226  -0.163428  -0.16369   -0.174102 )	   12.416218
1032	(   0.141661  -0.068634  -0.153523  -0.162948  -0.163025  -0.163012  -0.163043  -0.163208  -0.163133  -0.162992  -0.162813  -0.163355  -0.163121  -0.173093 )	   12.416143
1033	(   0.142337  -0.068663  -0.153924  -0.163396  -0.163133  -0.163262  -0.16339   -0.162935  -0.163289  -0.163063  -0.16298   -0.163259  -0.163692  -0.173698 )	   12.4162  
1034	(   0.141859  -0.068418  -0.153509  -0.162999  -0.163298  -0.163217  -0.163286  -0.163594  -0.163074  -0.163146  -0.162925  -0.163426  -0.163138  -0.173289 )	   12.416141
1035	(   0.142474  -0.068503  -0.153849  -0.163199  -0.163712  -0.163624  -0.163757  -0.163726  -0.163469  -0.163454  -0.162937  -0.163126  -0.163392  -0.173909 )	   12.416203
1036	(   0.141818  -0.06849   -0.153552  -0.163092  -0.163057  -0.163071  -0.16314   -0.163252  -0.163007  -0.162984  -0.162945  -0.163475  -0.163277  -0.173216 )	   12.416138
1037	(   0.142391  -0.068161  -0.153921  -0.163611  -0.162924  -0.16345   -0.163692  -0.163318  -0.163247  -0.163435  -0.162978  -0.163585  -0.163234  -0.173653 )	   12.416195
1038	(   0.141873  -0.06863   -0.153532  -0.162928  -0.163398  -0.163159  -0.163186  -0.163432  -0.163112  -0.163007  -0.162928  -0.163277  -0.163344  -0.173342 )	   12.416139
1039	(   0.14173   -0.068461  -0.153196  -0.162801  -0.16337   -0.162849  -0.163233  -0.163379  -0.162936  -0.16283   -0.163011  -0.163636  -0.163542  -0.173176 )	   12.416203
1040	(   0.142157  -0.068493  -0.153839  -0.163278  -0.163202  -0.163412  -0.163388  -0.163404  -0.163242  -0.163266  -0.162916  -0.163266  -0.163216  -0.173545 )	   12.416137
1041	(   0.142166  -0.06874   -0.153827  -0.163615  -0.163287  -0.162775  -0.163503  -0.163447  -0.163396  -0.16332   -0.162937  -0.163453  -0.162961  -0.173545 )	   12.416215
1042	(   0.141967  -0.068379  -0.153562  -0.162933  -0.163241  -0.163425  -0.163274  -0.163376  -0.163046  -0.163053  -0.162949  -0.163352  -0.163462  -0.173384 )	   12.416135
1043	(   0.141719  -0.068643  -0.153713  -0.163121  -0.16351   -0.16328   -0.163284  -0.163406  -0.16303   -0.163256  -0.162846  -0.163067  -0.163388  -0.173306 )	   12.416148

BBE ( SOL ) OBJ
1044	(   0.141522  -0.068416  -0.153464  -0.162816  -0.163173  -0.163256  -0.163164  -0.163405  -0.162913  -0.16278   -0.162891  -0.163281  -0.163023  -0.173086 )	   12.416164
1045	(   0.14218   -0.068548  -0.15373   -0.163274  -0.163334  -0.163219  -0.163408  -0.163396  -0.163231  -0.163302  -0.16295   -0.16337   -0.163436  -0.173553 )	   12.416131
1046	(   0.141947  -0.068467  -0.153864  -0.162837  -0.163149  -0.163268  -0.163096  -0.163481  -0.163176  -0.163276  -0.162917  -0.163375  -0.16303   -0.173326 )	   12.416147
1047	(   0.142168  -0.068535  -0.15362   -0.162885  -0.1634    -0.163233  -0.163323  -0.163591  -0.163561  -0.163531  -0.162741  -0.163528  -0.163459  -0.173475 )	   12.416174
1048	(   0.141892  -0.068489  -0.153697  -0.16318   -0.163213  -0.163236  -0.163294  -0.163335  -0.162966  -0.163005  -0.163007  -0.163272  -0.163197  -0.173366 )	   12.416129
1049	(   0.141496  -0.068731  -0.153406  -0.162848  -0.163303  -0.163077  -0.162887  -0.163199  -0.162994  -0.162887  -0.162852  -0.163227  -0.163154  -0.17307  )	   12.416156
1050	(   0.142174  -0.068411  -0.153781  -0.163186  -0.163258  -0.1633    -0.163472  -0.163503  -0.163215  -0.163283  -0.162953  -0.163403  -0.163329  -0.173534 )	   12.41613 
1051	(   0.141921  -0.068492  -0.153764  -0.16317   -0.163042  -0.163383  -0.163355  -0.163687  -0.16304   -0.163223  -0.16295   -0.163262  -0.163575  -0.173425 )	   12.416152
1052	(   0.14198   -0.068518  -0.153624  -0.163045  -0.163365  -0.163168  -0.163264  -0.163295  -0.163189  -0.163134  -0.16291   -0.163383  -0.163153  -0.173375 )	   12.416129
1053	(   0.142239  -0.068358  -0.153616  -0.163041  -0.162985  -0.163184  -0.163302  -0.163429  -0.163271  -0.163054  -0.16301   -0.163663  -0.163165  -0.173487 )	   12.41617 
1054	(   0.141849  -0.068572  -0.153689  -0.163101  -0.163379  -0.163256  -0.163288  -0.163412  -0.16309   -0.163205  -0.162887  -0.163216  -0.163332  -0.173351 )	   12.416127
1055	(   0.14172   -0.068821  -0.153665  -0.162864  -0.163877  -0.163316  -0.16327   -0.163643  -0.163462  -0.163805  -0.162527  -0.163048  -0.163737  -0.173306 )	   12.416302
1056	(   0.13935   -0.069436  -0.152616  -0.162285  -0.162     -0.16214   -0.162515  -0.16252   -0.162437  -0.162268  -0.1624    -0.16262   -0.1625    -0.17171  )	   12.416697
1057	(   0.141997  -0.068549  -0.15344   -0.163363  -0.163378  -0.163194  -0.163517  -0.163345  -0.163113  -0.163024  -0.162935  -0.163333  -0.163566  -0.173471 )	   12.416155
1058	(   0.141959  -0.068487  -0.153758  -0.162968  -0.163206  -0.16325   -0.163201  -0.163447  -0.16316   -0.163213  -0.162921  -0.163364  -0.163164  -0.173362 )	   12.416129
1059	(   0.141831  -0.068556  -0.152689  -0.163092  -0.163381  -0.163218  -0.163286  -0.163445  -0.163071  -0.163152  -0.162924  -0.163242  -0.163326  -0.173383 )	   12.416226
1060	(   0.141882  -0.068601  -0.153687  -0.163118  -0.163374  -0.163327  -0.162288  -0.16335   -0.163126  -0.163304  -0.162818  -0.163168  -0.163342  -0.173292 )	   12.416223
1061	(   0.142124  -0.067572  -0.153669  -0.163243  -0.16334   -0.163851  -0.163324  -0.16289   -0.163389  -0.164041  -0.162307  -0.162813  -0.16342   -0.17285  )	   12.416427
1062	(   0.141831  -0.068556  -0.15369   -0.163092  -0.161379  -0.163218  -0.163286  -0.163445  -0.163071  -0.163152  -0.162924  -0.163242  -0.163326  -0.173383 )	   12.416467
1063	(   0.141704  -0.068442  -0.153699  -0.163027  -0.1634    -0.162943  -0.163269  -0.163686  -0.16509   -0.162765  -0.163192  -0.163428  -0.163286  -0.173614 )	   12.416533
1064	(   0.141889  -0.068607  -0.153686  -0.163121  -0.163373  -0.163342  -0.163293  -0.163337  -0.163133  -0.163325  -0.162804  -0.163158  -0.161332  -0.173279 )	   12.41653 
1065	(   0.141914  -0.06863   -0.153684  -0.161101  -0.16337   -0.163395  -0.163296  -0.16329   -0.16316   -0.163401  -0.162751  -0.163122  -0.163353  -0.173234 )	   12.41654 
1066	(   0.141548  -0.068303  -0.15371   -0.162946  -0.163422  -0.162606  -0.163248  -0.161412  -0.162763  -0.162291  -0.163521  -0.163657  -0.163236  -0.173898 )	   12.416652
1067	(   0.141641  -0.068386  -0.153704  -0.162994  -0.163409  -0.162806  -0.163261  -0.163807  -0.162864  -0.162572  -0.163326  -0.161216  -0.163266  -0.17373  )	   12.416641
1068	(   0.141567  -0.06832   -0.153709  -0.162956  -0.163419  -0.162646  -0.163251  -0.163947  -0.162783  -0.162348  -0.163481  -0.163629  -0.163242  -0.171351 )	   12.416654
1069	(   0.142208  -0.068893  -0.153663  -0.163285  -0.163328  -0.16403   -0.163335  -0.162732  -0.16348   -0.164293  -0.164887  -0.162691  -0.163446  -0.172699 )	   12.416628
1070	(   0.142224  -0.068907  -0.153662  -0.163294  -0.163326  -0.161256  -0.163337  -0.162701  -0.163497  -0.164344  -0.162097  -0.162667  -0.163452  -0.172669 )	   12.41696 
1071	(   0.140978  -0.067793  -0.153751  -0.162654  -0.163503  -0.161374  -0.163173  -0.165063  -0.162144  -0.165205  -0.164722  -0.164491  -0.163054  -0.174934 )	   12.418424
1072	(   0.146849  -0.068527  -0.153693  -0.163075  -0.163386  -0.163148  -0.163281  -0.163507  -0.163036  -0.163053  -0.162992  -0.163289  -0.163316  -0.173442 )	   12.420951
1073	(   0.141796  -0.068583  -0.153699  -0.16312   -0.163399  -0.163357  -0.163298  -0.163442  -0.163066  -0.163152  -0.162864  -0.163251  -0.163351  -0.17338  )	   12.416136
1074	(   0.141905  -0.06835   -0.153788  -0.163281  -0.163228  -0.163438  -0.163358  -0.163236  -0.163314  -0.163411  -0.163284  -0.163408  -0.163356  -0.173243 )	   12.416114
1075	(   0.142073  -0.067686  -0.154087  -0.163821  -0.162775  -0.163984  -0.163571  -0.162708  -0.163986  -0.164029  -0.164475  -0.163984  -0.163428  -0.172919 )	   12.416585
1076	(   0.14191   -0.068348  -0.153671  -0.163221  -0.16335   -0.163358  -0.163274  -0.163376  -0.163475  -0.163414  -0.163339  -0.163348  -0.16342   -0.1735   )	   12.416116
1077	(   0.141729  -0.068474  -0.153508  -0.163081  -0.163112  -0.16339   -0.163326  -0.163286  -0.162915  -0.16303   -0.163007  -0.16327   -0.163463  -0.173196 )	   12.416136
1078	(   0.142025  -0.068549  -0.153838  -0.163242  -0.163237  -0.16336   -0.163309  -0.163148  -0.163216  -0.163205  -0.163055  -0.163239  -0.163505  -0.173475 )	   12.416122
1079	(   0.142033  -0.068326  -0.15386   -0.163358  -0.163114  -0.163447  -0.163428  -0.163269  -0.163193  -0.163373  -0.16307   -0.163383  -0.163322  -0.173441 )	   12.416125
1080	(   0.142119  -0.068443  -0.153884  -0.163232  -0.163463  -0.163588  -0.163515  -0.163452  -0.163324  -0.163451  -0.163071  -0.163171  -0.163395  -0.173599 )	   12.416132
1081	(   0.141774  -0.068432  -0.153603  -0.163039  -0.163355  -0.163273  -0.163284  -0.163306  -0.163101  -0.163196  -0.163122  -0.163367  -0.163482  -0.173278 )	   12.416118
1082	(   0.142209  -0.068445  -0.153946  -0.16323   -0.16348   -0.163278  -0.163342  -0.163427  -0.163454  -0.163455  -0.163048  -0.163377  -0.163238  -0.173638 )	   12.416131
1083	(   0.142201  -0.068317  -0.153791  -0.163207  -0.163204  -0.1633    -0.163376  -0.163269  -0.163359  -0.163377  -0.163217  -0.163414  -0.163333  -0.173491 )	   12.416111

BBE ( SOL ) OBJ
1084	(   0.142403  -0.068183  -0.153837  -0.163251  -0.163107  -0.163271  -0.163413  -0.163183  -0.163505  -0.163489  -0.163393  -0.163495  -0.163325  -0.173547 )	   12.416136
1085	(   0.142063  -0.068512  -0.153962  -0.163433  -0.163357  -0.163214  -0.163413  -0.16332   -0.163424  -0.163522  -0.16317   -0.163322  -0.163204  -0.173503 )	   12.416129
1086	(   0.141903  -0.068459  -0.15365   -0.163163  -0.16312   -0.162997  -0.163159  -0.163225  -0.16316   -0.163134  -0.163062  -0.163524  -0.163244  -0.173274 )	   12.416128
1087	(   0.141769  -0.068459  -0.153546  -0.163155  -0.163051  -0.163267  -0.163305  -0.163221  -0.162988  -0.163084  -0.163087  -0.163339  -0.163402  -0.173183 )	   12.416124
1088	(   0.14174   -0.068341  -0.153735  -0.163094  -0.163157  -0.163333  -0.163224  -0.163227  -0.163176  -0.163206  -0.163205  -0.163342  -0.163199  -0.173215 )	   12.416116
1089	(   0.141684  -0.068469  -0.153678  -0.163169  -0.163219  -0.163257  -0.163126  -0.163081  -0.163187  -0.163214  -0.163238  -0.1633    -0.163287  -0.173188 )	   12.416117
1090	(   0.14174   -0.068363  -0.153457  -0.162885  -0.1631    -0.163349  -0.163142  -0.16323   -0.162944  -0.162931  -0.163031  -0.163378  -0.163424  -0.173174 )	   12.416142
1091	(   0.141982  -0.068474  -0.153835  -0.163296  -0.163293  -0.163248  -0.163346  -0.163297  -0.163304  -0.163374  -0.163135  -0.163336  -0.163259  -0.173421 )	   12.416112
1092	(   0.141848  -0.068385  -0.153671  -0.163396  -0.163263  -0.163313  -0.163376  -0.163081  -0.163228  -0.163263  -0.16331   -0.163332  -0.163478  -0.173324 )	   12.416121
1093	(   0.141808  -0.068335  -0.153812  -0.16337   -0.16309   -0.163415  -0.163328  -0.163203  -0.163205  -0.16336   -0.163378  -0.163306  -0.163535  -0.173304 )	   12.416132
1094	(   0.141937  -0.068473  -0.153671  -0.163126  -0.163296  -0.16323   -0.16328   -0.163272  -0.163193  -0.163191  -0.163027  -0.163364  -0.163249  -0.173357 )	   12.416112
1095	(   0.141902  -0.068362  -0.153735  -0.163227  -0.163254  -0.163346  -0.163297  -0.163154  -0.16346   -0.163516  -0.163284  -0.16343   -0.163498  -0.173311 )	   12.416119
1096	(   0.141891  -0.068378  -0.153795  -0.163253  -0.163366  -0.163635  -0.163451  -0.163253  -0.163309  -0.163442  -0.163261  -0.163164  -0.163488  -0.173409 )	   12.41613 
1097	(   0.1419    -0.068438  -0.153687  -0.163186  -0.163181  -0.163157  -0.163232  -0.163232  -0.163197  -0.163211  -0.163112  -0.163434  -0.163305  -0.173308 )	   12.416111
1098	(   0.141952  -0.068246  -0.153755  -0.163327  -0.163078  -0.163362  -0.163315  -0.163041  -0.163394  -0.163371  -0.163468  -0.163503  -0.163396  -0.173325 )	   12.416129
1099	(   0.141875  -0.06849   -0.153705  -0.163158  -0.163304  -0.163283  -0.163295  -0.163319  -0.163166  -0.163247  -0.163032  -0.163288  -0.163348  -0.173345 )	   12.416111
1100	(   0.141746  -0.068515  -0.153563  -0.163042  -0.163371  -0.163148  -0.163156  -0.163191  -0.163288  -0.163185  -0.16328   -0.163323  -0.16341   -0.173222 )	   12.416116
1101	(   0.142007  -0.068391  -0.15388   -0.163228  -0.163479  -0.163311  -0.163256  -0.163235  -0.163535  -0.163489  -0.16329   -0.163365  -0.163331  -0.173485 )	   12.416119
1102	(   0.141748  -0.068277  -0.153592  -0.163139  -0.163328  -0.163211  -0.163244  -0.16332   -0.163353  -0.163408  -0.163356  -0.163483  -0.163203  -0.173195 )	   12.416128
1103	(   0.141956  -0.068482  -0.153778  -0.163216  -0.16326   -0.163323  -0.163294  -0.163191  -0.16325   -0.163256  -0.16313   -0.1633    -0.163429  -0.173405 )	   12.416109
1104	(   0.14194   -0.068456  -0.153775  -0.16296   -0.163301  -0.163259  -0.163166  -0.163403  -0.163344  -0.163349  -0.163075  -0.163385  -0.163223  -0.173357 )	   12.416117
1105	(   0.141772  -0.068459  -0.153552  -0.163089  -0.16306   -0.163254  -0.163273  -0.163273  -0.16301   -0.163103  -0.163064  -0.163355  -0.163354  -0.173178 )	   12.416121
1106	(   0.141948  -0.068407  -0.153798  -0.163193  -0.163374  -0.163297  -0.163261  -0.163244  -0.163404  -0.163393  -0.163234  -0.163362  -0.163337  -0.173408 )	   12.416108
1107	(   0.141883  -0.068494  -0.153704  -0.163086  -0.163302  -0.163212  -0.163227  -0.163367  -0.163077  -0.163059  -0.163063  -0.16328   -0.163164  -0.173366 )	   12.41612 
1108	(   0.141897  -0.068394  -0.153727  -0.163192  -0.163266  -0.163312  -0.163279  -0.163207  -0.163364  -0.163402  -0.163229  -0.163393  -0.163415  -0.173325 )	   12.416109
1109	(   0.142029  -0.068418  -0.153856  -0.163295  -0.163188  -0.16329   -0.16324   -0.1632    -0.163473  -0.163408  -0.16324   -0.163347  -0.163171  -0.173406 )	   12.416117
1110	(   0.141965  -0.068421  -0.153792  -0.163231  -0.16323   -0.163286  -0.16325   -0.163227  -0.16338   -0.163355  -0.163211  -0.163352  -0.163249  -0.173374 )	   12.416108
1111	(   0.141867  -0.068391  -0.153686  -0.163413  -0.163232  -0.163308  -0.16337   -0.163078  -0.163236  -0.163256  -0.163307  -0.163324  -0.163434  -0.173329 )	   12.41612 
1112	(   0.141922  -0.06844   -0.153752  -0.163073  -0.163284  -0.163271  -0.163217  -0.163322  -0.163317  -0.163326  -0.163133  -0.16337   -0.163276  -0.17335  )	   12.416108
1113	(   0.142157  -0.068374  -0.153792  -0.16319   -0.163324  -0.163312  -0.163423  -0.163435  -0.163411  -0.163407  -0.163129  -0.163419  -0.163368  -0.173521 )	   12.416111
1114	(   0.142153  -0.068307  -0.153941  -0.163339  -0.163165  -0.163445  -0.163432  -0.16336   -0.163328  -0.163468  -0.163065  -0.16341   -0.163239  -0.17353  )	   12.416128
1115	(   0.141848  -0.068462  -0.153658  -0.163116  -0.163319  -0.163222  -0.163224  -0.163233  -0.163298  -0.163256  -0.163226  -0.163345  -0.163367  -0.173299 )	   12.416106
1116	(   0.142175  -0.068498  -0.153757  -0.16329   -0.163402  -0.163244  -0.163362  -0.163324  -0.163457  -0.163454  -0.163143  -0.163391  -0.163474  -0.173549 )	   12.416116
1117	(   0.142066  -0.068459  -0.153752  -0.163241  -0.163341  -0.163266  -0.163328  -0.1633    -0.163387  -0.163392  -0.163159  -0.163379  -0.163405  -0.173465 )	   12.416108
1118	(   0.142027  -0.068507  -0.153833  -0.163166  -0.163208  -0.163206  -0.163321  -0.163165  -0.163146  -0.163243  -0.162984  -0.16339   -0.163251  -0.173259 )	   12.416122
1119	(   0.141939  -0.068388  -0.153712  -0.163207  -0.163314  -0.16332   -0.163286  -0.163323  -0.163393  -0.163371  -0.16325   -0.163358  -0.163378  -0.17344  )	   12.416107
1120	(   0.142037  -0.06851   -0.153704  -0.163095  -0.163342  -0.163109  -0.163225  -0.163317  -0.163318  -0.16324   -0.163034  -0.163323  -0.163318  -0.173544 )	   12.416122
1121	(   0.141938  -0.068391  -0.153768  -0.163235  -0.163257  -0.163356  -0.163326  -0.163256  -0.163315  -0.163368  -0.163221  -0.163387  -0.163347  -0.173318 )	   12.416106
1122	(   0.142005  -0.068376  -0.153835  -0.163266  -0.163268  -0.163335  -0.16331   -0.163279  -0.163456  -0.163485  -0.163318  -0.16337   -0.163439  -0.173424 )	   12.41611 
1123	(   0.141963  -0.06836   -0.153671  -0.163091  -0.163268  -0.163329  -0.163241  -0.163251  -0.163367  -0.163318  -0.163237  -0.163403  -0.163455  -0.173361 )	   12.416106

BBE ( SOL ) OBJ
1124	(   0.141761  -0.068459  -0.153697  -0.163183  -0.163229  -0.163268  -0.163136  -0.163087  -0.163254  -0.163273  -0.163258  -0.163317  -0.163358  -0.173238 )	   12.416113
1125	(   0.142058  -0.068394  -0.153769  -0.163188  -0.1633    -0.163301  -0.163352  -0.163348  -0.163372  -0.163373  -0.163161  -0.163394  -0.163366  -0.17345  )	   12.416106
1126	(   0.142069  -0.068327  -0.153792  -0.163219  -0.163248  -0.163299  -0.163273  -0.163207  -0.163528  -0.163451  -0.163373  -0.163464  -0.163381  -0.173429 )	   12.416112
1127	(   0.141923  -0.068449  -0.153727  -0.163173  -0.16329   -0.163287  -0.16329   -0.163291  -0.163257  -0.163298  -0.163117  -0.163332  -0.163356  -0.173366 )	   12.416106
1128	(   0.141548  -0.068627  -0.153237  -0.162885  -0.163154  -0.162997  -0.163116  -0.1632    -0.16298   -0.162845  -0.163202  -0.163294  -0.163457  -0.172972 )	   12.416159
1129	(   0.14205   -0.068534  -0.153657  -0.163156  -0.16335   -0.163168  -0.163201  -0.16334   -0.163185  -0.163334  -0.163279  -0.16325   -0.16336   -0.17319  )	   12.41611 
1130	(   0.141724  -0.068534  -0.153694  -0.163161  -0.163385  -0.163282  -0.163176  -0.163276  -0.163319  -0.163327  -0.163198  -0.1633    -0.163407  -0.173248 )	   12.416119
1131	(   0.142082  -0.068372  -0.153768  -0.163196  -0.163249  -0.163295  -0.163326  -0.163271  -0.163349  -0.163364  -0.163212  -0.163385  -0.163351  -0.17343  )	   12.416105
1132	(   0.142784  -0.068099  -0.154097  -0.163436  -0.163039  -0.163514  -0.163629  -0.163385  -0.163502  -0.163688  -0.16317   -0.163505  -0.163303  -0.173823 )	   12.416208
1133	(   0.141975  -0.068445  -0.153756  -0.163186  -0.16326   -0.16319   -0.163155  -0.16319   -0.163325  -0.163372  -0.163309  -0.16321   -0.16344   -0.17334  )	   12.416108
1134	(   0.141921  -0.068462  -0.153654  -0.163097  -0.163305  -0.163244  -0.163237  -0.163243  -0.163227  -0.163207  -0.163086  -0.16334   -0.1633    -0.173338 )	   12.416108
1135	(   0.142174  -0.068353  -0.153743  -0.163183  -0.163263  -0.163299  -0.163312  -0.163286  -0.163343  -0.163329  -0.163194  -0.16337   -0.162351  -0.173447 )	   12.416223
1136	(   0.14171   -0.068443  -0.153868  -0.163248  -0.163192  -0.16328   -0.16338   -0.163211  -0.161349  -0.163507  -0.163284  -0.163446  -0.163348  -0.173363 )	   12.416489
1137	(   0.141855  -0.068415  -0.153829  -0.163228  -0.163214  -0.165295  -0.163358  -0.163234  -0.163364  -0.163451  -0.163256  -0.163422  -0.163349  -0.173389 )	   12.416521
1138	(   0.141227  -0.068533  -0.153999  -0.163315  -0.163118  -0.16326   -0.161326  -0.163132  -0.163405  -0.163692  -0.163378  -0.163526  -0.163344  -0.173276 )	   12.416597
1139	(   0.141259  -0.068528  -0.15399   -0.161196  -0.163123  -0.163262  -0.163444  -0.163137  -0.163403  -0.163679  -0.163372  -0.163521  -0.163344  -0.173282 )	   12.416579
1140	(   0.141086  -0.06856   -0.154036  -0.163335  -0.163096  -0.163255  -0.163469  -0.163109  -0.163415  -0.163746  -0.163405  -0.161385  -0.163343  -0.173251 )	   12.416624
1141	(   0.141165  -0.068545  -0.154015  -0.163324  -0.165249  -0.163258  -0.163459  -0.163122  -0.16341   -0.163715  -0.16339   -0.163537  -0.163343  -0.173265 )	   12.416794
1142	(   0.143291  -0.068142  -0.153441  -0.163027  -0.163435  -0.163344  -0.163151  -0.163468  -0.163269  -0.162901  -0.165212  -0.163185  -0.163361  -0.173647 )	   12.416698
1143	(   0.141104  -0.068557  -0.154031  -0.163332  -0.163099  -0.163255  -0.163466  -0.165271  -0.163414  -0.163739  -0.163402  -0.163547  -0.163343  -0.173254 )	   12.416841
1144	(   0.143183  -0.068163  -0.15347   -0.163042  -0.163418  -0.16334   -0.163166  -0.16345   -0.163276  -0.162942  -0.162998  -0.163203  -0.16336   -0.17143  )	   12.416916
1145	(   0.140189  -0.06873   -0.151767  -0.16346   -0.162958  -0.163218  -0.1636    -0.162963  -0.163474  -0.164089  -0.16358   -0.163698  -0.163335  -0.17309  )	   12.417195
1146	(   0.145696  -0.067686  -0.15279   -0.162692  -0.163805  -0.163441  -0.162803  -0.163858  -0.163111  -0.165364  -0.16251   -0.162788  -0.163381  -0.174079 )	   12.419259
1147	(   0.138556  -0.067372  -0.154722  -0.163688  -0.162707  -0.163152  -0.163835  -0.162698  -0.163582  -0.164715  -0.163897  -0.163967  -0.163322  -0.172796 )	   12.419954
1148	(   0.137082  -0.067609  -0.152679  -0.162634  -0.163868  -0.163458  -0.162744  -0.163925  -0.163084  -0.161822  -0.162431  -0.16272   -0.163384  -0.174153 )	   12.420941
1149	(   0.142732  -0.068282  -0.153641  -0.163349  -0.163313  -0.163099  -0.163476  -0.163127  -0.163332  -0.163116  -0.163081  -0.163957  -0.163663  -0.173552 )	   12.416244
1150	(   0.142086  -0.068387  -0.153732  -0.163209  -0.163314  -0.163295  -0.16341   -0.163332  -0.16339   -0.163288  -0.163328  -0.163313  -0.163415  -0.173365 )	   12.416101
1151	(   0.142098  -0.068434  -0.153628  -0.163248  -0.163509  -0.163295  -0.163661  -0.163515  -0.163513  -0.16306   -0.163676  -0.163097  -0.163609  -0.17317  )	   12.416153
1152	(   0.14194   -0.068482  -0.153723  -0.163069  -0.163334  -0.163305  -0.163279  -0.163196  -0.163275  -0.163339  -0.163318  -0.163183  -0.163371  -0.173182 )	   12.416106
1153	(   0.142029  -0.068374  -0.153828  -0.163247  -0.163286  -0.16333   -0.163327  -0.163298  -0.163463  -0.163481  -0.163359  -0.163342  -0.163431  -0.173397 )	   12.416108
1154	(   0.142002  -0.068396  -0.153784  -0.16321   -0.16329   -0.163309  -0.163304  -0.163284  -0.163404  -0.163412  -0.163291  -0.163341  -0.163398  -0.173383 )	   12.416104
1155	(   0.142068  -0.068887  -0.153743  -0.163211  -0.16332   -0.163303  -0.163404  -0.163348  -0.163425  -0.16329   -0.163284  -0.16331   -0.163433  -0.173369 )	   12.416131
1156	(   0.14212   -0.068388  -0.153714  -0.163206  -0.163303  -0.16328   -0.16342   -0.163302  -0.163326  -0.164288  -0.163409  -0.163319  -0.163384  -0.173357 )	   12.416189
1157	(   0.14217   -0.06839   -0.153684  -0.163202  -0.163285  -0.163258  -0.16241   -0.163256  -0.163229  -0.163277  -0.163531  -0.163327  -0.163337  -0.173345 )	   12.416199
1158	(   0.142203  -0.068391  -0.153665  -0.163199  -0.163274  -0.164295  -0.163447  -0.163226  -0.163166  -0.163273  -0.16361   -0.163333  -0.163307  -0.173337 )	   12.416203
1159	(   0.142042  -0.068386  -0.153757  -0.163213  -0.163329  -0.163314  -0.163395  -0.163371  -0.163473  -0.163294  -0.163223  -0.164313  -0.163456  -0.173375 )	   12.4162  
1160	(   0.142175  -0.06839   -0.153681  -0.163202  -0.164314  -0.163256  -0.163438  -0.163252  -0.16322   -0.163276  -0.163542  -0.163328  -0.163333  -0.173344 )	   12.416201
1161	(   0.142147  -0.068389  -0.153697  -0.163204  -0.163293  -0.163268  -0.16343   -0.163277  -0.163274  -0.16328   -0.163474  -0.163323  -0.163359  -0.174365 )	   12.416209
1162	(   0.142107  -0.068388  -0.153721  -0.164209  -0.163307  -0.163286  -0.163416  -0.163313  -0.16335   -0.163285  -0.163379  -0.163317  -0.163397  -0.17336  )	   12.416205
1163	(   0.141926  -0.068382  -0.152732  -0.163222  -0.163368  -0.163365  -0.163357  -0.163477  -0.163696  -0.163309  -0.162942  -0.163286  -0.163564  -0.173403 )	   12.416234

BBE ( SOL ) OBJ
1164	(   0.142375  -0.068398  -0.153565  -0.163185  -0.163216  -0.163168  -0.163502  -0.164332  -0.162838  -0.16325   -0.164025  -0.163362  -0.163149  -0.173297 )	   12.416297
1165	(   0.141787  -0.068377  -0.153906  -0.163234  -0.163416  -0.163426  -0.163312  -0.163602  -0.163961  -0.163328  -0.162607  -0.163262  -0.162415  -0.173435 )	   12.416315
1166	(   0.141602  -0.06837   -0.154012  -0.163249  -0.163478  -0.163507  -0.163253  -0.163769  -0.164315  -0.163352  -0.165328  -0.163231  -0.163862  -0.173479 )	   12.416785
1167	(   0.142915  -0.068417  -0.153253  -0.16314   -0.163032  -0.162931  -0.163678  -0.162582  -0.163516  -0.163178  -0.165328  -0.163454  -0.16265   -0.173169 )	   12.416843
1168	(   0.140086  -0.068392  -0.153654  -0.163198  -0.163268  -0.163236  -0.163454  -0.16321   -0.163131  -0.16327   -0.163654  -0.163336  -0.163291  -0.173333 )	   12.416867
1169	(   0.142101  -0.068382  -0.153748  -0.1632    -0.163306  -0.163287  -0.163417  -0.163325  -0.163385  -0.163279  -0.163281  -0.163302  -0.163435  -0.173356 )	   12.416102
1170	(   0.142098  -0.068434  -0.153628  -0.163248  -0.163509  -0.163295  -0.163661  -0.163515  -0.163513  -0.16306   -0.163676  -0.163097  -0.163609  -0.17317  )	   12.416153
1171	(   0.142099  -0.06802   -0.152955  -0.163285  -0.163294  -0.163121  -0.164018  -0.163347  -0.163109  -0.163408  -0.163344  -0.162877  -0.163088  -0.173151 )	   12.416259
1172	(   0.141893  -0.06836   -0.153734  -0.163101  -0.163249  -0.163328  -0.163269  -0.163258  -0.163314  -0.163285  -0.163301  -0.163311  -0.163324  -0.173261 )	   12.416104
1173	(   0.142033  -0.068368  -0.153731  -0.163273  -0.163301  -0.163331  -0.163387  -0.163226  -0.163383  -0.163345  -0.163351  -0.163311  -0.163459  -0.173363 )	   12.416104
1174	(   0.142     -0.068378  -0.153682  -0.16312   -0.163365  -0.163323  -0.163374  -0.163321  -0.163321  -0.163315  -0.163293  -0.163323  -0.163516  -0.173338 )	   12.416104
1175	(   0.142024  -0.068388  -0.15366   -0.163148  -0.16322   -0.163316  -0.16338   -0.163315  -0.163285  -0.163266  -0.163278  -0.163308  -0.163454  -0.173294 )	   12.416103
1176	(   0.142045  -0.068408  -0.153739  -0.163126  -0.163266  -0.163292  -0.163369  -0.163235  -0.163281  -0.163273  -0.163266  -0.163305  -0.163424  -0.173241 )	   12.416103
1177	(   0.142059  -0.068303  -0.153731  -0.163272  -0.163237  -0.163305  -0.163387  -0.163368  -0.163399  -0.163295  -0.163191  -0.163497  -0.163439  -0.173507 )	   12.416112
1178	(   0.14197   -0.068437  -0.153725  -0.16312   -0.16331   -0.163305  -0.163306  -0.163239  -0.163306  -0.163328  -0.163286  -0.163261  -0.163388  -0.173263 )	   12.416102
1179	(   0.142083  -0.068334  -0.153725  -0.16316   -0.163283  -0.163326  -0.16338   -0.163265  -0.163424  -0.163341  -0.163416  -0.163338  -0.163458  -0.173309 )	   12.416103
1180	(   0.141952  -0.06838   -0.153678  -0.163141  -0.163271  -0.163315  -0.163322  -0.163197  -0.163317  -0.163261  -0.163409  -0.163268  -0.163461  -0.173204 )	   12.416106
1181	(   0.141978  -0.068384  -0.153701  -0.163153  -0.163278  -0.163312  -0.163329  -0.163234  -0.163331  -0.163289  -0.163347  -0.163299  -0.163437  -0.173266 )	   12.416102
1182	(   0.142074  -0.068187  -0.153654  -0.163224  -0.163344  -0.163288  -0.163419  -0.163264  -0.163376  -0.163456  -0.163546  -0.16321   -0.163462  -0.173421 )	   12.416114
1183	(   0.142084  -0.068391  -0.153722  -0.163211  -0.163318  -0.163294  -0.16291   -0.163323  -0.163388  -0.163309  -0.163356  -0.1633    -0.163421  -0.173372 )	   12.416119
1184	(   0.142084  -0.068392  -0.153717  -0.162709  -0.16332   -0.163294  -0.163411  -0.163318  -0.163387  -0.163322  -0.163372  -0.163292  -0.163425  -0.173376 )	   12.416124
1185	(   0.142085  -0.06839   -0.153725  -0.16321   -0.163317  -0.163795  -0.16341   -0.163326  -0.163389  -0.163303  -0.163348  -0.163304  -0.16342   -0.17337  )	   12.416122
1186	(   0.142076  -0.068409  -0.153666  -0.163221  -0.163339  -0.163289  -0.163417  -0.163275  -0.163379  -0.16343   -0.163512  -0.163226  -0.163454  -0.172865 )	   12.416129
1187	(   0.142088  -0.068382  -0.153747  -0.163206  -0.163308  -0.163296  -0.163408  -0.163345  -0.16289   -0.163256  -0.163287  -0.163332  -0.163407  -0.173354 )	   12.416122
1188	(   0.142091  -0.068376  -0.153766  -0.163203  -0.163814  -0.163298  -0.163406  -0.163361  -0.163396  -0.163217  -0.163236  -0.163357  -0.163396  -0.173341 )	   12.416126
1189	(   0.142078  -0.068405  -0.153679  -0.163219  -0.163334  -0.163291  -0.163416  -0.163286  -0.163381  -0.163402  -0.163475  -0.163243  -0.162915  -0.173403 )	   12.416129
1190	(   0.142073  -0.068415  -0.153648  -0.163224  -0.163346  -0.163288  -0.163419  -0.163832  -0.163376  -0.163467  -0.16356   -0.163203  -0.163465  -0.173425 )	   12.416135
1191	(   0.14207   -0.068421  -0.154232  -0.163228  -0.163353  -0.163286  -0.163422  -0.163243  -0.163372  -0.163509  -0.163614  -0.163177  -0.163476  -0.173438 )	   12.416142
1192	(   0.142061  -0.068439  -0.153573  -0.163238  -0.163374  -0.163282  -0.163428  -0.163196  -0.163363  -0.163627  -0.163767  -0.163813  -0.163508  -0.173478 )	   12.416158
1193	(   0.142059  -0.068445  -0.153556  -0.163241  -0.163381  -0.16328   -0.16343   -0.163181  -0.16336   -0.163664  -0.162328  -0.163083  -0.163518  -0.17349  )	   12.41623 
1194	(   0.142142  -0.068269  -0.154095  -0.163142  -0.163177  -0.163326  -0.163367  -0.163642  -0.163452  -0.163503  -0.162328  -0.163787  -0.163204  -0.173108 )	   12.416265
1195	(   0.143086  -0.068389  -0.153726  -0.16321   -0.163317  -0.163294  -0.16341   -0.163326  -0.163389  -0.163302  -0.163346  -0.163304  -0.163419  -0.17337  )	   12.416296
1196	(   0.142077  -0.068388  -0.15373   -0.163213  -0.163308  -0.16329   -0.163414  -0.163329  -0.163396  -0.163271  -0.163333  -0.163311  -0.163419  -0.173368 )	   12.416102
1197	(   0.141714  -0.068578  -0.154053  -0.162837  -0.162985  -0.163635  -0.163096  -0.163041  -0.163561  -0.163189  -0.162828  -0.163177  -0.163609  -0.173688 )	   12.416222
1198	(   0.142094  -0.068387  -0.153678  -0.1631    -0.163323  -0.163248  -0.163373  -0.163297  -0.16338   -0.163248  -0.16338   -0.163249  -0.163488  -0.17333  )	   12.416105
1199	(   0.142219  -0.068305  -0.153791  -0.163217  -0.163261  -0.163386  -0.163495  -0.163329  -0.163409  -0.163359  -0.163397  -0.163277  -0.163485  -0.173353 )	   12.416106
1200	(   0.142126  -0.068344  -0.153757  -0.163191  -0.163276  -0.163345  -0.163428  -0.163305  -0.163381  -0.163333  -0.163354  -0.163294  -0.163456  -0.17334  )	   12.416102
1201	(   0.141978  -0.068374  -0.153782  -0.163246  -0.163251  -0.163374  -0.163355  -0.163266  -0.163327  -0.163379  -0.163239  -0.16338   -0.16336   -0.173324 )	   12.416105
1202	(   0.142007  -0.068377  -0.153756  -0.163209  -0.163269  -0.163342  -0.163359  -0.163274  -0.16334   -0.163346  -0.163275  -0.163347  -0.163392  -0.173325 )	   12.416102
1203	(   0.141979  -0.06839   -0.15369   -0.163152  -0.163327  -0.163334  -0.163407  -0.163292  -0.163357  -0.16326   -0.163417  -0.163238  -0.163502  -0.173209 )	   12.416107

BBE ( SOL ) OBJ
1204	(   0.142056  -0.068376  -0.153748  -0.163185  -0.163269  -0.163305  -0.163346  -0.163276  -0.163351  -0.163338  -0.163263  -0.163348  -0.163389  -0.173375 )	   12.416102
1205	(   0.142069  -0.068383  -0.153785  -0.163236  -0.163197  -0.163303  -0.163354  -0.163236  -0.163389  -0.163313  -0.163331  -0.163304  -0.163319  -0.173306 )	   12.416105
1206	(   0.142017  -0.06838   -0.153708  -0.163149  -0.163323  -0.163318  -0.163369  -0.1633    -0.163338  -0.163314  -0.163303  -0.163318  -0.163467  -0.17333  )	   12.416101
1207	(   0.142033  -0.068395  -0.153733  -0.163067  -0.163265  -0.163293  -0.163338  -0.163341  -0.16332   -0.163278  -0.163266  -0.163317  -0.163377  -0.173276 )	   12.416102
1208	(   0.142194  -0.068408  -0.153729  -0.163234  -0.163319  -0.163291  -0.163467  -0.163322  -0.163391  -0.163337  -0.163311  -0.163318  -0.16352   -0.17338  )	   12.416105
1209	(   0.141968  -0.068372  -0.153733  -0.163134  -0.163266  -0.163319  -0.163318  -0.163274  -0.163333  -0.163298  -0.163304  -0.163313  -0.163373  -0.173291 )	   12.416102
1210	(   0.14208   -0.068369  -0.153672  -0.163113  -0.163275  -0.163312  -0.163433  -0.163294  -0.16329   -0.163194  -0.163323  -0.163284  -0.163443  -0.173245 )	   12.416105
1211	(   0.142021  -0.068389  -0.153756  -0.163186  -0.163286  -0.16331   -0.163337  -0.163286  -0.163376  -0.163357  -0.163299  -0.163327  -0.163409  -0.173349 )	   12.416101
1212	(   0.14199   -0.068439  -0.153736  -0.163167  -0.163282  -0.163293  -0.163352  -0.163316  -0.163263  -0.163268  -0.163182  -0.163285  -0.163375  -0.173325 )	   12.416103
1213	(   0.142013  -0.068413  -0.153733  -0.163165  -0.163282  -0.163301  -0.163359  -0.163303  -0.163303  -0.163286  -0.16324   -0.163299  -0.163396  -0.173321 )	   12.416101
1214	(   0.142023  -0.068365  -0.153721  -0.163207  -0.163301  -0.163328  -0.163362  -0.163355  -0.16341   -0.163337  -0.163328  -0.163318  -0.163405  -0.173405 )	   12.416103
1215	(   0.142029  -0.068376  -0.153725  -0.163187  -0.163292  -0.163319  -0.163363  -0.163325  -0.163378  -0.163321  -0.163312  -0.163315  -0.16341   -0.173364 )	   12.416101
1216	(   0.142045  -0.068383  -0.153809  -0.16319   -0.163358  -0.163304  -0.163348  -0.163277  -0.163419  -0.163352  -0.163321  -0.163316  -0.163369  -0.173362 )	   12.416103
1217	(   0.14204   -0.068385  -0.153772  -0.16318   -0.163323  -0.163307  -0.163356  -0.163286  -0.163385  -0.163331  -0.16331   -0.163314  -0.16339   -0.173345 )	   12.416101
1218	(   0.142111  -0.068401  -0.153742  -0.163211  -0.163319  -0.163299  -0.163415  -0.16332   -0.163378  -0.163325  -0.163296  -0.163311  -0.163453  -0.173372 )	   12.416102
1219	(   0.142075  -0.068394  -0.15374   -0.163192  -0.163306  -0.163304  -0.163391  -0.163309  -0.163367  -0.163318  -0.163298  -0.163311  -0.163433  -0.173352 )	   12.416101
1220	(   0.142052  -0.068378  -0.153743  -0.163296  -0.163327  -0.163327  -0.163402  -0.163248  -0.163398  -0.163351  -0.163338  -0.163306  -0.163457  -0.173398 )	   12.416104
1221	(   0.142038  -0.068391  -0.153736  -0.163124  -0.16328   -0.163301  -0.163354  -0.163318  -0.16334   -0.163296  -0.163284  -0.163314  -0.163397  -0.173306 )	   12.416101
1222	(   0.142026  -0.068399  -0.153726  -0.163169  -0.163325  -0.163315  -0.163396  -0.163319  -0.163366  -0.163284  -0.163344  -0.16327   -0.163446  -0.17329  )	   12.416102
1223	(   0.142034  -0.068393  -0.153731  -0.163173  -0.163311  -0.163312  -0.163383  -0.163308  -0.163362  -0.163298  -0.163324  -0.163289  -0.163432  -0.173311 )	   12.416101
1224	(   0.14208   -0.068401  -0.153715  -0.16314   -0.163331  -0.163273  -0.163386  -0.163326  -0.163379  -0.163269  -0.16334   -0.163263  -0.163449  -0.173337 )	   12.416102
1225	(   0.142062  -0.068395  -0.153725  -0.163157  -0.163315  -0.16329   -0.163379  -0.163313  -0.16337   -0.163289  -0.163323  -0.163284  -0.163434  -0.173334 )	   12.416101
1226	(   0.141951  -0.068441  -0.153709  -0.163153  -0.163329  -0.163262  -0.163311  -0.163296  -0.163337  -0.163276  -0.163255  -0.163314  -0.163382  -0.173322 )	   12.416102
1227	(   0.141995  -0.068416  -0.153721  -0.163162  -0.163316  -0.163283  -0.16334   -0.163298  -0.163348  -0.16329   -0.16328   -0.163309  -0.1634    -0.173326 )	   12.416101
1228	(   0.141989  -0.0684    -0.153735  -0.163123  -0.163299  -0.163316  -0.163314  -0.163268  -0.163316  -0.163342  -0.163269  -0.163297  -0.163416  -0.173287 )	   12.416101
1229	(   0.142089  -0.068407  -0.153769  -0.16318   -0.163331  -0.163295  -0.163396  -0.163367  -0.163378  -0.163331  -0.163244  -0.163308  -0.163394  -0.173393 )	   12.416102
1230	(   0.142061  -0.068401  -0.153752  -0.163173  -0.163318  -0.163299  -0.163379  -0.163334  -0.163366  -0.16332   -0.16327   -0.163306  -0.163405  -0.173361 )	   12.416101
1231	(   0.14211   -0.068349  -0.153749  -0.16322   -0.163301  -0.163301  -0.163429  -0.163376  -0.163412  -0.16329   -0.163303  -0.163352  -0.163447  -0.173409 )	   12.416103
1232	(   0.142005  -0.068415  -0.153731  -0.163145  -0.163307  -0.163304  -0.163337  -0.163273  -0.163332  -0.163319  -0.16329   -0.163284  -0.163402  -0.1733   )	   12.416101
1233	(   0.141965  -0.068409  -0.153723  -0.163132  -0.163304  -0.163322  -0.163307  -0.163283  -0.163325  -0.163345  -0.163309  -0.163309  -0.163395  -0.173308 )	   12.416102
1234	(   0.141999  -0.068402  -0.153729  -0.163149  -0.163305  -0.163313  -0.163335  -0.163293  -0.16334   -0.163329  -0.163302  -0.163308  -0.163405  -0.17332  )	   12.416101
1235	(   0.142067  -0.068389  -0.153741  -0.163183  -0.163306  -0.163296  -0.16339   -0.163314  -0.16337   -0.163296  -0.163288  -0.163304  -0.163425  -0.173344 )	   12.416101
1236	(   0.14205   -0.068392  -0.153738  -0.163175  -0.163305  -0.1633    -0.163376  -0.163309  -0.163363  -0.163304  -0.163292  -0.163305  -0.16342   -0.173338 )	   12.416101
1237	(   0.14205   -0.068287  -0.153725  -0.163194  -0.163301  -0.163312  -0.163432  -0.163333  -0.163403  -0.163283  -0.163297  -0.163321  -0.163417  -0.173355 )	   12.416103
1238	(   0.142146  -0.068383  -0.153745  -0.163233  -0.163336  -0.163267  -0.163372  -0.16333   -0.163368  -0.163296  -0.16338   -0.163513  -0.163412  -0.173381 )	   12.416104
1239	(   0.142051  -0.06839   -0.153725  -0.163195  -0.163301  -0.163311  -0.163431  -0.163333  -0.163403  -0.163488  -0.163298  -0.16332   -0.163417  -0.173356 )	   12.416104
1240	(   0.142072  -0.068388  -0.153729  -0.163203  -0.163309  -0.163302  -0.163418  -0.163333  -0.163395  -0.163286  -0.163316  -0.163316  -0.163216  -0.173361 )	   12.416105
1241	(   0.142096  -0.068387  -0.153735  -0.163213  -0.163318  -0.16329   -0.163403  -0.163532  -0.163386  -0.163289  -0.163337  -0.163311  -0.163415  -0.173368 )	   12.416105
1242	(   0.142163  -0.068382  -0.153749  -0.16324   -0.163342  -0.163258  -0.163362  -0.163329  -0.163361  -0.163298  -0.163395  -0.163296  -0.163411  -0.173165 )	   12.416106
1243	(   0.141967  -0.068395  -0.153707  -0.163161  -0.16327   -0.163351  -0.163483  -0.163337  -0.16319   -0.163273  -0.163226  -0.163338  -0.163422  -0.173333 )	   12.416107

BBE ( SOL ) OBJ
1244	(   0.142146  -0.068383  -0.153532  -0.163233  -0.163336  -0.163267  -0.163372  -0.16333   -0.163368  -0.163296  -0.163379  -0.1633    -0.163412  -0.173381 )	   12.416107
1245	(   0.142261  -0.068375  -0.15377   -0.16328   -0.163378  -0.163495  -0.163301  -0.163325  -0.163325  -0.163311  -0.163479  -0.163275  -0.163406  -0.173412 )	   12.416109
1246	(   0.141969  -0.068395  -0.153707  -0.163162  -0.163514  -0.16335   -0.163482  -0.163337  -0.163433  -0.163273  -0.163227  -0.163338  -0.163422  -0.173334 )	   12.416112
1247	(   0.142221  -0.068378  -0.153761  -0.163009  -0.163364  -0.163231  -0.163326  -0.163327  -0.16334   -0.163305  -0.163444  -0.163284  -0.163408  -0.173401 )	   12.416111
1248	(   0.141759  -0.068409  -0.153662  -0.163077  -0.163194  -0.16345   -0.16321   -0.163345  -0.163511  -0.163246  -0.163046  -0.163383  -0.163433  -0.173277 )	   12.41613 
1249	(   0.141979  -0.068394  -0.15371   -0.163166  -0.163275  -0.163346  -0.163476  -0.163336  -0.16343   -0.163274  -0.163828  -0.163336  -0.163421  -0.173336 )	   12.416133
1250	(   0.141586  -0.068378  -0.153761  -0.163263  -0.163363  -0.163232  -0.163327  -0.163327  -0.163341  -0.163305  -0.163442  -0.163284  -0.163408  -0.173401 )	   12.416156
1251	(   0.142258  -0.068479  -0.153833  -0.163505  -0.163132  -0.163214  -0.163311  -0.163304  -0.1635    -0.163107  -0.163347  -0.163275  -0.163607  -0.173411 )	   12.416136
1252	(   0.142261  -0.068426  -0.153533  -0.163358  -0.163114  -0.163157  -0.163495  -0.163532  -0.163527  -0.163488  -0.162953  -0.163513  -0.163255  -0.173165 )	   12.41616 
1253	(   0.142016  -0.068399  -0.153732  -0.163158  -0.163305  -0.163309  -0.163348  -0.163299  -0.163348  -0.16332   -0.163299  -0.163307  -0.16341   -0.173326 )	   12.416101
1254	(   0.142085  -0.068389  -0.153733  -0.163206  -0.163313  -0.163296  -0.163309  -0.163327  -0.163385  -0.163284  -0.163328  -0.163312  -0.163418  -0.173359 )	   12.416101
1255	(   0.142081  -0.068402  -0.153738  -0.163188  -0.163304  -0.163302  -0.163414  -0.163299  -0.163357  -0.163388  -0.163326  -0.163305  -0.163432  -0.173321 )	   12.416101
1256	(   0.142079  -0.068337  -0.153739  -0.163184  -0.163302  -0.163303  -0.163415  -0.163292  -0.16335   -0.163257  -0.163326  -0.163303  -0.163435  -0.173312 )	   12.416102
1257	(   0.142084  -0.068392  -0.153734  -0.163203  -0.163414  -0.163297  -0.163411  -0.163322  -0.16338   -0.16328   -0.163328  -0.163311  -0.16342   -0.173352 )	   12.416102
1258	(   0.142087  -0.068384  -0.153731  -0.163213  -0.163316  -0.163395  -0.163409  -0.163339  -0.163397  -0.163293  -0.163328  -0.163315  -0.163412  -0.173374 )	   12.416102
1259	(   0.142085  -0.068391  -0.153734  -0.163204  -0.163312  -0.163297  -0.163411  -0.163324  -0.163381  -0.163281  -0.163328  -0.163413  -0.16342   -0.173354 )	   12.416102
1260	(   0.142083  -0.068395  -0.153735  -0.163198  -0.163309  -0.163299  -0.163412  -0.163314  -0.163372  -0.163274  -0.163327  -0.163309  -0.163316  -0.173342 )	   12.416102
1261	(   0.142085  -0.06839   -0.153633  -0.163206  -0.163312  -0.163296  -0.16341   -0.163327  -0.163385  -0.163284  -0.163328  -0.163312  -0.163418  -0.173358 )	   12.416102
1262	(   0.14209   -0.068377  -0.153729  -0.163109  -0.163321  -0.16329   -0.163406  -0.163356  -0.163414  -0.163307  -0.163329  -0.163319  -0.163404  -0.173397 )	   12.416102
1263	(   0.142094  -0.068365  -0.153725  -0.163241  -0.163329  -0.163285  -0.163402  -0.163382  -0.16329   -0.163328  -0.16333   -0.163326  -0.163391  -0.173431 )	   12.416102
1264	(   0.142078  -0.068409  -0.15374   -0.163178  -0.1633    -0.163305  -0.163416  -0.163432  -0.163341  -0.16325   -0.163326  -0.163301  -0.163439  -0.1733   )	   12.416103
1265	(   0.142102  -0.068343  -0.153717  -0.163271  -0.163343  -0.163275  -0.163395  -0.163431  -0.16349   -0.163366  -0.163333  -0.163338  -0.163367  -0.17327  )	   12.416105
1266	(   0.142086  -0.068388  -0.153733  -0.163209  -0.163314  -0.163295  -0.16341   -0.163331  -0.163389  -0.163287  -0.163528  -0.163313  -0.163416  -0.173364 )	   12.416105
1267	(   0.142286  -0.068388  -0.153733  -0.163207  -0.163313  -0.163296  -0.16341   -0.163329  -0.163387  -0.163286  -0.163328  -0.163312  -0.163417  -0.173361 )	   12.416109
1268	(   0.14197   -0.068452  -0.153832  -0.163329  -0.163213  -0.163292  -0.163409  -0.163338  -0.163548  -0.163168  -0.163284  -0.163213  -0.163487  -0.173442 )	   12.41612 
1269	(   0.142049  -0.068349  -0.153666  -0.163109  -0.16325   -0.163395  -0.163429  -0.163234  -0.163419  -0.163388  -0.163492  -0.163263  -0.163467  -0.173266 )	   12.416109
1270	(   0.142099  -0.068388  -0.153727  -0.163199  -0.163309  -0.163307  -0.163409  -0.163341  -0.163391  -0.163338  -0.163348  -0.163307  -0.163407  -0.173361 )	   12.416101
1271	(   0.142085  -0.068387  -0.153733  -0.16321   -0.163314  -0.163294  -0.163359  -0.163331  -0.16339   -0.163288  -0.163327  -0.163313  -0.163416  -0.173365 )	   12.416101
1272	(   0.142088  -0.068387  -0.153731  -0.163207  -0.163313  -0.163297  -0.163409  -0.163334  -0.16334   -0.163287  -0.163332  -0.163312  -0.163414  -0.173364 )	   12.416101
1273	(   0.142077  -0.068387  -0.153737  -0.163216  -0.163317  -0.163287  -0.16341   -0.163326  -0.163389  -0.163292  -0.163314  -0.163317  -0.163421  -0.173315 )	   12.416101
1274	(   0.142098  -0.068388  -0.153727  -0.1632    -0.163309  -0.163306  -0.163409  -0.16334   -0.163391  -0.163282  -0.163346  -0.163363  -0.163408  -0.173361 )	   12.416101
1275	(   0.142088  -0.068367  -0.153731  -0.163207  -0.163313  -0.163297  -0.163409  -0.163334  -0.16339   -0.163287  -0.163331  -0.163312  -0.163414  -0.173364 )	   12.416101
1276	(   0.142096  -0.068388  -0.153728  -0.163201  -0.163364  -0.163305  -0.163409  -0.163339  -0.163391  -0.163283  -0.163343  -0.163308  -0.163409  -0.173362 )	   12.416101
1277	(   0.142105  -0.068388  -0.153724  -0.163195  -0.163307  -0.163313  -0.163409  -0.163345  -0.163392  -0.163279  -0.163357  -0.163305  -0.163466  -0.173359 )	   12.416102
1278	(   0.14206   -0.068386  -0.153744  -0.163159  -0.163324  -0.16327   -0.163411  -0.163314  -0.163388  -0.1633    -0.163288  -0.163325  -0.163432  -0.173374 )	   12.416102
1279	(   0.142108  -0.068388  -0.153722  -0.163192  -0.163305  -0.163316  -0.163409  -0.163282  -0.163392  -0.163278  -0.163362  -0.163303  -0.163402  -0.173357 )	   12.416102
1280	(   0.142098  -0.068388  -0.153782  -0.1632    -0.163309  -0.163307  -0.163409  -0.163341  -0.163391  -0.163282  -0.163347  -0.163307  -0.163408  -0.173361 )	   12.416102
1281	(   0.142045  -0.068386  -0.153751  -0.16324   -0.16333   -0.163345  -0.163411  -0.163303  -0.163386  -0.163307  -0.163265  -0.163331  -0.163441  -0.173379 )	   12.416103
1282	(   0.14206   -0.068386  -0.153744  -0.163229  -0.163324  -0.16327   -0.163411  -0.163314  -0.163388  -0.1633    -0.163428  -0.163325  -0.163432  -0.173374 )	   12.416103
1283	(   0.141986  -0.068388  -0.153726  -0.163198  -0.163309  -0.163308  -0.163409  -0.163342  -0.163391  -0.163281  -0.163349  -0.163307  -0.163407  -0.17336  )	   12.416103

BBE ( SOL ) OBJ
1284	(   0.142189  -0.068407  -0.153737  -0.163218  -0.163275  -0.163195  -0.16346   -0.16339   -0.163439  -0.163293  -0.163171  -0.163263  -0.163361  -0.173369 )	   12.416113
1285	(   0.142036  -0.068349  -0.153809  -0.16314   -0.163269  -0.163345  -0.163335  -0.163273  -0.163332  -0.163347  -0.163428  -0.163263  -0.163467  -0.17329  )	   12.416104
1286	(   0.142105  -0.068383  -0.153735  -0.163216  -0.16333   -0.163293  -0.163402  -0.163332  -0.163386  -0.163292  -0.163333  -0.163307  -0.163395  -0.173364 )	   12.416101
1287	(   0.142086  -0.068387  -0.153732  -0.163209  -0.163314  -0.163295  -0.16341   -0.163332  -0.16339   -0.163288  -0.163328  -0.163313  -0.163416  -0.173345 )	   12.416101
1288	(   0.14208   -0.068389  -0.153732  -0.163207  -0.163319  -0.163296  -0.163389  -0.163332  -0.163391  -0.163287  -0.163326  -0.163315  -0.163422  -0.173365 )	   12.416101
1289	(   0.142083  -0.068388  -0.153732  -0.163208  -0.163317  -0.163295  -0.163411  -0.163332  -0.163391  -0.163308  -0.163327  -0.163314  -0.163419  -0.173365 )	   12.416101
1290	(   0.142091  -0.068386  -0.153733  -0.163211  -0.16331   -0.163294  -0.163408  -0.163332  -0.163389  -0.163289  -0.163329  -0.163333  -0.16341   -0.173365 )	   12.416101
1291	(   0.142092  -0.068386  -0.153733  -0.163189  -0.163309  -0.163294  -0.163407  -0.163332  -0.163389  -0.163289  -0.16333   -0.163311  -0.163409  -0.173365 )	   12.416101
1292	(   0.142088  -0.068387  -0.153713  -0.16321   -0.163313  -0.163295  -0.163409  -0.163332  -0.16339   -0.163288  -0.163328  -0.163312  -0.163414  -0.173365 )	   12.416101
1293	(   0.142082  -0.068388  -0.153732  -0.163208  -0.163317  -0.163295  -0.163411  -0.163332  -0.16337   -0.163287  -0.163327  -0.163314  -0.163419  -0.173365 )	   12.416101
1294	(   0.142086  -0.068387  -0.153733  -0.163209  -0.163314  -0.163295  -0.163409  -0.163352  -0.16339   -0.163288  -0.163328  -0.163313  -0.163415  -0.173365 )	   12.416101
1295	(   0.142087  -0.068387  -0.153733  -0.16321   -0.163313  -0.163315  -0.163409  -0.163332  -0.16339   -0.163288  -0.163328  -0.163313  -0.163414  -0.173365 )	   12.416101
1296	(   0.142095  -0.068397  -0.153733  -0.163212  -0.163307  -0.163294  -0.163406  -0.163332  -0.163388  -0.16329   -0.16333   -0.16331   -0.163406  -0.173365 )	   12.416101
1297	(   0.142088  -0.068387  -0.153733  -0.16321   -0.163313  -0.163295  -0.163409  -0.163332  -0.16339   -0.163288  -0.163278  -0.163313  -0.163414  -0.173365 )	   12.416102
1298	(   0.142111  -0.068381  -0.153735  -0.163219  -0.163294  -0.163292  -0.1634    -0.163332  -0.163384  -0.163293  -0.163334  -0.163305  -0.163421  -0.173364 )	   12.416102
1299	(   0.142136  -0.068389  -0.153732  -0.163206  -0.163319  -0.163296  -0.163412  -0.163332  -0.163392  -0.163287  -0.163326  -0.163315  -0.163423  -0.173365 )	   12.416102
1300	(   0.142018  -0.06839   -0.153731  -0.163227  -0.163323  -0.163296  -0.163436  -0.163332  -0.163414  -0.163285  -0.163375  -0.163317  -0.163403  -0.173366 )	   12.416104
1301	(   0.142061  -0.068389  -0.153739  -0.163188  -0.163313  -0.163299  -0.163387  -0.163313  -0.163379  -0.163304  -0.163304  -0.163306  -0.163426  -0.173351 )	   12.416101
1302	(   0.14205   -0.068391  -0.153738  -0.16318   -0.163311  -0.163301  -0.163377  -0.16331   -0.163371  -0.163308  -0.163303  -0.163306  -0.163422  -0.173345 )	   12.416101
1303	(   0.142082  -0.068387  -0.153731  -0.16321   -0.163315  -0.163296  -0.16341   -0.163334  -0.163391  -0.163298  -0.163332  -0.163313  -0.163417  -0.173364 )	   12.416101
1304	(   0.142093  -0.068388  -0.153723  -0.163207  -0.163313  -0.163294  -0.163409  -0.163329  -0.163388  -0.16329   -0.163321  -0.163312  -0.163414  -0.173367 )	   12.416101
1305	(   0.142086  -0.068387  -0.153732  -0.163209  -0.163314  -0.163295  -0.1634    -0.163332  -0.16339   -0.163288  -0.163328  -0.163313  -0.163416  -0.173365 )	   12.416101
1306	(   0.142088  -0.068387  -0.153733  -0.163209  -0.163314  -0.163295  -0.163409  -0.163331  -0.163389  -0.163288  -0.163326  -0.163323  -0.163415  -0.173366 )	   12.416101
1307	(   0.142091  -0.068388  -0.153734  -0.163208  -0.163313  -0.163294  -0.163409  -0.16333   -0.163388  -0.163289  -0.163322  -0.163312  -0.163414  -0.173355 )	   12.416101
1308	(   0.142096  -0.068388  -0.153736  -0.163206  -0.163313  -0.163294  -0.163409  -0.163342  -0.163387  -0.16329   -0.163318  -0.163312  -0.163413  -0.173368 )	   12.416101
1309	(   0.142081  -0.068387  -0.153731  -0.16321   -0.163315  -0.163296  -0.16341   -0.163334  -0.16338   -0.163287  -0.163334  -0.163314  -0.163417  -0.173363 )	   12.416101
1310	(   0.142088  -0.068382  -0.153733  -0.163208  -0.163314  -0.163295  -0.163409  -0.163331  -0.163389  -0.163289  -0.163326  -0.163313  -0.163415  -0.173366 )	   12.416101
1311	(   0.142088  -0.068387  -0.153733  -0.163208  -0.163324  -0.163295  -0.163409  -0.163331  -0.163389  -0.163288  -0.163326  -0.163313  -0.163415  -0.173366 )	   12.416101
1312	(   0.142084  -0.068387  -0.153732  -0.16321   -0.163314  -0.163285  -0.16341   -0.163333  -0.163391  -0.163287  -0.16333   -0.163313  -0.163416  -0.173364 )	   12.416102
1313	(   0.142081  -0.068387  -0.153731  -0.163199  -0.163315  -0.163296  -0.16341   -0.163334  -0.163391  -0.163287  -0.163333  -0.163314  -0.163417  -0.173364 )	   12.416101
1314	(   0.142091  -0.068388  -0.153734  -0.163208  -0.163313  -0.163294  -0.163409  -0.16333   -0.163389  -0.163289  -0.163323  -0.163312  -0.163426  -0.173366 )	   12.416102
1315	(   0.1421    -0.068388  -0.153738  -0.163205  -0.163312  -0.163293  -0.163409  -0.163326  -0.163386  -0.163291  -0.163348  -0.163311  -0.163412  -0.173369 )	   12.416101
1316	(   0.142106  -0.068386  -0.153728  -0.163212  -0.163316  -0.163297  -0.16341   -0.163337  -0.163394  -0.163285  -0.163341  -0.163314  -0.163419  -0.173361 )	   12.416102
1317	(   0.142036  -0.068391  -0.153738  -0.163225  -0.163306  -0.163308  -0.16342   -0.163326  -0.163407  -0.163273  -0.163312  -0.163305  -0.163409  -0.173371 )	   12.416103
1318	(   0.142071  -0.068393  -0.153735  -0.163189  -0.163317  -0.163301  -0.163392  -0.163326  -0.163374  -0.163303  -0.163304  -0.163288  -0.16342   -0.173356 )	   12.416101
1319	(   0.142076  -0.068391  -0.153735  -0.163194  -0.163315  -0.163299  -0.163396  -0.163328  -0.163378  -0.163299  -0.16331   -0.163299  -0.163418  -0.173358 )	   12.416101
1320	(   0.142096  -0.068387  -0.153733  -0.163209  -0.163314  -0.163295  -0.163409  -0.163332  -0.16339   -0.163289  -0.163329  -0.163313  -0.163414  -0.173365 )	   12.416101
1321	(   0.142081  -0.068389  -0.153736  -0.163208  -0.16331   -0.163295  -0.163405  -0.163329  -0.163392  -0.163293  -0.163337  -0.163312  -0.163418  -0.173366 )	   12.416101
1322	(   0.142085  -0.068388  -0.153733  -0.163209  -0.163319  -0.163295  -0.163408  -0.163331  -0.16339   -0.163289  -0.16333   -0.163313  -0.163413  -0.173365 )	   12.416101
1323	(   0.142085  -0.068385  -0.153733  -0.163209  -0.163313  -0.163295  -0.163409  -0.163331  -0.16339   -0.163289  -0.16333   -0.163313  -0.163414  -0.173365 )	   12.416101

BBE ( SOL ) OBJ
1324	(   0.142085  -0.068387  -0.153733  -0.163209  -0.163313  -0.163295  -0.163409  -0.163337  -0.16339   -0.163289  -0.163329  -0.163313  -0.163414  -0.173365 )	   12.416101
1325	(   0.142086  -0.068387  -0.153733  -0.163209  -0.163314  -0.163295  -0.163409  -0.163332  -0.16339   -0.163288  -0.163328  -0.163313  -0.163415  -0.17336  )	   12.416101
1326	(   0.142085  -0.068388  -0.153727  -0.163209  -0.163313  -0.163295  -0.163409  -0.163331  -0.16339   -0.163289  -0.16333   -0.163313  -0.163414  -0.173365 )	   12.416101
1327	(   0.142086  -0.068387  -0.153733  -0.163209  -0.163314  -0.163295  -0.163409  -0.163332  -0.163385  -0.163288  -0.163329  -0.163313  -0.163415  -0.173365 )	   12.416101
1328	(   0.142086  -0.068387  -0.153733  -0.163209  -0.163314  -0.1633    -0.163409  -0.163332  -0.16339   -0.163288  -0.163328  -0.163313  -0.163415  -0.173365 )	   12.416101
1329	(   0.142086  -0.068387  -0.153733  -0.163209  -0.163314  -0.163295  -0.163409  -0.163332  -0.16339   -0.163288  -0.163329  -0.163318  -0.163415  -0.173365 )	   12.416101
1330	(   0.142087  -0.068387  -0.153731  -0.163209  -0.163315  -0.163295  -0.163411  -0.163333  -0.163389  -0.163293  -0.163325  -0.163313  -0.163418  -0.173365 )	   12.416101
1331	(   0.142087  -0.068387  -0.153731  -0.163209  -0.163315  -0.163295  -0.163411  -0.163333  -0.163389  -0.163287  -0.163338  -0.163313  -0.163418  -0.173365 )	   12.416101
1332	(   0.142085  -0.068388  -0.153733  -0.163209  -0.163313  -0.163295  -0.163414  -0.163331  -0.16339   -0.163289  -0.16333   -0.163313  -0.163413  -0.173365 )	   12.416102
1333	(   0.142086  -0.068387  -0.153732  -0.163204  -0.163314  -0.163295  -0.16341   -0.163332  -0.16339   -0.163288  -0.163327  -0.163313  -0.163416  -0.173365 )	   12.416101
1334	(   0.142083  -0.068387  -0.153732  -0.163216  -0.163315  -0.16329   -0.163411  -0.163332  -0.163392  -0.163273  -0.1633    -0.16331   -0.163419  -0.173369 )	   12.416102
1335	(   0.142091  -0.068389  -0.153732  -0.163204  -0.163316  -0.163295  -0.163407  -0.163332  -0.163385  -0.163291  -0.163325  -0.163312  -0.163416  -0.173363 )	   12.416101
1336	(   0.142089  -0.068388  -0.153732  -0.163206  -0.163315  -0.163295  -0.163407  -0.163332  -0.163386  -0.163291  -0.163326  -0.163312  -0.163416  -0.173364 )	   12.416101
1337	(   0.142087  -0.068387  -0.153732  -0.163207  -0.163314  -0.163295  -0.163409  -0.163332  -0.16339   -0.163288  -0.163329  -0.163313  -0.163415  -0.173365 )	   12.416101
1338	(   0.142088  -0.068387  -0.153732  -0.163209  -0.163314  -0.163294  -0.163409  -0.163332  -0.16339   -0.163288  -0.163323  -0.163313  -0.163415  -0.173365 )	   12.416101
1339	(   0.142086  -0.068386  -0.153733  -0.163209  -0.163314  -0.163295  -0.16341   -0.163332  -0.16339   -0.163288  -0.163328  -0.163313  -0.163416  -0.173365 )	   12.416101
1340	(   0.142086  -0.068387  -0.153733  -0.163209  -0.163316  -0.163295  -0.16341   -0.163332  -0.16339   -0.163288  -0.163328  -0.163313  -0.163416  -0.173365 )	   12.416101
1341	(   0.142086  -0.068387  -0.153732  -0.163209  -0.163314  -0.163295  -0.163409  -0.163332  -0.16339   -0.163288  -0.163328  -0.163313  -0.163417  -0.173365 )	   12.416101
1342	(   0.142087  -0.068387  -0.153732  -0.163209  -0.163314  -0.163295  -0.163409  -0.163332  -0.16339   -0.16329   -0.163329  -0.163313  -0.163415  -0.173365 )	   12.416101
1343	(   0.142086  -0.068387  -0.153733  -0.163209  -0.163314  -0.163295  -0.163408  -0.163332  -0.16339   -0.163288  -0.163328  -0.163313  -0.163416  -0.173365 )	   12.416101
1344	(   0.142087  -0.068387  -0.153732  -0.163209  -0.163314  -0.163295  -0.163409  -0.163332  -0.163392  -0.163288  -0.163328  -0.163313  -0.163415  -0.173365 )	   12.416101
1345	(   0.142088  -0.068387  -0.153732  -0.163209  -0.163314  -0.163295  -0.163409  -0.163332  -0.16339   -0.163288  -0.163329  -0.163311  -0.163415  -0.173365 )	   12.416101
1346	(   0.142088  -0.068387  -0.153734  -0.163209  -0.163314  -0.163294  -0.163409  -0.163332  -0.16339   -0.163288  -0.163329  -0.163313  -0.163415  -0.173365 )	   12.416101
1347	(   0.142088  -0.068387  -0.153732  -0.163209  -0.163314  -0.163294  -0.163409  -0.163332  -0.16339   -0.163288  -0.163329  -0.163313  -0.163415  -0.173367 )	   12.416101
1348	(   0.142089  -0.068387  -0.153732  -0.16321   -0.163314  -0.163297  -0.163409  -0.163333  -0.16339   -0.163287  -0.16333   -0.163314  -0.163415  -0.173364 )	   12.416101
1349	(   0.142088  -0.068387  -0.153732  -0.163209  -0.163314  -0.163294  -0.163409  -0.16333   -0.16339   -0.163288  -0.163329  -0.163313  -0.163415  -0.173365 )	   12.416101
1350	(   0.142081  -0.068387  -0.153731  -0.16321   -0.163314  -0.163293  -0.163409  -0.163333  -0.163389  -0.163287  -0.163332  -0.163314  -0.163415  -0.173364 )	   12.416101
1351	(   0.142075  -0.068389  -0.153735  -0.163207  -0.163311  -0.163299  -0.163412  -0.16333   -0.16339   -0.16329   -0.163321  -0.163311  -0.163414  -0.173367 )	   12.416102
1352	(   0.142082  -0.068385  -0.153733  -0.163213  -0.163312  -0.163296  -0.163411  -0.163332  -0.163395  -0.163287  -0.163335  -0.163314  -0.163415  -0.173366 )	   12.416102
1353	(   0.142089  -0.068388  -0.153732  -0.163206  -0.163315  -0.163295  -0.163408  -0.163332  -0.163387  -0.16329   -0.163327  -0.163313  -0.163416  -0.173364 )	   12.416101
1354	(   0.142086  -0.068387  -0.153732  -0.163209  -0.163314  -0.163295  -0.16341   -0.163333  -0.16339   -0.163288  -0.163328  -0.163313  -0.163416  -0.173365 )	   12.416101
1355	(   0.142088  -0.068387  -0.153732  -0.163209  -0.163314  -0.163295  -0.16341   -0.163332  -0.16339   -0.163288  -0.163328  -0.163313  -0.163416  -0.173365 )	   12.416101
1356	(   0.142086  -0.068387  -0.153733  -0.16321   -0.163314  -0.163295  -0.163409  -0.163332  -0.16339   -0.163288  -0.163328  -0.163313  -0.163415  -0.173365 )	   12.416101
1357	(   0.142086  -0.068387  -0.153732  -0.163209  -0.163314  -0.163295  -0.163409  -0.163332  -0.16339   -0.163288  -0.163328  -0.163313  -0.163416  -0.173365 )	   12.416101
1358	(   0.142086  -0.068387  -0.153732  -0.163209  -0.163314  -0.163295  -0.16341   -0.163332  -0.16339   -0.163288  -0.163328  -0.163313  -0.163416  -0.173364 )	   12.416101
1359	(   0.142086  -0.068387  -0.153732  -0.163209  -0.163314  -0.163295  -0.16341   -0.163332  -0.16339   -0.163288  -0.163328  -0.163313  -0.163416  -0.173365 )	   12.416101
1360	(   0.142086  -0.068387  -0.153733  -0.163209  -0.163314  -0.163295  -0.163409  -0.163332  -0.163389  -0.163288  -0.163328  -0.163313  -0.163415  -0.173365 )	   12.416101
1361	(   0.142086  -0.068387  -0.153731  -0.163209  -0.163314  -0.163295  -0.163409  -0.163332  -0.16339   -0.163288  -0.163328  -0.163313  -0.163415  -0.173365 )	   12.416101
1362	(   0.142086  -0.068387  -0.153733  -0.163209  -0.163314  -0.163295  -0.163409  -0.163332  -0.16339   -0.163289  -0.163328  -0.163313  -0.163416  -0.173365 )	   12.416101
1363	(   0.142086  -0.068387  -0.153733  -0.163209  -0.163314  -0.163296  -0.163409  -0.163332  -0.16339   -0.163288  -0.163328  -0.163313  -0.163415  -0.173365 )	   12.416101

BBE ( SOL ) OBJ
1364	(   0.142086  -0.068387  -0.153732  -0.163209  -0.163314  -0.163295  -0.16341   -0.163332  -0.16339   -0.163288  -0.163326  -0.163313  -0.163416  -0.173365 )	   12.416101
1365	(   0.142086  -0.068387  -0.153733  -0.163209  -0.163314  -0.163295  -0.163409  -0.163332  -0.16339   -0.163289  -0.163328  -0.163314  -0.163415  -0.173365 )	   12.416101
1366	(   0.142086  -0.068387  -0.153733  -0.163209  -0.163315  -0.163295  -0.163409  -0.163332  -0.16339   -0.163288  -0.163328  -0.163313  -0.163415  -0.173365 )	   12.416101
1367	(   0.142087  -0.068387  -0.153733  -0.163208  -0.163313  -0.163295  -0.163409  -0.163332  -0.16339   -0.163288  -0.163328  -0.163312  -0.163415  -0.173365 )	   12.416101
1368	(   0.142082  -0.068387  -0.153732  -0.16321   -0.163314  -0.163295  -0.163412  -0.16333   -0.163389  -0.163287  -0.16333   -0.163313  -0.163416  -0.173366 )	   12.416102
1369	(   0.142088  -0.068387  -0.153732  -0.163209  -0.163315  -0.163295  -0.163409  -0.163332  -0.16339   -0.163288  -0.163328  -0.163313  -0.163413  -0.173364 )	   12.416101
1370	(   0.142087  -0.068387  -0.153732  -0.163209  -0.163314  -0.163295  -0.163409  -0.163332  -0.16339   -0.163288  -0.163328  -0.163313  -0.163414  -0.173364 )	   12.416101
1371	(   0.142086  -0.068387  -0.153733  -0.163209  -0.163314  -0.163295  -0.16341   -0.163332  -0.16339   -0.163288  -0.163328  -0.163313  -0.163416  -0.173365 )	   12.416101
1372	(   0.142086  -0.068387  -0.153733  -0.163209  -0.163314  -0.163295  -0.16341   -0.163332  -0.16339   -0.163288  -0.163328  -0.163313  -0.163416  -0.173366 )	   12.416101
1373	(   0.142086  -0.068387  -0.153733  -0.163209  -0.163314  -0.163295  -0.16341   -0.163332  -0.16339   -0.163288  -0.163328  -0.163313  -0.163416  -0.173365 )	   12.416101
1374	(   0.142086  -0.068387  -0.153733  -0.163209  -0.163314  -0.163295  -0.16341   -0.163332  -0.16339   -0.163288  -0.163328  -0.163313  -0.163416  -0.173365 )	   12.416101
1375	(   0.142086  -0.068387  -0.153733  -0.163209  -0.163314  -0.163296  -0.16341   -0.163332  -0.16339   -0.163288  -0.163328  -0.163313  -0.163416  -0.173365 )	   12.416101
1376	(   0.142086  -0.068387  -0.153733  -0.163209  -0.163314  -0.163295  -0.16341   -0.163332  -0.16339   -0.163288  -0.163327  -0.163313  -0.163416  -0.173365 )	   12.416101
1377	(   0.142086  -0.068387  -0.153733  -0.163209  -0.163314  -0.163295  -0.16341   -0.163332  -0.16339   -0.163288  -0.163328  -0.163313  -0.163416  -0.173365 )	   12.416101
1378	(   0.142086  -0.068387  -0.153733  -0.163209  -0.163314  -0.163295  -0.16341   -0.163332  -0.16339   -0.163288  -0.163328  -0.163313  -0.163415  -0.173365 )	   12.416101
1379	(   0.142086  -0.068387  -0.153733  -0.163209  -0.163314  -0.163295  -0.163409  -0.163332  -0.16339   -0.163288  -0.163328  -0.163313  -0.163416  -0.173365 )	   12.416101
1380	(   0.142086  -0.068387  -0.153732  -0.163209  -0.163315  -0.163295  -0.163409  -0.163332  -0.16339   -0.163288  -0.163328  -0.163313  -0.163415  -0.173365 )	   12.416101
1381	(   0.142086  -0.068387  -0.153732  -0.163209  -0.163314  -0.163295  -0.163409  -0.163332  -0.16339   -0.163288  -0.163328  -0.163314  -0.163415  -0.173365 )	   12.416101
1382	(   0.142086  -0.068387  -0.153733  -0.163209  -0.163314  -0.163295  -0.16341   -0.163332  -0.16339   -0.163288  -0.163328  -0.163313  -0.163416  -0.173365 )	   12.416101
1383	(   0.142086  -0.068387  -0.153732  -0.163209  -0.163314  -0.163295  -0.16341   -0.163332  -0.16339   -0.163288  -0.163328  -0.163313  -0.163416  -0.173365 )	   12.416101
1384	(   0.142087  -0.068387  -0.153732  -0.163209  -0.163314  -0.163295  -0.163409  -0.163332  -0.16339   -0.163288  -0.163328  -0.163313  -0.163415  -0.173365 )	   12.416101
1385	(   0.142085  -0.068387  -0.153732  -0.16321   -0.163314  -0.163295  -0.16341   -0.163332  -0.16339   -0.163288  -0.163328  -0.163313  -0.163415  -0.173365 )	   12.416101
1386	(   0.142087  -0.068387  -0.153733  -0.163209  -0.163314  -0.163295  -0.163409  -0.163332  -0.16339   -0.163288  -0.163328  -0.163313  -0.163415  -0.173366 )	   12.416101
1387	(   0.142087  -0.068387  -0.153733  -0.163209  -0.163314  -0.163295  -0.163409  -0.163332  -0.16339   -0.163288  -0.163328  -0.163313  -0.163415  -0.173365 )	   12.416101
1388	(   0.142086  -0.068387  -0.153733  -0.163209  -0.163314  -0.163295  -0.16341   -0.163332  -0.16339   -0.163288  -0.163328  -0.163313  -0.163415  -0.173365 )	   12.416101
1389	(   0.142086  -0.068387  -0.153732  -0.163209  -0.163314  -0.163295  -0.163409  -0.163332  -0.16339   -0.163288  -0.163328  -0.163313  -0.163416  -0.173365 )	   12.416101
1390	(   0.142086  -0.068387  -0.153733  -0.163209  -0.163314  -0.163295  -0.163409  -0.163332  -0.16339   -0.163288  -0.163328  -0.163313  -0.163416  -0.173365 )	   12.416101
1391	(   0.142086  -0.068387  -0.153732  -0.163209  -0.163314  -0.163295  -0.163409  -0.163332  -0.16339   -0.163288  -0.163328  -0.163313  -0.163416  -0.173365 )	   12.416101
1392	(   0.142086  -0.068387  -0.153733  -0.163209  -0.163314  -0.163295  -0.16341   -0.163332  -0.16339   -0.163288  -0.163328  -0.163313  -0.163415  -0.173365 )	   12.416101
1393	(   0.142086  -0.068387  -0.153733  -0.163209  -0.163314  -0.163295  -0.16341   -0.163332  -0.16339   -0.163288  -0.163328  -0.163313  -0.163415  -0.173365 )	   12.416101
1394	(   0.142086  -0.068387  -0.153733  -0.163209  -0.163314  -0.163295  -0.163409  -0.163332  -0.16339   -0.163288  -0.163328  -0.163313  -0.163415  -0.173365 )	   12.416101
1395	(   0.142086  -0.068387  -0.153733  -0.163209  -0.163314  -0.163295  -0.16341   -0.163332  -0.16339   -0.163288  -0.163328  -0.163313  -0.163415  -0.173365 )	   12.416101
1396	(   0.142086  -0.068387  -0.153732  -0.163209  -0.163314  -0.163295  -0.163409  -0.163332  -0.16339   -0.163288  -0.163328  -0.163313  -0.163416  -0.173365 )	   12.416101
1397	(   0.142086  -0.068387  -0.153733  -0.163209  -0.163314  -0.163295  -0.16341   -0.163332  -0.16339   -0.163288  -0.163328  -0.163313  -0.163415  -0.173365 )	   12.416101
1398	(   0.142086  -0.068387  -0.153733  -0.163209  -0.163314  -0.163295  -0.16341   -0.163332  -0.16339   -0.163288  -0.163327  -0.163313  -0.163415  -0.173365 )	   12.416101
1399	(   0.142086  -0.068387  -0.153733  -0.163209  -0.163314  -0.163295  -0.16341   -0.163332  -0.16339   -0.163288  -0.163328  -0.163313  -0.163415  -0.173365 )	   12.416101
1400	(   0.142086  -0.068387  -0.153732  -0.163209  -0.163314  -0.163295  -0.163409  -0.163332  -0.16339   -0.163288  -0.163328  -0.163313  -0.163415  -0.173365 )	   12.416101
1401	(   0.142086  -0.068387  -0.153733  -0.163209  -0.163314  -0.163295  -0.16341   -0.163332  -0.16339   -0.163288  -0.163328  -0.163313  -0.163415  -0.173365 )	   12.416101
1402	(   0.142086  -0.068387  -0.153732  -0.163208  -0.163314  -0.163295  -0.16341   -0.163332  -0.16339   -0.163288  -0.163328  -0.163313  -0.163416  -0.173365 )	   12.416101
1403	(   0.142086  -0.068387  -0.153732  -0.163209  -0.163314  -0.163295  -0.163409  -0.163332  -0.16339   -0.163288  -0.163328  -0.163313  -0.163415  -0.173364 )	   12.416101

BBE ( SOL ) OBJ
1404	(   0.142086  -0.068387  -0.153732  -0.163209  -0.163314  -0.163295  -0.163409  -0.163332  -0.16339   -0.163288  -0.163328  -0.163313  -0.163415  -0.173365 )	   12.416101
1405	(   0.142086  -0.068387  -0.153732  -0.163209  -0.163314  -0.163295  -0.16341   -0.163332  -0.16339   -0.163288  -0.163328  -0.163313  -0.163416  -0.173365 )	   12.416101
1406	(   0.142086  -0.068387  -0.153732  -0.163209  -0.163314  -0.163295  -0.16341   -0.163332  -0.16339   -0.163288  -0.163328  -0.163313  -0.163416  -0.173365 )	   12.416101
1407	(   0.142086  -0.068387  -0.153732  -0.163209  -0.163314  -0.163295  -0.163409  -0.163332  -0.16339   -0.163288  -0.163328  -0.163313  -0.163415  -0.173365 )	   12.416101
1408	(   0.142086  -0.068387  -0.153733  -0.163209  -0.163314  -0.163295  -0.163409  -0.163332  -0.16339   -0.163288  -0.163328  -0.163313  -0.163415  -0.173365 )	   12.416101
1409	(   0.142086  -0.068387  -0.153733  -0.163209  -0.163314  -0.163295  -0.163409  -0.163332  -0.16339   -0.163288  -0.163328  -0.163313  -0.163415  -0.173365 )	   12.416101
1410	(   0.142086  -0.068387  -0.153733  -0.163209  -0.163314  -0.163295  -0.163409  -0.163332  -0.16339   -0.163288  -0.163328  -0.163313  -0.163415  -0.173365 )	   12.416101
1411	(   0.142086  -0.068387  -0.153732  -0.163209  -0.163314  -0.163295  -0.163409  -0.163332  -0.16339   -0.163288  -0.163328  -0.163313  -0.163416  -0.173365 )	   12.416101
1412	(   0.142086  -0.068387  -0.153733  -0.163209  -0.163314  -0.163295  -0.163409  -0.163332  -0.16339   -0.163288  -0.163328  -0.163313  -0.163415  -0.173365 )	   12.416101
1413	(   0.142086  -0.068387  -0.153732  -0.163209  -0.163314  -0.163295  -0.16341   -0.163332  -0.16339   -0.163288  -0.163328  -0.163313  -0.163416  -0.173365 )	   12.416101
1414	(   0.142086  -0.068387  -0.153732  -0.163209  -0.163314  -0.163295  -0.16341   -0.163332  -0.16339   -0.163288  -0.163328  -0.163313  -0.163416  -0.173365 )	   12.416101
1415	(   0.142086  -0.068387  -0.153733  -0.163209  -0.163314  -0.163295  -0.163409  -0.163332  -0.16339   -0.163288  -0.163328  -0.163313  -0.163415  -0.173365 )	   12.416101
1416	(   0.142086  -0.068387  -0.153733  -0.163209  -0.163314  -0.163295  -0.163409  -0.163332  -0.16339   -0.163288  -0.163328  -0.163313  -0.163415  -0.173365 )	   12.416101
1417	(   0.142086  -0.068387  -0.153732  -0.163209  -0.163314  -0.163295  -0.16341   -0.163332  -0.16339   -0.163288  -0.163328  -0.163313  -0.163415  -0.173365 )	   12.416101
1418	(   0.142086  -0.068387  -0.153733  -0.163209  -0.163314  -0.163295  -0.163409  -0.163332  -0.16339   -0.163288  -0.163328  -0.163313  -0.163415  -0.173365 )	   12.416101
1419	(   0.142086  -0.068387  -0.153733  -0.163209  -0.163314  -0.163295  -0.16341   -0.163332  -0.16339   -0.163288  -0.163328  -0.163313  -0.163416  -0.173365 )	   12.416101
1420	(   0.142086  -0.068387  -0.153733  -0.163209  -0.163314  -0.163295  -0.163409  -0.163332  -0.16339   -0.163288  -0.163328  -0.163313  -0.163416  -0.173365 )	   12.416101
1421	(   0.142086  -0.068387  -0.153732  -0.163209  -0.163314  -0.163295  -0.163409  -0.163332  -0.16339   -0.163288  -0.163328  -0.163313  -0.163416  -0.173365 )	   12.416101
1422	(   0.142086  -0.068387  -0.153732  -0.163209  -0.163314  -0.163295  -0.163409  -0.163332  -0.16339   -0.163288  -0.163328  -0.163313  -0.163416  -0.173365 )	   12.416101
1423	(   0.142086  -0.068387  -0.153732  -0.163209  -0.163314  -0.163295  -0.163409  -0.163332  -0.16339   -0.163288  -0.163328  -0.163313  -0.163416  -0.173365 )	   12.416101
1424	(   0.142086  -0.068387  -0.153732  -0.163209  -0.163314  -0.163295  -0.163409  -0.163332  -0.16339   -0.163288  -0.163328  -0.163313  -0.163416  -0.173365 )	   12.416101
1425	(   0.142086  -0.068387  -0.153732  -0.163209  -0.163314  -0.163295  -0.16341   -0.163332  -0.16339   -0.163288  -0.163328  -0.163313  -0.163415  -0.173365 )	   12.416101
1426	(   0.142086  -0.068387  -0.153732  -0.163209  -0.163314  -0.163295  -0.163409  -0.163332  -0.16339   -0.163288  -0.163328  -0.163313  -0.163416  -0.173365 )	   12.416101
1427	(   0.142086  -0.068387  -0.153732  -0.163209  -0.163314  -0.163295  -0.163409  -0.163332  -0.16339   -0.163288  -0.163328  -0.163313  -0.163416  -0.173365 )	   12.416101
1428	(   0.142086  -0.068387  -0.153733  -0.163209  -0.163314  -0.163295  -0.16341   -0.163332  -0.16339   -0.163288  -0.163328  -0.163313  -0.163415  -0.173365 )	   12.416101
1429	(   0.142086  -0.068387  -0.153733  -0.163209  -0.163314  -0.163295  -0.163409  -0.163332  -0.16339   -0.163288  -0.163328  -0.163313  -0.163415  -0.173365 )	   12.416101
1430	(   0.142086  -0.068387  -0.153732  -0.163209  -0.163314  -0.163295  -0.163409  -0.163332  -0.16339   -0.163288  -0.163328  -0.163313  -0.163416  -0.173365 )	   12.416101
1431	(   0.142086  -0.068387  -0.153733  -0.163209  -0.163314  -0.163295  -0.16341   -0.163332  -0.16339   -0.163288  -0.163328  -0.163313  -0.163415  -0.173365 )	   12.416101
1432	(   0.142086  -0.068387  -0.153732  -0.163209  -0.163314  -0.163295  -0.163409  -0.163332  -0.16339   -0.163288  -0.163328  -0.163313  -0.163416  -0.173365 )	   12.416101
1433	(   0.142086  -0.068387  -0.153732  -0.163209  -0.163314  -0.163295  -0.163409  -0.163332  -0.16339   -0.163288  -0.163328  -0.163313  -0.163416  -0.173365 )	   12.416101
1434	(   0.142086  -0.068387  -0.153733  -0.163209  -0.163314  -0.163295  -0.16341   -0.163332  -0.16339   -0.163288  -0.163328  -0.163313  -0.163415  -0.173365 )	   12.416101
1435	(   0.142086  -0.068387  -0.153732  -0.163209  -0.163314  -0.163295  -0.163409  -0.163332  -0.16339   -0.163288  -0.163328  -0.163313  -0.163415  -0.173365 )	   12.416101
1436	(   0.142086  -0.068387  -0.153732  -0.163209  -0.163314  -0.163295  -0.163409  -0.163332  -0.16339   -0.163288  -0.163328  -0.163313  -0.163416  -0.173365 )	   12.416101
1437	(   0.142086  -0.068387  -0.153733  -0.163209  -0.163314  -0.163295  -0.16341   -0.163332  -0.16339   -0.163288  -0.163328  -0.163313  -0.163416  -0.173365 )	   12.416101
1438	(   0.142086  -0.068387  -0.153732  -0.163209  -0.163314  -0.163295  -0.163409  -0.163332  -0.16339   -0.163288  -0.163328  -0.163313  -0.163416  -0.173365 )	   12.416101
1439	(   0.142086  -0.068387  -0.153732  -0.163209  -0.163314  -0.163295  -0.163409  -0.163332  -0.16339   -0.163288  -0.163328  -0.163313  -0.163415  -0.173365 )	   12.416101
1440	(   0.142086  -0.068387  -0.153733  -0.163209  -0.163314  -0.163295  -0.163409  -0.163332  -0.16339   -0.163288  -0.163328  -0.163313  -0.163416  -0.173365 )	   12.416101
1441	(   0.142086  -0.068387  -0.153732  -0.163209  -0.163314  -0.163295  -0.16341   -0.163332  -0.16339   -0.163288  -0.163328  -0.163313  -0.163415  -0.173365 )	   12.416101
1442	(   0.142086  -0.068387  -0.153732  -0.163209  -0.163314  -0.163295  -0.163409  -0.163332  -0.16339   -0.163288  -0.163328  -0.163313  -0.163416  -0.173365 )	   12.416101
1443	(   0.142086  -0.068387  -0.153733  -0.163209  -0.163314  -0.163295  -0.163409  -0.163332  -0.16339   -0.163288  -0.163328  -0.163313  -0.163416  -0.173365 )	   12.416101

BBE ( SOL ) OBJ
1444	(   0.142086  -0.068387  -0.153733  -0.163209  -0.163314  -0.163295  -0.163409  -0.163332  -0.16339   -0.163288  -0.163328  -0.163313  -0.163416  -0.173365 )	   12.416101
1445	(   0.142086  -0.068387  -0.153732  -0.163209  -0.163314  -0.163295  -0.16341   -0.163332  -0.16339   -0.163288  -0.163328  -0.163313  -0.163415  -0.173365 )	   12.416101
1446	(   0.142086  -0.068387  -0.153732  -0.163209  -0.163314  -0.163295  -0.163409  -0.163332  -0.16339   -0.163288  -0.163328  -0.163313  -0.163415  -0.173365 )	   12.416101
1447	(   0.142086  -0.068387  -0.153733  -0.163209  -0.163314  -0.163295  -0.163409  -0.163332  -0.16339   -0.163288  -0.163328  -0.163313  -0.163416  -0.173365 )	   12.416101
1448	(   0.142086  -0.068387  -0.153733  -0.163209  -0.163314  -0.163295  -0.163409  -0.163332  -0.16339   -0.163288  -0.163328  -0.163313  -0.163416  -0.173365 )	   12.416101
1449	(   0.142086  -0.068387  -0.153733  -0.163209  -0.163314  -0.163295  -0.163409  -0.163332  -0.16339   -0.163288  -0.163328  -0.163313  -0.163416  -0.173365 )	   12.416101
1450	(   0.142086  -0.068387  -0.153733  -0.163209  -0.163314  -0.163295  -0.163409  -0.163332  -0.16339   -0.163288  -0.163328  -0.163313  -0.163416  -0.173365 )	   12.416101
1451	(   0.142086  -0.068387  -0.153733  -0.163209  -0.163314  -0.163295  -0.163409  -0.163332  -0.16339   -0.163288  -0.163328  -0.163313  -0.163416  -0.173365 )	   12.416101
1452	(   0.142086  -0.068387  -0.153733  -0.163209  -0.163314  -0.163295  -0.163409  -0.163332  -0.16339   -0.163288  -0.163328  -0.163313  -0.163415  -0.173365 )	   12.416101
1453	(   0.142086  -0.068387  -0.153733  -0.163209  -0.163314  -0.163295  -0.163409  -0.163332  -0.16339   -0.163288  -0.163328  -0.163313  -0.163416  -0.173365 )	   12.416101
1454	(   0.142086  -0.068387  -0.153733  -0.163209  -0.163314  -0.163295  -0.16341   -0.163332  -0.16339   -0.163288  -0.163328  -0.163313  -0.163416  -0.173365 )	   12.416101
1455	(   0.142086  -0.068387  -0.153732  -0.163209  -0.163314  -0.163295  -0.163409  -0.163332  -0.16339   -0.163288  -0.163328  -0.163313  -0.163415  -0.173365 )	   12.416101
1456	(   0.142086  -0.068387  -0.153732  -0.163209  -0.163314  -0.163295  -0.163409  -0.163332  -0.16339   -0.163288  -0.163328  -0.163313  -0.163415  -0.173365 )	   12.416101
1457	(   0.142086  -0.068387  -0.153732  -0.163209  -0.163314  -0.163295  -0.163409  -0.163332  -0.16339   -0.163288  -0.163328  -0.163313  -0.163416  -0.173365 )	   12.416101
1458	(   0.142086  -0.068387  -0.153733  -0.163209  -0.163314  -0.163295  -0.16341   -0.163332  -0.16339   -0.163288  -0.163328  -0.163313  -0.163415  -0.173365 )	   12.416101
1459	(   0.142086  -0.068387  -0.153732  -0.163209  -0.163314  -0.163295  -0.16341   -0.163332  -0.16339   -0.163288  -0.163328  -0.163313  -0.163415  -0.173365 )	   12.416101
1460	(   0.142086  -0.068387  -0.153732  -0.163209  -0.163314  -0.163295  -0.163409  -0.163332  -0.16339   -0.163288  -0.163328  -0.163313  -0.163416  -0.173365 )	   12.416101
1461	(   0.142086  -0.068387  -0.153733  -0.163209  -0.163314  -0.163295  -0.16341   -0.163332  -0.16339   -0.163288  -0.163328  -0.163313  -0.163415  -0.173365 )	   12.416101
1462	(   0.142086  -0.068387  -0.153733  -0.163209  -0.163314  -0.163295  -0.16341   -0.163332  -0.16339   -0.163288  -0.163328  -0.163313  -0.163415  -0.173365 )	   12.416101
1463	(   0.142086  -0.068387  -0.153733  -0.163209  -0.163314  -0.163295  -0.163409  -0.163332  -0.16339   -0.163288  -0.163328  -0.163313  -0.163415  -0.173365 )	   12.416101
1464	(   0.142086  -0.068387  -0.153732  -0.163209  -0.163314  -0.163295  -0.163409  -0.163332  -0.16339   -0.163288  -0.163328  -0.163313  -0.163416  -0.173365 )	   12.416101
1465	(   0.142086  -0.068387  -0.153732  -0.163209  -0.163314  -0.163295  -0.163409  -0.163332  -0.16339   -0.163288  -0.163328  -0.163313  -0.163416  -0.173365 )	   12.416101
1466	(   0.142086  -0.068387  -0.153732  -0.163209  -0.163314  -0.163295  -0.163409  -0.163332  -0.16339   -0.163288  -0.163328  -0.163313  -0.163416  -0.173365 )	   12.416101
1467	(   0.142086  -0.068387  -0.153732  -0.163209  -0.163314  -0.163295  -0.163409  -0.163332  -0.16339   -0.163288  -0.163328  -0.163313  -0.163416  -0.173365 )	   12.416101
1468	(   0.142086  -0.068387  -0.153732  -0.163209  -0.163314  -0.163295  -0.163409  -0.163332  -0.16339   -0.163288  -0.163328  -0.163313  -0.163416  -0.173365 )	   12.416101
1469	(   0.142086  -0.068387  -0.153732  -0.163209  -0.163314  -0.163295  -0.163409  -0.163332  -0.16339   -0.163288  -0.163328  -0.163313  -0.163415  -0.173365 )	   12.416101
1470	(   0.142086  -0.068387  -0.153732  -0.163209  -0.163314  -0.163295  -0.163409  -0.163332  -0.16339   -0.163288  -0.163328  -0.163313  -0.163416  -0.173365 )	   12.416101
1471	(   0.142086  -0.068387  -0.153733  -0.163209  -0.163314  -0.163295  -0.16341   -0.163332  -0.16339   -0.163288  -0.163328  -0.163313  -0.163416  -0.173365 )	   12.416101
1472	(   0.142086  -0.068387  -0.153732  -0.163209  -0.163314  -0.163295  -0.163409  -0.163332  -0.16339   -0.163288  -0.163328  -0.163313  -0.163415  -0.173365 )	   12.416101
1473	(   0.142086  -0.068387  -0.153732  -0.163209  -0.163314  -0.163295  -0.163409  -0.163332  -0.16339   -0.163288  -0.163328  -0.163313  -0.163415  -0.173365 )	   12.416101
1474	(   0.142086  -0.068387  -0.153733  -0.163209  -0.163314  -0.163295  -0.163409  -0.163332  -0.16339   -0.163288  -0.163328  -0.163313  -0.163415  -0.173365 )	   12.416101
1475	(   0.142086  -0.068387  -0.153733  -0.163209  -0.163314  -0.163295  -0.163409  -0.163332  -0.16339   -0.163288  -0.163328  -0.163313  -0.163415  -0.173365 )	   12.416101
1476	(   0.142086  -0.068387  -0.153732  -0.163209  -0.163314  -0.163295  -0.163409  -0.163332  -0.16339   -0.163288  -0.163328  -0.163313  -0.163415  -0.173365 )	   12.416101
1477	(   0.142086  -0.068387  -0.153732  -0.163209  -0.163314  -0.163295  -0.16341   -0.163332  -0.16339   -0.163288  -0.163328  -0.163313  -0.163416  -0.173365 )	   12.416101
1478	(   0.142086  -0.068387  -0.153733  -0.163209  -0.163314  -0.163295  -0.163409  -0.163332  -0.16339   -0.163288  -0.163328  -0.163313  -0.163415  -0.173365 )	   12.416101
1479	(   0.142086  -0.068387  -0.153733  -0.163209  -0.163314  -0.163295  -0.163409  -0.163332  -0.16339   -0.163288  -0.163328  -0.163313  -0.163415  -0.173365 )	   12.416101
1480	(   0.142086  -0.068387  -0.153732  -0.163209  -0.163314  -0.163295  -0.163409  -0.163332  -0.16339   -0.163288  -0.163328  -0.163313  -0.163416  -0.173365 )	   12.416101
1481	(   0.142086  -0.068387  -0.153733  -0.163209  -0.163314  -0.163295  -0.163409  -0.163332  -0.16339   -0.163288  -0.163328  -0.163313  -0.163415  -0.173365 )	   12.416101
1482	(   0.142086  -0.068387  -0.153733  -0.163209  -0.163314  -0.163295  -0.163409  -0.163332  -0.16339   -0.163288  -0.163328  -0.163313  -0.163415  -0.173365 )	   12.416101
1483	(   0.142086  -0.068387  -0.153733  -0.163209  -0.163314  -0.163295  -0.163409  -0.163332  -0.16339   -0.163288  -0.163328  -0.163313  -0.163415  -0.173365 )	   12.416101

BBE ( SOL ) OBJ
1484	(   0.142086  -0.068387  -0.153732  -0.163209  -0.163314  -0.163295  -0.16341   -0.163332  -0.16339   -0.163288  -0.163328  -0.163313  -0.163416  -0.173365 )	   12.416101
1485	(   0.142086  -0.068387  -0.153733  -0.163209  -0.163314  -0.163295  -0.163409  -0.163332  -0.16339   -0.163288  -0.163328  -0.163313  -0.163415  -0.173365 )	   12.416101
1486	(   0.142086  -0.068387  -0.153732  -0.163209  -0.163314  -0.163295  -0.16341   -0.163332  -0.16339   -0.163288  -0.163328  -0.163313  -0.163415  -0.173365 )	   12.416101
1487	(   0.142086  -0.068387  -0.153733  -0.163209  -0.163314  -0.163295  -0.163409  -0.163332  -0.16339   -0.163288  -0.163328  -0.163313  -0.163415  -0.173365 )	   12.416101
1488	(   0.142086  -0.068387  -0.153733  -0.163209  -0.163314  -0.163295  -0.16341   -0.163332  -0.16339   -0.163288  -0.163328  -0.163313  -0.163416  -0.173365 )	   12.416101
1489	(   0.142086  -0.068387  -0.153732  -0.163209  -0.163314  -0.163295  -0.163409  -0.163332  -0.16339   -0.163288  -0.163328  -0.163313  -0.163415  -0.173365 )	   12.416101
1490	(   0.142086  -0.068387  -0.153732  -0.163209  -0.163314  -0.163295  -0.163409  -0.163332  -0.16339   -0.163288  -0.163328  -0.163313  -0.163415  -0.173365 )	   12.416101
1491	(   0.142086  -0.068387  -0.153732  -0.163209  -0.163314  -0.163295  -0.163409  -0.163332  -0.16339   -0.163288  -0.163328  -0.163313  -0.163416  -0.173365 )	   12.416101
1492	(   0.142086  -0.068387  -0.153732  -0.163209  -0.163314  -0.163295  -0.163409  -0.163332  -0.16339   -0.163288  -0.163328  -0.163313  -0.163416  -0.173365 )	   12.416101
1493	(   0.142086  -0.068387  -0.153732  -0.163209  -0.163314  -0.163295  -0.16341   -0.163332  -0.16339   -0.163288  -0.163328  -0.163313  -0.163415  -0.173365 )	   12.416101
1494	(   0.142086  -0.068387  -0.153732  -0.163209  -0.163314  -0.163295  -0.163409  -0.163332  -0.16339   -0.163288  -0.163328  -0.163313  -0.163416  -0.173365 )	   12.416101
1495	(   0.142086  -0.068387  -0.153733  -0.163209  -0.163314  -0.163295  -0.16341   -0.163332  -0.16339   -0.163288  -0.163328  -0.163313  -0.163415  -0.173365 )	   12.416101
1496	(   0.142086  -0.068387  -0.153732  -0.163209  -0.163314  -0.163295  -0.163409  -0.163332  -0.16339   -0.163288  -0.163328  -0.163313  -0.163416  -0.173365 )	   12.416101
1497	(   0.142086  -0.068387  -0.153733  -0.163209  -0.163314  -0.163295  -0.163409  -0.163332  -0.16339   -0.163288  -0.163328  -0.163313  -0.163415  -0.173365 )	   12.416101
1498	(   0.142086  -0.068387  -0.153732  -0.163209  -0.163314  -0.163295  -0.163409  -0.163332  -0.16339   -0.163288  -0.163328  -0.163313  -0.163416  -0.173365 )	   12.416101
1499	(   0.142086  -0.068387  -0.153732  -0.163209  -0.163314  -0.163295  -0.163409  -0.163332  -0.16339   -0.163288  -0.163328  -0.163313  -0.163416  -0.173365 )	   12.416101
1500	(   0.142086  -0.068387  -0.153732  -0.163209  -0.163314  -0.163295  -0.163409  -0.163332  -0.16339   -0.163288  -0.163328  -0.163313  -0.163416  -0.173365 )	   12.416101
1501	(   0.142086  -0.068387  -0.153732  -0.163209  -0.163314  -0.163295  -0.163409  -0.163332  -0.16339   -0.163288  -0.163328  -0.163313  -0.163416  -0.173365 )	   12.416101
1502	(   0.142086  -0.068387  -0.153732  -0.163209  -0.163314  -0.163295  -0.163409  -0.163332  -0.16339   -0.163288  -0.163328  -0.163313  -0.163416  -0.173365 )	   12.416101
1503	(   0.142086  -0.068387  -0.153732  -0.163209  -0.163314  -0.163295  -0.163409  -0.163332  -0.16339   -0.163288  -0.163328  -0.163313  -0.163415  -0.173365 )	   12.416101
1504	(   0.142086  -0.068387  -0.153732  -0.163209  -0.163314  -0.163295  -0.163409  -0.163332  -0.16339   -0.163288  -0.163328  -0.163313  -0.163416  -0.173365 )	   12.416101
1505	(   0.142086  -0.068387  -0.153733  -0.163209  -0.163314  -0.163295  -0.16341   -0.163332  -0.16339   -0.163288  -0.163328  -0.163313  -0.163416  -0.173365 )	   12.416101
1506	(   0.142086  -0.068387  -0.153732  -0.163209  -0.163314  -0.163295  -0.163409  -0.163332  -0.16339   -0.163288  -0.163328  -0.163313  -0.163415  -0.173365 )	   12.416101
1507	(   0.142086  -0.068387  -0.153732  -0.163209  -0.163314  -0.163295  -0.163409  -0.163332  -0.16339   -0.163288  -0.163328  -0.163313  -0.163415  -0.173365 )	   12.416101
1508	(   0.142086  -0.068387  -0.153732  -0.163209  -0.163314  -0.163295  -0.16341   -0.163332  -0.16339   -0.163288  -0.163328  -0.163313  -0.163416  -0.173365 )	   12.416101
1509	(   0.142086  -0.068387  -0.153733  -0.163209  -0.163314  -0.163295  -0.163409  -0.163332  -0.16339   -0.163288  -0.163328  -0.163313  -0.163415  -0.173365 )	   12.416101
1510	(   0.142086  -0.068387  -0.153732  -0.163209  -0.163314  -0.163295  -0.163409  -0.163332  -0.16339   -0.163288  -0.163328  -0.163313  -0.163415  -0.173365 )	   12.416101
1511	(   0.142086  -0.068387  -0.153733  -0.163209  -0.163314  -0.163295  -0.163409  -0.163332  -0.16339   -0.163288  -0.163328  -0.163313  -0.163415  -0.173365 )	   12.416101
1512	(   0.142086  -0.068387  -0.153733  -0.163209  -0.163314  -0.163295  -0.163409  -0.163332  -0.16339   -0.163288  -0.163328  -0.163313  -0.163415  -0.173365 )	   12.416101
1513	(   0.142086  -0.068387  -0.153733  -0.163209  -0.163314  -0.163295  -0.163409  -0.163332  -0.16339   -0.163288  -0.163328  -0.163313  -0.163415  -0.173365 )	   12.416101
1514	(   0.142086  -0.068387  -0.153732  -0.163209  -0.163314  -0.163295  -0.163409  -0.163332  -0.16339   -0.163288  -0.163328  -0.163313  -0.163416  -0.173365 )	   12.416101
1515	(   0.142086  -0.068387  -0.153733  -0.163209  -0.163314  -0.163295  -0.163409  -0.163332  -0.16339   -0.163288  -0.163328  -0.163313  -0.163415  -0.173365 )	   12.416101
1516	(   0.142086  -0.068387  -0.153733  -0.163209  -0.163314  -0.163295  -0.163409  -0.163332  -0.16339   -0.163288  -0.163328  -0.163313  -0.163415  -0.173365 )	   12.416101
1517	(   0.142086  -0.068387  -0.153733  -0.163209  -0.163314  -0.163295  -0.163409  -0.163332  -0.16339   -0.163288  -0.163328  -0.163313  -0.163415  -0.173365 )	   12.416101
1518	(   0.142086  -0.068387  -0.153732  -0.163209  -0.163314  -0.163295  -0.16341   -0.163332  -0.16339   -0.163288  -0.163328  -0.163313  -0.163416  -0.173365 )	   12.416101
1519	(   0.142086  -0.068387  -0.153732  -0.163209  -0.163314  -0.163295  -0.16341   -0.163332  -0.16339   -0.163288  -0.163328  -0.163313  -0.163416  -0.173365 )	   12.416101
1520	(   0.142086  -0.068387  -0.153732  -0.163209  -0.163314  -0.163295  -0.16341   -0.163332  -0.16339   -0.163288  -0.163328  -0.163313  -0.163415  -0.173365 )	   12.416101
1521	(   0.142086  -0.068387  -0.153732  -0.163209  -0.163314  -0.163295  -0.16341   -0.163332  -0.16339   -0.163288  -0.163328  -0.163313  -0.163416  -0.173365 )	   12.416101
1522	(   0.142086  -0.068387  -0.153733  -0.163209  -0.163314  -0.163295  -0.16341   -0.163332  -0.16339   -0.163288  -0.163328  -0.163313  -0.163416  -0.173365 )	   12.416101
1523	(   0.142086  -0.068387  -0.153732  -0.163209  -0.163314  -0.163295  -0.163409  -0.163332  -0.16339   -0.163288  -0.163328  -0.163313  -0.163415  -0.173365 )	   12.416101

BBE ( SOL ) OBJ
1524	(   0.142086  -0.068387  -0.153732  -0.163209  -0.163314  -0.163295  -0.163409  -0.163332  -0.16339   -0.163288  -0.163328  -0.163313  -0.163415  -0.173365 )	   12.416101
1525	(   0.142086  -0.068387  -0.153732  -0.163209  -0.163314  -0.163295  -0.16341   -0.163332  -0.16339   -0.163288  -0.163328  -0.163313  -0.163415  -0.173365 )	   12.416101
1526	(   0.142086  -0.068387  -0.153733  -0.163209  -0.163314  -0.163295  -0.163409  -0.163332  -0.16339   -0.163288  -0.163328  -0.163313  -0.163416  -0.173365 )	   12.416101
1527	(   0.142086  -0.068387  -0.153732  -0.163209  -0.163314  -0.163295  -0.163409  -0.163332  -0.16339   -0.163288  -0.163328  -0.163313  -0.163416  -0.173365 )	   12.416101
1528	(   0.142086  -0.068387  -0.153732  -0.163209  -0.163314  -0.163295  -0.16341   -0.163332  -0.16339   -0.163288  -0.163328  -0.163313  -0.163415  -0.173365 )	   12.416101
1529	(   0.142086  -0.068387  -0.153733  -0.163209  -0.163314  -0.163295  -0.163409  -0.163332  -0.16339   -0.163288  -0.163328  -0.163313  -0.163416  -0.173365 )	   12.416101
1530	(   0.142086  -0.068387  -0.153732  -0.163209  -0.163314  -0.163295  -0.16341   -0.163332  -0.16339   -0.163288  -0.163328  -0.163313  -0.163415  -0.173365 )	   12.416101
1531	(   0.142086  -0.068387  -0.153732  -0.163209  -0.163314  -0.163295  -0.163409  -0.163332  -0.16339   -0.163288  -0.163328  -0.163313  -0.163415  -0.173365 )	   12.416101
1532	(   0.142086  -0.068387  -0.153733  -0.163209  -0.163314  -0.163295  -0.163409  -0.163332  -0.16339   -0.163288  -0.163328  -0.163313  -0.163416  -0.173365 )	   12.416101
1533	(   0.142086  -0.068387  -0.153732  -0.163209  -0.163314  -0.163295  -0.16341   -0.163332  -0.16339   -0.163288  -0.163328  -0.163313  -0.163415  -0.173365 )	   12.416101
1534	(   0.142086  -0.068387  -0.153733  -0.163209  -0.163314  -0.163295  -0.163409  -0.163332  -0.16339   -0.163288  -0.163328  -0.163313  -0.163416  -0.173365 )	   12.416101
1535	(   0.142086  -0.068387  -0.153732  -0.163209  -0.163314  -0.163295  -0.16341   -0.163332  -0.16339   -0.163288  -0.163328  -0.163313  -0.163415  -0.173365 )	   12.416101
1536	(   0.142086  -0.068387  -0.153732  -0.163209  -0.163314  -0.163295  -0.16341   -0.163332  -0.16339   -0.163288  -0.163328  -0.163313  -0.163415  -0.173365 )	   12.416101
1537	(   0.142086  -0.068387  -0.153733  -0.163209  -0.163314  -0.163295  -0.163409  -0.163332  -0.16339   -0.163288  -0.163328  -0.163313  -0.163415  -0.173365 )	   12.416101
1538	(   0.142086  -0.068387  -0.153733  -0.163209  -0.163314  -0.163295  -0.163409  -0.163332  -0.16339   -0.163288  -0.163328  -0.163313  -0.163416  -0.173365 )	   12.416101
1539	(   0.142086  -0.068387  -0.153733  -0.163209  -0.163314  -0.163295  -0.163409  -0.163332  -0.16339   -0.163288  -0.163328  -0.163313  -0.163416  -0.173365 )	   12.416101
1540	(   0.142086  -0.068387  -0.153733  -0.163209  -0.163314  -0.163295  -0.163409  -0.163332  -0.16339   -0.163288  -0.163328  -0.163313  -0.163415  -0.173365 )	   12.416101
1541	(   0.142086  -0.068387  -0.153733  -0.163209  -0.163314  -0.163295  -0.163409  -0.163332  -0.16339   -0.163288  -0.163328  -0.163313  -0.163415  -0.173365 )	   12.416101
1542	(   0.142086  -0.068387  -0.153733  -0.163209  -0.163314  -0.163295  -0.16341   -0.163332  -0.16339   -0.163288  -0.163328  -0.163313  -0.163416  -0.173365 )	   12.416101
1543	(   0.142086  -0.068387  -0.153732  -0.163209  -0.163314  -0.163295  -0.163409  -0.163332  -0.16339   -0.163288  -0.163328  -0.163313  -0.163415  -0.173365 )	   12.416101
1544	(   0.142086  -0.068387  -0.153732  -0.163209  -0.163314  -0.163295  -0.16341   -0.163332  -0.16339   -0.163288  -0.163328  -0.163313  -0.163416  -0.173365 )	   12.416101
1545	(   0.142086  -0.068387  -0.153732  -0.163209  -0.163314  -0.163295  -0.163409  -0.163332  -0.16339   -0.163288  -0.163328  -0.163313  -0.163415  -0.173365 )	   12.416101
1546	(   0.142086  -0.068387  -0.153733  -0.163209  -0.163314  -0.163295  -0.16341   -0.163332  -0.16339   -0.163288  -0.163328  -0.163313  -0.163416  -0.173365 )	   12.416101
1547	(   0.142086  -0.068387  -0.153732  -0.163209  -0.163314  -0.163295  -0.163409  -0.163332  -0.16339   -0.163288  -0.163328  -0.163313  -0.163415  -0.173365 )	   12.416101
1548	(   0.142086  -0.068387  -0.153733  -0.163209  -0.163314  -0.163295  -0.163409  -0.163332  -0.16339   -0.163288  -0.163328  -0.163313  -0.163416  -0.173365 )	   12.416101
1549	(   0.142086  -0.068387  -0.153732  -0.163209  -0.163314  -0.163295  -0.163409  -0.163332  -0.16339   -0.163288  -0.163328  -0.163313  -0.163415  -0.173365 )	   12.416101
1550	(   0.142086  -0.068387  -0.153733  -0.163209  -0.163314  -0.163295  -0.16341   -0.163332  -0.16339   -0.163288  -0.163328  -0.163313  -0.163416  -0.173365 )	   12.416101
1551	(   0.142086  -0.068387  -0.153732  -0.163209  -0.163314  -0.163295  -0.163409  -0.163332  -0.16339   -0.163288  -0.163328  -0.163313  -0.163415  -0.173365 )	   12.416101
1552	(   0.142086  -0.068387  -0.153732  -0.163209  -0.163314  -0.163295  -0.163409  -0.163332  -0.16339   -0.163288  -0.163328  -0.163313  -0.163415  -0.173365 )	   12.416101
1553	(   0.142086  -0.068387  -0.153733  -0.163209  -0.163314  -0.163295  -0.16341   -0.163332  -0.16339   -0.163288  -0.163328  -0.163313  -0.163416  -0.173365 )	   12.416101
1554	(   0.142086  -0.068387  -0.153733  -0.163209  -0.163314  -0.163295  -0.16341   -0.163332  -0.16339   -0.163288  -0.163328  -0.163313  -0.163415  -0.173365 )	   12.416101
1555	(   0.142086  -0.068387  -0.153732  -0.163209  -0.163314  -0.163295  -0.163409  -0.163332  -0.16339   -0.163288  -0.163328  -0.163313  -0.163415  -0.173365 )	   12.416101
1556	(   0.142086  -0.068387  -0.153733  -0.163209  -0.163314  -0.163295  -0.16341   -0.163332  -0.16339   -0.163288  -0.163328  -0.163313  -0.163416  -0.173365 )	   12.416101
1557	(   0.142086  -0.068387  -0.153732  -0.163209  -0.163314  -0.163295  -0.16341   -0.163332  -0.16339   -0.163288  -0.163328  -0.163313  -0.163415  -0.173365 )	   12.416101
1558	(   0.142086  -0.068387  -0.153732  -0.163209  -0.163314  -0.163295  -0.16341   -0.163332  -0.16339   -0.163288  -0.163328  -0.163313  -0.163415  -0.173365 )	   12.416101
1559	(   0.142086  -0.068387  -0.153732  -0.163209  -0.163314  -0.163295  -0.163409  -0.163332  -0.16339   -0.163288  -0.163328  -0.163313  -0.163416  -0.173365 )	   12.416101
1560	(   0.142086  -0.068387  -0.153732  -0.163209  -0.163314  -0.163295  -0.163409  -0.163332  -0.16339   -0.163288  -0.163328  -0.163313  -0.163416  -0.173365 )	   12.416101
1561	(   0.142086  -0.068387  -0.153732  -0.163209  -0.163314  -0.163295  -0.16341   -0.163332  -0.16339   -0.163288  -0.163328  -0.163313  -0.163415  -0.173365 )	   12.416101
1562	(   0.142086  -0.068387  -0.153732  -0.163209  -0.163314  -0.163295  -0.163409  -0.163332  -0.16339   -0.163288  -0.163328  -0.163313  -0.163416  -0.173365 )	   12.416101
1563	(   0.142086  -0.068387  -0.153733  -0.163209  -0.163314  -0.163295  -0.16341   -0.163332  -0.16339   -0.163288  -0.163328  -0.163313  -0.163415  -0.173365 )	   12.416101

BBE ( SOL ) OBJ
1564	(   0.142086  -0.068387  -0.153732  -0.163209  -0.163314  -0.163295  -0.163409  -0.163332  -0.16339   -0.163288  -0.163328  -0.163313  -0.163416  -0.173365 )	   12.416101
1565	(   0.142086  -0.068387  -0.153733  -0.163209  -0.163314  -0.163295  -0.163409  -0.163332  -0.16339   -0.163288  -0.163328  -0.163313  -0.163415  -0.173365 )	   12.416101
1566	(   0.142086  -0.068387  -0.153732  -0.163209  -0.163314  -0.163295  -0.163409  -0.163332  -0.16339   -0.163288  -0.163328  -0.163313  -0.163416  -0.173365 )	   12.416101
1567	(   0.142086  -0.068387  -0.153733  -0.163209  -0.163314  -0.163295  -0.16341   -0.163332  -0.16339   -0.163288  -0.163328  -0.163313  -0.163415  -0.173365 )	   12.416101
1568	(   0.142086  -0.068387  -0.153732  -0.163209  -0.163314  -0.163295  -0.163409  -0.163332  -0.16339   -0.163288  -0.163328  -0.163313  -0.163416  -0.173365 )	   12.416101
1569	(   0.142086  -0.068387  -0.153732  -0.163209  -0.163314  -0.163295  -0.163409  -0.163332  -0.16339   -0.163288  -0.163328  -0.163313  -0.163416  -0.173365 )	   12.416101
1570	(   0.142086  -0.068387  -0.153733  -0.163209  -0.163314  -0.163295  -0.16341   -0.163332  -0.16339   -0.163288  -0.163328  -0.163313  -0.163415  -0.173365 )	   12.416101
1571	(   0.142086  -0.068387  -0.153732  -0.163209  -0.163314  -0.163295  -0.163409  -0.163332  -0.16339   -0.163288  -0.163328  -0.163313  -0.163415  -0.173365 )	   12.416101
1572	(   0.142086  -0.068387  -0.153732  -0.163209  -0.163314  -0.163295  -0.163409  -0.163332  -0.16339   -0.163288  -0.163328  -0.163313  -0.163416  -0.173365 )	   12.416101
1573	(   0.142086  -0.068387  -0.153733  -0.163209  -0.163314  -0.163295  -0.16341   -0.163332  -0.16339   -0.163288  -0.163328  -0.163313  -0.163415  -0.173365 )	   12.416101
1574	(   0.142086  -0.068387  -0.153732  -0.163209  -0.163314  -0.163295  -0.163409  -0.163332  -0.16339   -0.163288  -0.163328  -0.163313  -0.163415  -0.173365 )	   12.416101
1575	(   0.142086  -0.068387  -0.153732  -0.163209  -0.163314  -0.163295  -0.163409  -0.163332  -0.16339   -0.163288  -0.163328  -0.163313  -0.163415  -0.173365 )	   12.416101
1576	(   0.142086  -0.068387  -0.153732  -0.163209  -0.163314  -0.163295  -0.16341   -0.163332  -0.16339   -0.163288  -0.163328  -0.163313  -0.163415  -0.173365 )	   12.416101
1577	(   0.142086  -0.068387  -0.153733  -0.163209  -0.163314  -0.163295  -0.163409  -0.163332  -0.16339   -0.163288  -0.163328  -0.163313  -0.163416  -0.173365 )	   12.416101
1578	(   0.142086  -0.068387  -0.153732  -0.163209  -0.163314  -0.163295  -0.163409  -0.163332  -0.16339   -0.163288  -0.163328  -0.163313  -0.163416  -0.173365 )	   12.416101
1579	(   0.142086  -0.068387  -0.153733  -0.163209  -0.163314  -0.163295  -0.163409  -0.163332  -0.16339   -0.163288  -0.163328  -0.163313  -0.163416  -0.173365 )	   12.416101
1580	(   0.142086  -0.068387  -0.153733  -0.163209  -0.163314  -0.163295  -0.163409  -0.163332  -0.16339   -0.163288  -0.163328  -0.163313  -0.163416  -0.173365 )	   12.416101
1581	(   0.142086  -0.068387  -0.153733  -0.163209  -0.163314  -0.163295  -0.163409  -0.163332  -0.16339   -0.163288  -0.163328  -0.163313  -0.163416  -0.173365 )	   12.416101
1582	(   0.142086  -0.068387  -0.153732  -0.163209  -0.163314  -0.163295  -0.163409  -0.163332  -0.16339   -0.163288  -0.163328  -0.163313  -0.163415  -0.173365 )	   12.416101
1583	(   0.142086  -0.068387  -0.153732  -0.163209  -0.163314  -0.163295  -0.16341   -0.163332  -0.16339   -0.163288  -0.163328  -0.163313  -0.163415  -0.173365 )	   12.416101
1584	(   0.142086  -0.068387  -0.153733  -0.163209  -0.163314  -0.163295  -0.163409  -0.163332  -0.16339   -0.163288  -0.163328  -0.163313  -0.163416  -0.173365 )	   12.416101
1585	(   0.142086  -0.068387  -0.153732  -0.163209  -0.163314  -0.163295  -0.16341   -0.163332  -0.16339   -0.163288  -0.163328  -0.163313  -0.163415  -0.173365 )	   12.416101
1586	(   0.142086  -0.068387  -0.153733  -0.163209  -0.163314  -0.163295  -0.163409  -0.163332  -0.16339   -0.163288  -0.163328  -0.163313  -0.163416  -0.173365 )	   12.416101
1587	(   0.142086  -0.068387  -0.153732  -0.163209  -0.163314  -0.163295  -0.16341   -0.163332  -0.16339   -0.163288  -0.163328  -0.163313  -0.163415  -0.173365 )	   12.416101
1588	(   0.142086  -0.068387  -0.153733  -0.163209  -0.163314  -0.163295  -0.163409  -0.163332  -0.16339   -0.163288  -0.163328  -0.163313  -0.163415  -0.173365 )	   12.416101
1589	(   0.142086  -0.068387  -0.153732  -0.163209  -0.163314  -0.163295  -0.16341   -0.163332  -0.16339   -0.163288  -0.163328  -0.163313  -0.163415  -0.173365 )	   12.416101
1590	(   0.142086  -0.068387  -0.153733  -0.163209  -0.163314  -0.163295  -0.16341   -0.163332  -0.16339   -0.163288  -0.163328  -0.163313  -0.163415  -0.173365 )	   12.416101
1591	(   0.142086  -0.068387  -0.153732  -0.163209  -0.163314  -0.163295  -0.163409  -0.163332  -0.16339   -0.163288  -0.163328  -0.163313  -0.163415  -0.173365 )	   12.416101
1592	(   0.142086  -0.068387  -0.153732  -0.163209  -0.163314  -0.163295  -0.163409  -0.163332  -0.16339   -0.163288  -0.163328  -0.163313  -0.163415  -0.173365 )	   12.416101
1593	(   0.142086  -0.068387  -0.153733  -0.163209  -0.163314  -0.163295  -0.16341   -0.163332  -0.16339   -0.163288  -0.163328  -0.163313  -0.163415  -0.173365 )	   12.416101
1594	(   0.142086  -0.068387  -0.153732  -0.163209  -0.163314  -0.163295  -0.163409  -0.163332  -0.16339   -0.163288  -0.163328  -0.163313  -0.163416  -0.173365 )	   12.416101
1595	(   0.142086  -0.068387  -0.153732  -0.163209  -0.163314  -0.163295  -0.16341   -0.163332  -0.16339   -0.163288  -0.163328  -0.163313  -0.163415  -0.173365 )	   12.416101
1596	(   0.142086  -0.068387  -0.153733  -0.163209  -0.163314  -0.163295  -0.16341   -0.163332  -0.16339   -0.163288  -0.163328  -0.163313  -0.163415  -0.173365 )	   12.416101
1597	(   0.142086  -0.068387  -0.153733  -0.163209  -0.163314  -0.163295  -0.16341   -0.163332  -0.16339   -0.163288  -0.163328  -0.163313  -0.163415  -0.173365 )	   12.416101
1598	(   0.142086  -0.068387  -0.153732  -0.163209  -0.163314  -0.163295  -0.163409  -0.163332  -0.16339   -0.163288  -0.163328  -0.163313  -0.163416  -0.173365 )	   12.416101
1599	(   0.142086  -0.068387  -0.153733  -0.163209  -0.163314  -0.163295  -0.163409  -0.163332  -0.16339   -0.163288  -0.163328  -0.163313  -0.163415  -0.173365 )	   12.416101
1600	(   0.142086  -0.068387  -0.153733  -0.163209  -0.163314  -0.163295  -0.16341   -0.163332  -0.16339   -0.163288  -0.163328  -0.163313  -0.163415  -0.173365 )	   12.416101
1601	(   0.142086  -0.068387  -0.153732  -0.163209  -0.163314  -0.163295  -0.163409  -0.163332  -0.16339   -0.163288  -0.163328  -0.163313  -0.163416  -0.173365 )	   12.416101
1602	(   0.142086  -0.068387  -0.153733  -0.163209  -0.163314  -0.163295  -0.16341   -0.163332  -0.16339   -0.163288  -0.163328  -0.163313  -0.163415  -0.173365 )	   12.416101
1603	(   0.142086  -0.068387  -0.153733  -0.163209  -0.163314  -0.163295  -0.16341   -0.163332  -0.16339   -0.163288  -0.163328  -0.163313  -0.163415  -0.173365 )	   12.416101

BBE ( SOL ) OBJ
1604	(   0.142086  -0.068387  -0.153732  -0.163209  -0.163314  -0.163295  -0.163409  -0.163332  -0.16339   -0.163288  -0.163328  -0.163313  -0.163416  -0.173365 )	   12.416101
1605	(   0.142086  -0.068387  -0.153732  -0.163209  -0.163314  -0.163295  -0.163409  -0.163332  -0.16339   -0.163288  -0.163328  -0.163313  -0.163415  -0.173365 )	   12.416101
1606	(   0.142086  -0.068387  -0.153732  -0.163209  -0.163314  -0.163295  -0.163409  -0.163332  -0.16339   -0.163288  -0.163328  -0.163313  -0.163416  -0.173365 )	   12.416101
1607	(   0.142086  -0.068387  -0.153733  -0.163209  -0.163314  -0.163295  -0.16341   -0.163332  -0.16339   -0.163288  -0.163328  -0.163313  -0.163416  -0.173365 )	   12.416101
1608	(   0.142086  -0.068387  -0.153733  -0.163209  -0.163314  -0.163295  -0.163409  -0.163332  -0.16339   -0.163288  -0.163328  -0.163313  -0.163415  -0.173365 )	   12.416101
1609	(   0.142086  -0.068387  -0.153733  -0.163209  -0.163314  -0.163295  -0.163409  -0.163332  -0.16339   -0.163288  -0.163328  -0.163313  -0.163415  -0.173365 )	   12.416101
1610	(   0.142086  -0.068387  -0.153733  -0.163209  -0.163314  -0.163295  -0.163409  -0.163332  -0.16339   -0.163288  -0.163328  -0.163313  -0.163416  -0.173365 )	   12.416101
1611	(   0.142086  -0.068387  -0.153733  -0.163209  -0.163314  -0.163295  -0.163409  -0.163332  -0.16339   -0.163288  -0.163328  -0.163313  -0.163416  -0.173365 )	   12.416101
1612	(   0.142086  -0.068387  -0.153732  -0.163209  -0.163314  -0.163295  -0.163409  -0.163332  -0.16339   -0.163288  -0.163328  -0.163313  -0.163416  -0.173365 )	   12.416101
1613	(   0.142086  -0.068387  -0.153733  -0.163209  -0.163314  -0.163295  -0.163409  -0.163332  -0.16339   -0.163288  -0.163328  -0.163313  -0.163416  -0.173365 )	   12.416101
1614	(   0.142086  -0.068387  -0.153732  -0.163209  -0.163314  -0.163295  -0.16341   -0.163332  -0.16339   -0.163288  -0.163328  -0.163313  -0.163415  -0.173365 )	   12.416101
1615	(   0.142086  -0.068387  -0.153733  -0.163209  -0.163314  -0.163295  -0.163409  -0.163332  -0.16339   -0.163288  -0.163328  -0.163313  -0.163416  -0.173365 )	   12.416101
1616	(   0.142086  -0.068387  -0.153732  -0.163209  -0.163314  -0.163295  -0.163409  -0.163332  -0.16339   -0.163288  -0.163328  -0.163313  -0.163415  -0.173365 )	   12.416101
1617	(   0.142086  -0.068387  -0.153732  -0.163209  -0.163314  -0.163295  -0.16341   -0.163332  -0.16339   -0.163288  -0.163328  -0.163313  -0.163415  -0.173365 )	   12.416101
1618	(   0.142086  -0.068387  -0.153732  -0.163209  -0.163314  -0.163295  -0.16341   -0.163332  -0.16339   -0.163288  -0.163328  -0.163313  -0.163415  -0.173365 )	   12.416101
1619	(   0.142086  -0.068387  -0.153732  -0.163209  -0.163314  -0.163295  -0.16341   -0.163332  -0.16339   -0.163288  -0.163328  -0.163313  -0.163415  -0.173365 )	   12.416101
1620	(   0.142086  -0.068387  -0.153732  -0.163209  -0.163314  -0.163295  -0.16341   -0.163332  -0.16339   -0.163288  -0.163328  -0.163313  -0.163415  -0.173365 )	   12.416101
1621	(   0.142086  -0.068387  -0.153732  -0.163209  -0.163314  -0.163295  -0.16341   -0.163332  -0.16339   -0.163288  -0.163328  -0.163313  -0.163415  -0.173365 )	   12.416101
1622	(   0.142086  -0.068387  -0.153733  -0.163209  -0.163314  -0.163295  -0.163409  -0.163332  -0.16339   -0.163288  -0.163328  -0.163313  -0.163415  -0.173365 )	   12.416101
1623	(   0.142086  -0.068387  -0.153732  -0.163209  -0.163314  -0.163295  -0.16341   -0.163332  -0.16339   -0.163288  -0.163328  -0.163313  -0.163415  -0.173365 )	   12.416101
1624	(   0.142086  -0.068387  -0.153733  -0.163209  -0.163314  -0.163295  -0.16341   -0.163332  -0.16339   -0.163288  -0.163328  -0.163313  -0.163416  -0.173365 )	   12.416101
1625	(   0.142086  -0.068387  -0.153732  -0.163209  -0.163314  -0.163295  -0.163409  -0.163332  -0.16339   -0.163288  -0.163328  -0.163313  -0.163415  -0.173365 )	   12.416101
1626	(   0.142086  -0.068387  -0.153732  -0.163209  -0.163314  -0.163295  -0.163409  -0.163332  -0.16339   -0.163288  -0.163328  -0.163313  -0.163415  -0.173365 )	   12.416101
1627	(   0.142086  -0.068387  -0.153732  -0.163209  -0.163314  -0.163295  -0.16341   -0.163332  -0.16339   -0.163288  -0.163328  -0.163313  -0.163415  -0.173365 )	   12.416101
1628	(   0.142086  -0.068387  -0.153732  -0.163209  -0.163314  -0.163295  -0.16341   -0.163332  -0.16339   -0.163288  -0.163328  -0.163313  -0.163415  -0.173365 )	   12.416101
1629	(   0.142086  -0.068387  -0.153732  -0.163209  -0.163314  -0.163295  -0.163409  -0.163332  -0.16339   -0.163288  -0.163328  -0.163313  -0.163416  -0.173365 )	   12.416101
1630	(   0.142086  -0.068387  -0.153732  -0.163209  -0.163314  -0.163295  -0.16341   -0.163332  -0.16339   -0.163288  -0.163328  -0.163313  -0.163415  -0.173365 )	   12.416101
1631	(   0.142086  -0.068387  -0.153733  -0.163209  -0.163314  -0.163295  -0.163409  -0.163332  -0.16339   -0.163288  -0.163328  -0.163313  -0.163416  -0.173365 )	   12.416101
1632	(   0.142086  -0.068387  -0.153733  -0.163209  -0.163314  -0.163295  -0.163409  -0.163332  -0.16339   -0.163288  -0.163328  -0.163313  -0.163416  -0.173365 )	   12.416101
1633	(   0.142086  -0.068387  -0.153732  -0.163209  -0.163314  -0.163295  -0.163409  -0.163332  -0.16339   -0.163288  -0.163328  -0.163313  -0.163415  -0.173365 )	   12.416101
1634	(   0.142086  -0.068387  -0.153733  -0.163209  -0.163314  -0.163295  -0.163409  -0.163332  -0.16339   -0.163288  -0.163328  -0.163313  -0.163416  -0.173365 )	   12.416101
1635	(   0.142086  -0.068387  -0.153733  -0.163209  -0.163314  -0.163295  -0.163409  -0.163332  -0.16339   -0.163288  -0.163328  -0.163313  -0.163416  -0.173365 )	   12.416101
1636	(   0.142086  -0.068387  -0.153732  -0.163209  -0.163314  -0.163295  -0.16341   -0.163332  -0.16339   -0.163288  -0.163328  -0.163313  -0.163415  -0.173365 )	   12.416101
1637	(   0.142086  -0.068387  -0.153733  -0.163209  -0.163314  -0.163295  -0.163409  -0.163332  -0.16339   -0.163288  -0.163328  -0.163313  -0.163416  -0.173365 )	   12.416101
1638	(   0.142086  -0.068387  -0.153733  -0.163209  -0.163314  -0.163295  -0.163409  -0.163332  -0.16339   -0.163288  -0.163328  -0.163313  -0.163416  -0.173365 )	   12.416101
1639	(   0.142086  -0.068387  -0.153733  -0.163209  -0.163314  -0.163295  -0.163409  -0.163332  -0.16339   -0.163288  -0.163328  -0.163313  -0.163415  -0.173365 )	   12.416101
1640	(   0.142086  -0.068387  -0.153732  -0.163209  -0.163314  -0.163295  -0.16341   -0.163332  -0.16339   -0.163288  -0.163328  -0.163313  -0.163415  -0.173365 )	   12.416101
1641	(   0.142086  -0.068387  -0.153733  -0.163209  -0.163314  -0.163295  -0.16341   -0.163332  -0.16339   -0.163288  -0.163328  -0.163313  -0.163416  -0.173365 )	   12.416101
1642	(   0.142086  -0.068387  -0.153732  -0.163209  -0.163314  -0.163295  -0.163409  -0.163332  -0.16339   -0.163288  -0.163328  -0.163313  -0.163416  -0.173365 )	   12.416101
1643	(   0.142086  -0.068387  -0.153732  -0.163209  -0.163314  -0.163295  -0.163409  -0.163332  -0.16339   -0.163288  -0.163328  -0.163313  -0.163416  -0.173365 )	   12.416101

BBE ( SOL ) OBJ
1644	(   0.142086  -0.068387  -0.153732  -0.163209  -0.163314  -0.163295  -0.16341   -0.163332  -0.16339   -0.163288  -0.163328  -0.163313  -0.163415  -0.173365 )	   12.416101
1645	(   0.142086  -0.068387  -0.153733  -0.163209  -0.163314  -0.163295  -0.163409  -0.163332  -0.16339   -0.163288  -0.163328  -0.163313  -0.163416  -0.173365 )	   12.416101
1646	(   0.142086  -0.068387  -0.153732  -0.163209  -0.163314  -0.163295  -0.163409  -0.163332  -0.16339   -0.163288  -0.163328  -0.163313  -0.163416  -0.173365 )	   12.416101
1647	(   0.142086  -0.068387  -0.153733  -0.163209  -0.163314  -0.163295  -0.163409  -0.163332  -0.16339   -0.163288  -0.163328  -0.163313  -0.163416  -0.173365 )	   12.416101
1648	(   0.142086  -0.068387  -0.153732  -0.163209  -0.163314  -0.163295  -0.16341   -0.163332  -0.16339   -0.163288  -0.163328  -0.163313  -0.163415  -0.173365 )	   12.416101
1649	(   0.142086  -0.068387  -0.153733  -0.163209  -0.163314  -0.163295  -0.163409  -0.163332  -0.16339   -0.163288  -0.163328  -0.163313  -0.163416  -0.173365 )	   12.416101
1650	(   0.142086  -0.068387  -0.153732  -0.163209  -0.163314  -0.163295  -0.163409  -0.163332  -0.16339   -0.163288  -0.163328  -0.163313  -0.163415  -0.173365 )	   12.416101
1651	(   0.142086  -0.068387  -0.153732  -0.163209  -0.163314  -0.163295  -0.16341   -0.163332  -0.16339   -0.163288  -0.163328  -0.163313  -0.163415  -0.173365 )	   12.416101
1652	(   0.142086  -0.068387  -0.153732  -0.163209  -0.163314  -0.163295  -0.16341   -0.163332  -0.16339   -0.163288  -0.163328  -0.163313  -0.163415  -0.173365 )	   12.416101
1653	(   0.142086  -0.068387  -0.153732  -0.163209  -0.163314  -0.163295  -0.16341   -0.163332  -0.16339   -0.163288  -0.163328  -0.163313  -0.163415  -0.173365 )	   12.416101
1654	(   0.142086  -0.068387  -0.153733  -0.163209  -0.163314  -0.163295  -0.163409  -0.163332  -0.16339   -0.163288  -0.163328  -0.163313  -0.163416  -0.173365 )	   12.416101
1655	(   0.142086  -0.068387  -0.153732  -0.163209  -0.163314  -0.163295  -0.16341   -0.163332  -0.16339   -0.163288  -0.163328  -0.163313  -0.163415  -0.173365 )	   12.416101
1656	(   0.142086  -0.068387  -0.153733  -0.163209  -0.163314  -0.163295  -0.163409  -0.163332  -0.16339   -0.163288  -0.163328  -0.163313  -0.163415  -0.173365 )	   12.416101
1657	(   0.142086  -0.068387  -0.153732  -0.163209  -0.163314  -0.163295  -0.16341   -0.163332  -0.16339   -0.163288  -0.163328  -0.163313  -0.163415  -0.173365 )	   12.416101
1658	(   0.142086  -0.068387  -0.153733  -0.163209  -0.163314  -0.163295  -0.16341   -0.163332  -0.16339   -0.163288  -0.163328  -0.163313  -0.163416  -0.173365 )	   12.416101
1659	(   0.142086  -0.068387  -0.153732  -0.163209  -0.163314  -0.163295  -0.163409  -0.163332  -0.16339   -0.163288  -0.163328  -0.163313  -0.163415  -0.173365 )	   12.416101
1660	(   0.142086  -0.068387  -0.153732  -0.163209  -0.163314  -0.163295  -0.163409  -0.163332  -0.16339   -0.163288  -0.163328  -0.163313  -0.163415  -0.173365 )	   12.416101
1661	(   0.142086  -0.068387  -0.153732  -0.163209  -0.163314  -0.163295  -0.16341   -0.163332  -0.16339   -0.163288  -0.163328  -0.163313  -0.163415  -0.173365 )	   12.416101
1662	(   0.142086  -0.068387  -0.153732  -0.163209  -0.163314  -0.163295  -0.163409  -0.163332  -0.16339   -0.163288  -0.163328  -0.163313  -0.163416  -0.173365 )	   12.416101
1663	(   0.142086  -0.068387  -0.153732  -0.163209  -0.163314  -0.163295  -0.16341   -0.163332  -0.16339   -0.163288  -0.163328  -0.163313  -0.163415  -0.173365 )	   12.416101
1664	(   0.142086  -0.068387  -0.153732  -0.163209  -0.163314  -0.163295  -0.16341   -0.163332  -0.16339   -0.163288  -0.163328  -0.163313  -0.163415  -0.173365 )	   12.416101
1665	(   0.142086  -0.068387  -0.153732  -0.163209  -0.163314  -0.163295  -0.16341   -0.163332  -0.16339   -0.163288  -0.163328  -0.163313  -0.163415  -0.173365 )	   12.416101
1666	(   0.142086  -0.068387  -0.153732  -0.163209  -0.163314  -0.163295  -0.16341   -0.163332  -0.16339   -0.163288  -0.163328  -0.163313  -0.163415  -0.173365 )	   12.416101
1667	(   0.142086  -0.068387  -0.153732  -0.163209  -0.163314  -0.163295  -0.163409  -0.163332  -0.16339   -0.163288  -0.163328  -0.163313  -0.163415  -0.173365 )	   12.416101
1668	(   0.142086  -0.068387  -0.153732  -0.163209  -0.163314  -0.163295  -0.163409  -0.163332  -0.16339   -0.163288  -0.163328  -0.163313  -0.163416  -0.173365 )	   12.416101
1669	(   0.142086  -0.068387  -0.153732  -0.163209  -0.163314  -0.163295  -0.16341   -0.163332  -0.16339   -0.163288  -0.163328  -0.163313  -0.163415  -0.173365 )	   12.416101
1670	(   0.142086  -0.068387  -0.153732  -0.163209  -0.163314  -0.163295  -0.16341   -0.163332  -0.16339   -0.163288  -0.163328  -0.163313  -0.163415  -0.173365 )	   12.416101
1671	(   0.142086  -0.068387  -0.153732  -0.163209  -0.163314  -0.163295  -0.16341   -0.163332  -0.16339   -0.163288  -0.163328  -0.163313  -0.163415  -0.173365 )	   12.416101
1672	(   0.142086  -0.068387  -0.153732  -0.163209  -0.163314  -0.163295  -0.16341   -0.163332  -0.16339   -0.163288  -0.163328  -0.163313  -0.163415  -0.173365 )	   12.416101
1673	(   0.142086  -0.068387  -0.153732  -0.163209  -0.163314  -0.163295  -0.163409  -0.163332  -0.16339   -0.163288  -0.163328  -0.163313  -0.163415  -0.173365 )	   12.416101
1674	(   0.142086  -0.068387  -0.153733  -0.163209  -0.163314  -0.163295  -0.163409  -0.163332  -0.16339   -0.163288  -0.163328  -0.163313  -0.163416  -0.173365 )	   12.416101
1675	(   0.142086  -0.068387  -0.153733  -0.163209  -0.163314  -0.163295  -0.163409  -0.163332  -0.16339   -0.163288  -0.163328  -0.163313  -0.163416  -0.173365 )	   12.416101
1676	(   0.142086  -0.068387  -0.153732  -0.163209  -0.163314  -0.163295  -0.163409  -0.163332  -0.16339   -0.163288  -0.163328  -0.163313  -0.163415  -0.173365 )	   12.416101
1677	(   0.142086  -0.068387  -0.153732  -0.163209  -0.163314  -0.163295  -0.163409  -0.163332  -0.16339   -0.163288  -0.163328  -0.163313  -0.163415  -0.173365 )	   12.416101
1678	(   0.142086  -0.068387  -0.153732  -0.163209  -0.163314  -0.163295  -0.16341   -0.163332  -0.16339   -0.163288  -0.163328  -0.163313  -0.163416  -0.173365 )	   12.416101
1679	(   0.142086  -0.068387  -0.153733  -0.163209  -0.163314  -0.163295  -0.16341   -0.163332  -0.16339   -0.163288  -0.163328  -0.163313  -0.163416  -0.173365 )	   12.416101
1680	(   0.142086  -0.068387  -0.153732  -0.163209  -0.163314  -0.163295  -0.16341   -0.163332  -0.16339   -0.163288  -0.163328  -0.163313  -0.163416  -0.173365 )	   12.416101
1681	(   0.142086  -0.068387  -0.153733  -0.163209  -0.163314  -0.163295  -0.16341   -0.163332  -0.16339   -0.163288  -0.163328  -0.163313  -0.163416  -0.173365 )	   12.416101
1682	(   0.142086  -0.068387  -0.153733  -0.163209  -0.163314  -0.163295  -0.16341   -0.163332  -0.16339   -0.163288  -0.163328  -0.163313  -0.163416  -0.173365 )	   12.416101
1683	(   0.142086  -0.068387  -0.153732  -0.163209  -0.163314  -0.163295  -0.163409  -0.163332  -0.16339   -0.163288  -0.163328  -0.163313  -0.163415  -0.173365 )	   12.416101

BBE ( SOL ) OBJ
1684	(   0.142086  -0.068387  -0.153733  -0.163209  -0.163314  -0.163295  -0.163409  -0.163332  -0.16339   -0.163288  -0.163328  -0.163313  -0.163416  -0.173365 )	   12.416101
1685	(   0.142086  -0.068387  -0.153733  -0.163209  -0.163314  -0.163295  -0.16341   -0.163332  -0.16339   -0.163288  -0.163328  -0.163313  -0.163416  -0.173365 )	   12.416101
1686	(   0.142086  -0.068387  -0.153733  -0.163209  -0.163314  -0.163295  -0.16341   -0.163332  -0.16339   -0.163288  -0.163328  -0.163313  -0.163416  -0.173365 )	   12.416101
1687	(   0.142086  -0.068387  -0.153733  -0.163209  -0.163314  -0.163295  -0.16341   -0.163332  -0.16339   -0.163288  -0.163328  -0.163313  -0.163416  -0.173365 )	   12.416101
1688	(   0.142086  -0.068387  -0.153732  -0.163209  -0.163314  -0.163295  -0.163409  -0.163332  -0.16339   -0.163288  -0.163328  -0.163313  -0.163415  -0.173365 )	   12.416101
1689	(   0.142086  -0.068387  -0.153733  -0.163209  -0.163314  -0.163295  -0.16341   -0.163332  -0.16339   -0.163288  -0.163328  -0.163313  -0.163416  -0.173365 )	   12.416101
1690	(   0.142086  -0.068387  -0.153733  -0.163209  -0.163314  -0.163295  -0.16341   -0.163332  -0.16339   -0.163288  -0.163328  -0.163313  -0.163415  -0.173365 )	   12.416101
1691	(   0.142086  -0.068387  -0.153732  -0.163209  -0.163314  -0.163295  -0.16341   -0.163332  -0.16339   -0.163288  -0.163328  -0.163313  -0.163415  -0.173365 )	   12.416101
1692	(   0.142086  -0.068387  -0.153733  -0.163209  -0.163314  -0.163295  -0.163409  -0.163332  -0.16339   -0.163288  -0.163328  -0.163313  -0.163416  -0.173365 )	   12.416101
1693	(   0.142086  -0.068387  -0.153732  -0.163209  -0.163314  -0.163295  -0.16341   -0.163332  -0.16339   -0.163288  -0.163328  -0.163313  -0.163415  -0.173365 )	   12.416101
1694	(   0.142086  -0.068387  -0.153732  -0.163209  -0.163314  -0.163295  -0.16341   -0.163332  -0.16339   -0.163288  -0.163328  -0.163313  -0.163415  -0.173365 )	   12.416101
1695	(   0.142086  -0.068387  -0.153733  -0.163209  -0.163314  -0.163295  -0.163409  -0.163332  -0.16339   -0.163288  -0.163328  -0.163313  -0.163416  -0.173365 )	   12.416101
1696	(   0.142086  -0.068387  -0.153732  -0.163209  -0.163314  -0.163295  -0.16341   -0.163332  -0.16339   -0.163288  -0.163328  -0.163313  -0.163415  -0.173365 )	   12.416101
1697	(   0.142086  -0.068387  -0.153732  -0.163209  -0.163314  -0.163295  -0.163409  -0.163332  -0.16339   -0.163288  -0.163328  -0.163313  -0.163416  -0.173365 )	   12.416101
1698	(   0.142086  -0.068387  -0.153733  -0.163209  -0.163314  -0.163295  -0.16341   -0.163332  -0.16339   -0.163288  -0.163328  -0.163313  -0.163416  -0.173365 )	   12.416101
1699	(   0.142086  -0.068387  -0.153733  -0.163209  -0.163314  -0.163295  -0.163409  -0.163332  -0.16339   -0.163288  -0.163328  -0.163313  -0.163416  -0.173365 )	   12.416101
1700	(   0.142086  -0.068387  -0.153732  -0.163209  -0.163314  -0.163295  -0.16341   -0.163332  -0.16339   -0.163288  -0.163328  -0.163313  -0.163415  -0.173365 )	   12.416101
1701	(   0.142086  -0.068387  -0.153732  -0.163209  -0.163314  -0.163295  -0.163409  -0.163332  -0.16339   -0.163288  -0.163328  -0.163313  -0.163415  -0.173365 )	   12.416101
1702	(   0.142086  -0.068387  -0.153733  -0.163209  -0.163314  -0.163295  -0.163409  -0.163332  -0.16339   -0.163288  -0.163328  -0.163313  -0.163416  -0.173365 )	   12.416101
1703	(   0.142086  -0.068387  -0.153732  -0.163209  -0.163314  -0.163295  -0.16341   -0.163332  -0.16339   -0.163288  -0.163328  -0.163313  -0.163415  -0.173365 )	   12.416101
1704	(   0.142086  -0.068387  -0.153732  -0.163209  -0.163314  -0.163295  -0.16341   -0.163332  -0.16339   -0.163288  -0.163328  -0.163313  -0.163415  -0.173365 )	   12.416101
1705	(   0.142086  -0.068387  -0.153733  -0.163209  -0.163314  -0.163295  -0.16341   -0.163332  -0.16339   -0.163288  -0.163328  -0.163313  -0.163416  -0.173365 )	   12.416101
1706	(   0.142086  -0.068387  -0.153733  -0.163209  -0.163314  -0.163295  -0.163409  -0.163332  -0.16339   -0.163288  -0.163328  -0.163313  -0.163416  -0.173365 )	   12.416101
1707	(   0.142086  -0.068387  -0.153733  -0.163209  -0.163314  -0.163295  -0.163409  -0.163332  -0.16339   -0.163288  -0.163328  -0.163313  -0.163415  -0.173365 )	   12.416101
1708	(   0.142086  -0.068387  -0.153732  -0.163209  -0.163314  -0.163295  -0.16341   -0.163332  -0.16339   -0.163288  -0.163328  -0.163313  -0.163415  -0.173365 )	   12.416101
1709	(   0.142086  -0.068387  -0.153733  -0.163209  -0.163314  -0.163295  -0.16341   -0.163332  -0.16339   -0.163288  -0.163328  -0.163313  -0.163415  -0.173365 )	   12.416101
1710	(   0.142086  -0.068387  -0.153732  -0.163209  -0.163314  -0.163295  -0.16341   -0.163332  -0.16339   -0.163288  -0.163328  -0.163313  -0.163416  -0.173365 )	   12.416101
1711	(   0.142086  -0.068387  -0.153732  -0.163209  -0.163314  -0.163295  -0.16341   -0.163332  -0.16339   -0.163288  -0.163328  -0.163313  -0.163416  -0.173365 )	   12.416101
1712	(   0.142086  -0.068387  -0.153732  -0.163209  -0.163314  -0.163295  -0.16341   -0.163332  -0.16339   -0.163288  -0.163328  -0.163313  -0.163415  -0.173365 )	   12.416101
1713	(   0.142086  -0.068387  -0.153732  -0.163209  -0.163314  -0.163295  -0.16341   -0.163332  -0.16339   -0.163288  -0.163328  -0.163313  -0.163415  -0.173365 )	   12.416101
1714	(   0.142086  -0.068387  -0.153732  -0.163209  -0.163314  -0.163295  -0.16341   -0.163332  -0.16339   -0.163288  -0.163328  -0.163313  -0.163415  -0.173365 )	   12.416101
1715	(   0.142086  -0.068387  -0.153732  -0.163209  -0.163314  -0.163295  -0.16341   -0.163332  -0.16339   -0.163288  -0.163328  -0.163313  -0.163415  -0.173365 )	   12.416101
1716	(   0.142086  -0.068387  -0.153732  -0.163209  -0.163314  -0.163295  -0.16341   -0.163332  -0.16339   -0.163288  -0.163328  -0.163313  -0.163415  -0.173365 )	   12.416101
1717	(   0.142086  -0.068387  -0.153732  -0.163209  -0.163314  -0.163295  -0.16341   -0.163332  -0.16339   -0.163288  -0.163328  -0.163313  -0.163415  -0.173365 )	   12.416101
1718	(   0.142086  -0.068387  -0.153732  -0.163209  -0.163314  -0.163295  -0.16341   -0.163332  -0.16339   -0.163288  -0.163328  -0.163313  -0.163415  -0.173365 )	   12.416101
1719	(   0.142086  -0.068387  -0.153732  -0.163209  -0.163314  -0.163295  -0.16341   -0.163332  -0.16339   -0.163288  -0.163328  -0.163313  -0.163416  -0.173365 )	   12.416101
1720	(   0.142086  -0.068387  -0.153732  -0.163209  -0.163314  -0.163295  -0.16341   -0.163332  -0.16339   -0.163288  -0.163328  -0.163313  -0.163415  -0.173365 )	   12.416101
1721	(   0.142086  -0.068387  -0.153732  -0.163209  -0.163314  -0.163295  -0.16341   -0.163332  -0.16339   -0.163288  -0.163328  -0.163313  -0.163415  -0.173365 )	   12.416101
1722	(   0.142086  -0.068387  -0.153732  -0.163209  -0.163314  -0.163295  -0.16341   -0.163332  -0.16339   -0.163288  -0.163328  -0.163313  -0.163415  -0.173365 )	   12.416101
1723	(   0.142086  -0.068387  -0.153732  -0.163209  -0.163314  -0.163295  -0.16341   -0.163332  -0.16339   -0.163288  -0.163328  -0.163313  -0.163415  -0.173365 )	   12.416101

BBE ( SOL ) OBJ
1724	(   0.142086  -0.068387  -0.153732  -0.163209  -0.163314  -0.163295  -0.16341   -0.163332  -0.16339   -0.163288  -0.163328  -0.163313  -0.163415  -0.173365 )	   12.416101
1725	(   0.142086  -0.068387  -0.153732  -0.163209  -0.163314  -0.163295  -0.16341   -0.163332  -0.16339   -0.163288  -0.163328  -0.163313  -0.163415  -0.173365 )	   12.416101
1726	(   0.142086  -0.068387  -0.153732  -0.163209  -0.163314  -0.163295  -0.16341   -0.163332  -0.16339   -0.163288  -0.163328  -0.163313  -0.163416  -0.173365 )	   12.416101
1727	(   0.142086  -0.068387  -0.153732  -0.163209  -0.163314  -0.163295  -0.163409  -0.163332  -0.16339   -0.163288  -0.163328  -0.163313  -0.163415  -0.173365 )	   12.416101
1728	(   0.142086  -0.068387  -0.153732  -0.163209  -0.163314  -0.163295  -0.163409  -0.163332  -0.16339   -0.163288  -0.163328  -0.163313  -0.163415  -0.173365 )	   12.416101
A termination criterion is reached: No termination (all). Mesh minimum precision reached (Algo)

Best feasible solution:     #55570 ( 0.142086 -0.0683872 -0.153732 -0.163209 -0.163314 -0.163295 -0.16341 -0.163332 -0.16339 -0.163288 -0.163328 -0.163313 -0.163415 -0.173365 )	Evaluation OK	 f =  12.416100999999999388  	 h =   0                     

Best infeasible solution:   Undefined.

Blackbox evaluations:         1728
Total model evaluations:      99733
Cache hits:                   47
Total number of evaluations:  1775
